# Blender 3.5.1
# www.blender.org
mtllib MA02_Temp_Sacred_Item_PilarCar_v2.mtl
o DA02_PilarWater_Car_Vehic_Low
v -43.019531 10.321999 27.363094
v -43.019531 10.334018 27.474890
v -43.019531 10.384094 27.442858
v -43.019531 10.387260 27.402187
v -43.019531 10.354356 27.470778
v -43.019531 10.371835 27.459597
v -43.019531 10.389479 27.422819
v -43.019531 10.377740 27.383751
v -43.019531 10.362203 27.369999
v -43.019531 10.342746 27.362789
v -43.019531 10.313568 27.471378
v -43.078293 10.321999 27.363094
v -43.078293 10.334018 27.474890
v -43.078293 10.384094 27.442858
v -43.078293 10.387260 27.402187
v -43.078293 10.354356 27.470778
v -43.078293 10.371835 27.459597
v -43.078293 10.389479 27.422819
v -43.078293 10.377740 27.383751
v -43.078293 10.362203 27.369999
v -43.078293 10.342746 27.362789
v -43.078293 10.313568 27.471378
v -43.078293 10.374739 27.521181
v -43.019531 10.374739 27.521181
v -43.078293 10.409049 27.499233
v -43.019531 10.409049 27.499233
v -43.078293 10.443684 27.427038
v -43.019531 10.443684 27.427038
v -43.078293 10.420641 27.350353
v -43.019531 10.420641 27.350353
v -43.078293 10.390141 27.323359
v -43.019531 10.390141 27.323359
v -43.078293 10.351950 27.309206
v -43.019531 10.351950 27.309206
v -43.078293 10.304364 27.524961
v -43.019531 10.304364 27.524961
v -43.019531 10.334817 27.529253
v -43.019531 10.321200 27.308731
v -43.019531 10.433114 27.466373
v -43.019531 10.439330 27.386543
v -43.078293 10.321200 27.308731
v -43.078293 10.334817 27.529253
v -43.078293 10.433114 27.466373
v -43.078293 10.439330 27.386543
v -43.078293 10.252096 27.466591
v -43.019531 10.252096 27.466591
v -43.019531 10.260528 27.384844
v -43.078293 10.260528 27.384844
v -43.078293 10.242893 27.500927
v -43.019531 10.242893 27.500927
v -43.019531 10.259728 27.347168
v -43.078293 10.259728 27.347168
v -43.078293 10.523694 27.073286
v -43.019531 10.523694 27.073286
v -43.078293 10.498878 27.038237
v -43.019531 10.498878 27.038237
v -43.019531 10.556989 27.110868
v -43.078293 10.556989 27.110868
v -43.078293 10.444891 27.211819
v -43.078293 10.417233 27.180798
v -43.019531 10.417233 27.180798
v -43.019531 10.444891 27.211819
v -43.019531 10.470882 27.248705
v -43.078293 10.470882 27.248705
v -43.078293 10.522871 26.706886
v -43.019531 10.522871 26.706886
v -43.078293 10.498055 26.706886
v -43.019531 10.498055 26.706886
v -43.019531 10.556166 26.706886
v -43.078293 10.556166 26.706886
v -43.078293 10.522871 26.656546
v -43.019531 10.522871 26.656546
v -43.078293 10.498055 26.656546
v -43.019531 10.498055 26.656546
v -43.019531 10.556166 26.656546
v -43.078293 10.556166 26.656546
v -43.078293 10.432077 26.704350
v -43.019531 10.432035 26.704437
v -43.078293 10.472586 26.656546
v -43.019531 10.472586 26.656546
v -43.078293 10.522871 26.696375
v -43.078293 10.498055 26.696375
v -43.019531 10.522871 26.693453
v -43.019531 10.556166 26.694866
v -43.019531 10.498055 26.693453
v -43.078293 10.556166 26.694866
v -43.078293 10.435090 26.693571
v -43.019531 10.435090 26.693571
v -43.078293 10.522871 26.684023
v -43.019531 10.522871 26.682961
v -43.078293 10.556166 26.685593
v -43.078293 10.498055 26.684023
v -43.019531 10.556166 26.685593
v -43.019531 10.498055 26.682961
v -43.078293 10.470087 26.680990
v -43.019531 10.470087 26.680990
v -43.019531 10.246940 27.502508
v -43.019531 10.256144 27.466908
v -43.078293 10.246940 27.502508
v -43.078293 10.256144 27.466908
v -43.078293 10.384459 26.656546
v -43.019531 10.384380 26.656546
v -43.078293 10.399028 26.686169
v -43.019531 10.398960 26.686218
v -43.078293 10.402255 26.656546
v -43.019531 10.402356 26.656546
v -43.078293 10.414452 26.696812
v -43.019531 10.414396 26.696880
v -43.078293 10.404913 26.668381
v -43.078293 10.412347 26.678642
v -43.078293 10.422950 26.687061
v -43.019531 10.422987 26.687046
v -43.019531 10.412417 26.678621
v -43.019531 10.405006 26.668367
v -43.019531 10.388209 26.672613
v -43.078293 10.388286 26.672588
v -43.078293 10.498055 26.705746
v -43.019531 10.556166 26.705582
v -43.019531 10.498055 26.705429
v -43.078293 10.432404 26.703180
v -43.019531 10.432366 26.703259
v -43.078293 10.522871 26.705746
v -43.019531 10.522871 26.705429
v -43.078293 10.556166 26.705582
v -43.019531 10.415328 26.695814
v -43.019531 10.400421 26.685394
v -43.078293 10.415373 26.695753
v -43.019531 10.390032 26.672152
v -43.019531 10.386331 26.656546
v -43.078293 10.400473 26.685352
v -43.078293 10.390090 26.672131
v -43.078293 10.386391 26.656546
v -44.448486 10.321999 27.363094
v -44.448486 10.334018 27.474890
v -44.448486 10.384094 27.442858
v -44.448486 10.387260 27.402187
v -44.448486 10.354356 27.470778
v -44.448486 10.371835 27.459597
v -44.448486 10.389479 27.422819
v -44.448486 10.377740 27.383751
v -44.448486 10.362203 27.369999
v -44.448486 10.342746 27.362789
v -44.448486 10.313568 27.471378
v -44.389725 10.321999 27.363094
v -44.389725 10.334018 27.474890
v -44.389725 10.384094 27.442858
v -44.389725 10.387260 27.402187
v -44.389725 10.354356 27.470778
v -44.389725 10.371835 27.459597
v -44.389725 10.389479 27.422819
v -44.389725 10.377740 27.383751
v -44.389725 10.362203 27.369999
v -44.389725 10.342746 27.362789
v -44.389725 10.313568 27.471378
v -44.389725 10.374739 27.521181
v -44.448486 10.374739 27.521181
v -44.389725 10.409049 27.499233
v -44.448486 10.409049 27.499233
v -44.389725 10.443684 27.427038
v -44.448486 10.443684 27.427038
v -44.389725 10.420641 27.350353
v -44.448486 10.420641 27.350353
v -44.389725 10.390141 27.323359
v -44.448486 10.390141 27.323359
v -44.389725 10.351950 27.309206
v -44.448486 10.351950 27.309206
v -44.389725 10.304364 27.524961
v -44.448486 10.304364 27.524961
v -44.448486 10.334817 27.529253
v -44.448486 10.321200 27.308731
v -44.448486 10.433114 27.466373
v -44.448486 10.439330 27.386543
v -44.389725 10.321200 27.308731
v -44.389725 10.334817 27.529253
v -44.389725 10.433114 27.466373
v -44.389725 10.439330 27.386543
v -44.389725 10.252096 27.466591
v -44.448486 10.252096 27.466591
v -44.448486 10.260528 27.384844
v -44.389725 10.260528 27.384844
v -44.389725 10.242893 27.500927
v -44.448486 10.242893 27.500927
v -44.448486 10.259728 27.347168
v -44.389725 10.259728 27.347168
v -44.389725 10.523694 27.073286
v -44.448486 10.523694 27.073286
v -44.389725 10.498878 27.038237
v -44.448486 10.498878 27.038237
v -44.448486 10.556989 27.110868
v -44.389725 10.556989 27.110868
v -44.389725 10.444891 27.211819
v -44.389725 10.417233 27.180798
v -44.448486 10.417233 27.180798
v -44.448486 10.444891 27.211819
v -44.448486 10.470882 27.248705
v -44.389725 10.470882 27.248705
v -44.389725 10.522871 26.706886
v -44.448486 10.522871 26.706886
v -44.389725 10.498055 26.706886
v -44.448486 10.498055 26.706886
v -44.448486 10.556166 26.706886
v -44.389725 10.556166 26.706886
v -44.389725 10.522871 26.656546
v -44.448486 10.522871 26.656546
v -44.389725 10.498055 26.656546
v -44.448486 10.498055 26.656546
v -44.448486 10.556166 26.656546
v -44.389725 10.556166 26.656546
v -44.389725 10.432077 26.704350
v -44.448486 10.432035 26.704437
v -44.389725 10.472586 26.656546
v -44.448486 10.472586 26.656546
v -44.389725 10.522871 26.696375
v -44.389725 10.498055 26.696375
v -44.448486 10.522871 26.693453
v -44.448486 10.556166 26.694866
v -44.448486 10.498055 26.693453
v -44.389725 10.556166 26.694866
v -44.389725 10.435090 26.693571
v -44.448486 10.435090 26.693571
v -44.389725 10.522871 26.684023
v -44.448486 10.522871 26.682961
v -44.389725 10.556166 26.685593
v -44.389725 10.498055 26.684023
v -44.448486 10.556166 26.685593
v -44.448486 10.498055 26.682961
v -44.389725 10.470087 26.680990
v -44.448486 10.470087 26.680990
v -44.448486 10.246940 27.502508
v -44.448486 10.256144 27.466908
v -44.389725 10.246940 27.502508
v -44.389725 10.256144 27.466908
v -44.389725 10.384459 26.656546
v -44.448486 10.384380 26.656546
v -44.389725 10.399028 26.686169
v -44.448486 10.398960 26.686218
v -44.389725 10.402255 26.656546
v -44.448486 10.402356 26.656546
v -44.389725 10.414452 26.696812
v -44.448486 10.414396 26.696880
v -44.389725 10.404913 26.668381
v -44.389725 10.412347 26.678642
v -44.389725 10.422950 26.687061
v -44.448486 10.422987 26.687046
v -44.448486 10.412417 26.678621
v -44.448486 10.405006 26.668367
v -44.448486 10.388209 26.672613
v -44.389725 10.388286 26.672588
v -44.389725 10.498055 26.705746
v -44.448486 10.556166 26.705582
v -44.448486 10.498055 26.705429
v -44.389725 10.432404 26.703180
v -44.448486 10.432366 26.703259
v -44.389725 10.522871 26.705746
v -44.448486 10.522871 26.705429
v -44.389725 10.556166 26.705582
v -44.448486 10.415328 26.695814
v -44.448486 10.400421 26.685394
v -44.389725 10.415373 26.695753
v -44.448486 10.390032 26.672152
v -44.448486 10.386331 26.656546
v -44.389725 10.400473 26.685352
v -44.389725 10.390090 26.672131
v -44.389725 10.386391 26.656546
v -43.019531 10.321999 25.949997
v -43.019531 10.334018 25.838202
v -43.019531 10.384094 25.870234
v -43.019531 10.387260 25.910904
v -43.019531 10.354356 25.842314
v -43.019531 10.371835 25.853495
v -43.019531 10.389479 25.890272
v -43.019531 10.377740 25.929340
v -43.019531 10.362203 25.943092
v -43.019531 10.342746 25.950302
v -43.019531 10.313568 25.841713
v -43.078293 10.321999 25.949997
v -43.078293 10.334018 25.838202
v -43.078293 10.384094 25.870234
v -43.078293 10.387260 25.910904
v -43.078293 10.354356 25.842314
v -43.078293 10.371835 25.853495
v -43.078293 10.389479 25.890272
v -43.078293 10.377740 25.929340
v -43.078293 10.362203 25.943092
v -43.078293 10.342746 25.950302
v -43.078293 10.313568 25.841713
v -43.078293 10.374739 25.791910
v -43.019531 10.374739 25.791910
v -43.078293 10.409049 25.813858
v -43.019531 10.409049 25.813858
v -43.078293 10.443684 25.886053
v -43.019531 10.443684 25.886053
v -43.078293 10.420641 25.962738
v -43.019531 10.420641 25.962738
v -43.078293 10.390141 25.989733
v -43.019531 10.390141 25.989733
v -43.078293 10.351950 26.003885
v -43.019531 10.351950 26.003885
v -43.078293 10.304364 25.788130
v -43.019531 10.304364 25.788130
v -43.019531 10.334817 25.783838
v -43.019531 10.321200 26.004360
v -43.019531 10.433114 25.846718
v -43.019531 10.439330 25.926548
v -43.078293 10.321200 26.004360
v -43.078293 10.334817 25.783838
v -43.078293 10.433114 25.846718
v -43.078293 10.439330 25.926548
v -43.078293 10.252096 25.846500
v -43.019531 10.252096 25.846500
v -43.019531 10.260528 25.928247
v -43.078293 10.260528 25.928247
v -43.078293 10.242893 25.812164
v -43.019531 10.242893 25.812164
v -43.019531 10.259728 25.965923
v -43.078293 10.259728 25.965923
v -43.078293 10.523694 26.239805
v -43.019531 10.523694 26.239805
v -43.078293 10.498878 26.274855
v -43.019531 10.498878 26.274855
v -43.019531 10.556989 26.202223
v -43.078293 10.556989 26.202223
v -43.078293 10.444891 26.101273
v -43.078293 10.417233 26.132294
v -43.019531 10.417233 26.132294
v -43.019531 10.444891 26.101273
v -43.019531 10.470882 26.064386
v -43.078293 10.470882 26.064386
v -43.078293 10.522871 26.606205
v -43.019531 10.522871 26.606205
v -43.078293 10.498055 26.606205
v -43.019531 10.498055 26.606205
v -43.019531 10.556166 26.606205
v -43.078293 10.556166 26.606205
v -43.078293 10.432077 26.608742
v -43.019531 10.432035 26.608654
v -43.078293 10.522871 26.616716
v -43.078293 10.498055 26.616716
v -43.019531 10.522871 26.619638
v -43.019531 10.556166 26.618225
v -43.019531 10.498055 26.619638
v -43.078293 10.556166 26.618225
v -43.078293 10.435090 26.619520
v -43.019531 10.435090 26.619520
v -43.078293 10.522871 26.629068
v -43.019531 10.522871 26.630131
v -43.078293 10.556166 26.627499
v -43.078293 10.498055 26.629068
v -43.019531 10.556166 26.627499
v -43.019531 10.498055 26.630131
v -43.078293 10.470087 26.632101
v -43.019531 10.470087 26.632101
v -43.019531 10.246940 25.810583
v -43.019531 10.256144 25.846184
v -43.078293 10.246940 25.810583
v -43.078293 10.256144 25.846184
v -43.078293 10.399028 26.626923
v -43.019531 10.398960 26.626873
v -43.078293 10.414452 26.616280
v -43.019531 10.414396 26.616211
v -43.078293 10.404913 26.644711
v -43.078293 10.412347 26.634449
v -43.078293 10.422950 26.626030
v -43.019531 10.422987 26.626045
v -43.019531 10.412417 26.634470
v -43.019531 10.405006 26.644724
v -43.019531 10.388209 26.640478
v -43.078293 10.388286 26.640503
v -43.078293 10.498055 26.607346
v -43.019531 10.556166 26.607510
v -43.019531 10.498055 26.607662
v -43.078293 10.432404 26.609911
v -43.019531 10.432366 26.609833
v -43.078293 10.522871 26.607346
v -43.019531 10.522871 26.607662
v -43.078293 10.556166 26.607510
v -43.019531 10.415328 26.617277
v -43.019531 10.400421 26.627697
v -43.078293 10.415373 26.617338
v -43.019531 10.390032 26.640940
v -43.078293 10.400473 26.627739
v -43.078293 10.390090 26.640961
v -44.448486 10.321999 25.949997
v -44.448486 10.334018 25.838202
v -44.448486 10.384094 25.870234
v -44.448486 10.387260 25.910904
v -44.448486 10.354356 25.842314
v -44.448486 10.371835 25.853495
v -44.448486 10.389479 25.890272
v -44.448486 10.377740 25.929340
v -44.448486 10.362203 25.943092
v -44.448486 10.342746 25.950302
v -44.448486 10.313568 25.841713
v -44.389725 10.321999 25.949997
v -44.389725 10.334018 25.838202
v -44.389725 10.384094 25.870234
v -44.389725 10.387260 25.910904
v -44.389725 10.354356 25.842314
v -44.389725 10.371835 25.853495
v -44.389725 10.389479 25.890272
v -44.389725 10.377740 25.929340
v -44.389725 10.362203 25.943092
v -44.389725 10.342746 25.950302
v -44.389725 10.313568 25.841713
v -44.389725 10.374739 25.791910
v -44.448486 10.374739 25.791910
v -44.389725 10.409049 25.813858
v -44.448486 10.409049 25.813858
v -44.389725 10.443684 25.886053
v -44.448486 10.443684 25.886053
v -44.389725 10.420641 25.962738
v -44.448486 10.420641 25.962738
v -44.389725 10.390141 25.989733
v -44.448486 10.390141 25.989733
v -44.389725 10.351950 26.003885
v -44.448486 10.351950 26.003885
v -44.389725 10.304364 25.788130
v -44.448486 10.304364 25.788130
v -44.448486 10.334817 25.783838
v -44.448486 10.321200 26.004360
v -44.448486 10.433114 25.846718
v -44.448486 10.439330 25.926548
v -44.389725 10.321200 26.004360
v -44.389725 10.334817 25.783838
v -44.389725 10.433114 25.846718
v -44.389725 10.439330 25.926548
v -44.389725 10.252096 25.846500
v -44.448486 10.252096 25.846500
v -44.448486 10.260528 25.928247
v -44.389725 10.260528 25.928247
v -44.389725 10.242893 25.812164
v -44.448486 10.242893 25.812164
v -44.448486 10.259728 25.965923
v -44.389725 10.259728 25.965923
v -44.389725 10.523694 26.239805
v -44.448486 10.523694 26.239805
v -44.389725 10.498878 26.274855
v -44.448486 10.498878 26.274855
v -44.448486 10.556989 26.202223
v -44.389725 10.556989 26.202223
v -44.389725 10.444891 26.101273
v -44.389725 10.417233 26.132294
v -44.448486 10.417233 26.132294
v -44.448486 10.444891 26.101273
v -44.448486 10.470882 26.064386
v -44.389725 10.470882 26.064386
v -44.389725 10.522871 26.606205
v -44.448486 10.522871 26.606205
v -44.389725 10.498055 26.606205
v -44.448486 10.498055 26.606205
v -44.448486 10.556166 26.606205
v -44.389725 10.556166 26.606205
v -44.389725 10.432077 26.608742
v -44.448486 10.432035 26.608654
v -44.389725 10.522871 26.616716
v -44.389725 10.498055 26.616716
v -44.448486 10.522871 26.619638
v -44.448486 10.556166 26.618225
v -44.448486 10.498055 26.619638
v -44.389725 10.556166 26.618225
v -44.389725 10.435090 26.619520
v -44.448486 10.435090 26.619520
v -44.389725 10.522871 26.629068
v -44.448486 10.522871 26.630131
v -44.389725 10.556166 26.627499
v -44.389725 10.498055 26.629068
v -44.448486 10.556166 26.627499
v -44.448486 10.498055 26.630131
v -44.389725 10.470087 26.632101
v -44.448486 10.470087 26.632101
v -44.448486 10.246940 25.810583
v -44.448486 10.256144 25.846184
v -44.389725 10.246940 25.810583
v -44.389725 10.256144 25.846184
v -44.389725 10.399028 26.626923
v -44.448486 10.398960 26.626873
v -44.389725 10.414452 26.616280
v -44.448486 10.414396 26.616211
v -44.389725 10.404913 26.644711
v -44.389725 10.412347 26.634449
v -44.389725 10.422950 26.626030
v -44.448486 10.422987 26.626045
v -44.448486 10.412417 26.634470
v -44.448486 10.405006 26.644724
v -44.448486 10.388209 26.640478
v -44.389725 10.388286 26.640503
v -44.389725 10.498055 26.607346
v -44.448486 10.556166 26.607510
v -44.448486 10.498055 26.607662
v -44.389725 10.432404 26.609911
v -44.448486 10.432366 26.609833
v -44.389725 10.522871 26.607346
v -44.448486 10.522871 26.607662
v -44.389725 10.556166 26.607510
v -44.448486 10.415328 26.617277
v -44.448486 10.400421 26.627697
v -44.389725 10.415373 26.617338
v -44.448486 10.390032 26.640940
v -44.389725 10.400473 26.627739
v -44.389725 10.390090 26.640961
v -42.671516 10.420736 27.421656
v -42.671516 10.420736 27.402534
v -42.699261 10.420736 27.402534
v -42.699261 10.420736 27.421656
v -42.671516 10.261763 27.421656
v -42.671516 10.261763 27.402534
v -42.699261 10.261763 27.402534
v -42.699261 10.261763 27.421656
v -42.699261 10.419316 27.402534
v -42.671516 10.419316 27.402534
v -42.699261 10.419316 27.421656
v -42.671516 10.419316 27.421656
v -42.671516 10.387620 27.402534
v -42.699261 10.387620 27.402534
v -42.699261 10.387620 27.421656
v -42.671516 10.387620 27.421656
v -42.702366 10.395897 27.399792
v -42.702366 10.417208 27.399792
v -42.702366 10.395897 27.424400
v -42.702366 10.417208 27.424400
v -42.668411 10.395897 27.424400
v -42.668411 10.417208 27.424400
v -42.668411 10.417208 27.399792
v -42.668411 10.395897 27.399792
v -44.796501 10.420736 27.421656
v -44.796501 10.420736 27.402534
v -44.768757 10.420736 27.402534
v -44.768757 10.420736 27.421656
v -44.796501 10.261763 27.421656
v -44.796501 10.261763 27.402534
v -44.768757 10.261763 27.402534
v -44.768757 10.261763 27.421656
v -44.768757 10.419316 27.402534
v -44.796501 10.419316 27.402534
v -44.768757 10.419316 27.421656
v -44.796501 10.419316 27.421656
v -44.796501 10.387620 27.402534
v -44.768757 10.387620 27.402534
v -44.768757 10.387620 27.421656
v -44.796501 10.387620 27.421656
v -44.765652 10.395897 27.399792
v -44.765652 10.417208 27.399792
v -44.765652 10.395897 27.424400
v -44.765652 10.417208 27.424400
v -44.799606 10.395897 27.424400
v -44.799606 10.417208 27.424400
v -44.799606 10.417208 27.399792
v -44.799606 10.395897 27.399792
v -42.671516 10.420736 25.891436
v -42.671516 10.420736 25.910557
v -42.699261 10.420736 25.910557
v -42.699261 10.420736 25.891436
v -42.671516 10.261763 25.891436
v -42.671516 10.261763 25.910557
v -42.699261 10.261763 25.910557
v -42.699261 10.261763 25.891436
v -42.699261 10.419316 25.910557
v -42.671516 10.419316 25.910557
v -42.699261 10.419316 25.891436
v -42.671516 10.419316 25.891436
v -42.671516 10.387620 25.910557
v -42.699261 10.387620 25.910557
v -42.699261 10.387620 25.891436
v -42.671516 10.387620 25.891436
v -42.702366 10.395897 25.913300
v -42.702366 10.417208 25.913300
v -42.702366 10.395897 25.888691
v -42.702366 10.417208 25.888691
v -42.668411 10.395897 25.888691
v -42.668411 10.417208 25.888691
v -42.668411 10.417208 25.913300
v -42.668411 10.395897 25.913300
v -44.796501 10.420736 25.891436
v -44.796501 10.420736 25.910557
v -44.768757 10.420736 25.910557
v -44.768757 10.420736 25.891436
v -44.796501 10.261763 25.891436
v -44.796501 10.261763 25.910557
v -44.768757 10.261763 25.910557
v -44.768757 10.261763 25.891436
v -44.768757 10.419316 25.910557
v -44.796501 10.419316 25.910557
v -44.768757 10.419316 25.891436
v -44.796501 10.419316 25.891436
v -44.796501 10.387620 25.910557
v -44.768757 10.387620 25.910557
v -44.768757 10.387620 25.891436
v -44.796501 10.387620 25.891436
v -44.765652 10.395897 25.913300
v -44.765652 10.417208 25.913300
v -44.765652 10.395897 25.888691
v -44.765652 10.417208 25.888691
v -44.799606 10.395897 25.888691
v -44.799606 10.417208 25.888691
v -44.799606 10.417208 25.913300
v -44.799606 10.395897 25.913300
v -42.863510 10.150448 27.318769
v -42.863510 10.198792 27.259487
v -42.863510 10.265285 27.221670
v -42.863510 10.340950 27.210430
v -42.863510 10.415566 27.227280
v -42.863510 10.479056 27.269947
v -42.863510 10.541021 27.406975
v -42.863510 10.522846 27.332668
v -42.863510 10.494499 27.549982
v -42.863510 10.531127 27.482826
v -42.863510 10.436087 27.599373
v -42.863510 10.363775 27.624327
v -42.863510 10.287333 27.621473
v -42.863510 10.217085 27.591198
v -42.863510 10.162516 27.537590
v -42.863510 10.126784 27.391512
v -42.863510 10.130997 27.467892
v -42.749645 10.130997 27.467892
v -42.749645 10.126784 27.391512
v -42.749645 10.162516 27.537590
v -42.749645 10.217085 27.591198
v -42.749645 10.287333 27.621473
v -42.749645 10.363775 27.624327
v -42.749645 10.436087 27.599373
v -42.749645 10.531127 27.482826
v -42.749645 10.494499 27.549982
v -42.749645 10.522846 27.332668
v -42.749645 10.541021 27.406975
v -42.749645 10.479056 27.269947
v -42.749645 10.415566 27.227280
v -42.749645 10.340950 27.210430
v -42.749645 10.265285 27.221670
v -42.749645 10.198792 27.259487
v -42.749645 10.150448 27.318769
v -42.749645 10.035388 27.491278
v -42.749645 10.029184 27.378780
v -42.749645 10.081811 27.593935
v -42.749645 10.162184 27.672892
v -42.749645 10.265652 27.717482
v -42.749645 10.378240 27.721684
v -42.749645 10.484744 27.684931
v -42.749645 10.624726 27.513275
v -42.749645 10.570779 27.612186
v -42.749645 10.612530 27.292114
v -42.749645 10.639298 27.401554
v -42.749645 10.548034 27.199734
v -42.749645 10.454521 27.136890
v -42.749645 10.344622 27.112070
v -42.749645 10.233178 27.128628
v -42.749645 10.135241 27.184326
v -42.749645 10.064037 27.271641
v -42.863510 10.035388 27.491278
v -42.863510 10.029184 27.378780
v -42.863510 10.081811 27.593935
v -42.863510 10.162184 27.672892
v -42.863510 10.265652 27.717482
v -42.863510 10.378240 27.721684
v -42.863510 10.484744 27.684931
v -42.863510 10.624726 27.513275
v -42.863510 10.570779 27.612186
v -42.863510 10.612530 27.292114
v -42.863510 10.639298 27.401554
v -42.863510 10.548034 27.199734
v -42.863510 10.454521 27.136890
v -42.863510 10.344622 27.112070
v -42.863510 10.233178 27.128628
v -42.863510 10.135241 27.184326
v -42.863510 10.064037 27.271641
v -42.758717 10.135241 27.184326
v -42.758717 10.233178 27.128628
v -42.758717 10.064037 27.271641
v -42.758717 10.035388 27.491278
v -42.758717 10.029184 27.378780
v -42.758717 10.081811 27.593935
v -42.758717 10.639298 27.401554
v -42.758717 10.624726 27.513275
v -42.758717 10.162184 27.672892
v -42.758717 10.570779 27.612186
v -42.758717 10.484744 27.684931
v -42.758717 10.265652 27.717482
v -42.758717 10.378240 27.721684
v -42.758717 10.612530 27.292114
v -42.758717 10.548034 27.199734
v -42.758717 10.454521 27.136890
v -42.758717 10.344622 27.112070
v -42.749645 10.121350 27.470251
v -42.749645 10.116937 27.390228
v -42.749645 10.154373 27.543276
v -42.749645 10.211545 27.599442
v -42.749645 10.285146 27.631159
v -42.749645 10.365234 27.634150
v -42.749645 10.440995 27.608006
v -42.749645 10.540570 27.485899
v -42.749645 10.502196 27.556259
v -42.749645 10.531895 27.328577
v -42.749645 10.550937 27.406427
v -42.749645 10.486016 27.262863
v -42.749645 10.419497 27.218161
v -42.749645 10.341320 27.200506
v -42.749645 10.262046 27.212284
v -42.749645 10.192379 27.251904
v -42.749645 10.141729 27.314014
v -42.863510 10.548593 27.406557
v -42.863510 10.538338 27.485172
v -42.863510 10.500376 27.554775
v -42.863510 10.439835 27.605963
v -42.863510 10.364890 27.631826
v -42.863510 10.285664 27.628868
v -42.863510 10.212855 27.597492
v -42.863510 10.156299 27.541931
v -42.863510 10.123631 27.469692
v -42.863510 10.119266 27.390532
v -42.863510 10.143791 27.315138
v -42.863510 10.193895 27.253696
v -42.863510 10.262812 27.214502
v -42.863510 10.341233 27.202852
v -42.863510 10.418568 27.220318
v -42.863510 10.484370 27.264538
v -42.863510 10.529755 27.329544
v -42.854378 10.233178 27.128628
v -42.854378 10.029184 27.378780
v -42.854378 10.624726 27.513275
v -42.854378 10.484744 27.684931
v -42.854378 10.135241 27.184326
v -42.854378 10.064037 27.271641
v -42.854378 10.035388 27.491278
v -42.854378 10.081811 27.593935
v -42.854378 10.639298 27.401554
v -42.854378 10.162184 27.672892
v -42.854378 10.570779 27.612186
v -42.854378 10.265652 27.717482
v -42.854378 10.378240 27.721684
v -42.854378 10.612530 27.292114
v -42.854378 10.548034 27.199734
v -42.854378 10.454521 27.136890
v -42.854378 10.344622 27.112070
v -44.604507 10.150448 27.318769
v -44.604507 10.198792 27.259487
v -44.604507 10.265285 27.221670
v -44.604507 10.340950 27.210430
v -44.604507 10.415566 27.227280
v -44.604507 10.479056 27.269947
v -44.604507 10.541021 27.406975
v -44.604507 10.522846 27.332668
v -44.604507 10.494499 27.549982
v -44.604507 10.531127 27.482826
v -44.604507 10.436087 27.599373
v -44.604507 10.363775 27.624327
v -44.604507 10.287333 27.621473
v -44.604507 10.217085 27.591198
v -44.604507 10.162516 27.537590
v -44.604507 10.126784 27.391512
v -44.604507 10.130997 27.467892
v -44.718372 10.130997 27.467892
v -44.718372 10.126784 27.391512
v -44.718372 10.162516 27.537590
v -44.718372 10.217085 27.591198
v -44.718372 10.287333 27.621473
v -44.718372 10.363775 27.624327
v -44.718372 10.436087 27.599373
v -44.718372 10.531127 27.482826
v -44.718372 10.494499 27.549982
v -44.718372 10.522846 27.332668
v -44.718372 10.541021 27.406975
v -44.718372 10.479056 27.269947
v -44.718372 10.415566 27.227280
v -44.718372 10.340950 27.210430
v -44.718372 10.265285 27.221670
v -44.718372 10.198792 27.259487
v -44.718372 10.150448 27.318769
v -44.718372 10.035388 27.491278
v -44.718372 10.029184 27.378780
v -44.718372 10.081811 27.593935
v -44.718372 10.162184 27.672892
v -44.718372 10.265652 27.717482
v -44.718372 10.378240 27.721684
v -44.718372 10.484744 27.684931
v -44.718372 10.624726 27.513275
v -44.718372 10.570779 27.612186
v -44.718372 10.612530 27.292114
v -44.718372 10.639298 27.401554
v -44.718372 10.548034 27.199734
v -44.718372 10.454521 27.136890
v -44.718372 10.344622 27.112070
v -44.718372 10.233178 27.128628
v -44.718372 10.135241 27.184326
v -44.718372 10.064037 27.271641
v -44.604507 10.035388 27.491278
v -44.604507 10.029184 27.378780
v -44.604507 10.081811 27.593935
v -44.604507 10.162184 27.672892
v -44.604507 10.265652 27.717482
v -44.604507 10.378240 27.721684
v -44.604507 10.484744 27.684931
v -44.604507 10.624726 27.513275
v -44.604507 10.570779 27.612186
v -44.604507 10.612530 27.292114
v -44.604507 10.639298 27.401554
v -44.604507 10.548034 27.199734
v -44.604507 10.454521 27.136890
v -44.604507 10.344622 27.112070
v -44.604507 10.233178 27.128628
v -44.604507 10.135241 27.184326
v -44.604507 10.064037 27.271641
v -44.709301 10.135241 27.184326
v -44.709301 10.233178 27.128628
v -44.709301 10.064037 27.271641
v -44.709301 10.035388 27.491278
v -44.709301 10.029184 27.378780
v -44.709301 10.081811 27.593935
v -44.709301 10.639298 27.401554
v -44.709301 10.624726 27.513275
v -44.709301 10.162184 27.672892
v -44.709301 10.570779 27.612186
v -44.709301 10.484744 27.684931
v -44.709301 10.265652 27.717482
v -44.709301 10.378240 27.721684
v -44.709301 10.612530 27.292114
v -44.709301 10.548034 27.199734
v -44.709301 10.454521 27.136890
v -44.709301 10.344622 27.112070
v -44.718372 10.121350 27.470251
v -44.718372 10.116937 27.390228
v -44.718372 10.154373 27.543276
v -44.718372 10.211545 27.599442
v -44.718372 10.285146 27.631159
v -44.718372 10.365234 27.634150
v -44.718372 10.440995 27.608006
v -44.718372 10.540570 27.485899
v -44.718372 10.502196 27.556259
v -44.718372 10.531895 27.328577
v -44.718372 10.550937 27.406427
v -44.718372 10.486016 27.262863
v -44.718372 10.419497 27.218161
v -44.718372 10.341320 27.200506
v -44.718372 10.262046 27.212284
v -44.718372 10.192379 27.251904
v -44.718372 10.141729 27.314014
v -44.604507 10.548593 27.406557
v -44.604507 10.538338 27.485172
v -44.604507 10.500376 27.554775
v -44.604507 10.439835 27.605963
v -44.604507 10.364890 27.631826
v -44.604507 10.285664 27.628868
v -44.604507 10.212855 27.597492
v -44.604507 10.156299 27.541931
v -44.604507 10.123631 27.469692
v -44.604507 10.119266 27.390532
v -44.604507 10.143791 27.315138
v -44.604507 10.193895 27.253696
v -44.604507 10.262812 27.214502
v -44.604507 10.341233 27.202852
v -44.604507 10.418568 27.220318
v -44.604507 10.484370 27.264538
v -44.604507 10.529755 27.329544
v -44.613640 10.233178 27.128628
v -44.613640 10.029184 27.378780
v -44.613640 10.624726 27.513275
v -44.613640 10.484744 27.684931
v -44.613640 10.135241 27.184326
v -44.613640 10.064037 27.271641
v -44.613640 10.035388 27.491278
v -44.613640 10.081811 27.593935
v -44.613640 10.639298 27.401554
v -44.613640 10.162184 27.672892
v -44.613640 10.570779 27.612186
v -44.613640 10.265652 27.717482
v -44.613640 10.378240 27.721684
v -44.613640 10.612530 27.292114
v -44.613640 10.548034 27.199734
v -44.613640 10.454521 27.136890
v -44.613640 10.344622 27.112070
v -42.863510 10.150448 25.994322
v -42.863510 10.198792 26.053604
v -42.863510 10.265285 26.091421
v -42.863510 10.340950 26.102661
v -42.863510 10.415566 26.085812
v -42.863510 10.479056 26.043144
v -42.863510 10.541021 25.906116
v -42.863510 10.522846 25.980423
v -42.863510 10.494499 25.763109
v -42.863510 10.531127 25.830265
v -42.863510 10.436087 25.713718
v -42.863510 10.363775 25.688765
v -42.863510 10.287333 25.691618
v -42.863510 10.217085 25.721893
v -42.863510 10.162516 25.775501
v -42.863510 10.126784 25.921579
v -42.863510 10.130997 25.845200
v -42.749645 10.130997 25.845200
v -42.749645 10.126784 25.921579
v -42.749645 10.162516 25.775501
v -42.749645 10.217085 25.721893
v -42.749645 10.287333 25.691618
v -42.749645 10.363775 25.688765
v -42.749645 10.436087 25.713718
v -42.749645 10.531127 25.830265
v -42.749645 10.494499 25.763109
v -42.749645 10.522846 25.980423
v -42.749645 10.541021 25.906116
v -42.749645 10.479056 26.043144
v -42.749645 10.415566 26.085812
v -42.749645 10.340950 26.102661
v -42.749645 10.265285 26.091421
v -42.749645 10.198792 26.053604
v -42.749645 10.150448 25.994322
v -42.749645 10.035388 25.821814
v -42.749645 10.029184 25.934311
v -42.749645 10.081811 25.719156
v -42.749645 10.162184 25.640200
v -42.749645 10.265652 25.595610
v -42.749645 10.378240 25.591408
v -42.749645 10.484744 25.628160
v -42.749645 10.624726 25.799816
v -42.749645 10.570779 25.700905
v -42.749645 10.612530 26.020977
v -42.749645 10.639298 25.911537
v -42.749645 10.548034 26.113358
v -42.749645 10.454521 26.176201
v -42.749645 10.344622 26.201021
v -42.749645 10.233178 26.184464
v -42.749645 10.135241 26.128765
v -42.749645 10.064037 26.041451
v -42.863510 10.035388 25.821814
v -42.863510 10.029184 25.934311
v -42.863510 10.081811 25.719156
v -42.863510 10.162184 25.640200
v -42.863510 10.265652 25.595610
v -42.863510 10.378240 25.591408
v -42.863510 10.484744 25.628160
v -42.863510 10.624726 25.799816
v -42.863510 10.570779 25.700905
v -42.863510 10.612530 26.020977
v -42.863510 10.639298 25.911537
v -42.863510 10.548034 26.113358
v -42.863510 10.454521 26.176201
v -42.863510 10.344622 26.201021
v -42.863510 10.233178 26.184464
v -42.863510 10.135241 26.128765
v -42.863510 10.064037 26.041451
v -42.758717 10.135241 26.128765
v -42.758717 10.233178 26.184464
v -42.758717 10.064037 26.041451
v -42.758717 10.035388 25.821814
v -42.758717 10.029184 25.934311
v -42.758717 10.081811 25.719156
v -42.758717 10.639298 25.911537
v -42.758717 10.624726 25.799816
v -42.758717 10.162184 25.640200
v -42.758717 10.570779 25.700905
v -42.758717 10.484744 25.628160
v -42.758717 10.265652 25.595610
v -42.758717 10.378240 25.591408
v -42.758717 10.612530 26.020977
v -42.758717 10.548034 26.113358
v -42.758717 10.454521 26.176201
v -42.758717 10.344622 26.201021
v -42.749645 10.121350 25.842840
v -42.749645 10.116937 25.922863
v -42.749645 10.154373 25.769815
v -42.749645 10.211545 25.713650
v -42.749645 10.285146 25.681932
v -42.749645 10.365234 25.678942
v -42.749645 10.440995 25.705086
v -42.749645 10.540570 25.827192
v -42.749645 10.502196 25.756832
v -42.749645 10.531895 25.984514
v -42.749645 10.550937 25.906664
v -42.749645 10.486016 26.050228
v -42.749645 10.419497 26.094931
v -42.749645 10.341320 26.112585
v -42.749645 10.262046 26.100807
v -42.749645 10.192379 26.061188
v -42.749645 10.141729 25.999077
v -42.863510 10.548593 25.906534
v -42.863510 10.538338 25.827919
v -42.863510 10.500376 25.758316
v -42.863510 10.439835 25.707129
v -42.863510 10.364890 25.681265
v -42.863510 10.285664 25.684223
v -42.863510 10.212855 25.715599
v -42.863510 10.156299 25.771160
v -42.863510 10.123631 25.843399
v -42.863510 10.119266 25.922560
v -42.863510 10.143791 25.997953
v -42.863510 10.193895 26.059395
v -42.863510 10.262812 26.098589
v -42.863510 10.341233 26.110239
v -42.863510 10.418568 26.092773
v -42.863510 10.484370 26.048553
v -42.863510 10.529755 25.983547
v -42.854378 10.233178 26.184464
v -42.854378 10.029184 25.934311
v -42.854378 10.624726 25.799816
v -42.854378 10.484744 25.628160
v -42.854378 10.135241 26.128765
v -42.854378 10.064037 26.041451
v -42.854378 10.035388 25.821814
v -42.854378 10.081811 25.719156
v -42.854378 10.639298 25.911537
v -42.854378 10.162184 25.640200
v -42.854378 10.570779 25.700905
v -42.854378 10.265652 25.595610
v -42.854378 10.378240 25.591408
v -42.854378 10.612530 26.020977
v -42.854378 10.548034 26.113358
v -42.854378 10.454521 26.176201
v -42.854378 10.344622 26.201021
v -44.604507 10.150448 25.994322
v -44.604507 10.198792 26.053604
v -44.604507 10.265285 26.091421
v -44.604507 10.340950 26.102661
v -44.604507 10.415566 26.085812
v -44.604507 10.479056 26.043144
v -44.604507 10.541021 25.906116
v -44.604507 10.522846 25.980423
v -44.604507 10.494499 25.763109
v -44.604507 10.531127 25.830265
v -44.604507 10.436087 25.713718
v -44.604507 10.363775 25.688765
v -44.604507 10.287333 25.691618
v -44.604507 10.217085 25.721893
v -44.604507 10.162516 25.775501
v -44.604507 10.126784 25.921579
v -44.604507 10.130997 25.845200
v -44.718372 10.130997 25.845200
v -44.718372 10.126784 25.921579
v -44.718372 10.162516 25.775501
v -44.718372 10.217085 25.721893
v -44.718372 10.287333 25.691618
v -44.718372 10.363775 25.688765
v -44.718372 10.436087 25.713718
v -44.718372 10.531127 25.830265
v -44.718372 10.494499 25.763109
v -44.718372 10.522846 25.980423
v -44.718372 10.541021 25.906116
v -44.718372 10.479056 26.043144
v -44.718372 10.415566 26.085812
v -44.718372 10.340950 26.102661
v -44.718372 10.265285 26.091421
v -44.718372 10.198792 26.053604
v -44.718372 10.150448 25.994322
v -44.718372 10.035388 25.821814
v -44.718372 10.029184 25.934311
v -44.718372 10.081811 25.719156
v -44.718372 10.162184 25.640200
v -44.718372 10.265652 25.595610
v -44.718372 10.378240 25.591408
v -44.718372 10.484744 25.628160
v -44.718372 10.624726 25.799816
v -44.718372 10.570779 25.700905
v -44.718372 10.612530 26.020977
v -44.718372 10.639298 25.911537
v -44.718372 10.548034 26.113358
v -44.718372 10.454521 26.176201
v -44.718372 10.344622 26.201021
v -44.718372 10.233178 26.184464
v -44.718372 10.135241 26.128765
v -44.718372 10.064037 26.041451
v -44.604507 10.035388 25.821814
v -44.604507 10.029184 25.934311
v -44.604507 10.081811 25.719156
v -44.604507 10.162184 25.640200
v -44.604507 10.265652 25.595610
v -44.604507 10.378240 25.591408
v -44.604507 10.484744 25.628160
v -44.604507 10.624726 25.799816
v -44.604507 10.570779 25.700905
v -44.604507 10.612530 26.020977
v -44.604507 10.639298 25.911537
v -44.604507 10.548034 26.113358
v -44.604507 10.454521 26.176201
v -44.604507 10.344622 26.201021
v -44.604507 10.233178 26.184464
v -44.604507 10.135241 26.128765
v -44.604507 10.064037 26.041451
v -44.709301 10.135241 26.128765
v -44.709301 10.233178 26.184464
v -44.709301 10.064037 26.041451
v -44.709301 10.035388 25.821814
v -44.709301 10.029184 25.934311
v -44.709301 10.081811 25.719156
v -44.709301 10.639298 25.911537
v -44.709301 10.624726 25.799816
v -44.709301 10.162184 25.640200
v -44.709301 10.570779 25.700905
v -44.709301 10.484744 25.628160
v -44.709301 10.265652 25.595610
v -44.709301 10.378240 25.591408
v -44.709301 10.612530 26.020977
v -44.709301 10.548034 26.113358
v -44.709301 10.454521 26.176201
v -44.709301 10.344622 26.201021
v -44.718372 10.121350 25.842840
v -44.718372 10.116937 25.922863
v -44.718372 10.154373 25.769815
v -44.718372 10.211545 25.713650
v -44.718372 10.285146 25.681932
v -44.718372 10.365234 25.678942
v -44.718372 10.440995 25.705086
v -44.718372 10.540570 25.827192
v -44.718372 10.502196 25.756832
v -44.718372 10.531895 25.984514
v -44.718372 10.550937 25.906664
v -44.718372 10.486016 26.050228
v -44.718372 10.419497 26.094931
v -44.718372 10.341320 26.112585
v -44.718372 10.262046 26.100807
v -44.718372 10.192379 26.061188
v -44.718372 10.141729 25.999077
v -44.604507 10.548593 25.906534
v -44.604507 10.538338 25.827919
v -44.604507 10.500376 25.758316
v -44.604507 10.439835 25.707129
v -44.604507 10.364890 25.681265
v -44.604507 10.285664 25.684223
v -44.604507 10.212855 25.715599
v -44.604507 10.156299 25.771160
v -44.604507 10.123631 25.843399
v -44.604507 10.119266 25.922560
v -44.604507 10.143791 25.997953
v -44.604507 10.193895 26.059395
v -44.604507 10.262812 26.098589
v -44.604507 10.341233 26.110239
v -44.604507 10.418568 26.092773
v -44.604507 10.484370 26.048553
v -44.604507 10.529755 25.983547
v -44.613640 10.233178 26.184464
v -44.613640 10.029184 25.934311
v -44.613640 10.624726 25.799816
v -44.613640 10.484744 25.628160
v -44.613640 10.135241 26.128765
v -44.613640 10.064037 26.041451
v -44.613640 10.035388 25.821814
v -44.613640 10.081811 25.719156
v -44.613640 10.639298 25.911537
v -44.613640 10.162184 25.640200
v -44.613640 10.570779 25.700905
v -44.613640 10.265652 25.595610
v -44.613640 10.378240 25.591408
v -44.613640 10.612530 26.020977
v -44.613640 10.548034 26.113358
v -44.613640 10.454521 26.176201
v -44.613640 10.344622 26.201021
v -42.849438 10.125398 27.389681
v -42.849438 10.125398 27.459120
v -42.767063 10.125398 27.459120
v -42.767063 10.125398 27.389681
v -42.767063 10.546497 27.389681
v -42.767063 10.546497 27.459120
v -42.849438 10.546497 27.389681
v -42.849438 10.546497 27.459120
v -42.849438 10.134967 27.389681
v -42.767063 10.134967 27.389681
v -42.767063 10.134967 27.459120
v -42.849438 10.134967 27.459120
v -42.849438 10.207144 27.272156
v -42.767063 10.207144 27.272156
v -42.767063 10.267042 27.237030
v -42.849438 10.267042 27.237030
v -42.849438 10.428576 27.649744
v -42.849438 10.488475 27.614616
v -42.767063 10.428576 27.649744
v -42.767063 10.488475 27.614616
v -42.767063 10.242109 27.194515
v -42.767063 10.182211 27.229641
v -42.849438 10.182211 27.229641
v -42.849438 10.242109 27.194515
v -42.849438 10.336556 27.424145
v -42.767063 10.336556 27.424145
v -42.849438 10.486884 27.226482
v -42.849438 10.426374 27.192419
v -42.767063 10.486884 27.226482
v -42.767063 10.426374 27.192419
v -42.767063 10.187477 27.616814
v -42.767063 10.247987 27.650875
v -42.849438 10.247987 27.650875
v -42.849438 10.187477 27.616814
v -42.767063 10.397130 27.459120
v -42.767063 10.397130 27.389681
v -42.767063 10.335610 27.353777
v -42.767063 10.276355 27.459120
v -42.767063 10.276355 27.389681
v -42.767063 10.336422 27.493771
v -42.849438 10.397130 27.459120
v -42.849438 10.336422 27.493771
v -42.849438 10.335610 27.353777
v -42.849438 10.397130 27.389681
v -42.849438 10.276355 27.389681
v -42.849438 10.276355 27.459120
v -42.849438 10.383589 27.451256
v -42.849438 10.336458 27.478159
v -42.849438 10.335740 27.369532
v -42.849438 10.383589 27.397457
v -42.849438 10.289896 27.397308
v -42.849438 10.289896 27.451298
v -42.767063 10.383961 27.451473
v -42.767063 10.383961 27.397243
v -42.767063 10.335736 27.369099
v -42.767063 10.289523 27.451513
v -42.767063 10.289523 27.397099
v -42.767063 10.336457 27.478588
v -42.844021 10.125398 27.389681
v -42.844021 10.125398 27.459120
v -42.844021 10.546497 27.459120
v -42.844021 10.546497 27.389681
v -42.844021 10.134967 27.459120
v -42.844021 10.134967 27.389681
v -42.844021 10.267042 27.237030
v -42.844021 10.207144 27.272156
v -42.844021 10.397130 27.389681
v -42.844021 10.488475 27.614616
v -42.844021 10.428576 27.649744
v -42.844021 10.182211 27.229641
v -42.844021 10.242109 27.194515
v -42.844021 10.397130 27.459120
v -42.844021 10.336422 27.493771
v -42.844021 10.426374 27.192419
v -42.844021 10.486884 27.226482
v -42.844021 10.247987 27.650875
v -42.844021 10.187477 27.616814
v -42.844021 10.276355 27.459120
v -42.844021 10.276355 27.389681
v -42.844021 10.335610 27.353777
v -44.618580 10.125398 27.389681
v -44.618580 10.125398 27.459120
v -44.700954 10.125398 27.459120
v -44.700954 10.125398 27.389681
v -44.700954 10.546497 27.389681
v -44.700954 10.546497 27.459120
v -44.618580 10.546497 27.389681
v -44.618580 10.546497 27.459120
v -44.618580 10.134967 27.389681
v -44.700954 10.134967 27.389681
v -44.700954 10.134967 27.459120
v -44.618580 10.134967 27.459120
v -44.618580 10.207144 27.272156
v -44.700954 10.207144 27.272156
v -44.700954 10.267042 27.237030
v -44.618580 10.267042 27.237030
v -44.618580 10.428576 27.649744
v -44.618580 10.488475 27.614616
v -44.700954 10.428576 27.649744
v -44.700954 10.488475 27.614616
v -44.700954 10.242109 27.194515
v -44.700954 10.182211 27.229641
v -44.618580 10.182211 27.229641
v -44.618580 10.242109 27.194515
v -44.618580 10.336556 27.424145
v -44.700954 10.336556 27.424145
v -44.618580 10.486884 27.226482
v -44.618580 10.426374 27.192419
v -44.700954 10.486884 27.226482
v -44.700954 10.426374 27.192419
v -44.700954 10.187477 27.616814
v -44.700954 10.247987 27.650875
v -44.618580 10.247987 27.650875
v -44.618580 10.187477 27.616814
v -44.700954 10.397130 27.459120
v -44.700954 10.397130 27.389681
v -44.700954 10.335610 27.353777
v -44.700954 10.276355 27.459120
v -44.700954 10.276355 27.389681
v -44.700954 10.336422 27.493771
v -44.618580 10.397130 27.459120
v -44.618580 10.336422 27.493771
v -44.618580 10.335610 27.353777
v -44.618580 10.397130 27.389681
v -44.618580 10.276355 27.389681
v -44.618580 10.276355 27.459120
v -44.618580 10.383589 27.451256
v -44.618580 10.336458 27.478159
v -44.618580 10.335740 27.369532
v -44.618580 10.383589 27.397457
v -44.618580 10.289896 27.397308
v -44.618580 10.289896 27.451298
v -44.700954 10.383961 27.451473
v -44.700954 10.383961 27.397243
v -44.700954 10.335736 27.369099
v -44.700954 10.289523 27.451513
v -44.700954 10.289523 27.397099
v -44.700954 10.336457 27.478588
v -44.623997 10.125398 27.389681
v -44.623997 10.125398 27.459120
v -44.623997 10.546497 27.459120
v -44.623997 10.546497 27.389681
v -44.623997 10.134967 27.459120
v -44.623997 10.134967 27.389681
v -44.623997 10.267042 27.237030
v -44.623997 10.207144 27.272156
v -44.623997 10.397130 27.389681
v -44.623997 10.488475 27.614616
v -44.623997 10.428576 27.649744
v -44.623997 10.182211 27.229641
v -44.623997 10.242109 27.194515
v -44.623997 10.397130 27.459120
v -44.623997 10.336422 27.493771
v -44.623997 10.426374 27.192419
v -44.623997 10.486884 27.226482
v -44.623997 10.247987 27.650875
v -44.623997 10.187477 27.616814
v -44.623997 10.276355 27.459120
v -44.623997 10.276355 27.389681
v -44.623997 10.335610 27.353777
v -42.849438 10.125398 25.923410
v -42.849438 10.125398 25.853971
v -42.767063 10.125398 25.853971
v -42.767063 10.125398 25.923410
v -42.767063 10.546497 25.923410
v -42.767063 10.546497 25.853971
v -42.849438 10.546497 25.923410
v -42.849438 10.546497 25.853971
v -42.849438 10.134967 25.923410
v -42.767063 10.134967 25.923410
v -42.767063 10.134967 25.853971
v -42.849438 10.134967 25.853971
v -42.849438 10.207144 26.040936
v -42.767063 10.207144 26.040936
v -42.767063 10.267042 26.076061
v -42.849438 10.267042 26.076061
v -42.849438 10.428576 25.663347
v -42.849438 10.488475 25.698475
v -42.767063 10.428576 25.663347
v -42.767063 10.488475 25.698475
v -42.767063 10.242109 26.118576
v -42.767063 10.182211 26.083450
v -42.849438 10.182211 26.083450
v -42.849438 10.242109 26.118576
v -42.849438 10.336556 25.888947
v -42.767063 10.336556 25.888947
v -42.849438 10.486884 26.086609
v -42.849438 10.426374 26.120672
v -42.767063 10.486884 26.086609
v -42.767063 10.426374 26.120672
v -42.767063 10.187477 25.696278
v -42.767063 10.247987 25.662216
v -42.849438 10.247987 25.662216
v -42.849438 10.187477 25.696278
v -42.767063 10.397130 25.853971
v -42.767063 10.397130 25.923410
v -42.767063 10.335610 25.959314
v -42.767063 10.276355 25.853971
v -42.767063 10.276355 25.923410
v -42.767063 10.336422 25.819321
v -42.849438 10.397130 25.853971
v -42.849438 10.336422 25.819321
v -42.849438 10.335610 25.959314
v -42.849438 10.397130 25.923410
v -42.849438 10.276355 25.923410
v -42.849438 10.276355 25.853971
v -42.849438 10.383589 25.861835
v -42.849438 10.336458 25.834932
v -42.849438 10.335740 25.943560
v -42.849438 10.383589 25.915634
v -42.849438 10.289896 25.915783
v -42.849438 10.289896 25.861794
v -42.767063 10.383961 25.861618
v -42.767063 10.383961 25.915848
v -42.767063 10.335736 25.943993
v -42.767063 10.289523 25.861578
v -42.767063 10.289523 25.915993
v -42.767063 10.336457 25.834503
v -42.844021 10.125398 25.923410
v -42.844021 10.125398 25.853971
v -42.844021 10.546497 25.853971
v -42.844021 10.546497 25.923410
v -42.844021 10.134967 25.853971
v -42.844021 10.134967 25.923410
v -42.844021 10.267042 26.076061
v -42.844021 10.207144 26.040936
v -42.844021 10.397130 25.923410
v -42.844021 10.488475 25.698475
v -42.844021 10.428576 25.663347
v -42.844021 10.182211 26.083450
v -42.844021 10.242109 26.118576
v -42.844021 10.397130 25.853971
v -42.844021 10.336422 25.819321
v -42.844021 10.426374 26.120672
v -42.844021 10.486884 26.086609
v -42.844021 10.247987 25.662216
v -42.844021 10.187477 25.696278
v -42.844021 10.276355 25.853971
v -42.844021 10.276355 25.923410
v -42.844021 10.335610 25.959314
v -44.618580 10.125398 25.923410
v -44.618580 10.125398 25.853971
v -44.700954 10.125398 25.853971
v -44.700954 10.125398 25.923410
v -44.700954 10.546497 25.923410
v -44.700954 10.546497 25.853971
v -44.618580 10.546497 25.923410
v -44.618580 10.546497 25.853971
v -44.618580 10.134967 25.923410
v -44.700954 10.134967 25.923410
v -44.700954 10.134967 25.853971
v -44.618580 10.134967 25.853971
v -44.618580 10.207144 26.040936
v -44.700954 10.207144 26.040936
v -44.700954 10.267042 26.076061
v -44.618580 10.267042 26.076061
v -44.618580 10.428576 25.663347
v -44.618580 10.488475 25.698475
v -44.700954 10.428576 25.663347
v -44.700954 10.488475 25.698475
v -44.700954 10.242109 26.118576
v -44.700954 10.182211 26.083450
v -44.618580 10.182211 26.083450
v -44.618580 10.242109 26.118576
v -44.618580 10.336556 25.888947
v -44.700954 10.336556 25.888947
v -44.618580 10.486884 26.086609
v -44.618580 10.426374 26.120672
v -44.700954 10.486884 26.086609
v -44.700954 10.426374 26.120672
v -44.700954 10.187477 25.696278
v -44.700954 10.247987 25.662216
v -44.618580 10.247987 25.662216
v -44.618580 10.187477 25.696278
v -44.700954 10.397130 25.853971
v -44.700954 10.397130 25.923410
v -44.700954 10.335610 25.959314
v -44.700954 10.276355 25.853971
v -44.700954 10.276355 25.923410
v -44.700954 10.336422 25.819321
v -44.618580 10.397130 25.853971
v -44.618580 10.336422 25.819321
v -44.618580 10.335610 25.959314
v -44.618580 10.397130 25.923410
v -44.618580 10.276355 25.923410
v -44.618580 10.276355 25.853971
v -44.618580 10.383589 25.861835
v -44.618580 10.336458 25.834932
v -44.618580 10.335740 25.943560
v -44.618580 10.383589 25.915634
v -44.618580 10.289896 25.915783
v -44.618580 10.289896 25.861794
v -44.700954 10.383961 25.861618
v -44.700954 10.383961 25.915848
v -44.700954 10.335736 25.943993
v -44.700954 10.289523 25.861578
v -44.700954 10.289523 25.915993
v -44.700954 10.336457 25.834503
v -44.623997 10.125398 25.923410
v -44.623997 10.125398 25.853971
v -44.623997 10.546497 25.853971
v -44.623997 10.546497 25.923410
v -44.623997 10.134967 25.853971
v -44.623997 10.134967 25.923410
v -44.623997 10.267042 26.076061
v -44.623997 10.207144 26.040936
v -44.623997 10.397130 25.923410
v -44.623997 10.488475 25.698475
v -44.623997 10.428576 25.663347
v -44.623997 10.182211 26.083450
v -44.623997 10.242109 26.118576
v -44.623997 10.397130 25.853971
v -44.623997 10.336422 25.819321
v -44.623997 10.426374 26.120672
v -44.623997 10.486884 26.086609
v -44.623997 10.247987 25.662216
v -44.623997 10.187477 25.696278
v -44.623997 10.276355 25.853971
v -44.623997 10.276355 25.923410
v -44.623997 10.335610 25.959314
v -42.760899 10.333188 27.418797
v -42.703766 10.333188 27.418797
v -42.710739 10.228916 27.342434
v -42.710739 10.263542 27.309923
v -42.710739 10.421652 27.513018
v -42.710739 10.381641 27.538612
v -42.710739 10.208372 27.385258
v -42.710739 10.462041 27.428829
v -42.710739 10.449716 27.474699
v -42.710739 10.204685 27.432611
v -42.710739 10.435170 27.339403
v -42.710739 10.456964 27.381605
v -42.710739 10.218353 27.478098
v -42.710739 10.399604 27.307924
v -42.710739 10.247530 27.515577
v -42.710739 10.355066 27.291418
v -42.710739 10.288276 27.539986
v -42.710739 10.307575 27.292116
v -42.710739 10.335087 27.548025
v -42.893303 10.333188 27.418797
v -42.853512 10.253209 27.460098
v -42.853512 10.243690 27.428417
v -42.853512 10.273530 27.486200
v -42.853512 10.301908 27.503201
v -42.853512 10.334511 27.508801
v -42.853512 10.366935 27.502245
v -42.853512 10.394801 27.484419
v -42.853512 10.422930 27.425783
v -42.853512 10.414346 27.457731
v -42.853512 10.404216 27.363501
v -42.853512 10.419394 27.392893
v -42.853512 10.379444 27.341578
v -42.853512 10.348426 27.330082
v -42.853512 10.315350 27.330568
v -42.853512 10.284682 27.342970
v -42.853512 10.260566 27.365612
v -42.853512 10.246258 27.395437
v -42.858368 10.260566 27.365612
v -42.858368 10.284682 27.342970
v -42.858368 10.394801 27.484419
v -42.858368 10.366935 27.502245
v -42.858368 10.246258 27.395437
v -42.858368 10.422930 27.425783
v -42.858368 10.414346 27.457731
v -42.858368 10.243690 27.428417
v -42.858368 10.404216 27.363501
v -42.858368 10.419394 27.392893
v -42.858368 10.253209 27.460098
v -42.858368 10.379444 27.341578
v -42.858368 10.273530 27.486200
v -42.858368 10.348426 27.330082
v -42.858368 10.301908 27.503201
v -42.858368 10.315350 27.330568
v -42.858368 10.334511 27.508801
v -42.703766 10.218353 27.478098
v -42.703766 10.204685 27.432611
v -42.703766 10.247530 27.515577
v -42.703766 10.288276 27.539986
v -42.703766 10.335087 27.548025
v -42.703766 10.381641 27.538612
v -42.703766 10.421652 27.513018
v -42.703766 10.462041 27.428829
v -42.703766 10.449716 27.474699
v -42.703766 10.435170 27.339403
v -42.703766 10.456964 27.381605
v -42.703766 10.399604 27.307924
v -42.703766 10.355066 27.291418
v -42.703766 10.307575 27.292116
v -42.703766 10.263542 27.309923
v -42.703766 10.228916 27.342434
v -42.703766 10.208372 27.385258
v -42.703766 10.242119 27.465826
v -42.703766 10.231279 27.429752
v -42.703766 10.265258 27.495548
v -42.703766 10.297570 27.514904
v -42.703766 10.334694 27.521280
v -42.703766 10.371614 27.513815
v -42.703766 10.403343 27.493519
v -42.703766 10.435373 27.426752
v -42.703766 10.425599 27.463129
v -42.703766 10.414063 27.355833
v -42.703766 10.431347 27.389301
v -42.703766 10.385858 27.330870
v -42.703766 10.350538 27.317781
v -42.703766 10.312876 27.318335
v -42.703766 10.277956 27.332455
v -42.703766 10.250496 27.358238
v -42.703766 10.234203 27.392199
v -42.893303 10.253209 27.460098
v -42.893303 10.243690 27.428417
v -42.893303 10.273530 27.486200
v -42.893303 10.301908 27.503201
v -42.893303 10.334511 27.508801
v -42.893303 10.366935 27.502245
v -42.893303 10.394801 27.484419
v -42.893303 10.422930 27.425783
v -42.893303 10.414346 27.457731
v -42.893303 10.404216 27.363501
v -42.893303 10.419394 27.392893
v -42.893303 10.379444 27.341578
v -42.893303 10.348426 27.330082
v -42.893303 10.315350 27.330568
v -42.893303 10.284682 27.342970
v -42.893303 10.260566 27.365612
v -42.893303 10.246258 27.395437
v -42.893303 10.266905 27.453026
v -42.893303 10.259016 27.426769
v -42.893303 10.283747 27.474659
v -42.893303 10.307264 27.488747
v -42.893303 10.334284 27.493387
v -42.893303 10.361156 27.487955
v -42.893303 10.384250 27.473181
v -42.893303 10.407562 27.424587
v -42.893303 10.400448 27.451063
v -42.893303 10.392053 27.372971
v -42.893303 10.404632 27.397329
v -42.893303 10.371523 27.354801
v -42.893303 10.345817 27.345274
v -42.893303 10.318404 27.345676
v -42.893303 10.292989 27.355955
v -42.893303 10.273003 27.374720
v -42.893303 10.261145 27.399437
v -42.760899 10.218353 27.478098
v -42.760899 10.204685 27.432611
v -42.760899 10.247530 27.515577
v -42.760899 10.288276 27.539986
v -42.760899 10.335087 27.548025
v -42.760899 10.381641 27.538612
v -42.760899 10.421652 27.513018
v -42.760899 10.462041 27.428829
v -42.760899 10.449716 27.474699
v -42.760899 10.435170 27.339403
v -42.760899 10.456964 27.381605
v -42.760899 10.399604 27.307924
v -42.760899 10.355066 27.291418
v -42.760899 10.307575 27.292116
v -42.760899 10.263542 27.309923
v -42.760899 10.228916 27.342434
v -42.760899 10.208372 27.385258
v -42.760899 10.241039 27.466383
v -42.760899 10.230072 27.429882
v -42.760899 10.264453 27.496456
v -42.760899 10.297149 27.516043
v -42.760899 10.334711 27.522495
v -42.760899 10.372068 27.514942
v -42.760899 10.404175 27.494404
v -42.760899 10.436584 27.426847
v -42.760899 10.426694 27.463654
v -42.760899 10.415023 27.355087
v -42.760899 10.432510 27.388952
v -42.760899 10.386482 27.329828
v -42.760899 10.350744 27.316584
v -42.760899 10.312635 27.317142
v -42.760899 10.277302 27.331432
v -42.760899 10.249516 27.357519
v -42.760899 10.233030 27.391884
v -44.707119 10.333188 27.418797
v -44.764252 10.333188 27.418797
v -44.757278 10.228916 27.342434
v -44.757278 10.263542 27.309923
v -44.757278 10.421652 27.513018
v -44.757278 10.381641 27.538612
v -44.757278 10.208372 27.385258
v -44.757278 10.462041 27.428829
v -44.757278 10.449716 27.474699
v -44.757278 10.204685 27.432611
v -44.757278 10.435170 27.339403
v -44.757278 10.456964 27.381605
v -44.757278 10.218353 27.478098
v -44.757278 10.399604 27.307924
v -44.757278 10.247530 27.515577
v -44.757278 10.355066 27.291418
v -44.757278 10.288276 27.539986
v -44.757278 10.307575 27.292116
v -44.757278 10.335087 27.548025
v -44.574715 10.333188 27.418797
v -44.614506 10.253209 27.460098
v -44.614506 10.243690 27.428417
v -44.614506 10.273530 27.486200
v -44.614506 10.301908 27.503201
v -44.614506 10.334511 27.508801
v -44.614506 10.366935 27.502245
v -44.614506 10.394801 27.484419
v -44.614506 10.422930 27.425783
v -44.614506 10.414346 27.457731
v -44.614506 10.404216 27.363501
v -44.614506 10.419394 27.392893
v -44.614506 10.379444 27.341578
v -44.614506 10.348426 27.330082
v -44.614506 10.315350 27.330568
v -44.614506 10.284682 27.342970
v -44.614506 10.260566 27.365612
v -44.614506 10.246258 27.395437
v -44.609650 10.260566 27.365612
v -44.609650 10.284682 27.342970
v -44.609650 10.394801 27.484419
v -44.609650 10.366935 27.502245
v -44.609650 10.246258 27.395437
v -44.609650 10.422930 27.425783
v -44.609650 10.414346 27.457731
v -44.609650 10.243690 27.428417
v -44.609650 10.404216 27.363501
v -44.609650 10.419394 27.392893
v -44.609650 10.253209 27.460098
v -44.609650 10.379444 27.341578
v -44.609650 10.273530 27.486200
v -44.609650 10.348426 27.330082
v -44.609650 10.301908 27.503201
v -44.609650 10.315350 27.330568
v -44.609650 10.334511 27.508801
v -44.764252 10.218353 27.478098
v -44.764252 10.204685 27.432611
v -44.764252 10.247530 27.515577
v -44.764252 10.288276 27.539986
v -44.764252 10.335087 27.548025
v -44.764252 10.381641 27.538612
v -44.764252 10.421652 27.513018
v -44.764252 10.462041 27.428829
v -44.764252 10.449716 27.474699
v -44.764252 10.435170 27.339403
v -44.764252 10.456964 27.381605
v -44.764252 10.399604 27.307924
v -44.764252 10.355066 27.291418
v -44.764252 10.307575 27.292116
v -44.764252 10.263542 27.309923
v -44.764252 10.228916 27.342434
v -44.764252 10.208372 27.385258
v -44.764252 10.242119 27.465826
v -44.764252 10.231279 27.429752
v -44.764252 10.265258 27.495548
v -44.764252 10.297570 27.514904
v -44.764252 10.334694 27.521280
v -44.764252 10.371614 27.513815
v -44.764252 10.403343 27.493519
v -44.764252 10.435373 27.426752
v -44.764252 10.425599 27.463129
v -44.764252 10.414063 27.355833
v -44.764252 10.431347 27.389301
v -44.764252 10.385858 27.330870
v -44.764252 10.350538 27.317781
v -44.764252 10.312876 27.318335
v -44.764252 10.277956 27.332455
v -44.764252 10.250496 27.358238
v -44.764252 10.234203 27.392199
v -44.574715 10.253209 27.460098
v -44.574715 10.243690 27.428417
v -44.574715 10.273530 27.486200
v -44.574715 10.301908 27.503201
v -44.574715 10.334511 27.508801
v -44.574715 10.366935 27.502245
v -44.574715 10.394801 27.484419
v -44.574715 10.422930 27.425783
v -44.574715 10.414346 27.457731
v -44.574715 10.404216 27.363501
v -44.574715 10.419394 27.392893
v -44.574715 10.379444 27.341578
v -44.574715 10.348426 27.330082
v -44.574715 10.315350 27.330568
v -44.574715 10.284682 27.342970
v -44.574715 10.260566 27.365612
v -44.574715 10.246258 27.395437
v -44.574715 10.266905 27.453026
v -44.574715 10.259016 27.426769
v -44.574715 10.283747 27.474659
v -44.574715 10.307264 27.488747
v -44.574715 10.334284 27.493387
v -44.574715 10.361156 27.487955
v -44.574715 10.384250 27.473181
v -44.574715 10.407562 27.424587
v -44.574715 10.400448 27.451063
v -44.574715 10.392053 27.372971
v -44.574715 10.404632 27.397329
v -44.574715 10.371523 27.354801
v -44.574715 10.345817 27.345274
v -44.574715 10.318404 27.345676
v -44.574715 10.292989 27.355955
v -44.574715 10.273003 27.374720
v -44.574715 10.261145 27.399437
v -44.707119 10.218353 27.478098
v -44.707119 10.204685 27.432611
v -44.707119 10.247530 27.515577
v -44.707119 10.288276 27.539986
v -44.707119 10.335087 27.548025
v -44.707119 10.381641 27.538612
v -44.707119 10.421652 27.513018
v -44.707119 10.462041 27.428829
v -44.707119 10.449716 27.474699
v -44.707119 10.435170 27.339403
v -44.707119 10.456964 27.381605
v -44.707119 10.399604 27.307924
v -44.707119 10.355066 27.291418
v -44.707119 10.307575 27.292116
v -44.707119 10.263542 27.309923
v -44.707119 10.228916 27.342434
v -44.707119 10.208372 27.385258
v -44.707119 10.241039 27.466383
v -44.707119 10.230072 27.429882
v -44.707119 10.264453 27.496456
v -44.707119 10.297149 27.516043
v -44.707119 10.334711 27.522495
v -44.707119 10.372068 27.514942
v -44.707119 10.404175 27.494404
v -44.707119 10.436584 27.426847
v -44.707119 10.426694 27.463654
v -44.707119 10.415023 27.355087
v -44.707119 10.432510 27.388952
v -44.707119 10.386482 27.329828
v -44.707119 10.350744 27.316584
v -44.707119 10.312635 27.317142
v -44.707119 10.277302 27.331432
v -44.707119 10.249516 27.357519
v -44.707119 10.233030 27.391884
v -42.760899 10.333188 25.894295
v -42.703766 10.333188 25.894295
v -42.710739 10.228916 25.970657
v -42.710739 10.263542 26.003168
v -42.710739 10.421652 25.800074
v -42.710739 10.381641 25.774479
v -42.710739 10.208372 25.927834
v -42.710739 10.462041 25.884262
v -42.710739 10.449716 25.838392
v -42.710739 10.204685 25.880480
v -42.710739 10.435170 25.973688
v -42.710739 10.456964 25.931486
v -42.710739 10.218353 25.834993
v -42.710739 10.399604 26.005167
v -42.710739 10.247530 25.797514
v -42.710739 10.355066 26.021673
v -42.710739 10.288276 25.773106
v -42.710739 10.307575 26.020975
v -42.710739 10.335087 25.765066
v -42.893303 10.333188 25.894295
v -42.853512 10.253209 25.852993
v -42.853512 10.243690 25.884674
v -42.853512 10.273530 25.826891
v -42.853512 10.301908 25.809891
v -42.853512 10.334511 25.804291
v -42.853512 10.366935 25.810846
v -42.853512 10.394801 25.828672
v -42.853512 10.422930 25.887308
v -42.853512 10.414346 25.855360
v -42.853512 10.404216 25.949591
v -42.853512 10.419394 25.920198
v -42.853512 10.379444 25.971514
v -42.853512 10.348426 25.983009
v -42.853512 10.315350 25.982523
v -42.853512 10.284682 25.970121
v -42.853512 10.260566 25.947479
v -42.853512 10.246258 25.917654
v -42.858368 10.260566 25.947479
v -42.858368 10.284682 25.970121
v -42.858368 10.394801 25.828672
v -42.858368 10.366935 25.810846
v -42.858368 10.246258 25.917654
v -42.858368 10.422930 25.887308
v -42.858368 10.414346 25.855360
v -42.858368 10.243690 25.884674
v -42.858368 10.404216 25.949591
v -42.858368 10.419394 25.920198
v -42.858368 10.253209 25.852993
v -42.858368 10.379444 25.971514
v -42.858368 10.273530 25.826891
v -42.858368 10.348426 25.983009
v -42.858368 10.301908 25.809891
v -42.858368 10.315350 25.982523
v -42.858368 10.334511 25.804291
v -42.703766 10.218353 25.834993
v -42.703766 10.204685 25.880480
v -42.703766 10.247530 25.797514
v -42.703766 10.288276 25.773106
v -42.703766 10.335087 25.765066
v -42.703766 10.381641 25.774479
v -42.703766 10.421652 25.800074
v -42.703766 10.462041 25.884262
v -42.703766 10.449716 25.838392
v -42.703766 10.435170 25.973688
v -42.703766 10.456964 25.931486
v -42.703766 10.399604 26.005167
v -42.703766 10.355066 26.021673
v -42.703766 10.307575 26.020975
v -42.703766 10.263542 26.003168
v -42.703766 10.228916 25.970657
v -42.703766 10.208372 25.927834
v -42.703766 10.242119 25.847265
v -42.703766 10.231279 25.883339
v -42.703766 10.265258 25.817543
v -42.703766 10.297570 25.798187
v -42.703766 10.334694 25.791811
v -42.703766 10.371614 25.799276
v -42.703766 10.403343 25.819572
v -42.703766 10.435373 25.886339
v -42.703766 10.425599 25.849962
v -42.703766 10.414063 25.957258
v -42.703766 10.431347 25.923790
v -42.703766 10.385858 25.982222
v -42.703766 10.350538 25.995310
v -42.703766 10.312876 25.994757
v -42.703766 10.277956 25.980637
v -42.703766 10.250496 25.954853
v -42.703766 10.234203 25.920893
v -42.893303 10.253209 25.852993
v -42.893303 10.243690 25.884674
v -42.893303 10.273530 25.826891
v -42.893303 10.301908 25.809891
v -42.893303 10.334511 25.804291
v -42.893303 10.366935 25.810846
v -42.893303 10.394801 25.828672
v -42.893303 10.422930 25.887308
v -42.893303 10.414346 25.855360
v -42.893303 10.404216 25.949591
v -42.893303 10.419394 25.920198
v -42.893303 10.379444 25.971514
v -42.893303 10.348426 25.983009
v -42.893303 10.315350 25.982523
v -42.893303 10.284682 25.970121
v -42.893303 10.260566 25.947479
v -42.893303 10.246258 25.917654
v -42.893303 10.266905 25.860065
v -42.893303 10.259016 25.886322
v -42.893303 10.283747 25.838432
v -42.893303 10.307264 25.824345
v -42.893303 10.334284 25.819704
v -42.893303 10.361156 25.825136
v -42.893303 10.384250 25.839911
v -42.893303 10.407562 25.888504
v -42.893303 10.400448 25.862028
v -42.893303 10.392053 25.940121
v -42.893303 10.404632 25.915762
v -42.893303 10.371523 25.958290
v -42.893303 10.345817 25.967817
v -42.893303 10.318404 25.967415
v -42.893303 10.292989 25.957136
v -42.893303 10.273003 25.938372
v -42.893303 10.261145 25.913654
v -42.760899 10.218353 25.834993
v -42.760899 10.204685 25.880480
v -42.760899 10.247530 25.797514
v -42.760899 10.288276 25.773106
v -42.760899 10.335087 25.765066
v -42.760899 10.381641 25.774479
v -42.760899 10.421652 25.800074
v -42.760899 10.462041 25.884262
v -42.760899 10.449716 25.838392
v -42.760899 10.435170 25.973688
v -42.760899 10.456964 25.931486
v -42.760899 10.399604 26.005167
v -42.760899 10.355066 26.021673
v -42.760899 10.307575 26.020975
v -42.760899 10.263542 26.003168
v -42.760899 10.228916 25.970657
v -42.760899 10.208372 25.927834
v -42.760899 10.241039 25.846708
v -42.760899 10.230072 25.883209
v -42.760899 10.264453 25.816635
v -42.760899 10.297149 25.797049
v -42.760899 10.334711 25.790596
v -42.760899 10.372068 25.798149
v -42.760899 10.404175 25.818687
v -42.760899 10.436584 25.886244
v -42.760899 10.426694 25.849438
v -42.760899 10.415023 25.958004
v -42.760899 10.432510 25.924139
v -42.760899 10.386482 25.983263
v -42.760899 10.350744 25.996508
v -42.760899 10.312635 25.995949
v -42.760899 10.277302 25.981659
v -42.760899 10.249516 25.955572
v -42.760899 10.233030 25.921207
v -44.707119 10.333188 25.894295
v -44.764252 10.333188 25.894295
v -44.757278 10.228916 25.970657
v -44.757278 10.263542 26.003168
v -44.757278 10.421652 25.800074
v -44.757278 10.381641 25.774479
v -44.757278 10.208372 25.927834
v -44.757278 10.462041 25.884262
v -44.757278 10.449716 25.838392
v -44.757278 10.204685 25.880480
v -44.757278 10.435170 25.973688
v -44.757278 10.456964 25.931486
v -44.757278 10.218353 25.834993
v -44.757278 10.399604 26.005167
v -44.757278 10.247530 25.797514
v -44.757278 10.355066 26.021673
v -44.757278 10.288276 25.773106
v -44.757278 10.307575 26.020975
v -44.757278 10.335087 25.765066
v -44.574715 10.333188 25.894295
v -44.614506 10.253209 25.852993
v -44.614506 10.243690 25.884674
v -44.614506 10.273530 25.826891
v -44.614506 10.301908 25.809891
v -44.614506 10.334511 25.804291
v -44.614506 10.366935 25.810846
v -44.614506 10.394801 25.828672
v -44.614506 10.422930 25.887308
v -44.614506 10.414346 25.855360
v -44.614506 10.404216 25.949591
v -44.614506 10.419394 25.920198
v -44.614506 10.379444 25.971514
v -44.614506 10.348426 25.983009
v -44.614506 10.315350 25.982523
v -44.614506 10.284682 25.970121
v -44.614506 10.260566 25.947479
v -44.614506 10.246258 25.917654
v -44.609650 10.260566 25.947479
v -44.609650 10.284682 25.970121
v -44.609650 10.394801 25.828672
v -44.609650 10.366935 25.810846
v -44.609650 10.246258 25.917654
v -44.609650 10.422930 25.887308
v -44.609650 10.414346 25.855360
v -44.609650 10.243690 25.884674
v -44.609650 10.404216 25.949591
v -44.609650 10.419394 25.920198
v -44.609650 10.253209 25.852993
v -44.609650 10.379444 25.971514
v -44.609650 10.273530 25.826891
v -44.609650 10.348426 25.983009
v -44.609650 10.301908 25.809891
v -44.609650 10.315350 25.982523
v -44.609650 10.334511 25.804291
v -44.764252 10.218353 25.834993
v -44.764252 10.204685 25.880480
v -44.764252 10.247530 25.797514
v -44.764252 10.288276 25.773106
v -44.764252 10.335087 25.765066
v -44.764252 10.381641 25.774479
v -44.764252 10.421652 25.800074
v -44.764252 10.462041 25.884262
v -44.764252 10.449716 25.838392
v -44.764252 10.435170 25.973688
v -44.764252 10.456964 25.931486
v -44.764252 10.399604 26.005167
v -44.764252 10.355066 26.021673
v -44.764252 10.307575 26.020975
v -44.764252 10.263542 26.003168
v -44.764252 10.228916 25.970657
v -44.764252 10.208372 25.927834
v -44.764252 10.242119 25.847265
v -44.764252 10.231279 25.883339
v -44.764252 10.265258 25.817543
v -44.764252 10.297570 25.798187
v -44.764252 10.334694 25.791811
v -44.764252 10.371614 25.799276
v -44.764252 10.403343 25.819572
v -44.764252 10.435373 25.886339
v -44.764252 10.425599 25.849962
v -44.764252 10.414063 25.957258
v -44.764252 10.431347 25.923790
v -44.764252 10.385858 25.982222
v -44.764252 10.350538 25.995310
v -44.764252 10.312876 25.994757
v -44.764252 10.277956 25.980637
v -44.764252 10.250496 25.954853
v -44.764252 10.234203 25.920893
v -44.574715 10.253209 25.852993
v -44.574715 10.243690 25.884674
v -44.574715 10.273530 25.826891
v -44.574715 10.301908 25.809891
v -44.574715 10.334511 25.804291
v -44.574715 10.366935 25.810846
v -44.574715 10.394801 25.828672
v -44.574715 10.422930 25.887308
v -44.574715 10.414346 25.855360
v -44.574715 10.404216 25.949591
v -44.574715 10.419394 25.920198
v -44.574715 10.379444 25.971514
v -44.574715 10.348426 25.983009
v -44.574715 10.315350 25.982523
v -44.574715 10.284682 25.970121
v -44.574715 10.260566 25.947479
v -44.574715 10.246258 25.917654
v -44.574715 10.266905 25.860065
v -44.574715 10.259016 25.886322
v -44.574715 10.283747 25.838432
v -44.574715 10.307264 25.824345
v -44.574715 10.334284 25.819704
v -44.574715 10.361156 25.825136
v -44.574715 10.384250 25.839911
v -44.574715 10.407562 25.888504
v -44.574715 10.400448 25.862028
v -44.574715 10.392053 25.940121
v -44.574715 10.404632 25.915762
v -44.574715 10.371523 25.958290
v -44.574715 10.345817 25.967817
v -44.574715 10.318404 25.967415
v -44.574715 10.292989 25.957136
v -44.574715 10.273003 25.938372
v -44.574715 10.261145 25.913654
v -44.707119 10.218353 25.834993
v -44.707119 10.204685 25.880480
v -44.707119 10.247530 25.797514
v -44.707119 10.288276 25.773106
v -44.707119 10.335087 25.765066
v -44.707119 10.381641 25.774479
v -44.707119 10.421652 25.800074
v -44.707119 10.462041 25.884262
v -44.707119 10.449716 25.838392
v -44.707119 10.435170 25.973688
v -44.707119 10.456964 25.931486
v -44.707119 10.399604 26.005167
v -44.707119 10.355066 26.021673
v -44.707119 10.307575 26.020975
v -44.707119 10.263542 26.003168
v -44.707119 10.228916 25.970657
v -44.707119 10.208372 25.927834
v -44.707119 10.241039 25.846708
v -44.707119 10.230072 25.883209
v -44.707119 10.264453 25.816635
v -44.707119 10.297149 25.797049
v -44.707119 10.334711 25.790596
v -44.707119 10.372068 25.798149
v -44.707119 10.404175 25.818687
v -44.707119 10.436584 25.886244
v -44.707119 10.426694 25.849438
v -44.707119 10.415023 25.958004
v -44.707119 10.432510 25.924139
v -44.707119 10.386482 25.983263
v -44.707119 10.350744 25.996508
v -44.707119 10.312635 25.995949
v -44.707119 10.277302 25.981659
v -44.707119 10.249516 25.955572
v -44.707119 10.233030 25.921207
v -42.619541 10.333188 27.418436
v -43.734009 10.389479 27.422819
v -43.734009 10.277051 27.424471
v -43.734009 10.371835 27.459597
v -43.734009 10.354356 27.470778
v -43.734009 10.334018 27.474890
v -43.734009 10.313568 27.471378
v -43.734009 10.295768 27.460714
v -43.734009 10.283022 27.444342
v -43.734009 10.278662 27.403784
v -43.734009 10.387260 27.402187
v -43.734009 10.287636 27.385077
v -43.734009 10.302763 27.370872
v -43.734009 10.321999 27.363094
v -43.734009 10.342746 27.362789
v -43.734009 10.362203 27.369999
v -43.734009 10.377740 27.383751
v -43.734009 10.384094 27.442858
v -42.619541 10.286581 27.423447
v -42.619541 10.291538 27.439943
v -42.619541 10.302120 27.453537
v -42.619541 10.316898 27.462391
v -42.619541 10.333877 27.465307
v -42.619541 10.350762 27.461893
v -42.619541 10.365274 27.452610
v -42.619541 10.375452 27.438711
v -42.619541 10.379923 27.422073
v -42.619541 10.378081 27.404945
v -42.619541 10.370177 27.389639
v -42.619541 10.357277 27.378222
v -42.619541 10.341124 27.372236
v -42.619541 10.323898 27.372490
v -42.619541 10.307928 27.378948
v -42.619541 10.295369 27.390739
v -42.619541 10.287918 27.406271
v -42.671040 10.302763 27.370872
v -42.671040 10.321999 27.363094
v -42.671040 10.354356 27.470778
v -42.671040 10.334018 27.474890
v -42.671040 10.287636 27.385077
v -42.671040 10.371835 27.459597
v -42.671040 10.278662 27.403784
v -42.671040 10.389479 27.422819
v -42.671040 10.384094 27.442858
v -42.671040 10.277051 27.424471
v -42.671040 10.377740 27.383751
v -42.671040 10.387260 27.402187
v -42.671040 10.283022 27.444342
v -42.671040 10.362203 27.369999
v -42.671040 10.295768 27.460714
v -42.671040 10.342746 27.362789
v -42.671040 10.313568 27.471378
v -42.629322 10.302763 27.370872
v -42.629322 10.354356 27.470778
v -42.629322 10.287636 27.385077
v -42.629322 10.371835 27.459597
v -42.629322 10.389479 27.422819
v -42.629322 10.377740 27.383751
v -42.629322 10.283022 27.444342
v -42.629322 10.362203 27.369999
v -42.629322 10.295768 27.460714
v -42.629322 10.342746 27.362789
v -42.629322 10.313568 27.471378
v -42.629322 10.321999 27.363094
v -42.629322 10.334018 27.474890
v -42.629322 10.384094 27.442858
v -42.629322 10.387260 27.402187
v -42.625519 10.277051 27.424471
v -42.619541 10.283097 27.423820
v -42.619541 10.288425 27.441551
v -42.625519 10.283022 27.444342
v -42.619541 10.299799 27.456161
v -42.625519 10.295768 27.460714
v -42.619541 10.315681 27.465675
v -42.625519 10.313568 27.471378
v -42.619541 10.333928 27.468809
v -42.625519 10.334018 27.474890
v -42.619541 10.352076 27.465139
v -42.625519 10.354356 27.470778
v -42.619541 10.367672 27.455164
v -42.625519 10.371835 27.459597
v -42.625519 10.384094 27.442858
v -42.619541 10.378611 27.440226
v -42.619541 10.383415 27.422346
v -42.625519 10.389479 27.422819
v -42.625519 10.387260 27.402187
v -42.619541 10.381436 27.403938
v -42.619541 10.372941 27.387487
v -42.625519 10.377740 27.383751
v -42.619541 10.359077 27.375217
v -42.625519 10.362203 27.369999
v -42.619541 10.341717 27.368784
v -42.625519 10.342746 27.362789
v -42.619541 10.323204 27.369055
v -42.625519 10.321999 27.363094
v -42.619541 10.306041 27.375996
v -42.625519 10.302763 27.370872
v -42.619541 10.292542 27.388670
v -42.625519 10.287636 27.385077
v -42.619541 10.284534 27.405361
v -42.625519 10.278662 27.403784
v -42.703098 10.321999 27.363094
v -42.703098 10.334018 27.474890
v -42.703098 10.384094 27.442858
v -42.703098 10.387260 27.402187
v -42.703098 10.302763 27.370872
v -42.703098 10.354356 27.470778
v -42.703098 10.287636 27.385077
v -42.703098 10.371835 27.459597
v -42.703098 10.278662 27.403784
v -42.703098 10.389479 27.422819
v -42.703098 10.277051 27.424471
v -42.703098 10.377740 27.383751
v -42.703098 10.283022 27.444342
v -42.703098 10.362203 27.369999
v -42.703098 10.295768 27.460714
v -42.703098 10.342746 27.362789
v -42.703098 10.313568 27.471378
v -42.629723 10.278331 27.424452
v -42.629723 10.279898 27.403765
v -42.971611 10.321999 27.363094
v -42.971611 10.334018 27.474890
v -42.971611 10.384094 27.442858
v -42.971611 10.387260 27.402187
v -42.971611 10.302763 27.370872
v -42.971611 10.354356 27.470778
v -42.971611 10.287636 27.385077
v -42.971611 10.371835 27.459597
v -42.971611 10.278662 27.403784
v -42.971611 10.389479 27.422819
v -42.971611 10.277051 27.424471
v -42.971611 10.377740 27.383751
v -42.971611 10.283022 27.444342
v -42.971611 10.362203 27.369999
v -42.971611 10.295768 27.460714
v -42.971611 10.342746 27.362789
v -42.971611 10.313568 27.471378
v -43.056015 10.321999 27.363094
v -43.056015 10.334018 27.474890
v -43.056015 10.384094 27.442858
v -43.056015 10.387260 27.402187
v -43.056015 10.302763 27.370872
v -43.056015 10.354356 27.470778
v -43.056015 10.287636 27.385077
v -43.056015 10.371835 27.459597
v -43.056015 10.278662 27.403784
v -43.056015 10.389479 27.422819
v -43.056015 10.277051 27.424471
v -43.056015 10.377740 27.383751
v -43.056015 10.283022 27.444342
v -43.056015 10.362203 27.369999
v -43.056015 10.295768 27.460714
v -43.056015 10.342746 27.362789
v -43.056015 10.313568 27.471378
v -44.848476 10.333188 27.418436
v -44.848476 10.286581 27.423447
v -44.848476 10.291538 27.439943
v -44.848476 10.302120 27.453537
v -44.848476 10.316898 27.462391
v -44.848476 10.333877 27.465307
v -44.848476 10.350762 27.461893
v -44.848476 10.365274 27.452610
v -44.848476 10.375452 27.438711
v -44.848476 10.379923 27.422073
v -44.848476 10.378081 27.404945
v -44.848476 10.370177 27.389639
v -44.848476 10.357277 27.378222
v -44.848476 10.341124 27.372236
v -44.848476 10.323898 27.372490
v -44.848476 10.307928 27.378948
v -44.848476 10.295369 27.390739
v -44.848476 10.287918 27.406271
v -44.796978 10.302763 27.370872
v -44.796978 10.321999 27.363094
v -44.796978 10.354356 27.470778
v -44.796978 10.334018 27.474890
v -44.796978 10.287636 27.385077
v -44.796978 10.371835 27.459597
v -44.796978 10.278662 27.403784
v -44.796978 10.389479 27.422819
v -44.796978 10.384094 27.442858
v -44.796978 10.277051 27.424471
v -44.796978 10.377740 27.383751
v -44.796978 10.387260 27.402187
v -44.796978 10.283022 27.444342
v -44.796978 10.362203 27.369999
v -44.796978 10.295768 27.460714
v -44.796978 10.342746 27.362789
v -44.796978 10.313568 27.471378
v -44.838696 10.302763 27.370872
v -44.838696 10.354356 27.470778
v -44.838696 10.287636 27.385077
v -44.838696 10.371835 27.459597
v -44.838696 10.389479 27.422819
v -44.838696 10.377740 27.383751
v -44.838696 10.283022 27.444342
v -44.838696 10.362203 27.369999
v -44.838696 10.295768 27.460714
v -44.838696 10.342746 27.362789
v -44.838696 10.313568 27.471378
v -44.838696 10.321999 27.363094
v -44.838696 10.334018 27.474890
v -44.838696 10.384094 27.442858
v -44.838696 10.387260 27.402187
v -44.842499 10.277051 27.424471
v -44.848476 10.283097 27.423820
v -44.848476 10.288425 27.441551
v -44.842499 10.283022 27.444342
v -44.848476 10.299799 27.456161
v -44.842499 10.295768 27.460714
v -44.848476 10.315681 27.465675
v -44.842499 10.313568 27.471378
v -44.848476 10.333928 27.468809
v -44.842499 10.334018 27.474890
v -44.848476 10.352076 27.465139
v -44.842499 10.354356 27.470778
v -44.848476 10.367672 27.455164
v -44.842499 10.371835 27.459597
v -44.842499 10.384094 27.442858
v -44.848476 10.378611 27.440226
v -44.848476 10.383415 27.422346
v -44.842499 10.389479 27.422819
v -44.842499 10.387260 27.402187
v -44.848476 10.381436 27.403938
v -44.848476 10.372941 27.387487
v -44.842499 10.377740 27.383751
v -44.848476 10.359077 27.375217
v -44.842499 10.362203 27.369999
v -44.848476 10.341717 27.368784
v -44.842499 10.342746 27.362789
v -44.848476 10.323204 27.369055
v -44.842499 10.321999 27.363094
v -44.848476 10.306041 27.375996
v -44.842499 10.302763 27.370872
v -44.848476 10.292542 27.388670
v -44.842499 10.287636 27.385077
v -44.848476 10.284534 27.405361
v -44.842499 10.278662 27.403784
v -44.764919 10.321999 27.363094
v -44.764919 10.334018 27.474890
v -44.764919 10.384094 27.442858
v -44.764919 10.387260 27.402187
v -44.764919 10.302763 27.370872
v -44.764919 10.354356 27.470778
v -44.764919 10.287636 27.385077
v -44.764919 10.371835 27.459597
v -44.764919 10.278662 27.403784
v -44.764919 10.389479 27.422819
v -44.764919 10.277051 27.424471
v -44.764919 10.377740 27.383751
v -44.764919 10.283022 27.444342
v -44.764919 10.362203 27.369999
v -44.764919 10.295768 27.460714
v -44.764919 10.342746 27.362789
v -44.764919 10.313568 27.471378
v -44.838295 10.278331 27.424452
v -44.838295 10.279898 27.403765
v -44.496407 10.321999 27.363094
v -44.496407 10.334018 27.474890
v -44.496407 10.384094 27.442858
v -44.496407 10.387260 27.402187
v -44.496407 10.302763 27.370872
v -44.496407 10.354356 27.470778
v -44.496407 10.287636 27.385077
v -44.496407 10.371835 27.459597
v -44.496407 10.278662 27.403784
v -44.496407 10.389479 27.422819
v -44.496407 10.277051 27.424471
v -44.496407 10.377740 27.383751
v -44.496407 10.283022 27.444342
v -44.496407 10.362203 27.369999
v -44.496407 10.295768 27.460714
v -44.496407 10.342746 27.362789
v -44.496407 10.313568 27.471378
v -44.412003 10.321999 27.363094
v -44.412003 10.334018 27.474890
v -44.412003 10.384094 27.442858
v -44.412003 10.387260 27.402187
v -44.412003 10.302763 27.370872
v -44.412003 10.354356 27.470778
v -44.412003 10.287636 27.385077
v -44.412003 10.371835 27.459597
v -44.412003 10.278662 27.403784
v -44.412003 10.389479 27.422819
v -44.412003 10.277051 27.424471
v -44.412003 10.377740 27.383751
v -44.412003 10.283022 27.444342
v -44.412003 10.362203 27.369999
v -44.412003 10.295768 27.460714
v -44.412003 10.342746 27.362789
v -44.412003 10.313568 27.471378
v -42.619541 10.333188 25.894655
v -43.734009 10.389479 25.890272
v -43.734009 10.277051 25.888620
v -43.734009 10.371835 25.853495
v -43.734009 10.354356 25.842314
v -43.734009 10.334018 25.838202
v -43.734009 10.313568 25.841713
v -43.734009 10.295768 25.852377
v -43.734009 10.283022 25.868750
v -43.734009 10.278662 25.909307
v -43.734009 10.387260 25.910904
v -43.734009 10.287636 25.928015
v -43.734009 10.302763 25.942219
v -43.734009 10.321999 25.949997
v -43.734009 10.342746 25.950302
v -43.734009 10.362203 25.943092
v -43.734009 10.377740 25.929340
v -43.734009 10.384094 25.870234
v -42.619541 10.286581 25.889645
v -42.619541 10.291538 25.873148
v -42.619541 10.302120 25.859554
v -42.619541 10.316898 25.850700
v -42.619541 10.333877 25.847784
v -42.619541 10.350762 25.851198
v -42.619541 10.365274 25.860481
v -42.619541 10.375452 25.874380
v -42.619541 10.379923 25.891018
v -42.619541 10.378081 25.908146
v -42.619541 10.370177 25.923452
v -42.619541 10.357277 25.934870
v -42.619541 10.341124 25.940855
v -42.619541 10.323898 25.940601
v -42.619541 10.307928 25.934143
v -42.619541 10.295369 25.922352
v -42.619541 10.287918 25.906820
v -42.671040 10.302763 25.942219
v -42.671040 10.321999 25.949997
v -42.671040 10.354356 25.842314
v -42.671040 10.334018 25.838202
v -42.671040 10.287636 25.928015
v -42.671040 10.371835 25.853495
v -42.671040 10.278662 25.909307
v -42.671040 10.389479 25.890272
v -42.671040 10.384094 25.870234
v -42.671040 10.277051 25.888620
v -42.671040 10.377740 25.929340
v -42.671040 10.387260 25.910904
v -42.671040 10.283022 25.868750
v -42.671040 10.362203 25.943092
v -42.671040 10.295768 25.852377
v -42.671040 10.342746 25.950302
v -42.671040 10.313568 25.841713
v -42.629322 10.302763 25.942219
v -42.629322 10.354356 25.842314
v -42.629322 10.287636 25.928015
v -42.629322 10.371835 25.853495
v -42.629322 10.389479 25.890272
v -42.629322 10.377740 25.929340
v -42.629322 10.283022 25.868750
v -42.629322 10.362203 25.943092
v -42.629322 10.295768 25.852377
v -42.629322 10.342746 25.950302
v -42.629322 10.313568 25.841713
v -42.629322 10.321999 25.949997
v -42.629322 10.334018 25.838202
v -42.629322 10.384094 25.870234
v -42.629322 10.387260 25.910904
v -42.625519 10.277051 25.888620
v -42.619541 10.283097 25.889271
v -42.619541 10.288425 25.871540
v -42.625519 10.283022 25.868750
v -42.619541 10.299799 25.856930
v -42.625519 10.295768 25.852377
v -42.619541 10.315681 25.847416
v -42.625519 10.313568 25.841713
v -42.619541 10.333928 25.844282
v -42.625519 10.334018 25.838202
v -42.619541 10.352076 25.847952
v -42.625519 10.354356 25.842314
v -42.619541 10.367672 25.857927
v -42.625519 10.371835 25.853495
v -42.625519 10.384094 25.870234
v -42.619541 10.378611 25.872866
v -42.619541 10.383415 25.890745
v -42.625519 10.389479 25.890272
v -42.625519 10.387260 25.910904
v -42.619541 10.381436 25.909153
v -42.619541 10.372941 25.925604
v -42.625519 10.377740 25.929340
v -42.619541 10.359077 25.937874
v -42.625519 10.362203 25.943092
v -42.619541 10.341717 25.944307
v -42.625519 10.342746 25.950302
v -42.619541 10.323204 25.944036
v -42.625519 10.321999 25.949997
v -42.619541 10.306041 25.937096
v -42.625519 10.302763 25.942219
v -42.619541 10.292542 25.924421
v -42.625519 10.287636 25.928015
v -42.619541 10.284534 25.907730
v -42.625519 10.278662 25.909307
v -42.703098 10.321999 25.949997
v -42.703098 10.334018 25.838202
v -42.703098 10.384094 25.870234
v -42.703098 10.387260 25.910904
v -42.703098 10.302763 25.942219
v -42.703098 10.354356 25.842314
v -42.703098 10.287636 25.928015
v -42.703098 10.371835 25.853495
v -42.703098 10.278662 25.909307
v -42.703098 10.389479 25.890272
v -42.703098 10.277051 25.888620
v -42.703098 10.377740 25.929340
v -42.703098 10.283022 25.868750
v -42.703098 10.362203 25.943092
v -42.703098 10.295768 25.852377
v -42.703098 10.342746 25.950302
v -42.703098 10.313568 25.841713
v -42.629723 10.278331 25.888639
v -42.629723 10.279898 25.909327
v -42.971611 10.321999 25.949997
v -42.971611 10.334018 25.838202
v -42.971611 10.384094 25.870234
v -42.971611 10.387260 25.910904
v -42.971611 10.302763 25.942219
v -42.971611 10.354356 25.842314
v -42.971611 10.287636 25.928015
v -42.971611 10.371835 25.853495
v -42.971611 10.278662 25.909307
v -42.971611 10.389479 25.890272
v -42.971611 10.277051 25.888620
v -42.971611 10.377740 25.929340
v -42.971611 10.283022 25.868750
v -42.971611 10.362203 25.943092
v -42.971611 10.295768 25.852377
v -42.971611 10.342746 25.950302
v -42.971611 10.313568 25.841713
v -43.056015 10.321999 25.949997
v -43.056015 10.334018 25.838202
v -43.056015 10.384094 25.870234
v -43.056015 10.387260 25.910904
v -43.056015 10.302763 25.942219
v -43.056015 10.354356 25.842314
v -43.056015 10.287636 25.928015
v -43.056015 10.371835 25.853495
v -43.056015 10.278662 25.909307
v -43.056015 10.389479 25.890272
v -43.056015 10.277051 25.888620
v -43.056015 10.377740 25.929340
v -43.056015 10.283022 25.868750
v -43.056015 10.362203 25.943092
v -43.056015 10.295768 25.852377
v -43.056015 10.342746 25.950302
v -43.056015 10.313568 25.841713
v -44.848476 10.333188 25.894655
v -44.848476 10.286581 25.889645
v -44.848476 10.291538 25.873148
v -44.848476 10.302120 25.859554
v -44.848476 10.316898 25.850700
v -44.848476 10.333877 25.847784
v -44.848476 10.350762 25.851198
v -44.848476 10.365274 25.860481
v -44.848476 10.375452 25.874380
v -44.848476 10.379923 25.891018
v -44.848476 10.378081 25.908146
v -44.848476 10.370177 25.923452
v -44.848476 10.357277 25.934870
v -44.848476 10.341124 25.940855
v -44.848476 10.323898 25.940601
v -44.848476 10.307928 25.934143
v -44.848476 10.295369 25.922352
v -44.848476 10.287918 25.906820
v -44.796978 10.302763 25.942219
v -44.796978 10.321999 25.949997
v -44.796978 10.354356 25.842314
v -44.796978 10.334018 25.838202
v -44.796978 10.287636 25.928015
v -44.796978 10.371835 25.853495
v -44.796978 10.278662 25.909307
v -44.796978 10.389479 25.890272
v -44.796978 10.384094 25.870234
v -44.796978 10.277051 25.888620
v -44.796978 10.377740 25.929340
v -44.796978 10.387260 25.910904
v -44.796978 10.283022 25.868750
v -44.796978 10.362203 25.943092
v -44.796978 10.295768 25.852377
v -44.796978 10.342746 25.950302
v -44.796978 10.313568 25.841713
v -44.838696 10.302763 25.942219
v -44.838696 10.354356 25.842314
v -44.838696 10.287636 25.928015
v -44.838696 10.371835 25.853495
v -44.838696 10.389479 25.890272
v -44.838696 10.377740 25.929340
v -44.838696 10.283022 25.868750
v -44.838696 10.362203 25.943092
v -44.838696 10.295768 25.852377
v -44.838696 10.342746 25.950302
v -44.838696 10.313568 25.841713
v -44.838696 10.321999 25.949997
v -44.838696 10.334018 25.838202
v -44.838696 10.384094 25.870234
v -44.838696 10.387260 25.910904
v -44.842499 10.277051 25.888620
v -44.848476 10.283097 25.889271
v -44.848476 10.288425 25.871540
v -44.842499 10.283022 25.868750
v -44.848476 10.299799 25.856930
v -44.842499 10.295768 25.852377
v -44.848476 10.315681 25.847416
v -44.842499 10.313568 25.841713
v -44.848476 10.333928 25.844282
v -44.842499 10.334018 25.838202
v -44.848476 10.352076 25.847952
v -44.842499 10.354356 25.842314
v -44.848476 10.367672 25.857927
v -44.842499 10.371835 25.853495
v -44.842499 10.384094 25.870234
v -44.848476 10.378611 25.872866
v -44.848476 10.383415 25.890745
v -44.842499 10.389479 25.890272
v -44.842499 10.387260 25.910904
v -44.848476 10.381436 25.909153
v -44.848476 10.372941 25.925604
v -44.842499 10.377740 25.929340
v -44.848476 10.359077 25.937874
v -44.842499 10.362203 25.943092
v -44.848476 10.341717 25.944307
v -44.842499 10.342746 25.950302
v -44.848476 10.323204 25.944036
v -44.842499 10.321999 25.949997
v -44.848476 10.306041 25.937096
v -44.842499 10.302763 25.942219
v -44.848476 10.292542 25.924421
v -44.842499 10.287636 25.928015
v -44.848476 10.284534 25.907730
v -44.842499 10.278662 25.909307
v -44.764919 10.321999 25.949997
v -44.764919 10.334018 25.838202
v -44.764919 10.384094 25.870234
v -44.764919 10.387260 25.910904
v -44.764919 10.302763 25.942219
v -44.764919 10.354356 25.842314
v -44.764919 10.287636 25.928015
v -44.764919 10.371835 25.853495
v -44.764919 10.278662 25.909307
v -44.764919 10.389479 25.890272
v -44.764919 10.277051 25.888620
v -44.764919 10.377740 25.929340
v -44.764919 10.283022 25.868750
v -44.764919 10.362203 25.943092
v -44.764919 10.295768 25.852377
v -44.764919 10.342746 25.950302
v -44.764919 10.313568 25.841713
v -44.838295 10.278331 25.888639
v -44.838295 10.279898 25.909327
v -44.496407 10.321999 25.949997
v -44.496407 10.334018 25.838202
v -44.496407 10.384094 25.870234
v -44.496407 10.387260 25.910904
v -44.496407 10.302763 25.942219
v -44.496407 10.354356 25.842314
v -44.496407 10.287636 25.928015
v -44.496407 10.371835 25.853495
v -44.496407 10.278662 25.909307
v -44.496407 10.389479 25.890272
v -44.496407 10.277051 25.888620
v -44.496407 10.377740 25.929340
v -44.496407 10.283022 25.868750
v -44.496407 10.362203 25.943092
v -44.496407 10.295768 25.852377
v -44.496407 10.342746 25.950302
v -44.496407 10.313568 25.841713
v -44.412003 10.321999 25.949997
v -44.412003 10.334018 25.838202
v -44.412003 10.384094 25.870234
v -44.412003 10.387260 25.910904
v -44.412003 10.302763 25.942219
v -44.412003 10.354356 25.842314
v -44.412003 10.287636 25.928015
v -44.412003 10.371835 25.853495
v -44.412003 10.278662 25.909307
v -44.412003 10.389479 25.890272
v -44.412003 10.277051 25.888620
v -44.412003 10.377740 25.929340
v -44.412003 10.283022 25.868750
v -44.412003 10.362203 25.943092
v -44.412003 10.295768 25.852377
v -44.412003 10.342746 25.950302
v -44.412003 10.313568 25.841713
v -42.749645 10.036160 27.379690
v -42.749645 10.565328 27.607740
v -42.749645 10.632276 27.401941
v -42.749645 10.042221 27.489607
v -42.749645 10.087579 27.589909
v -42.749645 10.166107 27.667053
v -42.749645 10.267200 27.710621
v -42.749645 10.377206 27.714725
v -42.749645 10.481266 27.678816
v -42.749645 10.618037 27.511099
v -42.749645 10.606120 27.295012
v -42.749645 10.543104 27.204752
v -42.749645 10.451737 27.143351
v -42.749645 10.344359 27.119101
v -42.749645 10.235473 27.135277
v -42.749645 10.139782 27.189697
v -42.749645 10.070212 27.275009
v -44.718372 10.042972 27.380579
v -44.718372 10.560003 27.603399
v -44.718372 10.625415 27.402319
v -44.718372 10.048895 27.487974
v -44.718372 10.093212 27.585976
v -44.718372 10.169939 27.661350
v -44.718372 10.268714 27.703918
v -44.718372 10.376197 27.707932
v -44.718372 10.477870 27.672844
v -44.718372 10.611504 27.508972
v -44.718372 10.599860 27.297842
v -44.718372 10.538289 27.209652
v -44.718372 10.449018 27.149660
v -44.718372 10.344103 27.125965
v -44.718372 10.237714 27.141771
v -44.718372 10.144218 27.194942
v -44.718372 10.076244 27.278297
v -44.718372 10.045772 25.932146
v -44.718372 10.557816 25.711477
v -44.718372 10.622597 25.910616
v -44.718372 10.051637 25.825788
v -44.718372 10.095528 25.728731
v -44.718372 10.171515 25.654083
v -44.718372 10.269337 25.611927
v -44.718372 10.375782 25.607954
v -44.718372 10.476475 25.642700
v -44.718372 10.608819 25.804991
v -44.718372 10.597287 26.014086
v -44.718372 10.536310 26.101425
v -44.718372 10.447901 26.160839
v -44.718372 10.343998 26.184303
v -44.718372 10.238634 26.168650
v -44.718372 10.146041 26.115992
v -44.718372 10.078723 26.033442
v -44.604507 10.624181 25.910704
v -44.604507 10.610328 25.804501
v -44.604507 10.559046 25.710474
v -44.604507 10.477259 25.641321
v -44.604507 10.376015 25.606382
v -44.604507 10.268987 25.610378
v -44.604507 10.170629 25.652765
v -44.604507 10.094226 25.727823
v -44.604507 10.050096 25.825411
v -44.604507 10.044197 25.932352
v -44.604507 10.077330 26.034201
v -44.604507 10.145017 26.117205
v -44.604507 10.238117 26.170151
v -44.604507 10.344057 26.185890
v -44.604507 10.448528 26.162296
v -44.604507 10.537423 26.102558
v -44.604507 10.598734 26.014740
v -42.863510 10.609598 25.909899
v -42.863510 10.596439 25.809019
v -42.863510 10.547727 25.719704
v -42.863510 10.470039 25.654016
v -42.863510 10.373869 25.620829
v -42.863510 10.272203 25.624624
v -42.863510 10.178775 25.664888
v -42.863510 10.106201 25.736183
v -42.863510 10.064281 25.828882
v -42.863510 10.058680 25.930462
v -42.863510 10.090151 26.027208
v -42.863510 10.154447 26.106052
v -42.863510 10.242881 26.156345
v -42.863510 10.343512 26.171295
v -42.863510 10.442749 26.148884
v -42.863510 10.527188 26.092138
v -42.863510 10.585426 26.008722
v -42.930183 10.367661 26.656546
v -42.936588 10.440019 26.656546
v -42.936588 10.303110 26.656546
v -42.979156 10.367836 26.656546
v -42.979156 10.477335 26.656546
v -42.979156 10.270372 26.656546
v -42.936256 10.371990 26.701965
v -42.936256 10.356624 26.702320
v -42.936256 10.388166 26.699829
v -42.936256 10.405280 26.695604
v -42.936256 10.422086 26.687906
v -42.936256 10.437160 26.674774
v -42.936256 10.305320 26.672325
v -42.936256 10.341720 26.700283
v -42.936256 10.327471 26.694906
v -42.936256 10.314571 26.685602
v -42.975719 10.372637 26.719177
v -42.975719 10.395148 26.715027
v -42.975719 10.288091 26.696104
v -42.975719 10.309068 26.708557
v -42.975719 10.478769 26.686300
v -42.975719 10.482258 26.656546
v -42.975719 10.418443 26.708755
v -42.975719 10.272179 26.678089
v -42.975719 10.264532 26.656546
v -42.975719 10.442224 26.701448
v -42.975719 10.350769 26.720013
v -42.975719 10.329420 26.716707
v -42.946014 10.372517 26.715975
v -42.952717 10.372637 26.719177
v -42.952717 10.350769 26.720013
v -42.946056 10.351839 26.716780
v -42.945946 10.393809 26.712112
v -42.952717 10.395148 26.715027
v -42.945946 10.415917 26.706232
v -42.952717 10.418443 26.708755
v -42.946205 10.438798 26.699144
v -42.952717 10.442224 26.701448
v -42.946659 10.473266 26.684776
v -42.952717 10.478769 26.686300
v -42.952717 10.482258 26.656546
v -42.946690 10.476623 26.656546
v -42.946407 10.277258 26.677206
v -42.952717 10.272179 26.678089
v -42.946606 10.269956 26.656546
v -42.952717 10.264532 26.656546
v -42.946075 10.331647 26.713734
v -42.952717 10.329420 26.716707
v -42.952717 10.309068 26.708557
v -42.946106 10.312354 26.706120
v -42.952717 10.288091 26.696104
v -42.946262 10.292470 26.694366
v -42.979156 10.372637 26.719177
v -42.979156 10.350769 26.720013
v -42.979156 10.395148 26.715027
v -42.979156 10.418443 26.708755
v -42.979156 10.442224 26.701448
v -42.979156 10.478769 26.686300
v -42.979156 10.482258 26.656546
v -42.979156 10.272179 26.678089
v -42.979156 10.264532 26.656546
v -42.979156 10.329420 26.716707
v -42.979156 10.309068 26.708557
v -42.979156 10.288091 26.696104
v -42.979156 10.371873 26.712582
v -42.979156 10.350742 26.713388
v -42.979156 10.394170 26.708471
v -42.979156 10.417753 26.702122
v -42.979156 10.441786 26.694736
v -42.979156 10.474445 26.681200
v -42.979156 10.276675 26.674303
v -42.979156 10.330493 26.710253
v -42.979156 10.311013 26.702454
v -42.979156 10.291096 26.690628
v -44.537834 10.367661 26.656546
v -44.531429 10.440019 26.656546
v -44.531429 10.303110 26.656546
v -44.488861 10.367836 26.656546
v -44.488861 10.468493 26.656546
v -44.488861 10.279039 26.656546
v -44.531761 10.371990 26.701965
v -44.531761 10.356624 26.702320
v -44.531761 10.388166 26.699829
v -44.531761 10.405280 26.695604
v -44.531761 10.422086 26.687906
v -44.531761 10.437160 26.674774
v -44.531761 10.305320 26.672325
v -44.531761 10.341720 26.700283
v -44.531761 10.327471 26.694906
v -44.531761 10.314571 26.685602
v -44.492298 10.372637 26.719177
v -44.492298 10.395148 26.715027
v -44.492298 10.288091 26.696104
v -44.492298 10.309068 26.708557
v -44.492298 10.478769 26.686300
v -44.492298 10.482258 26.656546
v -44.492298 10.418443 26.708755
v -44.492298 10.272179 26.678089
v -44.492298 10.264532 26.656546
v -44.492298 10.442224 26.701448
v -44.492298 10.350769 26.720013
v -44.492298 10.329420 26.716707
v -44.522003 10.372517 26.715975
v -44.515301 10.372637 26.719177
v -44.515301 10.350769 26.720013
v -44.521961 10.351839 26.716780
v -44.522072 10.393809 26.712112
v -44.515301 10.395148 26.715027
v -44.522072 10.415917 26.706232
v -44.515301 10.418443 26.708755
v -44.521812 10.438798 26.699144
v -44.515301 10.442224 26.701448
v -44.521358 10.473266 26.684776
v -44.515301 10.478769 26.686300
v -44.515301 10.482258 26.656546
v -44.521328 10.476623 26.656546
v -44.521610 10.277258 26.677206
v -44.515301 10.272179 26.678089
v -44.521412 10.269956 26.656546
v -44.515301 10.264532 26.656546
v -44.521942 10.331647 26.713734
v -44.515301 10.329420 26.716707
v -44.515301 10.309068 26.708557
v -44.521912 10.312354 26.706120
v -44.515301 10.288091 26.696104
v -44.521755 10.292470 26.694366
v -44.488861 10.372637 26.719177
v -44.488861 10.350769 26.720013
v -44.488861 10.395148 26.715027
v -44.488861 10.418443 26.708755
v -44.488861 10.442224 26.701448
v -44.488861 10.478769 26.686300
v -44.488861 10.482258 26.656546
v -44.488861 10.272179 26.678089
v -44.488861 10.264532 26.656546
v -44.488861 10.329420 26.716707
v -44.488861 10.309068 26.708557
v -44.488861 10.288091 26.696104
v -44.488861 10.371129 26.705553
v -44.488861 10.351562 26.706301
v -44.488861 10.392127 26.701683
v -44.488861 10.414657 26.695616
v -44.488861 10.437589 26.688570
v -44.488861 10.466125 26.676743
v -44.488861 10.284178 26.671022
v -44.488861 10.333054 26.703436
v -44.488861 10.315135 26.696260
v -44.488861 10.296917 26.685444
v -42.936256 10.371990 26.611126
v -42.936256 10.356624 26.610771
v -42.936256 10.388166 26.613262
v -42.936256 10.405280 26.617487
v -42.936256 10.422086 26.625185
v -42.936256 10.437160 26.638317
v -42.936256 10.305320 26.640766
v -42.936256 10.341720 26.612808
v -42.936256 10.327471 26.618185
v -42.936256 10.314571 26.627489
v -42.975719 10.372637 26.593914
v -42.975719 10.395148 26.598064
v -42.975719 10.288091 26.616987
v -42.975719 10.309068 26.604534
v -42.975719 10.478769 26.626791
v -42.975719 10.418443 26.604336
v -42.975719 10.272179 26.635002
v -42.975719 10.442224 26.611643
v -42.975719 10.350769 26.593079
v -42.975719 10.329420 26.596384
v -42.946014 10.372517 26.597116
v -42.952717 10.372637 26.593914
v -42.952717 10.350769 26.593079
v -42.946056 10.351839 26.596312
v -42.945946 10.393809 26.600979
v -42.952717 10.395148 26.598064
v -42.945946 10.415917 26.606859
v -42.952717 10.418443 26.604336
v -42.946205 10.438798 26.613947
v -42.952717 10.442224 26.611643
v -42.946659 10.473266 26.628315
v -42.952717 10.478769 26.626791
v -42.946407 10.277258 26.635885
v -42.952717 10.272179 26.635002
v -42.946075 10.331647 26.599358
v -42.952717 10.329420 26.596384
v -42.952717 10.309068 26.604534
v -42.946106 10.312354 26.606972
v -42.952717 10.288091 26.616987
v -42.946262 10.292470 26.618725
v -42.979156 10.372637 26.593914
v -42.979156 10.350769 26.593079
v -42.979156 10.395148 26.598064
v -42.979156 10.418443 26.604336
v -42.979156 10.442224 26.611643
v -42.979156 10.478769 26.626791
v -42.979156 10.272179 26.635002
v -42.979156 10.329420 26.596384
v -42.979156 10.309068 26.604534
v -42.979156 10.288091 26.616987
v -42.979156 10.371873 26.600510
v -42.979156 10.350742 26.599703
v -42.979156 10.394170 26.604620
v -42.979156 10.417753 26.610970
v -42.979156 10.441786 26.618355
v -42.979156 10.474445 26.631891
v -42.979156 10.276675 26.638788
v -42.979156 10.330493 26.602839
v -42.979156 10.311013 26.610638
v -42.979156 10.291096 26.622463
v -44.531761 10.371990 26.611126
v -44.531761 10.356624 26.610771
v -44.531761 10.388166 26.613262
v -44.531761 10.405280 26.617487
v -44.531761 10.422086 26.625185
v -44.531761 10.437160 26.638317
v -44.531761 10.305320 26.640766
v -44.531761 10.341720 26.612808
v -44.531761 10.327471 26.618185
v -44.531761 10.314571 26.627489
v -44.492298 10.372637 26.593914
v -44.492298 10.395148 26.598064
v -44.492298 10.288091 26.616987
v -44.492298 10.309068 26.604534
v -44.492298 10.478769 26.626791
v -44.492298 10.418443 26.604336
v -44.492298 10.272179 26.635002
v -44.492298 10.442224 26.611643
v -44.492298 10.350769 26.593079
v -44.492298 10.329420 26.596384
v -44.522003 10.372517 26.597116
v -44.515301 10.372637 26.593914
v -44.515301 10.350769 26.593079
v -44.521961 10.351839 26.596312
v -44.522072 10.393809 26.600979
v -44.515301 10.395148 26.598064
v -44.522072 10.415917 26.606859
v -44.515301 10.418443 26.604336
v -44.521812 10.438798 26.613947
v -44.515301 10.442224 26.611643
v -44.521358 10.473266 26.628315
v -44.515301 10.478769 26.626791
v -44.521610 10.277258 26.635885
v -44.515301 10.272179 26.635002
v -44.521942 10.331647 26.599358
v -44.515301 10.329420 26.596384
v -44.515301 10.309068 26.604534
v -44.521912 10.312354 26.606972
v -44.515301 10.288091 26.616987
v -44.521755 10.292470 26.618725
v -44.488861 10.372637 26.593914
v -44.488861 10.350769 26.593079
v -44.488861 10.395148 26.598064
v -44.488861 10.418443 26.604336
v -44.488861 10.442224 26.611643
v -44.488861 10.478769 26.626791
v -44.488861 10.272179 26.635002
v -44.488861 10.329420 26.596384
v -44.488861 10.309068 26.604534
v -44.488861 10.288091 26.616987
v -44.488861 10.371129 26.607538
v -44.488861 10.351562 26.606791
v -44.488861 10.392127 26.611408
v -44.488861 10.414657 26.617476
v -44.488861 10.437589 26.624521
v -44.488861 10.466125 26.636349
v -44.488861 10.284178 26.642069
v -44.488861 10.333054 26.609655
v -44.488861 10.315135 26.616831
v -44.488861 10.296917 26.627647
v -42.943115 10.353274 26.712442
v -42.943089 10.372358 26.711771
v -42.943039 10.392117 26.708427
v -42.943130 10.334669 26.709698
v -42.943039 10.412726 26.703043
v -42.943222 10.433784 26.695774
v -42.943539 10.462434 26.681776
v -42.943661 10.465641 26.656546
v -42.943600 10.279902 26.656546
v -42.943363 10.285677 26.675741
v -42.943260 10.299101 26.691738
v -42.943150 10.316889 26.702755
v -42.943115 10.353274 26.600649
v -42.943089 10.372358 26.601320
v -42.943039 10.392117 26.604664
v -42.943130 10.334669 26.603394
v -42.943039 10.412726 26.610048
v -42.943222 10.433784 26.617317
v -42.943539 10.462434 26.631315
v -42.943363 10.285677 26.637350
v -42.943260 10.299101 26.621353
v -42.943150 10.316889 26.610336
v -43.734009 10.467920 26.656546
v -43.734009 10.435090 26.693571
v -43.734009 10.465423 26.680990
v -43.734009 10.402356 26.656546
v -43.734009 10.422987 26.687046
v -43.734009 10.412417 26.678621
v -43.734009 10.405006 26.668367
v -42.967445 10.467920 26.656546
v -42.967445 10.435090 26.693571
v -42.967445 10.465423 26.680990
v -42.967445 10.402356 26.656546
v -42.967445 10.422987 26.687046
v -42.967445 10.412417 26.678621
v -42.967445 10.405006 26.668367
v -42.991116 10.402356 26.656546
v -42.991116 10.405006 26.668367
v -42.991116 10.435090 26.693571
v -42.991116 10.465423 26.680990
v -42.991116 10.412417 26.678621
v -42.991116 10.422987 26.687046
v -42.991116 10.467920 26.656546
v -42.975662 10.459613 26.676666
v -42.975662 10.435457 26.686338
v -42.975662 10.460716 26.656546
v -42.975662 10.411610 26.665394
v -42.975662 10.409423 26.656546
v -42.975662 10.426978 26.681004
v -42.975662 10.417658 26.673624
v -42.991116 10.411610 26.665394
v -42.991116 10.459613 26.676666
v -42.991116 10.417658 26.673624
v -42.991116 10.460716 26.656546
v -42.991116 10.409423 26.656546
v -42.991116 10.435457 26.686338
v -42.991116 10.426978 26.681004
v -42.979038 10.435105 26.684916
v -42.988026 10.409423 26.656546
v -42.984650 10.411468 26.656546
v -42.981842 10.409423 26.656546
v -42.979038 10.411468 26.656546
v -42.979038 10.458038 26.656546
v -42.981842 10.460716 26.656546
v -42.984650 10.458038 26.656546
v -42.988026 10.460716 26.656546
v -42.979038 10.418944 26.673370
v -42.981842 10.417658 26.673624
v -42.984650 10.418944 26.673370
v -42.988026 10.417658 26.673624
v -42.979038 10.457037 26.676134
v -42.981842 10.459613 26.676666
v -42.984650 10.457037 26.676134
v -42.988026 10.459613 26.676666
v -42.979038 10.413453 26.665897
v -42.981842 10.411610 26.665394
v -42.984650 10.413453 26.665897
v -42.988026 10.411610 26.665394
v -42.981842 10.435457 26.686338
v -42.984650 10.435105 26.684916
v -42.988026 10.435457 26.686338
v -42.979038 10.427407 26.680071
v -42.981842 10.426978 26.681004
v -42.984650 10.427407 26.680071
v -42.988026 10.426978 26.681004
v -44.500572 10.467920 26.656546
v -44.500572 10.435090 26.693571
v -44.500572 10.465423 26.680990
v -44.500572 10.402356 26.656546
v -44.500572 10.422987 26.687046
v -44.500572 10.412417 26.678621
v -44.500572 10.405006 26.668367
v -44.476902 10.402356 26.656546
v -44.476902 10.405006 26.668367
v -44.476902 10.435090 26.693571
v -44.476902 10.465423 26.680990
v -44.476902 10.412417 26.678621
v -44.476902 10.422987 26.687046
v -44.476902 10.467920 26.656546
v -44.492355 10.459613 26.676666
v -44.492355 10.435457 26.686338
v -44.492355 10.460716 26.656546
v -44.492355 10.411610 26.665394
v -44.492355 10.409423 26.656546
v -44.492355 10.426978 26.681004
v -44.492355 10.417658 26.673624
v -44.476902 10.411610 26.665394
v -44.476902 10.459613 26.676666
v -44.476902 10.417658 26.673624
v -44.476902 10.460716 26.656546
v -44.476902 10.409423 26.656546
v -44.476902 10.435457 26.686338
v -44.476902 10.426978 26.681004
v -44.488979 10.435105 26.684916
v -44.479992 10.409423 26.656546
v -44.483368 10.411468 26.656546
v -44.486176 10.409423 26.656546
v -44.488979 10.411468 26.656546
v -44.488979 10.458038 26.656546
v -44.486176 10.460716 26.656546
v -44.483368 10.458038 26.656546
v -44.479992 10.460716 26.656546
v -44.488979 10.418944 26.673370
v -44.486176 10.417658 26.673624
v -44.483368 10.418944 26.673370
v -44.479992 10.417658 26.673624
v -44.488979 10.457037 26.676134
v -44.486176 10.459613 26.676666
v -44.483368 10.457037 26.676134
v -44.479992 10.459613 26.676666
v -44.488979 10.413453 26.665897
v -44.486176 10.411610 26.665394
v -44.483368 10.413453 26.665897
v -44.479992 10.411610 26.665394
v -44.486176 10.435457 26.686338
v -44.483368 10.435105 26.684916
v -44.479992 10.435457 26.686338
v -44.488979 10.427407 26.680071
v -44.486176 10.426978 26.681004
v -44.483368 10.427407 26.680071
v -44.479992 10.426978 26.681004
v -43.734009 10.435090 26.619520
v -43.734009 10.465423 26.632101
v -43.734009 10.422987 26.626045
v -43.734009 10.412417 26.634470
v -43.734009 10.405006 26.644724
v -42.967445 10.435090 26.619520
v -42.967445 10.465423 26.632101
v -42.967445 10.422987 26.626045
v -42.967445 10.412417 26.634470
v -42.967445 10.405006 26.644724
v -42.991116 10.405006 26.644724
v -42.991116 10.435090 26.619520
v -42.991116 10.465423 26.632101
v -42.991116 10.412417 26.634470
v -42.991116 10.422987 26.626045
v -42.975662 10.459613 26.636425
v -42.975662 10.435457 26.626753
v -42.975662 10.411610 26.647697
v -42.975662 10.426978 26.632088
v -42.975662 10.417658 26.639467
v -42.991116 10.411610 26.647697
v -42.991116 10.459613 26.636425
v -42.991116 10.417658 26.639467
v -42.991116 10.435457 26.626753
v -42.991116 10.426978 26.632088
v -42.979038 10.435105 26.628176
v -42.979038 10.418944 26.639721
v -42.981842 10.417658 26.639467
v -42.984650 10.418944 26.639721
v -42.988026 10.417658 26.639467
v -42.979038 10.457037 26.636957
v -42.981842 10.459613 26.636425
v -42.984650 10.457037 26.636957
v -42.988026 10.459613 26.636425
v -42.979038 10.413453 26.647194
v -42.981842 10.411610 26.647697
v -42.984650 10.413453 26.647194
v -42.988026 10.411610 26.647697
v -42.981842 10.435457 26.626753
v -42.984650 10.435105 26.628176
v -42.988026 10.435457 26.626753
v -42.979038 10.427407 26.633020
v -42.981842 10.426978 26.632088
v -42.984650 10.427407 26.633020
v -42.988026 10.426978 26.632088
v -44.500572 10.435090 26.619520
v -44.500572 10.465423 26.632101
v -44.500572 10.422987 26.626045
v -44.500572 10.412417 26.634470
v -44.500572 10.405006 26.644724
v -44.476902 10.405006 26.644724
v -44.476902 10.435090 26.619520
v -44.476902 10.465423 26.632101
v -44.476902 10.412417 26.634470
v -44.476902 10.422987 26.626045
v -44.492355 10.459613 26.636425
v -44.492355 10.435457 26.626753
v -44.492355 10.411610 26.647697
v -44.492355 10.426978 26.632088
v -44.492355 10.417658 26.639467
v -44.476902 10.411610 26.647697
v -44.476902 10.459613 26.636425
v -44.476902 10.417658 26.639467
v -44.476902 10.435457 26.626753
v -44.476902 10.426978 26.632088
v -44.488979 10.435105 26.628176
v -44.488979 10.418944 26.639721
v -44.486176 10.417658 26.639467
v -44.483368 10.418944 26.639721
v -44.479992 10.417658 26.639467
v -44.488979 10.457037 26.636957
v -44.486176 10.459613 26.636425
v -44.483368 10.457037 26.636957
v -44.479992 10.459613 26.636425
v -44.488979 10.413453 26.647194
v -44.486176 10.411610 26.647697
v -44.483368 10.413453 26.647194
v -44.479992 10.411610 26.647697
v -44.486176 10.435457 26.626753
v -44.483368 10.435105 26.628176
v -44.479992 10.435457 26.626753
v -44.488979 10.427407 26.633020
v -44.486176 10.426978 26.632088
v -44.483368 10.427407 26.633020
v -44.479992 10.426978 26.632088
v -43.144691 11.213655 27.408970
v -43.085381 11.213655 26.656546
v -43.085381 11.213655 27.533457
v -43.144691 11.213655 26.656546
v -43.144691 11.343081 26.656546
v -43.144691 11.343081 27.408970
v -43.007004 11.343081 26.656546
v -43.007004 11.343081 27.519915
v -43.164478 11.403040 26.656546
v -43.164478 11.403040 27.362440
v -43.007004 11.403040 27.519915
v -43.007004 11.403040 26.656546
v -43.164478 10.870622 26.656546
v -43.164478 10.870622 27.362440
v -43.085381 10.561544 27.533457
v -43.085381 10.561544 26.656546
v -43.197296 11.213655 27.533457
v -43.197296 10.870622 26.656546
v -43.197296 11.213655 27.408970
v -43.197296 11.343081 27.408970
v -43.197296 11.343081 27.519915
v -43.197296 10.870622 27.362440
v -43.197296 11.403040 27.519915
v -43.197296 11.403040 27.362440
v -43.197296 10.561544 27.533457
v -43.197296 10.561544 26.656546
v -43.085381 11.213655 27.302193
v -43.144691 11.213655 27.302193
v -43.144691 11.343081 27.302193
v -43.007004 11.343081 27.302193
v -43.007004 11.403040 27.302193
v -43.164478 11.403040 27.302193
v -43.164478 10.870622 27.302193
v -43.085381 10.561544 27.302193
v -43.197296 10.561544 27.302193
v -43.197296 10.870622 27.302193
v -43.734009 11.213655 27.533457
v -43.734009 10.870622 26.656546
v -43.734009 11.213655 27.408970
v -43.734009 11.343081 27.408970
v -43.734009 11.343081 27.519915
v -43.734009 10.870622 27.362440
v -43.734009 11.403040 27.519915
v -43.734009 11.403040 27.362440
v -43.734009 10.561544 27.533457
v -43.734009 10.561544 26.656546
v -43.734009 10.870622 27.302193
v -43.734009 10.561544 27.302193
v -43.197296 10.275299 27.424540
v -43.197296 10.388316 27.422947
v -43.197296 10.281289 27.444517
v -43.197296 10.294092 27.460983
v -43.197296 10.311978 27.471714
v -43.197296 10.332534 27.475258
v -43.197296 10.352980 27.471136
v -43.197296 10.370558 27.459908
v -43.085377 10.389479 27.422819
v -43.085377 10.277051 27.424471
v -43.085377 10.371835 27.459597
v -43.085377 10.354356 27.470778
v -43.085377 10.334018 27.474890
v -43.085377 10.313568 27.471378
v -43.085377 10.295768 27.460714
v -43.085377 10.283022 27.444342
v -43.085377 10.278662 27.403784
v -43.085377 10.387260 27.402187
v -43.085377 10.287636 27.385077
v -43.085377 10.302763 27.370872
v -43.085377 10.321999 27.363094
v -43.085377 10.342746 27.362789
v -43.085377 10.362203 27.369999
v -43.085377 10.377740 27.383751
v -43.197296 10.386099 27.402206
v -43.197296 10.276931 27.403746
v -43.197296 10.376540 27.383669
v -43.197296 10.360929 27.369835
v -43.197296 10.341375 27.362576
v -43.197296 10.320520 27.362869
v -43.197296 10.301179 27.370676
v -43.197296 10.285964 27.384945
v -43.007004 11.395375 26.656546
v -43.007004 11.395375 27.519915
v -43.197296 11.395375 27.519915
v -43.007004 11.395375 27.302193
v -43.734009 11.395375 27.519915
v -43.197296 10.223799 27.454924
v -43.197296 10.216996 27.425087
v -43.085377 10.216431 27.425117
v -43.085377 10.223169 27.454868
v -43.197296 10.239784 27.481073
v -43.085377 10.238980 27.480974
v -43.197296 10.262910 27.501631
v -43.085377 10.261857 27.501547
v -43.197296 10.290857 27.515976
v -43.085377 10.289522 27.515951
v -43.197296 10.321628 27.524727
v -43.085377 10.320002 27.524769
v -43.197296 10.353853 27.529411
v -43.085377 10.351932 27.529501
v -43.197296 10.441482 27.533457
v -43.085377 10.438936 27.533581
v -43.197296 10.384923 27.304764
v -43.197296 10.441482 27.302193
v -43.085377 10.438819 27.302322
v -43.085377 10.382599 27.304871
v -43.197296 10.350236 27.308537
v -43.085377 10.348239 27.308636
v -43.197296 10.316394 27.314817
v -43.085377 10.314713 27.314938
v -43.197296 10.284446 27.325722
v -43.085377 10.283075 27.325886
v -43.197296 10.256198 27.342756
v -43.085377 10.255128 27.342951
v -43.197296 10.234082 27.366112
v -43.085377 10.233274 27.366299
v -43.197296 10.220496 27.394430
v -43.085377 10.219868 27.394554
v -43.197296 10.386759 27.531935
v -43.085377 10.384530 27.532049
v -43.197296 10.382892 27.443087
v -43.085377 10.384094 27.442858
v -43.085377 10.267601 27.424572
v -43.085377 10.273692 27.445984
v -43.085377 10.286916 27.463873
v -43.085377 10.305508 27.476080
v -43.085377 10.327082 27.481291
v -43.085377 10.349001 27.479195
v -43.085377 10.368732 27.470493
v -43.085377 10.397188 27.440084
v -43.085377 10.395298 27.386621
v -43.085377 10.378497 27.371456
v -43.085377 10.360025 27.360435
v -43.085377 10.338376 27.355330
v -43.085377 10.315931 27.357294
v -43.085377 10.295338 27.366520
v -43.085377 10.279162 27.382149
v -43.085377 10.269497 27.402346
v -43.085377 10.384162 27.456760
v -43.197296 10.263812 27.447781
v -43.197296 10.257954 27.422239
v -43.197296 10.278387 27.469561
v -43.197296 10.299723 27.484798
v -43.197296 10.325018 27.491653
v -43.197296 10.351035 27.489456
v -43.197296 10.374537 27.478773
v -43.197296 10.405660 27.439550
v -43.197296 10.389822 27.372320
v -43.197296 10.404716 27.393284
v -43.197296 10.370074 27.356245
v -43.197296 10.345569 27.347414
v -43.197296 10.319260 27.347311
v -43.197296 10.294451 27.356253
v -43.197296 10.274354 27.373278
v -43.197296 10.261625 27.396269
v -43.197296 10.392711 27.461302
v -44.323326 11.213655 27.408970
v -44.382637 11.213655 26.656546
v -44.382637 11.213655 27.533457
v -44.323326 11.213655 26.656546
v -44.323326 11.343081 26.656546
v -44.323326 11.343081 27.408970
v -44.461014 11.343081 26.656546
v -44.461014 11.343081 27.519915
v -44.303539 11.403040 26.656546
v -44.303539 11.403040 27.362440
v -44.461014 11.403040 27.519915
v -44.461014 11.403040 26.656546
v -44.303539 10.870622 26.656546
v -44.303539 10.870622 27.362440
v -44.382637 10.561544 27.533457
v -44.382637 10.561544 26.656546
v -44.270721 11.213655 27.533457
v -44.270721 10.870622 26.656546
v -44.270721 11.213655 27.408970
v -44.270721 11.343081 27.408970
v -44.270721 11.343081 27.519915
v -44.270721 10.870622 27.362440
v -44.270721 11.403040 27.519915
v -44.270721 11.403040 27.362440
v -44.270721 10.561544 27.533457
v -44.270721 10.561544 26.656546
v -44.382637 11.213655 27.302193
v -44.323326 11.213655 27.302193
v -44.323326 11.343081 27.302193
v -44.461014 11.343081 27.302193
v -44.461014 11.403040 27.302193
v -44.303539 11.403040 27.302193
v -44.303539 10.870622 27.302193
v -44.382637 10.561544 27.302193
v -44.270721 10.561544 27.302193
v -44.270721 10.870622 27.302193
v -44.270721 10.275299 27.424540
v -44.270721 10.388316 27.422947
v -44.270721 10.281289 27.444517
v -44.270721 10.294092 27.460983
v -44.270721 10.311978 27.471714
v -44.270721 10.332534 27.475258
v -44.270721 10.352980 27.471136
v -44.270721 10.370558 27.459908
v -44.382641 10.389479 27.422819
v -44.382641 10.277051 27.424471
v -44.382641 10.371835 27.459597
v -44.382641 10.354356 27.470778
v -44.382641 10.334018 27.474890
v -44.382641 10.313568 27.471378
v -44.382641 10.295768 27.460714
v -44.382641 10.283022 27.444342
v -44.382641 10.278662 27.403784
v -44.382641 10.387260 27.402187
v -44.382641 10.287636 27.385077
v -44.382641 10.302763 27.370872
v -44.382641 10.321999 27.363094
v -44.382641 10.342746 27.362789
v -44.382641 10.362203 27.369999
v -44.382641 10.377740 27.383751
v -44.270721 10.386099 27.402206
v -44.270721 10.276931 27.403746
v -44.270721 10.376540 27.383669
v -44.270721 10.360929 27.369835
v -44.270721 10.341375 27.362576
v -44.270721 10.320520 27.362869
v -44.270721 10.301179 27.370676
v -44.270721 10.285964 27.384945
v -44.461014 11.395375 26.656546
v -44.461014 11.395375 27.519915
v -44.270721 11.395375 27.519915
v -44.461014 11.395375 27.302193
v -44.270721 10.223799 27.454924
v -44.270721 10.216996 27.425087
v -44.382641 10.216431 27.425117
v -44.382641 10.223169 27.454868
v -44.270721 10.239784 27.481073
v -44.382641 10.238980 27.480974
v -44.270721 10.262910 27.501631
v -44.382641 10.261857 27.501547
v -44.270721 10.290857 27.515976
v -44.382641 10.289522 27.515951
v -44.270721 10.321628 27.524727
v -44.382641 10.320002 27.524769
v -44.270721 10.353853 27.529411
v -44.382641 10.351932 27.529501
v -44.270721 10.441482 27.533457
v -44.382641 10.438936 27.533581
v -44.270721 10.384923 27.304764
v -44.270721 10.441482 27.302193
v -44.382641 10.438819 27.302322
v -44.382641 10.382599 27.304871
v -44.270721 10.350236 27.308537
v -44.382641 10.348239 27.308636
v -44.270721 10.316394 27.314817
v -44.382641 10.314713 27.314938
v -44.270721 10.284446 27.325722
v -44.382641 10.283075 27.325886
v -44.270721 10.256198 27.342756
v -44.382641 10.255128 27.342951
v -44.270721 10.234082 27.366112
v -44.382641 10.233274 27.366299
v -44.270721 10.220496 27.394430
v -44.382641 10.219868 27.394554
v -44.270721 10.386759 27.531935
v -44.382641 10.384530 27.532049
v -44.270721 10.382892 27.443087
v -44.382641 10.384094 27.442858
v -44.382641 10.267601 27.424572
v -44.382641 10.273692 27.445984
v -44.382641 10.286916 27.463873
v -44.382641 10.305508 27.476080
v -44.382641 10.327082 27.481291
v -44.382641 10.349001 27.479195
v -44.382641 10.368732 27.470493
v -44.382641 10.397188 27.440084
v -44.382641 10.395298 27.386621
v -44.382641 10.378497 27.371456
v -44.382641 10.360025 27.360435
v -44.382641 10.338376 27.355330
v -44.382641 10.315931 27.357294
v -44.382641 10.295338 27.366520
v -44.382641 10.279162 27.382149
v -44.382641 10.269497 27.402346
v -44.382641 10.384162 27.456760
v -44.270721 10.263812 27.447781
v -44.270721 10.257954 27.422239
v -44.270721 10.278387 27.469561
v -44.270721 10.299723 27.484798
v -44.270721 10.325018 27.491653
v -44.270721 10.351035 27.489456
v -44.270721 10.374537 27.478773
v -44.270721 10.405660 27.439550
v -44.270721 10.389822 27.372320
v -44.270721 10.404716 27.393284
v -44.270721 10.370074 27.356245
v -44.270721 10.345569 27.347414
v -44.270721 10.319260 27.347311
v -44.270721 10.294451 27.356253
v -44.270721 10.274354 27.373278
v -44.270721 10.261625 27.396269
v -44.270721 10.392711 27.461302
v -43.144691 11.213655 25.904121
v -43.085381 11.213655 25.779634
v -43.144691 11.343081 25.904121
v -43.007004 11.343081 25.793177
v -43.164478 11.403040 25.950651
v -43.007004 11.403040 25.793177
v -43.164478 10.870622 25.950651
v -43.085381 10.561544 25.779634
v -43.197296 11.213655 25.779634
v -43.197296 11.213655 25.904121
v -43.197296 11.343081 25.904121
v -43.197296 11.343081 25.793177
v -43.197296 10.870622 25.950651
v -43.197296 11.403040 25.793177
v -43.197296 11.403040 25.950651
v -43.197296 10.561544 25.779634
v -43.085381 11.213655 26.010899
v -43.144691 11.213655 26.010899
v -43.144691 11.343081 26.010899
v -43.007004 11.343081 26.010899
v -43.007004 11.403040 26.010899
v -43.164478 11.403040 26.010899
v -43.164478 10.870622 26.010899
v -43.085381 10.561544 26.010899
v -43.197296 10.561544 26.010899
v -43.197296 10.870622 26.010899
v -43.734009 11.213655 25.779634
v -43.734009 11.213655 25.904121
v -43.734009 11.343081 25.904121
v -43.734009 11.343081 25.793177
v -43.734009 10.870622 25.950651
v -43.734009 11.403040 25.793177
v -43.734009 11.403040 25.950651
v -43.734009 10.561544 25.779634
v -43.734009 10.870622 26.010899
v -43.734009 10.561544 26.010899
v -43.197296 10.275299 25.888552
v -43.197296 10.388316 25.890144
v -43.197296 10.281289 25.868574
v -43.197296 10.294092 25.852108
v -43.197296 10.311978 25.841377
v -43.197296 10.332534 25.837833
v -43.197296 10.352980 25.841955
v -43.197296 10.370558 25.853184
v -43.085377 10.389479 25.890272
v -43.085377 10.277051 25.888620
v -43.085377 10.371835 25.853495
v -43.085377 10.354356 25.842314
v -43.085377 10.334018 25.838202
v -43.085377 10.313568 25.841713
v -43.085377 10.295768 25.852377
v -43.085377 10.283022 25.868750
v -43.085377 10.278662 25.909307
v -43.085377 10.387260 25.910904
v -43.085377 10.287636 25.928015
v -43.085377 10.302763 25.942219
v -43.085377 10.321999 25.949997
v -43.085377 10.342746 25.950302
v -43.085377 10.362203 25.943092
v -43.085377 10.377740 25.929340
v -43.197296 10.386099 25.910885
v -43.197296 10.276931 25.909346
v -43.197296 10.376540 25.929422
v -43.197296 10.360929 25.943256
v -43.197296 10.341375 25.950516
v -43.197296 10.320520 25.950222
v -43.197296 10.301179 25.942415
v -43.197296 10.285964 25.928146
v -43.007004 11.395375 25.793177
v -43.197296 11.395375 25.793177
v -43.007004 11.395375 26.010899
v -43.734009 11.395375 25.793177
v -43.197296 10.223799 25.858168
v -43.197296 10.216996 25.888004
v -43.085377 10.216431 25.887974
v -43.085377 10.223169 25.858223
v -43.197296 10.239784 25.832018
v -43.085377 10.238980 25.832117
v -43.197296 10.262910 25.811460
v -43.085377 10.261857 25.811544
v -43.197296 10.290857 25.797115
v -43.085377 10.289522 25.797140
v -43.197296 10.321628 25.788364
v -43.085377 10.320002 25.788322
v -43.197296 10.353853 25.783680
v -43.085377 10.351932 25.783590
v -43.197296 10.441482 25.779634
v -43.085377 10.438936 25.779510
v -43.197296 10.384923 26.008327
v -43.197296 10.441482 26.010899
v -43.085377 10.438819 26.010769
v -43.085377 10.382599 26.008221
v -43.197296 10.350236 26.004555
v -43.085377 10.348239 26.004456
v -43.197296 10.316394 25.998274
v -43.085377 10.314713 25.998154
v -43.197296 10.284446 25.987370
v -43.085377 10.283075 25.987206
v -43.197296 10.256198 25.970335
v -43.085377 10.255128 25.970140
v -43.197296 10.234082 25.946980
v -43.085377 10.233274 25.946793
v -43.197296 10.220496 25.918661
v -43.085377 10.219868 25.918537
v -43.197296 10.386759 25.781157
v -43.085377 10.384530 25.781042
v -43.197296 10.382892 25.870005
v -43.085377 10.384094 25.870234
v -43.085377 10.267601 25.888519
v -43.085377 10.273692 25.867107
v -43.085377 10.286916 25.849218
v -43.085377 10.305508 25.837011
v -43.085377 10.327082 25.831800
v -43.085377 10.349001 25.833897
v -43.085377 10.368732 25.842598
v -43.085377 10.397188 25.873007
v -43.085377 10.395298 25.926470
v -43.085377 10.378497 25.941635
v -43.085377 10.360025 25.952656
v -43.085377 10.338376 25.957762
v -43.085377 10.315931 25.955797
v -43.085377 10.295338 25.946571
v -43.085377 10.279162 25.930943
v -43.085377 10.269497 25.910746
v -43.085377 10.384162 25.856331
v -43.197296 10.263812 25.865311
v -43.197296 10.257954 25.890852
v -43.197296 10.278387 25.843531
v -43.197296 10.299723 25.828293
v -43.197296 10.325018 25.821438
v -43.197296 10.351035 25.823635
v -43.197296 10.374537 25.834318
v -43.197296 10.405660 25.873541
v -43.197296 10.389822 25.940771
v -43.197296 10.404716 25.919807
v -43.197296 10.370074 25.956846
v -43.197296 10.345569 25.965677
v -43.197296 10.319260 25.965780
v -43.197296 10.294451 25.956839
v -43.197296 10.274354 25.939814
v -43.197296 10.261625 25.916822
v -43.197296 10.392711 25.851789
v -44.323326 11.213655 25.904121
v -44.382637 11.213655 25.779634
v -44.323326 11.343081 25.904121
v -44.461014 11.343081 25.793177
v -44.303539 11.403040 25.950651
v -44.461014 11.403040 25.793177
v -44.303539 10.870622 25.950651
v -44.382637 10.561544 25.779634
v -44.270721 11.213655 25.779634
v -44.270721 11.213655 25.904121
v -44.270721 11.343081 25.904121
v -44.270721 11.343081 25.793177
v -44.270721 10.870622 25.950651
v -44.270721 11.403040 25.793177
v -44.270721 11.403040 25.950651
v -44.270721 10.561544 25.779634
v -44.382637 11.213655 26.010899
v -44.323326 11.213655 26.010899
v -44.323326 11.343081 26.010899
v -44.461014 11.343081 26.010899
v -44.461014 11.403040 26.010899
v -44.303539 11.403040 26.010899
v -44.303539 10.870622 26.010899
v -44.382637 10.561544 26.010899
v -44.270721 10.561544 26.010899
v -44.270721 10.870622 26.010899
v -44.270721 10.275299 25.888552
v -44.270721 10.388316 25.890144
v -44.270721 10.281289 25.868574
v -44.270721 10.294092 25.852108
v -44.270721 10.311978 25.841377
v -44.270721 10.332534 25.837833
v -44.270721 10.352980 25.841955
v -44.270721 10.370558 25.853184
v -44.382641 10.389479 25.890272
v -44.382641 10.277051 25.888620
v -44.382641 10.371835 25.853495
v -44.382641 10.354356 25.842314
v -44.382641 10.334018 25.838202
v -44.382641 10.313568 25.841713
v -44.382641 10.295768 25.852377
v -44.382641 10.283022 25.868750
v -44.382641 10.278662 25.909307
v -44.382641 10.387260 25.910904
v -44.382641 10.287636 25.928015
v -44.382641 10.302763 25.942219
v -44.382641 10.321999 25.949997
v -44.382641 10.342746 25.950302
v -44.382641 10.362203 25.943092
v -44.382641 10.377740 25.929340
v -44.270721 10.386099 25.910885
v -44.270721 10.276931 25.909346
v -44.270721 10.376540 25.929422
v -44.270721 10.360929 25.943256
v -44.270721 10.341375 25.950516
v -44.270721 10.320520 25.950222
v -44.270721 10.301179 25.942415
v -44.270721 10.285964 25.928146
v -44.461014 11.395375 25.793177
v -44.270721 11.395375 25.793177
v -44.461014 11.395375 26.010899
v -44.270721 10.223799 25.858168
v -44.270721 10.216996 25.888004
v -44.382641 10.216431 25.887974
v -44.382641 10.223169 25.858223
v -44.270721 10.239784 25.832018
v -44.382641 10.238980 25.832117
v -44.270721 10.262910 25.811460
v -44.382641 10.261857 25.811544
v -44.270721 10.290857 25.797115
v -44.382641 10.289522 25.797140
v -44.270721 10.321628 25.788364
v -44.382641 10.320002 25.788322
v -44.270721 10.353853 25.783680
v -44.382641 10.351932 25.783590
v -44.270721 10.441482 25.779634
v -44.382641 10.438936 25.779510
v -44.270721 10.384923 26.008327
v -44.270721 10.441482 26.010899
v -44.382641 10.438819 26.010769
v -44.382641 10.382599 26.008221
v -44.270721 10.350236 26.004555
v -44.382641 10.348239 26.004456
v -44.270721 10.316394 25.998274
v -44.382641 10.314713 25.998154
v -44.270721 10.284446 25.987370
v -44.382641 10.283075 25.987206
v -44.270721 10.256198 25.970335
v -44.382641 10.255128 25.970140
v -44.270721 10.234082 25.946980
v -44.382641 10.233274 25.946793
v -44.270721 10.220496 25.918661
v -44.382641 10.219868 25.918537
v -44.270721 10.386759 25.781157
v -44.382641 10.384530 25.781042
v -44.270721 10.382892 25.870005
v -44.382641 10.384094 25.870234
v -44.382641 10.267601 25.888519
v -44.382641 10.273692 25.867107
v -44.382641 10.286916 25.849218
v -44.382641 10.305508 25.837011
v -44.382641 10.327082 25.831800
v -44.382641 10.349001 25.833897
v -44.382641 10.368732 25.842598
v -44.382641 10.397188 25.873007
v -44.382641 10.395298 25.926470
v -44.382641 10.378497 25.941635
v -44.382641 10.360025 25.952656
v -44.382641 10.338376 25.957762
v -44.382641 10.315931 25.955797
v -44.382641 10.295338 25.946571
v -44.382641 10.279162 25.930943
v -44.382641 10.269497 25.910746
v -44.382641 10.384162 25.856331
v -44.270721 10.263812 25.865311
v -44.270721 10.257954 25.890852
v -44.270721 10.278387 25.843531
v -44.270721 10.299723 25.828293
v -44.270721 10.325018 25.821438
v -44.270721 10.351035 25.823635
v -44.270721 10.374537 25.834318
v -44.270721 10.405660 25.873541
v -44.270721 10.389822 25.940771
v -44.270721 10.404716 25.919807
v -44.270721 10.370074 25.956846
v -44.270721 10.345569 25.965677
v -44.270721 10.319260 25.965780
v -44.270721 10.294451 25.956839
v -44.270721 10.274354 25.939814
v -44.270721 10.261625 25.916822
v -44.270721 10.392711 25.851789
vn -0.0000 -0.0147 -0.9999
vn -0.0000 0.1236 -0.9923
vn -0.0000 0.1765 0.9843
vn -0.0000 -0.1693 0.9856
vn -0.0000 -0.5139 0.8579
vn -0.0000 -0.9016 -0.4325
vn -0.0000 -0.6845 -0.7290
vn -0.0000 -0.7891 0.6143
vn -0.0000 -0.9577 0.2878
vn -0.0000 -0.9970 -0.0776
vn -0.0000 -0.3749 -0.9271
vn -0.0000 0.0297 0.9996
vn -0.0000 -0.2536 0.9673
vn -0.0000 0.0154 -0.9999
vn -0.0000 0.1841 -0.9829
vn -0.0000 0.3475 -0.9377
vn -0.0000 0.9016 0.4325
vn -0.0000 0.6845 0.7290
vn -0.0000 -0.9380 -0.3466
vn -0.0000 -0.9667 -0.2559
vn -0.0000 0.9983 0.0589
vn -0.0000 0.9970 0.0776
vn -1.0000 -0.0000 -0.0000
vn -0.0000 0.3749 0.9271
vn 1.0000 -0.0000 -0.0000
vn -0.0000 -0.9659 -0.2589
vn -0.0000 -0.9998 0.0212
vn -0.0000 0.0776 -0.9970
vn -0.0000 0.3336 0.9427
vn -0.0000 -0.3642 0.9313
vn -0.0000 -0.3641 0.9313
vn -0.0000 -0.5302 -0.8479
vn -0.0000 0.9243 0.3818
vn -0.0000 0.8481 0.5298
vn -0.0000 -0.9824 -0.1867
vn -0.0000 -1.0000 0.0025
vn -0.0000 1.0000 -0.0020
vn -0.0000 1.0000 -0.0010
vn -0.0000 -0.9948 -0.1017
vn -0.0000 -1.0000 -0.0000
vn -0.0000 1.0000 -0.0000
vn -0.0008 -0.0377 0.9993
vn -0.0012 -0.2193 0.9757
vn -0.0012 -0.2193 0.9756
vn -0.0015 0.9117 -0.4109
vn -0.0015 0.9116 -0.4110
vn -0.0017 1.0000 -0.0000
vn -0.0000 -0.3383 -0.9410
vn -0.0014 -0.8998 0.4363
vn -0.0014 -1.0000 -0.0000
vn -0.0015 -0.4832 0.8755
vn -0.0014 -0.6838 0.7296
vn -0.0014 -0.6839 0.7296
vn -0.0015 -0.4833 0.8755
vn -0.0003 0.4736 -0.8808
vn -0.0005 0.5502 -0.8350
vn -0.0005 0.5503 -0.8350
vn -0.0011 0.7230 -0.6908
vn -0.0011 0.7231 -0.6907
vn 0.0008 -0.0377 0.9993
vn 0.0012 -0.2193 0.9756
vn 0.0012 -0.2193 0.9757
vn 0.0015 0.9117 -0.4109
vn 0.0017 1.0000 -0.0000
vn 0.0015 0.9116 -0.4110
vn 0.0014 -0.8998 0.4363
vn 0.0014 -1.0000 -0.0000
vn 0.0015 -0.4832 0.8755
vn 0.0015 -0.4833 0.8755
vn 0.0014 -0.6839 0.7296
vn 0.0014 -0.6838 0.7296
vn 0.0003 0.4736 -0.8808
vn 0.0005 0.5503 -0.8350
vn 0.0005 0.5502 -0.8350
vn 0.0011 0.7231 -0.6907
vn 0.0011 0.7230 -0.6908
vn -0.0000 -0.0147 0.9999
vn -0.0000 0.1236 0.9923
vn -0.0000 0.1765 -0.9843
vn -0.0000 -0.1693 -0.9856
vn -0.0000 -0.5139 -0.8579
vn -0.0000 -0.9016 0.4325
vn -0.0000 -0.6845 0.7290
vn -0.0000 -0.7891 -0.6143
vn -0.0000 -0.9577 -0.2878
vn -0.0000 -0.9970 0.0776
vn -0.0000 -0.3749 0.9271
vn -0.0000 0.0297 -0.9996
vn -0.0000 -0.2536 -0.9673
vn -0.0000 0.0154 0.9999
vn -0.0000 0.1841 0.9829
vn -0.0000 0.3475 0.9377
vn -0.0000 0.9016 -0.4325
vn -0.0000 0.6845 -0.7290
vn -0.0000 -0.9380 0.3466
vn -0.0000 -0.9667 0.2559
vn -0.0000 0.9983 -0.0589
vn -0.0000 0.9970 -0.0776
vn -0.0000 0.3749 -0.9271
vn -0.0000 -0.9659 0.2589
vn -0.0000 -0.9998 -0.0212
vn -0.0000 0.0776 0.9970
vn -0.0000 0.3336 -0.9427
vn -0.0000 -0.3642 -0.9313
vn -0.0000 -0.3641 -0.9313
vn -0.0000 -0.5302 0.8479
vn -0.0000 0.9243 -0.3818
vn -0.0000 0.8481 -0.5298
vn -0.0000 -0.9824 0.1867
vn -0.0000 -1.0000 -0.0025
vn -0.0000 1.0000 0.0020
vn -0.0000 1.0000 0.0010
vn -0.0000 -0.9948 0.1017
vn -0.0008 -0.0377 -0.9993
vn -0.0012 -0.2193 -0.9756
vn -0.0012 -0.2193 -0.9757
vn -0.0015 0.9117 0.4109
vn -0.0015 0.9116 0.4110
vn -0.0000 -0.3383 0.9410
vn -0.0014 -0.8998 -0.4363
vn -0.0015 -0.4832 -0.8755
vn -0.0015 -0.4833 -0.8755
vn -0.0014 -0.6839 -0.7296
vn -0.0014 -0.6838 -0.7296
vn -0.0003 0.4736 0.8808
vn -0.0005 0.5503 0.8350
vn -0.0005 0.5502 0.8350
vn -0.0011 0.7231 0.6907
vn -0.0011 0.7230 0.6908
vn 0.0008 -0.0377 -0.9993
vn 0.0012 -0.2193 -0.9757
vn 0.0012 -0.2193 -0.9756
vn 0.0015 0.9117 0.4109
vn 0.0015 0.9116 0.4110
vn 0.0014 -0.8998 -0.4363
vn 0.0015 -0.4832 -0.8755
vn 0.0014 -0.6838 -0.7296
vn 0.0014 -0.6839 -0.7296
vn 0.0015 -0.4833 -0.8755
vn 0.0003 0.4736 0.8808
vn 0.0005 0.5502 0.8350
vn 0.0005 0.5503 0.8350
vn 0.0011 0.7230 0.6908
vn 0.0011 0.7231 0.6907
vn -0.0000 -0.0000 -1.0000
vn -0.0000 -0.0000 1.0000
vn -0.5618 0.8273 -0.0000
vn 0.9363 -0.3513 -0.0000
vn -0.9363 -0.3512 -0.0000
vn -0.0000 0.7929 0.6093
vn -0.0000 -0.3147 -0.9492
vn 0.5617 0.8273 -0.0000
vn -0.0000 -0.3147 0.9492
vn -0.0000 0.7929 -0.6093
vn 0.5618 0.8273 -0.0000
vn -0.9363 -0.3513 -0.0000
vn 0.9363 -0.3512 -0.0000
vn -0.5617 0.8273 -0.0000
vn -0.0000 0.4944 0.8693
vn -0.0000 0.1470 0.9891
vn -0.0000 0.3262 0.9453
vn -0.0000 0.6457 0.7636
vn -0.0000 -0.0373 0.9993
vn -0.0000 -0.2203 0.9754
vn -0.0000 -0.3958 0.9183
vn -0.0000 -0.5578 0.8300
vn -0.0000 -0.7008 0.7134
vn -0.0000 0.7750 0.6320
vn -0.0000 -0.8199 0.5724
vn -0.0000 -0.9112 0.4120
vn -0.0000 0.9985 -0.0551
vn -0.0000 0.9509 0.3093
vn -0.0000 -0.9714 0.2376
vn -0.0000 -0.9985 0.0551
vn -0.0000 -0.9916 -0.1293
vn -0.0000 -0.8779 -0.4788
vn -0.0000 -0.7750 -0.6320
vn -0.0000 -0.9509 -0.3093
vn -0.0000 -0.6457 -0.7636
vn -0.0000 -0.1470 -0.9891
vn -0.0000 -0.4944 -0.8693
vn -0.0000 -0.3262 -0.9453
vn -0.0000 0.8779 0.4788
vn -0.0000 0.9112 -0.4120
vn -0.0000 0.9916 0.1293
vn -0.0000 0.9714 -0.2376
vn -0.0000 0.7008 -0.7134
vn -0.0000 0.8199 -0.5724
vn -0.0000 0.3958 -0.9183
vn -0.0000 0.5578 -0.8300
vn -0.0000 0.0373 -0.9993
vn -0.0000 0.2203 -0.9754
vn -1.0000 0.0001 -0.0000
vn -1.0000 0.0002 -0.0000
vn -1.0000 0.0002 0.0001
vn -1.0000 0.0001 0.0001
vn -1.0000 0.0002 0.0002
vn -1.0000 -0.0000 0.0001
vn -1.0000 0.0001 0.0002
vn -1.0000 -0.0000 0.0002
vn -1.0000 -0.0001 0.0002
vn -1.0000 -0.0001 0.0001
vn -1.0000 -0.0002 0.0001
vn -1.0000 -0.0001 -0.0000
vn -1.0000 -0.0002 -0.0000
vn -1.0000 -0.0002 -0.0001
vn -1.0000 -0.0001 -0.0001
vn -1.0000 -0.0002 -0.0002
vn -1.0000 -0.0000 -0.0001
vn -1.0000 -0.0001 -0.0002
vn -1.0000 -0.0000 -0.0002
vn -1.0000 0.0001 -0.0002
vn -1.0000 0.0001 -0.0001
vn -1.0000 0.0002 -0.0002
vn -1.0000 0.0002 -0.0001
vn 1.0000 0.0001 -0.0000
vn 1.0000 -0.0000 0.0001
vn 1.0000 -0.0001 -0.0000
vn 1.0000 -0.0000 -0.0001
vn 1.0000 0.0001 -0.0001
vn 1.0000 0.0002 0.0001
vn 1.0000 0.0002 -0.0000
vn 1.0000 0.0001 0.0001
vn 1.0000 0.0002 0.0002
vn 1.0000 0.0001 0.0002
vn 1.0000 -0.0000 0.0002
vn 1.0000 -0.0001 0.0002
vn 1.0000 -0.0001 0.0001
vn 1.0000 -0.0002 0.0001
vn 1.0000 -0.0002 -0.0000
vn 1.0000 -0.0002 -0.0001
vn 1.0000 -0.0001 -0.0001
vn 1.0000 -0.0002 -0.0002
vn 1.0000 -0.0001 -0.0002
vn 1.0000 -0.0000 -0.0002
vn 1.0000 0.0001 -0.0002
vn 1.0000 0.0002 -0.0002
vn 1.0000 0.0002 -0.0001
vn -0.0000 0.4944 -0.8693
vn -0.0000 0.1470 -0.9891
vn -0.0000 0.3262 -0.9453
vn -0.0000 0.6457 -0.7636
vn -0.0000 -0.0373 -0.9993
vn -0.0000 -0.2203 -0.9754
vn -0.0000 -0.3958 -0.9183
vn -0.0000 -0.5578 -0.8300
vn -0.0000 -0.7008 -0.7134
vn -0.0000 0.7750 -0.6320
vn -0.0000 -0.8199 -0.5724
vn -0.0000 -0.9112 -0.4120
vn -0.0000 0.9985 0.0551
vn -0.0000 0.9509 -0.3093
vn -0.0000 -0.9714 -0.2376
vn -0.0000 -0.9985 -0.0551
vn -0.0000 -0.9916 0.1293
vn -0.0000 -0.8779 0.4788
vn -0.0000 -0.7750 0.6320
vn -0.0000 -0.9509 0.3093
vn -0.0000 -0.6457 0.7636
vn -0.0000 -0.1470 0.9891
vn -0.0000 -0.4944 0.8693
vn -0.0000 -0.3262 0.9453
vn -0.0000 0.8779 -0.4788
vn -0.0000 0.9112 0.4120
vn -0.0000 0.9916 -0.1293
vn -0.0000 0.9714 0.2376
vn -0.0000 0.7008 0.7134
vn -0.0000 0.8199 0.5724
vn -0.0000 0.3958 0.9183
vn -0.0000 0.5578 0.8300
vn -0.0000 0.0373 0.9993
vn -0.0000 0.2203 0.9754
vn -1.0000 -0.0002 0.0002
vn 1.0000 -0.0002 0.0002
vn -0.0000 0.8626 -0.5059
vn -0.0000 0.8624 -0.5062
vn -0.0000 -0.8626 0.5059
vn -0.0000 -0.8621 0.5067
vn -0.0000 0.5059 0.8626
vn -0.0000 -0.8610 0.5087
vn -0.0000 0.8622 -0.5065
vn -0.0000 -0.5059 -0.8626
vn -0.0000 -0.8712 -0.4910
vn -0.0000 0.8714 0.4905
vn -0.0000 0.4905 -0.8714
vn -0.0000 0.8762 0.4819
vn -0.0000 -0.8716 -0.4903
vn -0.0000 -0.4905 0.8714
vn -0.0000 -0.8617 0.5074
vn -0.0000 0.8623 -0.5064
vn -0.0000 0.8626 0.5059
vn -0.0000 0.8624 0.5062
vn -0.0000 -0.8626 -0.5059
vn -0.0000 -0.8621 -0.5067
vn -0.0000 0.5059 -0.8626
vn -0.0000 -0.8610 -0.5087
vn -0.0000 0.8622 0.5065
vn -0.0000 -0.5059 0.8626
vn -0.0000 -0.8712 0.4910
vn -0.0000 0.8714 -0.4905
vn -0.0000 0.4905 0.8714
vn -0.0000 0.8762 -0.4819
vn -0.0000 -0.8716 0.4903
vn -0.0000 -0.4905 -0.8714
vn -0.0000 -0.8617 -0.5074
vn -0.0000 0.8623 0.5064
vn -0.0000 -0.5389 -0.8424
vn -0.0000 -0.8068 -0.5908
vn -0.0000 -0.9657 -0.2595
vn -0.0000 -0.9943 0.1069
vn -0.0000 0.9577 -0.2878
vn -0.0000 0.7891 -0.6143
vn -0.0000 -0.8885 0.4588
vn -0.0000 0.5139 -0.8579
vn -0.0000 -0.6628 0.7488
vn -0.0000 0.1693 -0.9856
vn -0.0000 -0.3475 0.9377
vn -0.0000 -0.1982 -0.9802
vn -0.0000 0.0147 0.9999
vn -0.0000 -0.5389 0.8424
vn -0.0000 -0.8068 0.5908
vn -0.0000 -0.9657 0.2595
vn -0.0000 -0.9943 -0.1069
vn -0.0000 0.9577 0.2878
vn -0.0000 0.7891 0.6143
vn -0.0000 -0.8885 -0.4588
vn -0.0000 0.5139 0.8579
vn -0.0000 -0.6628 -0.7488
vn -0.0000 0.1693 0.9856
vn -0.0000 -0.3475 -0.9377
vn -0.0000 -0.1982 0.9802
vn -0.0000 0.0147 -0.9999
vn -0.0359 -0.8943 0.4461
vn -0.0783 -0.8917 0.4459
vn -0.0708 -0.8117 -0.5798
vn -0.0325 -0.8138 -0.5802
vn -0.2195 -0.9469 -0.2350
vn -0.0967 -0.9633 -0.2504
vn -0.2241 -0.9704 0.0906
vn -0.1013 -0.9903 0.0948
vn 0.0038 -0.8919 0.4522
vn -0.0000 0.9380 -0.3468
vn -0.0000 0.9902 0.1395
vn 0.0153 -0.9872 0.1589
vn 0.0034 -0.8108 -0.5854
vn 0.0148 -0.9507 -0.3096
vn 0.7131 -0.6970 0.0749
vn 0.7131 -0.6229 0.3217
vn 0.7131 -0.4646 0.5249
vn 0.7132 -0.2436 0.6573
vn 0.7131 0.0103 0.7009
vn 0.7131 0.2628 0.6499
vn 0.7132 0.4798 0.5111
vn 0.7132 0.6320 0.3032
vn 0.7131 0.6989 0.0544
vn 0.7131 0.6714 -0.2017
vn 0.7131 0.5532 -0.4306
vn 0.7131 0.3602 -0.6014
vn 0.7131 0.1187 -0.6909
vn 0.7131 -0.1389 -0.6871
vn 0.7132 -0.3778 -0.5905
vn 0.7132 -0.5656 -0.4142
vn 0.7132 -0.6770 -0.1819
vn -0.0000 -0.9857 0.1685
vn -0.0000 -0.9477 -0.3191
vn 0.0783 -0.8917 0.4459
vn 0.0359 -0.8943 0.4461
vn 0.0708 -0.8117 -0.5798
vn 0.0325 -0.8138 -0.5802
vn 0.2195 -0.9469 -0.2350
vn 0.0967 -0.9633 -0.2504
vn 0.2241 -0.9704 0.0906
vn 0.1013 -0.9903 0.0948
vn -0.0038 -0.8919 0.4522
vn -0.0153 -0.9872 0.1589
vn -0.0034 -0.8108 -0.5854
vn -0.0148 -0.9507 -0.3096
vn -0.7131 -0.6970 0.0749
vn -0.7131 -0.6229 0.3217
vn -0.7131 -0.4646 0.5249
vn -0.7132 -0.2436 0.6573
vn -0.7131 0.0103 0.7009
vn -0.7131 0.2628 0.6499
vn -0.7132 0.4798 0.5111
vn -0.7131 0.6320 0.3032
vn -0.7131 0.6989 0.0544
vn -0.7131 0.6714 -0.2017
vn -0.7131 0.5532 -0.4306
vn -0.7131 0.3602 -0.6014
vn -0.7131 0.1187 -0.6909
vn -0.7132 -0.1389 -0.6871
vn -0.7132 -0.3778 -0.5905
vn -0.7132 -0.5656 -0.4142
vn -0.7132 -0.6770 -0.1819
vn -0.0783 -0.8917 -0.4459
vn -0.0359 -0.8943 -0.4461
vn -0.0708 -0.8117 0.5798
vn -0.0325 -0.8138 0.5802
vn -0.2195 -0.9469 0.2350
vn -0.0967 -0.9633 0.2504
vn -0.2241 -0.9704 -0.0906
vn -0.1013 -0.9903 -0.0948
vn 0.0038 -0.8919 -0.4522
vn -0.0000 0.9902 -0.1395
vn -0.0000 0.9380 0.3468
vn 0.0153 -0.9872 -0.1589
vn 0.0034 -0.8108 0.5854
vn 0.0148 -0.9507 0.3096
vn 0.7131 -0.6970 -0.0749
vn 0.7131 -0.6229 -0.3217
vn 0.7131 -0.4646 -0.5249
vn 0.7132 -0.2436 -0.6573
vn 0.7131 0.0103 -0.7009
vn 0.7131 0.2628 -0.6499
vn 0.7132 0.4798 -0.5111
vn 0.7131 0.6320 -0.3032
vn 0.7131 0.6989 -0.0544
vn 0.7131 0.6714 0.2017
vn 0.7131 0.5532 0.4306
vn 0.7131 0.3602 0.6014
vn 0.7131 0.1187 0.6909
vn 0.7132 -0.1389 0.6871
vn 0.7132 -0.3778 0.5905
vn 0.7132 -0.5656 0.4142
vn 0.7132 -0.6770 0.1819
vn -0.0000 -0.9857 -0.1685
vn -0.0000 -0.9477 0.3191
vn 0.0359 -0.8943 -0.4461
vn 0.0783 -0.8917 -0.4459
vn 0.0708 -0.8117 0.5798
vn 0.0325 -0.8138 0.5802
vn 0.2195 -0.9469 0.2350
vn 0.0967 -0.9633 0.2504
vn 0.2241 -0.9704 -0.0906
vn 0.1013 -0.9903 -0.0948
vn -0.0038 -0.8919 -0.4522
vn -0.0153 -0.9872 -0.1589
vn -0.0034 -0.8108 0.5854
vn -0.0148 -0.9507 0.3096
vn -0.7131 -0.6970 -0.0749
vn -0.7131 -0.6229 -0.3217
vn -0.7131 -0.4646 -0.5249
vn -0.7132 -0.2436 -0.6573
vn -0.7131 0.0103 -0.7009
vn -0.7131 0.2628 -0.6499
vn -0.7132 0.4798 -0.5111
vn -0.7132 0.6320 -0.3032
vn -0.7131 0.6989 -0.0544
vn -0.7131 0.6714 0.2017
vn -0.7131 0.5532 0.4306
vn -0.7131 0.3602 0.6014
vn -0.7131 0.1187 0.6909
vn -0.7131 -0.1389 0.6871
vn -0.7132 -0.3778 0.5905
vn -0.7132 -0.5656 0.4142
vn -0.7132 -0.6770 0.1819
vn -0.0000 0.2208 0.9753
vn -0.0000 0.1100 0.9939
vn -0.0000 -0.4424 0.8968
vn -0.0000 -0.6377 0.7703
vn -0.0000 0.9932 0.1164
vn -0.0000 0.2769 0.9609
vn -0.0000 -0.8616 0.5075
vn -0.0000 -0.9424 0.3345
vn -0.0000 0.3387 0.9409
vn -0.0000 -0.0577 0.9983
vn -0.0000 -0.2641 0.9645
vn -0.0000 0.3829 0.9238
vn 0.2145 0.2159 0.9526
vn 0.2173 0.1063 0.9703
vn 0.2235 -0.0590 0.9729
vn 0.2341 -0.2614 0.9364
vn 0.2381 0.3346 0.9118
vn 0.2184 0.2720 0.9372
vn 0.1949 0.3769 0.9055
vn 0.2771 -0.6216 0.7327
vn 0.2491 -0.4330 0.8663
vn 1.0000 -0.0025 -0.0000
vn 0.9283 0.0330 0.3702
vn 0.9314 -0.0173 0.3636
vn 0.9257 0.0729 0.3712
vn 0.9290 0.1122 0.3528
vn 0.9481 0.1440 0.2836
vn 0.9744 0.1795 0.1357
vn 0.9822 0.1877 -0.0000
vn 0.9711 -0.2174 0.0989
vn 0.9768 -0.2143 -0.0000
vn 0.9359 -0.0822 0.3424
vn 0.9445 -0.1457 0.2946
vn 0.9574 -0.1910 0.2164
vn 0.8457 -0.1353 0.5162
vn 0.8300 -0.0308 0.5569
vn 0.6505 -0.0431 0.7583
vn 0.8480 -0.1491 0.5086
vn 0.8764 0.1975 0.4391
vn 0.9493 0.2353 0.2083
vn 0.9573 0.2451 0.1531
vn 0.8806 0.1858 0.4360
vn 0.8687 -0.2243 0.4417
vn 0.8708 -0.2300 0.4344
vn 0.8175 0.0557 0.5732
vn 0.6385 0.0821 0.7652
vn 0.8222 0.1718 0.5427
vn 0.6455 0.2168 0.7324
vn 0.9516 -0.3075 -0.0000
vn 0.9385 -0.3061 0.1595
vn 0.9403 -0.3045 0.1519
vn 0.9519 -0.3064 -0.0000
vn 0.9041 -0.2805 0.3224
vn 0.9086 -0.2849 0.3054
vn 0.8081 0.1213 0.5764
vn 0.6319 0.1682 0.7566
vn 0.9635 0.2677 -0.0000
vn 0.9635 0.2676 -0.0000
vn 0.4545 0.2961 0.8401
vn 0.4859 0.3381 0.8060
vn 0.6837 0.7298 -0.0000
vn 0.6812 0.7271 0.0855
vn 0.6145 -0.6901 0.3821
vn 0.6567 -0.7542 -0.0000
vn 0.6050 -0.6738 0.4242
vn 0.4835 -0.3767 0.7901
vn 0.4594 -0.2213 0.8602
vn 0.5323 -0.5197 0.6683
vn -0.2145 0.2159 0.9526
vn -0.2173 0.1063 0.9703
vn -0.2235 -0.0590 0.9729
vn -0.2341 -0.2614 0.9364
vn -0.2381 0.3346 0.9118
vn -0.2184 0.2720 0.9372
vn -0.1949 0.3769 0.9055
vn -0.2771 -0.6216 0.7327
vn -0.2491 -0.4330 0.8663
vn -1.0000 -0.0025 -0.0000
vn -0.9314 -0.0173 0.3635
vn -0.9284 0.0343 0.3701
vn -0.9258 0.0744 0.3707
vn -0.9286 0.1112 0.3540
vn -0.9467 0.1395 0.2904
vn -0.9739 0.1763 0.1428
vn -0.9822 0.1876 -0.0000
vn -0.9769 -0.2138 -0.0000
vn -0.9708 -0.2165 0.1038
vn -0.9443 -0.1453 0.2953
vn -0.9360 -0.0829 0.3420
vn -0.9570 -0.1894 0.2196
vn -0.8475 -0.1467 0.5102
vn -0.6504 -0.0429 0.7584
vn -0.8905 0.2038 0.4068
vn -0.9580 0.2508 0.1393
vn -0.8726 -0.2337 0.4288
vn -0.6385 0.0796 0.7655
vn -0.6479 0.2216 0.7287
vn -0.9513 -0.3081 -0.0000
vn -0.9422 -0.3076 0.1328
vn -0.9108 -0.2899 0.2938
vn -0.6317 0.1656 0.7574
vn -0.9635 0.2678 -0.0000
vn -0.4545 0.2961 0.8401
vn -0.4859 0.3381 0.8060
vn -0.6837 0.7298 -0.0000
vn -0.6812 0.7271 0.0855
vn -0.6145 -0.6901 0.3821
vn -0.6050 -0.6738 0.4242
vn -0.6567 -0.7542 -0.0000
vn -0.4594 -0.2213 0.8602
vn -0.4835 -0.3767 0.7901
vn -0.5323 -0.5197 0.6683
vn -0.0000 0.2208 -0.9753
vn -0.0000 0.1100 -0.9939
vn -0.0000 -0.4424 -0.8968
vn -0.0000 -0.6377 -0.7703
vn -0.0000 0.9932 -0.1164
vn -0.0000 0.2769 -0.9609
vn -0.0000 -0.8616 -0.5075
vn -0.0000 -0.9424 -0.3345
vn -0.0000 0.3387 -0.9409
vn -0.0000 -0.0577 -0.9983
vn -0.0000 -0.2641 -0.9645
vn -0.0000 0.3829 -0.9238
vn 0.2145 0.2159 -0.9526
vn 0.2173 0.1063 -0.9703
vn 0.2235 -0.0590 -0.9729
vn 0.2341 -0.2614 -0.9364
vn 0.2381 0.3346 -0.9118
vn 0.2184 0.2720 -0.9372
vn 0.1949 0.3769 -0.9055
vn 0.2771 -0.6216 -0.7327
vn 0.2491 -0.4330 -0.8663
vn 0.9314 -0.0173 -0.3636
vn 0.9283 0.0330 -0.3702
vn 0.9257 0.0729 -0.3712
vn 0.9290 0.1122 -0.3528
vn 0.9481 0.1440 -0.2836
vn 0.9744 0.1795 -0.1357
vn 0.9711 -0.2174 -0.0989
vn 0.9445 -0.1457 -0.2946
vn 0.9359 -0.0822 -0.3424
vn 0.9574 -0.1910 -0.2164
vn 0.8457 -0.1353 -0.5162
vn 0.8480 -0.1491 -0.5086
vn 0.6505 -0.0431 -0.7583
vn 0.8300 -0.0308 -0.5569
vn 0.8764 0.1975 -0.4391
vn 0.8806 0.1858 -0.4360
vn 0.9573 0.2451 -0.1531
vn 0.9493 0.2353 -0.2083
vn 0.8687 -0.2243 -0.4417
vn 0.8708 -0.2300 -0.4344
vn 0.6385 0.0821 -0.7652
vn 0.8175 0.0557 -0.5732
vn 0.8222 0.1718 -0.5427
vn 0.6455 0.2168 -0.7324
vn 0.9403 -0.3045 -0.1519
vn 0.9385 -0.3061 -0.1595
vn 0.9086 -0.2849 -0.3054
vn 0.9041 -0.2805 -0.3224
vn 0.8081 0.1213 -0.5764
vn 0.6319 0.1682 -0.7566
vn 0.4545 0.2961 -0.8401
vn 0.4859 0.3381 -0.8060
vn 0.6812 0.7271 -0.0855
vn 0.6145 -0.6901 -0.3821
vn 0.6050 -0.6738 -0.4242
vn 0.4594 -0.2213 -0.8602
vn 0.4835 -0.3767 -0.7901
vn 0.5323 -0.5197 -0.6683
vn -0.2145 0.2159 -0.9526
vn -0.2173 0.1063 -0.9703
vn -0.2235 -0.0590 -0.9729
vn -0.2341 -0.2614 -0.9364
vn -0.2381 0.3346 -0.9118
vn -0.2184 0.2720 -0.9372
vn -0.1949 0.3769 -0.9055
vn -0.2771 -0.6216 -0.7327
vn -0.2491 -0.4330 -0.8663
vn -0.9284 0.0343 -0.3701
vn -0.9314 -0.0173 -0.3635
vn -0.9258 0.0744 -0.3707
vn -0.9286 0.1112 -0.3540
vn -0.9467 0.1395 -0.2904
vn -0.9739 0.1763 -0.1428
vn -0.9708 -0.2165 -0.1038
vn -0.9360 -0.0829 -0.3420
vn -0.9443 -0.1453 -0.2953
vn -0.9570 -0.1894 -0.2196
vn -0.6504 -0.0429 -0.7584
vn -0.8475 -0.1467 -0.5102
vn -0.9580 0.2508 -0.1393
vn -0.8905 0.2038 -0.4068
vn -0.8726 -0.2337 -0.4288
vn -0.6385 0.0796 -0.7655
vn -0.6479 0.2216 -0.7287
vn -0.9422 -0.3076 -0.1328
vn -0.9108 -0.2899 -0.2938
vn -0.6317 0.1656 -0.7574
vn -0.4545 0.2961 -0.8401
vn -0.4859 0.3381 -0.8060
vn -0.6812 0.7271 -0.0855
vn -0.6145 -0.6901 -0.3821
vn -0.6050 -0.6738 -0.4242
vn -0.4835 -0.3767 -0.7901
vn -0.4594 -0.2213 -0.8602
vn -0.5323 -0.5197 -0.6683
vn -0.6594 -0.6837 0.3125
vn -0.6606 -0.5420 0.5194
vn -0.5045 -0.6274 0.5932
vn -0.5576 -0.7611 0.3314
vn -0.6504 -0.4266 0.6285
vn -0.4819 -0.4994 0.7200
vn -0.6398 -0.3837 0.6659
vn -0.5084 -0.4431 0.7384
vn -0.0000 -0.7236 0.6902
vn -0.0000 -0.5511 0.8344
vn -0.0000 0.9948 0.1017
vn -0.0000 -0.4746 0.8802
vn -0.0000 -0.9118 0.4106
vn -0.0000 0.3831 0.9237
vn 0.2429 -0.9700 -0.0000
vn 0.2145 -0.8931 0.3955
vn -0.0000 -0.9056 0.4242
vn -0.5580 -0.8298 -0.0000
vn -0.4979 -0.8029 0.3278
vn -0.4606 -0.7859 0.4126
vn 0.1982 0.3643 0.9099
vn 0.3953 0.3414 0.8527
vn 0.1600 0.3669 0.9164
vn 0.1566 -0.7161 0.6802
vn -0.0000 -0.7197 0.6943
vn 0.4979 -0.8029 0.3278
vn 0.4606 -0.7859 0.4126
vn 0.3613 -0.6576 0.6611
vn 0.3693 -0.6808 0.6325
vn -0.3383 -0.5452 0.7670
vn -0.3385 -0.5418 0.7693
vn -0.3410 -0.5007 0.7956
vn -0.6132 0.2987 0.7313
vn -0.5411 0.3159 0.7794
vn -0.5193 0.3205 0.7923
vn -0.6297 0.7743 0.0626
vn -0.6310 0.7758 -0.0000
vn -0.6238 0.7816 -0.0000
vn -0.6237 0.7798 0.0536
vn -0.6582 -0.7528 -0.0000
vn -0.5840 -0.8118 -0.0000
vn -0.0000 0.9985 0.0548
vn -0.6849 0.7277 0.0386
vn -0.6854 0.7282 -0.0000
vn -0.3072 -0.6733 0.6725
vn -0.2864 -0.5548 0.7811
vn 0.1441 -0.5708 0.8084
vn 0.2863 -0.5548 0.7812
vn 0.2887 -0.5099 0.8103
vn 0.1310 -0.5280 0.8391
vn 0.3385 -0.5418 0.7693
vn 0.3383 -0.5452 0.7670
vn 0.3410 -0.5007 0.7956
vn -0.6157 0.7869 0.0417
vn -0.6162 0.7876 -0.0000
vn -0.3694 -0.6808 0.6325
vn -0.3613 -0.6576 0.6611
vn -0.0000 -0.5775 0.8164
vn -0.0000 -0.5326 0.8464
vn -0.2887 -0.5099 0.8103
vn 0.4597 0.3301 0.8244
vn 0.3991 -0.8151 0.4199
vn 0.3072 -0.6733 0.6726
vn -0.3992 -0.8151 0.4199
vn -0.0000 0.3717 0.9284
vn -0.4598 0.3301 0.8244
vn -0.3954 0.3414 0.8527
vn 0.4879 -0.8729 -0.0000
vn 0.5580 -0.8299 -0.0000
vn -0.4880 -0.8729 -0.0000
vn 0.6157 0.7869 0.0417
vn 0.6162 0.7876 -0.0000
vn 0.6848 0.7277 0.0386
vn 0.6853 0.7282 -0.0000
vn 0.6594 -0.6837 0.3125
vn 0.5576 -0.7611 0.3314
vn 0.5045 -0.6274 0.5932
vn 0.6606 -0.5420 0.5194
vn 0.4819 -0.4994 0.7200
vn 0.6504 -0.4266 0.6285
vn 0.5084 -0.4431 0.7384
vn 0.6398 -0.3837 0.6659
vn -0.2145 -0.8931 0.3955
vn -0.2429 -0.9700 -0.0000
vn 0.5580 -0.8298 -0.0000
vn -0.1982 0.3643 0.9099
vn -0.1600 0.3669 0.9164
vn -0.3953 0.3414 0.8527
vn -0.1566 -0.7161 0.6802
vn -0.3693 -0.6808 0.6325
vn 0.6132 0.2987 0.7313
vn 0.5193 0.3205 0.7922
vn 0.5411 0.3159 0.7794
vn 0.6297 0.7743 0.0626
vn 0.6237 0.7798 0.0536
vn 0.6238 0.7816 -0.0000
vn 0.6310 0.7758 -0.0000
vn 0.6582 -0.7528 -0.0000
vn 0.5840 -0.8118 -0.0000
vn 0.6849 0.7277 0.0386
vn 0.6854 0.7282 -0.0000
vn 0.3072 -0.6733 0.6725
vn 0.2864 -0.5548 0.7811
vn -0.1441 -0.5708 0.8084
vn -0.1310 -0.5280 0.8391
vn 0.3613 -0.6576 0.6610
vn 0.3694 -0.6808 0.6325
vn -0.4597 0.3301 0.8244
vn -0.3991 -0.8151 0.4199
vn 0.3992 -0.8151 0.4199
vn 0.4598 0.3301 0.8244
vn 0.3954 0.3414 0.8527
vn -0.4879 -0.8729 -0.0000
vn -0.5580 -0.8299 -0.0000
vn 0.4880 -0.8729 -0.0000
vn -0.6848 0.7277 0.0386
vn -0.6853 0.7282 -0.0000
vn -0.6594 -0.6837 -0.3125
vn -0.5576 -0.7611 -0.3314
vn -0.5045 -0.6274 -0.5932
vn -0.6606 -0.5420 -0.5194
vn -0.4819 -0.4994 -0.7200
vn -0.6504 -0.4266 -0.6285
vn -0.5084 -0.4431 -0.7384
vn -0.6398 -0.3837 -0.6659
vn -0.0000 -0.7236 -0.6902
vn -0.0000 -0.5511 -0.8344
vn -0.0000 0.9948 -0.1017
vn -0.0000 -0.4746 -0.8802
vn -0.0000 -0.9118 -0.4106
vn -0.0000 0.3831 -0.9237
vn -0.0000 -0.9056 -0.4242
vn 0.2145 -0.8931 -0.3955
vn -0.4606 -0.7859 -0.4126
vn -0.4979 -0.8029 -0.3278
vn 0.1982 0.3643 -0.9099
vn 0.1600 0.3669 -0.9164
vn 0.3953 0.3414 -0.8527
vn -0.0000 -0.7197 -0.6943
vn 0.1566 -0.7161 -0.6802
vn 0.4979 -0.8029 -0.3278
vn 0.3693 -0.6808 -0.6325
vn 0.3613 -0.6576 -0.6611
vn 0.4606 -0.7859 -0.4126
vn -0.3383 -0.5452 -0.7670
vn -0.3410 -0.5007 -0.7956
vn -0.3385 -0.5418 -0.7693
vn -0.6132 0.2987 -0.7313
vn -0.5193 0.3205 -0.7922
vn -0.5411 0.3159 -0.7794
vn -0.6297 0.7743 -0.0626
vn -0.6237 0.7798 -0.0536
vn -0.0000 0.9985 -0.0548
vn -0.6849 0.7277 -0.0386
vn -0.3072 -0.6733 -0.6725
vn -0.2864 -0.5548 -0.7811
vn 0.1441 -0.5708 -0.8084
vn 0.1310 -0.5280 -0.8391
vn 0.2887 -0.5099 -0.8103
vn 0.2864 -0.5548 -0.7811
vn 0.3385 -0.5418 -0.7693
vn 0.3410 -0.5007 -0.7956
vn 0.3383 -0.5452 -0.7670
vn -0.6157 0.7869 -0.0417
vn -0.3613 -0.6576 -0.6610
vn -0.3694 -0.6808 -0.6325
vn -0.0000 -0.5775 -0.8164
vn -0.0000 -0.5326 -0.8464
vn -0.2887 -0.5099 -0.8103
vn 0.4597 0.3301 -0.8244
vn 0.3072 -0.6733 -0.6725
vn 0.3991 -0.8151 -0.4199
vn -0.3992 -0.8151 -0.4199
vn -0.0000 0.3717 -0.9284
vn -0.4598 0.3301 -0.8244
vn -0.3954 0.3414 -0.8527
vn 0.6157 0.7869 -0.0417
vn 0.6848 0.7277 -0.0386
vn 0.6594 -0.6837 -0.3125
vn 0.6606 -0.5420 -0.5194
vn 0.5045 -0.6274 -0.5932
vn 0.5576 -0.7611 -0.3314
vn 0.6504 -0.4266 -0.6285
vn 0.4819 -0.4994 -0.7200
vn 0.6398 -0.3837 -0.6659
vn 0.5084 -0.4431 -0.7384
vn -0.2145 -0.8931 -0.3955
vn -0.1982 0.3643 -0.9099
vn -0.3953 0.3414 -0.8527
vn -0.1600 0.3669 -0.9164
vn -0.1566 -0.7161 -0.6802
vn -0.3613 -0.6576 -0.6611
vn -0.3693 -0.6808 -0.6325
vn 0.6132 0.2987 -0.7313
vn 0.5411 0.3159 -0.7794
vn 0.5193 0.3205 -0.7923
vn 0.6297 0.7743 -0.0626
vn 0.6237 0.7798 -0.0536
vn 0.6849 0.7277 -0.0386
vn -0.1441 -0.5708 -0.8084
vn -0.2863 -0.5548 -0.7812
vn -0.1310 -0.5280 -0.8391
vn 0.3694 -0.6808 -0.6325
vn -0.4597 0.3301 -0.8244
vn -0.3991 -0.8151 -0.4199
vn -0.3072 -0.6733 -0.6726
vn 0.3992 -0.8151 -0.4199
vn 0.4598 0.3301 -0.8244
vn 0.3954 0.3414 -0.8527
vn -0.6848 0.7277 -0.0386
vn -0.0002 0.0002 1.0000
vn -0.0003 0.0003 1.0000
vn 0.0006 -0.0005 -1.0000
vn 0.0003 -0.0233 -0.9997
vn 0.0003 -0.0226 -0.9997
vn -0.0053 -0.9985 0.0553
vn -0.0053 -0.9612 -0.2757
vn -0.0053 -0.9614 -0.2751
vn -0.0052 -0.9269 0.3754
vn -0.0052 -0.9267 0.3758
vn -0.0051 -0.7690 0.6392
vn -0.0051 -0.7684 0.6400
vn -0.0047 -0.5679 0.8231
vn -0.0047 -0.5668 0.8238
vn -0.0041 -0.3699 0.9290
vn -0.0041 -0.3686 0.9296
vn -0.0033 -0.2115 0.9774
vn -0.0033 -0.2104 0.9776
vn -0.0026 -0.1116 0.9937
vn -0.0026 -0.1109 0.9938
vn -0.0020 -0.0523 0.9986
vn -0.0020 -0.0529 0.9986
vn -0.0011 -0.0139 0.9999
vn -0.0011 -0.0135 0.9999
vn -0.0006 -0.0774 -0.9970
vn -0.0006 -0.0766 -0.9971
vn -0.0016 -0.1466 -0.9892
vn -0.0016 -0.1457 -0.9893
vn -0.0027 -0.2556 -0.9668
vn -0.0026 -0.2543 -0.9671
vn -0.0038 -0.4250 -0.9052
vn -0.0038 -0.4236 -0.9058
vn -0.0047 -0.6297 -0.7768
vn -0.0047 -0.6286 -0.7777
vn -0.0051 -0.8255 -0.5644
vn -0.0051 -0.8249 -0.5653
vn -0.0150 0.9657 0.2593
vn -0.0150 0.9654 0.2602
vn -0.0127 0.8060 0.5918
vn -0.0128 0.8071 0.5903
vn -0.0091 0.5375 0.8432
vn -0.0091 0.5397 0.8418
vn -0.0046 0.1964 0.9805
vn -0.0046 0.1993 0.9799
vn 0.0002 -0.1710 0.9853
vn 0.0002 -0.1682 0.9858
vn 0.0046 -0.5152 0.8571
vn 0.0046 -0.5131 0.8583
vn 0.0080 -0.7898 0.6134
vn 0.0080 -0.7887 0.6147
vn 0.0100 -0.9578 0.2871
vn 0.0100 -0.9576 0.2878
vn 0.0103 -0.9969 -0.0777
vn 0.0103 -0.9969 -0.0782
vn 0.0088 -0.9018 -0.4321
vn 0.0088 -0.9011 -0.4335
vn 0.0058 -0.6851 -0.7284
vn 0.0058 -0.6834 -0.7300
vn 0.0017 -0.3760 -0.9266
vn 0.0016 -0.3733 -0.9277
vn -0.0031 -0.0159 -0.9999
vn -0.0031 -0.0128 -0.9999
vn -0.0077 0.3464 -0.9380
vn -0.0078 0.3491 -0.9370
vn -0.0117 0.6621 -0.7493
vn -0.0117 0.6638 -0.7478
vn -0.0145 0.8883 -0.4591
vn -0.0145 0.8889 -0.4579
vn -0.0156 0.9942 -0.1067
vn -0.0156 0.9942 -0.1065
vn 0.0003 0.0003 1.0000
vn 0.0002 0.0002 1.0000
vn -0.0006 -0.0005 -1.0000
vn -0.0003 -0.0226 -0.9997
vn -0.0003 -0.0233 -0.9997
vn 0.0053 -0.9985 0.0553
vn 0.0053 -0.9614 -0.2751
vn 0.0053 -0.9612 -0.2757
vn 0.0052 -0.9267 0.3758
vn 0.0052 -0.9269 0.3754
vn 0.0051 -0.7684 0.6400
vn 0.0051 -0.7690 0.6392
vn 0.0047 -0.5668 0.8238
vn 0.0047 -0.5679 0.8231
vn 0.0041 -0.3686 0.9296
vn 0.0041 -0.3699 0.9290
vn 0.0033 -0.2104 0.9776
vn 0.0033 -0.2115 0.9774
vn 0.0026 -0.1109 0.9938
vn 0.0026 -0.1116 0.9937
vn 0.0020 -0.0523 0.9986
vn 0.0011 -0.0135 0.9999
vn 0.0011 -0.0139 0.9999
vn 0.0020 -0.0529 0.9986
vn 0.0006 -0.0766 -0.9971
vn 0.0006 -0.0774 -0.9970
vn 0.0016 -0.1457 -0.9893
vn 0.0016 -0.1466 -0.9892
vn 0.0026 -0.2543 -0.9671
vn 0.0027 -0.2556 -0.9668
vn 0.0038 -0.4236 -0.9058
vn 0.0038 -0.4250 -0.9052
vn 0.0047 -0.6286 -0.7777
vn 0.0047 -0.6297 -0.7768
vn 0.0051 -0.8249 -0.5653
vn 0.0051 -0.8255 -0.5644
vn 0.0150 0.9657 0.2593
vn 0.0128 0.8071 0.5903
vn 0.0127 0.8060 0.5918
vn 0.0150 0.9654 0.2602
vn 0.0091 0.5397 0.8418
vn 0.0091 0.5375 0.8432
vn 0.0046 0.1993 0.9799
vn 0.0046 0.1964 0.9805
vn -0.0002 -0.1682 0.9858
vn -0.0002 -0.1710 0.9853
vn -0.0046 -0.5131 0.8583
vn -0.0046 -0.5152 0.8571
vn -0.0080 -0.7887 0.6147
vn -0.0080 -0.7898 0.6134
vn -0.0100 -0.9576 0.2878
vn -0.0100 -0.9578 0.2871
vn -0.0103 -0.9969 -0.0782
vn -0.0103 -0.9969 -0.0777
vn -0.0088 -0.9011 -0.4335
vn -0.0088 -0.9018 -0.4321
vn -0.0058 -0.6834 -0.7300
vn -0.0058 -0.6851 -0.7284
vn -0.0016 -0.3733 -0.9277
vn -0.0017 -0.3760 -0.9266
vn 0.0031 -0.0128 -0.9999
vn 0.0031 -0.0159 -0.9999
vn 0.0078 0.3491 -0.9370
vn 0.0077 0.3464 -0.9380
vn 0.0117 0.6638 -0.7478
vn 0.0117 0.6621 -0.7493
vn 0.0145 0.8889 -0.4579
vn 0.0145 0.8883 -0.4591
vn 0.0156 0.9942 -0.1065
vn 0.0156 0.9942 -0.1067
vn -0.0003 0.0003 -1.0000
vn -0.0002 0.0002 -1.0000
vn 0.0006 -0.0005 1.0000
vn 0.0003 -0.0226 0.9997
vn 0.0003 -0.0233 0.9997
vn -0.0053 -0.9985 -0.0553
vn -0.0053 -0.9614 0.2751
vn -0.0053 -0.9612 0.2757
vn -0.0052 -0.9267 -0.3758
vn -0.0052 -0.9269 -0.3754
vn -0.0051 -0.7684 -0.6400
vn -0.0051 -0.7690 -0.6392
vn -0.0047 -0.5668 -0.8238
vn -0.0047 -0.5679 -0.8231
vn -0.0041 -0.3686 -0.9296
vn -0.0041 -0.3699 -0.9290
vn -0.0033 -0.2104 -0.9776
vn -0.0033 -0.2115 -0.9774
vn -0.0026 -0.1109 -0.9938
vn -0.0026 -0.1116 -0.9937
vn -0.0020 -0.0523 -0.9986
vn -0.0011 -0.0135 -0.9999
vn -0.0011 -0.0139 -0.9999
vn -0.0020 -0.0529 -0.9986
vn -0.0006 -0.0766 0.9971
vn -0.0006 -0.0774 0.9970
vn -0.0016 -0.1457 0.9893
vn -0.0016 -0.1466 0.9892
vn -0.0026 -0.2543 0.9671
vn -0.0027 -0.2556 0.9668
vn -0.0038 -0.4236 0.9058
vn -0.0038 -0.4250 0.9052
vn -0.0047 -0.6286 0.7777
vn -0.0047 -0.6297 0.7768
vn -0.0051 -0.8249 0.5653
vn -0.0051 -0.8255 0.5644
vn -0.0150 0.9657 -0.2593
vn -0.0128 0.8071 -0.5903
vn -0.0127 0.8060 -0.5918
vn -0.0150 0.9654 -0.2602
vn -0.0091 0.5397 -0.8418
vn -0.0091 0.5375 -0.8432
vn -0.0046 0.1993 -0.9799
vn -0.0046 0.1964 -0.9805
vn 0.0002 -0.1682 -0.9858
vn 0.0002 -0.1710 -0.9853
vn 0.0046 -0.5131 -0.8583
vn 0.0046 -0.5152 -0.8571
vn 0.0080 -0.7887 -0.6147
vn 0.0080 -0.7898 -0.6134
vn 0.0100 -0.9576 -0.2878
vn 0.0100 -0.9578 -0.2871
vn 0.0103 -0.9969 0.0782
vn 0.0103 -0.9969 0.0777
vn 0.0088 -0.9011 0.4335
vn 0.0088 -0.9018 0.4321
vn 0.0058 -0.6834 0.7300
vn 0.0058 -0.6851 0.7284
vn 0.0016 -0.3733 0.9277
vn 0.0017 -0.3760 0.9266
vn -0.0031 -0.0128 0.9999
vn -0.0031 -0.0159 0.9999
vn -0.0078 0.3491 0.9370
vn -0.0077 0.3464 0.9380
vn -0.0117 0.6638 0.7478
vn -0.0117 0.6621 0.7493
vn -0.0145 0.8889 0.4579
vn -0.0145 0.8883 0.4591
vn -0.0156 0.9942 0.1065
vn -0.0156 0.9942 0.1067
vn 0.0002 0.0002 -1.0000
vn 0.0003 0.0003 -1.0000
vn -0.0006 -0.0005 1.0000
vn -0.0003 -0.0233 0.9997
vn -0.0003 -0.0226 0.9997
vn 0.0053 -0.9985 -0.0553
vn 0.0053 -0.9612 0.2757
vn 0.0053 -0.9614 0.2751
vn 0.0052 -0.9269 -0.3754
vn 0.0052 -0.9267 -0.3758
vn 0.0051 -0.7690 -0.6392
vn 0.0051 -0.7684 -0.6400
vn 0.0047 -0.5679 -0.8231
vn 0.0047 -0.5668 -0.8238
vn 0.0041 -0.3699 -0.9290
vn 0.0041 -0.3686 -0.9296
vn 0.0033 -0.2115 -0.9774
vn 0.0033 -0.2104 -0.9776
vn 0.0026 -0.1116 -0.9937
vn 0.0026 -0.1109 -0.9938
vn 0.0020 -0.0523 -0.9986
vn 0.0020 -0.0529 -0.9986
vn 0.0011 -0.0139 -0.9999
vn 0.0011 -0.0135 -0.9999
vn 0.0006 -0.0774 0.9970
vn 0.0006 -0.0766 0.9971
vn 0.0016 -0.1466 0.9892
vn 0.0016 -0.1457 0.9893
vn 0.0027 -0.2556 0.9668
vn 0.0026 -0.2543 0.9671
vn 0.0038 -0.4250 0.9052
vn 0.0038 -0.4236 0.9058
vn 0.0047 -0.6297 0.7768
vn 0.0047 -0.6286 0.7777
vn 0.0051 -0.8255 0.5644
vn 0.0051 -0.8249 0.5653
vn 0.0150 0.9657 -0.2593
vn 0.0150 0.9654 -0.2602
vn 0.0127 0.8060 -0.5918
vn 0.0128 0.8071 -0.5903
vn 0.0091 0.5375 -0.8432
vn 0.0091 0.5397 -0.8418
vn 0.0046 0.1964 -0.9805
vn 0.0046 0.1993 -0.9799
vn -0.0002 -0.1710 -0.9853
vn -0.0002 -0.1682 -0.9858
vn -0.0046 -0.5152 -0.8571
vn -0.0046 -0.5131 -0.8583
vn -0.0080 -0.7898 -0.6134
vn -0.0080 -0.7887 -0.6147
vn -0.0100 -0.9578 -0.2871
vn -0.0100 -0.9576 -0.2878
vn -0.0103 -0.9969 0.0777
vn -0.0103 -0.9969 0.0782
vn -0.0088 -0.9018 0.4321
vn -0.0088 -0.9011 0.4335
vn -0.0058 -0.6851 0.7284
vn -0.0058 -0.6834 0.7300
vn -0.0017 -0.3760 0.9266
vn -0.0016 -0.3733 0.9277
vn 0.0031 -0.0159 0.9999
vn 0.0031 -0.0128 0.9999
vn 0.0077 0.3464 0.9380
vn 0.0078 0.3491 0.9370
vn 0.0117 0.6621 0.7493
vn 0.0117 0.6638 0.7478
vn 0.0145 0.8883 0.4591
vn 0.0145 0.8889 0.4579
vn 0.0156 0.9942 0.1067
vn 0.0156 0.9942 0.1065
vt 0.507758 0.365753
vt 0.316150 0.245163
vt 0.316150 0.211170
vt 0.509945 0.386104
vt 0.316150 0.222501
vt 0.519061 0.380272
vt 0.316150 0.230055
vt 0.519637 0.372869
vt 0.316150 0.214947
vt 0.513647 0.385355
vt 0.316150 0.218724
vt 0.516829 0.383320
vt 0.316150 0.226278
vt 0.520041 0.376625
vt 0.316150 0.233832
vt 0.517904 0.369513
vt 0.316150 0.237609
vt 0.515076 0.367010
vt 0.316150 0.241386
vt 0.511534 0.365697
vt 0.506223 0.385464
vt 0.316150 0.207392
vt 0.326847 0.245163
vt 0.517546 0.288479
vt 0.326847 0.211170
vt 0.515358 0.308830
vt 0.326847 0.222501
vt 0.506242 0.302999
vt 0.326847 0.230055
vt 0.505666 0.295596
vt 0.326847 0.214947
vt 0.511656 0.308082
vt 0.326847 0.218724
vt 0.508474 0.306046
vt 0.326847 0.226278
vt 0.505262 0.299351
vt 0.326847 0.233832
vt 0.507399 0.292240
vt 0.326847 0.237609
vt 0.510227 0.289737
vt 0.326847 0.241386
vt 0.513769 0.288424
vt 0.519080 0.308191
vt 0.326847 0.207392
vt 0.136820 0.025213
vt 0.507945 0.317257
vt 0.147517 0.025213
vt 0.517358 0.394530
vt 0.136820 0.032627
vt 0.501700 0.313262
vt 0.147517 0.032627
vt 0.523604 0.390535
vt 0.136820 0.047455
vt 0.495395 0.300120
vt 0.147517 0.047455
vt 0.529908 0.377393
vt 0.499589 0.286160
vt 0.525714 0.363434
vt 0.505141 0.281246
vt 0.161633 0.414445
vt 0.520162 0.358520
vt 0.150936 0.414445
vt 0.161633 0.407031
vt 0.512094 0.278670
vt 0.150936 0.407031
vt 0.513210 0.355943
vt 0.520756 0.317945
vt 0.136820 0.012200
vt 0.504547 0.395218
vt 0.147517 0.012200
vt 0.147517 0.017799
vt 0.510091 0.395999
vt 0.507612 0.355857
vt 0.150936 0.401433
vt 0.147517 0.040041
vt 0.527984 0.384553
vt 0.147517 0.054870
vt 0.529116 0.370021
vt 0.161633 0.401433
vt 0.517691 0.278584
vt 0.136820 0.017799
vt 0.515212 0.318726
vt 0.136820 0.040041
vt 0.497319 0.307280
vt 0.496187 0.292748
vt 0.136820 0.054870
vt 0.011370 0.646686
vt 0.349261 0.401151
vt 0.127404 0.457040
vt 0.349261 0.411848
vt 0.127404 0.446344
vt 0.113865 0.408584
vt 0.496568 0.369712
vt 0.264764 0.960232
vt 0.316150 0.257033
vt 0.264764 0.949536
vt 0.326847 0.257033
vt 0.528736 0.292439
vt 0.011312 0.640215
vt 0.342790 0.401151
vt 0.020253 0.723493
vt 0.342790 0.411848
vt 0.020253 0.712797
vt 0.113808 0.415055
vt 0.496422 0.362854
vt 0.271624 0.960232
vt 0.150936 0.388236
vt 0.271624 0.949536
vt 0.161633 0.388236
vt 0.528881 0.285580
vt 0.480830 0.235724
vt 0.544473 0.312998
vt 0.485348 0.229344
vt 0.161633 0.470766
vt 0.150936 0.470766
vt 0.539956 0.306618
vt 0.550534 0.319839
vt 0.147517 0.110194
vt 0.474770 0.242566
vt 0.136820 0.110194
vt 0.495175 0.260942
vt 0.500210 0.255295
vt 0.161633 0.440861
vt 0.525093 0.332569
vt 0.150936 0.440861
vt 0.530128 0.338216
vt 0.147517 0.080610
vt 0.534859 0.344930
vt 0.490444 0.267657
vt 0.136820 0.080610
vt 0.480980 0.169027
vt 0.544323 0.246301
vt 0.161633 0.531084
vt 0.224075 0.353080
vt 0.485497 0.169027
vt 0.150936 0.531084
vt 0.213379 0.353057
vt 0.539806 0.246301
vt 0.550384 0.246301
vt 0.147517 0.183733
vt 0.474919 0.169027
vt 0.136820 0.183733
vt 0.480980 0.159863
vt 0.544323 0.237137
vt 0.485497 0.159863
vt 0.539806 0.237137
vt 0.550384 0.237137
vt 0.147517 0.192897
vt 0.474919 0.159863
vt 0.136820 0.192897
vt 0.224049 0.365099
vt 0.497508 0.168565
vt 0.213352 0.365083
vt 0.527788 0.245855
vt 0.794170 0.971043
vt 0.490134 0.159863
vt 0.804866 0.971043
vt 0.535169 0.237137
vt 0.480980 0.167113
vt 0.485497 0.167113
vt 0.544323 0.243855
vt 0.147517 0.185921
vt 0.550384 0.244113
vt 0.539806 0.243855
vt 0.136820 0.185921
vt 0.474919 0.166839
vt 0.794170 0.982285
vt 0.015102 0.671990
vt 0.496959 0.166603
vt 0.804866 0.982285
vt 0.025799 0.672005
vt 0.528344 0.243877
vt 0.480980 0.164865
vt 0.544323 0.241945
vt 0.136820 0.187609
vt 0.474919 0.165151
vt 0.485497 0.164865
vt 0.147517 0.187609
vt 0.550384 0.242424
vt 0.539806 0.241945
vt 0.794170 0.975516
vt 0.490589 0.164313
vt 0.804866 0.975516
vt 0.534715 0.241586
vt 0.021044 0.712797
vt 0.114593 0.415149
vt 0.494094 0.391131
vt 0.147517 0.000977
vt 0.126665 0.446344
vt 0.114593 0.408455
vt 0.495770 0.384650
vt 0.316150 0.196908
vt 0.012097 0.640121
vt 0.021044 0.723493
vt 0.531209 0.313858
vt 0.136820 0.000977
vt 0.012097 0.646815
vt 0.126665 0.457040
vt 0.529534 0.307377
vt 0.326847 0.196908
vt 0.224035 0.378154
vt 0.506176 0.159863
vt 0.213338 0.378154
vt 0.519113 0.237137
vt 0.224039 0.372000
vt 0.503524 0.165256
vt 0.213342 0.371991
vt 0.521767 0.242538
vt 0.015092 0.681477
vt 0.502936 0.159863
vt 0.025789 0.681477
vt 0.522385 0.237137
vt 0.224043 0.368589
vt 0.500716 0.167193
vt 0.213347 0.368576
vt 0.524577 0.244479
vt 0.015093 0.679269
vt 0.502452 0.162018
vt 0.015095 0.676962
vt 0.501099 0.163886
vt 0.015099 0.674498
vt 0.499169 0.165418
vt 0.025795 0.674508
vt 0.526141 0.242689
vt 0.025792 0.676969
vt 0.524217 0.241155
vt 0.025790 0.679272
vt 0.522868 0.239289
vt 0.213339 0.375147
vt 0.519810 0.240062
vt 0.224036 0.375152
vt 0.505479 0.162784
vt 0.485497 0.168819
vt 0.550384 0.246063
vt 0.147517 0.183970
vt 0.539806 0.246035
vt 0.497448 0.168352
vt 0.527848 0.245640
vt 0.480980 0.168819
vt 0.544323 0.246035
vt 0.474919 0.168790
vt 0.136820 0.183970
vt 0.524747 0.244285
vt 0.522033 0.242388
vt 0.500548 0.167001
vt 0.520142 0.239978
vt 0.519468 0.237137
vt 0.503261 0.165107
vt 0.505151 0.162700
vt 0.505824 0.159863
vt 0.589211 0.084974
vt 0.011673 0.720244
vt 0.011673 0.686250
vt 0.591399 0.064623
vt 0.011673 0.697581
vt 0.600514 0.070455
vt 0.011673 0.705135
vt 0.601091 0.077858
vt 0.011673 0.690027
vt 0.595101 0.065372
vt 0.011673 0.693804
vt 0.598283 0.067407
vt 0.011673 0.701358
vt 0.601494 0.074102
vt 0.011673 0.708912
vt 0.599358 0.081214
vt 0.011673 0.712689
vt 0.596529 0.083717
vt 0.011673 0.716466
vt 0.592988 0.085030
vt 0.587676 0.065263
vt 0.011673 0.682472
vt 0.000977 0.720244
vt 0.548484 0.353980
vt 0.000977 0.686250
vt 0.550672 0.374330
vt 0.000977 0.697581
vt 0.559788 0.368499
vt 0.000977 0.705135
vt 0.560364 0.361096
vt 0.000977 0.690027
vt 0.554374 0.373582
vt 0.000977 0.693804
vt 0.557556 0.371546
vt 0.000977 0.701358
vt 0.560768 0.364851
vt 0.000977 0.708912
vt 0.558631 0.357740
vt 0.000977 0.712689
vt 0.555803 0.355237
vt 0.000977 0.716466
vt 0.552261 0.353924
vt 0.546949 0.373691
vt 0.000977 0.682472
vt 0.161633 0.025213
vt 0.558085 0.382757
vt 0.150936 0.025213
vt 0.598811 0.056197
vt 0.161633 0.032627
vt 0.564330 0.378762
vt 0.150936 0.032627
vt 0.605057 0.060192
vt 0.161633 0.047455
vt 0.570635 0.365620
vt 0.150936 0.047455
vt 0.611362 0.073334
vt 0.566440 0.351660
vt 0.607167 0.087293
vt 0.560888 0.346747
vt 0.544539 0.413879
vt 0.601615 0.092207
vt 0.555235 0.413879
vt 0.544539 0.406465
vt 0.553936 0.344170
vt 0.555235 0.406465
vt 0.594663 0.094784
vt 0.545274 0.383445
vt 0.161633 0.012200
vt 0.586001 0.055509
vt 0.150936 0.012200
vt 0.150936 0.017799
vt 0.591544 0.054728
vt 0.589065 0.094870
vt 0.555235 0.400867
vt 0.150936 0.040041
vt 0.609438 0.066174
vt 0.150936 0.054870
vt 0.610569 0.080706
vt 0.544539 0.400867
vt 0.548339 0.344084
vt 0.161633 0.017799
vt 0.550817 0.384226
vt 0.161633 0.040041
vt 0.568711 0.372780
vt 0.569842 0.358248
vt 0.161633 0.054870
vt 0.097835 0.408571
vt 0.282890 0.314996
vt 0.015911 0.597429
vt 0.282890 0.325693
vt 0.015911 0.608125
vt 0.006209 0.431013
vt 0.578021 0.081015
vt 0.319202 0.411848
vt 0.011673 0.732113
vt 0.319202 0.401151
vt 0.000977 0.732113
vt 0.537294 0.357939
vt 0.097778 0.415041
vt 0.289361 0.314996
vt 0.261638 0.317287
vt 0.289361 0.325693
vt 0.261638 0.327984
vt 0.006151 0.424542
vt 0.577876 0.087873
vt 0.312342 0.411848
vt 0.555235 0.387669
vt 0.312342 0.401151
vt 0.544539 0.387669
vt 0.537149 0.351080
vt 0.585199 0.301225
vt 0.625926 0.137729
vt 0.580682 0.294845
vt 0.544539 0.470200
vt 0.555235 0.470200
vt 0.621409 0.144109
vt 0.631987 0.130888
vt 0.150936 0.110194
vt 0.591260 0.308066
vt 0.161633 0.110194
vt 0.570855 0.326442
vt 0.565820 0.320796
vt 0.544539 0.440294
vt 0.606547 0.118158
vt 0.555235 0.440294
vt 0.611581 0.112511
vt 0.150936 0.080610
vt 0.616313 0.105797
vt 0.575586 0.333157
vt 0.161633 0.080610
vt 0.585050 0.234527
vt 0.625776 0.204426
vt 0.544539 0.530517
vt 0.238235 0.403228
vt 0.580532 0.234527
vt 0.555235 0.530517
vt 0.227538 0.403252
vt 0.621259 0.204426
vt 0.631837 0.204426
vt 0.150936 0.183733
vt 0.591110 0.234527
vt 0.161633 0.183733
vt 0.585050 0.225364
vt 0.625776 0.213590
vt 0.580532 0.225364
vt 0.621259 0.213590
vt 0.631837 0.213590
vt 0.150936 0.192896
vt 0.591110 0.225364
vt 0.161633 0.192896
vt 0.238208 0.391209
vt 0.568522 0.234066
vt 0.227512 0.391225
vt 0.609241 0.204872
vt 0.846570 0.157105
vt 0.575896 0.225364
vt 0.835873 0.157105
vt 0.616623 0.213590
vt 0.585050 0.232614
vt 0.580532 0.232614
vt 0.625776 0.206872
vt 0.150936 0.185921
vt 0.631837 0.206614
vt 0.621259 0.206872
vt 0.161633 0.185921
vt 0.591110 0.232339
vt 0.846570 0.168347
vt 0.615226 0.654065
vt 0.569071 0.232104
vt 0.835873 0.168347
vt 0.625922 0.654050
vt 0.609797 0.206850
vt 0.585050 0.230365
vt 0.625776 0.208782
vt 0.161633 0.187609
vt 0.591110 0.230651
vt 0.580532 0.230365
vt 0.150936 0.187609
vt 0.631837 0.208303
vt 0.621259 0.208782
vt 0.846570 0.161577
vt 0.575441 0.229813
vt 0.835873 0.161577
vt 0.616168 0.209140
vt 0.262429 0.327984
vt 0.006936 0.424448
vt 0.575548 0.059596
vt 0.150936 0.000977
vt 0.015172 0.608125
vt 0.006936 0.431142
vt 0.577223 0.066077
vt 0.011673 0.671988
vt 0.098563 0.415135
vt 0.262429 0.317287
vt 0.534821 0.379358
vt 0.161633 0.000977
vt 0.098563 0.408442
vt 0.015172 0.597429
vt 0.536496 0.372877
vt 0.000977 0.671988
vt 0.238195 0.378154
vt 0.559854 0.225364
vt 0.227498 0.378154
vt 0.600566 0.213590
vt 0.238198 0.384308
vt 0.562506 0.230756
vt 0.227502 0.384317
vt 0.603220 0.208189
vt 0.615216 0.644578
vt 0.563094 0.225364
vt 0.625913 0.644578
vt 0.603839 0.213590
vt 0.238203 0.387719
vt 0.565314 0.232693
vt 0.227506 0.387732
vt 0.606030 0.206248
vt 0.615217 0.646786
vt 0.563577 0.227518
vt 0.615219 0.649092
vt 0.564930 0.229386
vt 0.615222 0.651557
vt 0.566861 0.230919
vt 0.625919 0.651547
vt 0.607594 0.208038
vt 0.625916 0.649086
vt 0.605670 0.209572
vt 0.625913 0.646783
vt 0.604321 0.211438
vt 0.227499 0.381161
vt 0.601263 0.210665
vt 0.238195 0.381156
vt 0.560551 0.228284
vt 0.580532 0.234320
vt 0.631837 0.204664
vt 0.150936 0.183970
vt 0.621259 0.204692
vt 0.568582 0.233853
vt 0.609302 0.205087
vt 0.585050 0.234320
vt 0.625776 0.204692
vt 0.591110 0.234290
vt 0.161633 0.183970
vt 0.606200 0.206442
vt 0.603486 0.208339
vt 0.565481 0.232501
vt 0.601595 0.210749
vt 0.600921 0.213590
vt 0.562769 0.230607
vt 0.560879 0.228201
vt 0.560206 0.225364
vt 0.507758 0.108521
vt 0.250152 0.949905
vt 0.250152 0.915911
vt 0.509945 0.088170
vt 0.250152 0.927242
vt 0.519061 0.094001
vt 0.250152 0.934796
vt 0.519637 0.101404
vt 0.250152 0.919688
vt 0.513647 0.088919
vt 0.250152 0.923465
vt 0.516829 0.090954
vt 0.250152 0.931019
vt 0.520041 0.097649
vt 0.250152 0.938573
vt 0.517904 0.104760
vt 0.250152 0.942351
vt 0.515076 0.107264
vt 0.250152 0.946128
vt 0.511534 0.108576
vt 0.506223 0.088809
vt 0.250152 0.912134
vt 0.239455 0.949905
vt 0.517546 0.031247
vt 0.239455 0.915911
vt 0.515358 0.010897
vt 0.239455 0.927242
vt 0.506242 0.016728
vt 0.239455 0.934796
vt 0.505666 0.024131
vt 0.239455 0.919688
vt 0.511656 0.011645
vt 0.239455 0.923465
vt 0.508474 0.013680
vt 0.239455 0.931019
vt 0.505262 0.020375
vt 0.239455 0.938573
vt 0.507399 0.027487
vt 0.239455 0.942351
vt 0.510227 0.029990
vt 0.239455 0.946128
vt 0.513769 0.031303
vt 0.519080 0.011536
vt 0.239455 0.912134
vt 0.136820 0.360581
vt 0.507945 0.002470
vt 0.147517 0.360581
vt 0.517358 0.079743
vt 0.136820 0.353166
vt 0.501700 0.006465
vt 0.147517 0.353166
vt 0.523604 0.083739
vt 0.136820 0.338338
vt 0.495395 0.019607
vt 0.147517 0.338338
vt 0.529908 0.096881
vt 0.499589 0.033567
vt 0.525714 0.110840
vt 0.505141 0.038480
vt 0.136821 0.414446
vt 0.520162 0.115754
vt 0.147517 0.414446
vt 0.136821 0.407031
vt 0.512094 0.041057
vt 0.147517 0.407031
vt 0.513210 0.118330
vt 0.520756 0.001782
vt 0.136820 0.373593
vt 0.504547 0.079055
vt 0.147517 0.373593
vt 0.147517 0.367995
vt 0.510091 0.078274
vt 0.507612 0.118417
vt 0.147517 0.401433
vt 0.147517 0.345752
vt 0.527984 0.089720
vt 0.147517 0.330924
vt 0.529116 0.104252
vt 0.136821 0.401433
vt 0.517691 0.041143
vt 0.136820 0.367995
vt 0.515212 0.001001
vt 0.136820 0.345752
vt 0.497319 0.012447
vt 0.496187 0.026979
vt 0.136820 0.330924
vt 0.025446 0.408562
vt 0.103904 0.408124
vt 0.046515 0.460562
vt 0.103904 0.418821
vt 0.046515 0.471259
vt 0.028529 0.533961
vt 0.496568 0.104561
vt 0.332511 0.401151
vt 0.250152 0.961774
vt 0.332511 0.411848
vt 0.239455 0.961774
vt 0.528736 0.027288
vt 0.025388 0.415032
vt 0.110375 0.408124
vt 0.286036 0.011673
vt 0.110375 0.418821
vt 0.286036 0.000977
vt 0.028471 0.527490
vt 0.496422 0.111420
vt 0.339371 0.401151
vt 0.147517 0.388236
vt 0.339371 0.411848
vt 0.136821 0.388236
vt 0.528881 0.034146
vt 0.480830 0.084002
vt 0.544473 0.161276
vt 0.485348 0.090382
vt 0.136821 0.470767
vt 0.147517 0.470767
vt 0.539956 0.167656
vt 0.550534 0.154434
vt 0.147517 0.275599
vt 0.474770 0.077161
vt 0.136820 0.275599
vt 0.495175 0.058784
vt 0.500210 0.064431
vt 0.136821 0.440861
vt 0.525093 0.141705
vt 0.147517 0.440861
vt 0.530128 0.136058
vt 0.147517 0.305184
vt 0.534859 0.129343
vt 0.490444 0.052070
vt 0.136820 0.305184
vt 0.480980 0.150700
vt 0.544323 0.227973
vt 0.136821 0.531084
vt 0.224075 0.403228
vt 0.485497 0.150700
vt 0.147517 0.531084
vt 0.213379 0.403252
vt 0.539806 0.227973
vt 0.550384 0.227973
vt 0.147517 0.202060
vt 0.474919 0.150700
vt 0.136820 0.202060
vt 0.224049 0.391209
vt 0.497508 0.151161
vt 0.213352 0.391225
vt 0.527788 0.228419
vt 0.480980 0.152613
vt 0.485497 0.152613
vt 0.544323 0.230418
vt 0.147517 0.199872
vt 0.550384 0.230161
vt 0.539806 0.230418
vt 0.136820 0.199872
vt 0.474919 0.152888
vt 0.794170 0.959800
vt 0.015102 0.690964
vt 0.496959 0.153123
vt 0.804866 0.959800
vt 0.025799 0.690949
vt 0.528344 0.230397
vt 0.480980 0.154862
vt 0.544323 0.232328
vt 0.136820 0.198184
vt 0.474919 0.154576
vt 0.485497 0.154862
vt 0.147517 0.198184
vt 0.550384 0.231849
vt 0.539806 0.232328
vt 0.794170 0.966570
vt 0.490589 0.155414
vt 0.804866 0.966570
vt 0.534715 0.232687
vt 0.285245 0.000977
vt 0.029257 0.527396
vt 0.494094 0.083142
vt 0.147517 0.384817
vt 0.045776 0.471259
vt 0.029257 0.534090
vt 0.495769 0.089623
vt 0.250152 0.901649
vt 0.026173 0.415127
vt 0.285245 0.011673
vt 0.531209 0.005869
vt 0.136820 0.384817
vt 0.026173 0.408433
vt 0.045776 0.460562
vt 0.529534 0.012350
vt 0.239455 0.901649
vt 0.224039 0.384308
vt 0.503524 0.154471
vt 0.213342 0.384317
vt 0.521767 0.231736
vt 0.224043 0.387719
vt 0.500716 0.152534
vt 0.213347 0.387732
vt 0.524577 0.229794
vt 0.015093 0.683685
vt 0.502452 0.157709
vt 0.015095 0.685991
vt 0.501099 0.155841
vt 0.015099 0.688456
vt 0.499169 0.154308
vt 0.025795 0.688446
vt 0.526141 0.231585
vt 0.025792 0.685985
vt 0.524217 0.233118
vt 0.025790 0.683682
vt 0.522868 0.234985
vt 0.213339 0.381161
vt 0.519810 0.234212
vt 0.224036 0.381156
vt 0.505479 0.156943
vt 0.485497 0.150907
vt 0.550384 0.228210
vt 0.147517 0.201823
vt 0.539806 0.228238
vt 0.497448 0.151374
vt 0.527848 0.228634
vt 0.480980 0.150907
vt 0.544323 0.228238
vt 0.474919 0.150937
vt 0.136820 0.201823
vt 0.524747 0.229989
vt 0.522033 0.231886
vt 0.500548 0.152726
vt 0.520142 0.234296
vt 0.503261 0.154620
vt 0.505151 0.157026
vt 0.589211 0.342206
vt 0.330266 0.245163
vt 0.330266 0.211170
vt 0.591399 0.362557
vt 0.330266 0.222501
vt 0.600514 0.356726
vt 0.330266 0.230055
vt 0.601091 0.349323
vt 0.330266 0.214947
vt 0.595101 0.361808
vt 0.330266 0.218724
vt 0.598283 0.359773
vt 0.330266 0.226278
vt 0.601494 0.353078
vt 0.330266 0.233832
vt 0.599358 0.345967
vt 0.330266 0.237609
vt 0.596529 0.343463
vt 0.330266 0.241386
vt 0.592988 0.342151
vt 0.587676 0.361918
vt 0.330266 0.207392
vt 0.340962 0.245163
vt 0.548484 0.096748
vt 0.340962 0.211170
vt 0.550672 0.076397
vt 0.340962 0.222501
vt 0.559788 0.082228
vt 0.340962 0.230055
vt 0.560364 0.089631
vt 0.340962 0.214947
vt 0.554374 0.077145
vt 0.340962 0.218724
vt 0.557556 0.079181
vt 0.340962 0.226278
vt 0.560768 0.085876
vt 0.340962 0.233832
vt 0.558631 0.092987
vt 0.340962 0.237609
vt 0.555803 0.095491
vt 0.340962 0.241386
vt 0.552261 0.096803
vt 0.546949 0.077036
vt 0.340962 0.207392
vt 0.161633 0.360580
vt 0.558085 0.067970
vt 0.150936 0.360580
vt 0.598811 0.370983
vt 0.161633 0.353166
vt 0.564330 0.071966
vt 0.150936 0.353166
vt 0.605057 0.366988
vt 0.161633 0.338338
vt 0.570635 0.085108
vt 0.150936 0.338338
vt 0.611362 0.353846
vt 0.566440 0.099067
vt 0.607167 0.339887
vt 0.560888 0.103981
vt 0.541120 0.414370
vt 0.601615 0.334973
vt 0.530423 0.414370
vt 0.541120 0.406955
vt 0.553936 0.106557
vt 0.530423 0.406955
vt 0.594663 0.332397
vt 0.545274 0.067282
vt 0.161633 0.373593
vt 0.586001 0.371672
vt 0.150936 0.373593
vt 0.150936 0.367995
vt 0.591544 0.372453
vt 0.589065 0.332310
vt 0.530423 0.401357
vt 0.150936 0.345752
vt 0.609438 0.361007
vt 0.150936 0.330924
vt 0.610569 0.346475
vt 0.541120 0.401357
vt 0.548339 0.106643
vt 0.161633 0.367995
vt 0.550817 0.066501
vt 0.161633 0.345752
vt 0.568711 0.077947
vt 0.569842 0.092479
vt 0.161633 0.330924
vt 0.034452 0.678771
vt 0.322621 0.411848
vt 0.009071 0.539509
vt 0.322621 0.401151
vt 0.009071 0.550206
vt 0.098792 0.524375
vt 0.578021 0.346166
vt 0.269863 0.704072
vt 0.330266 0.257033
vt 0.269863 0.714769
vt 0.340962 0.257033
vt 0.537294 0.092788
vt 0.034395 0.672300
vt 0.329092 0.411848
vt 0.025039 0.524120
vt 0.329092 0.401151
vt 0.025039 0.534816
vt 0.098734 0.530845
vt 0.577876 0.339307
vt 0.263003 0.704072
vt 0.530423 0.388160
vt 0.263003 0.714769
vt 0.541120 0.388160
vt 0.537149 0.099647
vt 0.585200 0.149503
vt 0.625926 0.289451
vt 0.580682 0.155883
vt 0.541120 0.470691
vt 0.530423 0.470691
vt 0.621409 0.283071
vt 0.631987 0.296293
vt 0.150936 0.275599
vt 0.591260 0.142661
vt 0.161633 0.275599
vt 0.570855 0.124285
vt 0.565820 0.129932
vt 0.541120 0.440785
vt 0.606547 0.309022
vt 0.530423 0.440785
vt 0.611581 0.314669
vt 0.150936 0.305184
vt 0.616313 0.321384
vt 0.575586 0.117570
vt 0.161633 0.305184
vt 0.585050 0.216200
vt 0.625776 0.222754
vt 0.541120 0.531008
vt 0.238235 0.353080
vt 0.580532 0.216200
vt 0.530423 0.531008
vt 0.227538 0.353057
vt 0.621259 0.222754
vt 0.631837 0.222754
vt 0.150936 0.202060
vt 0.591110 0.216200
vt 0.161633 0.202060
vt 0.238208 0.365099
vt 0.568522 0.216662
vt 0.227512 0.365083
vt 0.609241 0.222308
vt 0.585050 0.218113
vt 0.580532 0.218113
vt 0.625776 0.220308
vt 0.150936 0.199872
vt 0.631837 0.220566
vt 0.621259 0.220308
vt 0.161633 0.199872
vt 0.591110 0.218388
vt 0.846570 0.145862
vt 0.615226 0.635091
vt 0.569071 0.218624
vt 0.835873 0.145862
vt 0.625922 0.635106
vt 0.609797 0.220330
vt 0.585050 0.220362
vt 0.625776 0.218399
vt 0.161633 0.198184
vt 0.591110 0.220076
vt 0.580532 0.220362
vt 0.150936 0.198184
vt 0.631837 0.218878
vt 0.621259 0.218399
vt 0.846570 0.152632
vt 0.575441 0.220914
vt 0.835873 0.152632
vt 0.616168 0.218040
vt 0.024248 0.534816
vt 0.099519 0.530940
vt 0.575548 0.367584
vt 0.150936 0.384817
vt 0.009810 0.550206
vt 0.099519 0.524246
vt 0.577223 0.361104
vt 0.330266 0.196908
vt 0.035180 0.672206
vt 0.024248 0.524120
vt 0.534821 0.071369
vt 0.161633 0.384817
vt 0.035180 0.678899
vt 0.009810 0.539509
vt 0.536496 0.077850
vt 0.340962 0.196908
vt 0.238198 0.372000
vt 0.562506 0.219971
vt 0.227502 0.371991
vt 0.603220 0.218991
vt 0.238203 0.368589
vt 0.565314 0.218034
vt 0.227506 0.368576
vt 0.606030 0.220932
vt 0.615217 0.642370
vt 0.563577 0.223209
vt 0.615219 0.640063
vt 0.564930 0.221341
vt 0.615222 0.637599
vt 0.566861 0.219809
vt 0.625919 0.637609
vt 0.607594 0.219142
vt 0.625916 0.640069
vt 0.605670 0.217609
vt 0.625913 0.642373
vt 0.604321 0.215742
vt 0.227499 0.375147
vt 0.601263 0.216515
vt 0.238195 0.375152
vt 0.560551 0.222443
vt 0.580532 0.216407
vt 0.631837 0.222516
vt 0.150936 0.201823
vt 0.621259 0.222489
vt 0.568582 0.216875
vt 0.609302 0.222093
vt 0.585050 0.216407
vt 0.625776 0.222489
vt 0.591110 0.216437
vt 0.161633 0.201823
vt 0.606200 0.220738
vt 0.603486 0.218841
vt 0.565481 0.218226
vt 0.601595 0.216431
vt 0.562769 0.220120
vt 0.560879 0.222526
vt 0.090575 0.528775
vt 0.216621 0.979407
vt 0.259584 0.733338
vt 0.094056 0.528775
vt 0.220102 0.979407
vt 0.124699 0.501797
vt 0.094056 0.533826
vt 0.887087 0.503764
vt 0.119649 0.501797
vt 0.090575 0.533826
vt 0.254533 0.733338
vt 0.883607 0.503764
vt 0.259584 0.704072
vt 0.216621 0.950067
vt 0.184247 0.375328
vt 0.124699 0.531063
vt 0.220102 0.950067
vt 0.187727 0.375328
vt 0.119649 0.531063
vt 0.887087 0.533104
vt 0.187727 0.370278
vt 0.883607 0.533104
vt 0.254533 0.704072
vt 0.184247 0.370278
vt 0.887087 0.504022
vt 0.119649 0.502056
vt 0.220102 0.979149
vt 0.124699 0.502056
vt 0.883607 0.504022
vt 0.254533 0.733079
vt 0.259584 0.733079
vt 0.216621 0.979149
vt 0.220102 0.972977
vt 0.124699 0.508152
vt 0.887087 0.510194
vt 0.119649 0.508152
vt 0.883607 0.510194
vt 0.254533 0.726983
vt 0.216621 0.972977
vt 0.259584 0.726983
vt 0.887587 0.508584
vt 0.119084 0.506565
vt 0.887587 0.504705
vt 0.119084 0.502686
vt 0.883107 0.508584
vt 0.253968 0.728570
vt 0.253968 0.732449
vt 0.883107 0.504705
vt 0.216122 0.974586
vt 0.260149 0.728570
vt 0.260149 0.732449
vt 0.216122 0.978466
vt 0.220601 0.978466
vt 0.125265 0.502686
vt 0.220601 0.974586
vt 0.125265 0.506565
vt 0.213395 0.411725
vt 0.583604 0.950058
vt 0.891072 0.533843
vt 0.216876 0.411725
vt 0.587085 0.950058
vt 0.899098 0.837212
vt 0.216876 0.406674
vt 0.594484 0.979399
vt 0.904148 0.837212
vt 0.213395 0.406674
vt 0.896122 0.533843
vt 0.591004 0.979399
vt 0.891072 0.504578
vt 0.583604 0.979399
vt 0.130146 0.473979
vt 0.899098 0.866478
vt 0.587085 0.979399
vt 0.126665 0.473979
vt 0.904148 0.866478
vt 0.594484 0.950058
vt 0.126665 0.468929
vt 0.591004 0.950058
vt 0.896122 0.504578
vt 0.130146 0.468929
vt 0.594484 0.979140
vt 0.904148 0.837471
vt 0.587085 0.950317
vt 0.899098 0.837471
vt 0.591004 0.979140
vt 0.896122 0.533585
vt 0.891072 0.533585
vt 0.583604 0.950317
vt 0.587085 0.956489
vt 0.899098 0.843567
vt 0.594484 0.972969
vt 0.904148 0.843567
vt 0.591004 0.972969
vt 0.896122 0.527488
vt 0.583604 0.956489
vt 0.891072 0.527488
vt 0.594984 0.974578
vt 0.904713 0.841980
vt 0.594984 0.978457
vt 0.904713 0.838101
vt 0.590504 0.974578
vt 0.896687 0.529076
vt 0.896687 0.532955
vt 0.590504 0.978457
vt 0.583105 0.954879
vt 0.890506 0.529076
vt 0.890506 0.532955
vt 0.583105 0.951000
vt 0.587585 0.951000
vt 0.898532 0.838101
vt 0.587585 0.954879
vt 0.898532 0.841980
vt 0.130146 0.460459
vt 0.228001 0.979407
vt 0.006592 0.583263
vt 0.126665 0.460459
vt 0.224520 0.979407
vt 0.909746 0.846147
vt 0.126665 0.465510
vt 0.787270 0.948634
vt 0.914797 0.846147
vt 0.130146 0.465510
vt 0.001542 0.583263
vt 0.790751 0.948634
vt 0.006592 0.612528
vt 0.228001 0.950067
vt 0.123157 0.492735
vt 0.909746 0.875412
vt 0.224520 0.950067
vt 0.126637 0.492735
vt 0.914797 0.875412
vt 0.787270 0.977975
vt 0.126637 0.497786
vt 0.790751 0.977975
vt 0.001542 0.612528
vt 0.123157 0.497786
vt 0.787270 0.948893
vt 0.914797 0.846406
vt 0.224520 0.979149
vt 0.909746 0.846406
vt 0.790751 0.948893
vt 0.001542 0.583521
vt 0.006592 0.583521
vt 0.228001 0.979149
vt 0.224520 0.972977
vt 0.909746 0.852502
vt 0.787270 0.955064
vt 0.914797 0.852502
vt 0.790751 0.955064
vt 0.001542 0.589618
vt 0.228001 0.972977
vt 0.006592 0.589618
vt 0.786770 0.953455
vt 0.915362 0.850915
vt 0.786770 0.949576
vt 0.915362 0.847036
vt 0.791250 0.953455
vt 0.000977 0.588031
vt 0.000977 0.584151
vt 0.791250 0.949576
vt 0.228500 0.974586
vt 0.007157 0.588031
vt 0.007157 0.584151
vt 0.228500 0.978466
vt 0.224020 0.978466
vt 0.909181 0.847036
vt 0.224020 0.974586
vt 0.909181 0.850915
vt 0.013492 0.616595
vt 0.648028 0.947790
vt 0.261546 0.930914
vt 0.010011 0.616595
vt 0.644547 0.947790
vt 0.241829 0.411102
vt 0.010011 0.611544
vt 0.876207 0.533104
vt 0.246879 0.411102
vt 0.013492 0.611544
vt 0.256496 0.930914
vt 0.879688 0.533104
vt 0.261546 0.901649
vt 0.648028 0.977131
vt 0.130146 0.477398
vt 0.241829 0.381837
vt 0.644547 0.977131
vt 0.126665 0.477398
vt 0.246879 0.381837
vt 0.876207 0.503764
vt 0.126665 0.482448
vt 0.879688 0.503764
vt 0.256496 0.901649
vt 0.130146 0.482448
vt 0.876207 0.532846
vt 0.246879 0.410843
vt 0.644547 0.948049
vt 0.241829 0.410843
vt 0.879688 0.532846
vt 0.256496 0.930656
vt 0.261546 0.930656
vt 0.648028 0.948049
vt 0.644547 0.954221
vt 0.241829 0.404747
vt 0.876207 0.526674
vt 0.246879 0.404747
vt 0.879688 0.526674
vt 0.256496 0.924559
vt 0.648028 0.954221
vt 0.261546 0.924559
vt 0.875708 0.528283
vt 0.247445 0.406334
vt 0.875708 0.532162
vt 0.247445 0.410214
vt 0.880188 0.528283
vt 0.255931 0.926146
vt 0.255931 0.930026
vt 0.880188 0.532162
vt 0.648527 0.952611
vt 0.262111 0.926146
vt 0.262111 0.930026
vt 0.648527 0.948732
vt 0.644048 0.948732
vt 0.241264 0.410214
vt 0.644048 0.952611
vt 0.241264 0.406334
vt 0.927491 0.279294
vt 0.627162 0.882640
vt 0.920679 0.274202
vt 0.616049 0.891031
vt 0.916250 0.266727
vt 0.608719 0.902870
vt 0.914954 0.257983
vt 0.606160 0.916558
vt 0.916537 0.249202
vt 0.608719 0.930245
vt 0.921072 0.241592
vt 0.616049 0.942084
vt 0.936003 0.233460
vt 0.978843 0.019000
vt 0.640555 0.954287
vt 0.927938 0.236149
vt 0.627162 0.950476
vt 0.952227 0.237919
vt 0.952512 0.026491
vt 0.944528 0.234071
vt 0.964977 0.020285
vt 0.958016 0.244453
vt 0.943131 0.036782
vt 0.961080 0.252860
vt 0.938101 0.049766
vt 0.961156 0.261848
vt 0.938101 0.063691
vt 0.958053 0.270141
vt 0.943131 0.076675
vt 0.952205 0.276731
vt 0.952512 0.086966
vt 0.935783 0.281614
vt 0.978843 0.094458
vt 0.640555 0.878829
vt 0.944416 0.280734
vt 0.964977 0.093173
vt 0.949202 0.298574
vt 0.933669 0.299906
vt 0.963236 0.291670
vt 0.973754 0.280110
vt 0.979402 0.265587
vt 0.979360 0.249971
vt 0.973862 0.235381
vt 0.949936 0.216934
vt 0.963564 0.223882
vt 0.919945 0.219686
vt 0.934724 0.215496
vt 0.907610 0.229060
vt 0.899358 0.242242
vt 0.896358 0.257406
vt 0.898927 0.272581
vt 0.906749 0.285862
vt 0.918854 0.295429
vt 0.954543 0.317930
vt 0.189198 0.329125
vt 0.931531 0.319747
vt 0.189198 0.349634
vt 0.189198 0.000977
vt 0.975298 0.307700
vt 0.189198 0.308615
vt 0.990788 0.290648
vt 0.189198 0.288106
vt 0.999023 0.269244
vt 0.189198 0.267597
vt 0.999023 0.246330
vt 0.189198 0.247088
vt 0.990793 0.225019
vt 0.189198 0.226578
vt 0.955398 0.198097
vt 0.189198 0.185560
vt 0.975540 0.208214
vt 0.189198 0.206069
vt 0.911171 0.201985
vt 0.189198 0.144541
vt 0.932980 0.195898
vt 0.189198 0.165051
vt 0.892964 0.215643
vt 0.189198 0.124032
vt 0.880941 0.234964
vt 0.189198 0.103523
vt 0.876628 0.257136
vt 0.189198 0.083014
vt 0.880389 0.279349
vt 0.189198 0.062504
vt 0.891836 0.298848
vt 0.189198 0.041995
vt 0.909634 0.313006
vt 0.189198 0.021486
vt 0.209926 0.329125
vt 0.960074 0.110406
vt 0.209926 0.000977
vt 0.209926 0.349634
vt 0.638902 0.860988
vt 0.980496 0.112298
vt 0.209926 0.308615
vt 0.941715 0.101264
vt 0.209926 0.288106
vt 0.927898 0.086108
vt 0.209926 0.267597
vt 0.920489 0.066983
vt 0.209926 0.247088
vt 0.920489 0.046474
vt 0.209926 0.226578
vt 0.927898 0.027350
vt 0.209926 0.185560
vt 0.960074 0.003051
vt 0.209926 0.206069
vt 0.941715 0.012193
vt 0.209926 0.144541
vt 0.619175 0.966515
vt 0.209926 0.165051
vt 0.638901 0.972127
vt 0.980496 0.001159
vt 0.209926 0.124032
vt 0.602808 0.954155
vt 0.209926 0.103523
vt 0.592012 0.936718
vt 0.209926 0.083014
vt 0.588243 0.916558
vt 0.209926 0.062504
vt 0.592012 0.896398
vt 0.209926 0.041995
vt 0.602808 0.878960
vt 0.209926 0.021486
vt 0.619175 0.866601
vt 0.190850 0.041995
vt 0.190850 0.062504
vt 0.190850 0.021486
vt 0.190850 0.329125
vt 0.190850 0.349634
vt 0.190850 0.000977
vt 0.190850 0.308615
vt 0.190850 0.165051
vt 0.190850 0.185560
vt 0.190850 0.288106
vt 0.190850 0.206069
vt 0.190850 0.226578
vt 0.190850 0.267597
vt 0.190850 0.247088
vt 0.190850 0.144541
vt 0.190850 0.124032
vt 0.190850 0.103523
vt 0.190850 0.083014
vt 0.949745 0.300528
vt 0.933448 0.301863
vt 0.964439 0.293241
vt 0.975439 0.281135
vt 0.981289 0.265940
vt 0.981350 0.249608
vt 0.975532 0.234348
vt 0.950460 0.215127
vt 0.964735 0.222331
vt 0.919086 0.217933
vt 0.934568 0.213566
vt 0.906122 0.227705
vt 0.897532 0.241537
vt 0.894462 0.257376
vt 0.897093 0.273232
vt 0.905267 0.287132
vt 0.917935 0.297157
vt 0.640427 0.955661
vt 0.978970 0.017625
vt 0.964600 0.018957
vt 0.951681 0.025390
vt 0.941958 0.036055
vt 0.936744 0.049513
vt 0.936744 0.063945
vt 0.941958 0.077402
vt 0.951681 0.088067
vt 0.964600 0.094500
vt 0.640427 0.877454
vt 0.978970 0.095832
vt 0.626546 0.881404
vt 0.615029 0.890101
vt 0.607432 0.902371
vt 0.604780 0.916558
vt 0.607432 0.930744
vt 0.615029 0.943014
vt 0.626546 0.951712
vt 0.208263 0.062504
vt 0.208263 0.349634
vt 0.208264 0.000977
vt 0.208264 0.185560
vt 0.208264 0.226578
vt 0.208263 0.041995
vt 0.208264 0.021486
vt 0.208263 0.329125
vt 0.208263 0.308615
vt 0.208264 0.165051
vt 0.208264 0.288106
vt 0.208264 0.206069
vt 0.208264 0.267597
vt 0.208263 0.247088
vt 0.208264 0.144541
vt 0.208264 0.124032
vt 0.208264 0.103523
vt 0.208264 0.083014
vt 0.732701 0.911344
vt 0.824053 0.213088
vt 0.727465 0.904573
vt 0.812941 0.204696
vt 0.720099 0.900219
vt 0.805611 0.192857
vt 0.711563 0.898891
vt 0.803052 0.179170
vt 0.702788 0.900457
vt 0.805611 0.165482
vt 0.695147 0.904988
vt 0.812941 0.153643
vt 0.686972 0.919947
vt 0.934953 0.492962
vt 0.837446 0.141441
vt 0.689674 0.911859
vt 0.824053 0.145252
vt 0.691424 0.936142
vt 0.908623 0.485470
vt 0.687583 0.928462
vt 0.921088 0.491677
vt 0.697948 0.941912
vt 0.899242 0.475180
vt 0.706344 0.944960
vt 0.894212 0.462195
vt 0.715324 0.945041
vt 0.894212 0.448271
vt 0.723613 0.941942
vt 0.899242 0.435286
vt 0.730203 0.936091
vt 0.908623 0.424996
vt 0.735065 0.919633
vt 0.934953 0.417504
vt 0.837446 0.216899
vt 0.734200 0.928288
vt 0.921088 0.418789
vt 0.752060 0.933106
vt 0.753427 0.917569
vt 0.745137 0.947130
vt 0.733576 0.957628
vt 0.719065 0.963263
vt 0.703466 0.963225
vt 0.688892 0.957741
vt 0.670456 0.933848
vt 0.677401 0.947463
vt 0.673223 0.903869
vt 0.669021 0.918642
vt 0.682602 0.891535
vt 0.695787 0.883270
vt 0.710946 0.880241
vt 0.726120 0.882792
vt 0.739408 0.890612
vt 0.748968 0.902739
vt 0.771413 0.938494
vt 0.213345 0.021486
vt 0.773286 0.915477
vt 0.213345 0.000977
vt 0.213345 0.349634
vt 0.761142 0.959218
vt 0.213345 0.041995
vt 0.744080 0.974661
vt 0.213345 0.062504
vt 0.722698 0.982861
vt 0.213345 0.083014
vt 0.699837 0.982861
vt 0.213345 0.103523
vt 0.678549 0.974656
vt 0.213345 0.124032
vt 0.651638 0.939304
vt 0.213345 0.165051
vt 0.661754 0.959428
vt 0.213345 0.144541
vt 0.655523 0.895091
vt 0.213345 0.206069
vt 0.649434 0.916896
vt 0.213345 0.185560
vt 0.669179 0.876892
vt 0.213345 0.226578
vt 0.688472 0.864863
vt 0.213345 0.247088
vt 0.710634 0.860518
vt 0.213345 0.267597
vt 0.732870 0.864241
vt 0.213345 0.288106
vt 0.752410 0.875688
vt 0.213345 0.308615
vt 0.766587 0.893540
vt 0.213345 0.329125
vt 0.234072 0.021486
vt 0.916185 0.401556
vt 0.234072 0.349634
vt 0.234072 0.000977
vt 0.835793 0.234739
vt 0.936606 0.399664
vt 0.234072 0.041995
vt 0.897826 0.410698
vt 0.234072 0.062504
vt 0.884009 0.425854
vt 0.234072 0.083013
vt 0.876600 0.444979
vt 0.234072 0.103523
vt 0.876600 0.465488
vt 0.234072 0.124032
vt 0.884009 0.484612
vt 0.234072 0.165051
vt 0.916185 0.508910
vt 0.234072 0.144541
vt 0.897825 0.499769
vt 0.234072 0.206069
vt 0.816067 0.129213
vt 0.234072 0.185560
vt 0.835793 0.123600
vt 0.936606 0.510803
vt 0.234072 0.226578
vt 0.799700 0.141572
vt 0.234072 0.247088
vt 0.788904 0.159010
vt 0.234072 0.267597
vt 0.785135 0.179170
vt 0.234072 0.288106
vt 0.788904 0.199330
vt 0.234072 0.308615
vt 0.799700 0.216767
vt 0.234072 0.329125
vt 0.816067 0.229127
vt 0.214996 0.308615
vt 0.214996 0.288106
vt 0.214996 0.329125
vt 0.214996 0.021486
vt 0.214996 0.000977
vt 0.214996 0.349634
vt 0.214996 0.041995
vt 0.214996 0.185560
vt 0.214996 0.165051
vt 0.214996 0.062504
vt 0.214996 0.144541
vt 0.214996 0.124032
vt 0.214996 0.083014
vt 0.214996 0.103523
vt 0.214996 0.206069
vt 0.214996 0.226578
vt 0.214996 0.247088
vt 0.214996 0.267597
vt 0.754013 0.933654
vt 0.755386 0.917352
vt 0.746706 0.948335
vt 0.734599 0.959313
vt 0.719417 0.965148
vt 0.703103 0.965213
vt 0.687861 0.959409
vt 0.668650 0.934371
vt 0.675853 0.948633
vt 0.671468 0.903011
vt 0.667092 0.918485
vt 0.681244 0.890047
vt 0.695082 0.881444
vt 0.710919 0.878347
vt 0.726768 0.880956
vt 0.740679 0.889127
vt 0.750700 0.901821
vt 0.837319 0.140067
vt 0.935081 0.494336
vt 0.920710 0.493005
vt 0.907791 0.486572
vt 0.898068 0.475907
vt 0.892855 0.462449
vt 0.892855 0.448017
vt 0.898068 0.434560
vt 0.907791 0.423894
vt 0.920710 0.417462
vt 0.837319 0.218273
vt 0.935081 0.416130
vt 0.823438 0.214324
vt 0.811921 0.205626
vt 0.804324 0.193356
vt 0.801672 0.179170
vt 0.804324 0.164984
vt 0.811921 0.152713
vt 0.823438 0.144016
vt 0.232410 0.288106
vt 0.232410 0.000977
vt 0.232410 0.349634
vt 0.232410 0.165051
vt 0.232410 0.124032
vt 0.232410 0.308615
vt 0.232410 0.329125
vt 0.232410 0.021486
vt 0.232410 0.041995
vt 0.232410 0.185560
vt 0.232410 0.062504
vt 0.232410 0.144541
vt 0.232410 0.083013
vt 0.232410 0.103523
vt 0.232410 0.206069
vt 0.232410 0.226578
vt 0.232410 0.247088
vt 0.232410 0.267597
vt 0.051660 0.448809
vt 0.813731 0.938601
vt 0.044904 0.454061
vt 0.802619 0.930210
vt 0.040567 0.461427
vt 0.795288 0.918371
vt 0.039257 0.469949
vt 0.792730 0.904683
vt 0.040836 0.478702
vt 0.795288 0.890996
vt 0.045371 0.486333
vt 0.802619 0.879157
vt 0.060324 0.494490
vt 0.963462 0.955953
vt 0.827124 0.866954
vt 0.052243 0.491795
vt 0.813731 0.870765
vt 0.076510 0.490035
vt 0.937132 0.948462
vt 0.068833 0.493876
vt 0.949596 0.954668
vt 0.082280 0.483512
vt 0.927751 0.938171
vt 0.085331 0.475116
vt 0.922720 0.925187
vt 0.085410 0.466137
vt 0.922720 0.911262
vt 0.082304 0.457847
vt 0.927750 0.898277
vt 0.076441 0.451257
vt 0.937132 0.887987
vt 0.059951 0.446422
vt 0.963462 0.880495
vt 0.827124 0.942412
vt 0.068621 0.447267
vt 0.949596 0.881780
vt 0.073420 0.429345
vt 0.057833 0.428017
vt 0.087492 0.436279
vt 0.098005 0.447866
vt 0.103641 0.462390
vt 0.103596 0.477995
vt 0.098100 0.492573
vt 0.074217 0.510982
vt 0.087814 0.504048
vt 0.044262 0.508250
vt 0.059034 0.512430
vt 0.031921 0.498878
vt 0.023663 0.485703
vt 0.020648 0.470581
vt 0.023157 0.455451
vt 0.030910 0.442159
vt 0.042992 0.432536
vt 0.078787 0.409907
vt 0.237491 0.021486
vt 0.055644 0.408111
vt 0.237491 0.000977
vt 0.237491 0.349634
vt 0.099625 0.420233
vt 0.237491 0.041995
vt 0.115070 0.437364
vt 0.237491 0.062504
vt 0.123246 0.458746
vt 0.237491 0.083013
vt 0.123246 0.481641
vt 0.237491 0.103523
vt 0.115003 0.502939
vt 0.237491 0.124032
vt 0.079668 0.529766
vt 0.237491 0.165050
vt 0.099746 0.519697
vt 0.237491 0.144541
vt 0.035506 0.525964
vt 0.237491 0.206069
vt 0.057328 0.532000
vt 0.237491 0.185560
vt 0.017271 0.512298
vt 0.237491 0.226578
vt 0.005285 0.492958
vt 0.237491 0.247087
vt 0.001004 0.470912
vt 0.237491 0.267597
vt 0.004637 0.448798
vt 0.237491 0.288106
vt 0.015934 0.429258
vt 0.237491 0.308615
vt 0.033686 0.414965
vt 0.237491 0.329125
vt 0.258219 0.021486
vt 0.944693 0.864547
vt 0.258219 0.349634
vt 0.258219 0.000977
vt 0.965115 0.862655
vt 0.825471 0.960253
vt 0.258219 0.041995
vt 0.926334 0.873689
vt 0.258219 0.062504
vt 0.912517 0.888845
vt 0.258219 0.083013
vt 0.905108 0.907970
vt 0.258219 0.103523
vt 0.905108 0.928479
vt 0.258219 0.124032
vt 0.912517 0.947603
vt 0.258219 0.165050
vt 0.944693 0.971901
vt 0.258219 0.144541
vt 0.926334 0.962760
vt 0.258219 0.206069
vt 0.805745 0.854726
vt 0.258219 0.185560
vt 0.965115 0.973794
vt 0.825471 0.849114
vt 0.258219 0.226578
vt 0.789378 0.867086
vt 0.258219 0.247087
vt 0.778581 0.884523
vt 0.258219 0.267597
vt 0.774813 0.904683
vt 0.258219 0.288106
vt 0.778581 0.924843
vt 0.258219 0.308615
vt 0.789378 0.942281
vt 0.258219 0.329125
vt 0.805745 0.954640
vt 0.239143 0.308615
vt 0.239143 0.288106
vt 0.239143 0.329125
vt 0.239143 0.021486
vt 0.239143 0.000977
vt 0.239143 0.349634
vt 0.239143 0.041995
vt 0.239143 0.185560
vt 0.239143 0.165050
vt 0.239143 0.062504
vt 0.239143 0.144541
vt 0.239143 0.124032
vt 0.239143 0.083013
vt 0.239143 0.103523
vt 0.239143 0.206069
vt 0.239143 0.226578
vt 0.239143 0.247087
vt 0.239143 0.267597
vt 0.073966 0.427384
vt 0.057610 0.426054
vt 0.088700 0.434707
vt 0.099693 0.446842
vt 0.105528 0.462039
vt 0.105585 0.478360
vt 0.099767 0.493605
vt 0.074740 0.512784
vt 0.088982 0.505596
vt 0.043405 0.510005
vt 0.058879 0.514358
vt 0.030434 0.500235
vt 0.021840 0.486407
vt 0.018760 0.470609
vt 0.021324 0.454811
vt 0.029420 0.440896
vt 0.042065 0.430806
vt 0.826997 0.865580
vt 0.963589 0.957327
vt 0.949219 0.955996
vt 0.936300 0.949563
vt 0.926577 0.938898
vt 0.921364 0.925440
vt 0.921364 0.911008
vt 0.926577 0.897551
vt 0.936300 0.886885
vt 0.949219 0.880453
vt 0.826997 0.943787
vt 0.963589 0.879121
vt 0.813116 0.939837
vt 0.801599 0.931140
vt 0.794001 0.918869
vt 0.791349 0.904683
vt 0.794001 0.890497
vt 0.801599 0.878227
vt 0.813116 0.869529
vt 0.256557 0.288106
vt 0.256557 0.000977
vt 0.256557 0.349634
vt 0.256557 0.165050
vt 0.256557 0.124032
vt 0.256557 0.308615
vt 0.256557 0.329125
vt 0.256557 0.021486
vt 0.256557 0.041995
vt 0.256557 0.185560
vt 0.256557 0.062504
vt 0.256557 0.144541
vt 0.256557 0.083013
vt 0.256557 0.103523
vt 0.256557 0.206069
vt 0.256557 0.226578
vt 0.256557 0.247087
vt 0.256557 0.267597
vt 0.710157 0.206513
vt 0.597880 0.393135
vt 0.703345 0.201422
vt 0.586768 0.401526
vt 0.698916 0.193946
vt 0.579437 0.413365
vt 0.697620 0.185203
vt 0.576878 0.427053
vt 0.699205 0.176422
vt 0.579437 0.440741
vt 0.703740 0.168813
vt 0.586768 0.452580
vt 0.718670 0.160683
vt 0.959389 0.765949
vt 0.611273 0.464782
vt 0.710607 0.163372
vt 0.597880 0.460971
vt 0.734893 0.165143
vt 0.933059 0.773441
vt 0.727195 0.161295
vt 0.945524 0.767234
vt 0.740682 0.171676
vt 0.923678 0.783731
vt 0.743746 0.180083
vt 0.918648 0.796716
vt 0.743823 0.189071
vt 0.918648 0.810641
vt 0.740719 0.197363
vt 0.923678 0.823625
vt 0.734871 0.203953
vt 0.933059 0.833915
vt 0.718448 0.208835
vt 0.959389 0.841407
vt 0.611273 0.389324
vt 0.727081 0.207955
vt 0.945524 0.840122
vt 0.731867 0.225797
vt 0.716333 0.227129
vt 0.745902 0.218893
vt 0.756420 0.207334
vt 0.762069 0.192808
vt 0.762024 0.177193
vt 0.756525 0.162606
vt 0.732603 0.144158
vt 0.746230 0.151109
vt 0.702616 0.146910
vt 0.717392 0.142719
vt 0.690281 0.156281
vt 0.682025 0.169460
vt 0.679019 0.184626
vt 0.681594 0.199800
vt 0.689414 0.213081
vt 0.701518 0.222650
vt 0.737212 0.245170
vt 0.185779 0.021486
vt 0.714188 0.246984
vt 0.185779 0.000977
vt 0.185779 0.349634
vt 0.757975 0.234928
vt 0.185779 0.041995
vt 0.773459 0.217865
vt 0.185779 0.062504
vt 0.781686 0.196461
vt 0.185779 0.083014
vt 0.781686 0.173551
vt 0.185779 0.103523
vt 0.773453 0.152242
vt 0.185779 0.124032
vt 0.738060 0.125332
vt 0.185779 0.165051
vt 0.758200 0.135443
vt 0.185779 0.144541
vt 0.693845 0.129202
vt 0.185779 0.206069
vt 0.715654 0.123125
vt 0.185779 0.185560
vt 0.675632 0.142859
vt 0.185779 0.226578
vt 0.663615 0.162182
vt 0.185779 0.247088
vt 0.659306 0.184341
vt 0.185779 0.267597
vt 0.663059 0.206559
vt 0.185779 0.288106
vt 0.674496 0.226062
vt 0.185779 0.308615
vt 0.692288 0.240230
vt 0.185779 0.329125
vt 0.165052 0.021486
vt 0.940620 0.857355
vt 0.165052 0.349634
vt 0.165052 0.000977
vt 0.961042 0.859248
vt 0.609620 0.371483
vt 0.165052 0.041995
vt 0.922261 0.848213
vt 0.165052 0.062504
vt 0.908444 0.833057
vt 0.165052 0.083014
vt 0.901036 0.813933
vt 0.165052 0.103523
vt 0.901036 0.793423
vt 0.165052 0.124032
vt 0.908444 0.774299
vt 0.165052 0.165051
vt 0.940620 0.750001
vt 0.165052 0.144541
vt 0.922261 0.759143
vt 0.165052 0.206069
vt 0.589893 0.477010
vt 0.165052 0.185560
vt 0.961042 0.748109
vt 0.609620 0.482622
vt 0.165052 0.226578
vt 0.573527 0.464650
vt 0.165052 0.247088
vt 0.562730 0.447213
vt 0.165052 0.267597
vt 0.558961 0.427053
vt 0.165052 0.288106
vt 0.562730 0.406893
vt 0.165052 0.308615
vt 0.573527 0.389456
vt 0.165052 0.329125
vt 0.589893 0.377096
vt 0.184128 0.308615
vt 0.184128 0.288106
vt 0.184128 0.329125
vt 0.184128 0.021486
vt 0.184128 0.000977
vt 0.184128 0.349634
vt 0.184128 0.041995
vt 0.184128 0.185560
vt 0.184128 0.165051
vt 0.184128 0.062504
vt 0.184128 0.144541
vt 0.184128 0.124032
vt 0.184128 0.083014
vt 0.184128 0.103523
vt 0.184128 0.206069
vt 0.184128 0.226578
vt 0.184128 0.247088
vt 0.184128 0.267597
vt 0.732410 0.227751
vt 0.716112 0.229086
vt 0.747105 0.220464
vt 0.758106 0.208359
vt 0.763957 0.193161
vt 0.764014 0.176829
vt 0.758195 0.161573
vt 0.733128 0.142351
vt 0.747401 0.149559
vt 0.701757 0.145157
vt 0.717235 0.140789
vt 0.688794 0.154925
vt 0.680199 0.168754
vt 0.677122 0.184597
vt 0.679761 0.200451
vt 0.687933 0.214351
vt 0.700599 0.224378
vt 0.611146 0.466156
vt 0.959516 0.764575
vt 0.945146 0.765906
vt 0.932227 0.772339
vt 0.922504 0.783005
vt 0.917291 0.796462
vt 0.917291 0.810894
vt 0.922504 0.824351
vt 0.932227 0.835017
vt 0.945146 0.841450
vt 0.611146 0.387950
vt 0.959516 0.842781
vt 0.597264 0.391899
vt 0.585747 0.400596
vt 0.578150 0.412867
vt 0.575498 0.427053
vt 0.578150 0.441239
vt 0.585747 0.453509
vt 0.597264 0.462207
vt 0.166714 0.288106
vt 0.166714 0.000977
vt 0.166714 0.349634
vt 0.166714 0.165051
vt 0.166714 0.124032
vt 0.166714 0.308615
vt 0.166714 0.329125
vt 0.166714 0.021486
vt 0.166714 0.041995
vt 0.166714 0.185560
vt 0.166714 0.062504
vt 0.166714 0.144541
vt 0.166714 0.083014
vt 0.166714 0.103523
vt 0.166714 0.206069
vt 0.166714 0.226578
vt 0.166714 0.247088
vt 0.166714 0.267597
vt 0.766181 0.138098
vt 0.030962 0.671988
vt 0.019003 0.709378
vt 0.778821 0.138098
vt 0.231420 0.965062
vt 0.030962 0.684628
vt 0.010011 0.606259
vt 0.231420 0.950067
vt 0.778821 0.123102
vt 0.010011 0.593619
vt 0.019003 0.694382
vt 0.766181 0.123102
vt 0.845055 0.832760
vt 0.490544 0.505230
vt 0.820266 0.913853
vt 0.503184 0.505230
vt 0.807626 0.913853
vt 0.493183 0.321222
vt 0.488912 0.147103
vt 0.820266 0.928849
vt 0.830060 0.832760
vt 0.501552 0.147103
vt 0.508178 0.321222
vt 0.807626 0.928849
vt 0.029220 0.671988
vt 0.953980 0.535785
vt 0.792897 0.655933
vt 0.017261 0.709378
vt 0.011753 0.593619
vt 0.017261 0.694382
vt 0.835103 0.619835
vt 0.807892 0.655933
vt 0.011753 0.606259
vt 0.847743 0.619835
vt 0.953353 0.619835
vt 0.233161 0.950067
vt 0.233161 0.965062
vt 0.029220 0.684628
vt 0.968348 0.619835
vt 0.966621 0.535785
vt 0.339238 0.260452
vt 0.597454 0.875485
vt 0.966198 0.316643
vt 0.847745 0.537891
vt 0.255774 0.639903
vt 0.848514 0.506053
vt 0.981194 0.316643
vt 0.597454 0.860490
vt 0.371478 0.323690
vt 0.255774 0.652543
vt 0.835874 0.506030
vt 0.985266 0.397157
vt 0.339238 0.273092
vt 0.835105 0.537914
vt 0.970271 0.397157
vt 0.371478 0.338686
vt 0.982052 0.681567
vt 0.637054 0.643986
vt 0.640384 0.574586
vt 0.969412 0.681567
vt 0.653025 0.574545
vt 0.816689 0.573199
vt 0.599658 0.583308
vt 0.652049 0.643986
vt 0.982052 0.696562
vt 0.612298 0.583349
vt 0.831684 0.573199
vt 0.969412 0.696562
vt 0.380450 0.323690
vt 0.264746 0.652543
vt 0.824891 0.193583
vt 0.264746 0.639903
vt 0.837531 0.193583
vt 0.588482 0.860490
vt 0.330266 0.260452
vt 0.588482 0.875485
vt 0.837531 0.208578
vt 0.330266 0.273092
vt 0.824891 0.208578
vt 0.380450 0.338686
vt 0.948649 0.521502
vt 0.952721 0.175170
vt 0.707329 0.250424
vt 0.504692 0.172352
vt 0.425964 0.936436
vt 0.694689 0.250424
vt 0.438603 0.936311
vt 0.568949 0.185922
vt 0.376772 0.970242
vt 0.489696 0.172352
vt 0.707329 0.265419
vt 0.389412 0.970367
vt 0.553954 0.185922
vt 0.694689 0.265419
vt 0.831684 0.424668
vt 0.553954 0.307847
vt 0.974344 0.427514
vt 0.566594 0.307841
vt 0.986984 0.427514
vt 0.845206 0.947792
vt 0.436642 0.356639
vt 0.830210 0.947792
vt 0.986984 0.442510
vt 0.449282 0.356646
vt 0.974344 0.442510
vt 0.816689 0.424668
vt 0.503184 0.532420
vt 0.612381 0.550521
vt 0.831684 0.606028
vt 0.963748 0.181537
vt 0.493183 0.348412
vt 0.845055 0.859950
vt 0.490544 0.532420
vt 0.376772 0.936338
vt 0.963748 0.168897
vt 0.489696 0.206256
vt 0.389734 0.936668
vt 0.553954 0.152222
vt 0.835903 0.481384
vt 0.985266 0.372511
vt 0.952549 0.162361
vt 0.831684 0.391717
vt 0.553954 0.274896
vt 0.847743 0.594098
vt 0.941762 0.181537
vt 0.953353 0.594098
vt 0.835103 0.594098
vt 0.807892 0.630195
vt 0.848514 0.481226
vt 0.941762 0.168897
vt 0.981194 0.341470
vt 0.599658 0.550330
vt 0.566577 0.275023
vt 0.952697 0.187845
vt 0.845206 0.980610
vt 0.652049 0.611008
vt 0.501552 0.119913
vt 0.508178 0.348412
vt 0.653108 0.607373
vt 0.959675 0.515135
vt 0.816689 0.606028
vt 0.637054 0.611008
vt 0.640384 0.607564
vt 0.436659 0.323821
vt 0.830210 0.980610
vt 0.948624 0.508827
vt 0.438926 0.970010
vt 0.835134 0.562560
vt 0.948476 0.534311
vt 0.970271 0.372511
vt 0.568949 0.152222
vt 0.488912 0.119913
vt 0.504692 0.206256
vt 0.425964 0.970340
vt 0.959675 0.527775
vt 0.830060 0.859950
vt 0.953980 0.561523
vt 0.966198 0.341470
vt 0.847745 0.562718
vt 0.937690 0.527775
vt 0.792897 0.630195
vt 0.449282 0.323695
vt 0.968348 0.594098
vt 0.966621 0.561523
vt 0.937690 0.515135
vt 0.816689 0.391717
vt 0.957210 0.516566
vt 0.948631 0.511669
vt 0.948500 0.531443
vt 0.957210 0.526360
vt 0.940155 0.526387
vt 0.940155 0.516559
vt 0.961350 0.180145
vt 0.961350 0.170273
vt 0.952572 0.165150
vt 0.944160 0.180152
vt 0.944160 0.170247
vt 0.952703 0.185081
vt 0.019003 0.708391
vt 0.766181 0.137111
vt 0.231420 0.964076
vt 0.778821 0.137111
vt 0.807626 0.927862
vt 0.507192 0.321222
vt 0.820266 0.927862
vt 0.831046 0.832760
vt 0.967362 0.619835
vt 0.233161 0.964076
vt 0.793883 0.655933
vt 0.017261 0.708391
vt 0.971257 0.397157
vt 0.371478 0.337700
vt 0.967184 0.316643
vt 0.597454 0.874499
vt 0.503706 0.206256
vt 0.831046 0.859950
vt 0.817675 0.573199
vt 0.969412 0.682553
vt 0.638040 0.643986
vt 0.982052 0.682553
vt 0.837531 0.207592
vt 0.588482 0.874499
vt 0.824891 0.207592
vt 0.380450 0.337700
vt 0.817675 0.606028
vt 0.507192 0.348412
vt 0.831197 0.980610
vt 0.638040 0.611008
vt 0.567963 0.185922
vt 0.694689 0.251410
vt 0.503706 0.172352
vt 0.707329 0.251410
vt 0.986984 0.441524
vt 0.831197 0.947792
vt 0.974344 0.441524
vt 0.817675 0.424668
vt 0.967362 0.594098
vt 0.817675 0.391717
vt 0.967185 0.341470
vt 0.793883 0.630195
vt 0.971257 0.372511
vt 0.567963 0.152222
vt 0.316157 0.338424
vt 0.009122 0.408171
vt 0.015092 0.727792
vt 0.303516 0.338424
vt 0.000977 0.408233
vt 0.009122 0.420811
vt 0.000977 0.539166
vt 0.000977 0.423229
vt 0.303516 0.323428
vt 0.000977 0.551806
vt 0.015092 0.712797
vt 0.316157 0.323428
vt 0.925472 0.243351
vt 0.520399 0.044570
vt 0.634809 0.941563
vt 0.507759 0.044570
vt 0.622169 0.941563
vt 0.933617 0.350332
vt 0.506603 0.505230
vt 0.634809 0.926568
vt 0.940467 0.243351
vt 0.519243 0.505230
vt 0.948612 0.350332
vt 0.622169 0.926568
vt 0.010864 0.408171
vt 0.949908 0.911833
vt 0.467983 0.349415
vt 0.016834 0.727792
vt 0.002718 0.551806
vt 0.016834 0.712797
vt 0.967850 0.460230
vt 0.452987 0.349415
vt 0.002718 0.539166
vt 0.955210 0.460230
vt 0.522672 0.274723
vt 0.002718 0.423229
vt 0.002718 0.408233
vt 0.010864 0.420811
vt 0.507676 0.274723
vt 0.962548 0.911833
vt 0.640241 0.888669
vt 0.241657 0.368048
vt 0.978416 0.047452
vt 0.490121 0.307932
vt 0.325122 0.260452
vt 0.970690 0.710718
vt 0.993412 0.047452
vt 0.241657 0.353053
vt 0.020829 0.521094
vt 0.325122 0.273092
vt 0.958050 0.710741
vt 0.964644 0.763632
vt 0.640241 0.901309
vt 0.477480 0.307909
vt 0.979639 0.763632
vt 0.020829 0.536090
vt 0.598403 0.966464
vt 0.702755 0.905187
vt 0.595585 0.198676
vt 0.611043 0.966464
vt 0.608225 0.198718
vt 0.831684 0.500704
vt 0.595580 0.262331
vt 0.717750 0.905187
vt 0.598403 0.981460
vt 0.608220 0.262290
vt 0.816689 0.500704
vt 0.611043 0.981460
vt 0.011857 0.521094
vt 0.316150 0.273092
vt 0.536458 0.046024
vt 0.316150 0.260452
vt 0.523818 0.046024
vt 0.250629 0.353053
vt 0.649213 0.888669
vt 0.250629 0.368048
vt 0.523818 0.061020
vt 0.649213 0.901309
vt 0.536458 0.061020
vt 0.011857 0.536090
vt 0.960867 0.360565
vt 0.969012 0.068501
vt 0.578461 0.098297
vt 0.475156 0.936294
vt 0.393169 0.970242
vt 0.591101 0.098297
vt 0.405809 0.970367
vt 0.553954 0.271460
vt 0.298181 0.640045
vt 0.490151 0.936294
vt 0.578461 0.113292
vt 0.310821 0.639920
vt 0.568949 0.271460
vt 0.591101 0.113292
vt 0.830304 0.760153
vt 0.726334 0.199226
vt 0.808285 0.978825
vt 0.713694 0.199219
vt 0.820925 0.978825
vt 0.831684 0.642265
vt 0.533361 0.199763
vt 0.816689 0.642265
vt 0.820925 0.963829
vt 0.520721 0.199769
vt 0.808285 0.963829
vt 0.815309 0.760153
vt 0.507759 0.071760
vt 0.608303 0.295118
vt 0.816689 0.533533
vt 0.980038 0.062135
vt 0.933617 0.323142
vt 0.925472 0.270541
vt 0.520399 0.071760
vt 0.298181 0.673949
vt 0.980038 0.074775
vt 0.490151 0.970198
vt 0.311144 0.673619
vt 0.568949 0.237759
vt 0.958079 0.735387
vt 0.964644 0.738986
vt 0.968840 0.081311
vt 0.830304 0.793104
vt 0.726334 0.166275
vt 0.955210 0.434492
vt 0.958053 0.062135
vt 0.522672 0.248986
vt 0.967850 0.434492
vt 0.452987 0.323678
vt 0.970690 0.735545
vt 0.958053 0.074775
vt 0.993412 0.022624
vt 0.595580 0.295309
vt 0.713711 0.166401
vt 0.968987 0.055827
vt 0.831684 0.609447
vt 0.717750 0.938165
vt 0.519243 0.532420
vt 0.948612 0.323142
vt 0.608308 0.165889
vt 0.971893 0.366931
vt 0.831684 0.533533
vt 0.702755 0.938165
vt 0.595585 0.165699
vt 0.533344 0.166945
vt 0.816689 0.609447
vt 0.960842 0.373239
vt 0.406132 0.936668
vt 0.477509 0.283263
vt 0.960694 0.347755
vt 0.979639 0.738986
vt 0.553954 0.237759
vt 0.506603 0.532420
vt 0.475156 0.970198
vt 0.393169 0.936338
vt 0.971893 0.354291
vt 0.940467 0.270541
vt 0.949908 0.886096
vt 0.978416 0.022624
vt 0.490121 0.283105
vt 0.949908 0.354291
vt 0.467983 0.323678
vt 0.520721 0.166818
vt 0.507676 0.248986
vt 0.962548 0.886096
vt 0.949908 0.366931
vt 0.815309 0.793104
vt 0.969428 0.365500
vt 0.960849 0.370397
vt 0.960718 0.350623
vt 0.969428 0.355706
vt 0.952373 0.355680
vt 0.952373 0.365507
vt 0.977641 0.063527
vt 0.977641 0.073398
vt 0.968863 0.078522
vt 0.960450 0.063519
vt 0.960450 0.073425
vt 0.968994 0.058591
vt 0.015092 0.726806
vt 0.316157 0.337438
vt 0.000977 0.409220
vt 0.303516 0.337438
vt 0.622169 0.927554
vt 0.947626 0.350332
vt 0.634809 0.927554
vt 0.939481 0.243351
vt 0.508662 0.274723
vt 0.002718 0.409220
vt 0.466996 0.349415
vt 0.016834 0.726806
vt 0.978653 0.763632
vt 0.020829 0.535103
vt 0.979402 0.047452
vt 0.241657 0.367062
vt 0.476142 0.970198
vt 0.939481 0.270541
vt 0.830698 0.500704
vt 0.611043 0.967451
vt 0.703741 0.905187
vt 0.598403 0.967451
vt 0.523818 0.060033
vt 0.250629 0.367062
vt 0.536458 0.060033
vt 0.011857 0.535103
vt 0.830698 0.533533
vt 0.947626 0.323142
vt 0.817675 0.609447
vt 0.703741 0.938165
vt 0.554940 0.271460
vt 0.591101 0.099283
vt 0.476142 0.936294
vt 0.578461 0.099283
vt 0.820925 0.964816
vt 0.817675 0.642265
vt 0.808285 0.964816
vt 0.816295 0.760153
vt 0.508662 0.248986
vt 0.816295 0.793104
vt 0.979402 0.022624
vt 0.466996 0.323678
vt 0.978653 0.738986
vt 0.554940 0.237759
vt 0.522261 0.203189
vt 0.078106 0.475746
vt 0.000977 0.441643
vt 0.534901 0.203189
vt 0.002718 0.654899
vt 0.078106 0.463106
vt 0.006137 0.639903
vt 0.002718 0.639903
vt 0.534901 0.218184
vt 0.006137 0.652543
vt 0.000977 0.426648
vt 0.522261 0.218184
vt 0.920489 0.163229
vt 0.847743 0.391716
vt 0.975312 0.344889
vt 0.835103 0.391716
vt 0.987952 0.344889
vt 0.828910 0.238656
vt 0.520883 0.678352
vt 0.975312 0.359885
vt 0.935485 0.163229
vt 0.533523 0.678352
vt 0.813914 0.238656
vt 0.987952 0.359885
vt 0.076364 0.475746
vt 0.835103 0.648992
vt 0.962954 0.940989
vt 0.002718 0.441643
vt 0.007879 0.652543
vt 0.002718 0.426648
vt 0.965993 0.707304
vt 0.947959 0.940989
vt 0.007879 0.639903
vt 0.953353 0.707304
vt 0.968348 0.648992
vt 0.000977 0.639903
vt 0.000977 0.654899
vt 0.076364 0.463106
vt 0.953353 0.648992
vt 0.847743 0.648992
vt 0.567904 0.063564
vt 0.115838 0.518003
vt 0.974017 0.463649
vt 0.559356 0.140627
vt 0.297462 0.963035
vt 0.656715 0.860493
vt 0.959021 0.463649
vt 0.115838 0.532999
vt 0.619071 0.101006
vt 0.297462 0.950395
vt 0.644074 0.860516
vt 0.972749 0.193399
vt 0.567904 0.050924
vt 0.546716 0.140604
vt 0.987745 0.193399
vt 0.619071 0.086011
vt 0.750769 0.263653
vt 0.675210 0.265290
vt 0.594680 0.258821
vt 0.738129 0.263653
vt 0.607320 0.258862
vt 0.831684 0.464457
vt 0.640384 0.538169
vt 0.660215 0.265290
vt 0.750769 0.248657
vt 0.653024 0.538128
vt 0.816689 0.464457
vt 0.738129 0.248657
vt 0.628043 0.101006
vt 0.306434 0.950395
vt 0.971767 0.571785
vt 0.306434 0.963035
vt 0.984407 0.571785
vt 0.106866 0.532999
vt 0.558932 0.063564
vt 0.106866 0.518003
vt 0.984407 0.556789
vt 0.558932 0.050924
vt 0.971767 0.556789
vt 0.628043 0.086011
vt 0.952721 0.393343
vt 0.960866 0.417984
vt 0.982680 0.553370
vt 0.489764 0.347067
vt 0.409567 0.970242
vt 0.970040 0.553370
vt 0.422206 0.970367
vt 0.579686 0.916831
vt 0.458758 0.936436
vt 0.474768 0.347067
vt 0.982680 0.538375
vt 0.471398 0.936311
vt 0.564690 0.916831
vt 0.970040 0.538375
vt 0.815510 0.190164
vt 0.783351 0.981689
vt 0.530098 0.928175
vt 0.770711 0.981682
vt 0.542738 0.928175
vt 0.827728 0.870756
vt 0.799250 0.760160
vt 0.842723 0.870756
vt 0.542738 0.913179
vt 0.811890 0.760154
vt 0.530098 0.913179
vt 0.830505 0.190164
vt 0.835103 0.418906
vt 0.653107 0.570956
vt 0.816689 0.497285
vt 0.971893 0.411618
vt 0.828910 0.265846
vt 0.920489 0.190418
vt 0.847743 0.418906
vt 0.458758 0.970340
vt 0.971893 0.424258
vt 0.474768 0.313162
vt 0.471720 0.970010
vt 0.564690 0.950532
vt 0.644103 0.885163
vt 0.972749 0.168753
vt 0.960694 0.430794
vt 0.815510 0.157213
vt 0.783351 0.948738
vt 0.953353 0.681567
vt 0.949908 0.411618
vt 0.968348 0.623254
vt 0.965993 0.681567
vt 0.947959 0.915252
vt 0.656715 0.885321
vt 0.949908 0.424258
vt 0.959021 0.488476
vt 0.640384 0.571147
vt 0.770729 0.948864
vt 0.960842 0.405310
vt 0.827728 0.903574
vt 0.660215 0.232312
vt 0.533523 0.705542
vt 0.813914 0.265846
vt 0.607403 0.226034
vt 0.963748 0.399710
vt 0.831684 0.497285
vt 0.675210 0.232312
vt 0.594680 0.225843
vt 0.799267 0.792978
vt 0.842723 0.903574
vt 0.952697 0.406017
vt 0.422529 0.936668
vt 0.546745 0.115958
vt 0.952549 0.380534
vt 0.987745 0.168753
vt 0.579686 0.950532
vt 0.520883 0.705542
vt 0.489764 0.313162
vt 0.409567 0.936338
vt 0.963748 0.387069
vt 0.935485 0.190418
vt 0.835103 0.623254
vt 0.974017 0.488476
vt 0.559356 0.115800
vt 0.941762 0.387069
vt 0.962954 0.915252
vt 0.811890 0.793105
vt 0.953353 0.623254
vt 0.847743 0.623254
vt 0.941762 0.399709
vt 0.830505 0.157213
vt 0.961283 0.398278
vt 0.952703 0.403175
vt 0.952573 0.383401
vt 0.961283 0.388485
vt 0.944227 0.388458
vt 0.944227 0.398286
vt 0.969496 0.413010
vt 0.969496 0.422881
vt 0.960717 0.428005
vt 0.952305 0.413002
vt 0.952305 0.422908
vt 0.960848 0.408074
vt 0.000977 0.440657
vt 0.522261 0.204175
vt 0.002718 0.653912
vt 0.534901 0.204175
vt 0.987952 0.358899
vt 0.814901 0.238656
vt 0.975312 0.358899
vt 0.934498 0.163229
vt 0.954339 0.648992
vt 0.000977 0.653912
vt 0.961968 0.940989
vt 0.002718 0.440657
vt 0.986759 0.193399
vt 0.619071 0.086997
vt 0.973031 0.463649
vt 0.115838 0.518990
vt 0.488778 0.313162
vt 0.934498 0.190418
vt 0.830698 0.464457
vt 0.738129 0.262666
vt 0.674224 0.265290
vt 0.750769 0.262666
vt 0.984407 0.557775
vt 0.106866 0.518990
vt 0.971767 0.557775
vt 0.628043 0.086997
vt 0.830698 0.497285
vt 0.814901 0.265846
vt 0.841737 0.903574
vt 0.674224 0.232312
vt 0.578700 0.916831
vt 0.970040 0.552384
vt 0.488778 0.347067
vt 0.982680 0.552384
vt 0.542738 0.914165
vt 0.841737 0.870756
vt 0.530098 0.914165
vt 0.829519 0.190164
vt 0.954339 0.623254
vt 0.829519 0.157213
vt 0.973031 0.488476
vt 0.961968 0.915252
vt 0.986759 0.168753
vt 0.578700 0.950532
vt 0.847743 0.566159
vt 0.017248 0.420749
vt 0.236580 0.967179
vt 0.835103 0.566159
vt 0.243483 0.967179
vt 0.017248 0.408109
vt 0.248644 0.967179
vt 0.243483 0.982174
vt 0.835103 0.581154
vt 0.248644 0.979819
vt 0.236580 0.982175
vt 0.847743 0.581154
vt 0.842492 0.906993
vt 0.931407 0.353751
vt 0.782240 0.138098
vt 0.944047 0.353751
vt 0.794880 0.138098
vt 0.929544 0.904501
vt 0.847743 0.422325
vt 0.782240 0.123102
vt 0.827497 0.906993
vt 0.835103 0.422325
vt 0.944540 0.904501
vt 0.794880 0.123102
vt 0.018990 0.420749
vt 0.846363 0.785890
vt 0.953353 0.590679
vt 0.238322 0.967179
vt 0.246902 0.979819
vt 0.238322 0.982175
vt 0.576874 0.956949
vt 0.968348 0.590679
vt 0.246902 0.967179
vt 0.564234 0.956949
vt 0.953353 0.678148
vt 0.241741 0.982174
vt 0.241741 0.967179
vt 0.018990 0.408109
vt 0.968348 0.678148
vt 0.833723 0.785890
vt 0.651447 0.977473
vt 0.558654 0.463287
vt 0.970271 0.140506
vt 0.848506 0.452936
vt 0.555129 0.929893
vt 0.506411 0.234503
vt 0.985266 0.140506
vt 0.558654 0.478282
vt 0.535063 0.264613
vt 0.555129 0.917253
vt 0.493770 0.234479
vt 0.978089 0.516541
vt 0.651447 0.964833
vt 0.835865 0.452959
vt 0.963094 0.516541
vt 0.535063 0.249618
vt 0.678629 0.263471
vt 0.615949 0.082592
vt 0.594680 0.129264
vt 0.691270 0.263471
vt 0.607320 0.129223
vt 0.816689 0.536952
vt 0.624094 0.923102
vt 0.630944 0.082592
vt 0.678629 0.248475
vt 0.636734 0.923143
vt 0.831684 0.536952
vt 0.691270 0.248475
vt 0.526091 0.264613
vt 0.546157 0.917253
vt 0.659222 0.123102
vt 0.546157 0.929893
vt 0.671862 0.123102
vt 0.567626 0.478282
vt 0.660419 0.977473
vt 0.567626 0.463287
vt 0.671862 0.138098
vt 0.660419 0.964833
vt 0.659222 0.138098
vt 0.526091 0.249618
vt 0.944576 0.479607
vt 0.956794 0.046185
vt 0.717766 0.265257
vt 0.508565 0.936294
vt 0.474768 0.001118
vt 0.730406 0.265257
vt 0.487408 0.000993
vt 0.587440 0.408157
vt 0.442361 0.970242
vt 0.493570 0.936294
vt 0.717766 0.250261
vt 0.455001 0.970367
vt 0.602436 0.408157
vt 0.730406 0.250261
vt 0.831684 0.461037
vt 0.819989 0.796537
vt 0.982680 0.534956
vt 0.807349 0.796544
vt 0.970040 0.534956
vt 0.823408 0.829341
vt 0.811438 0.910426
vt 0.838403 0.829341
vt 0.970040 0.519960
vt 0.824078 0.910433
vt 0.982680 0.519960
vt 0.816689 0.461038
vt 0.944047 0.380941
vt 0.636817 0.890315
vt 0.831684 0.569780
vt 0.967820 0.052551
vt 0.929544 0.931691
vt 0.842492 0.934183
vt 0.931407 0.380941
vt 0.442361 0.936338
vt 0.967820 0.039911
vt 0.493570 0.970198
vt 0.455323 0.936668
vt 0.602436 0.441858
vt 0.493799 0.209833
vt 0.978089 0.491895
vt 0.956622 0.033375
vt 0.831684 0.428087
vt 0.819989 0.829488
vt 0.564234 0.982687
vt 0.945835 0.052551
vt 0.953353 0.652411
vt 0.576874 0.982687
vt 0.968348 0.564942
vt 0.506411 0.209675
vt 0.945835 0.039911
vt 0.985266 0.165334
vt 0.624094 0.890124
vt 0.807366 0.829362
vt 0.956769 0.058859
vt 0.823408 0.796523
vt 0.630944 0.049614
vt 0.835103 0.449515
vt 0.944540 0.931691
vt 0.607403 0.162051
vt 0.955602 0.473241
vt 0.816689 0.569780
vt 0.615949 0.049614
vt 0.594680 0.162242
vt 0.811455 0.877609
vt 0.838403 0.796523
vt 0.944551 0.466933
vt 0.487731 0.034692
vt 0.835894 0.477606
vt 0.944404 0.492417
vt 0.963094 0.491895
vt 0.587440 0.441858
vt 0.847743 0.449515
vt 0.508565 0.970198
vt 0.474768 0.035023
vt 0.955602 0.485881
vt 0.827497 0.934183
vt 0.846363 0.760153
vt 0.970271 0.165334
vt 0.848506 0.477764
vt 0.933617 0.485881
vt 0.953353 0.564942
vt 0.824078 0.877482
vt 0.968348 0.652411
vt 0.833723 0.760153
vt 0.933617 0.473241
vt 0.816689 0.428087
vt 0.953137 0.474672
vt 0.944558 0.469775
vt 0.944427 0.489549
vt 0.953137 0.484465
vt 0.936082 0.484492
vt 0.936082 0.474664
vt 0.965423 0.051159
vt 0.965423 0.041288
vt 0.956645 0.036164
vt 0.948232 0.051167
vt 0.948232 0.041261
vt 0.956776 0.056095
vt 0.236580 0.968165
vt 0.847743 0.567145
vt 0.243483 0.968165
vt 0.835103 0.567145
vt 0.794880 0.124088
vt 0.943554 0.904501
vt 0.782240 0.124088
vt 0.828483 0.906993
vt 0.967362 0.678148
vt 0.241741 0.968165
vt 0.954339 0.590679
vt 0.238322 0.968165
vt 0.964080 0.516541
vt 0.535063 0.250604
vt 0.971257 0.140506
vt 0.558654 0.464273
vt 0.507579 0.970198
vt 0.828483 0.934183
vt 0.817675 0.536952
vt 0.691270 0.262485
vt 0.616935 0.082592
vt 0.678629 0.262485
vt 0.671862 0.137112
vt 0.567626 0.464273
vt 0.659222 0.137112
vt 0.526091 0.250604
vt 0.817675 0.569780
vt 0.943554 0.931691
vt 0.837417 0.796523
vt 0.616935 0.049614
vt 0.588427 0.408157
vt 0.730406 0.264271
vt 0.507579 0.936294
vt 0.717766 0.264271
vt 0.970040 0.520947
vt 0.837417 0.829341
vt 0.982680 0.520947
vt 0.817675 0.461038
vt 0.967362 0.652411
vt 0.817675 0.428087
vt 0.971257 0.165334
vt 0.954339 0.564942
vt 0.964080 0.491895
vt 0.588427 0.441858
vt 0.537689 0.957759
vt 0.582211 0.504108
vt 0.248586 0.880938
vt 0.248586 0.872292
vt 0.248586 0.803123
vt 0.248586 0.794477
vt 0.248586 0.889584
vt 0.248586 0.820415
vt 0.248586 0.811769
vt 0.248586 0.751247
vt 0.248586 0.898230
vt 0.248586 0.837707
vt 0.248586 0.829061
vt 0.248586 0.759893
vt 0.248586 0.846353
vt 0.248586 0.768539
vt 0.248586 0.855000
vt 0.248586 0.777185
vt 0.248586 0.863646
vt 0.248586 0.785831
vt 0.865040 0.964130
vt 0.145876 0.960485
vt 0.521376 0.405003
vt 0.149046 0.955366
vt 0.521376 0.501350
vt 0.521376 0.398982
vt 0.144769 0.966405
vt 0.521376 0.411025
vt 0.145876 0.972324
vt 0.521376 0.417047
vt 0.149046 0.977444
vt 0.521376 0.423068
vt 0.153851 0.981072
vt 0.521376 0.429090
vt 0.159643 0.982720
vt 0.521376 0.435112
vt 0.171029 0.979481
vt 0.521376 0.447155
vt 0.165639 0.982165
vt 0.521376 0.441133
vt 0.177261 0.969415
vt 0.521376 0.459198
vt 0.175086 0.975030
vt 0.521376 0.453177
vt 0.177261 0.963394
vt 0.521376 0.465220
vt 0.175086 0.957779
vt 0.521376 0.471242
vt 0.171029 0.953329
vt 0.521376 0.477263
vt 0.165639 0.950644
vt 0.521376 0.483285
vt 0.159643 0.950089
vt 0.521376 0.489307
vt 0.153851 0.951737
vt 0.521376 0.495328
vt 0.520492 0.489307
vt 0.520492 0.483285
vt 0.520492 0.435112
vt 0.520492 0.429090
vt 0.520492 0.495328
vt 0.520492 0.447155
vt 0.520492 0.441133
vt 0.520492 0.398982
vt 0.520492 0.501350
vt 0.520492 0.459198
vt 0.520492 0.453177
vt 0.520492 0.405003
vt 0.520492 0.465220
vt 0.520492 0.411025
vt 0.520492 0.471242
vt 0.520492 0.417047
vt 0.520492 0.477263
vt 0.520492 0.423068
vt 0.249855 0.759893
vt 0.571724 0.483047
vt 0.249855 0.898230
vt 0.249855 0.751247
vt 0.580040 0.480681
vt 0.249855 0.768539
vt 0.564824 0.488258
vt 0.249855 0.777185
vt 0.560273 0.495609
vt 0.249855 0.785831
vt 0.558684 0.504108
vt 0.249855 0.794477
vt 0.560273 0.512606
vt 0.249855 0.803123
vt 0.564824 0.519957
vt 0.249855 0.820415
vt 0.580040 0.527534
vt 0.249855 0.811769
vt 0.571724 0.525168
vt 0.249855 0.837707
vt 0.596389 0.522882
vt 0.249855 0.829061
vt 0.588649 0.526736
vt 0.249855 0.846353
vt 0.602214 0.516493
vt 0.249855 0.855000
vt 0.605337 0.508431
vt 0.249855 0.863646
vt 0.605337 0.499784
vt 0.249855 0.872292
vt 0.602214 0.491722
vt 0.249855 0.880938
vt 0.596389 0.485333
vt 0.249855 0.889584
vt 0.588649 0.481479
vt 0.573894 0.487406
vt 0.580489 0.485530
vt 0.568423 0.491538
vt 0.564813 0.497368
vt 0.563553 0.504108
vt 0.564813 0.510847
vt 0.568423 0.516677
vt 0.580489 0.522686
vt 0.573894 0.520809
vt 0.593454 0.518997
vt 0.587317 0.522053
vt 0.598074 0.513929
vt 0.600551 0.507536
vt 0.600551 0.500679
vt 0.598074 0.494286
vt 0.593454 0.489218
vt 0.587317 0.486162
vt 0.514132 0.405003
vt 0.849761 0.970049
vt 0.514132 0.398982
vt 0.514132 0.501350
vt 0.852931 0.975169
vt 0.514132 0.411025
vt 0.848655 0.964130
vt 0.514132 0.417047
vt 0.849761 0.958211
vt 0.514132 0.423068
vt 0.852931 0.953091
vt 0.514132 0.429090
vt 0.857736 0.949462
vt 0.514132 0.435112
vt 0.863528 0.947814
vt 0.514132 0.447155
vt 0.874915 0.951054
vt 0.514132 0.441133
vt 0.869524 0.948370
vt 0.514132 0.459198
vt 0.881147 0.961119
vt 0.514132 0.453177
vt 0.878971 0.955504
vt 0.514132 0.465220
vt 0.881147 0.967141
vt 0.514132 0.471242
vt 0.878971 0.972756
vt 0.514132 0.477263
vt 0.874915 0.977206
vt 0.514132 0.483285
vt 0.869524 0.979890
vt 0.514132 0.489307
vt 0.863528 0.980445
vt 0.514132 0.495328
vt 0.857736 0.978797
vt 0.852377 0.969035
vt 0.855005 0.973278
vt 0.851461 0.964130
vt 0.852377 0.959224
vt 0.855005 0.954981
vt 0.858987 0.951974
vt 0.863787 0.950608
vt 0.873224 0.953293
vt 0.868756 0.951069
vt 0.878389 0.961635
vt 0.876586 0.956981
vt 0.878389 0.966625
vt 0.876586 0.971278
vt 0.873224 0.974967
vt 0.868756 0.977191
vt 0.863787 0.977651
vt 0.858987 0.976286
vt 0.239456 0.759893
vt 0.515751 0.966258
vt 0.239456 0.751247
vt 0.239455 0.898230
vt 0.520302 0.973609
vt 0.239456 0.768539
vt 0.514162 0.957759
vt 0.239456 0.777185
vt 0.515751 0.949261
vt 0.239456 0.785831
vt 0.520302 0.941910
vt 0.239456 0.794477
vt 0.527202 0.936699
vt 0.239456 0.803123
vt 0.535518 0.934333
vt 0.239455 0.820415
vt 0.551867 0.938985
vt 0.239456 0.811769
vt 0.544127 0.935131
vt 0.239455 0.837707
vt 0.560815 0.953436
vt 0.239455 0.829061
vt 0.557691 0.945374
vt 0.239455 0.846353
vt 0.560815 0.962082
vt 0.239455 0.855000
vt 0.557691 0.970145
vt 0.239456 0.863646
vt 0.551867 0.976534
vt 0.239455 0.872292
vt 0.544127 0.980388
vt 0.239455 0.880938
vt 0.535518 0.981186
vt 0.239455 0.889584
vt 0.527202 0.978820
vt 0.520085 0.964579
vt 0.523737 0.970478
vt 0.518810 0.957759
vt 0.520085 0.950940
vt 0.523737 0.945041
vt 0.529274 0.940860
vt 0.535947 0.938961
vt 0.549066 0.942694
vt 0.542855 0.939601
vt 0.556246 0.954290
vt 0.553740 0.947821
vt 0.556246 0.961228
vt 0.553740 0.967698
vt 0.549066 0.972825
vt 0.542855 0.975917
vt 0.535947 0.976558
vt 0.529274 0.974659
vt 0.786939 0.242527
vt 0.605675 0.024425
vt 0.262405 0.768539
vt 0.262405 0.777185
vt 0.262405 0.846353
vt 0.262405 0.854999
vt 0.262405 0.759893
vt 0.262405 0.829061
vt 0.262405 0.837707
vt 0.262405 0.898230
vt 0.262405 0.751247
vt 0.262405 0.811769
vt 0.262405 0.820415
vt 0.262405 0.889584
vt 0.262405 0.803123
vt 0.262405 0.880938
vt 0.262405 0.794477
vt 0.262405 0.872292
vt 0.262405 0.785831
vt 0.262405 0.863645
vt 0.196787 0.966405
vt 0.135089 0.979481
vt 0.501223 0.405464
vt 0.139145 0.975030
vt 0.501223 0.501811
vt 0.501223 0.399443
vt 0.129698 0.982165
vt 0.501223 0.411486
vt 0.123702 0.982720
vt 0.501223 0.417508
vt 0.117910 0.981072
vt 0.501223 0.423529
vt 0.113105 0.977444
vt 0.501223 0.429551
vt 0.109935 0.972324
vt 0.501223 0.435573
vt 0.109935 0.960485
vt 0.501223 0.447616
vt 0.108828 0.966405
vt 0.501223 0.441595
vt 0.117910 0.951737
vt 0.501223 0.459660
vt 0.113105 0.955366
vt 0.501223 0.453638
vt 0.123702 0.950089
vt 0.501223 0.465681
vt 0.129698 0.950644
vt 0.501223 0.471703
vt 0.135089 0.953329
vt 0.501223 0.477725
vt 0.139145 0.957779
vt 0.501223 0.483746
vt 0.141321 0.963394
vt 0.501223 0.489768
vt 0.141321 0.969415
vt 0.501223 0.495790
vt 0.502107 0.489768
vt 0.502107 0.483746
vt 0.502107 0.435573
vt 0.502107 0.429551
vt 0.502107 0.495790
vt 0.502107 0.447616
vt 0.502107 0.441595
vt 0.502107 0.399443
vt 0.502107 0.501811
vt 0.502107 0.459660
vt 0.502107 0.453638
vt 0.502107 0.405464
vt 0.502107 0.465681
vt 0.502107 0.411486
vt 0.502107 0.471703
vt 0.502107 0.417508
vt 0.502107 0.477725
vt 0.502107 0.423529
vt 0.263674 0.889584
vt 0.583737 0.032924
vt 0.263674 0.751247
vt 0.263674 0.898230
vt 0.588289 0.040275
vt 0.263674 0.880938
vt 0.582149 0.024425
vt 0.263674 0.872292
vt 0.583737 0.015926
vt 0.263674 0.863645
vt 0.588289 0.008575
vt 0.263674 0.854999
vt 0.595188 0.003365
vt 0.263674 0.846353
vt 0.603504 0.000999
vt 0.263674 0.829061
vt 0.619853 0.005650
vt 0.263674 0.837707
vt 0.612114 0.001797
vt 0.263674 0.811769
vt 0.628801 0.020102
vt 0.263674 0.820415
vt 0.625678 0.012040
vt 0.263674 0.803123
vt 0.628801 0.028748
vt 0.263674 0.794477
vt 0.625678 0.036810
vt 0.263674 0.785831
vt 0.619853 0.043200
vt 0.263674 0.777185
vt 0.612113 0.047054
vt 0.263674 0.768539
vt 0.603504 0.047851
vt 0.263674 0.759893
vt 0.595188 0.045485
vt 0.588277 0.031165
vt 0.591887 0.036995
vt 0.587018 0.024425
vt 0.588277 0.017685
vt 0.591887 0.011855
vt 0.597359 0.007723
vt 0.603954 0.005847
vt 0.616919 0.009536
vt 0.610781 0.006480
vt 0.624015 0.020997
vt 0.621538 0.014603
vt 0.624015 0.027853
vt 0.621538 0.034247
vt 0.616919 0.039314
vt 0.610781 0.042370
vt 0.603954 0.043003
vt 0.597359 0.041127
vt 0.508466 0.405464
vt 0.192303 0.982165
vt 0.508466 0.399443
vt 0.508466 0.501811
vt 0.186912 0.979481
vt 0.508466 0.411486
vt 0.198299 0.982720
vt 0.508466 0.417508
vt 0.204091 0.981072
vt 0.508466 0.423529
vt 0.208896 0.977443
vt 0.508466 0.429551
vt 0.212066 0.972324
vt 0.508466 0.435573
vt 0.213173 0.966405
vt 0.508466 0.447616
vt 0.208896 0.955366
vt 0.508466 0.441595
vt 0.212066 0.960485
vt 0.508466 0.459660
vt 0.198299 0.950089
vt 0.508466 0.453638
vt 0.204091 0.951737
vt 0.508466 0.465681
vt 0.192303 0.950644
vt 0.508466 0.471703
vt 0.186912 0.953329
vt 0.508466 0.477725
vt 0.182856 0.957779
vt 0.508466 0.483746
vt 0.180680 0.963394
vt 0.508466 0.489768
vt 0.180680 0.969415
vt 0.508466 0.495790
vt 0.182856 0.975031
vt 0.193071 0.979466
vt 0.188603 0.977241
vt 0.198040 0.979926
vt 0.202840 0.978561
vt 0.206822 0.975553
vt 0.209450 0.971310
vt 0.210367 0.966405
vt 0.206822 0.957256
vt 0.209450 0.961499
vt 0.198040 0.952883
vt 0.202840 0.954249
vt 0.193071 0.953343
vt 0.188603 0.955568
vt 0.185241 0.959256
vt 0.183439 0.963909
vt 0.183439 0.968900
vt 0.185241 0.973553
vt 0.253275 0.889584
vt 0.808877 0.251026
vt 0.253275 0.898230
vt 0.253275 0.751247
vt 0.804325 0.258377
vt 0.253275 0.880938
vt 0.810466 0.242527
vt 0.253275 0.872292
vt 0.808877 0.234029
vt 0.253275 0.863645
vt 0.804326 0.226678
vt 0.253275 0.854999
vt 0.797426 0.221467
vt 0.253275 0.846353
vt 0.789110 0.219101
vt 0.253274 0.829061
vt 0.772761 0.223753
vt 0.253275 0.837707
vt 0.780501 0.219899
vt 0.253275 0.811769
vt 0.763813 0.238204
vt 0.253274 0.820415
vt 0.766936 0.230142
vt 0.253275 0.803123
vt 0.763813 0.246850
vt 0.253275 0.794477
vt 0.766936 0.254912
vt 0.253275 0.785831
vt 0.772761 0.261302
vt 0.253275 0.777185
vt 0.780501 0.265156
vt 0.253275 0.768539
vt 0.789110 0.265954
vt 0.253275 0.759893
vt 0.797426 0.263588
vt 0.804543 0.249347
vt 0.800891 0.255246
vt 0.805818 0.242527
vt 0.804543 0.235708
vt 0.800891 0.229809
vt 0.795354 0.225628
vt 0.788681 0.223729
vt 0.775562 0.227462
vt 0.781773 0.224369
vt 0.768382 0.239058
vt 0.770888 0.232589
vt 0.768382 0.245996
vt 0.770888 0.252466
vt 0.775562 0.257593
vt 0.781773 0.260685
vt 0.788681 0.261326
vt 0.795354 0.259427
vt 0.928665 0.445178
vt 0.943615 0.137088
vt 0.339100 0.063798
vt 0.339100 0.072444
vt 0.339100 0.141612
vt 0.339100 0.150258
vt 0.339100 0.055152
vt 0.339100 0.124320
vt 0.339100 0.132966
vt 0.339100 0.193489
vt 0.339100 0.046506
vt 0.339100 0.107028
vt 0.339100 0.115674
vt 0.339100 0.184842
vt 0.339100 0.098382
vt 0.339100 0.176196
vt 0.339100 0.089736
vt 0.339100 0.167550
vt 0.339100 0.081090
vt 0.339100 0.158904
vt 0.900981 0.964128
vt 0.069439 0.969415
vt 0.490561 0.404071
vt 0.069439 0.963394
vt 0.490561 0.500418
vt 0.490561 0.398050
vt 0.067264 0.975031
vt 0.490561 0.410093
vt 0.063207 0.979481
vt 0.490561 0.416115
vt 0.057817 0.982165
vt 0.490561 0.422136
vt 0.051821 0.982720
vt 0.490561 0.428158
vt 0.046029 0.981072
vt 0.490561 0.434180
vt 0.038053 0.972324
vt 0.490561 0.446223
vt 0.041223 0.977444
vt 0.490561 0.440201
vt 0.038053 0.960485
vt 0.490561 0.458266
vt 0.036947 0.966405
vt 0.490561 0.452245
vt 0.041223 0.955366
vt 0.490561 0.464288
vt 0.046029 0.951737
vt 0.490561 0.470310
vt 0.051821 0.950089
vt 0.490561 0.476331
vt 0.057817 0.950644
vt 0.490561 0.482353
vt 0.063207 0.953329
vt 0.490561 0.488375
vt 0.067264 0.957779
vt 0.490561 0.494397
vt 0.491445 0.488375
vt 0.491445 0.482353
vt 0.491445 0.434180
vt 0.491445 0.428158
vt 0.491445 0.494397
vt 0.491445 0.446223
vt 0.491445 0.440201
vt 0.491445 0.398050
vt 0.491445 0.500418
vt 0.491445 0.458266
vt 0.491445 0.452245
vt 0.491445 0.404071
vt 0.491445 0.464288
vt 0.491445 0.410093
vt 0.491445 0.470310
vt 0.491445 0.416115
vt 0.491445 0.476331
vt 0.491445 0.422136
vt 0.340369 0.184842
vt 0.965553 0.128589
vt 0.340369 0.046506
vt 0.340369 0.193489
vt 0.961002 0.121238
vt 0.340369 0.176196
vt 0.967142 0.137088
vt 0.340369 0.167550
vt 0.965553 0.145586
vt 0.340369 0.158904
vt 0.961002 0.152937
vt 0.340369 0.150258
vt 0.954102 0.158148
vt 0.340369 0.141612
vt 0.945786 0.160514
vt 0.340369 0.124320
vt 0.929437 0.155862
vt 0.340369 0.132966
vt 0.937177 0.159716
vt 0.340369 0.107028
vt 0.920489 0.141411
vt 0.340369 0.115674
vt 0.923612 0.149473
vt 0.340369 0.098382
vt 0.920489 0.132765
vt 0.340369 0.089736
vt 0.923612 0.124702
vt 0.340369 0.081090
vt 0.929437 0.118313
vt 0.340369 0.072444
vt 0.937177 0.114459
vt 0.340369 0.063798
vt 0.945786 0.113661
vt 0.340369 0.055152
vt 0.954102 0.116027
vt 0.961013 0.130348
vt 0.957403 0.124518
vt 0.962273 0.137088
vt 0.961013 0.143828
vt 0.957403 0.149657
vt 0.951932 0.153789
vt 0.945337 0.155666
vt 0.932371 0.151977
vt 0.938509 0.155033
vt 0.925275 0.140516
vt 0.927752 0.146910
vt 0.925275 0.133659
vt 0.927752 0.127266
vt 0.932371 0.122199
vt 0.938509 0.119142
vt 0.945337 0.118510
vt 0.951932 0.120386
vt 0.497804 0.404071
vt 0.885702 0.958209
vt 0.497804 0.398050
vt 0.497804 0.500418
vt 0.888872 0.953089
vt 0.497804 0.410093
vt 0.884595 0.964128
vt 0.497804 0.416115
vt 0.885702 0.970047
vt 0.497804 0.422136
vt 0.888872 0.975167
vt 0.497804 0.428158
vt 0.893677 0.978796
vt 0.497804 0.434180
vt 0.899469 0.980444
vt 0.497804 0.446223
vt 0.910855 0.977204
vt 0.497804 0.440201
vt 0.905465 0.979888
vt 0.497804 0.458266
vt 0.917087 0.967139
vt 0.497804 0.452245
vt 0.914912 0.972754
vt 0.497804 0.464288
vt 0.917087 0.961117
vt 0.497804 0.470310
vt 0.914912 0.955502
vt 0.497804 0.476331
vt 0.910855 0.951052
vt 0.497804 0.482353
vt 0.905465 0.948368
vt 0.497804 0.488375
vt 0.899469 0.947812
vt 0.497804 0.494396
vt 0.893677 0.949460
vt 0.888318 0.959223
vt 0.890945 0.954980
vt 0.887401 0.964128
vt 0.888318 0.969034
vt 0.890945 0.973277
vt 0.894928 0.976284
vt 0.899728 0.977650
vt 0.909164 0.974965
vt 0.904697 0.977189
vt 0.914329 0.966623
vt 0.912527 0.971277
vt 0.914329 0.961633
vt 0.912526 0.956979
vt 0.909164 0.953291
vt 0.904697 0.951067
vt 0.899728 0.950606
vt 0.894928 0.951972
vt 0.329969 0.184843
vt 0.906726 0.436679
vt 0.329969 0.193489
vt 0.329969 0.046506
vt 0.911278 0.429328
vt 0.329969 0.176196
vt 0.905138 0.445178
vt 0.329969 0.167550
vt 0.906726 0.453677
vt 0.329969 0.158904
vt 0.911278 0.461028
vt 0.329969 0.150258
vt 0.918178 0.466238
vt 0.329969 0.141612
vt 0.926494 0.468604
vt 0.329969 0.124320
vt 0.942843 0.463953
vt 0.329969 0.132966
vt 0.935103 0.467807
vt 0.329969 0.107028
vt 0.951791 0.449501
vt 0.329969 0.115674
vt 0.948667 0.457563
vt 0.329969 0.098382
vt 0.951791 0.440855
vt 0.329969 0.089736
vt 0.948667 0.432793
vt 0.329969 0.081090
vt 0.942842 0.426403
vt 0.329969 0.072444
vt 0.935103 0.422549
vt 0.329969 0.063798
vt 0.926494 0.421752
vt 0.329969 0.055152
vt 0.918178 0.424118
vt 0.911061 0.438358
vt 0.914713 0.432460
vt 0.909786 0.445178
vt 0.911061 0.451998
vt 0.914713 0.457897
vt 0.920250 0.462078
vt 0.926923 0.463976
vt 0.940042 0.460243
vt 0.933831 0.463336
vt 0.947222 0.448647
vt 0.944715 0.455116
vt 0.947222 0.441709
vt 0.944715 0.435240
vt 0.940041 0.430112
vt 0.933831 0.427020
vt 0.926923 0.426380
vt 0.920249 0.428278
vt 0.555574 0.024425
vt 0.949028 0.795964
vt 0.317419 0.063798
vt 0.317419 0.072444
vt 0.317419 0.141612
vt 0.317419 0.150258
vt 0.317419 0.055152
vt 0.317419 0.124320
vt 0.317419 0.132966
vt 0.317419 0.193489
vt 0.317419 0.046506
vt 0.317419 0.107028
vt 0.317419 0.115674
vt 0.317419 0.184842
vt 0.317419 0.098382
vt 0.317419 0.176197
vt 0.317419 0.089736
vt 0.317419 0.167550
vt 0.317419 0.081090
vt 0.317419 0.158904
vt 0.088965 0.966405
vt 0.015880 0.950089
vt 0.510059 0.218171
vt 0.021876 0.950644
vt 0.510059 0.121824
vt 0.510059 0.224193
vt 0.010088 0.951737
vt 0.510059 0.212150
vt 0.005283 0.955366
vt 0.510059 0.206128
vt 0.002113 0.960485
vt 0.510059 0.200106
vt 0.001006 0.966405
vt 0.510059 0.194085
vt 0.002113 0.972324
vt 0.510059 0.188063
vt 0.010088 0.981072
vt 0.510059 0.176020
vt 0.005283 0.977444
vt 0.510059 0.182041
vt 0.021876 0.982165
vt 0.510059 0.163976
vt 0.015880 0.982720
vt 0.510059 0.169998
vt 0.027266 0.979481
vt 0.510059 0.157955
vt 0.031323 0.975031
vt 0.510059 0.151933
vt 0.033498 0.969415
vt 0.510059 0.145911
vt 0.033498 0.963394
vt 0.510059 0.139889
vt 0.031323 0.957779
vt 0.510059 0.133868
vt 0.027266 0.953329
vt 0.510059 0.127846
vt 0.510943 0.133868
vt 0.510943 0.139889
vt 0.510943 0.188063
vt 0.510943 0.194085
vt 0.510943 0.127846
vt 0.510943 0.176020
vt 0.510943 0.182041
vt 0.510943 0.224193
vt 0.510943 0.121824
vt 0.510943 0.163976
vt 0.510943 0.169998
vt 0.510943 0.218171
vt 0.510943 0.157955
vt 0.510943 0.212150
vt 0.510943 0.151933
vt 0.510943 0.206128
vt 0.510943 0.145911
vt 0.510943 0.200106
vt 0.316150 0.184842
vt 0.955466 0.773336
vt 0.316150 0.046506
vt 0.316150 0.193489
vt 0.963206 0.777190
vt 0.316150 0.176197
vt 0.946857 0.772538
vt 0.316150 0.167550
vt 0.938541 0.774904
vt 0.316150 0.158904
vt 0.931642 0.780115
vt 0.316150 0.150258
vt 0.927090 0.787466
vt 0.316150 0.141612
vt 0.925501 0.795964
vt 0.316150 0.124320
vt 0.931641 0.811814
vt 0.316150 0.132966
vt 0.927090 0.804463
vt 0.316150 0.107028
vt 0.946857 0.819391
vt 0.316150 0.115674
vt 0.938541 0.817025
vt 0.316150 0.098382
vt 0.955466 0.818593
vt 0.316150 0.089736
vt 0.963206 0.814739
vt 0.316150 0.081090
vt 0.969031 0.808350
vt 0.316150 0.072444
vt 0.972154 0.800287
vt 0.316150 0.063798
vt 0.972154 0.791641
vt 0.316150 0.055152
vt 0.969031 0.783579
vt 0.954134 0.778019
vt 0.960272 0.781075
vt 0.947306 0.777386
vt 0.940712 0.779263
vt 0.935240 0.783395
vt 0.931630 0.789224
vt 0.930370 0.795964
vt 0.935240 0.808534
vt 0.931630 0.802704
vt 0.947306 0.814542
vt 0.940711 0.812666
vt 0.954134 0.813910
vt 0.960272 0.810853
vt 0.964891 0.805786
vt 0.967368 0.799393
vt 0.967368 0.792536
vt 0.964891 0.786142
vt 0.517302 0.218171
vt 0.104244 0.972324
vt 0.517302 0.224193
vt 0.517302 0.121824
vt 0.105350 0.966405
vt 0.517302 0.212150
vt 0.101074 0.977443
vt 0.517302 0.206128
vt 0.096268 0.981072
vt 0.517302 0.200106
vt 0.090477 0.982720
vt 0.517302 0.194085
vt 0.084481 0.982165
vt 0.517302 0.188063
vt 0.079090 0.979481
vt 0.517302 0.176020
vt 0.072858 0.969415
vt 0.517302 0.182041
vt 0.075033 0.975030
vt 0.517302 0.163976
vt 0.075033 0.957779
vt 0.517302 0.169998
vt 0.072858 0.963394
vt 0.517302 0.157955
vt 0.079090 0.953329
vt 0.517302 0.151933
vt 0.084481 0.950644
vt 0.517302 0.145911
vt 0.090477 0.950089
vt 0.517302 0.139889
vt 0.096268 0.951737
vt 0.517302 0.133868
vt 0.101074 0.955366
vt 0.517302 0.127846
vt 0.104244 0.960485
vt 0.101627 0.971310
vt 0.102544 0.966405
vt 0.099000 0.975553
vt 0.095018 0.978561
vt 0.090218 0.979926
vt 0.085248 0.979466
vt 0.080781 0.977241
vt 0.075616 0.968900
vt 0.077419 0.973553
vt 0.077419 0.959256
vt 0.075616 0.963909
vt 0.080781 0.955568
vt 0.085248 0.953343
vt 0.090218 0.952883
vt 0.095018 0.954249
vt 0.099000 0.957256
vt 0.101627 0.961499
vt 0.326550 0.184843
vt 0.533636 0.032924
vt 0.326550 0.193489
vt 0.326550 0.046506
vt 0.538187 0.040275
vt 0.326550 0.176197
vt 0.532047 0.024425
vt 0.326550 0.167550
vt 0.533636 0.015926
vt 0.326550 0.158904
vt 0.538187 0.008575
vt 0.326550 0.150258
vt 0.545087 0.003365
vt 0.326550 0.141612
vt 0.553403 0.000999
vt 0.326550 0.124320
vt 0.569752 0.005650
vt 0.326550 0.132966
vt 0.562012 0.001797
vt 0.326550 0.107028
vt 0.578700 0.020102
vt 0.326550 0.115674
vt 0.575577 0.012040
vt 0.326550 0.098382
vt 0.578700 0.028748
vt 0.326550 0.089736
vt 0.575577 0.036810
vt 0.326550 0.081090
vt 0.569752 0.043200
vt 0.326550 0.072444
vt 0.562012 0.047054
vt 0.326550 0.063798
vt 0.553403 0.047851
vt 0.326550 0.055152
vt 0.545087 0.045485
vt 0.537970 0.031245
vt 0.541622 0.037144
vt 0.536695 0.024425
vt 0.537970 0.017605
vt 0.541622 0.011707
vt 0.547159 0.007526
vt 0.553832 0.005627
vt 0.566951 0.009360
vt 0.560740 0.006267
vt 0.574131 0.020956
vt 0.571625 0.014487
vt 0.574131 0.027894
vt 0.571625 0.034363
vt 0.566951 0.039491
vt 0.560740 0.042583
vt 0.553832 0.043223
vt 0.547159 0.041325
vt 0.976867 0.849380
vt 0.099240 0.202900
vt 0.133231 0.202900
vt 0.069025 0.202900
vt 0.091686 0.202900
vt 0.087909 0.202900
vt 0.084132 0.202900
vt 0.080356 0.202900
vt 0.076579 0.202900
vt 0.072802 0.202900
vt 0.129454 0.202900
vt 0.103016 0.202900
vt 0.125677 0.202900
vt 0.121900 0.202900
vt 0.118124 0.202900
vt 0.114347 0.202900
vt 0.110570 0.202900
vt 0.106793 0.202900
vt 0.095463 0.202900
vt 0.979166 0.841232
vt 0.976077 0.840956
vt 0.973099 0.841830
vt 0.970626 0.843701
vt 0.968997 0.846334
vt 0.968417 0.849366
vt 0.968979 0.852401
vt 0.970592 0.855047
vt 0.973054 0.856942
vt 0.976043 0.857822
vt 0.979158 0.857556
vt 0.981969 0.856162
vt 0.984095 0.853848
vt 0.985231 0.850935
vt 0.985213 0.847818
vt 0.984067 0.844915
vt 0.981957 0.842611
vt 0.121910 0.009412
vt 0.118129 0.009411
vt 0.087908 0.009417
vt 0.084131 0.009417
vt 0.125695 0.009416
vt 0.091685 0.009417
vt 0.129464 0.009430
vt 0.563551 0.189856
vt 0.099239 0.009416
vt 0.567312 0.209975
vt 0.095462 0.009416
vt 0.069023 0.009419
vt 0.133269 0.009446
vt 0.567312 0.189507
vt 0.106793 0.009414
vt 0.103016 0.009415
vt 0.563551 0.209627
vt 0.072800 0.009417
vt 0.110571 0.009413
vt 0.076577 0.009417
vt 0.114349 0.009412
vt 0.080354 0.009417
vt 0.121905 0.001802
vt 0.087907 0.001824
vt 0.125690 0.001779
vt 0.091684 0.001824
vt 0.099237 0.001822
vt 0.106790 0.001820
vt 0.072801 0.001824
vt 0.110567 0.001818
vt 0.076578 0.001824
vt 0.114345 0.001815
vt 0.080354 0.001824
vt 0.118124 0.001810
vt 0.084131 0.001824
vt 0.095460 0.001823
vt 0.103014 0.001821
vt 0.133318 0.001059
vt 0.979750 0.839088
vt 0.069025 0.001098
vt 0.979337 0.840624
vt 0.976014 0.840318
vt 0.975862 0.838754
vt 0.072802 0.001132
vt 0.972816 0.841268
vt 0.076578 0.001132
vt 0.972091 0.839827
vt 0.970157 0.843274
vt 0.080354 0.001132
vt 0.968968 0.842216
vt 0.968407 0.846104
vt 0.084131 0.001132
vt 0.966929 0.845548
vt 0.967784 0.849364
vt 0.087907 0.001132
vt 0.966226 0.849359
vt 0.968388 0.852628
vt 0.091684 0.001132
vt 0.966906 0.853174
vt 0.095460 0.001131
vt 0.968924 0.856519
vt 0.970119 0.855471
vt 0.972765 0.857510
vt 0.099237 0.001130
vt 0.972025 0.858924
vt 0.103013 0.001129
vt 0.975800 0.860051
vt 0.975979 0.858458
vt 0.979331 0.858174
vt 0.106790 0.001128
vt 0.979746 0.859734
vt 0.982355 0.856676
vt 0.110567 0.001125
vt 0.983341 0.857990
vt 0.984645 0.854190
vt 0.114344 0.001122
vt 0.986023 0.855023
vt 0.985862 0.851052
vt 0.118123 0.001118
vt 0.987416 0.851337
vt 0.985841 0.847697
vt 0.121902 0.001109
vt 0.987416 0.847413
vt 0.984605 0.844579
vt 0.125681 0.001086
vt 0.985988 0.843715
vt 0.982343 0.842097
vt 0.129503 0.000977
vt 0.983289 0.840802
vt 0.118128 0.015251
vt 0.084131 0.015253
vt 0.095462 0.015252
vt 0.557715 0.209627
vt 0.103017 0.015252
vt 0.121907 0.015251
vt 0.087908 0.015253
vt 0.125684 0.015253
vt 0.091685 0.015253
vt 0.557715 0.189856
vt 0.129457 0.015256
vt 0.573148 0.209975
vt 0.553954 0.209975
vt 0.099240 0.015252
vt 0.573148 0.189507
vt 0.553954 0.189507
vt 0.069024 0.015254
vt 0.133234 0.015257
vt 0.106794 0.015251
vt 0.072801 0.015254
vt 0.110572 0.015251
vt 0.076578 0.015253
vt 0.114350 0.015251
vt 0.080355 0.015253
vt 0.069082 0.001896
vt 0.133279 0.001867
vt 0.129445 0.001785
vt 0.118124 0.064129
vt 0.084132 0.064129
vt 0.095463 0.064129
vt 0.103017 0.064129
vt 0.121901 0.064129
vt 0.087909 0.064129
vt 0.125678 0.064129
vt 0.091686 0.064129
vt 0.129454 0.064129
vt 0.099240 0.064129
vt 0.069025 0.064129
vt 0.133231 0.064129
vt 0.106794 0.064129
vt 0.072802 0.064129
vt 0.110570 0.064129
vt 0.076579 0.064129
vt 0.114347 0.064129
vt 0.080356 0.064129
vt 0.118124 0.079492
vt 0.084133 0.079492
vt 0.095463 0.079492
vt 0.103017 0.079492
vt 0.121901 0.079492
vt 0.087909 0.079492
vt 0.125677 0.079492
vt 0.091686 0.079492
vt 0.129454 0.079492
vt 0.099240 0.079492
vt 0.069025 0.079492
vt 0.133231 0.079492
vt 0.106793 0.079492
vt 0.072802 0.079492
vt 0.110570 0.079492
vt 0.076579 0.079492
vt 0.114347 0.079492
vt 0.080356 0.079492
vt 0.910269 0.523262
vt 0.909588 0.514838
vt 0.912671 0.515158
vt 0.915421 0.516582
vt 0.917491 0.518874
vt 0.918583 0.521764
vt 0.918570 0.524863
vt 0.917442 0.527757
vt 0.915342 0.530053
vt 0.912547 0.531438
vt 0.909432 0.531714
vt 0.906422 0.530827
vt 0.903931 0.528916
vt 0.902318 0.526233
vt 0.901778 0.523164
vt 0.902398 0.520122
vt 0.904066 0.517503
vt 0.906584 0.515665
vt 0.121910 0.396389
vt 0.118129 0.396389
vt 0.087908 0.396384
vt 0.084131 0.396384
vt 0.125695 0.396385
vt 0.091685 0.396384
vt 0.129464 0.396371
vt 0.982467 0.135671
vt 0.099239 0.396385
vt 0.986228 0.115551
vt 0.095462 0.396385
vt 0.069023 0.396382
vt 0.133269 0.396355
vt 0.986228 0.136019
vt 0.106793 0.396387
vt 0.103016 0.396386
vt 0.982467 0.115900
vt 0.072800 0.396384
vt 0.110571 0.396388
vt 0.076577 0.396383
vt 0.114349 0.396389
vt 0.080354 0.396383
vt 0.121905 0.403999
vt 0.087907 0.403977
vt 0.125690 0.404021
vt 0.091684 0.403977
vt 0.099237 0.403978
vt 0.106790 0.403981
vt 0.072801 0.403977
vt 0.110567 0.403983
vt 0.076578 0.403977
vt 0.114345 0.403986
vt 0.080354 0.403977
vt 0.118124 0.403990
vt 0.084131 0.403976
vt 0.095460 0.403978
vt 0.103014 0.403980
vt 0.133318 0.404741
vt 0.909425 0.512616
vt 0.069025 0.404703
vt 0.909535 0.514207
vt 0.912855 0.514544
vt 0.913304 0.513042
vt 0.072802 0.404669
vt 0.915804 0.516086
vt 0.076578 0.404669
vt 0.916783 0.514817
vt 0.918032 0.518544
vt 0.080354 0.404669
vt 0.919367 0.517731
vt 0.919206 0.521652
vt 0.084131 0.404669
vt 0.920758 0.521354
vt 0.919194 0.524981
vt 0.087907 0.404669
vt 0.920758 0.525261
vt 0.917983 0.528093
vt 0.091684 0.404669
vt 0.919346 0.528920
vt 0.095460 0.404670
vt 0.916701 0.531830
vt 0.915726 0.530564
vt 0.912720 0.532055
vt 0.099237 0.404670
vt 0.913173 0.533594
vt 0.103013 0.404672
vt 0.909228 0.533962
vt 0.909368 0.532354
vt 0.906131 0.531399
vt 0.106790 0.404673
vt 0.905386 0.532863
vt 0.903452 0.529345
vt 0.110567 0.404675
vt 0.902234 0.530405
vt 0.901714 0.526459
vt 0.114344 0.404678
vt 0.900210 0.526998
vt 0.901140 0.523156
vt 0.118123 0.404683
vt 0.899569 0.523132
vt 0.901808 0.519884
vt 0.121902 0.404691
vt 0.900330 0.519306
vt 0.903605 0.517070
vt 0.125681 0.404714
vt 0.902424 0.515989
vt 0.906305 0.515087
vt 0.129503 0.404824
vt 0.905599 0.513622
vt 0.118128 0.390550
vt 0.084131 0.390548
vt 0.095462 0.390548
vt 0.976631 0.115900
vt 0.103017 0.390549
vt 0.121907 0.390549
vt 0.087908 0.390548
vt 0.125684 0.390548
vt 0.091685 0.390548
vt 0.976631 0.135671
vt 0.129457 0.390544
vt 0.992064 0.115551
vt 0.972870 0.115551
vt 0.099240 0.390549
vt 0.992064 0.136019
vt 0.972870 0.136019
vt 0.069024 0.390547
vt 0.133234 0.390544
vt 0.106794 0.390550
vt 0.072801 0.390547
vt 0.110572 0.390550
vt 0.076578 0.390547
vt 0.114350 0.390550
vt 0.080355 0.390547
vt 0.069082 0.403905
vt 0.133279 0.403934
vt 0.129445 0.404015
vt 0.118124 0.341672
vt 0.084132 0.341672
vt 0.095463 0.341672
vt 0.103017 0.341672
vt 0.121901 0.341672
vt 0.087909 0.341672
vt 0.125678 0.341672
vt 0.091686 0.341672
vt 0.129454 0.341671
vt 0.099240 0.341672
vt 0.069025 0.341672
vt 0.133231 0.341671
vt 0.106794 0.341672
vt 0.072802 0.341672
vt 0.110570 0.341672
vt 0.076579 0.341672
vt 0.114347 0.341672
vt 0.080356 0.341672
vt 0.118124 0.326309
vt 0.084132 0.326309
vt 0.095463 0.326309
vt 0.103017 0.326309
vt 0.121901 0.326309
vt 0.087909 0.326309
vt 0.125677 0.326309
vt 0.091686 0.326309
vt 0.129454 0.326309
vt 0.099240 0.326309
vt 0.069025 0.326309
vt 0.133231 0.326308
vt 0.106793 0.326309
vt 0.072802 0.326309
vt 0.110570 0.326309
vt 0.076579 0.326309
vt 0.114347 0.326309
vt 0.080356 0.326309
vt 0.972854 0.824970
vt 0.035138 0.202900
vt 0.001147 0.202900
vt 0.065353 0.202900
vt 0.042692 0.202900
vt 0.046469 0.202900
vt 0.050246 0.202900
vt 0.054022 0.202900
vt 0.057799 0.202900
vt 0.061576 0.202900
vt 0.004924 0.202900
vt 0.031362 0.202900
vt 0.008701 0.202900
vt 0.012477 0.202900
vt 0.016254 0.202900
vt 0.020031 0.202900
vt 0.023808 0.202900
vt 0.027585 0.202900
vt 0.038915 0.202900
vt 0.972172 0.816545
vt 0.975256 0.816865
vt 0.978006 0.818289
vt 0.980076 0.820581
vt 0.981167 0.823472
vt 0.981155 0.826570
vt 0.980027 0.829464
vt 0.977927 0.831761
vt 0.975132 0.833146
vt 0.972017 0.833422
vt 0.969007 0.832534
vt 0.966516 0.830624
vt 0.964902 0.827940
vt 0.964363 0.824872
vt 0.964982 0.821829
vt 0.966651 0.819211
vt 0.969169 0.817372
vt 0.012468 0.009412
vt 0.016249 0.009411
vt 0.046470 0.009417
vt 0.050247 0.009417
vt 0.008683 0.009416
vt 0.042693 0.009417
vt 0.004914 0.009430
vt 0.975796 0.884175
vt 0.035139 0.009416
vt 0.972035 0.904294
vt 0.038916 0.009416
vt 0.065355 0.009418
vt 0.001109 0.009446
vt 0.972035 0.883826
vt 0.027585 0.009414
vt 0.031362 0.009415
vt 0.975796 0.903946
vt 0.061578 0.009417
vt 0.023807 0.009413
vt 0.057801 0.009417
vt 0.020028 0.009412
vt 0.054024 0.009417
vt 0.012473 0.001802
vt 0.046470 0.001824
vt 0.008687 0.001779
vt 0.042694 0.001824
vt 0.035141 0.001822
vt 0.027588 0.001820
vt 0.061577 0.001824
vt 0.023810 0.001818
vt 0.057800 0.001824
vt 0.020033 0.001815
vt 0.054023 0.001824
vt 0.016254 0.001810
vt 0.050247 0.001824
vt 0.038918 0.001823
vt 0.031364 0.001821
vt 0.001059 0.001059
vt 0.972010 0.814323
vt 0.065352 0.001098
vt 0.972120 0.815915
vt 0.975439 0.816252
vt 0.975889 0.814749
vt 0.061576 0.001131
vt 0.978389 0.817793
vt 0.057800 0.001132
vt 0.979368 0.816525
vt 0.980617 0.820251
vt 0.054023 0.001132
vt 0.981952 0.819439
vt 0.981791 0.823359
vt 0.050247 0.001132
vt 0.983343 0.823061
vt 0.981779 0.826689
vt 0.046471 0.001132
vt 0.983343 0.826968
vt 0.980567 0.829800
vt 0.042694 0.001132
vt 0.981930 0.830627
vt 0.038918 0.001131
vt 0.979285 0.833538
vt 0.978310 0.832271
vt 0.975305 0.833762
vt 0.035141 0.001130
vt 0.975757 0.835301
vt 0.031365 0.001129
vt 0.971813 0.835670
vt 0.971953 0.834061
vt 0.968715 0.833106
vt 0.027588 0.001128
vt 0.967971 0.834570
vt 0.966036 0.831052
vt 0.023811 0.001125
vt 0.964818 0.832112
vt 0.964298 0.828166
vt 0.020034 0.001122
vt 0.962794 0.828706
vt 0.963725 0.824863
vt 0.016255 0.001118
vt 0.962154 0.824839
vt 0.964393 0.821591
vt 0.012476 0.001109
vt 0.962915 0.821013
vt 0.966189 0.818777
vt 0.008697 0.001086
vt 0.965009 0.817697
vt 0.968890 0.816794
vt 0.004875 0.000977
vt 0.968184 0.815329
vt 0.016249 0.015251
vt 0.050246 0.015253
vt 0.038916 0.015252
vt 0.981632 0.903946
vt 0.031361 0.015252
vt 0.012471 0.015251
vt 0.046470 0.015253
vt 0.008694 0.015253
vt 0.042693 0.015253
vt 0.981632 0.884175
vt 0.004921 0.015256
vt 0.966198 0.904295
vt 0.985393 0.904294
vt 0.035138 0.015252
vt 0.966198 0.883826
vt 0.985393 0.883826
vt 0.065354 0.015254
vt 0.001144 0.015257
vt 0.027584 0.015251
vt 0.061577 0.015254
vt 0.023806 0.015251
vt 0.057800 0.015253
vt 0.020028 0.015251
vt 0.054023 0.015253
vt 0.065296 0.001896
vt 0.001099 0.001867
vt 0.004933 0.001785
vt 0.016254 0.064129
vt 0.050246 0.064129
vt 0.038915 0.064129
vt 0.031361 0.064129
vt 0.012477 0.064129
vt 0.046469 0.064129
vt 0.008700 0.064129
vt 0.042692 0.064129
vt 0.004924 0.064129
vt 0.035138 0.064129
vt 0.065353 0.064129
vt 0.001147 0.064129
vt 0.027584 0.064129
vt 0.061576 0.064129
vt 0.023808 0.064129
vt 0.057799 0.064129
vt 0.020031 0.064129
vt 0.054022 0.064129
vt 0.016254 0.079492
vt 0.050245 0.079492
vt 0.038915 0.079492
vt 0.031361 0.079492
vt 0.012477 0.079492
vt 0.046469 0.079492
vt 0.008701 0.079492
vt 0.042692 0.079492
vt 0.004924 0.079492
vt 0.035138 0.079492
vt 0.065353 0.079492
vt 0.001147 0.079492
vt 0.027585 0.079492
vt 0.061576 0.079492
vt 0.023808 0.079492
vt 0.057799 0.079492
vt 0.020031 0.079492
vt 0.054022 0.079492
vt 0.766808 0.871137
vt 0.769107 0.862989
vt 0.766018 0.862712
vt 0.763040 0.863587
vt 0.760567 0.865457
vt 0.758938 0.868090
vt 0.758358 0.871122
vt 0.758920 0.874158
vt 0.760533 0.876803
vt 0.762995 0.878698
vt 0.765984 0.879578
vt 0.769099 0.879312
vt 0.771910 0.877919
vt 0.774036 0.875605
vt 0.775172 0.872691
vt 0.775154 0.869574
vt 0.774008 0.866672
vt 0.771897 0.864368
vt 0.012468 0.396389
vt 0.016249 0.396389
vt 0.046470 0.396384
vt 0.050247 0.396384
vt 0.008683 0.396385
vt 0.042693 0.396384
vt 0.004914 0.396371
vt 0.602200 0.655374
vt 0.035139 0.396385
vt 0.598439 0.635254
vt 0.038916 0.396384
vt 0.065355 0.396382
vt 0.001109 0.396355
vt 0.598439 0.655722
vt 0.027585 0.396387
vt 0.031362 0.396386
vt 0.602200 0.635603
vt 0.061578 0.396384
vt 0.023807 0.396388
vt 0.057801 0.396383
vt 0.020028 0.396389
vt 0.054024 0.396383
vt 0.012473 0.403999
vt 0.046470 0.403977
vt 0.008687 0.404021
vt 0.042694 0.403977
vt 0.035141 0.403978
vt 0.027588 0.403981
vt 0.061577 0.403977
vt 0.023810 0.403983
vt 0.057800 0.403977
vt 0.020033 0.403986
vt 0.054023 0.403976
vt 0.016254 0.403990
vt 0.050247 0.403976
vt 0.038917 0.403978
vt 0.031364 0.403979
vt 0.001059 0.404741
vt 0.769690 0.860845
vt 0.065352 0.404702
vt 0.769278 0.862381
vt 0.765955 0.862074
vt 0.765803 0.860511
vt 0.061576 0.404669
vt 0.762757 0.863025
vt 0.057800 0.404669
vt 0.762032 0.861583
vt 0.760098 0.865030
vt 0.054023 0.404668
vt 0.758909 0.863973
vt 0.758348 0.867860
vt 0.050247 0.404669
vt 0.756870 0.867305
vt 0.757725 0.871120
vt 0.046471 0.404669
vt 0.756167 0.871116
vt 0.758329 0.874384
vt 0.042694 0.404669
vt 0.756847 0.874931
vt 0.038918 0.404670
vt 0.758865 0.878276
vt 0.760060 0.877228
vt 0.762706 0.879266
vt 0.035141 0.404670
vt 0.761966 0.880680
vt 0.031365 0.404672
vt 0.765741 0.881807
vt 0.765920 0.880214
vt 0.769272 0.879931
vt 0.027588 0.404673
vt 0.769687 0.881491
vt 0.772296 0.878432
vt 0.023811 0.404675
vt 0.773282 0.879746
vt 0.774586 0.875947
vt 0.020034 0.404678
vt 0.775963 0.876779
vt 0.775803 0.872808
vt 0.016255 0.404683
vt 0.777357 0.873093
vt 0.775782 0.869453
vt 0.012476 0.404691
vt 0.777357 0.869169
vt 0.774546 0.866336
vt 0.008697 0.404714
vt 0.775929 0.865471
vt 0.772284 0.863853
vt 0.004875 0.404824
vt 0.773230 0.862559
vt 0.016249 0.390550
vt 0.050246 0.390548
vt 0.038916 0.390548
vt 0.608036 0.635603
vt 0.031361 0.390549
vt 0.012471 0.390549
vt 0.046470 0.390548
vt 0.008694 0.390548
vt 0.042693 0.390548
vt 0.608036 0.655374
vt 0.004921 0.390544
vt 0.592602 0.635254
vt 0.611797 0.635254
vt 0.035138 0.390549
vt 0.592602 0.655722
vt 0.611797 0.655722
vt 0.065354 0.390547
vt 0.001144 0.390544
vt 0.027584 0.390550
vt 0.061577 0.390547
vt 0.023806 0.390550
vt 0.057800 0.390547
vt 0.020028 0.390550
vt 0.054023 0.390547
vt 0.065296 0.403905
vt 0.001099 0.403934
vt 0.004933 0.404015
vt 0.016254 0.341672
vt 0.050245 0.341672
vt 0.038915 0.341672
vt 0.031361 0.341672
vt 0.012477 0.341672
vt 0.046469 0.341672
vt 0.008700 0.341672
vt 0.042692 0.341672
vt 0.004923 0.341671
vt 0.035138 0.341672
vt 0.065353 0.341672
vt 0.001147 0.341671
vt 0.027584 0.341672
vt 0.061576 0.341672
vt 0.023807 0.341672
vt 0.057799 0.341672
vt 0.020031 0.341672
vt 0.054022 0.341672
vt 0.016254 0.326309
vt 0.050245 0.326309
vt 0.038915 0.326309
vt 0.031361 0.326309
vt 0.012477 0.326309
vt 0.046469 0.326309
vt 0.008700 0.326309
vt 0.042692 0.326309
vt 0.004924 0.326308
vt 0.035138 0.326309
vt 0.065353 0.326309
vt 0.001147 0.326308
vt 0.027584 0.326309
vt 0.061576 0.326309
vt 0.023808 0.326309
vt 0.057799 0.326309
vt 0.020031 0.326309
vt 0.054022 0.326309
vt 0.931687 0.318319
vt 0.974685 0.209338
vt 0.933104 0.197302
vt 0.954159 0.316538
vt 0.974431 0.306547
vt 0.989567 0.289894
vt 0.997617 0.268983
vt 0.997619 0.246591
vt 0.989583 0.225764
vt 0.955007 0.199448
vt 0.911798 0.203257
vt 0.894011 0.216604
vt 0.882257 0.235483
vt 0.878035 0.257154
vt 0.881712 0.278867
vt 0.892905 0.297920
vt 0.910298 0.311745
vt 0.770461 0.915779
vt 0.663972 0.957738
vt 0.652210 0.917141
vt 0.768665 0.937730
vt 0.758869 0.957501
vt 0.742595 0.972248
vt 0.722183 0.980085
vt 0.700352 0.980090
vt 0.680018 0.972265
vt 0.654308 0.938531
vt 0.658035 0.896331
vt 0.671077 0.878960
vt 0.689500 0.867463
vt 0.710673 0.863302
vt 0.731917 0.866861
vt 0.750570 0.877803
vt 0.764088 0.894851
vt 0.714560 0.243588
vt 0.756167 0.138115
vt 0.715947 0.126465
vt 0.736301 0.241860
vt 0.755913 0.232188
vt 0.770554 0.216073
vt 0.778341 0.195840
vt 0.778347 0.174172
vt 0.770575 0.154013
vt 0.737130 0.128545
vt 0.695336 0.132224
vt 0.678123 0.145143
vt 0.666745 0.163416
vt 0.662654 0.184384
vt 0.666208 0.205412
vt 0.677037 0.223854
vt 0.693867 0.237231
vt 0.960788 0.750853
vt 0.609874 0.479878
vt 0.941375 0.752652
vt 0.923922 0.761342
vt 0.910788 0.775750
vt 0.903745 0.793930
vt 0.903745 0.813426
vt 0.910788 0.831606
vt 0.923922 0.846014
vt 0.941375 0.854704
vt 0.960788 0.856503
vt 0.609874 0.374228
vt 0.591122 0.379563
vt 0.575563 0.391312
vt 0.565300 0.407888
vt 0.561717 0.427053
vt 0.565300 0.446217
vt 0.575563 0.462793
vt 0.591122 0.474543
vt 0.964615 0.968402
vt 0.825971 0.854505
vt 0.946175 0.966693
vt 0.929597 0.958439
vt 0.917121 0.944753
vt 0.910431 0.927484
vt 0.910431 0.908965
vt 0.917121 0.891696
vt 0.929597 0.878010
vt 0.946175 0.869755
vt 0.964615 0.868046
vt 0.825971 0.954861
vt 0.808158 0.949793
vt 0.793379 0.938633
vt 0.783630 0.922887
vt 0.780227 0.904683
vt 0.783630 0.886479
vt 0.793379 0.870734
vt 0.808158 0.859573
vt 0.281955 0.661451
vt 0.282072 0.648430
vt 0.281851 0.673032
vt 0.361682 0.957118
vt 0.360922 0.937200
vt 0.362359 0.974847
vt 0.290189 0.660769
vt 0.290202 0.663545
vt 0.289851 0.657828
vt 0.289104 0.654723
vt 0.287717 0.651682
vt 0.285346 0.648972
vt 0.284678 0.672644
vt 0.289780 0.666211
vt 0.288773 0.668743
vt 0.287073 0.671023
vt 0.279441 0.959318
vt 0.278824 0.963147
vt 0.275229 0.945139
vt 0.277509 0.948575
vt 0.272335 0.975084
vt 0.268632 0.976166
vt 0.277639 0.967065
vt 0.272177 0.942588
vt 0.268744 0.941423
vt 0.275901 0.970839
vt 0.279461 0.955622
vt 0.278842 0.952026
vt 0.293337 0.660691
vt 0.294762 0.660622
vt 0.283678 0.959648
vt 0.294762 0.664842
vt 0.283727 0.955273
vt 0.293369 0.664540
vt 0.292712 0.656698
vt 0.282966 0.964096
vt 0.294071 0.656278
vt 0.291605 0.652563
vt 0.281567 0.968628
vt 0.292857 0.651825
vt 0.290132 0.648339
vt 0.279331 0.973024
vt 0.291226 0.647354
vt 0.287170 0.642320
vt 0.274197 0.978320
vt 0.287803 0.640894
vt 0.268864 0.979799
vt 0.282149 0.639925
vt 0.282134 0.641556
vt 0.285588 0.678053
vt 0.274432 0.938336
vt 0.285998 0.679563
vt 0.281794 0.679301
vt 0.268836 0.936382
vt 0.281780 0.680839
vt 0.292683 0.668255
vt 0.283045 0.950909
vt 0.293967 0.668923
vt 0.281503 0.946573
vt 0.292271 0.672793
vt 0.291177 0.671790
vt 0.278658 0.942055
vt 0.289634 0.676674
vt 0.288843 0.675368
vt 0.278862 0.959269
vt 0.350256 0.956679
vt 0.278880 0.955667
vt 0.350256 0.960663
vt 0.278256 0.963019
vt 0.350855 0.952556
vt 0.277095 0.966861
vt 0.351834 0.948275
vt 0.275422 0.970525
vt 0.352998 0.943898
vt 0.272059 0.974694
vt 0.355499 0.937145
vt 0.268629 0.975722
vt 0.360888 0.936304
vt 0.271928 0.943088
vt 0.358428 0.974667
vt 0.268736 0.941974
vt 0.362400 0.975909
vt 0.278276 0.952180
vt 0.351006 0.964523
vt 0.276985 0.948845
vt 0.352629 0.968169
vt 0.274808 0.945534
vt 0.355040 0.971898
vt 0.351461 0.956773
vt 0.351461 0.960622
vt 0.352054 0.952688
vt 0.353045 0.948354
vt 0.354222 0.943931
vt 0.356457 0.937897
vt 0.359085 0.973823
vt 0.352172 0.964284
vt 0.353726 0.967773
vt 0.356016 0.971314
vt 0.333962 0.955696
vt 0.334033 0.968759
vt 0.333899 0.944072
vt 0.061519 0.471424
vt 0.062218 0.453114
vt 0.060903 0.487576
vt 0.342236 0.956409
vt 0.342260 0.953615
vt 0.341889 0.959372
vt 0.341126 0.962496
vt 0.339717 0.965538
vt 0.337329 0.968228
vt 0.336733 0.944468
vt 0.341842 0.950931
vt 0.340834 0.948384
vt 0.339133 0.946096
vt 0.316975 0.956802
vt 0.316635 0.961341
vt 0.310119 0.940304
vt 0.313399 0.944163
vt 0.309271 0.976394
vt 0.303816 0.978735
vt 0.315583 0.965984
vt 0.305945 0.937749
vt 0.301527 0.937026
vt 0.313772 0.970471
vt 0.316596 0.952423
vt 0.315437 0.948184
vt 0.345398 0.956495
vt 0.346837 0.956565
vt 0.312695 0.956886
vt 0.346837 0.952309
vt 0.312406 0.953250
vt 0.345434 0.952613
vt 0.344764 0.960525
vt 0.312372 0.960729
vt 0.346135 0.960954
vt 0.343625 0.964689
vt 0.311489 0.964733
vt 0.344878 0.965447
vt 0.342098 0.968912
vt 0.310118 0.968620
vt 0.343161 0.969911
vt 0.339004 0.974746
vt 0.306888 0.973427
vt 0.339603 0.976152
vt 0.303343 0.974464
vt 0.334078 0.977129
vt 0.334070 0.975534
vt 0.337617 0.939119
vt 0.304542 0.941401
vt 0.338020 0.937623
vt 0.333865 0.937892
vt 0.301672 0.940485
vt 0.333857 0.936372
vt 0.344741 0.948879
vt 0.311469 0.949804
vt 0.346030 0.948206
vt 0.309803 0.946595
vt 0.344318 0.944325
vt 0.343227 0.945333
vt 0.307410 0.943479
vt 0.341651 0.940469
vt 0.340871 0.941776
vt 0.317673 0.956798
vt 0.072945 0.470985
vt 0.317292 0.952299
vt 0.072945 0.474969
vt 0.317318 0.961443
vt 0.072347 0.466861
vt 0.316237 0.966189
vt 0.071368 0.462581
vt 0.314362 0.970801
vt 0.070204 0.458204
vt 0.309699 0.976951
vt 0.067702 0.451451
vt 0.303900 0.979483
vt 0.062314 0.450610
vt 0.306195 0.937075
vt 0.064774 0.488973
vt 0.301497 0.936327
vt 0.060802 0.490215
vt 0.316107 0.947926
vt 0.072196 0.478829
vt 0.314004 0.943760
vt 0.070572 0.482475
vt 0.310594 0.939747
vt 0.068161 0.486204
vt 0.070457 0.471165
vt 0.070457 0.474729
vt 0.069899 0.467318
vt 0.068951 0.463178
vt 0.067829 0.458958
vt 0.065876 0.453685
vt 0.063572 0.486742
vt 0.069807 0.478076
vt 0.068377 0.481286
vt 0.066283 0.484525
vt 0.273734 0.660621
vt 0.273671 0.663396
vt 0.274125 0.657686
vt 0.274928 0.654595
vt 0.276370 0.651580
vt 0.278789 0.648913
vt 0.279030 0.672593
vt 0.274045 0.666070
vt 0.275007 0.668619
vt 0.276665 0.670929
vt 0.257873 0.959201
vt 0.258468 0.963102
vt 0.262240 0.944901
vt 0.259935 0.948370
vt 0.264725 0.975689
vt 0.259652 0.967122
vt 0.265289 0.942400
vt 0.261391 0.971151
vt 0.257882 0.955458
vt 0.258538 0.951838
vt 0.270588 0.660486
vt 0.269164 0.660392
vt 0.253571 0.959491
vt 0.269088 0.664611
vt 0.253571 0.955066
vt 0.270487 0.664334
vt 0.271285 0.656505
vt 0.254225 0.964012
vt 0.269933 0.656061
vt 0.272466 0.652391
vt 0.255539 0.968661
vt 0.271228 0.651630
vt 0.274015 0.648194
vt 0.257686 0.973350
vt 0.272939 0.647189
vt 0.277085 0.642229
vt 0.263082 0.979166
vt 0.276477 0.640792
vt 0.278024 0.677985
vt 0.263150 0.938101
vt 0.277586 0.679487
vt 0.271106 0.668061
vt 0.254304 0.950666
vt 0.269810 0.668705
vt 0.255912 0.946301
vt 0.271436 0.672606
vt 0.272548 0.671623
vt 0.258827 0.941765
vt 0.274003 0.676534
vt 0.274818 0.675242
vt 0.258460 0.959152
vt 0.373042 0.955810
vt 0.258469 0.955505
vt 0.373345 0.959781
vt 0.259047 0.962973
vt 0.372131 0.951743
vt 0.260222 0.966936
vt 0.370828 0.947550
vt 0.261878 0.970825
vt 0.369334 0.943275
vt 0.264976 0.975286
vt 0.366324 0.936732
vt 0.265510 0.942917
vt 0.366265 0.974368
vt 0.259109 0.951995
vt 0.372892 0.963688
vt 0.260470 0.948647
vt 0.371551 0.967447
vt 0.262667 0.945302
vt 0.369432 0.971349
vt 0.371847 0.955994
vt 0.372141 0.959832
vt 0.370945 0.951967
vt 0.369626 0.947721
vt 0.368116 0.943401
vt 0.365427 0.937554
vt 0.365545 0.973577
vt 0.371711 0.963538
vt 0.370428 0.967135
vt 0.368415 0.970840
vt 0.325696 0.956498
vt 0.325642 0.953706
vt 0.326075 0.959458
vt 0.326872 0.962573
vt 0.328314 0.965599
vt 0.330731 0.968264
vt 0.331069 0.944499
vt 0.326030 0.951017
vt 0.327011 0.948459
vt 0.328687 0.946153
vt 0.287858 0.958144
vt 0.288605 0.962750
vt 0.293285 0.941047
vt 0.290354 0.945134
vt 0.297852 0.977667
vt 0.290117 0.967454
vt 0.297197 0.938123
vt 0.292454 0.972006
vt 0.287862 0.953675
vt 0.288661 0.949313
vt 0.322535 0.956619
vt 0.321097 0.956705
vt 0.292219 0.957837
vt 0.321051 0.952449
vt 0.292166 0.954127
vt 0.322457 0.952737
vt 0.323213 0.960642
vt 0.292923 0.961714
vt 0.321846 0.961086
vt 0.324396 0.964794
vt 0.294267 0.965688
vt 0.323152 0.965565
vt 0.325970 0.969000
vt 0.296083 0.969683
vt 0.324918 0.970010
vt 0.329127 0.974800
vt 0.299729 0.974473
vt 0.328544 0.976212
vt 0.330126 0.939160
vt 0.298899 0.941603
vt 0.329708 0.937668
vt 0.323109 0.948996
vt 0.292776 0.950572
vt 0.321813 0.948337
vt 0.294127 0.947235
vt 0.323483 0.944438
vt 0.324585 0.945435
vt 0.296291 0.943997
vt 0.326108 0.940554
vt 0.326902 0.941852
vt 0.287148 0.958200
vt 0.050160 0.470115
vt 0.287148 0.953609
vt 0.049856 0.474087
vt 0.287912 0.962916
vt 0.051071 0.466049
vt 0.289453 0.967730
vt 0.052374 0.461856
vt 0.291869 0.972416
vt 0.053868 0.457580
vt 0.297504 0.978321
vt 0.056877 0.451038
vt 0.296889 0.937475
vt 0.056936 0.488674
vt 0.287968 0.949111
vt 0.050309 0.477994
vt 0.289719 0.944783
vt 0.051650 0.481752
vt 0.292767 0.940536
vt 0.053770 0.485655
vt 0.052628 0.470484
vt 0.052356 0.474038
vt 0.053477 0.466692
vt 0.054737 0.462635
vt 0.056178 0.458513
vt 0.058528 0.453404
vt 0.058305 0.486541
vt 0.052748 0.477425
vt 0.053929 0.480734
vt 0.055770 0.484123
vt 0.292407 0.664235
vt 0.292385 0.660713
vt 0.291844 0.657042
vt 0.291801 0.667632
vt 0.290849 0.653222
vt 0.289411 0.649354
vt 0.286618 0.644290
vt 0.282115 0.643633
vt 0.281811 0.677397
vt 0.285313 0.676408
vt 0.288308 0.674046
vt 0.290447 0.670858
vt 0.271454 0.664047
vt 0.271540 0.660526
vt 0.272146 0.656865
vt 0.271999 0.667453
vt 0.273210 0.653063
vt 0.274718 0.649221
vt 0.277602 0.644209
vt 0.278328 0.676345
vt 0.275376 0.673930
vt 0.273295 0.670704
vt 0.453951 0.655011
vt 0.453951 0.644561
vt 0.453951 0.650538
vt 0.453951 0.635089
vt 0.453951 0.674933
vt 0.453951 0.642057
vt 0.453951 0.639597
vt 0.453951 0.637294
vt 0.125693 0.426072
vt 0.126095 0.416497
vt 0.126279 0.422269
vt 0.126283 0.409490
vt 0.126283 0.442655
vt 0.125833 0.414746
vt 0.126031 0.412983
vt 0.126289 0.411248
vt 0.121217 0.408918
vt 0.589183 0.635089
vt 0.121217 0.443227
vt 0.589183 0.674933
vt 0.589183 0.637294
vt 0.120775 0.410629
vt 0.589183 0.644561
vt 0.119732 0.415902
vt 0.589183 0.650538
vt 0.118846 0.422019
vt 0.589183 0.639597
vt 0.120645 0.412379
vt 0.589183 0.642058
vt 0.120458 0.414161
vt 0.119438 0.426072
vt 0.589183 0.655011
vt 0.124250 0.422212
vt 0.124210 0.416561
vt 0.123866 0.426072
vt 0.124620 0.411099
vt 0.124727 0.409719
vt 0.124727 0.442425
vt 0.124182 0.414728
vt 0.124386 0.412764
vt 0.121888 0.410772
vt 0.120189 0.422054
vt 0.121714 0.412457
vt 0.120483 0.426072
vt 0.122135 0.409388
vt 0.122135 0.442757
vt 0.120902 0.416266
vt 0.121455 0.414387
vt 0.123510 0.416465
vt 0.122587 0.409461
vt 0.122587 0.442683
vt 0.123142 0.409614
vt 0.123142 0.442531
vt 0.123664 0.409603
vt 0.123664 0.442542
vt 0.124169 0.409738
vt 0.124169 0.442407
vt 0.123163 0.426072
vt 0.122508 0.426072
vt 0.121853 0.426072
vt 0.121138 0.426072
vt 0.123792 0.412809
vt 0.123306 0.412633
vt 0.122793 0.412693
vt 0.122222 0.412512
vt 0.123400 0.421947
vt 0.122565 0.422154
vt 0.121739 0.421875
vt 0.120805 0.422069
vt 0.123997 0.411223
vt 0.123502 0.410965
vt 0.122960 0.411103
vt 0.122375 0.410837
vt 0.122902 0.416516
vt 0.122305 0.416373
vt 0.121579 0.416361
vt 0.123594 0.414660
vt 0.123078 0.414647
vt 0.122570 0.414550
vt 0.121971 0.414488
vt 0.001573 0.518894
vt 0.001171 0.509319
vt 0.000986 0.515091
vt 0.000983 0.502312
vt 0.000983 0.535477
vt 0.001433 0.507568
vt 0.001235 0.505805
vt 0.000977 0.504070
vt 0.006048 0.501740
vt 0.318719 0.635089
vt 0.006048 0.536049
vt 0.318719 0.674933
vt 0.318719 0.637294
vt 0.006491 0.503451
vt 0.318719 0.644561
vt 0.007534 0.508724
vt 0.318719 0.650538
vt 0.008420 0.514841
vt 0.318719 0.639597
vt 0.006621 0.505201
vt 0.318719 0.642057
vt 0.006808 0.506983
vt 0.007828 0.518894
vt 0.318719 0.655011
vt 0.003015 0.515034
vt 0.003056 0.509383
vt 0.003399 0.518894
vt 0.002646 0.503921
vt 0.002539 0.502541
vt 0.002539 0.535247
vt 0.003084 0.507550
vt 0.002880 0.505586
vt 0.005378 0.503594
vt 0.007076 0.514876
vt 0.005551 0.505279
vt 0.006783 0.518894
vt 0.005131 0.502210
vt 0.005131 0.535579
vt 0.006364 0.509088
vt 0.005811 0.507209
vt 0.003755 0.509287
vt 0.004678 0.502283
vt 0.004678 0.535505
vt 0.004124 0.502436
vt 0.004124 0.535353
vt 0.003601 0.502425
vt 0.003601 0.535364
vt 0.003097 0.502560
vt 0.003097 0.535229
vt 0.004102 0.518894
vt 0.004758 0.518894
vt 0.005413 0.518894
vt 0.006127 0.518894
vt 0.003474 0.505631
vt 0.003959 0.505455
vt 0.004472 0.505515
vt 0.005043 0.505334
vt 0.003866 0.514769
vt 0.004700 0.514976
vt 0.005527 0.514697
vt 0.006461 0.514891
vt 0.003269 0.504045
vt 0.003764 0.503787
vt 0.004306 0.503924
vt 0.004890 0.503659
vt 0.004363 0.509338
vt 0.004961 0.509195
vt 0.005686 0.509183
vt 0.003672 0.507482
vt 0.004188 0.507469
vt 0.004696 0.507372
vt 0.005295 0.507310
vt 0.453951 0.665461
vt 0.453951 0.659484
vt 0.453951 0.667964
vt 0.453951 0.670425
vt 0.453951 0.672728
vt 0.126095 0.435648
vt 0.126279 0.429876
vt 0.125833 0.437399
vt 0.126031 0.439162
vt 0.126289 0.440897
vt 0.589183 0.672728
vt 0.120775 0.441516
vt 0.589183 0.665461
vt 0.119732 0.436243
vt 0.589183 0.659484
vt 0.118845 0.430126
vt 0.589183 0.670425
vt 0.120645 0.439766
vt 0.589183 0.667964
vt 0.120458 0.437984
vt 0.124250 0.429933
vt 0.124210 0.435584
vt 0.124620 0.441046
vt 0.124182 0.437417
vt 0.124386 0.439381
vt 0.121888 0.441373
vt 0.120189 0.430091
vt 0.121714 0.439688
vt 0.120902 0.435879
vt 0.121455 0.437758
vt 0.123510 0.435680
vt 0.123792 0.439336
vt 0.123306 0.439512
vt 0.122793 0.439451
vt 0.122222 0.439633
vt 0.123400 0.430198
vt 0.122565 0.429991
vt 0.121739 0.430270
vt 0.120805 0.430076
vt 0.123997 0.440922
vt 0.123502 0.441180
vt 0.122960 0.441042
vt 0.122375 0.441308
vt 0.122902 0.435629
vt 0.122305 0.435772
vt 0.121579 0.435784
vt 0.123594 0.437485
vt 0.123078 0.437498
vt 0.122570 0.437595
vt 0.121971 0.437657
vt 0.001171 0.528470
vt 0.000986 0.522698
vt 0.001433 0.530221
vt 0.001235 0.531984
vt 0.000977 0.533719
vt 0.318719 0.672728
vt 0.006491 0.534338
vt 0.318719 0.665461
vt 0.007534 0.529065
vt 0.318719 0.659484
vt 0.008420 0.522948
vt 0.318719 0.670425
vt 0.006621 0.532588
vt 0.318719 0.667964
vt 0.006808 0.530805
vt 0.003015 0.522755
vt 0.003056 0.528406
vt 0.002646 0.533868
vt 0.003084 0.530239
vt 0.002880 0.532203
vt 0.005378 0.534195
vt 0.007076 0.522913
vt 0.005551 0.532510
vt 0.006364 0.528701
vt 0.005811 0.530580
vt 0.003755 0.528502
vt 0.003474 0.532158
vt 0.003959 0.532334
vt 0.004472 0.532273
vt 0.005043 0.532455
vt 0.003866 0.523020
vt 0.004700 0.522813
vt 0.005527 0.523092
vt 0.006461 0.522898
vt 0.003269 0.533744
vt 0.003764 0.534002
vt 0.004306 0.533864
vt 0.004890 0.534130
vt 0.004363 0.528451
vt 0.004961 0.528594
vt 0.005686 0.528606
vt 0.003672 0.530307
vt 0.004188 0.530320
vt 0.004696 0.530417
vt 0.005295 0.530479
vt 0.509822 0.678352
vt 0.261638 0.023897
vt 0.538611 0.904700
vt 0.319316 0.570107
vt 0.327492 0.534603
vt 0.272435 0.160864
vt 0.272435 0.001236
vt 0.637054 0.269591
vt 0.561271 0.915497
vt 0.167864 0.534603
vt 0.456283 0.570107
vt 0.261638 0.160864
vt 0.456283 0.593667
vt 0.509822 0.701912
vt 0.319316 0.593667
vt 0.456283 0.618731
vt 0.475884 0.622150
vt 0.534886 0.722108
vt 0.299120 0.618731
vt 0.318721 0.622150
vt 0.684326 0.656396
vt 0.721099 0.756734
vt 0.158446 0.538023
vt 0.286943 0.538023
vt 0.588482 0.857071
vt 0.029949 0.639903
vt 0.849596 0.756734
vt 0.617344 0.339810
vt 0.315609 0.566688
vt 0.001284 0.668569
vt 0.000977 0.636484
vt 0.158138 0.636484
vt 0.158446 0.566688
vt 0.721099 0.659815
vt 0.398182 0.725527
vt 0.588482 0.760153
vt 0.269685 0.725527
vt 0.849596 0.659815
vt 0.637054 0.388298
vt 0.167864 0.415897
vt 0.327492 0.415897
vt 0.564690 0.795882
vt 0.657427 0.269591
vt 0.561271 0.895124
vt 0.398182 0.731500
vt 0.500247 0.678352
vt 0.538611 0.895124
vt 0.500247 0.701912
vt 0.500247 0.722108
vt 0.684326 0.621757
vt 0.594456 0.760153
vt 0.269685 0.731500
vt 0.617344 0.374449
vt 0.035923 0.668569
vt 0.594456 0.857071
vt 0.035923 0.639903
vt 0.853015 0.944373
vt 0.657427 0.388298
vt 0.369958 0.397732
vt 0.585063 0.795882
vt 0.118507 0.751247
vt 0.272435 0.043334
vt 0.209962 0.534603
vt 0.338753 0.570107
vt 0.261638 0.043334
vt 0.338753 0.593667
vt 0.338753 0.618731
vt 0.358354 0.622150
vt 0.275976 0.566688
vt 0.040609 0.636484
vt 0.275976 0.538023
vt 0.838629 0.756734
vt 0.280652 0.725527
vt 0.838629 0.659815
vt 0.564690 0.678352
vt 0.638056 0.534764
vt 0.209962 0.415897
vt 0.585063 0.678352
vt 0.658427 0.534490
vt 0.895113 0.944373
vt 0.236036 0.751247
vt 0.318589 0.397732
vt 0.280652 0.731500
vt 0.755127 0.269591
vt 0.561271 0.797424
vt 0.398182 0.829201
vt 0.402547 0.678352
vt 0.538611 0.797424
vt 0.402547 0.701912
vt 0.402547 0.722108
vt 0.684326 0.524056
vt 0.692156 0.760153
vt 0.269685 0.829201
vt 0.617344 0.472150
vt 0.133623 0.668569
vt 0.692156 0.857071
vt 0.133623 0.639903
vt 0.755127 0.388298
vt 0.853015 0.846673
vt 0.118507 0.848947
vt 0.280652 0.829201
vt 0.895113 0.846673
vt 0.236036 0.848947
vt 0.345734 0.335630
vt 0.345372 0.359889
vt 0.349804 0.336816
vt 0.353218 0.339383
vt 0.355514 0.343034
vt 0.356356 0.347315
vt 0.355581 0.351662
vt 0.353254 0.355474
vt 0.344474 0.347783
vt 0.188004 0.384575
vt 0.344499 0.346630
vt 0.187703 0.364109
vt 0.344815 0.347614
vt 0.181309 0.381363
vt 0.344934 0.347441
vt 0.179274 0.378182
vt 0.344986 0.347234
vt 0.178525 0.374479
vt 0.344963 0.347021
vt 0.179164 0.370757
vt 0.344865 0.346832
vt 0.181105 0.367517
vt 0.344703 0.346695
vt 0.184086 0.365196
vt 0.344285 0.346649
vt 0.191469 0.364403
vt 0.344290 0.347763
vt 0.191759 0.384171
vt 0.344098 0.346747
vt 0.194874 0.366036
vt 0.343961 0.346909
vt 0.197460 0.368790
vt 0.343892 0.347111
vt 0.198876 0.372292
vt 0.343900 0.347325
vt 0.198931 0.376068
vt 0.343981 0.347521
vt 0.197619 0.379610
vt 0.344120 0.347674
vt 0.195115 0.382438
vt 0.340726 0.359304
vt 0.341506 0.335884
vt 0.336815 0.356761
vt 0.334024 0.353308
vt 0.332612 0.349091
vt 0.332814 0.344675
vt 0.334579 0.340676
vt 0.337616 0.337629
vt 0.158138 0.635089
vt 0.475884 0.631670
vt 0.615949 0.339810
vt 0.000977 0.635089
vt 0.318721 0.631670
vt 0.674807 0.656396
vt 0.615949 0.374449
vt 0.674807 0.621757
vt 0.040609 0.635089
vt 0.358354 0.631670
vt 0.615949 0.472150
vt 0.674807 0.524056
vt 0.657483 0.454807
vt 0.351750 0.325045
vt 0.657515 0.460378
vt 0.345791 0.323714
vt 0.637143 0.460515
vt 0.187585 0.353074
vt 0.637110 0.454962
vt 0.182170 0.354301
vt 0.657459 0.449228
vt 0.357048 0.328134
vt 0.637087 0.449406
vt 0.177418 0.357179
vt 0.657443 0.443596
vt 0.361365 0.332648
vt 0.637071 0.443806
vt 0.173673 0.361344
vt 0.657434 0.437877
vt 0.364578 0.338226
vt 0.637062 0.438128
vt 0.171051 0.366380
vt 0.657430 0.432054
vt 0.366766 0.344539
vt 0.637057 0.432352
vt 0.169446 0.371928
vt 0.368182 0.351354
vt 0.657428 0.426126
vt 0.637055 0.426476
vt 0.168584 0.377740
vt 0.657427 0.410153
vt 0.369958 0.371064
vt 0.637054 0.410617
vt 0.167841 0.393578
vt 0.657994 0.502331
vt 0.319645 0.358168
vt 0.658133 0.512636
vt 0.318589 0.371064
vt 0.637756 0.512425
vt 0.209938 0.393557
vt 0.637618 0.502182
vt 0.209475 0.383323
vt 0.657909 0.495980
vt 0.320873 0.350641
vt 0.637534 0.495890
vt 0.208789 0.377068
vt 0.657826 0.489715
vt 0.322603 0.343487
vt 0.637451 0.489681
vt 0.207642 0.370965
vt 0.657747 0.483571
vt 0.325232 0.336905
vt 0.637373 0.483587
vt 0.205649 0.365206
vt 0.657674 0.477566
vt 0.329008 0.331251
vt 0.637301 0.477627
vt 0.202542 0.360119
vt 0.657611 0.471712
vt 0.333911 0.326944
vt 0.637238 0.471806
vt 0.198293 0.356140
vt 0.657558 0.465994
vt 0.339661 0.324357
vt 0.637185 0.466113
vt 0.193149 0.353700
vt 0.369148 0.358536
vt 0.657427 0.420119
vt 0.637054 0.420524
vt 0.168120 0.383674
vt 0.349742 0.358209
vt 0.344653 0.347732
vt 0.184356 0.383595
vt 0.187685 0.362389
vt 0.183787 0.363498
vt 0.180531 0.365905
vt 0.178308 0.369290
vt 0.177360 0.373217
vt 0.177742 0.377207
vt 0.179325 0.380799
vt 0.184861 0.385979
vt 0.194593 0.385634
vt 0.197354 0.382576
vt 0.199360 0.379214
vt 0.200289 0.375273
vt 0.199932 0.371187
vt 0.198252 0.367438
vt 0.195407 0.364494
vt 0.191731 0.362734
vt 0.181825 0.383607
vt 0.350390 0.333158
vt 0.345203 0.332011
vt 0.354901 0.336034
vt 0.358183 0.340334
vt 0.359811 0.345566
vt 0.359555 0.351102
vt 0.357442 0.356246
vt 0.349083 0.363417
vt 0.334233 0.359649
vt 0.338654 0.363171
vt 0.330988 0.355290
vt 0.329284 0.349977
vt 0.329454 0.344380
vt 0.331508 0.339233
vt 0.335158 0.335184
vt 0.339922 0.332692
vt 0.353791 0.360349
vt 0.295271 0.678352
vt 0.286651 0.023897
vt 0.538611 0.690148
vt 0.021470 0.618731
vt 0.471349 0.160627
vt 0.275854 0.160863
vt 0.275854 0.001236
vt 0.873200 0.269591
vt 0.561271 0.679351
vt 0.471349 0.000999
vt 0.158437 0.618731
vt 0.286651 0.160863
vt 0.158437 0.595171
vt 0.295271 0.701912
vt 0.021470 0.595171
vt 0.158437 0.570107
vt 0.158139 0.631670
vt 0.270207 0.722108
vt 0.001274 0.570107
vt 0.000977 0.631670
vt 0.684326 0.391717
vt 0.692560 0.520214
vt 0.448941 0.566688
vt 0.577438 0.566688
vt 0.795830 0.857071
vt 0.237297 0.639903
vt 0.692560 0.391717
vt 0.617344 0.604490
vt 0.606104 0.538023
vt 0.265963 0.668569
vt 0.633635 0.303561
vt 0.633635 0.460724
vt 0.448941 0.538023
vt 0.789478 0.520214
vt 0.398182 0.932875
vt 0.795830 0.760153
vt 0.269685 0.932875
vt 0.789478 0.391717
vt 0.873200 0.388297
vt 0.352643 0.000999
vt 0.352643 0.160627
vt 0.792897 0.509246
vt 0.852827 0.269591
vt 0.561271 0.699723
vt 0.398182 0.926901
vt 0.304846 0.678352
vt 0.538611 0.699723
vt 0.304846 0.701912
vt 0.304846 0.722108
vt 0.684326 0.426356
vt 0.789856 0.760153
vt 0.269685 0.926901
vt 0.617344 0.569850
vt 0.231324 0.668569
vt 0.789856 0.857071
vt 0.231324 0.639903
vt 0.853015 0.748972
vt 0.852827 0.388297
vt 0.379679 0.397723
vt 0.813270 0.509246
vt 0.118506 0.946648
vt 0.275854 0.043334
vt 0.471349 0.043097
vt 0.040907 0.618731
vt 0.286651 0.043334
vt 0.040907 0.595171
vt 0.040907 0.570107
vt 0.040609 0.631670
vt 0.566471 0.538023
vt 0.633635 0.343193
vt 0.566471 0.566688
vt 0.692560 0.402684
vt 0.280652 0.932875
vt 0.789478 0.402684
vt 0.792897 0.626776
vt 0.872198 0.534763
vt 0.352643 0.043097
vt 0.813269 0.626776
vt 0.851827 0.534490
vt 0.895113 0.748972
vt 0.236036 0.946648
vt 0.431048 0.397723
vt 0.280652 0.926901
vt 0.403899 0.335621
vt 0.404263 0.359879
vt 0.399829 0.336807
vt 0.396416 0.339374
vt 0.394121 0.343026
vt 0.393279 0.347306
vt 0.394054 0.351653
vt 0.396382 0.355464
vt 0.405160 0.347772
vt 0.321321 0.021139
vt 0.405135 0.346620
vt 0.300855 0.020838
vt 0.404819 0.347603
vt 0.318109 0.014444
vt 0.404701 0.347430
vt 0.314928 0.012409
vt 0.404648 0.347223
vt 0.311225 0.011660
vt 0.404672 0.347011
vt 0.307503 0.012300
vt 0.404770 0.346822
vt 0.304263 0.014241
vt 0.404931 0.346685
vt 0.301942 0.017221
vt 0.405348 0.346639
vt 0.301149 0.024604
vt 0.405344 0.347752
vt 0.320917 0.024895
vt 0.405536 0.346737
vt 0.302782 0.028010
vt 0.405673 0.346899
vt 0.305536 0.030595
vt 0.405741 0.347101
vt 0.309038 0.032011
vt 0.405733 0.347315
vt 0.312814 0.032067
vt 0.405652 0.347511
vt 0.316356 0.030754
vt 0.405513 0.347663
vt 0.319184 0.028251
vt 0.408910 0.359294
vt 0.408127 0.335873
vt 0.412821 0.356750
vt 0.415612 0.353297
vt 0.417023 0.349080
vt 0.416820 0.344664
vt 0.415055 0.340664
vt 0.412017 0.337618
vt 0.632240 0.460724
vt 0.158139 0.622150
vt 0.615949 0.604490
vt 0.632240 0.303561
vt 0.000977 0.622150
vt 0.674807 0.391717
vt 0.615949 0.569850
vt 0.674807 0.426356
vt 0.632240 0.343193
vt 0.040609 0.622150
vt 0.852771 0.454807
vt 0.397882 0.325037
vt 0.852739 0.460377
vt 0.403839 0.323705
vt 0.873111 0.460514
vt 0.289820 0.020721
vt 0.873144 0.454962
vt 0.291047 0.015305
vt 0.852795 0.449228
vt 0.392584 0.328126
vt 0.873167 0.449406
vt 0.293925 0.010553
vt 0.852811 0.443595
vt 0.388268 0.332641
vt 0.873183 0.443806
vt 0.298090 0.006808
vt 0.852820 0.437877
vt 0.385056 0.338218
vt 0.873192 0.438128
vt 0.303126 0.004186
vt 0.852824 0.432054
vt 0.382869 0.344532
vt 0.873197 0.432352
vt 0.308674 0.002581
vt 0.381455 0.351346
vt 0.852826 0.426126
vt 0.873199 0.426476
vt 0.314486 0.001719
vt 0.852827 0.410153
vt 0.379679 0.371054
vt 0.873200 0.410616
vt 0.330324 0.000977
vt 0.852260 0.502331
vt 0.429992 0.358156
vt 0.852121 0.512636
vt 0.431048 0.371054
vt 0.872498 0.512425
vt 0.330303 0.043074
vt 0.872636 0.502182
vt 0.320069 0.042610
vt 0.852345 0.495980
vt 0.428763 0.350628
vt 0.872721 0.495890
vt 0.313814 0.041924
vt 0.852428 0.489715
vt 0.427031 0.343474
vt 0.872803 0.489681
vt 0.307711 0.040777
vt 0.852508 0.483570
vt 0.424401 0.336891
vt 0.872882 0.483587
vt 0.301952 0.038784
vt 0.852580 0.477566
vt 0.420624 0.331238
vt 0.872953 0.477627
vt 0.296865 0.035678
vt 0.852643 0.471711
vt 0.415720 0.326933
vt 0.873016 0.471806
vt 0.292886 0.031428
vt 0.852696 0.465994
vt 0.409969 0.324347
vt 0.873069 0.466113
vt 0.290446 0.026284
vt 0.380489 0.358527
vt 0.852827 0.420118
vt 0.873200 0.420524
vt 0.320420 0.001256
vt 0.399893 0.358199
vt 0.404981 0.347722
vt 0.320341 0.017492
vt 0.299135 0.020820
vt 0.300244 0.016923
vt 0.302651 0.013666
vt 0.306035 0.011444
vt 0.309963 0.010495
vt 0.313953 0.010877
vt 0.317545 0.012461
vt 0.322725 0.017996
vt 0.322380 0.027728
vt 0.319322 0.030489
vt 0.315960 0.032495
vt 0.312019 0.033424
vt 0.307933 0.033067
vt 0.304184 0.031387
vt 0.301240 0.028542
vt 0.299480 0.024866
vt 0.320353 0.014961
vt 0.399243 0.333149
vt 0.404430 0.332001
vt 0.394733 0.336026
vt 0.391452 0.340326
vt 0.389824 0.345558
vt 0.390081 0.351093
vt 0.392194 0.356236
vt 0.400553 0.363407
vt 0.415403 0.359638
vt 0.410982 0.363161
vt 0.418648 0.355279
vt 0.420352 0.349965
vt 0.420181 0.344368
vt 0.418125 0.339221
vt 0.414475 0.335172
vt 0.409710 0.332682
vt 0.395845 0.360339
vt 0.026346 0.704072
vt 0.261638 0.297831
vt 0.312731 0.262301
vt 0.593250 0.570107
vt 0.272435 0.320491
vt 0.871553 0.000977
vt 0.290070 0.273098
vt 0.487120 0.534603
vt 0.026346 0.727632
vt 0.593250 0.593667
vt 0.001282 0.747828
vt 0.613446 0.618731
vt 0.633047 0.622150
vt 0.661869 0.656396
vt 0.029949 0.538023
vt 0.853015 0.745553
vt 0.262179 0.671988
vt 0.592602 0.756734
vt 0.689141 0.656396
vt 0.001284 0.566688
vt 0.290845 0.700653
vt 0.315300 0.636484
vt 0.949934 0.745553
vt 0.526679 0.725527
vt 0.592602 0.659815
vt 0.871553 0.119683
vt 0.487120 0.415897
vt 0.851180 0.000977
vt 0.290070 0.252726
vt 0.035921 0.704072
vt 0.312731 0.252726
vt 0.035921 0.727632
vt 0.035921 0.747828
vt 0.661869 0.621757
vt 0.949934 0.739579
vt 0.526679 0.731500
vt 0.689141 0.621756
vt 0.256206 0.700653
vt 0.853015 0.739579
vt 0.256206 0.671988
vt 0.874972 0.000977
vt 0.851180 0.119683
vt 0.876619 0.391644
vt 0.272435 0.278393
vt 0.445022 0.534603
vt 0.573813 0.570107
vt 0.261638 0.278393
vt 0.573813 0.593667
vt 0.573813 0.618731
vt 0.593414 0.622150
vt 0.040916 0.566688
vt 0.275668 0.636484
vt 0.040916 0.538023
vt 0.603569 0.756734
vt 0.515712 0.725527
vt 0.603569 0.659815
vt 0.564690 0.913412
vt 0.870551 0.266149
vt 0.445022 0.415897
vt 0.585063 0.913412
vt 0.850180 0.265875
vt 0.917070 0.000977
vt 0.000977 0.751247
vt 0.927988 0.391644
vt 0.515712 0.731500
vt 0.753480 0.000977
vt 0.290070 0.155026
vt 0.133621 0.704072
vt 0.312731 0.155026
vt 0.133621 0.727632
vt 0.133621 0.747828
vt 0.661869 0.524056
vt 0.949934 0.641879
vt 0.526679 0.829201
vt 0.689140 0.524056
vt 0.158505 0.700653
vt 0.853015 0.641879
vt 0.158505 0.671988
vt 0.753480 0.119683
vt 0.874972 0.098677
vt 0.515712 0.829201
vt 0.917070 0.098677
vt 0.000977 0.848947
vt 0.900838 0.329542
vt 0.901203 0.353800
vt 0.896769 0.330727
vt 0.893356 0.333295
vt 0.891060 0.336947
vt 0.890219 0.341227
vt 0.890994 0.345574
vt 0.893322 0.349385
vt 0.902100 0.341693
vt 0.466980 0.384575
vt 0.902075 0.340541
vt 0.467280 0.364109
vt 0.901759 0.341524
vt 0.473675 0.381363
vt 0.901640 0.341351
vt 0.475710 0.378182
vt 0.901588 0.341144
vt 0.476459 0.374479
vt 0.901611 0.340932
vt 0.475819 0.370757
vt 0.901709 0.340743
vt 0.473878 0.367517
vt 0.901870 0.340606
vt 0.470898 0.365196
vt 0.902288 0.340560
vt 0.463515 0.364403
vt 0.902284 0.341673
vt 0.463224 0.384171
vt 0.902476 0.340658
vt 0.460109 0.366036
vt 0.902612 0.340820
vt 0.457524 0.368790
vt 0.902681 0.341022
vt 0.456108 0.372292
vt 0.902673 0.341236
vt 0.456052 0.376068
vt 0.902592 0.341431
vt 0.457365 0.379610
vt 0.902453 0.341584
vt 0.459868 0.382438
vt 0.905850 0.353215
vt 0.905066 0.329794
vt 0.909761 0.350671
vt 0.912551 0.347218
vt 0.913963 0.343001
vt 0.913760 0.338585
vt 0.911994 0.334585
vt 0.908957 0.331538
vt 0.687745 0.656396
vt 0.315300 0.635089
vt 0.633047 0.631670
vt 0.671388 0.656396
vt 0.687745 0.621756
vt 0.671388 0.621757
vt 0.275668 0.635089
vt 0.593414 0.631670
vt 0.687745 0.524056
vt 0.671388 0.524056
vt 0.851124 0.186192
vt 0.894821 0.318958
vt 0.851092 0.191763
vt 0.900779 0.317626
vt 0.871464 0.191900
vt 0.467398 0.353074
vt 0.871497 0.186347
vt 0.472814 0.354301
vt 0.851148 0.180613
vt 0.889524 0.322047
vt 0.871520 0.180792
vt 0.477566 0.357179
vt 0.851164 0.174981
vt 0.885208 0.326562
vt 0.871536 0.175191
vt 0.481311 0.361344
vt 0.851173 0.169263
vt 0.881996 0.332139
vt 0.871545 0.169513
vt 0.483933 0.366380
vt 0.851177 0.163439
vt 0.879809 0.338453
vt 0.871550 0.163738
vt 0.485538 0.371928
vt 0.878394 0.345267
vt 0.851179 0.157511
vt 0.871552 0.157862
vt 0.486399 0.377740
vt 0.851180 0.141539
vt 0.876619 0.364975
vt 0.871553 0.142002
vt 0.487142 0.393578
vt 0.850613 0.233717
vt 0.926932 0.352077
vt 0.850474 0.244022
vt 0.927988 0.364975
vt 0.870851 0.243811
vt 0.445045 0.393557
vt 0.870989 0.233567
vt 0.445509 0.383323
vt 0.850698 0.227366
vt 0.925702 0.344549
vt 0.871074 0.227276
vt 0.446195 0.377068
vt 0.850781 0.221101
vt 0.923971 0.337395
vt 0.871156 0.221067
vt 0.447342 0.370965
vt 0.850861 0.214956
vt 0.921341 0.330812
vt 0.871235 0.214973
vt 0.449334 0.365206
vt 0.850933 0.208952
vt 0.917564 0.325159
vt 0.871306 0.209012
vt 0.452441 0.360119
vt 0.850996 0.203097
vt 0.912660 0.320854
vt 0.871369 0.203191
vt 0.456691 0.356140
vt 0.851049 0.197380
vt 0.906909 0.318268
vt 0.871422 0.197499
vt 0.461835 0.353700
vt 0.877429 0.352448
vt 0.851180 0.151504
vt 0.871553 0.151910
vt 0.486863 0.383674
vt 0.896833 0.352120
vt 0.901921 0.341643
vt 0.470627 0.383595
vt 0.467299 0.362389
vt 0.471196 0.363498
vt 0.474453 0.365905
vt 0.476675 0.369289
vt 0.477624 0.373217
vt 0.477242 0.377207
vt 0.475658 0.380799
vt 0.470123 0.385979
vt 0.460390 0.385634
vt 0.457630 0.382576
vt 0.455624 0.379214
vt 0.454695 0.375273
vt 0.455052 0.371187
vt 0.456732 0.367438
vt 0.459576 0.364494
vt 0.463253 0.362734
vt 0.473158 0.383607
vt 0.896182 0.327070
vt 0.901369 0.325922
vt 0.891672 0.329947
vt 0.888392 0.334247
vt 0.886764 0.339479
vt 0.887021 0.345014
vt 0.889133 0.350157
vt 0.897493 0.357327
vt 0.912343 0.353559
vt 0.907921 0.357082
vt 0.915588 0.349200
vt 0.917292 0.343886
vt 0.917121 0.338289
vt 0.915065 0.333142
vt 0.911415 0.329093
vt 0.906650 0.326602
vt 0.892784 0.354260
vt 0.240897 0.704072
vt 0.286651 0.297830
vt 0.312731 0.047750
vt 0.295404 0.618731
vt 0.275854 0.320491
vt 0.635407 0.000977
vt 0.290070 0.036953
vt 0.471349 0.320255
vt 0.240897 0.727632
vt 0.295404 0.595171
vt 0.265961 0.747828
vt 0.315599 0.570107
vt 0.315302 0.631670
vt 0.661869 0.391717
vt 0.320444 0.566688
vt 0.853015 0.538205
vt 0.054831 0.671988
vt 0.692560 0.648711
vt 0.689141 0.391717
vt 0.291778 0.538023
vt 0.026166 0.700653
vt 0.633635 0.617887
vt 0.949934 0.538205
vt 0.526679 0.932875
vt 0.789478 0.648711
vt 0.635407 0.119683
vt 0.352643 0.320255
vt 0.655780 0.000977
vt 0.290070 0.057325
vt 0.231322 0.704072
vt 0.312731 0.057325
vt 0.231322 0.727632
vt 0.231322 0.747828
vt 0.661869 0.426356
vt 0.949934 0.544179
vt 0.526679 0.926901
vt 0.689141 0.426356
vt 0.060805 0.700653
vt 0.853015 0.544179
vt 0.060805 0.671988
vt 0.874972 0.196377
vt 0.655780 0.119683
vt 0.308923 0.406079
vt 0.275854 0.278393
vt 0.471349 0.278157
vt 0.275967 0.618731
vt 0.286651 0.278393
vt 0.275967 0.595171
vt 0.275967 0.570107
vt 0.275670 0.631670
vt 0.331411 0.538023
vt 0.633635 0.578254
vt 0.331411 0.566688
vt 0.692560 0.637744
vt 0.515712 0.932875
vt 0.789478 0.637744
vt 0.792897 0.391717
vt 0.636409 0.266149
vt 0.352643 0.278157
vt 0.813269 0.391717
vt 0.656780 0.265876
vt 0.917070 0.196377
vt 0.000977 0.946648
vt 0.257555 0.406079
vt 0.515712 0.926901
vt 0.284700 0.343977
vt 0.284338 0.368235
vt 0.288769 0.345162
vt 0.292183 0.347729
vt 0.294479 0.351381
vt 0.295321 0.355662
vt 0.294547 0.360009
vt 0.292219 0.363820
vt 0.283439 0.356129
vt 0.321321 0.300115
vt 0.283464 0.354976
vt 0.300855 0.300416
vt 0.283781 0.355960
vt 0.318109 0.306810
vt 0.283899 0.355787
vt 0.314928 0.308845
vt 0.283952 0.355580
vt 0.311225 0.309594
vt 0.283928 0.355367
vt 0.307503 0.308954
vt 0.283830 0.355179
vt 0.304263 0.307013
vt 0.283669 0.355041
vt 0.301942 0.304033
vt 0.283251 0.354995
vt 0.301149 0.296650
vt 0.283255 0.356109
vt 0.320917 0.296360
vt 0.283063 0.355093
vt 0.302782 0.293245
vt 0.282926 0.355255
vt 0.305536 0.290659
vt 0.282857 0.355457
vt 0.309038 0.289243
vt 0.282865 0.355671
vt 0.312814 0.289188
vt 0.282947 0.355867
vt 0.316356 0.290500
vt 0.283085 0.356020
vt 0.319184 0.293003
vt 0.279691 0.367650
vt 0.280472 0.344230
vt 0.275780 0.365107
vt 0.272990 0.361654
vt 0.271578 0.357438
vt 0.271780 0.353022
vt 0.273544 0.349022
vt 0.276582 0.345975
vt 0.687745 0.391717
vt 0.632240 0.617887
vt 0.315302 0.622150
vt 0.671388 0.391717
vt 0.687745 0.426356
vt 0.671388 0.426356
vt 0.632240 0.578254
vt 0.275670 0.622150
vt 0.655836 0.186193
vt 0.290715 0.333391
vt 0.655868 0.191763
vt 0.284757 0.332060
vt 0.635496 0.191900
vt 0.289820 0.300534
vt 0.635463 0.186348
vt 0.291047 0.305949
vt 0.655812 0.180614
vt 0.296014 0.336480
vt 0.635440 0.180792
vt 0.293925 0.310701
vt 0.655796 0.174981
vt 0.300330 0.340995
vt 0.635424 0.175191
vt 0.298090 0.314446
vt 0.655787 0.169263
vt 0.303543 0.346572
vt 0.635415 0.169514
vt 0.303126 0.317068
vt 0.655783 0.163439
vt 0.305731 0.352885
vt 0.635410 0.163738
vt 0.308674 0.318673
vt 0.307147 0.359700
vt 0.655781 0.157512
vt 0.635408 0.157862
vt 0.314486 0.319535
vt 0.655780 0.141539
vt 0.308923 0.379410
vt 0.635407 0.142002
vt 0.330324 0.320278
vt 0.656348 0.233717
vt 0.258610 0.366514
vt 0.656486 0.244022
vt 0.257555 0.379410
vt 0.636109 0.243811
vt 0.330303 0.278181
vt 0.635971 0.233568
vt 0.320069 0.278644
vt 0.656262 0.227366
vt 0.259839 0.358987
vt 0.635887 0.227276
vt 0.313814 0.279330
vt 0.656179 0.221101
vt 0.261569 0.351833
vt 0.635804 0.221067
vt 0.307711 0.280477
vt 0.656100 0.214956
vt 0.264197 0.345251
vt 0.635726 0.214973
vt 0.301952 0.282470
vt 0.656027 0.208952
vt 0.267973 0.339597
vt 0.635654 0.209013
vt 0.296865 0.285576
vt 0.655964 0.203097
vt 0.272876 0.335291
vt 0.635591 0.203192
vt 0.292886 0.289826
vt 0.655911 0.197380
vt 0.278627 0.332704
vt 0.635538 0.197499
vt 0.290446 0.294970
vt 0.308113 0.366882
vt 0.655780 0.151504
vt 0.635407 0.151910
vt 0.320420 0.319999
vt 0.288708 0.366555
vt 0.283618 0.356079
vt 0.320341 0.303763
vt 0.299135 0.300434
vt 0.300244 0.304332
vt 0.302651 0.307588
vt 0.306036 0.309810
vt 0.309963 0.310759
vt 0.313953 0.310377
vt 0.317545 0.308793
vt 0.322725 0.303258
vt 0.322380 0.293526
vt 0.319322 0.290765
vt 0.315960 0.288759
vt 0.312019 0.287830
vt 0.307933 0.288187
vt 0.304184 0.289867
vt 0.301240 0.292712
vt 0.299480 0.296388
vt 0.320353 0.306293
vt 0.289355 0.341504
vt 0.284168 0.340357
vt 0.293866 0.344380
vt 0.297148 0.348680
vt 0.298776 0.353913
vt 0.298520 0.359448
vt 0.296408 0.364592
vt 0.288048 0.371763
vt 0.273199 0.367995
vt 0.277620 0.371517
vt 0.269953 0.363636
vt 0.268249 0.358323
vt 0.268419 0.352727
vt 0.270473 0.347579
vt 0.274123 0.343530
vt 0.278887 0.341038
vt 0.292757 0.368695
s 1
usemtl MT02_PilarWater_Car_Vehic
f 2/3/1 11/22/2 22/44/2 13/25/1
f 1/2/3 10/19/4 21/41/4 12/23/3
f 10/19/4 9/17/5 20/39/5 21/41/4
f 3/5/6 6/11/7 17/33/7 14/27/6
f 9/17/5 8/15/8 19/37/8 20/39/5
f 4/7/9 7/13/10 18/35/10 15/29/9
f 8/15/8 4/7/9 15/29/9 19/37/8
f 7/13/10 3/5/6 14/27/6 18/35/10
f 6/11/7 5/9/11 16/31/11 17/33/7
f 5/9/11 2/3/1 13/25/1 16/31/11
f 37/71/12 42/81/12 35/68/13 36/70/13
f 38/74/14 41/79/14 33/63/15 34/65/15
f 34/65/15 33/63/15 31/60/16 32/62/16
f 39/75/17 43/83/17 25/49/18 26/51/18
f 61/125/19 60/123/19 55/114/20 56/115/20
f 40/77/21 44/86/21 27/53/22 28/55/22
f 60/122/23 59/121/23 53/111/23 55/113/23
f 28/55/22 27/53/22 43/83/17 39/75/17
f 26/51/18 25/49/18 23/45/24 24/47/24
f 24/47/24 23/45/24 42/81/12 37/71/12
f 4/8/25 8/16/25 30/58/25 40/78/25
f 18/36/23 14/28/23 43/84/23 27/54/23
f 99/193/23 100/197/23 45/87/23 49/99/23
f 13/26/23 22/43/23 35/67/23 42/82/23
f 3/6/25 7/14/25 28/56/25 39/76/25
f 17/34/23 16/32/23 23/46/23 25/50/23
f 11/21/25 2/4/25 37/72/25 36/69/25
f 12/24/23 21/42/23 33/64/23 41/80/23
f 5/10/25 6/12/25 26/52/25 24/48/25
f 16/32/23 13/26/23 42/82/23 23/46/23
f 10/20/25 1/1/25 38/73/25 34/66/25
f 21/42/23 20/40/23 31/59/23 33/64/23
f 2/4/25 5/10/25 24/48/25 37/72/25
f 9/18/25 10/20/25 34/66/25 32/61/25
f 14/28/23 17/34/23 25/50/23 43/84/23
f 38/73/25 1/1/25 47/93/25 51/105/25
f 6/12/25 3/6/25 39/76/25 26/52/25
f 20/40/23 19/38/23 29/57/23 31/59/23
f 8/16/25 9/18/25 32/61/25 30/58/25
f 15/30/23 18/36/23 27/54/23 44/85/23
f 7/14/25 4/8/25 40/78/25 28/56/25
f 19/38/23 15/30/23 44/85/23 29/57/23
f 45/88/26 46/90/26 50/102/26 49/100/26
f 47/94/27 48/96/27 52/108/27 51/106/27
f 100/198/28 98/189/28 46/91/28 45/89/28
f 1/2/3 12/23/3 48/97/29 47/95/29
f 97/185/30 99/194/30 49/101/31 50/103/31
f 41/79/32 38/74/32 51/107/32 52/109/32
f 98/190/25 97/186/25 50/104/25 46/92/25
f 12/24/23 41/80/23 52/110/23 48/98/23
f 57/117/25 54/112/25 66/132/25 69/139/25
f 55/113/23 53/111/23 65/131/23 67/135/23
f 63/128/25 62/126/25 54/112/25 57/117/25
f 62/126/25 61/124/25 56/116/25 54/112/25
f 64/130/33 63/127/33 57/118/34 58/120/34
f 59/121/23 64/129/23 58/119/23 53/111/23
f 29/57/23 44/85/23 64/129/23 59/121/23
f 44/86/21 40/77/21 63/127/33 64/130/33
f 30/58/25 32/61/25 61/124/25 62/126/25
f 40/78/25 30/58/25 62/126/25 63/128/25
f 31/59/23 29/57/23 59/121/23 60/122/23
f 32/62/35 31/60/35 60/123/19 61/125/19
f 93/179/25 90/174/25 72/144/25 75/147/25
f 92/177/23 89/173/23 71/143/23 73/145/23
f 56/115/20 55/114/20 67/133/36 68/136/36
f 53/111/23 58/119/23 70/141/23 65/131/23
f 58/120/37 57/118/37 69/140/38 70/142/38
f 54/112/25 56/116/25 68/138/25 66/132/25
f 11/21/25 36/69/25 97/187/25 98/191/25
f 96/183/39 95/181/39 79/155/40 80/157/40
f 89/173/23 91/176/23 76/149/23 71/143/23
f 91/175/41 93/178/41 75/148/41 76/150/41
f 90/174/25 94/180/25 74/146/25 72/144/25
f 92/177/23 73/145/23 79/156/23 95/182/23
f 68/137/42 67/134/42 77/151/43 78/153/44
f 123/240/25 119/236/25 85/164/25 83/161/25
f 124/242/41 118/235/41 84/162/41 86/165/41
f 122/239/23 124/241/23 86/166/23 81/159/23
f 109/217/45 114/227/46 106/211/47 105/209/47
f 119/236/25 68/138/25 78/154/25 121/238/25
f 117/233/23 122/239/23 81/159/23 82/160/23
f 118/234/25 123/240/25 83/161/25 84/163/25
f 94/180/25 85/164/25 88/172/25 96/184/25
f 83/161/25 85/164/25 94/180/25 90/174/25
f 86/165/41 84/162/41 93/178/41 91/175/41
f 81/159/23 86/166/23 91/176/23 89/173/23
f 88/170/48 87/167/48 95/181/48 96/183/48
f 117/233/23 82/160/23 87/169/23 120/237/23
f 82/160/23 81/159/23 89/173/23 92/177/23
f 84/163/25 83/161/25 90/174/25 93/179/25
f 35/67/23 22/43/23 100/199/23 99/195/23
f 22/44/2 11/22/2 98/192/28 100/200/28
f 36/70/13 35/68/13 99/196/30 97/188/30
f 74/146/25 94/180/25 96/184/25 80/158/25
f 116/231/49 101/201/50 102/203/50 115/229/49
f 107/213/51 103/205/52 104/207/53 108/215/54
f 77/151/43 107/213/51 108/215/54 78/153/44
f 87/168/55 88/171/55 112/223/56 111/221/57
f 111/221/57 112/223/56 113/225/58 110/219/59
f 110/219/59 113/225/58 114/227/46 109/217/45
f 125/243/25 121/238/25 78/154/25 108/216/25
f 126/244/25 113/226/25 112/224/25 125/243/25
f 128/246/25 126/244/25 104/208/25 115/230/25
f 103/205/52 116/231/49 115/229/49 104/207/53
f 127/245/23 120/237/23 87/169/23 111/222/23
f 128/246/25 115/230/25 102/204/25 129/247/25
f 130/248/23 127/245/23 111/222/23 110/220/23
f 131/249/23 130/248/23 110/220/23 109/218/23
f 132/250/23 131/249/23 109/218/23 105/210/23
f 82/160/23 92/177/23 95/182/23 87/169/23
f 101/202/23 116/232/23 131/249/23 132/250/23
f 116/232/23 103/206/23 130/248/23 131/249/23
f 103/206/23 107/214/23 127/245/23 130/248/23
f 114/228/25 128/246/25 129/247/25 106/212/25
f 107/214/23 77/152/23 120/237/23 127/245/23
f 114/228/25 113/226/25 126/244/25 128/246/25
f 104/208/25 126/244/25 125/243/25 108/216/25
f 112/224/25 88/172/25 121/238/25 125/243/25
f 67/135/23 117/233/23 120/237/23 77/152/23
f 69/139/25 66/132/25 123/240/25 118/234/25
f 67/135/23 65/131/23 122/239/23 117/233/23
f 85/164/25 119/236/25 121/238/25 88/172/25
f 65/131/23 70/141/23 124/241/23 122/239/23
f 70/142/38 69/140/38 118/235/41 124/242/41
f 66/132/25 68/138/25 119/236/25 123/240/25
f 134/253/1 145/275/1 154/294/2 143/272/2
f 133/252/3 144/273/3 153/291/4 142/269/4
f 142/269/4 153/291/4 152/289/5 141/267/5
f 135/255/6 146/277/6 149/283/7 138/261/7
f 141/267/5 152/289/5 151/287/8 140/265/8
f 136/257/9 147/279/9 150/285/10 139/263/10
f 140/265/8 151/287/8 147/279/9 136/257/9
f 139/263/10 150/285/10 146/277/6 135/255/6
f 138/261/7 149/283/7 148/281/11 137/259/11
f 137/259/11 148/281/11 145/275/1 134/253/1
f 169/321/12 168/320/13 167/318/13 174/331/12
f 170/324/14 166/315/15 165/313/15 173/329/14
f 166/315/15 164/312/16 163/310/16 165/313/15
f 171/325/17 158/301/18 157/299/18 175/333/17
f 193/375/19 188/365/20 187/364/20 192/373/19
f 172/327/21 160/305/22 159/303/22 176/336/21
f 192/372/25 187/363/25 185/361/25 191/371/25
f 160/305/22 171/325/17 175/333/17 159/303/22
f 158/301/18 156/297/24 155/295/24 157/299/18
f 156/297/24 169/321/12 174/331/12 155/295/24
f 136/258/23 172/328/23 162/308/23 140/266/23
f 150/286/25 159/304/25 175/334/25 146/278/25
f 231/443/25 181/349/25 177/337/25 232/447/25
f 145/276/25 174/332/25 167/317/25 154/293/25
f 135/256/23 171/326/23 160/306/23 139/264/23
f 149/284/25 157/300/25 155/296/25 148/282/25
f 143/271/23 168/319/23 169/322/23 134/254/23
f 144/274/25 173/330/25 165/314/25 153/292/25
f 137/260/23 156/298/23 158/302/23 138/262/23
f 148/282/25 155/296/25 174/332/25 145/276/25
f 142/270/23 166/316/23 170/323/23 133/251/23
f 153/292/25 165/314/25 163/309/25 152/290/25
f 134/254/23 169/322/23 156/298/23 137/260/23
f 141/268/23 164/311/23 166/316/23 142/270/23
f 146/278/25 175/334/25 157/300/25 149/284/25
f 170/323/23 183/355/23 179/343/23 133/251/23
f 138/262/23 158/302/23 171/326/23 135/256/23
f 152/290/25 163/309/25 161/307/25 151/288/25
f 140/266/23 162/308/23 164/311/23 141/268/23
f 147/280/25 176/335/25 159/304/25 150/286/25
f 139/264/23 160/306/23 172/328/23 136/258/23
f 151/288/25 161/307/25 176/335/25 147/280/25
f 177/338/26 181/350/26 182/352/26 178/340/26
f 179/344/27 183/356/27 184/358/27 180/346/27
f 232/448/28 177/339/28 178/341/28 230/439/28
f 133/252/3 179/345/29 180/347/29 144/273/3
f 229/435/30 182/353/31 181/351/31 231/444/30
f 173/329/32 184/359/32 183/357/32 170/324/32
f 230/440/23 178/342/23 182/354/23 229/436/23
f 144/274/25 180/348/25 184/360/25 173/330/25
f 189/367/23 201/389/23 198/382/23 186/362/23
f 187/363/25 199/385/25 197/381/25 185/361/25
f 195/378/23 189/367/23 186/362/23 194/376/23
f 194/376/23 186/362/23 188/366/23 193/374/23
f 196/380/33 190/370/34 189/368/34 195/377/33
f 191/371/25 185/361/25 190/369/25 196/379/25
f 161/307/25 191/371/25 196/379/25 176/335/25
f 176/336/21 196/380/33 195/377/33 172/327/21
f 162/308/23 194/376/23 193/374/23 164/311/23
f 172/328/23 195/378/23 194/376/23 162/308/23
f 163/309/25 192/372/25 191/371/25 161/307/25
f 164/312/35 193/375/19 192/373/19 163/310/35
f 225/429/23 207/397/23 204/394/23 222/424/23
f 224/427/25 205/395/25 203/393/25 221/423/25
f 188/365/20 200/386/36 199/383/36 187/364/20
f 185/361/25 197/381/25 202/391/25 190/369/25
f 190/370/37 202/392/38 201/390/38 189/368/37
f 186/362/23 198/382/23 200/388/23 188/366/23
f 143/271/23 230/441/23 229/437/23 168/319/23
f 228/433/39 212/407/40 211/405/40 227/431/39
f 221/423/25 203/393/25 208/399/25 223/426/25
f 223/425/41 208/400/41 207/398/41 225/428/41
f 222/424/23 204/394/23 206/396/23 226/430/23
f 224/427/25 227/432/25 211/406/25 205/395/25
f 200/387/60 210/403/61 209/401/62 199/384/60
f 255/490/23 215/411/23 217/414/23 251/486/23
f 256/492/41 218/415/41 216/412/41 250/485/41
f 254/489/25 213/409/25 218/416/25 256/491/25
f 241/467/63 237/459/64 238/461/64 246/477/65
f 251/486/23 253/488/23 210/404/23 200/388/23
f 249/483/25 214/410/25 213/409/25 254/489/25
f 250/484/23 216/413/23 215/411/23 255/490/23
f 226/430/23 228/434/23 220/422/23 217/414/23
f 215/411/23 222/424/23 226/430/23 217/414/23
f 218/415/41 223/425/41 225/428/41 216/412/41
f 213/409/25 221/423/25 223/426/25 218/416/25
f 220/420/48 228/433/48 227/431/48 219/417/48
f 249/483/25 252/487/25 219/419/25 214/410/25
f 214/410/25 224/427/25 221/423/25 213/409/25
f 216/413/23 225/429/23 222/424/23 215/411/23
f 167/317/25 231/445/25 232/449/25 154/293/25
f 154/294/2 232/450/28 230/442/28 143/272/2
f 168/320/13 229/438/30 231/446/30 167/318/13
f 206/396/23 212/408/23 228/434/23 226/430/23
f 248/481/66 247/479/66 234/453/67 233/451/67
f 239/463/68 240/465/69 236/457/70 235/455/71
f 209/401/62 210/403/61 240/465/69 239/463/68
f 219/418/72 243/471/73 244/473/74 220/421/72
f 243/471/73 242/469/75 245/475/76 244/473/74
f 242/469/75 241/467/63 246/477/65 245/475/76
f 257/493/23 240/466/23 210/404/23 253/488/23
f 258/494/23 257/493/23 244/474/23 245/476/23
f 260/496/23 247/480/23 236/458/23 258/494/23
f 235/455/71 236/457/70 247/479/66 248/481/66
f 259/495/25 243/472/25 219/419/25 252/487/25
f 260/496/23 261/497/23 234/454/23 247/480/23
f 262/498/25 242/470/25 243/472/25 259/495/25
f 263/499/25 241/468/25 242/470/25 262/498/25
f 264/500/25 237/460/25 241/468/25 263/499/25
f 214/410/25 219/419/25 227/432/25 224/427/25
f 233/452/25 264/500/25 263/499/25 248/482/25
f 248/482/25 263/499/25 262/498/25 235/456/25
f 235/456/25 262/498/25 259/495/25 239/464/25
f 246/478/23 238/462/23 261/497/23 260/496/23
f 239/464/25 259/495/25 252/487/25 209/402/25
f 246/478/23 260/496/23 258/494/23 245/476/23
f 236/458/23 240/466/23 257/493/23 258/494/23
f 244/474/23 257/493/23 253/488/23 220/422/23
f 199/385/25 209/402/25 252/487/25 249/483/25
f 201/389/23 250/484/23 255/490/23 198/382/23
f 199/385/25 249/483/25 254/489/25 197/381/25
f 217/414/23 220/422/23 253/488/23 251/486/23
f 197/381/25 254/489/25 256/491/25 202/391/25
f 202/392/38 256/492/41 250/485/41 201/390/38
f 198/382/23 255/490/23 251/486/23 200/388/23
f 266/503/77 277/525/77 286/544/78 275/522/78
f 265/502/79 276/523/79 285/541/80 274/519/80
f 274/519/80 285/541/80 284/539/81 273/517/81
f 267/505/82 278/527/82 281/533/83 270/511/83
f 273/517/81 284/539/81 283/537/84 272/515/84
f 268/507/85 279/529/85 282/535/86 271/513/86
f 272/515/84 283/537/84 279/529/85 268/507/85
f 271/513/86 282/535/86 278/527/82 267/505/82
f 270/511/83 281/533/83 280/531/87 269/509/87
f 269/509/87 280/531/87 277/525/77 266/503/77
f 301/571/88 300/570/89 299/568/89 306/581/88
f 302/574/90 298/565/91 297/563/91 305/579/90
f 298/565/91 296/562/92 295/560/92 297/563/91
f 303/575/93 290/551/94 289/549/94 307/583/93
f 325/625/95 320/615/96 319/614/96 324/623/95
f 304/577/97 292/555/98 291/553/98 308/586/97
f 324/622/23 319/613/23 317/611/23 323/621/23
f 292/555/98 303/575/93 307/583/93 291/553/98
f 290/551/94 288/547/99 287/545/99 289/549/94
f 288/547/99 301/571/88 306/581/88 287/545/99
f 268/508/25 304/578/25 294/558/25 272/516/25
f 282/536/23 291/554/23 307/584/23 278/528/23
f 355/681/23 313/599/23 309/587/23 356/685/23
f 277/526/23 306/582/23 299/567/23 286/543/23
f 267/506/25 303/576/25 292/556/25 271/514/25
f 281/534/23 289/550/23 287/546/23 280/532/23
f 275/521/25 300/569/25 301/572/25 266/504/25
f 276/524/23 305/580/23 297/564/23 285/542/23
f 269/510/25 288/548/25 290/552/25 270/512/25
f 280/532/23 287/546/23 306/582/23 277/526/23
f 274/520/25 298/566/25 302/573/25 265/501/25
f 285/542/23 297/564/23 295/559/23 284/540/23
f 266/504/25 301/572/25 288/548/25 269/510/25
f 273/518/25 296/561/25 298/566/25 274/520/25
f 278/528/23 307/584/23 289/550/23 281/534/23
f 302/573/25 315/605/25 311/593/25 265/501/25
f 270/512/25 290/552/25 303/576/25 267/506/25
f 284/540/23 295/559/23 293/557/23 283/538/23
f 272/516/25 294/558/25 296/561/25 273/518/25
f 279/530/23 308/585/23 291/554/23 282/536/23
f 271/514/25 292/556/25 304/578/25 268/508/25
f 283/538/23 293/557/23 308/585/23 279/530/23
f 309/588/100 313/600/100 314/602/100 310/590/100
f 311/594/101 315/606/101 316/608/101 312/596/101
f 356/686/102 309/589/102 310/591/102 354/677/102
f 265/502/79 311/595/103 312/597/103 276/523/79
f 353/673/104 314/603/105 313/601/105 355/682/104
f 305/579/106 316/609/106 315/607/106 302/574/106
f 354/678/25 310/592/25 314/604/25 353/674/25
f 276/524/23 312/598/23 316/610/23 305/580/23
f 321/617/25 333/639/25 330/632/25 318/612/25
f 319/613/23 331/635/23 329/631/23 317/611/23
f 327/628/25 321/617/25 318/612/25 326/626/25
f 326/626/25 318/612/25 320/616/25 325/624/25
f 328/630/107 322/620/108 321/618/108 327/627/107
f 323/621/23 317/611/23 322/619/23 328/629/23
f 293/557/23 323/621/23 328/629/23 308/585/23
f 308/586/97 328/630/107 327/627/107 304/577/97
f 294/558/25 326/626/25 325/624/25 296/561/25
f 304/578/25 327/628/25 326/626/25 294/558/25
f 295/559/23 324/622/23 323/621/23 293/557/23
f 296/562/109 325/625/95 324/623/95 295/560/109
f 349/667/25 75/147/25 72/144/25 346/662/25
f 348/665/23 73/145/23 71/143/23 345/661/23
f 320/615/96 332/636/110 331/633/110 319/614/96
f 317/611/23 329/631/23 334/641/23 322/619/23
f 322/620/111 334/642/112 333/640/112 321/618/111
f 318/612/25 330/632/25 332/638/25 320/616/25
f 275/521/25 354/679/25 353/675/25 300/569/25
f 352/671/113 80/157/40 79/155/40 351/669/113
f 345/661/23 71/143/23 76/149/23 347/664/23
f 347/663/41 76/150/41 75/148/41 349/666/41
f 346/662/25 72/144/25 74/146/25 350/668/25
f 348/665/23 351/670/23 79/156/23 73/145/23
f 332/637/114 336/645/115 335/643/116 331/634/114
f 375/720/25 339/649/25 341/652/25 371/716/25
f 376/722/41 342/653/41 340/650/41 370/715/41
f 374/719/23 337/647/23 342/654/23 376/721/23
f 361/697/117 105/209/47 106/211/47 366/707/118
f 371/716/25 373/718/25 336/646/25 332/638/25
f 369/713/23 338/648/23 337/647/23 374/719/23
f 370/714/25 340/651/25 339/649/25 375/720/25
f 350/668/25 352/672/25 344/660/25 341/652/25
f 339/649/25 346/662/25 350/668/25 341/652/25
f 342/653/41 347/663/41 349/666/41 340/650/41
f 337/647/23 345/661/23 347/664/23 342/654/23
f 344/658/119 352/671/119 351/669/119 343/655/119
f 369/713/23 372/717/23 343/657/23 338/648/23
f 338/648/23 348/665/23 345/661/23 337/647/23
f 340/651/25 349/667/25 346/662/25 339/649/25
f 299/567/23 355/683/23 356/687/23 286/543/23
f 286/544/78 356/688/102 354/680/102 275/522/78
f 300/570/89 353/676/104 355/684/104 299/568/89
f 74/146/25 80/158/25 352/672/25 350/668/25
f 368/711/120 367/709/120 102/203/50 101/201/50
f 359/693/121 360/695/122 358/691/123 357/689/124
f 335/643/116 336/645/115 360/695/122 359/693/121
f 343/656/125 363/701/126 364/703/127 344/659/125
f 363/701/126 362/699/128 365/705/129 364/703/127
f 362/699/128 361/697/117 366/707/118 365/705/129
f 377/723/25 360/696/25 336/646/25 373/718/25
f 378/724/25 377/723/25 364/704/25 365/706/25
f 380/726/25 367/710/25 358/692/25 378/724/25
f 357/689/124 358/691/123 367/709/120 368/711/120
f 379/725/23 363/702/23 343/657/23 372/717/23
f 380/726/25 129/247/25 102/204/25 367/710/25
f 381/727/23 362/700/23 363/702/23 379/725/23
f 382/728/23 361/698/23 362/700/23 381/727/23
f 132/250/23 105/210/23 361/698/23 382/728/23
f 338/648/23 343/657/23 351/670/23 348/665/23
f 101/202/23 132/250/23 382/728/23 368/712/23
f 368/712/23 382/728/23 381/727/23 357/690/23
f 357/690/23 381/727/23 379/725/23 359/694/23
f 366/708/25 106/212/25 129/247/25 380/726/25
f 359/694/23 379/725/23 372/717/23 335/644/23
f 366/708/25 380/726/25 378/724/25 365/706/25
f 358/692/25 360/696/25 377/723/25 378/724/25
f 364/704/25 377/723/25 373/718/25 344/660/25
f 331/635/23 335/644/23 372/717/23 369/713/23
f 333/639/25 370/714/25 375/720/25 330/632/25
f 331/635/23 369/713/23 374/719/23 329/631/23
f 341/652/25 344/660/25 373/718/25 371/716/25
f 329/631/23 374/719/23 376/721/23 334/641/23
f 334/642/112 376/722/41 370/715/41 333/640/112
f 330/632/25 375/720/25 371/716/25 332/638/25
f 384/731/77 393/750/78 404/772/78 395/753/77
f 383/730/79 392/747/80 403/769/80 394/751/79
f 392/747/80 391/745/81 402/767/81 403/769/80
f 385/733/82 388/739/83 399/761/83 396/755/82
f 391/745/81 390/743/84 401/765/84 402/767/81
f 386/735/85 389/741/86 400/763/86 397/757/85
f 390/743/84 386/735/85 397/757/85 401/765/84
f 389/741/86 385/733/82 396/755/82 400/763/86
f 388/739/83 387/737/87 398/759/87 399/761/83
f 387/737/87 384/731/77 395/753/77 398/759/87
f 419/799/88 424/809/88 417/796/89 418/798/89
f 420/802/90 423/807/90 415/791/91 416/793/91
f 416/793/91 415/791/91 413/788/92 414/790/92
f 421/803/93 425/811/93 407/777/94 408/779/94
f 443/853/95 442/851/95 437/842/96 438/843/96
f 422/805/97 426/814/97 409/781/98 410/783/98
f 442/850/25 441/849/25 435/839/25 437/841/25
f 410/783/98 409/781/98 425/811/93 421/803/93
f 408/779/94 407/777/94 405/773/99 406/775/99
f 406/775/99 405/773/99 424/809/88 419/799/88
f 386/736/23 390/744/23 412/786/23 422/806/23
f 400/764/25 396/756/25 425/812/25 409/782/25
f 473/909/25 474/913/25 427/815/25 431/827/25
f 395/754/25 404/771/25 417/795/25 424/810/25
f 385/734/23 389/742/23 410/784/23 421/804/23
f 399/762/25 398/760/25 405/774/25 407/778/25
f 393/749/23 384/732/23 419/800/23 418/797/23
f 394/752/25 403/770/25 415/792/25 423/808/25
f 387/738/23 388/740/23 408/780/23 406/776/23
f 398/760/25 395/754/25 424/810/25 405/774/25
f 392/748/23 383/729/23 420/801/23 416/794/23
f 403/770/25 402/768/25 413/787/25 415/792/25
f 384/732/23 387/738/23 406/776/23 419/800/23
f 391/746/23 392/748/23 416/794/23 414/789/23
f 396/756/25 399/762/25 407/778/25 425/812/25
f 420/801/23 383/729/23 429/821/23 433/833/23
f 388/740/23 385/734/23 421/804/23 408/780/23
f 402/768/25 401/766/25 411/785/25 413/787/25
f 390/744/23 391/746/23 414/789/23 412/786/23
f 397/758/25 400/764/25 409/782/25 426/813/25
f 389/742/23 386/736/23 422/806/23 410/784/23
f 401/766/25 397/758/25 426/813/25 411/785/25
f 427/816/100 428/818/100 432/830/100 431/828/100
f 429/822/101 430/824/101 434/836/101 433/834/101
f 474/914/102 472/905/102 428/819/102 427/817/102
f 383/730/79 394/751/79 430/825/103 429/823/103
f 471/901/104 473/910/104 431/829/105 432/831/105
f 423/807/106 420/802/106 433/835/106 434/837/106
f 472/906/23 471/902/23 432/832/23 428/820/23
f 394/752/25 423/808/25 434/838/25 430/826/25
f 439/845/23 436/840/23 448/860/23 451/867/23
f 437/841/25 435/839/25 447/859/25 449/863/25
f 445/856/23 444/854/23 436/840/23 439/845/23
f 444/854/23 443/852/23 438/844/23 436/840/23
f 446/858/107 445/855/107 439/846/108 440/848/108
f 441/849/25 446/857/25 440/847/25 435/839/25
f 411/785/25 426/813/25 446/857/25 441/849/25
f 426/814/97 422/805/97 445/855/107 446/858/107
f 412/786/23 414/789/23 443/852/23 444/854/23
f 422/806/23 412/786/23 444/854/23 445/856/23
f 413/787/25 411/785/25 441/849/25 442/850/25
f 414/790/109 413/788/109 442/851/95 443/853/95
f 467/895/23 464/890/23 204/394/23 207/397/23
f 466/893/25 463/889/25 203/393/25 205/395/25
f 438/843/96 437/842/96 449/861/110 450/864/110
f 435/839/25 440/847/25 452/869/25 447/859/25
f 440/848/111 439/846/111 451/868/112 452/870/112
f 436/840/23 438/844/23 450/866/23 448/860/23
f 393/749/23 418/797/23 471/903/23 472/907/23
f 470/899/113 469/897/113 211/405/40 212/407/40
f 463/889/25 465/892/25 208/399/25 203/393/25
f 465/891/41 467/894/41 207/398/41 208/400/41
f 464/890/23 468/896/23 206/396/23 204/394/23
f 466/893/25 205/395/25 211/406/25 469/898/25
f 450/865/130 449/862/130 453/871/131 454/873/132
f 493/948/23 489/944/23 459/880/23 457/877/23
f 494/950/41 488/943/41 458/878/41 460/881/41
f 492/947/25 494/949/25 460/882/25 455/875/25
f 479/925/133 484/935/134 238/461/64 237/459/64
f 489/944/23 450/866/23 454/874/23 491/946/23
f 487/941/25 492/947/25 455/875/25 456/876/25
f 488/942/23 493/948/23 457/877/23 458/879/23
f 468/896/23 459/880/23 462/888/23 470/900/23
f 457/877/23 459/880/23 468/896/23 464/890/23
f 460/881/41 458/878/41 467/894/41 465/891/41
f 455/875/25 460/882/25 465/892/25 463/889/25
f 462/886/119 461/883/119 469/897/119 470/899/119
f 487/941/25 456/876/25 461/885/25 490/945/25
f 456/876/25 455/875/25 463/889/25 466/893/25
f 458/879/23 457/877/23 464/890/23 467/895/23
f 417/795/25 404/771/25 474/915/25 473/911/25
f 404/772/78 393/750/78 472/908/102 474/916/102
f 418/798/89 417/796/89 473/912/104 471/904/104
f 206/396/23 468/896/23 470/900/23 212/408/23
f 486/939/135 233/451/67 234/453/67 485/937/135
f 477/921/136 475/917/137 476/919/138 478/923/139
f 453/871/131 477/921/136 478/923/139 454/873/132
f 461/884/140 462/887/140 482/931/141 481/929/142
f 481/929/142 482/931/141 483/933/143 480/927/144
f 480/927/144 483/933/143 484/935/134 479/925/133
f 495/951/23 491/946/23 454/874/23 478/924/23
f 496/952/23 483/934/23 482/932/23 495/951/23
f 498/954/23 496/952/23 476/920/23 485/938/23
f 475/917/137 486/939/135 485/937/135 476/919/138
f 497/953/25 490/945/25 461/885/25 481/930/25
f 498/954/23 485/938/23 234/454/23 261/497/23
f 499/955/25 497/953/25 481/930/25 480/928/25
f 500/956/25 499/955/25 480/928/25 479/926/25
f 264/500/25 500/956/25 479/926/25 237/460/25
f 456/876/25 466/893/25 469/898/25 461/885/25
f 233/452/25 486/940/25 500/956/25 264/500/25
f 486/940/25 475/918/25 499/955/25 500/956/25
f 475/918/25 477/922/25 497/953/25 499/955/25
f 484/936/23 498/954/23 261/497/23 238/462/23
f 477/922/25 453/872/25 490/945/25 497/953/25
f 484/936/23 483/934/23 496/952/23 498/954/23
f 476/920/23 496/952/23 495/951/23 478/924/23
f 482/932/23 462/888/23 491/946/23 495/951/23
f 449/863/25 487/941/25 490/945/25 453/872/25
f 451/867/23 448/860/23 493/948/23 488/942/23
f 449/863/25 447/859/25 492/947/25 487/941/25
f 459/880/23 489/944/23 491/946/23 462/888/23
f 447/859/25 452/869/25 494/949/25 492/947/25
f 452/870/112 451/868/112 488/943/41 494/950/41
f 448/860/23 450/866/23 489/944/23 493/948/23
s 0
f 514/992/145 513/990/145 506/972/145 507/975/145
f 515/993/23 514/991/23 507/976/23 508/978/23
f 516/996/146 515/994/146 508/979/146 505/969/146
f 516/995/25 505/970/25 506/973/25 513/989/25
f 501/957/41 502/960/41 503/963/41 504/966/41
f 501/958/25 512/988/25 510/983/25 502/961/25
f 501/959/146 504/967/146 511/986/146 512/987/146
f 504/968/23 503/964/23 509/981/23 511/985/23
f 503/965/145 502/962/145 510/984/145 509/982/145
f 511/985/147 509/981/147 518/999/147 520/1004/147
f 516/995/148 513/989/148 524/1011/148 521/1005/148
f 514/991/149 515/993/149 519/1001/149 517/997/149
f 512/987/150 511/986/150 520/1003/150 522/1007/150
f 522/1008/25 521/1005/25 524/1011/25 523/1009/25
f 522/1007/146 520/1003/146 519/1002/146 521/1006/146
f 520/1004/23 518/999/23 517/997/23 519/1001/23
f 518/1000/145 523/1010/145 524/1012/145 517/998/145
f 513/990/151 514/992/151 517/998/151 524/1012/151
f 510/983/152 512/988/152 522/1008/152 523/1009/152
f 515/994/153 516/996/153 521/1006/153 519/1002/153
f 509/982/154 510/984/154 523/1010/154 518/1000/154
f 505/971/40 508/980/40 507/977/40 506/974/40
f 538/1048/145 531/1031/145 530/1028/145 537/1046/145
f 539/1049/25 532/1034/25 531/1032/25 538/1047/25
f 540/1052/146 529/1025/146 532/1035/146 539/1050/146
f 540/1051/23 537/1045/23 530/1029/23 529/1026/23
f 525/1013/41 528/1022/41 527/1019/41 526/1016/41
f 525/1014/23 526/1017/23 534/1039/23 536/1044/23
f 525/1015/146 536/1043/146 535/1042/146 528/1023/146
f 528/1024/25 535/1041/25 533/1037/25 527/1020/25
f 527/1021/145 533/1038/145 534/1040/145 526/1018/145
f 535/1041/155 544/1060/155 542/1055/155 533/1037/155
f 540/1051/156 545/1061/156 548/1067/156 537/1045/156
f 538/1047/157 541/1053/157 543/1057/157 539/1049/157
f 536/1043/150 546/1063/150 544/1059/150 535/1042/150
f 546/1064/23 547/1065/23 548/1067/23 545/1061/23
f 546/1063/146 545/1062/146 543/1058/146 544/1059/146
f 544/1060/25 543/1057/25 541/1053/25 542/1055/25
f 542/1056/145 541/1054/145 548/1068/145 547/1066/145
f 537/1046/151 548/1068/151 541/1054/151 538/1048/151
f 534/1039/158 547/1065/158 546/1064/158 536/1044/158
f 539/1050/153 543/1058/153 545/1062/153 540/1052/153
f 533/1038/154 542/1056/154 547/1066/154 534/1040/154
f 529/1027/40 530/1030/40 531/1033/40 532/1036/40
f 562/1104/146 555/1087/146 554/1084/146 561/1102/146
f 563/1105/23 556/1090/23 555/1088/23 562/1103/23
f 564/1108/145 553/1081/145 556/1091/145 563/1106/145
f 564/1107/25 561/1101/25 554/1085/25 553/1082/25
f 549/1069/41 552/1078/41 551/1075/41 550/1072/41
f 549/1070/25 550/1073/25 558/1095/25 560/1100/25
f 549/1071/145 560/1099/145 559/1098/145 552/1079/145
f 552/1080/23 559/1097/23 557/1093/23 551/1076/23
f 551/1077/146 557/1094/146 558/1096/146 550/1074/146
f 559/1097/147 568/1116/147 566/1111/147 557/1093/147
f 564/1107/148 569/1117/148 572/1123/148 561/1101/148
f 562/1103/149 565/1109/149 567/1113/149 563/1105/149
f 560/1099/154 570/1119/154 568/1115/154 559/1098/154
f 570/1120/25 571/1121/25 572/1123/25 569/1117/25
f 570/1119/145 569/1118/145 567/1114/145 568/1115/145
f 568/1116/23 567/1113/23 565/1109/23 566/1111/23
f 566/1112/146 565/1110/146 572/1124/146 571/1122/146
f 561/1102/153 572/1124/153 565/1110/153 562/1104/153
f 558/1095/152 571/1121/152 570/1120/152 560/1100/152
f 563/1106/151 567/1114/151 569/1118/151 564/1108/151
f 557/1094/150 566/1112/150 571/1122/150 558/1096/150
f 553/1083/40 554/1086/40 555/1089/40 556/1092/40
f 586/1160/146 585/1158/146 578/1140/146 579/1143/146
f 587/1161/25 586/1159/25 579/1144/25 580/1146/25
f 588/1164/145 587/1162/145 580/1147/145 577/1137/145
f 588/1163/23 577/1138/23 578/1141/23 585/1157/23
f 573/1125/41 574/1128/41 575/1131/41 576/1134/41
f 573/1126/23 584/1156/23 582/1151/23 574/1129/23
f 573/1127/145 576/1135/145 583/1154/145 584/1155/145
f 576/1136/25 575/1132/25 581/1149/25 583/1153/25
f 575/1133/146 574/1130/146 582/1152/146 581/1150/146
f 583/1153/155 581/1149/155 590/1167/155 592/1172/155
f 588/1163/156 585/1157/156 596/1179/156 593/1173/156
f 586/1159/157 587/1161/157 591/1169/157 589/1165/157
f 584/1155/154 583/1154/154 592/1171/154 594/1175/154
f 594/1176/23 593/1173/23 596/1179/23 595/1177/23
f 594/1175/145 592/1171/145 591/1170/145 593/1174/145
f 592/1172/25 590/1167/25 589/1165/25 591/1169/25
f 590/1168/146 595/1178/146 596/1180/146 589/1166/146
f 585/1158/153 586/1160/153 589/1166/153 596/1180/153
f 582/1151/158 584/1156/158 594/1176/158 595/1177/158
f 587/1162/151 588/1164/151 593/1174/151 591/1170/151
f 581/1150/150 582/1152/150 595/1178/150 590/1168/150
f 577/1139/40 580/1148/40 579/1145/40 578/1142/40
s 1
f 719/1364/159 654/1283/159 653/1281/160 728/1373/160
f 628/1231/161 599/1185/161 598/1183/162 629/1232/162
f 627/1230/163 600/1187/163 599/1185/161 628/1231/161
f 728/1373/160 653/1281/160 652/1279/164 727/1372/164
f 626/1229/165 601/1189/165 600/1187/163 627/1230/163
f 727/1372/164 652/1279/164 651/1277/166 725/1370/166
f 625/1228/167 602/1191/167 601/1189/165 626/1229/165
f 726/1371/168 656/1287/168 654/1283/159 719/1364/159
f 725/1370/166 651/1277/166 650/1275/169 723/1368/169
f 623/1226/170 604/1196/170 602/1191/167 625/1228/167
f 724/1369/171 658/1291/171 655/1285/172 718/1363/172
f 723/1368/169 650/1275/169 648/1269/173 722/1367/173
f 624/1227/174 603/1193/174 604/1196/170 623/1226/170
f 717/1362/175 649/1271/175 664/1304/176 721/1366/176
f 722/1367/173 648/1269/173 649/1272/175 717/1361/175
f 622/1225/177 605/1198/177 606/1200/178 621/1224/178
f 721/1366/176 664/1304/176 663/1302/179 720/1365/179
f 619/1222/180 608/1204/180 607/1202/181 620/1223/181
f 720/1365/179 663/1302/179 662/1300/182 716/1360/182
f 2670/4496/25 631/1234/25 632/1236/25 2667/4493/25
f 2671/4497/25 633/1239/25 631/1234/25 2670/4496/25
f 2672/4498/25 634/1241/25 633/1239/25 2671/4497/25
f 2673/4499/25 635/1243/25 634/1241/25 2672/4498/25
f 2674/4500/25 636/1245/25 635/1243/25 2673/4499/25
f 2675/4501/25 637/1247/25 636/1245/25 2674/4500/25
f 2676/4502/25 638/1249/25 639/1251/25 2668/4494/25
f 2677/4503/25 640/1253/25 641/1255/25 2669/4495/25
f 2678/4504/25 642/1257/25 640/1253/25 2677/4503/25
f 2679/4505/25 643/1259/25 642/1257/25 2678/4504/25
f 2680/4506/25 644/1261/25 643/1259/25 2679/4505/25
f 2681/4507/25 645/1263/25 644/1261/25 2680/4506/25
f 2682/4508/25 646/1265/25 645/1263/25 2681/4507/25
f 2683/4509/25 647/1267/25 646/1265/25 2682/4508/25
f 2667/4493/25 632/1236/25 647/1267/25 2683/4509/25
f 2669/4495/25 641/1255/25 638/1249/25 2676/4502/25
f 2668/4494/25 639/1251/25 637/1247/25 2675/4501/25
f 718/1363/172 655/1285/172 656/1287/168 726/1371/168
f 629/1232/162 598/1183/162 597/1181/183 630/1233/183
f 729/1374/184 657/1289/184 658/1291/171 724/1369/171
f 615/1218/185 612/1212/185 613/1215/186 614/1217/186
f 630/1233/183 597/1181/183 612/1212/185 615/1218/185
f 730/1375/187 659/1294/187 657/1289/184 729/1374/184
f 614/1217/186 613/1215/186 611/1210/188 616/1219/188
f 621/1224/178 606/1200/178 603/1193/174 624/1227/174
f 731/1376/189 660/1296/189 659/1294/187 730/1375/187
f 616/1219/188 611/1210/188 610/1208/190 617/1220/190
f 620/1223/181 607/1202/181 605/1198/177 622/1225/177
f 732/1377/191 661/1298/191 660/1296/189 731/1376/189
f 617/1220/190 610/1208/190 609/1206/192 618/1221/192
f 716/1360/182 662/1300/182 661/1298/191 732/1377/191
f 618/1221/192 609/1206/192 608/1204/180 619/1222/180
f 700/1343/193 699/1342/193 603/1194/194 606/1201/195
f 701/1344/196 700/1343/193 606/1201/195 605/1199/197
f 702/1345/198 701/1344/196 605/1199/197 607/1203/199
f 703/1346/198 702/1345/198 607/1203/199 608/1205/200
f 704/1347/198 703/1346/198 608/1205/200 609/1207/201
f 705/1348/202 704/1347/198 609/1207/201 610/1209/201
f 706/1349/202 705/1348/202 610/1209/201 611/1211/203
f 707/1350/204 706/1349/202 611/1211/203 613/1216/203
f 708/1352/204 707/1350/204 613/1216/203 612/1213/205
f 709/1353/204 708/1351/204 612/1214/205 597/1182/206
f 710/1354/207 709/1353/204 597/1182/206 598/1184/208
f 711/1355/209 710/1354/207 598/1184/208 599/1186/210
f 712/1356/209 711/1355/209 599/1186/210 600/1188/211
f 713/1357/209 712/1356/209 600/1188/211 601/1190/212
f 714/1358/213 713/1357/209 601/1190/212 602/1192/214
f 715/1359/193 714/1358/213 602/1192/214 604/1197/215
f 699/1341/193 715/1359/193 604/1197/215 603/1195/194
f 645/1264/182 666/1307/182 681/1323/191 644/1262/191
f 644/1262/191 681/1323/191 680/1322/189 643/1260/189
f 643/1260/189 680/1322/189 679/1321/187 642/1258/187
f 642/1258/187 679/1321/187 678/1320/184 640/1254/184
f 640/1254/184 678/1320/184 671/1313/171 641/1256/171
f 638/1250/172 672/1314/172 674/1316/168 639/1252/168
f 646/1266/179 665/1306/179 666/1307/182 645/1264/182
f 647/1268/176 667/1308/176 665/1306/179 646/1266/179
f 631/1235/173 668/1309/173 669/1310/175 632/1237/175
f 632/1238/175 669/1311/175 667/1308/176 647/1268/176
f 633/1240/169 670/1312/169 668/1309/173 631/1235/173
f 641/1256/171 671/1313/171 672/1314/172 638/1250/172
f 634/1242/166 673/1315/166 670/1312/169 633/1240/169
f 639/1252/168 674/1316/168 675/1317/159 637/1248/159
f 635/1244/164 676/1318/164 673/1315/166 634/1242/166
f 636/1246/160 677/1319/160 676/1318/164 635/1244/164
f 637/1248/159 675/1317/159 677/1319/160 636/1246/160
f 622/1225/216 690/1332/25 688/1330/25 620/1223/217
f 624/1227/216 692/1334/25 689/1331/25 621/1224/216
f 615/1218/218 683/1325/25 698/1340/25 630/1233/218
f 630/1233/218 698/1340/25 697/1339/25 629/1232/219
f 629/1232/219 697/1339/25 696/1338/25 628/1231/219
f 628/1231/219 696/1338/25 695/1337/25 627/1230/219
f 627/1230/219 695/1337/25 694/1336/25 626/1229/219
f 626/1229/219 694/1336/25 693/1335/25 625/1228/220
f 625/1228/220 693/1335/25 691/1333/25 623/1226/216
f 623/1226/216 691/1333/25 692/1334/25 624/1227/216
f 621/1224/216 689/1331/25 690/1332/25 622/1225/216
f 620/1223/217 688/1330/25 687/1329/25 619/1222/217
f 619/1222/217 687/1329/25 686/1328/25 618/1221/217
f 618/1221/217 686/1328/25 685/1327/25 617/1220/217
f 617/1220/217 685/1327/25 684/1326/25 616/1219/218
f 616/1219/218 684/1326/25 682/1324/25 614/1217/218
f 614/1217/218 682/1324/25 683/1325/25 615/1218/218
f 658/1292/23 657/1290/23 715/1359/193 699/1341/193
f 657/1290/23 659/1295/23 714/1358/213 715/1359/193
f 659/1295/23 660/1297/23 713/1357/209 714/1358/213
f 660/1297/23 661/1299/23 712/1356/209 713/1357/209
f 661/1299/23 662/1301/23 711/1355/209 712/1356/209
f 662/1301/23 663/1303/23 710/1354/207 711/1355/209
f 663/1303/23 664/1305/23 709/1353/204 710/1354/207
f 664/1305/23 649/1273/23 708/1351/204 709/1353/204
f 649/1274/23 648/1270/23 707/1350/204 708/1352/204
f 648/1270/23 650/1276/23 706/1349/202 707/1350/204
f 650/1276/23 651/1278/23 705/1348/202 706/1349/202
f 651/1278/23 652/1280/23 704/1347/198 705/1348/202
f 652/1280/23 653/1282/23 703/1346/198 704/1347/198
f 653/1282/23 654/1284/23 702/1345/198 703/1346/198
f 654/1284/23 656/1288/23 701/1344/196 702/1345/198
f 656/1288/23 655/1286/23 700/1343/193 701/1344/196
f 655/1286/23 658/1293/23 699/1342/193 700/1343/193
f 666/1307/182 716/1360/182 732/1377/191 681/1323/191
f 681/1323/191 732/1377/191 731/1376/189 680/1322/189
f 680/1322/189 731/1376/189 730/1375/187 679/1321/187
f 679/1321/187 730/1375/187 729/1374/184 678/1320/184
f 678/1320/184 729/1374/184 724/1369/171 671/1313/171
f 672/1314/172 718/1363/172 726/1371/168 674/1316/168
f 665/1306/179 720/1365/179 716/1360/182 666/1307/182
f 667/1308/176 721/1366/176 720/1365/179 665/1306/179
f 668/1309/173 722/1367/173 717/1361/175 669/1310/175
f 669/1311/175 717/1362/175 721/1366/176 667/1308/176
f 670/1312/169 723/1368/169 722/1367/173 668/1309/173
f 671/1313/171 724/1369/171 718/1363/172 672/1314/172
f 673/1315/166 725/1370/166 723/1368/169 670/1312/169
f 674/1316/168 726/1371/168 719/1364/159 675/1317/159
f 676/1318/164 727/1372/164 725/1370/166 673/1315/166
f 677/1319/160 728/1373/160 727/1372/164 676/1318/164
f 675/1317/159 719/1364/159 728/1373/160 677/1319/160
f 855/1561/159 864/1570/160 789/1478/160 790/1480/159
f 764/1428/161 765/1429/162 734/1380/162 735/1382/161
f 763/1427/163 764/1428/161 735/1382/161 736/1384/163
f 864/1570/160 863/1569/164 788/1476/164 789/1478/160
f 762/1426/165 763/1427/163 736/1384/163 737/1386/165
f 863/1569/164 861/1567/166 787/1474/166 788/1476/164
f 761/1425/167 762/1426/165 737/1386/165 738/1388/167
f 862/1568/168 855/1561/159 790/1480/159 792/1484/168
f 861/1567/166 859/1565/169 786/1472/169 787/1474/166
f 759/1423/170 761/1425/167 738/1388/167 740/1393/170
f 860/1566/171 854/1560/172 791/1482/172 794/1488/171
f 859/1565/169 858/1564/173 784/1466/173 786/1472/169
f 760/1424/174 759/1423/170 740/1393/170 739/1390/174
f 853/1559/175 857/1563/176 800/1501/176 785/1468/175
f 858/1564/173 853/1558/175 785/1469/175 784/1466/173
f 758/1422/177 757/1421/178 742/1397/178 741/1395/177
f 857/1563/176 856/1562/179 799/1499/179 800/1501/176
f 755/1419/180 756/1420/181 743/1399/181 744/1401/180
f 856/1562/179 852/1557/182 798/1497/182 799/1499/179
f 2687/4513/23 2684/4510/23 768/1433/23 767/1431/23
f 2688/4514/23 2687/4513/23 767/1431/23 769/1436/23
f 2689/4515/23 2688/4514/23 769/1436/23 770/1438/23
f 2690/4516/23 2689/4515/23 770/1438/23 771/1440/23
f 2691/4517/23 2690/4516/23 771/1440/23 772/1442/23
f 2692/4518/23 2691/4517/23 772/1442/23 773/1444/23
f 2693/4519/23 2685/4511/23 775/1448/23 774/1446/23
f 2694/4520/23 2686/4512/23 777/1452/23 776/1450/23
f 2695/4521/23 2694/4520/23 776/1450/23 778/1454/23
f 2696/4522/23 2695/4521/23 778/1454/23 779/1456/23
f 2697/4523/23 2696/4522/23 779/1456/23 780/1458/23
f 2698/4524/23 2697/4523/23 780/1458/23 781/1460/23
f 2699/4525/23 2698/4524/23 781/1460/23 782/1462/23
f 2700/4526/23 2699/4525/23 782/1462/23 783/1464/23
f 2684/4510/23 2700/4526/23 783/1464/23 768/1433/23
f 2686/4512/23 2693/4519/23 774/1446/23 777/1452/23
f 2685/4511/23 2692/4518/23 773/1444/23 775/1448/23
f 854/1560/172 862/1568/168 792/1484/168 791/1482/172
f 765/1429/162 766/1430/183 733/1378/183 734/1380/162
f 865/1571/184 860/1566/171 794/1488/171 793/1486/184
f 751/1415/185 750/1414/186 749/1412/186 748/1409/185
f 766/1430/183 751/1415/185 748/1409/185 733/1378/183
f 866/1572/187 865/1571/184 793/1486/184 795/1491/187
f 750/1414/186 752/1416/188 747/1407/188 749/1412/186
f 757/1421/178 760/1424/174 739/1390/174 742/1397/178
f 867/1573/189 866/1572/187 795/1491/187 796/1493/189
f 752/1416/188 753/1417/190 746/1405/190 747/1407/188
f 756/1420/181 758/1422/177 741/1395/177 743/1399/181
f 868/1574/191 867/1573/189 796/1493/189 797/1495/191
f 753/1417/190 754/1418/192 745/1403/192 746/1405/190
f 852/1557/182 868/1574/191 797/1495/191 798/1497/182
f 754/1418/192 755/1419/180 744/1401/180 745/1403/192
f 836/1540/216 742/1398/221 739/1391/222 835/1539/216
f 837/1541/223 741/1396/224 742/1398/221 836/1540/216
f 838/1542/217 743/1400/225 741/1396/224 837/1541/223
f 839/1543/217 744/1402/226 743/1400/225 838/1542/217
f 840/1544/217 745/1404/227 744/1402/226 839/1543/217
f 841/1545/228 746/1406/227 745/1404/227 840/1544/217
f 842/1546/228 747/1408/229 746/1406/227 841/1545/228
f 843/1547/218 749/1413/229 747/1408/229 842/1546/228
f 844/1549/218 748/1410/230 749/1413/229 843/1547/218
f 845/1550/218 733/1379/231 748/1411/230 844/1548/218
f 846/1551/232 734/1381/233 733/1379/231 845/1550/218
f 847/1552/219 735/1383/234 734/1381/233 846/1551/232
f 848/1553/219 736/1385/235 735/1383/234 847/1552/219
f 849/1554/219 737/1387/236 736/1385/235 848/1553/219
f 850/1555/220 738/1389/237 737/1387/236 849/1554/219
f 851/1556/216 740/1394/238 738/1389/237 850/1555/220
f 835/1538/216 739/1392/222 740/1394/238 851/1556/216
f 781/1461/182 780/1459/191 817/1520/191 802/1504/182
f 780/1459/191 779/1457/189 816/1519/189 817/1520/191
f 779/1457/189 778/1455/187 815/1518/187 816/1519/189
f 778/1455/187 776/1451/184 814/1517/184 815/1518/187
f 776/1451/184 777/1453/171 807/1510/171 814/1517/184
f 774/1447/172 775/1449/168 810/1513/168 808/1511/172
f 782/1463/179 781/1461/182 802/1504/182 801/1503/179
f 783/1465/176 782/1463/179 801/1503/179 803/1505/176
f 767/1432/173 768/1434/175 805/1507/175 804/1506/173
f 768/1435/175 783/1465/176 803/1505/176 805/1508/175
f 769/1437/169 767/1432/173 804/1506/173 806/1509/169
f 777/1453/171 774/1447/172 808/1511/172 807/1510/171
f 770/1439/166 769/1437/169 806/1509/169 809/1512/166
f 775/1449/168 773/1445/159 811/1514/159 810/1513/168
f 771/1441/164 770/1439/166 809/1512/166 812/1515/164
f 772/1443/160 771/1441/164 812/1515/164 813/1516/160
f 773/1445/159 772/1443/160 813/1516/160 811/1514/159
f 758/1422/193 756/1420/198 824/1527/23 826/1529/23
f 760/1424/193 757/1421/193 825/1528/23 828/1531/23
f 751/1415/204 766/1430/204 834/1537/23 819/1522/23
f 766/1430/204 765/1429/209 833/1536/23 834/1537/23
f 765/1429/209 764/1428/209 832/1535/23 833/1536/23
f 764/1428/209 763/1427/209 831/1534/23 832/1535/23
f 763/1427/209 762/1426/209 830/1533/23 831/1534/23
f 762/1426/209 761/1425/213 829/1532/23 830/1533/23
f 761/1425/213 759/1423/193 827/1530/23 829/1532/23
f 759/1423/193 760/1424/193 828/1531/23 827/1530/23
f 757/1421/193 758/1422/193 826/1529/23 825/1528/23
f 756/1420/198 755/1419/198 823/1526/23 824/1527/23
f 755/1419/198 754/1418/198 822/1525/23 823/1526/23
f 754/1418/198 753/1417/198 821/1524/23 822/1525/23
f 753/1417/198 752/1416/204 820/1523/23 821/1524/23
f 752/1416/204 750/1414/204 818/1521/23 820/1523/23
f 750/1414/204 751/1415/204 819/1522/23 818/1521/23
f 794/1489/25 835/1538/216 851/1556/216 793/1487/25
f 793/1487/25 851/1556/216 850/1555/220 795/1492/25
f 795/1492/25 850/1555/220 849/1554/219 796/1494/25
f 796/1494/25 849/1554/219 848/1553/219 797/1496/25
f 797/1496/25 848/1553/219 847/1552/219 798/1498/25
f 798/1498/25 847/1552/219 846/1551/232 799/1500/25
f 799/1500/25 846/1551/232 845/1550/218 800/1502/25
f 800/1502/25 845/1550/218 844/1548/218 785/1470/25
f 785/1471/25 844/1549/218 843/1547/218 784/1467/25
f 784/1467/25 843/1547/218 842/1546/228 786/1473/25
f 786/1473/25 842/1546/228 841/1545/228 787/1475/25
f 787/1475/25 841/1545/228 840/1544/217 788/1477/25
f 788/1477/25 840/1544/217 839/1543/217 789/1479/25
f 789/1479/25 839/1543/217 838/1542/217 790/1481/25
f 790/1481/25 838/1542/217 837/1541/223 792/1485/25
f 792/1485/25 837/1541/223 836/1540/216 791/1483/25
f 791/1483/25 836/1540/216 835/1539/216 794/1490/25
f 802/1504/182 817/1520/191 868/1574/191 852/1557/182
f 817/1520/191 816/1519/189 867/1573/189 868/1574/191
f 816/1519/189 815/1518/187 866/1572/187 867/1573/189
f 815/1518/187 814/1517/184 865/1571/184 866/1572/187
f 814/1517/184 807/1510/171 860/1566/171 865/1571/184
f 808/1511/172 810/1513/168 862/1568/168 854/1560/172
f 801/1503/179 802/1504/182 852/1557/182 856/1562/179
f 803/1505/176 801/1503/179 856/1562/179 857/1563/176
f 804/1506/173 805/1507/175 853/1558/175 858/1564/173
f 805/1508/175 803/1505/176 857/1563/176 853/1559/175
f 806/1509/169 804/1506/173 858/1564/173 859/1565/169
f 807/1510/171 808/1511/172 854/1560/172 860/1566/171
f 809/1512/166 806/1509/169 859/1565/169 861/1567/166
f 810/1513/168 811/1514/159 855/1561/159 862/1568/168
f 812/1515/164 809/1512/166 861/1567/166 863/1569/164
f 813/1516/160 812/1515/164 863/1569/164 864/1570/160
f 811/1514/159 813/1516/160 864/1570/160 855/1561/159
f 991/1758/239 1000/1767/240 925/1675/240 926/1677/239
f 900/1625/241 901/1626/242 870/1577/242 871/1579/241
f 899/1624/243 900/1625/241 871/1579/241 872/1581/243
f 1000/1767/240 999/1766/244 924/1673/244 925/1675/240
f 898/1623/245 899/1624/243 872/1581/243 873/1583/245
f 999/1766/244 997/1764/246 923/1671/246 924/1673/244
f 897/1622/247 898/1623/245 873/1583/245 874/1585/247
f 998/1765/248 991/1758/239 926/1677/239 928/1681/248
f 997/1764/246 995/1762/249 922/1669/249 923/1671/246
f 895/1620/250 897/1622/247 874/1585/247 876/1590/250
f 996/1763/251 990/1757/252 927/1679/252 930/1685/251
f 995/1762/249 994/1761/253 920/1663/253 922/1669/249
f 896/1621/254 895/1620/250 876/1590/250 875/1587/254
f 989/1756/255 993/1760/256 936/1698/256 921/1665/255
f 994/1761/253 989/1755/255 921/1666/255 920/1663/253
f 894/1619/257 893/1618/258 878/1594/258 877/1592/257
f 993/1760/256 992/1759/259 935/1696/259 936/1698/256
f 891/1616/260 892/1617/261 879/1596/261 880/1598/260
f 992/1759/259 988/1754/262 934/1694/262 935/1696/259
f 954/1718/25 955/1719/25 904/1630/25 903/1628/25
f 956/1720/25 954/1718/25 903/1628/25 905/1633/25
f 957/1721/25 956/1720/25 905/1633/25 906/1635/25
f 958/1722/25 957/1721/25 906/1635/25 907/1637/25
f 959/1723/25 958/1722/25 907/1637/25 908/1639/25
f 960/1724/25 959/1723/25 908/1639/25 909/1641/25
f 961/1725/25 962/1726/25 911/1645/25 910/1643/25
f 963/1727/25 964/1728/25 913/1649/25 912/1647/25
f 965/1729/25 963/1727/25 912/1647/25 914/1651/25
f 966/1730/25 965/1729/25 914/1651/25 915/1653/25
f 967/1731/25 966/1730/25 915/1653/25 916/1655/25
f 968/1732/25 967/1731/25 916/1655/25 917/1657/25
f 969/1733/25 968/1732/25 917/1657/25 918/1659/25
f 970/1734/25 969/1733/25 918/1659/25 919/1661/25
f 955/1719/25 970/1734/25 919/1661/25 904/1630/25
f 964/1728/25 961/1725/25 910/1643/25 913/1649/25
f 962/1726/25 960/1724/25 909/1641/25 911/1645/25
f 990/1757/252 998/1765/248 928/1681/248 927/1679/252
f 901/1626/242 902/1627/263 869/1575/263 870/1577/242
f 1001/1768/264 996/1763/251 930/1685/251 929/1683/264
f 887/1612/265 886/1611/266 885/1609/266 884/1606/265
f 902/1627/263 887/1612/265 884/1606/265 869/1575/263
f 1002/1769/267 1001/1768/264 929/1683/264 931/1688/267
f 886/1611/266 888/1613/268 883/1604/268 885/1609/266
f 893/1618/258 896/1621/254 875/1587/254 878/1594/258
f 1003/1770/269 1002/1769/267 931/1688/267 932/1690/269
f 888/1613/268 889/1614/270 882/1602/270 883/1604/268
f 892/1617/261 894/1619/257 877/1592/257 879/1596/261
f 1004/1771/271 1003/1770/269 932/1690/269 933/1692/271
f 889/1614/270 890/1615/272 881/1600/272 882/1602/270
f 988/1754/262 1004/1771/271 933/1692/271 934/1694/262
f 890/1615/272 891/1616/260 880/1598/260 881/1600/272
f 972/1737/193 878/1595/215 875/1588/194 971/1736/193
f 973/1738/213 877/1593/214 878/1595/215 972/1737/193
f 974/1739/209 879/1597/212 877/1593/214 973/1738/213
f 975/1740/209 880/1599/211 879/1597/212 974/1739/209
f 976/1741/209 881/1601/210 880/1599/211 975/1740/209
f 977/1742/207 882/1603/210 881/1601/210 976/1741/209
f 978/1743/207 883/1605/206 882/1603/210 977/1742/207
f 979/1744/204 885/1610/206 883/1605/206 978/1743/207
f 980/1746/204 884/1607/205 885/1610/206 979/1744/204
f 981/1747/204 869/1576/203 884/1608/205 980/1745/204
f 982/1748/202 870/1578/273 869/1576/203 981/1747/204
f 983/1749/198 871/1580/201 870/1578/273 982/1748/202
f 984/1750/198 872/1582/200 871/1580/201 983/1749/198
f 985/1751/198 873/1584/199 872/1582/200 984/1750/198
f 986/1752/196 874/1586/197 873/1584/199 985/1751/198
f 987/1753/193 876/1591/195 874/1586/197 986/1752/196
f 971/1735/193 875/1589/194 876/1591/195 987/1753/193
f 917/1658/262 916/1656/271 953/1717/271 938/1701/262
f 916/1656/271 915/1654/269 952/1716/269 953/1717/271
f 915/1654/269 914/1652/267 951/1715/267 952/1716/269
f 914/1652/267 912/1648/264 950/1714/264 951/1715/267
f 912/1648/264 913/1650/251 943/1707/251 950/1714/264
f 910/1644/252 911/1646/248 946/1710/248 944/1708/252
f 918/1660/259 917/1658/262 938/1701/262 937/1700/259
f 919/1662/256 918/1660/259 937/1700/259 939/1702/256
f 903/1629/253 904/1631/255 941/1704/255 940/1703/253
f 904/1632/255 919/1662/256 939/1702/256 941/1705/255
f 905/1634/249 903/1629/253 940/1703/253 942/1706/249
f 913/1650/251 910/1644/252 944/1708/252 943/1707/251
f 906/1636/246 905/1634/249 942/1706/249 945/1709/246
f 911/1646/248 909/1642/239 947/1711/239 946/1710/248
f 907/1638/244 906/1636/246 945/1709/246 948/1712/244
f 908/1640/240 907/1638/244 948/1712/244 949/1713/240
f 909/1642/239 908/1640/240 949/1713/240 947/1711/239
f 894/1619/216 892/1617/219 960/1724/25 962/1726/25
f 896/1621/216 893/1618/216 961/1725/25 964/1728/25
f 887/1612/218 902/1627/218 970/1734/25 955/1719/25
f 902/1627/218 901/1626/217 969/1733/25 970/1734/25
f 901/1626/217 900/1625/217 968/1732/25 969/1733/25
f 900/1625/217 899/1624/217 967/1731/25 968/1732/25
f 899/1624/217 898/1623/217 966/1730/25 967/1731/25
f 898/1623/217 897/1622/223 965/1729/25 966/1730/25
f 897/1622/223 895/1620/216 963/1727/25 965/1729/25
f 895/1620/216 896/1621/216 964/1728/25 963/1727/25
f 893/1618/216 894/1619/216 962/1726/25 961/1725/25
f 892/1617/219 891/1616/219 959/1723/25 960/1724/25
f 891/1616/219 890/1615/219 958/1722/25 959/1723/25
f 890/1615/219 889/1614/219 957/1721/25 958/1722/25
f 889/1614/219 888/1613/218 956/1720/25 957/1721/25
f 888/1613/218 886/1611/218 954/1718/25 956/1720/25
f 886/1611/218 887/1612/218 955/1719/25 954/1718/25
f 2735/4564/23 971/1735/193 987/1753/193 2751/4581/23
f 2751/4581/23 987/1753/193 986/1752/196 2750/4580/23
f 2750/4580/23 986/1752/196 985/1751/198 2749/4579/23
f 2749/4579/23 985/1751/198 984/1750/198 2748/4578/23
f 2748/4578/23 984/1750/198 983/1749/198 2747/4577/23
f 2747/4577/23 983/1749/198 982/1748/202 2746/4576/23
f 2746/4576/23 982/1748/202 981/1747/204 2745/4575/23
f 2745/4575/23 981/1747/204 980/1745/204 2744/4574/23
f 2744/4573/23 980/1746/204 979/1744/204 2743/4572/23
f 2743/4572/23 979/1744/204 978/1743/207 2742/4571/23
f 2742/4571/23 978/1743/207 977/1742/207 2741/4570/23
f 2741/4570/23 977/1742/207 976/1741/209 2740/4569/23
f 2740/4569/23 976/1741/209 975/1740/209 2739/4568/23
f 2739/4568/23 975/1740/209 974/1739/209 2738/4567/23
f 2738/4567/23 974/1739/209 973/1738/213 2737/4566/23
f 2737/4566/23 973/1738/213 972/1737/193 2736/4565/23
f 2736/4565/23 972/1737/193 971/1736/193 2735/4563/23
f 938/1701/262 953/1717/271 1004/1771/271 988/1754/262
f 953/1717/271 952/1716/269 1003/1770/269 1004/1771/271
f 952/1716/269 951/1715/267 1002/1769/267 1003/1770/269
f 951/1715/267 950/1714/264 1001/1768/264 1002/1769/267
f 950/1714/264 943/1707/251 996/1763/251 1001/1768/264
f 944/1708/252 946/1710/248 998/1765/248 990/1757/252
f 937/1700/259 938/1701/262 988/1754/262 992/1759/259
f 939/1702/256 937/1700/259 992/1759/259 993/1760/256
f 940/1703/253 941/1704/255 989/1755/255 994/1761/253
f 941/1705/255 939/1702/256 993/1760/256 989/1756/255
f 942/1706/249 940/1703/253 994/1761/253 995/1762/249
f 943/1707/251 944/1708/252 990/1757/252 996/1763/251
f 945/1709/246 942/1706/249 995/1762/249 997/1764/246
f 946/1710/248 947/1711/239 991/1758/239 998/1765/248
f 948/1712/244 945/1709/246 997/1764/246 999/1766/244
f 949/1713/240 948/1712/244 999/1766/244 1000/1767/240
f 947/1711/239 949/1713/240 1000/1767/240 991/1758/239
f 1127/1955/239 1062/1874/239 1061/1872/240 1136/1964/240
f 1036/1822/241 1007/1776/241 1006/1774/242 1037/1823/242
f 1035/1821/243 1008/1778/243 1007/1776/241 1036/1822/241
f 1136/1964/240 1061/1872/240 1060/1870/244 1135/1963/244
f 1034/1820/245 1009/1780/245 1008/1778/243 1035/1821/243
f 1135/1963/244 1060/1870/244 1059/1868/246 1133/1961/246
f 1033/1819/247 1010/1782/247 1009/1780/245 1034/1820/245
f 1134/1962/248 1064/1878/248 1062/1874/239 1127/1955/239
f 1133/1961/246 1059/1868/246 1058/1866/249 1131/1959/249
f 1031/1817/250 1012/1787/250 1010/1782/247 1033/1819/247
f 1132/1960/251 1066/1882/251 1063/1876/252 1126/1954/252
f 1131/1959/249 1058/1866/249 1056/1860/253 1130/1958/253
f 1032/1818/254 1011/1784/254 1012/1787/250 1031/1817/250
f 1125/1953/255 1057/1862/255 1072/1895/256 1129/1957/256
f 1130/1958/253 1056/1860/253 1057/1863/255 1125/1952/255
f 1030/1816/257 1013/1789/257 1014/1791/258 1029/1815/258
f 1129/1957/256 1072/1895/256 1071/1893/259 1128/1956/259
f 1027/1813/260 1016/1795/260 1015/1793/261 1028/1814/261
f 1128/1956/259 1071/1893/259 1070/1891/262 1124/1951/262
f 2704/4530/23 1039/1825/23 1040/1827/23 2701/4527/23
f 2705/4531/23 1041/1830/23 1039/1825/23 2704/4530/23
f 2706/4532/23 1042/1832/23 1041/1830/23 2705/4531/23
f 2707/4533/23 1043/1834/23 1042/1832/23 2706/4532/23
f 2708/4534/23 1044/1836/23 1043/1834/23 2707/4533/23
f 2709/4535/23 1045/1838/23 1044/1836/23 2708/4534/23
f 2710/4536/23 1046/1840/23 1047/1842/23 2702/4528/23
f 2711/4537/23 1048/1844/23 1049/1846/23 2703/4529/23
f 2712/4538/23 1050/1848/23 1048/1844/23 2711/4537/23
f 2713/4539/23 1051/1850/23 1050/1848/23 2712/4538/23
f 2714/4540/23 1052/1852/23 1051/1850/23 2713/4539/23
f 2715/4541/23 1053/1854/23 1052/1852/23 2714/4540/23
f 2716/4542/23 1054/1856/23 1053/1854/23 2715/4541/23
f 2717/4543/23 1055/1858/23 1054/1856/23 2716/4542/23
f 2701/4527/23 1040/1827/23 1055/1858/23 2717/4543/23
f 2703/4529/23 1049/1846/23 1046/1840/23 2710/4536/23
f 2702/4528/23 1047/1842/23 1045/1838/23 2709/4535/23
f 1126/1954/252 1063/1876/252 1064/1878/248 1134/1962/248
f 1037/1823/242 1006/1774/242 1005/1772/263 1038/1824/263
f 1137/1965/264 1065/1880/264 1066/1882/251 1132/1960/251
f 1023/1809/265 1020/1803/265 1021/1806/266 1022/1808/266
f 1038/1824/263 1005/1772/263 1020/1803/265 1023/1809/265
f 1138/1966/267 1067/1885/267 1065/1880/264 1137/1965/264
f 1022/1808/266 1021/1806/266 1019/1801/268 1024/1810/268
f 1029/1815/258 1014/1791/258 1011/1784/254 1032/1818/254
f 1139/1967/269 1068/1887/269 1067/1885/267 1138/1966/267
f 1024/1810/268 1019/1801/268 1018/1799/270 1025/1811/270
f 1028/1814/261 1015/1793/261 1013/1789/257 1030/1816/257
f 1140/1968/271 1069/1889/271 1068/1887/269 1139/1967/269
f 1025/1811/270 1018/1799/270 1017/1797/272 1026/1812/272
f 1124/1951/262 1070/1891/262 1069/1889/271 1140/1968/271
f 1026/1812/272 1017/1797/272 1016/1795/260 1027/1813/260
f 1108/1934/216 1107/1933/216 1011/1785/222 1014/1792/238
f 1109/1935/220 1108/1934/216 1014/1792/238 1013/1790/237
f 1110/1936/219 1109/1935/220 1013/1790/237 1015/1794/236
f 1111/1937/219 1110/1936/219 1015/1794/236 1016/1796/235
f 1112/1938/219 1111/1937/219 1016/1796/235 1017/1798/234
f 1113/1939/232 1112/1938/219 1017/1798/234 1018/1800/234
f 1114/1940/232 1113/1939/232 1018/1800/234 1019/1802/231
f 1115/1941/218 1114/1940/232 1019/1802/231 1021/1807/231
f 1116/1943/218 1115/1941/218 1021/1807/231 1020/1804/230
f 1117/1944/218 1116/1942/218 1020/1805/230 1005/1773/229
f 1118/1945/228 1117/1944/218 1005/1773/229 1006/1775/274
f 1119/1946/217 1118/1945/228 1006/1775/274 1007/1777/227
f 1120/1947/217 1119/1946/217 1007/1777/227 1008/1779/226
f 1121/1948/217 1120/1947/217 1008/1779/226 1009/1781/225
f 1122/1949/223 1121/1948/217 1009/1781/225 1010/1783/224
f 1123/1950/216 1122/1949/223 1010/1783/224 1012/1788/221
f 1107/1932/216 1123/1950/216 1012/1788/221 1011/1786/222
f 1053/1855/262 1074/1898/262 1089/1914/271 1052/1853/271
f 1052/1853/271 1089/1914/271 1088/1913/269 1051/1851/269
f 1051/1851/269 1088/1913/269 1087/1912/267 1050/1849/267
f 1050/1849/267 1087/1912/267 1086/1911/264 1048/1845/264
f 1048/1845/264 1086/1911/264 1079/1904/251 1049/1847/251
f 1046/1841/252 1080/1905/252 1082/1907/248 1047/1843/248
f 1054/1857/259 1073/1897/259 1074/1898/262 1053/1855/262
f 1055/1859/256 1075/1899/256 1073/1897/259 1054/1857/259
f 1039/1826/253 1076/1900/253 1077/1901/255 1040/1828/255
f 1040/1829/255 1077/1902/255 1075/1899/256 1055/1859/256
f 1041/1831/249 1078/1903/249 1076/1900/253 1039/1826/253
f 1049/1847/251 1079/1904/251 1080/1905/252 1046/1841/252
f 1042/1833/246 1081/1906/246 1078/1903/249 1041/1831/249
f 1047/1843/248 1082/1907/248 1083/1908/239 1045/1839/239
f 1043/1835/244 1084/1909/244 1081/1906/246 1042/1833/246
f 1044/1837/240 1085/1910/240 1084/1909/244 1043/1835/244
f 1045/1839/239 1083/1908/239 1085/1910/240 1044/1837/240
f 1030/1816/193 1098/1923/23 1096/1921/23 1028/1814/209
f 1032/1818/193 1100/1925/23 1097/1922/23 1029/1815/193
f 1023/1809/204 1091/1916/23 1106/1931/23 1038/1824/204
f 1038/1824/204 1106/1931/23 1105/1930/23 1037/1823/198
f 1037/1823/198 1105/1930/23 1104/1929/23 1036/1822/198
f 1036/1822/198 1104/1929/23 1103/1928/23 1035/1821/198
f 1035/1821/198 1103/1928/23 1102/1927/23 1034/1820/198
f 1034/1820/198 1102/1927/23 1101/1926/23 1033/1819/196
f 1033/1819/196 1101/1926/23 1099/1924/23 1031/1817/193
f 1031/1817/193 1099/1924/23 1100/1925/23 1032/1818/193
f 1029/1815/193 1097/1922/23 1098/1923/23 1030/1816/193
f 1028/1814/209 1096/1921/23 1095/1920/23 1027/1813/209
f 1027/1813/209 1095/1920/23 1094/1919/23 1026/1812/209
f 1026/1812/209 1094/1919/23 1093/1918/23 1025/1811/209
f 1025/1811/209 1093/1918/23 1092/1917/23 1024/1810/204
f 1024/1810/204 1092/1917/23 1090/1915/23 1022/1808/204
f 1022/1808/204 1090/1915/23 1091/1916/23 1023/1809/204
f 2718/4545/25 2734/4562/25 1123/1950/216 1107/1932/216
f 2734/4562/25 2733/4561/25 1122/1949/223 1123/1950/216
f 2733/4561/25 2732/4560/25 1121/1948/217 1122/1949/223
f 2732/4560/25 2731/4559/25 1120/1947/217 1121/1948/217
f 2731/4559/25 2730/4558/25 1119/1946/217 1120/1947/217
f 2730/4558/25 2729/4557/25 1118/1945/228 1119/1946/217
f 2729/4557/25 2728/4556/25 1117/1944/218 1118/1945/228
f 2728/4556/25 2727/4555/25 1116/1942/218 1117/1944/218
f 2727/4554/25 2726/4553/25 1115/1941/218 1116/1943/218
f 2726/4553/25 2725/4552/25 1114/1940/232 1115/1941/218
f 2725/4552/25 2724/4551/25 1113/1939/232 1114/1940/232
f 2724/4551/25 2723/4550/25 1112/1938/219 1113/1939/232
f 2723/4550/25 2722/4549/25 1111/1937/219 1112/1938/219
f 2722/4549/25 2721/4548/25 1110/1936/219 1111/1937/219
f 2721/4548/25 2720/4547/25 1109/1935/220 1110/1936/219
f 2720/4547/25 2719/4546/25 1108/1934/216 1109/1935/220
f 2719/4546/25 2718/4544/25 1107/1933/216 1108/1934/216
f 1074/1898/262 1124/1951/262 1140/1968/271 1089/1914/271
f 1089/1914/271 1140/1968/271 1139/1967/269 1088/1913/269
f 1088/1913/269 1139/1967/269 1138/1966/267 1087/1912/267
f 1087/1912/267 1138/1966/267 1137/1965/264 1086/1911/264
f 1086/1911/264 1137/1965/264 1132/1960/251 1079/1904/251
f 1080/1905/252 1126/1954/252 1134/1962/248 1082/1907/248
f 1073/1897/259 1128/1956/259 1124/1951/262 1074/1898/262
f 1075/1899/256 1129/1957/256 1128/1956/259 1073/1897/259
f 1076/1900/253 1130/1958/253 1125/1952/255 1077/1901/255
f 1077/1902/255 1125/1953/255 1129/1957/256 1075/1899/256
f 1078/1903/249 1131/1959/249 1130/1958/253 1076/1900/253
f 1079/1904/251 1132/1960/251 1126/1954/252 1080/1905/252
f 1081/1906/246 1133/1961/246 1131/1959/249 1078/1903/249
f 1082/1907/248 1134/1962/248 1127/1955/239 1083/1908/239
f 1084/1909/244 1135/1963/244 1133/1961/246 1081/1906/246
f 1085/1910/240 1136/1964/240 1135/1963/244 1084/1909/244
f 1083/1908/239 1127/1955/239 1136/1964/240 1085/1910/240
f 1199/2148/40 1200/2150/40 1142/1972/40 1141/1969/40
f 1181/2105/23 1148/1990/23 1147/1987/23 1184/2120/23
f 1207/2164/145 1202/2154/145 1145/1981/145 1176/2080/145
f 1176/2081/25 1145/1982/25 1146/1984/25 1175/2075/25
f 1212/2174/146 1201/2152/146 1148/1991/146 1181/2106/146
f 1202/2153/41 1147/1988/41 1148/1992/41 1201/2151/41
f 1200/2149/146 1203/2156/146 1152/2005/146 1142/1973/146
f 1144/1978/25 1150/1997/25 1151/2001/25 1143/1975/25
f 1199/2147/145 1204/2158/145 1150/1998/145 1144/1979/145
f 1142/1974/23 1152/2006/23 1149/1993/23 1141/1970/23
f 1163/2043/23 1153/2009/23 1156/2021/23 1164/2046/23
f 1211/2172/275 1205/2160/276 1155/2017/276 1161/2037/275
f 1161/2038/25 1155/2018/25 1154/2013/25 1162/2040/25
f 1210/2170/277 1206/2162/278 1153/2010/278 1163/2044/277
f 1208/2166/279 1158/2028/279 1157/2025/279 1209/2168/279
f 1213/2176/280 1209/2167/280 1157/2026/280 1182/2110/280
f 1175/2076/25 1160/2034/25 1159/2031/25 1180/2100/25
f 1212/2173/281 1208/2165/281 1160/2035/281 1175/2077/281
f 1182/2111/23 1157/2027/23 1158/2029/23 1181/2107/23
f 1211/2171/282 1210/2169/282 1163/2045/282 1164/2047/282
f 1173/2069/23 1182/2112/23 1186/2130/23 1174/2072/23
f 1217/2184/283 1218/2186/283 1178/2090/283 1171/2063/283
f 1171/2064/25 1178/2091/25 1180/2101/25 1172/2066/25
f 1216/2182/284 1213/2175/284 1182/2113/284 1173/2070/284
f 1214/2178/285 1168/2054/285 1167/2051/285 1215/2180/285
f 1207/2163/286 1215/2179/286 1167/2052/286 1184/2121/286
f 1177/2085/25 1170/2060/25 1169/2057/25 1176/2082/25
f 1220/2190/287 1214/2177/287 1170/2061/287 1177/2086/287
f 1184/2122/23 1167/2053/23 1168/2055/23 1183/2115/23
f 1217/2183/288 1216/2181/288 1173/2071/288 1174/2073/288
f 1203/2155/146 1218/2185/146 1186/2131/146 1152/2007/146
f 1150/1999/25 1179/2095/25 1178/2092/25 1151/2002/25
f 1204/2157/145 1219/2188/145 1179/2096/145 1150/2000/145
f 1152/2008/23 1186/2132/23 1185/2125/23 1149/1994/23
f 1206/2161/278 1219/2187/289 1185/2126/289 1153/2011/278
f 1155/2019/25 1177/2087/25 1179/2097/25 1154/2014/25
f 1205/2159/276 1220/2189/290 1177/2088/290 1155/2020/276
f 1153/2012/23 1185/2127/23 1183/2116/23 1156/2022/23
f 1194/2142/25 1176/2083/25 1175/2078/25 1193/2141/25
f 1195/2143/25 1177/2089/25 1176/2083/25 1194/2142/25
f 1196/2144/25 1178/2093/25 1179/2098/25 1197/2145/25
f 1198/2146/25 1180/2102/25 1178/2093/25 1196/2144/25
f 1193/2141/25 1175/2078/25 1180/2102/25 1198/2146/25
f 1197/2145/25 1179/2098/25 1177/2089/25 1195/2143/25
f 1188/2136/23 1182/2114/23 1181/2108/23 1187/2135/23
f 1190/2138/23 1184/2123/23 1183/2117/23 1189/2137/23
f 1191/2139/23 1185/2128/23 1186/2133/23 1192/2140/23
f 1192/2140/23 1186/2133/23 1182/2114/23 1188/2136/23
f 1187/2135/23 1181/2108/23 1184/2123/23 1190/2138/23
f 1189/2137/23 1183/2117/23 1185/2128/23 1191/2139/23
f 1165/2049/23 1188/2136/23 1187/2135/23
f 1165/2049/23 1190/2138/23 1189/2137/23
f 1165/2049/23 1191/2139/23 1192/2140/23
f 1165/2049/23 1192/2140/23 1188/2136/23
f 1165/2049/23 1187/2135/23 1190/2138/23
f 1165/2049/23 1189/2137/23 1191/2139/23
f 1166/2050/25 1194/2142/25 1193/2141/25
f 1166/2050/25 1195/2143/25 1194/2142/25
f 1166/2050/25 1196/2144/25 1197/2145/25
f 1166/2050/25 1198/2146/25 1196/2144/25
f 1166/2050/25 1193/2141/25 1198/2146/25
f 1166/2050/25 1197/2145/25 1195/2143/25
f 1156/2023/276 1183/2118/290 1220/2189/290 1205/2159/276
f 1154/2015/278 1179/2099/289 1219/2187/289 1206/2161/278
f 1149/1995/145 1185/2129/145 1219/2188/145 1204/2157/145
f 1151/2003/146 1178/2094/146 1218/2185/146 1203/2155/146
f 1171/2065/288 1172/2067/288 1216/2181/288 1217/2183/288
f 1183/2119/287 1168/2056/287 1214/2177/287 1220/2190/287
f 1176/2084/286 1169/2058/286 1215/2179/286 1207/2163/286
f 1170/2062/285 1214/2178/285 1215/2180/285 1169/2059/285
f 1172/2068/284 1180/2103/284 1213/2175/284 1216/2182/284
f 1174/2074/283 1186/2134/283 1218/2186/283 1217/2184/283
f 1161/2039/282 1162/2041/282 1210/2169/282 1211/2171/282
f 1181/2109/281 1158/2030/281 1208/2165/281 1212/2173/281
f 1180/2104/280 1159/2032/280 1209/2167/280 1213/2176/280
f 1160/2036/279 1208/2166/279 1209/2168/279 1159/2033/279
f 1162/2042/277 1154/2016/278 1206/2162/278 1210/2170/277
f 1164/2048/275 1156/2024/276 1205/2160/276 1211/2172/275
f 1141/1971/145 1149/1996/145 1204/2158/145 1199/2147/145
f 1143/1976/146 1151/2004/146 1203/2156/146 1200/2149/146
f 1145/1983/41 1202/2153/41 1201/2151/41 1146/1985/41
f 1175/2079/146 1146/1986/146 1201/2152/146 1212/2174/146
f 1184/2124/145 1147/1989/145 1202/2154/145 1207/2164/145
f 1144/1980/40 1143/1977/40 1200/2150/40 1199/2148/40
f 1279/2370/40 1221/2191/40 1222/2194/40 1280/2372/40
f 1261/2327/25 1264/2342/25 1227/2209/25 1228/2212/25
f 1287/2386/145 1256/2302/145 1225/2203/145 1282/2376/145
f 1256/2303/23 1255/2297/23 1226/2206/23 1225/2204/23
f 1292/2396/146 1261/2328/146 1228/2213/146 1281/2374/146
f 1282/2375/41 1281/2373/41 1228/2214/41 1227/2210/41
f 1280/2371/146 1222/2195/146 1232/2227/146 1283/2378/146
f 1224/2200/23 1223/2197/23 1231/2223/23 1230/2219/23
f 1279/2369/145 1224/2201/145 1230/2220/145 1284/2380/145
f 1222/2196/25 1221/2192/25 1229/2215/25 1232/2228/25
f 1243/2265/25 1244/2268/25 1236/2243/25 1233/2231/25
f 1291/2394/275 1241/2259/275 1235/2239/276 1285/2382/276
f 1241/2260/23 1242/2262/23 1234/2235/23 1235/2240/23
f 1290/2392/277 1243/2266/277 1233/2232/278 1286/2384/278
f 1288/2388/279 1289/2390/279 1237/2247/279 1238/2250/279
f 1293/2398/280 1262/2332/280 1237/2248/280 1289/2389/280
f 1255/2298/23 1260/2322/23 1239/2253/23 1240/2256/23
f 1292/2395/281 1255/2299/281 1240/2257/281 1288/2387/281
f 1262/2333/25 1261/2329/25 1238/2251/25 1237/2249/25
f 1291/2393/282 1244/2269/282 1243/2267/282 1290/2391/282
f 1253/2291/25 1254/2294/25 1266/2352/25 1262/2334/25
f 1297/2406/283 1251/2285/283 1258/2312/283 1298/2408/283
f 1251/2286/23 1252/2288/23 1260/2323/23 1258/2313/23
f 1296/2404/284 1253/2292/284 1262/2335/284 1293/2397/284
f 1294/2400/285 1295/2402/285 1247/2273/285 1248/2276/285
f 1287/2385/286 1264/2343/286 1247/2274/286 1295/2401/286
f 1257/2307/23 1256/2304/23 1249/2279/23 1250/2282/23
f 1300/2412/287 1257/2308/287 1250/2283/287 1294/2399/287
f 1264/2344/25 1263/2337/25 1248/2277/25 1247/2275/25
f 1297/2405/288 1254/2295/288 1253/2293/288 1296/2403/288
f 1283/2377/146 1232/2229/146 1266/2353/146 1298/2407/146
f 1230/2221/23 1231/2224/23 1258/2314/23 1259/2317/23
f 1284/2379/145 1230/2222/145 1259/2318/145 1299/2410/145
f 1232/2230/25 1229/2216/25 1265/2347/25 1266/2354/25
f 1286/2383/278 1233/2233/278 1265/2348/289 1299/2409/289
f 1235/2241/23 1234/2236/23 1259/2319/23 1257/2309/23
f 1285/2381/276 1235/2242/276 1257/2310/290 1300/2411/290
f 1233/2234/25 1236/2244/25 1263/2338/25 1265/2349/25
f 1274/2364/23 1273/2363/23 1255/2300/23 1256/2305/23
f 1275/2365/23 1274/2364/23 1256/2305/23 1257/2311/23
f 1276/2366/23 1277/2367/23 1259/2320/23 1258/2315/23
f 1278/2368/23 1276/2366/23 1258/2315/23 1260/2324/23
f 1273/2363/23 1278/2368/23 1260/2324/23 1255/2300/23
f 1277/2367/23 1275/2365/23 1257/2311/23 1259/2320/23
f 1268/2358/25 1267/2357/25 1261/2330/25 1262/2336/25
f 1270/2360/25 1269/2359/25 1263/2339/25 1264/2345/25
f 1271/2361/25 1272/2362/25 1266/2355/25 1265/2350/25
f 1272/2362/25 1268/2358/25 1262/2336/25 1266/2355/25
f 1267/2357/25 1270/2360/25 1264/2345/25 1261/2330/25
f 1269/2359/25 1271/2361/25 1265/2350/25 1263/2339/25
f 1245/2271/25 1267/2357/25 1268/2358/25
f 1245/2271/25 1269/2359/25 1270/2360/25
f 1245/2271/25 1272/2362/25 1271/2361/25
f 1245/2271/25 1268/2358/25 1272/2362/25
f 1245/2271/25 1270/2360/25 1267/2357/25
f 1245/2271/25 1271/2361/25 1269/2359/25
f 1246/2272/23 1273/2363/23 1274/2364/23
f 1246/2272/23 1274/2364/23 1275/2365/23
f 1246/2272/23 1277/2367/23 1276/2366/23
f 1246/2272/23 1276/2366/23 1278/2368/23
f 1246/2272/23 1278/2368/23 1273/2363/23
f 1246/2272/23 1275/2365/23 1277/2367/23
f 1236/2245/276 1285/2381/276 1300/2411/290 1263/2340/290
f 1234/2237/278 1286/2383/278 1299/2409/289 1259/2321/289
f 1229/2217/145 1284/2379/145 1299/2410/145 1265/2351/145
f 1231/2225/146 1283/2377/146 1298/2407/146 1258/2316/146
f 1251/2287/288 1297/2405/288 1296/2403/288 1252/2289/288
f 1263/2341/287 1300/2412/287 1294/2399/287 1248/2278/287
f 1256/2306/286 1287/2385/286 1295/2401/286 1249/2280/286
f 1250/2284/285 1249/2281/285 1295/2402/285 1294/2400/285
f 1252/2290/284 1296/2404/284 1293/2397/284 1260/2325/284
f 1254/2296/283 1297/2406/283 1298/2408/283 1266/2356/283
f 1241/2261/282 1291/2393/282 1290/2391/282 1242/2263/282
f 1261/2331/281 1292/2395/281 1288/2387/281 1238/2252/281
f 1260/2326/280 1293/2398/280 1289/2389/280 1239/2254/280
f 1240/2258/279 1239/2255/279 1289/2390/279 1288/2388/279
f 1242/2264/277 1290/2392/277 1286/2384/278 1234/2238/278
f 1244/2270/275 1291/2394/275 1285/2382/276 1236/2246/276
f 1221/2193/145 1279/2369/145 1284/2380/145 1229/2218/145
f 1223/2198/146 1280/2371/146 1283/2378/146 1231/2226/146
f 1225/2205/41 1226/2207/41 1281/2373/41 1282/2375/41
f 1255/2301/146 1292/2396/146 1281/2374/146 1226/2208/146
f 1264/2346/145 1287/2386/145 1282/2376/145 1227/2211/145
f 1224/2202/40 1279/2370/40 1280/2372/40 1223/2199/40
f 1359/2592/40 1301/2413/40 1302/2416/40 1360/2594/40
f 1341/2549/23 1344/2564/23 1307/2431/23 1308/2434/23
f 1367/2608/146 1336/2524/146 1305/2425/146 1362/2598/146
f 1336/2525/25 1335/2519/25 1306/2428/25 1305/2426/25
f 1372/2618/145 1341/2550/145 1308/2435/145 1361/2596/145
f 1362/2597/41 1361/2595/41 1308/2436/41 1307/2432/41
f 1360/2593/145 1302/2417/145 1312/2449/145 1363/2600/145
f 1304/2422/25 1303/2419/25 1311/2445/25 1310/2441/25
f 1359/2591/146 1304/2423/146 1310/2442/146 1364/2602/146
f 1302/2418/23 1301/2414/23 1309/2437/23 1312/2450/23
f 1323/2487/23 1324/2490/23 1316/2465/23 1313/2453/23
f 1371/2616/291 1321/2481/291 1315/2461/292 1365/2604/292
f 1321/2482/25 1322/2484/25 1314/2457/25 1315/2462/25
f 1370/2614/293 1323/2488/293 1313/2454/294 1366/2606/294
f 1368/2610/295 1369/2612/295 1317/2469/295 1318/2472/295
f 1373/2620/296 1342/2554/296 1317/2470/296 1369/2611/296
f 1335/2520/25 1340/2544/25 1319/2475/25 1320/2478/25
f 1372/2617/297 1335/2521/297 1320/2479/297 1368/2609/297
f 1342/2555/23 1341/2551/23 1318/2473/23 1317/2471/23
f 1371/2615/298 1324/2491/298 1323/2489/298 1370/2613/298
f 1333/2513/23 1334/2516/23 1346/2574/23 1342/2556/23
f 1377/2628/299 1331/2507/299 1338/2534/299 1378/2630/299
f 1331/2508/25 1332/2510/25 1340/2545/25 1338/2535/25
f 1376/2626/300 1333/2514/300 1342/2557/300 1373/2619/300
f 1374/2622/301 1375/2624/301 1327/2495/301 1328/2498/301
f 1367/2607/302 1344/2565/302 1327/2496/302 1375/2623/302
f 1337/2529/25 1336/2526/25 1329/2501/25 1330/2504/25
f 1380/2634/303 1337/2530/303 1330/2505/303 1374/2621/303
f 1344/2566/23 1343/2559/23 1328/2499/23 1327/2497/23
f 1377/2627/304 1334/2517/304 1333/2515/304 1376/2625/304
f 1363/2599/145 1312/2451/145 1346/2575/145 1378/2629/145
f 1310/2443/25 1311/2446/25 1338/2536/25 1339/2539/25
f 1364/2601/146 1310/2444/146 1339/2540/146 1379/2632/146
f 1312/2452/23 1309/2438/23 1345/2569/23 1346/2576/23
f 1366/2605/294 1313/2455/294 1345/2570/305 1379/2631/305
f 1315/2463/25 1314/2458/25 1339/2541/25 1337/2531/25
f 1365/2603/292 1315/2464/292 1337/2532/306 1380/2633/306
f 1313/2456/23 1316/2466/23 1343/2560/23 1345/2571/23
f 1354/2586/25 1353/2585/25 1335/2522/25 1336/2527/25
f 1355/2587/25 1354/2586/25 1336/2527/25 1337/2533/25
f 1356/2588/25 1357/2589/25 1339/2542/25 1338/2537/25
f 1358/2590/25 1356/2588/25 1338/2537/25 1340/2546/25
f 1353/2585/25 1358/2590/25 1340/2546/25 1335/2522/25
f 1357/2589/25 1355/2587/25 1337/2533/25 1339/2542/25
f 1348/2580/23 1347/2579/23 1341/2552/23 1342/2558/23
f 1350/2582/23 1349/2581/23 1343/2561/23 1344/2567/23
f 1351/2583/23 1352/2584/23 1346/2577/23 1345/2572/23
f 1352/2584/23 1348/2580/23 1342/2558/23 1346/2577/23
f 1347/2579/23 1350/2582/23 1344/2567/23 1341/2552/23
f 1349/2581/23 1351/2583/23 1345/2572/23 1343/2561/23
f 1325/2493/23 1347/2579/23 1348/2580/23
f 1325/2493/23 1349/2581/23 1350/2582/23
f 1325/2493/23 1352/2584/23 1351/2583/23
f 1325/2493/23 1348/2580/23 1352/2584/23
f 1325/2493/23 1350/2582/23 1347/2579/23
f 1325/2493/23 1351/2583/23 1349/2581/23
f 1326/2494/25 1353/2585/25 1354/2586/25
f 1326/2494/25 1354/2586/25 1355/2587/25
f 1326/2494/25 1357/2589/25 1356/2588/25
f 1326/2494/25 1356/2588/25 1358/2590/25
f 1326/2494/25 1358/2590/25 1353/2585/25
f 1326/2494/25 1355/2587/25 1357/2589/25
f 1316/2467/292 1365/2603/292 1380/2633/306 1343/2562/306
f 1314/2459/294 1366/2605/294 1379/2631/305 1339/2543/305
f 1309/2439/146 1364/2601/146 1379/2632/146 1345/2573/146
f 1311/2447/145 1363/2599/145 1378/2629/145 1338/2538/145
f 1331/2509/304 1377/2627/304 1376/2625/304 1332/2511/304
f 1343/2563/303 1380/2634/303 1374/2621/303 1328/2500/303
f 1336/2528/302 1367/2607/302 1375/2623/302 1329/2502/302
f 1330/2506/301 1329/2503/301 1375/2624/301 1374/2622/301
f 1332/2512/300 1376/2626/300 1373/2619/300 1340/2547/300
f 1334/2518/299 1377/2628/299 1378/2630/299 1346/2578/299
f 1321/2483/298 1371/2615/298 1370/2613/298 1322/2485/298
f 1341/2553/297 1372/2617/297 1368/2609/297 1318/2474/297
f 1340/2548/296 1373/2620/296 1369/2611/296 1319/2476/296
f 1320/2480/295 1319/2477/295 1369/2612/295 1368/2610/295
f 1322/2486/293 1370/2614/293 1366/2606/294 1314/2460/294
f 1324/2492/291 1371/2616/291 1365/2604/292 1316/2468/292
f 1301/2415/146 1359/2591/146 1364/2602/146 1309/2440/146
f 1303/2420/145 1360/2593/145 1363/2600/145 1311/2448/145
f 1305/2427/41 1306/2429/41 1361/2595/41 1362/2597/41
f 1335/2523/145 1372/2618/145 1361/2596/145 1306/2430/145
f 1344/2568/146 1367/2608/146 1362/2598/146 1307/2433/146
f 1304/2424/40 1359/2592/40 1360/2594/40 1303/2421/40
f 1439/2814/40 1440/2816/40 1382/2638/40 1381/2635/40
f 1421/2771/25 1388/2656/25 1387/2653/25 1424/2786/25
f 1447/2830/146 1442/2820/146 1385/2647/146 1416/2746/146
f 1416/2747/23 1385/2648/23 1386/2650/23 1415/2741/23
f 1452/2840/145 1441/2818/145 1388/2657/145 1421/2772/145
f 1442/2819/41 1387/2654/41 1388/2658/41 1441/2817/41
f 1440/2815/145 1443/2822/145 1392/2671/145 1382/2639/145
f 1384/2644/23 1390/2663/23 1391/2667/23 1383/2641/23
f 1439/2813/146 1444/2824/146 1390/2664/146 1384/2645/146
f 1382/2640/25 1392/2672/25 1389/2659/25 1381/2636/25
f 1403/2709/25 1393/2675/25 1396/2687/25 1404/2712/25
f 1451/2838/291 1445/2826/292 1395/2683/292 1401/2703/291
f 1401/2704/23 1395/2684/23 1394/2679/23 1402/2706/23
f 1450/2836/293 1446/2828/294 1393/2676/294 1403/2710/293
f 1448/2832/295 1398/2694/295 1397/2691/295 1449/2834/295
f 1453/2842/296 1449/2833/296 1397/2692/296 1422/2776/296
f 1415/2742/23 1400/2700/23 1399/2697/23 1420/2766/23
f 1452/2839/297 1448/2831/297 1400/2701/297 1415/2743/297
f 1422/2777/25 1397/2693/25 1398/2695/25 1421/2773/25
f 1451/2837/298 1450/2835/298 1403/2711/298 1404/2713/298
f 1413/2735/25 1422/2778/25 1426/2796/25 1414/2738/25
f 1457/2850/299 1458/2852/299 1418/2756/299 1411/2729/299
f 1411/2730/23 1418/2757/23 1420/2767/23 1412/2732/23
f 1456/2848/300 1453/2841/300 1422/2779/300 1413/2736/300
f 1454/2844/301 1408/2720/301 1407/2717/301 1455/2846/301
f 1447/2829/302 1455/2845/302 1407/2718/302 1424/2787/302
f 1417/2751/23 1410/2726/23 1409/2723/23 1416/2748/23
f 1460/2856/303 1454/2843/303 1410/2727/303 1417/2752/303
f 1424/2788/25 1407/2719/25 1408/2721/25 1423/2781/25
f 1457/2849/304 1456/2847/304 1413/2737/304 1414/2739/304
f 1443/2821/145 1458/2851/145 1426/2797/145 1392/2673/145
f 1390/2665/23 1419/2761/23 1418/2758/23 1391/2668/23
f 1444/2823/146 1459/2854/146 1419/2762/146 1390/2666/146
f 1392/2674/25 1426/2798/25 1425/2791/25 1389/2660/25
f 1446/2827/294 1459/2853/305 1425/2792/305 1393/2677/294
f 1395/2685/23 1417/2753/23 1419/2763/23 1394/2680/23
f 1445/2825/292 1460/2855/306 1417/2754/306 1395/2686/292
f 1393/2678/25 1425/2793/25 1423/2782/25 1396/2688/25
f 1434/2808/23 1416/2749/23 1415/2744/23 1433/2807/23
f 1435/2809/23 1417/2755/23 1416/2749/23 1434/2808/23
f 1436/2810/23 1418/2759/23 1419/2764/23 1437/2811/23
f 1438/2812/23 1420/2768/23 1418/2759/23 1436/2810/23
f 1433/2807/23 1415/2744/23 1420/2768/23 1438/2812/23
f 1437/2811/23 1419/2764/23 1417/2755/23 1435/2809/23
f 1428/2802/25 1422/2780/25 1421/2774/25 1427/2801/25
f 1430/2804/25 1424/2789/25 1423/2783/25 1429/2803/25
f 1431/2805/25 1425/2794/25 1426/2799/25 1432/2806/25
f 1432/2806/25 1426/2799/25 1422/2780/25 1428/2802/25
f 1427/2801/25 1421/2774/25 1424/2789/25 1430/2804/25
f 1429/2803/25 1423/2783/25 1425/2794/25 1431/2805/25
f 1405/2715/25 1428/2802/25 1427/2801/25
f 1405/2715/25 1430/2804/25 1429/2803/25
f 1405/2715/25 1431/2805/25 1432/2806/25
f 1405/2715/25 1432/2806/25 1428/2802/25
f 1405/2715/25 1427/2801/25 1430/2804/25
f 1405/2715/25 1429/2803/25 1431/2805/25
f 1406/2716/23 1434/2808/23 1433/2807/23
f 1406/2716/23 1435/2809/23 1434/2808/23
f 1406/2716/23 1436/2810/23 1437/2811/23
f 1406/2716/23 1438/2812/23 1436/2810/23
f 1406/2716/23 1433/2807/23 1438/2812/23
f 1406/2716/23 1437/2811/23 1435/2809/23
f 1396/2689/292 1423/2784/306 1460/2855/306 1445/2825/292
f 1394/2681/294 1419/2765/305 1459/2853/305 1446/2827/294
f 1389/2661/146 1425/2795/146 1459/2854/146 1444/2823/146
f 1391/2669/145 1418/2760/145 1458/2851/145 1443/2821/145
f 1411/2731/304 1412/2733/304 1456/2847/304 1457/2849/304
f 1423/2785/303 1408/2722/303 1454/2843/303 1460/2856/303
f 1416/2750/302 1409/2724/302 1455/2845/302 1447/2829/302
f 1410/2728/301 1454/2844/301 1455/2846/301 1409/2725/301
f 1412/2734/300 1420/2769/300 1453/2841/300 1456/2848/300
f 1414/2740/299 1426/2800/299 1458/2852/299 1457/2850/299
f 1401/2705/298 1402/2707/298 1450/2835/298 1451/2837/298
f 1421/2775/297 1398/2696/297 1448/2831/297 1452/2839/297
f 1420/2770/296 1399/2698/296 1449/2833/296 1453/2842/296
f 1400/2702/295 1448/2832/295 1449/2834/295 1399/2699/295
f 1402/2708/293 1394/2682/294 1446/2828/294 1450/2836/293
f 1404/2714/291 1396/2690/292 1445/2826/292 1451/2838/291
f 1381/2637/146 1389/2662/146 1444/2824/146 1439/2813/146
f 1383/2642/145 1391/2670/145 1443/2822/145 1440/2815/145
f 1385/2649/41 1442/2819/41 1441/2817/41 1386/2651/41
f 1415/2745/145 1386/2652/145 1441/2818/145 1452/2840/145
f 1424/2790/146 1387/2655/146 1442/2820/146 1447/2830/146
f 1384/2646/40 1383/2643/40 1440/2816/40 1439/2814/40
f 1464/2860/307 1529/2960/307 1530/2962/308 1463/2859/308
f 1466/2862/24 1520/2942/24 1521/2944/18 1465/2861/18
f 1463/2859/308 1530/2962/308 1531/2964/309 1467/2863/309
f 1469/2865/17 1523/2948/17 1522/2946/22 1468/2864/22
f 1467/2863/309 1531/2964/309 1516/2933/310 1470/2867/310
f 1472/2869/311 1525/2952/311 1524/2950/312 1471/2868/312
f 1470/2866/310 1516/2934/310 1515/2931/313 1473/2870/313
f 1468/2864/22 1522/2946/22 1525/2952/311 1472/2869/311
f 1471/2868/312 1524/2950/312 1526/2954/314 1474/2871/314
f 1473/2870/313 1515/2931/313 1517/2936/315 1475/2872/315
f 1465/2861/18 1521/2944/18 1523/2948/17 1469/2865/17
f 1474/2871/314 1526/2954/314 1527/2956/316 1476/2873/316
f 1475/2872/315 1517/2936/315 1518/2938/317 1477/2874/317
f 1476/2873/316 1527/2956/316 1528/2958/318 1478/2875/318
f 1477/2874/317 1518/2938/317 1519/2940/319 1479/2876/319
f 1478/2875/318 1528/2958/318 1529/2960/307 1464/2860/307
f 1479/2876/319 1519/2940/319 1520/2942/24 1466/2862/24
f 1587/3044/319 1479/2876/319 1466/2862/24 1588/3046/24
f 1596/3062/318 1478/2875/318 1464/2860/307 1597/3064/307
f 1586/3042/317 1477/2874/317 1479/2876/319 1587/3044/319
f 1595/3060/316 1476/2873/316 1478/2875/318 1596/3062/318
f 1585/3040/315 1475/2872/315 1477/2874/317 1586/3042/317
f 1594/3058/314 1474/2871/314 1476/2873/316 1595/3060/316
f 1589/3048/18 1465/2861/18 1469/2865/17 1591/3052/17
f 1583/3035/313 1473/2870/313 1475/2872/315 1585/3040/315
f 1592/3054/312 1471/2868/312 1474/2871/314 1594/3058/314
f 1590/3050/22 1468/2864/22 1472/2869/311 1593/3056/311
f 1584/3037/310 1470/2866/310 1473/2870/313 1583/3035/313
f 1593/3056/311 1472/2869/311 1471/2868/312 1592/3054/312
f 1599/3068/309 1467/2863/309 1470/2867/310 1584/3038/310
f 1591/3052/17 1469/2865/17 1468/2864/22 1590/3050/22
f 1598/3066/308 1463/2859/308 1467/2863/309 1599/3068/309
f 1588/3046/24 1466/2862/24 1465/2861/18 1589/3048/18
f 1597/3064/307 1464/2860/307 1463/2859/308 1598/3066/308
f 1481/2878/25 1482/2880/25 1497/2911/25 1496/2909/25 1495/2907/25 1494/2905/25 1493/2903/25 1492/2901/25 1490/2897/25 1491/2899/25 1488/2893/25 1489/2895/25 1487/2891/25 1486/2889/25 1485/2887/25 1484/2885/25 1483/2883/25
f 1499/2914/307 1495/2908/307 1496/2910/308 1498/2913/308
f 1501/2916/24 1486/2890/24 1487/2892/18 1500/2915/18
f 1498/2913/308 1496/2910/308 1497/2912/309 1502/2917/309
f 1504/2919/17 1489/2896/17 1488/2894/22 1503/2918/22
f 1502/2917/309 1497/2912/309 1482/2881/310 1505/2921/310
f 1507/2923/311 1491/2900/311 1490/2898/312 1506/2922/312
f 1505/2920/310 1482/2882/310 1481/2879/313 1508/2924/313
f 1503/2918/22 1488/2894/22 1491/2900/311 1507/2923/311
f 1506/2922/312 1490/2898/312 1492/2902/314 1509/2925/314
f 1508/2924/313 1481/2879/313 1483/2884/315 1510/2926/315
f 1500/2915/18 1487/2892/18 1489/2896/17 1504/2919/17
f 1509/2925/314 1492/2902/314 1493/2904/316 1511/2927/316
f 1510/2926/315 1483/2884/315 1484/2886/317 1512/2928/317
f 1511/2927/316 1493/2904/316 1494/2906/318 1513/2929/318
f 1512/2928/317 1484/2886/317 1485/2888/319 1514/2930/319
f 1513/2929/318 1494/2906/318 1495/2908/307 1499/2914/307
f 1514/2930/319 1485/2888/319 1486/2890/24 1501/2916/24
f 1553/2992/319 1514/2930/319 1501/2916/24 1554/2994/24
f 1562/3010/318 1513/2929/318 1499/2914/307 1563/3012/307
f 1552/2990/317 1512/2928/317 1514/2930/319 1553/2992/319
f 1561/3008/316 1511/2927/316 1513/2929/318 1562/3010/318
f 1551/2988/315 1510/2926/315 1512/2928/317 1552/2990/317
f 1560/3006/314 1509/2925/314 1511/2927/316 1561/3008/316
f 1555/2996/18 1500/2915/18 1504/2919/17 1557/3000/17
f 1549/2983/313 1508/2924/313 1510/2926/315 1551/2988/315
f 1558/3002/312 1506/2922/312 1509/2925/314 1560/3006/314
f 1556/2998/22 1503/2918/22 1507/2923/311 1559/3004/311
f 1550/2985/310 1505/2920/310 1508/2924/313 1549/2983/313
f 1559/3004/311 1507/2923/311 1506/2922/312 1558/3002/312
f 1565/3016/309 1502/2917/309 1505/2921/310 1550/2986/310
f 1557/3000/17 1504/2919/17 1503/2918/22 1556/2998/22
f 1564/3014/308 1498/2913/308 1502/2917/309 1565/3016/309
f 1554/2994/24 1501/2916/24 1500/2915/18 1555/2996/18
f 1563/3012/307 1499/2914/307 1498/2913/308 1564/3014/308
f 1533/2967/25 1532/2966/25 1515/2932/25 1516/2935/25
f 1532/2966/25 1534/2968/25 1517/2937/25 1515/2932/25
f 1534/2968/25 1535/2969/25 1518/2939/25 1517/2937/25
f 1535/2969/25 1536/2970/25 1519/2941/25 1518/2939/25
f 1536/2970/25 1537/2971/25 1520/2943/25 1519/2941/25
f 1537/2971/25 1538/2972/25 1521/2945/25 1520/2943/25
f 1540/2974/25 1539/2973/25 1522/2947/25 1523/2949/25
f 1542/2976/25 1541/2975/25 1524/2951/25 1525/2953/25
f 1541/2975/25 1543/2977/25 1526/2955/25 1524/2951/25
f 1543/2977/25 1544/2978/25 1527/2957/25 1526/2955/25
f 1544/2978/25 1545/2979/25 1528/2959/25 1527/2957/25
f 1545/2979/25 1546/2980/25 1529/2961/25 1528/2959/25
f 1546/2980/25 1547/2981/25 1530/2963/25 1529/2961/25
f 1547/2981/25 1548/2982/25 1531/2965/25 1530/2963/25
f 1548/2982/25 1533/2967/25 1516/2935/25 1531/2965/25
f 1539/2973/25 1542/2976/25 1525/2953/25 1522/2947/25
f 1538/2972/25 1540/2974/25 1523/2949/25 1521/2945/25
f 1462/2858/25 1532/2966/25 1533/2967/25
f 1462/2858/25 1534/2968/25 1532/2966/25
f 1462/2858/25 1535/2969/25 1534/2968/25
f 1462/2858/25 1536/2970/25 1535/2969/25
f 1462/2858/25 1537/2971/25 1536/2970/25
f 1462/2858/25 1538/2972/25 1537/2971/25
f 1462/2858/25 1539/2973/25 1540/2974/25
f 1462/2858/25 1541/2975/25 1542/2976/25
f 1462/2858/25 1543/2977/25 1541/2975/25
f 1462/2858/25 1544/2978/25 1543/2977/25
f 1462/2858/25 1545/2979/25 1544/2978/25
f 1462/2858/25 1546/2980/25 1545/2979/25
f 1462/2858/25 1547/2981/25 1546/2980/25
f 1462/2858/25 1548/2982/25 1547/2981/25
f 1462/2858/25 1533/2967/25 1548/2982/25
f 1462/2858/25 1542/2976/25 1539/2973/25
f 1462/2858/25 1540/2974/25 1538/2972/25
f 1566/3018/23 1567/3019/23 1550/2987/23 1549/2984/23
f 1568/3020/23 1566/3018/23 1549/2984/23 1551/2989/23
f 1569/3021/23 1568/3020/23 1551/2989/23 1552/2991/23
f 1570/3022/23 1569/3021/23 1552/2991/23 1553/2993/23
f 1571/3023/23 1570/3022/23 1553/2993/23 1554/2995/23
f 1572/3024/23 1571/3023/23 1554/2995/23 1555/2997/23
f 1573/3025/23 1574/3026/23 1557/3001/23 1556/2999/23
f 1575/3027/23 1576/3028/23 1559/3005/23 1558/3003/23
f 1577/3029/23 1575/3027/23 1558/3003/23 1560/3007/23
f 1578/3030/23 1577/3029/23 1560/3007/23 1561/3009/23
f 1579/3031/23 1578/3030/23 1561/3009/23 1562/3011/23
f 1580/3032/23 1579/3031/23 1562/3011/23 1563/3013/23
f 1581/3033/23 1580/3032/23 1563/3013/23 1564/3015/23
f 1582/3034/23 1581/3033/23 1564/3015/23 1565/3017/23
f 1567/3019/23 1582/3034/23 1565/3017/23 1550/2987/23
f 1576/3028/23 1573/3025/23 1556/2999/23 1559/3005/23
f 1574/3026/23 1572/3024/23 1555/2997/23 1557/3001/23
f 1480/2877/23 1567/3019/23 1566/3018/23
f 1480/2877/23 1566/3018/23 1568/3020/23
f 1480/2877/23 1568/3020/23 1569/3021/23
f 1480/2877/23 1569/3021/23 1570/3022/23
f 1480/2877/23 1570/3022/23 1571/3023/23
f 1480/2877/23 1571/3023/23 1572/3024/23
f 1480/2877/23 1574/3026/23 1573/3025/23
f 1480/2877/23 1576/3028/23 1575/3027/23
f 1480/2877/23 1575/3027/23 1577/3029/23
f 1480/2877/23 1577/3029/23 1578/3030/23
f 1480/2877/23 1578/3030/23 1579/3031/23
f 1480/2877/23 1579/3031/23 1580/3032/23
f 1480/2877/23 1580/3032/23 1581/3033/23
f 1480/2877/23 1581/3033/23 1582/3034/23
f 1480/2877/23 1582/3034/23 1567/3019/23
f 1480/2877/23 1573/3025/23 1576/3028/23
f 1480/2877/23 1572/3024/23 1574/3026/23
f 1600/3070/23 1601/3071/23 1584/3039/23 1583/3036/23
f 1602/3072/23 1600/3070/23 1583/3036/23 1585/3041/23
f 1603/3073/23 1602/3072/23 1585/3041/23 1586/3043/23
f 1604/3074/23 1603/3073/23 1586/3043/23 1587/3045/23
f 1605/3075/23 1604/3074/23 1587/3045/23 1588/3047/23
f 1606/3076/23 1605/3075/23 1588/3047/23 1589/3049/23
f 1607/3077/23 1608/3078/23 1591/3053/23 1590/3051/23
f 1609/3079/23 1610/3080/23 1593/3057/23 1592/3055/23
f 1611/3081/23 1609/3079/23 1592/3055/23 1594/3059/23
f 1612/3082/23 1611/3081/23 1594/3059/23 1595/3061/23
f 1613/3083/23 1612/3082/23 1595/3061/23 1596/3063/23
f 1614/3084/23 1613/3083/23 1596/3063/23 1597/3065/23
f 1615/3085/23 1614/3084/23 1597/3065/23 1598/3067/23
f 1616/3086/23 1615/3085/23 1598/3067/23 1599/3069/23
f 1601/3071/23 1616/3086/23 1599/3069/23 1584/3039/23
f 1610/3080/23 1607/3077/23 1590/3051/23 1593/3057/23
f 1608/3078/23 1606/3076/23 1589/3049/23 1591/3053/23
f 1461/2857/23 1601/3071/23 1600/3070/23
f 1461/2857/23 1600/3070/23 1602/3072/23
f 1461/2857/23 1602/3072/23 1603/3073/23
f 1461/2857/23 1603/3073/23 1604/3074/23
f 1461/2857/23 1604/3074/23 1605/3075/23
f 1461/2857/23 1605/3075/23 1606/3076/23
f 1461/2857/23 1608/3078/23 1607/3077/23
f 1461/2857/23 1610/3080/23 1609/3079/23
f 1461/2857/23 1609/3079/23 1611/3081/23
f 1461/2857/23 1611/3081/23 1612/3082/23
f 1461/2857/23 1612/3082/23 1613/3083/23
f 1461/2857/23 1613/3083/23 1614/3084/23
f 1461/2857/23 1614/3084/23 1615/3085/23
f 1461/2857/23 1615/3085/23 1616/3086/23
f 1461/2857/23 1616/3086/23 1601/3071/23
f 1461/2857/23 1607/3077/23 1610/3080/23
f 1461/2857/23 1606/3076/23 1608/3078/23
f 1620/3090/307 1619/3089/308 1686/3192/308 1685/3190/307
f 1622/3092/24 1621/3091/18 1677/3174/18 1676/3172/24
f 1619/3089/308 1623/3093/309 1687/3194/309 1686/3192/308
f 1625/3095/17 1624/3094/22 1678/3176/22 1679/3178/17
f 1623/3093/309 1626/3097/310 1672/3163/310 1687/3194/309
f 1628/3099/311 1627/3098/312 1680/3180/312 1681/3182/311
f 1626/3096/310 1629/3100/313 1671/3161/313 1672/3164/310
f 1624/3094/22 1628/3099/311 1681/3182/311 1678/3176/22
f 1627/3098/312 1630/3101/314 1682/3184/314 1680/3180/312
f 1629/3100/313 1631/3102/315 1673/3166/315 1671/3161/313
f 1621/3091/18 1625/3095/17 1679/3178/17 1677/3174/18
f 1630/3101/314 1632/3103/316 1683/3186/316 1682/3184/314
f 1631/3102/315 1633/3104/317 1674/3168/317 1673/3166/315
f 1632/3103/316 1634/3105/318 1684/3188/318 1683/3186/316
f 1633/3104/317 1635/3106/319 1675/3170/319 1674/3168/317
f 1634/3105/318 1620/3090/307 1685/3190/307 1684/3188/318
f 1635/3106/319 1622/3092/24 1676/3172/24 1675/3170/319
f 1743/3274/319 1744/3276/24 1622/3092/24 1635/3106/319
f 1752/3292/318 1753/3294/307 1620/3090/307 1634/3105/318
f 1742/3272/317 1743/3274/319 1635/3106/319 1633/3104/317
f 1751/3290/316 1752/3292/318 1634/3105/318 1632/3103/316
f 1741/3270/315 1742/3272/317 1633/3104/317 1631/3102/315
f 1750/3288/314 1751/3290/316 1632/3103/316 1630/3101/314
f 1745/3278/18 1747/3282/17 1625/3095/17 1621/3091/18
f 1739/3265/313 1741/3270/315 1631/3102/315 1629/3100/313
f 1748/3284/312 1750/3288/314 1630/3101/314 1627/3098/312
f 1746/3280/22 1749/3286/311 1628/3099/311 1624/3094/22
f 1740/3267/310 1739/3265/313 1629/3100/313 1626/3096/310
f 1749/3286/311 1748/3284/312 1627/3098/312 1628/3099/311
f 1755/3298/309 1740/3268/310 1626/3097/310 1623/3093/309
f 1747/3282/17 1746/3280/22 1624/3094/22 1625/3095/17
f 1754/3296/308 1755/3298/309 1623/3093/309 1619/3089/308
f 1744/3276/24 1745/3278/18 1621/3091/18 1622/3092/24
f 1753/3294/307 1754/3296/308 1619/3089/308 1620/3090/307
f 1637/3108/23 1639/3113/23 1640/3115/23 1641/3117/23 1642/3119/23 1643/3121/23 1645/3125/23 1644/3123/23 1647/3129/23 1646/3127/23 1648/3131/23 1649/3133/23 1650/3135/23 1651/3137/23 1652/3139/23 1653/3141/23 1638/3110/23
f 1655/3144/307 1654/3143/308 1652/3140/308 1651/3138/307
f 1657/3146/24 1656/3145/18 1643/3122/18 1642/3120/24
f 1654/3143/308 1658/3147/309 1653/3142/309 1652/3140/308
f 1660/3149/17 1659/3148/22 1644/3124/22 1645/3126/17
f 1658/3147/309 1661/3151/310 1638/3111/310 1653/3142/309
f 1663/3153/311 1662/3152/312 1646/3128/312 1647/3130/311
f 1661/3150/310 1664/3154/313 1637/3109/313 1638/3112/310
f 1659/3148/22 1663/3153/311 1647/3130/311 1644/3124/22
f 1662/3152/312 1665/3155/314 1648/3132/314 1646/3128/312
f 1664/3154/313 1666/3156/315 1639/3114/315 1637/3109/313
f 1656/3145/18 1660/3149/17 1645/3126/17 1643/3122/18
f 1665/3155/314 1667/3157/316 1649/3134/316 1648/3132/314
f 1666/3156/315 1668/3158/317 1640/3116/317 1639/3114/315
f 1667/3157/316 1669/3159/318 1650/3136/318 1649/3134/316
f 1668/3158/317 1670/3160/319 1641/3118/319 1640/3116/317
f 1669/3159/318 1655/3144/307 1651/3138/307 1650/3136/318
f 1670/3160/319 1657/3146/24 1642/3120/24 1641/3118/319
f 1709/3222/319 1710/3224/24 1657/3146/24 1670/3160/319
f 1718/3240/318 1719/3242/307 1655/3144/307 1669/3159/318
f 1708/3220/317 1709/3222/319 1670/3160/319 1668/3158/317
f 1717/3238/316 1718/3240/318 1669/3159/318 1667/3157/316
f 1707/3218/315 1708/3220/317 1668/3158/317 1666/3156/315
f 1716/3236/314 1717/3238/316 1667/3157/316 1665/3155/314
f 1711/3226/18 1713/3230/17 1660/3149/17 1656/3145/18
f 1705/3213/313 1707/3218/315 1666/3156/315 1664/3154/313
f 1714/3232/312 1716/3236/314 1665/3155/314 1662/3152/312
f 1712/3228/22 1715/3234/311 1663/3153/311 1659/3148/22
f 1706/3215/310 1705/3213/313 1664/3154/313 1661/3150/310
f 1715/3234/311 1714/3232/312 1662/3152/312 1663/3153/311
f 1721/3246/309 1706/3216/310 1661/3151/310 1658/3147/309
f 1713/3230/17 1712/3228/22 1659/3148/22 1660/3149/17
f 1720/3244/308 1721/3246/309 1658/3147/309 1654/3143/308
f 1710/3224/24 1711/3226/18 1656/3145/18 1657/3146/24
f 1719/3242/307 1720/3244/308 1654/3143/308 1655/3144/307
f 1689/3197/23 1672/3165/23 1671/3162/23 1688/3196/23
f 1688/3196/23 1671/3162/23 1673/3167/23 1690/3198/23
f 1690/3198/23 1673/3167/23 1674/3169/23 1691/3199/23
f 1691/3199/23 1674/3169/23 1675/3171/23 1692/3200/23
f 1692/3200/23 1675/3171/23 1676/3173/23 1693/3201/23
f 1693/3201/23 1676/3173/23 1677/3175/23 1694/3202/23
f 1696/3204/23 1679/3179/23 1678/3177/23 1695/3203/23
f 1698/3206/23 1681/3183/23 1680/3181/23 1697/3205/23
f 1697/3205/23 1680/3181/23 1682/3185/23 1699/3207/23
f 1699/3207/23 1682/3185/23 1683/3187/23 1700/3208/23
f 1700/3208/23 1683/3187/23 1684/3189/23 1701/3209/23
f 1701/3209/23 1684/3189/23 1685/3191/23 1702/3210/23
f 1702/3210/23 1685/3191/23 1686/3193/23 1703/3211/23
f 1703/3211/23 1686/3193/23 1687/3195/23 1704/3212/23
f 1704/3212/23 1687/3195/23 1672/3165/23 1689/3197/23
f 1695/3203/23 1678/3177/23 1681/3183/23 1698/3206/23
f 1694/3202/23 1677/3175/23 1679/3179/23 1696/3204/23
f 1618/3088/23 1689/3197/23 1688/3196/23
f 1618/3088/23 1688/3196/23 1690/3198/23
f 1618/3088/23 1690/3198/23 1691/3199/23
f 1618/3088/23 1691/3199/23 1692/3200/23
f 1618/3088/23 1692/3200/23 1693/3201/23
f 1618/3088/23 1693/3201/23 1694/3202/23
f 1618/3088/23 1696/3204/23 1695/3203/23
f 1618/3088/23 1698/3206/23 1697/3205/23
f 1618/3088/23 1697/3205/23 1699/3207/23
f 1618/3088/23 1699/3207/23 1700/3208/23
f 1618/3088/23 1700/3208/23 1701/3209/23
f 1618/3088/23 1701/3209/23 1702/3210/23
f 1618/3088/23 1702/3210/23 1703/3211/23
f 1618/3088/23 1703/3211/23 1704/3212/23
f 1618/3088/23 1704/3212/23 1689/3197/23
f 1618/3088/23 1695/3203/23 1698/3206/23
f 1618/3088/23 1694/3202/23 1696/3204/23
f 1722/3248/25 1705/3214/25 1706/3217/25 1723/3249/25
f 1724/3250/25 1707/3219/25 1705/3214/25 1722/3248/25
f 1725/3251/25 1708/3221/25 1707/3219/25 1724/3250/25
f 1726/3252/25 1709/3223/25 1708/3221/25 1725/3251/25
f 1727/3253/25 1710/3225/25 1709/3223/25 1726/3252/25
f 1728/3254/25 1711/3227/25 1710/3225/25 1727/3253/25
f 1729/3255/25 1712/3229/25 1713/3231/25 1730/3256/25
f 1731/3257/25 1714/3233/25 1715/3235/25 1732/3258/25
f 1733/3259/25 1716/3237/25 1714/3233/25 1731/3257/25
f 1734/3260/25 1717/3239/25 1716/3237/25 1733/3259/25
f 1735/3261/25 1718/3241/25 1717/3239/25 1734/3260/25
f 1736/3262/25 1719/3243/25 1718/3241/25 1735/3261/25
f 1737/3263/25 1720/3245/25 1719/3243/25 1736/3262/25
f 1738/3264/25 1721/3247/25 1720/3245/25 1737/3263/25
f 1723/3249/25 1706/3217/25 1721/3247/25 1738/3264/25
f 1732/3258/25 1715/3235/25 1712/3229/25 1729/3255/25
f 1730/3256/25 1713/3231/25 1711/3227/25 1728/3254/25
f 1636/3107/25 1722/3248/25 1723/3249/25
f 1636/3107/25 1724/3250/25 1722/3248/25
f 1636/3107/25 1725/3251/25 1724/3250/25
f 1636/3107/25 1726/3252/25 1725/3251/25
f 1636/3107/25 1727/3253/25 1726/3252/25
f 1636/3107/25 1728/3254/25 1727/3253/25
f 1636/3107/25 1729/3255/25 1730/3256/25
f 1636/3107/25 1731/3257/25 1732/3258/25
f 1636/3107/25 1733/3259/25 1731/3257/25
f 1636/3107/25 1734/3260/25 1733/3259/25
f 1636/3107/25 1735/3261/25 1734/3260/25
f 1636/3107/25 1736/3262/25 1735/3261/25
f 1636/3107/25 1737/3263/25 1736/3262/25
f 1636/3107/25 1738/3264/25 1737/3263/25
f 1636/3107/25 1723/3249/25 1738/3264/25
f 1636/3107/25 1732/3258/25 1729/3255/25
f 1636/3107/25 1730/3256/25 1728/3254/25
f 1756/3300/25 1739/3266/25 1740/3269/25 1757/3301/25
f 1758/3302/25 1741/3271/25 1739/3266/25 1756/3300/25
f 1759/3303/25 1742/3273/25 1741/3271/25 1758/3302/25
f 1760/3304/25 1743/3275/25 1742/3273/25 1759/3303/25
f 1761/3305/25 1744/3277/25 1743/3275/25 1760/3304/25
f 1762/3306/25 1745/3279/25 1744/3277/25 1761/3305/25
f 1763/3307/25 1746/3281/25 1747/3283/25 1764/3308/25
f 1765/3309/25 1748/3285/25 1749/3287/25 1766/3310/25
f 1767/3311/25 1750/3289/25 1748/3285/25 1765/3309/25
f 1768/3312/25 1751/3291/25 1750/3289/25 1767/3311/25
f 1769/3313/25 1752/3293/25 1751/3291/25 1768/3312/25
f 1770/3314/25 1753/3295/25 1752/3293/25 1769/3313/25
f 1771/3315/25 1754/3297/25 1753/3295/25 1770/3314/25
f 1772/3316/25 1755/3299/25 1754/3297/25 1771/3315/25
f 1757/3301/25 1740/3269/25 1755/3299/25 1772/3316/25
f 1766/3310/25 1749/3287/25 1746/3281/25 1763/3307/25
f 1764/3308/25 1747/3283/25 1745/3279/25 1762/3306/25
f 1617/3087/25 1756/3300/25 1757/3301/25
f 1617/3087/25 1758/3302/25 1756/3300/25
f 1617/3087/25 1759/3303/25 1758/3302/25
f 1617/3087/25 1760/3304/25 1759/3303/25
f 1617/3087/25 1761/3305/25 1760/3304/25
f 1617/3087/25 1762/3306/25 1761/3305/25
f 1617/3087/25 1763/3307/25 1764/3308/25
f 1617/3087/25 1765/3309/25 1766/3310/25
f 1617/3087/25 1767/3311/25 1765/3309/25
f 1617/3087/25 1768/3312/25 1767/3311/25
f 1617/3087/25 1769/3313/25 1768/3312/25
f 1617/3087/25 1770/3314/25 1769/3313/25
f 1617/3087/25 1771/3315/25 1770/3314/25
f 1617/3087/25 1772/3316/25 1771/3315/25
f 1617/3087/25 1757/3301/25 1772/3316/25
f 1617/3087/25 1766/3310/25 1763/3307/25
f 1617/3087/25 1764/3308/25 1762/3306/25
f 1776/3320/320 1775/3319/321 1842/3422/321 1841/3420/320
f 1778/3322/99 1777/3321/94 1833/3404/94 1832/3402/99
f 1775/3319/321 1779/3323/322 1843/3424/322 1842/3422/321
f 1781/3325/93 1780/3324/98 1834/3406/98 1835/3408/93
f 1779/3323/322 1782/3327/323 1828/3393/323 1843/3424/322
f 1784/3329/324 1783/3328/325 1836/3410/325 1837/3412/324
f 1782/3326/323 1785/3330/326 1827/3391/326 1828/3394/323
f 1780/3324/98 1784/3329/324 1837/3412/324 1834/3406/98
f 1783/3328/325 1786/3331/327 1838/3414/327 1836/3410/325
f 1785/3330/326 1787/3332/328 1829/3396/328 1827/3391/326
f 1777/3321/94 1781/3325/93 1835/3408/93 1833/3404/94
f 1786/3331/327 1788/3333/329 1839/3416/329 1838/3414/327
f 1787/3332/328 1789/3334/330 1830/3398/330 1829/3396/328
f 1788/3333/329 1790/3335/331 1840/3418/331 1839/3416/329
f 1789/3334/330 1791/3336/332 1831/3400/332 1830/3398/330
f 1790/3335/331 1776/3320/320 1841/3420/320 1840/3418/331
f 1791/3336/332 1778/3322/99 1832/3402/99 1831/3400/332
f 1899/3504/332 1900/3506/99 1778/3322/99 1791/3336/332
f 1908/3522/331 1909/3524/320 1776/3320/320 1790/3335/331
f 1898/3502/330 1899/3504/332 1791/3336/332 1789/3334/330
f 1907/3520/329 1908/3522/331 1790/3335/331 1788/3333/329
f 1897/3500/328 1898/3502/330 1789/3334/330 1787/3332/328
f 1906/3518/327 1907/3520/329 1788/3333/329 1786/3331/327
f 1901/3508/94 1903/3512/93 1781/3325/93 1777/3321/94
f 1895/3495/326 1897/3500/328 1787/3332/328 1785/3330/326
f 1904/3514/325 1906/3518/327 1786/3331/327 1783/3328/325
f 1902/3510/98 1905/3516/324 1784/3329/324 1780/3324/98
f 1896/3497/323 1895/3495/326 1785/3330/326 1782/3326/323
f 1905/3516/324 1904/3514/325 1783/3328/325 1784/3329/324
f 1911/3528/322 1896/3498/323 1782/3327/323 1779/3323/322
f 1903/3512/93 1902/3510/98 1780/3324/98 1781/3325/93
f 1910/3526/321 1911/3528/322 1779/3323/322 1775/3319/321
f 1900/3506/99 1901/3508/94 1777/3321/94 1778/3322/99
f 1909/3524/320 1910/3526/321 1775/3319/321 1776/3320/320
f 1793/3338/25 1795/3343/25 1796/3345/25 1797/3347/25 1798/3349/25 1799/3351/25 1801/3355/25 1800/3353/25 1803/3359/25 1802/3357/25 1804/3361/25 1805/3363/25 1806/3365/25 1807/3367/25 1808/3369/25 1809/3371/25 1794/3340/25
f 1811/3374/320 1810/3373/321 1808/3370/321 1807/3368/320
f 1813/3376/99 1812/3375/94 1799/3352/94 1798/3350/99
f 1810/3373/321 1814/3377/322 1809/3372/322 1808/3370/321
f 1816/3379/93 1815/3378/98 1800/3354/98 1801/3356/93
f 1814/3377/322 1817/3381/323 1794/3341/323 1809/3372/322
f 1819/3383/324 1818/3382/325 1802/3358/325 1803/3360/324
f 1817/3380/323 1820/3384/326 1793/3339/326 1794/3342/323
f 1815/3378/98 1819/3383/324 1803/3360/324 1800/3354/98
f 1818/3382/325 1821/3385/327 1804/3362/327 1802/3358/325
f 1820/3384/326 1822/3386/328 1795/3344/328 1793/3339/326
f 1812/3375/94 1816/3379/93 1801/3356/93 1799/3352/94
f 1821/3385/327 1823/3387/329 1805/3364/329 1804/3362/327
f 1822/3386/328 1824/3388/330 1796/3346/330 1795/3344/328
f 1823/3387/329 1825/3389/331 1806/3366/331 1805/3364/329
f 1824/3388/330 1826/3390/332 1797/3348/332 1796/3346/330
f 1825/3389/331 1811/3374/320 1807/3368/320 1806/3366/331
f 1826/3390/332 1813/3376/99 1798/3350/99 1797/3348/332
f 1865/3452/332 1866/3454/99 1813/3376/99 1826/3390/332
f 1874/3470/331 1875/3472/320 1811/3374/320 1825/3389/331
f 1864/3450/330 1865/3452/332 1826/3390/332 1824/3388/330
f 1873/3468/329 1874/3470/331 1825/3389/331 1823/3387/329
f 1863/3448/328 1864/3450/330 1824/3388/330 1822/3386/328
f 1872/3466/327 1873/3468/329 1823/3387/329 1821/3385/327
f 1867/3456/94 1869/3460/93 1816/3379/93 1812/3375/94
f 1861/3443/326 1863/3448/328 1822/3386/328 1820/3384/326
f 1870/3462/325 1872/3466/327 1821/3385/327 1818/3382/325
f 1868/3458/98 1871/3464/324 1819/3383/324 1815/3378/98
f 1862/3445/323 1861/3443/326 1820/3384/326 1817/3380/323
f 1871/3464/324 1870/3462/325 1818/3382/325 1819/3383/324
f 1877/3476/322 1862/3446/323 1817/3381/323 1814/3377/322
f 1869/3460/93 1868/3458/98 1815/3378/98 1816/3379/93
f 1876/3474/321 1877/3476/322 1814/3377/322 1810/3373/321
f 1866/3454/99 1867/3456/94 1812/3375/94 1813/3376/99
f 1875/3472/320 1876/3474/321 1810/3373/321 1811/3374/320
f 1845/3427/25 1828/3395/25 1827/3392/25 1844/3426/25
f 1844/3426/25 1827/3392/25 1829/3397/25 1846/3428/25
f 1846/3428/25 1829/3397/25 1830/3399/25 1847/3429/25
f 1847/3429/25 1830/3399/25 1831/3401/25 1848/3430/25
f 1848/3430/25 1831/3401/25 1832/3403/25 1849/3431/25
f 1849/3431/25 1832/3403/25 1833/3405/25 1850/3432/25
f 1852/3434/25 1835/3409/25 1834/3407/25 1851/3433/25
f 1854/3436/25 1837/3413/25 1836/3411/25 1853/3435/25
f 1853/3435/25 1836/3411/25 1838/3415/25 1855/3437/25
f 1855/3437/25 1838/3415/25 1839/3417/25 1856/3438/25
f 1856/3438/25 1839/3417/25 1840/3419/25 1857/3439/25
f 1857/3439/25 1840/3419/25 1841/3421/25 1858/3440/25
f 1858/3440/25 1841/3421/25 1842/3423/25 1859/3441/25
f 1859/3441/25 1842/3423/25 1843/3425/25 1860/3442/25
f 1860/3442/25 1843/3425/25 1828/3395/25 1845/3427/25
f 1851/3433/25 1834/3407/25 1837/3413/25 1854/3436/25
f 1850/3432/25 1833/3405/25 1835/3409/25 1852/3434/25
f 1774/3318/25 1845/3427/25 1844/3426/25
f 1774/3318/25 1844/3426/25 1846/3428/25
f 1774/3318/25 1846/3428/25 1847/3429/25
f 1774/3318/25 1847/3429/25 1848/3430/25
f 1774/3318/25 1848/3430/25 1849/3431/25
f 1774/3318/25 1849/3431/25 1850/3432/25
f 1774/3318/25 1852/3434/25 1851/3433/25
f 1774/3318/25 1854/3436/25 1853/3435/25
f 1774/3318/25 1853/3435/25 1855/3437/25
f 1774/3318/25 1855/3437/25 1856/3438/25
f 1774/3318/25 1856/3438/25 1857/3439/25
f 1774/3318/25 1857/3439/25 1858/3440/25
f 1774/3318/25 1858/3440/25 1859/3441/25
f 1774/3318/25 1859/3441/25 1860/3442/25
f 1774/3318/25 1860/3442/25 1845/3427/25
f 1774/3318/25 1851/3433/25 1854/3436/25
f 1774/3318/25 1850/3432/25 1852/3434/25
f 1878/3478/23 1861/3444/23 1862/3447/23 1879/3479/23
f 1880/3480/23 1863/3449/23 1861/3444/23 1878/3478/23
f 1881/3481/23 1864/3451/23 1863/3449/23 1880/3480/23
f 1882/3482/23 1865/3453/23 1864/3451/23 1881/3481/23
f 1883/3483/23 1866/3455/23 1865/3453/23 1882/3482/23
f 1884/3484/23 1867/3457/23 1866/3455/23 1883/3483/23
f 1885/3485/23 1868/3459/23 1869/3461/23 1886/3486/23
f 1887/3487/23 1870/3463/23 1871/3465/23 1888/3488/23
f 1889/3489/23 1872/3467/23 1870/3463/23 1887/3487/23
f 1890/3490/23 1873/3469/23 1872/3467/23 1889/3489/23
f 1891/3491/23 1874/3471/23 1873/3469/23 1890/3490/23
f 1892/3492/23 1875/3473/23 1874/3471/23 1891/3491/23
f 1893/3493/23 1876/3475/23 1875/3473/23 1892/3492/23
f 1894/3494/23 1877/3477/23 1876/3475/23 1893/3493/23
f 1879/3479/23 1862/3447/23 1877/3477/23 1894/3494/23
f 1888/3488/23 1871/3465/23 1868/3459/23 1885/3485/23
f 1886/3486/23 1869/3461/23 1867/3457/23 1884/3484/23
f 1792/3337/23 1878/3478/23 1879/3479/23
f 1792/3337/23 1880/3480/23 1878/3478/23
f 1792/3337/23 1881/3481/23 1880/3480/23
f 1792/3337/23 1882/3482/23 1881/3481/23
f 1792/3337/23 1883/3483/23 1882/3482/23
f 1792/3337/23 1884/3484/23 1883/3483/23
f 1792/3337/23 1885/3485/23 1886/3486/23
f 1792/3337/23 1887/3487/23 1888/3488/23
f 1792/3337/23 1889/3489/23 1887/3487/23
f 1792/3337/23 1890/3490/23 1889/3489/23
f 1792/3337/23 1891/3491/23 1890/3490/23
f 1792/3337/23 1892/3492/23 1891/3491/23
f 1792/3337/23 1893/3493/23 1892/3492/23
f 1792/3337/23 1894/3494/23 1893/3493/23
f 1792/3337/23 1879/3479/23 1894/3494/23
f 1792/3337/23 1888/3488/23 1885/3485/23
f 1792/3337/23 1886/3486/23 1884/3484/23
f 1912/3530/23 1895/3496/23 1896/3499/23 1913/3531/23
f 1914/3532/23 1897/3501/23 1895/3496/23 1912/3530/23
f 1915/3533/23 1898/3503/23 1897/3501/23 1914/3532/23
f 1916/3534/23 1899/3505/23 1898/3503/23 1915/3533/23
f 1917/3535/23 1900/3507/23 1899/3505/23 1916/3534/23
f 1918/3536/23 1901/3509/23 1900/3507/23 1917/3535/23
f 1919/3537/23 1902/3511/23 1903/3513/23 1920/3538/23
f 1921/3539/23 1904/3515/23 1905/3517/23 1922/3540/23
f 1923/3541/23 1906/3519/23 1904/3515/23 1921/3539/23
f 1924/3542/23 1907/3521/23 1906/3519/23 1923/3541/23
f 1925/3543/23 1908/3523/23 1907/3521/23 1924/3542/23
f 1926/3544/23 1909/3525/23 1908/3523/23 1925/3543/23
f 1927/3545/23 1910/3527/23 1909/3525/23 1926/3544/23
f 1928/3546/23 1911/3529/23 1910/3527/23 1927/3545/23
f 1913/3531/23 1896/3499/23 1911/3529/23 1928/3546/23
f 1922/3540/23 1905/3517/23 1902/3511/23 1919/3537/23
f 1920/3538/23 1903/3513/23 1901/3509/23 1918/3536/23
f 1773/3317/23 1912/3530/23 1913/3531/23
f 1773/3317/23 1914/3532/23 1912/3530/23
f 1773/3317/23 1915/3533/23 1914/3532/23
f 1773/3317/23 1916/3534/23 1915/3533/23
f 1773/3317/23 1917/3535/23 1916/3534/23
f 1773/3317/23 1918/3536/23 1917/3535/23
f 1773/3317/23 1919/3537/23 1920/3538/23
f 1773/3317/23 1921/3539/23 1922/3540/23
f 1773/3317/23 1923/3541/23 1921/3539/23
f 1773/3317/23 1924/3542/23 1923/3541/23
f 1773/3317/23 1925/3543/23 1924/3542/23
f 1773/3317/23 1926/3544/23 1925/3543/23
f 1773/3317/23 1927/3545/23 1926/3544/23
f 1773/3317/23 1928/3546/23 1927/3545/23
f 1773/3317/23 1913/3531/23 1928/3546/23
f 1773/3317/23 1922/3540/23 1919/3537/23
f 1773/3317/23 1920/3538/23 1918/3536/23
f 1932/3550/320 1997/3650/320 1998/3652/321 1931/3549/321
f 1934/3552/99 1988/3632/99 1989/3634/94 1933/3551/94
f 1931/3549/321 1998/3652/321 1999/3654/322 1935/3553/322
f 1937/3555/93 1991/3638/93 1990/3636/98 1936/3554/98
f 1935/3553/322 1999/3654/322 1984/3623/323 1938/3557/323
f 1940/3559/324 1993/3642/324 1992/3640/325 1939/3558/325
f 1938/3556/323 1984/3624/323 1983/3621/326 1941/3560/326
f 1936/3554/98 1990/3636/98 1993/3642/324 1940/3559/324
f 1939/3558/325 1992/3640/325 1994/3644/327 1942/3561/327
f 1941/3560/326 1983/3621/326 1985/3626/328 1943/3562/328
f 1933/3551/94 1989/3634/94 1991/3638/93 1937/3555/93
f 1942/3561/327 1994/3644/327 1995/3646/329 1944/3563/329
f 1943/3562/328 1985/3626/328 1986/3628/330 1945/3564/330
f 1944/3563/329 1995/3646/329 1996/3648/331 1946/3565/331
f 1945/3564/330 1986/3628/330 1987/3630/332 1947/3566/332
f 1946/3565/331 1996/3648/331 1997/3650/320 1932/3550/320
f 1947/3566/332 1987/3630/332 1988/3632/99 1934/3552/99
f 2055/3734/332 1947/3566/332 1934/3552/99 2056/3736/99
f 2064/3752/331 1946/3565/331 1932/3550/320 2065/3754/320
f 2054/3732/330 1945/3564/330 1947/3566/332 2055/3734/332
f 2063/3750/329 1944/3563/329 1946/3565/331 2064/3752/331
f 2053/3730/328 1943/3562/328 1945/3564/330 2054/3732/330
f 2062/3748/327 1942/3561/327 1944/3563/329 2063/3750/329
f 2057/3738/94 1933/3551/94 1937/3555/93 2059/3742/93
f 2051/3725/326 1941/3560/326 1943/3562/328 2053/3730/328
f 2060/3744/325 1939/3558/325 1942/3561/327 2062/3748/327
f 2058/3740/98 1936/3554/98 1940/3559/324 2061/3746/324
f 2052/3727/323 1938/3556/323 1941/3560/326 2051/3725/326
f 2061/3746/324 1940/3559/324 1939/3558/325 2060/3744/325
f 2067/3758/322 1935/3553/322 1938/3557/323 2052/3728/323
f 2059/3742/93 1937/3555/93 1936/3554/98 2058/3740/98
f 2066/3756/321 1931/3549/321 1935/3553/322 2067/3758/322
f 2056/3736/99 1934/3552/99 1933/3551/94 2057/3738/94
f 2065/3754/320 1932/3550/320 1931/3549/321 2066/3756/321
f 1949/3568/23 1950/3570/23 1965/3601/23 1964/3599/23 1963/3597/23 1962/3595/23 1961/3593/23 1960/3591/23 1958/3587/23 1959/3589/23 1956/3583/23 1957/3585/23 1955/3581/23 1954/3579/23 1953/3577/23 1952/3575/23 1951/3573/23
f 1967/3604/320 1963/3598/320 1964/3600/321 1966/3603/321
f 1969/3606/99 1954/3580/99 1955/3582/94 1968/3605/94
f 1966/3603/321 1964/3600/321 1965/3602/322 1970/3607/322
f 1972/3609/93 1957/3586/93 1956/3584/98 1971/3608/98
f 1970/3607/322 1965/3602/322 1950/3571/323 1973/3611/323
f 1975/3613/324 1959/3590/324 1958/3588/325 1974/3612/325
f 1973/3610/323 1950/3572/323 1949/3569/326 1976/3614/326
f 1971/3608/98 1956/3584/98 1959/3590/324 1975/3613/324
f 1974/3612/325 1958/3588/325 1960/3592/327 1977/3615/327
f 1976/3614/326 1949/3569/326 1951/3574/328 1978/3616/328
f 1968/3605/94 1955/3582/94 1957/3586/93 1972/3609/93
f 1977/3615/327 1960/3592/327 1961/3594/329 1979/3617/329
f 1978/3616/328 1951/3574/328 1952/3576/330 1980/3618/330
f 1979/3617/329 1961/3594/329 1962/3596/331 1981/3619/331
f 1980/3618/330 1952/3576/330 1953/3578/332 1982/3620/332
f 1981/3619/331 1962/3596/331 1963/3598/320 1967/3604/320
f 1982/3620/332 1953/3578/332 1954/3580/99 1969/3606/99
f 2021/3682/332 1982/3620/332 1969/3606/99 2022/3684/99
f 2030/3700/331 1981/3619/331 1967/3604/320 2031/3702/320
f 2020/3680/330 1980/3618/330 1982/3620/332 2021/3682/332
f 2029/3698/329 1979/3617/329 1981/3619/331 2030/3700/331
f 2019/3678/328 1978/3616/328 1980/3618/330 2020/3680/330
f 2028/3696/327 1977/3615/327 1979/3617/329 2029/3698/329
f 2023/3686/94 1968/3605/94 1972/3609/93 2025/3690/93
f 2017/3673/326 1976/3614/326 1978/3616/328 2019/3678/328
f 2026/3692/325 1974/3612/325 1977/3615/327 2028/3696/327
f 2024/3688/98 1971/3608/98 1975/3613/324 2027/3694/324
f 2018/3675/323 1973/3610/323 1976/3614/326 2017/3673/326
f 2027/3694/324 1975/3613/324 1974/3612/325 2026/3692/325
f 2033/3706/322 1970/3607/322 1973/3611/323 2018/3676/323
f 2025/3690/93 1972/3609/93 1971/3608/98 2024/3688/98
f 2032/3704/321 1966/3603/321 1970/3607/322 2033/3706/322
f 2022/3684/99 1969/3606/99 1968/3605/94 2023/3686/94
f 2031/3702/320 1967/3604/320 1966/3603/321 2032/3704/321
f 2001/3657/23 2000/3656/23 1983/3622/23 1984/3625/23
f 2000/3656/23 2002/3658/23 1985/3627/23 1983/3622/23
f 2002/3658/23 2003/3659/23 1986/3629/23 1985/3627/23
f 2003/3659/23 2004/3660/23 1987/3631/23 1986/3629/23
f 2004/3660/23 2005/3661/23 1988/3633/23 1987/3631/23
f 2005/3661/23 2006/3662/23 1989/3635/23 1988/3633/23
f 2008/3664/23 2007/3663/23 1990/3637/23 1991/3639/23
f 2010/3666/23 2009/3665/23 1992/3641/23 1993/3643/23
f 2009/3665/23 2011/3667/23 1994/3645/23 1992/3641/23
f 2011/3667/23 2012/3668/23 1995/3647/23 1994/3645/23
f 2012/3668/23 2013/3669/23 1996/3649/23 1995/3647/23
f 2013/3669/23 2014/3670/23 1997/3651/23 1996/3649/23
f 2014/3670/23 2015/3671/23 1998/3653/23 1997/3651/23
f 2015/3671/23 2016/3672/23 1999/3655/23 1998/3653/23
f 2016/3672/23 2001/3657/23 1984/3625/23 1999/3655/23
f 2007/3663/23 2010/3666/23 1993/3643/23 1990/3637/23
f 2006/3662/23 2008/3664/23 1991/3639/23 1989/3635/23
f 1930/3548/23 2000/3656/23 2001/3657/23
f 1930/3548/23 2002/3658/23 2000/3656/23
f 1930/3548/23 2003/3659/23 2002/3658/23
f 1930/3548/23 2004/3660/23 2003/3659/23
f 1930/3548/23 2005/3661/23 2004/3660/23
f 1930/3548/23 2006/3662/23 2005/3661/23
f 1930/3548/23 2007/3663/23 2008/3664/23
f 1930/3548/23 2009/3665/23 2010/3666/23
f 1930/3548/23 2011/3667/23 2009/3665/23
f 1930/3548/23 2012/3668/23 2011/3667/23
f 1930/3548/23 2013/3669/23 2012/3668/23
f 1930/3548/23 2014/3670/23 2013/3669/23
f 1930/3548/23 2015/3671/23 2014/3670/23
f 1930/3548/23 2016/3672/23 2015/3671/23
f 1930/3548/23 2001/3657/23 2016/3672/23
f 1930/3548/23 2010/3666/23 2007/3663/23
f 1930/3548/23 2008/3664/23 2006/3662/23
f 2034/3708/25 2035/3709/25 2018/3677/25 2017/3674/25
f 2036/3710/25 2034/3708/25 2017/3674/25 2019/3679/25
f 2037/3711/25 2036/3710/25 2019/3679/25 2020/3681/25
f 2038/3712/25 2037/3711/25 2020/3681/25 2021/3683/25
f 2039/3713/25 2038/3712/25 2021/3683/25 2022/3685/25
f 2040/3714/25 2039/3713/25 2022/3685/25 2023/3687/25
f 2041/3715/25 2042/3716/25 2025/3691/25 2024/3689/25
f 2043/3717/25 2044/3718/25 2027/3695/25 2026/3693/25
f 2045/3719/25 2043/3717/25 2026/3693/25 2028/3697/25
f 2046/3720/25 2045/3719/25 2028/3697/25 2029/3699/25
f 2047/3721/25 2046/3720/25 2029/3699/25 2030/3701/25
f 2048/3722/25 2047/3721/25 2030/3701/25 2031/3703/25
f 2049/3723/25 2048/3722/25 2031/3703/25 2032/3705/25
f 2050/3724/25 2049/3723/25 2032/3705/25 2033/3707/25
f 2035/3709/25 2050/3724/25 2033/3707/25 2018/3677/25
f 2044/3718/25 2041/3715/25 2024/3689/25 2027/3695/25
f 2042/3716/25 2040/3714/25 2023/3687/25 2025/3691/25
f 1948/3567/25 2035/3709/25 2034/3708/25
f 1948/3567/25 2034/3708/25 2036/3710/25
f 1948/3567/25 2036/3710/25 2037/3711/25
f 1948/3567/25 2037/3711/25 2038/3712/25
f 1948/3567/25 2038/3712/25 2039/3713/25
f 1948/3567/25 2039/3713/25 2040/3714/25
f 1948/3567/25 2042/3716/25 2041/3715/25
f 1948/3567/25 2044/3718/25 2043/3717/25
f 1948/3567/25 2043/3717/25 2045/3719/25
f 1948/3567/25 2045/3719/25 2046/3720/25
f 1948/3567/25 2046/3720/25 2047/3721/25
f 1948/3567/25 2047/3721/25 2048/3722/25
f 1948/3567/25 2048/3722/25 2049/3723/25
f 1948/3567/25 2049/3723/25 2050/3724/25
f 1948/3567/25 2050/3724/25 2035/3709/25
f 1948/3567/25 2041/3715/25 2044/3718/25
f 1948/3567/25 2040/3714/25 2042/3716/25
f 2068/3760/25 2069/3761/25 2052/3729/25 2051/3726/25
f 2070/3762/25 2068/3760/25 2051/3726/25 2053/3731/25
f 2071/3763/25 2070/3762/25 2053/3731/25 2054/3733/25
f 2072/3764/25 2071/3763/25 2054/3733/25 2055/3735/25
f 2073/3765/25 2072/3764/25 2055/3735/25 2056/3737/25
f 2074/3766/25 2073/3765/25 2056/3737/25 2057/3739/25
f 2075/3767/25 2076/3768/25 2059/3743/25 2058/3741/25
f 2077/3769/25 2078/3770/25 2061/3747/25 2060/3745/25
f 2079/3771/25 2077/3769/25 2060/3745/25 2062/3749/25
f 2080/3772/25 2079/3771/25 2062/3749/25 2063/3751/25
f 2081/3773/25 2080/3772/25 2063/3751/25 2064/3753/25
f 2082/3774/25 2081/3773/25 2064/3753/25 2065/3755/25
f 2083/3775/25 2082/3774/25 2065/3755/25 2066/3757/25
f 2084/3776/25 2083/3775/25 2066/3757/25 2067/3759/25
f 2069/3761/25 2084/3776/25 2067/3759/25 2052/3729/25
f 2078/3770/25 2075/3767/25 2058/3741/25 2061/3747/25
f 2076/3768/25 2074/3766/25 2057/3739/25 2059/3743/25
f 1929/3547/25 2069/3761/25 2068/3760/25
f 1929/3547/25 2068/3760/25 2070/3762/25
f 1929/3547/25 2070/3762/25 2071/3763/25
f 1929/3547/25 2071/3763/25 2072/3764/25
f 1929/3547/25 2072/3764/25 2073/3765/25
f 1929/3547/25 2073/3765/25 2074/3766/25
f 1929/3547/25 2076/3768/25 2075/3767/25
f 1929/3547/25 2078/3770/25 2077/3769/25
f 1929/3547/25 2077/3769/25 2079/3771/25
f 1929/3547/25 2079/3771/25 2080/3772/25
f 1929/3547/25 2080/3772/25 2081/3773/25
f 1929/3547/25 2081/3773/25 2082/3774/25
f 1929/3547/25 2082/3774/25 2083/3775/25
f 1929/3547/25 2083/3775/25 2084/3776/25
f 1929/3547/25 2084/3776/25 2069/3761/25
f 1929/3547/25 2075/3767/25 2078/3770/25
f 1929/3547/25 2074/3766/25 2076/3768/25
f 2196/3916/1 2195/3913/1 2127/3822/1 2129/3826/1
f 2226/3951/307 2097/3790/307 2098/3791/318 2222/3947/318
f 2227/3952/24 2089/3782/24 2090/3783/319 2223/3948/319
f 2228/3953/308 2096/3789/308 2097/3790/307 2226/3951/307
f 2229/3954/18 2088/3781/18 2089/3782/24 2227/3952/24
f 2230/3955/309 2094/3787/309 2096/3789/308 2228/3953/308
f 2231/3956/22 2086/3778/22 2102/3795/17 2224/3949/17
f 2232/3958/310 2087/3779/310 2094/3787/309 2230/3955/309
f 2233/3959/312 2101/3794/312 2095/3788/311 2225/3950/311
f 2234/3960/313 2093/3786/313 2087/3780/310 2232/3957/310
f 2225/3950/311 2095/3788/311 2086/3778/22 2231/3956/22
f 2235/3961/314 2100/3793/314 2101/3794/312 2233/3959/312
f 2236/3962/315 2092/3785/315 2093/3786/313 2234/3960/313
f 2224/3949/17 2102/3795/17 2088/3781/18 2229/3954/18
f 2237/3963/316 2099/3792/316 2100/3793/314 2235/3961/314
f 2238/3964/317 2091/3784/317 2092/3785/315 2236/3962/315
f 2222/3947/318 2098/3791/318 2099/3792/316 2237/3963/316
f 2157/3858/315 2145/3843/315 2143/3841/333 2155/3856/334
f 2159/3861/317 2147/3845/317 2145/3843/315 2157/3858/315
f 2161/3864/319 2149/3847/319 2147/3845/317 2159/3861/317
f 2163/3867/24 2138/3836/24 2149/3847/319 2161/3864/319
f 2165/3870/18 2140/3838/18 2138/3836/24 2163/3867/24
f 2166/3872/17 2150/3848/17 2140/3838/18 2165/3870/18
f 2170/3878/311 2151/3849/311 2141/3839/22 2169/3876/22
f 2175/3885/314 2144/3842/314 2142/3840/312 2173/3882/312
f 2177/3888/316 2146/3844/316 2144/3842/314 2175/3885/314
f 2179/3891/318 2148/3846/318 2146/3844/316 2177/3888/316
f 2181/3894/307 2137/3835/307 2148/3846/318 2179/3891/318
f 2183/3897/335 2139/3837/336 2137/3835/307 2181/3894/307
f 2185/3900/337 2204/3928/338 2139/3837/336 2183/3897/335
f 2152/3850/339 2203/3927/340 2204/3928/338 2185/3900/337
f 2173/3882/312 2142/3840/312 2151/3849/311 2170/3878/311
f 2169/3876/22 2141/3839/22 2150/3848/17 2166/3872/17
f 2085/3777/25 2104/3797/25 2103/3796/25
f 2085/3777/25 2105/3798/25 2104/3797/25
f 2085/3777/25 2106/3799/25 2105/3798/25
f 2085/3777/25 2107/3800/25 2106/3799/25
f 2085/3777/25 2108/3801/25 2107/3800/25
f 2085/3777/25 2109/3802/25 2108/3801/25
f 2085/3777/25 2111/3804/25 2110/3803/25
f 2085/3777/25 2113/3806/25 2112/3805/25
f 2085/3777/25 2114/3807/25 2113/3806/25
f 2085/3777/25 2115/3808/25 2114/3807/25
f 2085/3777/25 2116/3809/25 2115/3808/25
f 2085/3777/25 2117/3810/25 2116/3809/25
f 2085/3777/25 2118/3811/25 2117/3810/25
f 2085/3777/25 2119/3812/25 2118/3811/25
f 2085/3777/25 2103/3796/25 2119/3812/25
f 2085/3777/25 2112/3805/25 2111/3804/25
f 2085/3777/25 2110/3803/25 2109/3802/25
f 2148/3846/318 2121/3814/318 2135/3833/316 2146/3844/316
f 2147/3845/317 2136/3834/317 2134/3832/315 2145/3843/315
f 2146/3844/316 2135/3833/316 2133/3831/314 2144/3842/314
f 2150/3848/17 2128/3823/17 2125/3818/18 2140/3838/18
f 2145/3843/315 2134/3832/315 2132/3830/341 2143/3841/333
f 2144/3842/314 2133/3831/314 2130/3827/312 2142/3840/312
f 2151/3849/311 2131/3828/342 2127/3821/343 2141/3839/22
f 2143/3841/333 2132/3830/341 2129/3824/344 2203/3926/340
f 2142/3840/312 2130/3827/312 2131/3828/342 2151/3849/311
f 2141/3839/22 2127/3821/343 2128/3823/17 2150/3848/17
f 2124/3817/345 2139/3837/336 2204/3928/338 2126/3819/346
f 2140/3838/18 2125/3818/18 2122/3815/24 2138/3836/24
f 2139/3837/336 2124/3817/345 2120/3813/307 2137/3835/307
f 2138/3836/24 2122/3815/24 2123/3816/319 2149/3847/319
f 2116/3809/25 2117/3810/25 2180/3893/219 2178/3890/219
f 2107/3800/25 2108/3801/25 2162/3866/217 2160/3863/217
f 2117/3810/25 2118/3811/25 2182/3896/218 2180/3893/219
f 2108/3801/25 2109/3802/25 2164/3869/217 2162/3866/217
f 2118/3811/25 2119/3812/25 2184/3899/218 2182/3896/218
f 2110/3803/25 2111/3804/25 2168/3875/216 2167/3874/216
f 2103/3796/25 2104/3797/25 2154/3854/218 2153/3853/218
f 2112/3805/25 2113/3806/25 2172/3881/216 2171/3880/216
f 2119/3812/25 2103/3796/25 2153/3853/218 2184/3899/218
f 2111/3804/25 2112/3805/25 2171/3880/216 2168/3875/216
f 2113/3806/25 2114/3807/25 2174/3884/219 2172/3881/216
f 2104/3797/25 2105/3798/25 2156/3857/217 2154/3854/218
f 2109/3802/25 2110/3803/25 2167/3874/216 2164/3869/217
f 2114/3807/25 2115/3808/25 2176/3887/219 2174/3884/219
f 2105/3798/25 2106/3799/25 2158/3860/217 2156/3857/217
f 2115/3808/25 2116/3809/25 2178/3890/219 2176/3887/219
f 2106/3799/25 2107/3800/25 2160/3863/217 2158/3860/217
f 2153/3853/347 2154/3854/348 2155/3855/348 2152/3851/347
f 2154/3854/348 2156/3857/349 2157/3859/349 2155/3855/348
f 2156/3857/349 2158/3860/350 2159/3862/350 2157/3859/349
f 2158/3860/350 2160/3863/351 2161/3865/351 2159/3862/350
f 2160/3863/351 2162/3866/352 2163/3868/352 2161/3865/351
f 2162/3866/352 2164/3869/353 2165/3871/353 2163/3868/352
f 2167/3874/354 2168/3875/355 2169/3877/355 2166/3873/354
f 2171/3880/356 2172/3881/357 2173/3883/357 2170/3879/356
f 2172/3881/357 2174/3884/358 2175/3886/358 2173/3883/357
f 2174/3884/358 2176/3887/359 2177/3889/359 2175/3886/358
f 2176/3887/359 2178/3890/360 2179/3892/360 2177/3889/359
f 2178/3890/360 2180/3893/361 2181/3895/361 2179/3892/360
f 2180/3893/361 2182/3896/362 2183/3898/362 2181/3895/361
f 2182/3896/362 2184/3899/363 2185/3901/363 2183/3898/362
f 2184/3899/363 2153/3853/347 2152/3851/347 2185/3901/363
f 2168/3875/355 2171/3880/356 2170/3879/356 2169/3877/355
f 2164/3869/353 2167/3874/354 2166/3873/354 2165/3871/353
f 2155/3856/334 2143/3841/333 2203/3926/340 2152/3852/339
f 2137/3835/307 2120/3813/307 2121/3814/318 2148/3846/318
f 2120/3813/307 2190/3907/307 2186/3902/318 2121/3814/318
f 2123/3816/319 2187/3903/319 2202/3925/317 2136/3834/317
f 2136/3834/317 2202/3925/317 2200/3923/315 2134/3832/315
f 2128/3823/17 2188/3904/17 2193/3910/18 2125/3818/18
f 2121/3814/318 2186/3902/318 2201/3924/316 2135/3833/316
f 2134/3832/315 2200/3923/315 2198/3921/313 2132/3830/341
f 2135/3833/316 2201/3924/316 2199/3922/314 2133/3831/314
f 2127/3821/343 2195/3915/343 2188/3904/17 2128/3823/17
f 2133/3831/314 2199/3922/314 2197/3920/312 2130/3827/312
f 2132/3830/341 2198/3921/313 2196/3918/364 2129/3824/344
f 2130/3827/312 2197/3920/312 2189/3906/342 2131/3828/342
f 2126/3819/346 2194/3912/365 2192/3909/308 2124/3817/345
f 2149/3847/319 2123/3816/319 2136/3834/317 2147/3845/317
f 2125/3818/18 2193/3910/18 2191/3908/24 2122/3815/24
f 2203/3927/340 2129/3825/344 2126/3819/346 2204/3928/338
f 2122/3815/24 2191/3908/24 2187/3903/319 2123/3816/319
f 2124/3817/345 2192/3909/308 2190/3907/307 2120/3813/307
f 2194/3911/25 2189/3905/25 2195/3914/25 2196/3917/25
f 2129/3826/23 2127/3822/23 2131/3829/23 2126/3820/23
f 2126/3820/319 2131/3829/319 2189/3905/319 2194/3911/319
f 2223/3948/319 2090/3783/319 2091/3784/317 2238/3964/317
f 2187/3903/319 2206/3930/319 2221/3946/317 2202/3925/317
f 2186/3902/318 2205/3929/318 2220/3945/316 2201/3924/316
f 2202/3925/317 2221/3946/317 2219/3944/315 2200/3923/315
f 2201/3924/316 2220/3945/316 2218/3943/314 2199/3922/314
f 2188/3904/17 2207/3931/17 2212/3936/18 2193/3910/18
f 2200/3923/315 2219/3944/315 2217/3942/313 2198/3921/313
f 2199/3922/314 2218/3943/314 2216/3941/312 2197/3920/312
f 2189/3906/342 2208/3932/311 2214/3938/22 2195/3915/343
f 2198/3921/313 2217/3942/313 2215/3939/310 2196/3918/364
f 2197/3920/312 2216/3941/312 2208/3932/311 2189/3906/342
f 2196/3919/364 2215/3940/310 2213/3937/309 2194/3912/365
f 2195/3915/343 2214/3938/22 2207/3931/17 2188/3904/17
f 2194/3912/365 2213/3937/309 2211/3935/308 2192/3909/308
f 2193/3910/18 2212/3936/18 2210/3934/24 2191/3908/24
f 2192/3909/308 2211/3935/308 2209/3933/307 2190/3907/307
f 2191/3908/24 2210/3934/24 2206/3930/319 2187/3903/319
f 2190/3907/307 2209/3933/307 2205/3929/318 2186/3902/318
f 2206/3930/319 2223/3948/319 2238/3964/317 2221/3946/317
f 2205/3929/318 2222/3947/318 2237/3963/316 2220/3945/316
f 2221/3946/317 2238/3964/317 2236/3962/315 2219/3944/315
f 2220/3945/316 2237/3963/316 2235/3961/314 2218/3943/314
f 2207/3931/17 2224/3949/17 2229/3954/18 2212/3936/18
f 2219/3944/315 2236/3962/315 2234/3960/313 2217/3942/313
f 2218/3943/314 2235/3961/314 2233/3959/312 2216/3941/312
f 2208/3932/311 2225/3950/311 2231/3956/22 2214/3938/22
f 2217/3942/313 2234/3960/313 2232/3957/310 2215/3939/310
f 2216/3941/312 2233/3959/312 2225/3950/311 2208/3932/311
f 2215/3940/310 2232/3958/310 2230/3955/309 2213/3937/309
f 2214/3938/22 2231/3956/22 2224/3949/17 2207/3931/17
f 2213/3937/309 2230/3955/309 2228/3953/308 2211/3935/308
f 2212/3936/18 2229/3954/18 2227/3952/24 2210/3934/24
f 2211/3935/308 2228/3953/308 2226/3951/307 2209/3933/307
f 2210/3934/24 2227/3952/24 2223/3948/319 2206/3930/319
f 2209/3933/307 2226/3951/307 2222/3947/318 2205/3929/318
f 2333/4086/1 2266/3996/1 2264/3992/1 2332/4083/1
f 2363/4121/307 2359/4117/318 2098/3791/318 2097/3790/307
f 2364/4122/24 2360/4118/319 2090/3783/319 2089/3782/24
f 2365/4123/308 2363/4121/307 2097/3790/307 2096/3789/308
f 2366/4124/18 2364/4122/24 2089/3782/24 2088/3781/18
f 2367/4125/309 2365/4123/308 2096/3789/308 2094/3787/309
f 2368/4126/22 2361/4119/17 2102/3795/17 2086/3778/22
f 2369/4128/310 2367/4125/309 2094/3787/309 2087/3779/310
f 2370/4129/312 2362/4120/311 2095/3788/311 2101/3794/312
f 2371/4130/313 2369/4127/310 2087/3780/310 2093/3786/313
f 2362/4120/311 2368/4126/22 2086/3778/22 2095/3788/311
f 2372/4131/314 2370/4129/312 2101/3794/312 2100/3793/314
f 2373/4132/315 2371/4130/313 2093/3786/313 2092/3785/315
f 2361/4119/17 2366/4124/18 2088/3781/18 2102/3795/17
f 2374/4133/316 2372/4131/314 2100/3793/314 2099/3792/316
f 2375/4134/317 2373/4132/315 2092/3785/315 2091/3784/317
f 2359/4117/318 2374/4133/316 2099/3792/316 2098/3791/318
f 2294/4028/315 2292/4026/366 2280/4011/367 2282/4013/315
f 2296/4031/317 2294/4028/315 2282/4013/315 2284/4015/317
f 2298/4034/319 2296/4031/317 2284/4015/317 2286/4017/319
f 2300/4037/24 2298/4034/319 2286/4017/319 2275/4006/24
f 2302/4040/18 2300/4037/24 2275/4006/24 2277/4008/18
f 2303/4042/17 2302/4040/18 2277/4008/18 2287/4018/17
f 2307/4048/311 2306/4046/22 2278/4009/22 2288/4019/311
f 2312/4055/314 2310/4052/312 2279/4010/312 2281/4012/314
f 2314/4058/316 2312/4055/314 2281/4012/314 2283/4014/316
f 2316/4061/318 2314/4058/316 2283/4014/316 2285/4016/318
f 2318/4064/307 2316/4061/318 2285/4016/318 2274/4005/307
f 2320/4067/368 2318/4064/307 2274/4005/307 2276/4007/369
f 2322/4070/370 2320/4067/368 2276/4007/369 2341/4098/371
f 2289/4020/372 2322/4070/370 2341/4098/371 2340/4097/373
f 2310/4052/312 2307/4048/311 2288/4019/311 2279/4010/312
f 2306/4046/22 2303/4042/17 2287/4018/17 2278/4009/22
f 2239/3965/23 2240/3966/23 2241/3967/23
f 2239/3965/23 2241/3967/23 2242/3968/23
f 2239/3965/23 2242/3968/23 2243/3969/23
f 2239/3965/23 2243/3969/23 2244/3970/23
f 2239/3965/23 2244/3970/23 2245/3971/23
f 2239/3965/23 2245/3971/23 2246/3972/23
f 2239/3965/23 2247/3973/23 2248/3974/23
f 2239/3965/23 2249/3975/23 2250/3976/23
f 2239/3965/23 2250/3976/23 2251/3977/23
f 2239/3965/23 2251/3977/23 2252/3978/23
f 2239/3965/23 2252/3978/23 2253/3979/23
f 2239/3965/23 2253/3979/23 2254/3980/23
f 2239/3965/23 2254/3980/23 2255/3981/23
f 2239/3965/23 2255/3981/23 2256/3982/23
f 2239/3965/23 2256/3982/23 2240/3966/23
f 2239/3965/23 2248/3974/23 2249/3975/23
f 2239/3965/23 2246/3972/23 2247/3973/23
f 2285/4016/318 2283/4014/316 2272/4003/316 2258/3984/318
f 2284/4015/317 2282/4013/315 2271/4002/315 2273/4004/317
f 2283/4014/316 2281/4012/314 2270/4001/314 2272/4003/316
f 2287/4018/17 2277/4008/18 2262/3988/18 2265/3993/17
f 2282/4013/315 2280/4011/367 2269/4000/374 2271/4002/315
f 2281/4012/314 2279/4010/312 2267/3997/312 2270/4001/314
f 2288/4019/311 2278/4009/22 2264/3991/343 2268/3998/342
f 2280/4011/367 2340/4096/373 2266/3994/375 2269/4000/374
f 2279/4010/312 2288/4019/311 2268/3998/342 2267/3997/312
f 2278/4009/22 2287/4018/17 2265/3993/17 2264/3991/343
f 2261/3987/376 2263/3989/377 2341/4098/371 2276/4007/369
f 2277/4008/18 2275/4006/24 2259/3985/24 2262/3988/18
f 2276/4007/369 2274/4005/307 2257/3983/307 2261/3987/376
f 2275/4006/24 2286/4017/319 2260/3986/319 2259/3985/24
f 2253/3979/23 2315/4060/209 2317/4063/209 2254/3980/23
f 2244/3970/23 2297/4033/198 2299/4036/198 2245/3971/23
f 2254/3980/23 2317/4063/209 2319/4066/204 2255/3981/23
f 2245/3971/23 2299/4036/198 2301/4039/198 2246/3972/23
f 2255/3981/23 2319/4066/204 2321/4069/204 2256/3982/23
f 2247/3973/23 2304/4044/193 2305/4045/193 2248/3974/23
f 2240/3966/23 2290/4023/204 2291/4024/204 2241/3967/23
f 2249/3975/23 2308/4050/193 2309/4051/193 2250/3976/23
f 2256/3982/23 2321/4069/204 2290/4023/204 2240/3966/23
f 2248/3974/23 2305/4045/193 2308/4050/193 2249/3975/23
f 2250/3976/23 2309/4051/193 2311/4054/209 2251/3977/23
f 2241/3967/23 2291/4024/204 2293/4027/198 2242/3968/23
f 2246/3972/23 2301/4039/198 2304/4044/193 2247/3973/23
f 2251/3977/23 2311/4054/209 2313/4057/209 2252/3978/23
f 2242/3968/23 2293/4027/198 2295/4030/198 2243/3969/23
f 2252/3978/23 2313/4057/209 2315/4060/209 2253/3979/23
f 2243/3969/23 2295/4030/198 2297/4033/198 2244/3970/23
f 2290/4023/378 2289/4021/378 2292/4025/379 2291/4024/379
f 2291/4024/379 2292/4025/379 2294/4029/380 2293/4027/380
f 2293/4027/380 2294/4029/380 2296/4032/381 2295/4030/381
f 2295/4030/381 2296/4032/381 2298/4035/382 2297/4033/382
f 2297/4033/382 2298/4035/382 2300/4038/383 2299/4036/383
f 2299/4036/383 2300/4038/383 2302/4041/384 2301/4039/384
f 2304/4044/385 2303/4043/385 2306/4047/386 2305/4045/386
f 2308/4050/387 2307/4049/387 2310/4053/388 2309/4051/388
f 2309/4051/388 2310/4053/388 2312/4056/389 2311/4054/389
f 2311/4054/389 2312/4056/389 2314/4059/390 2313/4057/390
f 2313/4057/390 2314/4059/390 2316/4062/391 2315/4060/391
f 2315/4060/391 2316/4062/391 2318/4065/392 2317/4063/392
f 2317/4063/392 2318/4065/392 2320/4068/393 2319/4066/393
f 2319/4066/393 2320/4068/393 2322/4071/394 2321/4069/394
f 2321/4069/394 2322/4071/394 2289/4021/378 2290/4023/378
f 2305/4045/386 2306/4047/386 2307/4049/387 2308/4050/387
f 2301/4039/384 2302/4041/384 2303/4043/385 2304/4044/385
f 2292/4026/366 2289/4022/372 2340/4096/373 2280/4011/367
f 2274/4005/307 2285/4016/318 2258/3984/318 2257/3983/307
f 2257/3983/307 2258/3984/318 2323/4072/318 2327/4077/307
f 2260/3986/319 2273/4004/317 2339/4095/317 2324/4073/319
f 2273/4004/317 2271/4002/315 2337/4093/315 2339/4095/317
f 2265/3993/17 2262/3988/18 2330/4080/18 2325/4074/17
f 2258/3984/318 2272/4003/316 2338/4094/316 2323/4072/318
f 2271/4002/315 2269/4000/374 2335/4091/313 2337/4093/315
f 2272/4003/316 2270/4001/314 2336/4092/314 2338/4094/316
f 2264/3991/343 2265/3993/17 2325/4074/17 2332/4085/343
f 2270/4001/314 2267/3997/312 2334/4090/312 2336/4092/314
f 2269/4000/374 2266/3994/375 2333/4088/364 2335/4091/313
f 2267/3997/312 2268/3998/342 2326/4076/342 2334/4090/312
f 2263/3989/377 2261/3987/376 2329/4079/308 2331/4082/365
f 2286/4017/319 2284/4015/317 2273/4004/317 2260/3986/319
f 2262/3988/18 2259/3985/24 2328/4078/24 2330/4080/18
f 2340/4097/373 2341/4098/371 2263/3989/377 2266/3995/375
f 2259/3985/24 2260/3986/319 2324/4073/319 2328/4078/24
f 2261/3987/376 2257/3983/307 2327/4077/307 2329/4079/308
f 2331/4081/23 2333/4087/23 2332/4084/23 2326/4075/23
f 2266/3996/25 2263/3990/25 2268/3999/25 2264/3992/25
f 2263/3990/319 2331/4081/319 2326/4075/319 2268/3999/319
f 2360/4118/319 2375/4134/317 2091/3784/317 2090/3783/319
f 2324/4073/319 2339/4095/317 2358/4116/317 2343/4100/319
f 2323/4072/318 2338/4094/316 2357/4115/316 2342/4099/318
f 2339/4095/317 2337/4093/315 2356/4114/315 2358/4116/317
f 2338/4094/316 2336/4092/314 2355/4113/314 2357/4115/316
f 2325/4074/17 2330/4080/18 2349/4106/18 2344/4101/17
f 2337/4093/315 2335/4091/313 2354/4112/313 2356/4114/315
f 2336/4092/314 2334/4090/312 2353/4111/312 2355/4113/314
f 2326/4076/342 2332/4085/343 2351/4108/22 2345/4102/311
f 2335/4091/313 2333/4088/364 2352/4109/310 2354/4112/313
f 2334/4090/312 2326/4076/342 2345/4102/311 2353/4111/312
f 2333/4089/364 2331/4082/365 2350/4107/309 2352/4110/310
f 2332/4085/343 2325/4074/17 2344/4101/17 2351/4108/22
f 2331/4082/365 2329/4079/308 2348/4105/308 2350/4107/309
f 2330/4080/18 2328/4078/24 2347/4104/24 2349/4106/18
f 2329/4079/308 2327/4077/307 2346/4103/307 2348/4105/308
f 2328/4078/24 2324/4073/319 2343/4100/319 2347/4104/24
f 2327/4077/307 2323/4072/318 2342/4099/318 2346/4103/307
f 2343/4100/319 2358/4116/317 2375/4134/317 2360/4118/319
f 2342/4099/318 2357/4115/316 2374/4133/316 2359/4117/318
f 2358/4116/317 2356/4114/315 2373/4132/315 2375/4134/317
f 2357/4115/316 2355/4113/314 2372/4131/314 2374/4133/316
f 2344/4101/17 2349/4106/18 2366/4124/18 2361/4119/17
f 2356/4114/315 2354/4112/313 2371/4130/313 2373/4132/315
f 2355/4113/314 2353/4111/312 2370/4129/312 2372/4131/314
f 2345/4102/311 2351/4108/22 2368/4126/22 2362/4120/311
f 2354/4112/313 2352/4109/310 2369/4127/310 2371/4130/313
f 2353/4111/312 2345/4102/311 2362/4120/311 2370/4129/312
f 2352/4110/310 2350/4107/309 2367/4125/309 2369/4128/310
f 2351/4108/22 2344/4101/17 2361/4119/17 2368/4126/22
f 2350/4107/309 2348/4105/308 2365/4123/308 2367/4125/309
f 2349/4106/18 2347/4104/24 2364/4122/24 2366/4124/18
f 2348/4105/308 2346/4103/307 2363/4121/307 2365/4123/308
f 2347/4104/24 2343/4100/319 2360/4118/319 2364/4122/24
f 2346/4103/307 2342/4099/318 2359/4117/318 2363/4121/307
f 2487/4274/77 2420/4184/77 2418/4180/77 2486/4271/77
f 2517/4309/320 2513/4305/331 2389/4149/331 2388/4148/320
f 2518/4310/99 2514/4306/332 2381/4141/332 2380/4140/99
f 2519/4311/321 2517/4309/320 2388/4148/320 2387/4147/321
f 2520/4312/94 2518/4310/99 2380/4140/99 2379/4139/94
f 2521/4313/322 2519/4311/321 2387/4147/321 2385/4145/322
f 2522/4314/98 2515/4307/93 2393/4153/93 2377/4136/98
f 2523/4316/323 2521/4313/322 2385/4145/322 2378/4137/323
f 2524/4317/325 2516/4308/324 2386/4146/324 2392/4152/325
f 2525/4318/326 2523/4315/323 2378/4138/323 2384/4144/326
f 2516/4308/324 2522/4314/98 2377/4136/98 2386/4146/324
f 2526/4319/327 2524/4317/325 2392/4152/325 2391/4151/327
f 2527/4320/328 2525/4318/326 2384/4144/326 2383/4143/328
f 2515/4307/93 2520/4312/94 2379/4139/94 2393/4153/93
f 2528/4321/329 2526/4319/327 2391/4151/327 2390/4150/329
f 2529/4322/330 2527/4320/328 2383/4143/328 2382/4142/330
f 2513/4305/331 2528/4321/329 2390/4150/329 2389/4149/331
f 2448/4216/328 2446/4214/395 2434/4199/396 2436/4201/328
f 2450/4219/330 2448/4216/328 2436/4201/328 2438/4203/330
f 2452/4222/332 2450/4219/330 2438/4203/330 2440/4205/332
f 2454/4225/99 2452/4222/332 2440/4205/332 2429/4194/99
f 2456/4228/94 2454/4225/99 2429/4194/99 2431/4196/94
f 2457/4230/93 2456/4228/94 2431/4196/94 2441/4206/93
f 2461/4236/324 2460/4234/98 2432/4197/98 2442/4207/324
f 2466/4243/327 2464/4240/325 2433/4198/325 2435/4200/327
f 2468/4246/329 2466/4243/327 2435/4200/327 2437/4202/329
f 2470/4249/331 2468/4246/329 2437/4202/329 2439/4204/331
f 2472/4252/320 2470/4249/331 2439/4204/331 2428/4193/320
f 2474/4255/397 2472/4252/320 2428/4193/320 2430/4195/398
f 2476/4258/399 2474/4255/397 2430/4195/398 2495/4286/400
f 2443/4208/401 2476/4258/399 2495/4286/400 2494/4285/402
f 2464/4240/325 2461/4236/324 2442/4207/324 2433/4198/325
f 2460/4234/98 2457/4230/93 2441/4206/93 2432/4197/98
f 2376/4135/25 2394/4154/25 2395/4155/25
f 2376/4135/25 2395/4155/25 2396/4156/25
f 2376/4135/25 2396/4156/25 2397/4157/25
f 2376/4135/25 2397/4157/25 2398/4158/25
f 2376/4135/25 2398/4158/25 2399/4159/25
f 2376/4135/25 2399/4159/25 2400/4160/25
f 2376/4135/25 2401/4161/25 2402/4162/25
f 2376/4135/25 2403/4163/25 2404/4164/25
f 2376/4135/25 2404/4164/25 2405/4165/25
f 2376/4135/25 2405/4165/25 2406/4166/25
f 2376/4135/25 2406/4166/25 2407/4167/25
f 2376/4135/25 2407/4167/25 2408/4168/25
f 2376/4135/25 2408/4168/25 2409/4169/25
f 2376/4135/25 2409/4169/25 2410/4170/25
f 2376/4135/25 2410/4170/25 2394/4154/25
f 2376/4135/25 2402/4162/25 2403/4163/25
f 2376/4135/25 2400/4160/25 2401/4161/25
f 2439/4204/331 2437/4202/329 2426/4191/329 2412/4172/331
f 2438/4203/330 2436/4201/328 2425/4190/328 2427/4192/330
f 2437/4202/329 2435/4200/327 2424/4189/327 2426/4191/329
f 2441/4206/93 2431/4196/94 2416/4176/94 2419/4181/93
f 2436/4201/328 2434/4199/396 2423/4188/403 2425/4190/328
f 2435/4200/327 2433/4198/325 2421/4185/325 2424/4189/327
f 2442/4207/324 2432/4197/98 2418/4179/404 2422/4186/405
f 2434/4199/396 2494/4284/402 2420/4182/406 2423/4188/403
f 2433/4198/325 2442/4207/324 2422/4186/405 2421/4185/325
f 2432/4197/98 2441/4206/93 2419/4181/93 2418/4179/404
f 2415/4175/407 2417/4177/408 2495/4286/400 2430/4195/398
f 2431/4196/94 2429/4194/99 2413/4173/99 2416/4176/94
f 2430/4195/398 2428/4193/320 2411/4171/320 2415/4175/407
f 2429/4194/99 2440/4205/332 2414/4174/332 2413/4173/99
f 2407/4167/25 2469/4248/217 2471/4251/217 2408/4168/25
f 2398/4158/25 2451/4221/219 2453/4224/219 2399/4159/25
f 2408/4168/25 2471/4251/217 2473/4254/218 2409/4169/25
f 2399/4159/25 2453/4224/219 2455/4227/219 2400/4160/25
f 2409/4169/25 2473/4254/218 2475/4257/218 2410/4170/25
f 2401/4161/25 2458/4232/216 2459/4233/216 2402/4162/25
f 2394/4154/25 2444/4211/218 2445/4212/218 2395/4155/25
f 2403/4163/25 2462/4238/216 2463/4239/216 2404/4164/25
f 2410/4170/25 2475/4257/218 2444/4211/218 2394/4154/25
f 2402/4162/25 2459/4233/216 2462/4238/216 2403/4163/25
f 2404/4164/25 2463/4239/216 2465/4242/217 2405/4165/25
f 2395/4155/25 2445/4212/218 2447/4215/219 2396/4156/25
f 2400/4160/25 2455/4227/219 2458/4232/216 2401/4161/25
f 2405/4165/25 2465/4242/217 2467/4245/217 2406/4166/25
f 2396/4156/25 2447/4215/219 2449/4218/219 2397/4157/25
f 2406/4166/25 2467/4245/217 2469/4248/217 2407/4167/25
f 2397/4157/25 2449/4218/219 2451/4221/219 2398/4158/25
f 2444/4211/409 2443/4209/409 2446/4213/410 2445/4212/410
f 2445/4212/410 2446/4213/410 2448/4217/411 2447/4215/411
f 2447/4215/411 2448/4217/411 2450/4220/412 2449/4218/412
f 2449/4218/412 2450/4220/412 2452/4223/413 2451/4221/413
f 2451/4221/413 2452/4223/413 2454/4226/414 2453/4224/414
f 2453/4224/414 2454/4226/414 2456/4229/415 2455/4227/415
f 2458/4232/416 2457/4231/416 2460/4235/417 2459/4233/417
f 2462/4238/418 2461/4237/418 2464/4241/419 2463/4239/419
f 2463/4239/419 2464/4241/419 2466/4244/420 2465/4242/420
f 2465/4242/420 2466/4244/420 2468/4247/421 2467/4245/421
f 2467/4245/421 2468/4247/421 2470/4250/422 2469/4248/422
f 2469/4248/422 2470/4250/422 2472/4253/423 2471/4251/423
f 2471/4251/423 2472/4253/423 2474/4256/424 2473/4254/424
f 2473/4254/424 2474/4256/424 2476/4259/425 2475/4257/425
f 2475/4257/425 2476/4259/425 2443/4209/409 2444/4211/409
f 2459/4233/417 2460/4235/417 2461/4237/418 2462/4238/418
f 2455/4227/415 2456/4229/415 2457/4231/416 2458/4232/416
f 2446/4214/395 2443/4210/401 2494/4284/402 2434/4199/396
f 2428/4193/320 2439/4204/331 2412/4172/331 2411/4171/320
f 2411/4171/320 2412/4172/331 2477/4260/331 2481/4265/320
f 2414/4174/332 2427/4192/330 2493/4283/330 2478/4261/332
f 2427/4192/330 2425/4190/328 2491/4281/328 2493/4283/330
f 2419/4181/93 2416/4176/94 2484/4268/94 2479/4262/93
f 2412/4172/331 2426/4191/329 2492/4282/329 2477/4260/331
f 2425/4190/328 2423/4188/403 2489/4279/326 2491/4281/328
f 2426/4191/329 2424/4189/327 2490/4280/327 2492/4282/329
f 2418/4179/404 2419/4181/93 2479/4262/93 2486/4273/404
f 2424/4189/327 2421/4185/325 2488/4278/325 2490/4280/327
f 2423/4188/403 2420/4182/406 2487/4276/426 2489/4279/326
f 2421/4185/325 2422/4186/405 2480/4264/405 2488/4278/325
f 2417/4177/408 2415/4175/407 2483/4267/321 2485/4270/427
f 2440/4205/332 2438/4203/330 2427/4192/330 2414/4174/332
f 2416/4176/94 2413/4173/99 2482/4266/99 2484/4268/94
f 2494/4285/402 2495/4286/400 2417/4177/408 2420/4183/406
f 2413/4173/99 2414/4174/332 2478/4261/332 2482/4266/99
f 2415/4175/407 2411/4171/320 2481/4265/320 2483/4267/321
f 2485/4269/25 2487/4275/25 2486/4272/25 2480/4263/25
f 2420/4184/23 2417/4178/23 2422/4187/23 2418/4180/23
f 2417/4178/332 2485/4269/332 2480/4263/332 2422/4187/332
f 2514/4306/332 2529/4322/330 2382/4142/330 2381/4141/332
f 2478/4261/332 2493/4283/330 2512/4304/330 2497/4288/332
f 2477/4260/331 2492/4282/329 2511/4303/329 2496/4287/331
f 2493/4283/330 2491/4281/328 2510/4302/328 2512/4304/330
f 2492/4282/329 2490/4280/327 2509/4301/327 2511/4303/329
f 2479/4262/93 2484/4268/94 2503/4294/94 2498/4289/93
f 2491/4281/328 2489/4279/326 2508/4300/326 2510/4302/328
f 2490/4280/327 2488/4278/325 2507/4299/325 2509/4301/327
f 2480/4264/405 2486/4273/404 2505/4296/98 2499/4290/324
f 2489/4279/326 2487/4276/426 2506/4297/323 2508/4300/326
f 2488/4278/325 2480/4264/405 2499/4290/324 2507/4299/325
f 2487/4277/426 2485/4270/427 2504/4295/322 2506/4298/323
f 2486/4273/404 2479/4262/93 2498/4289/93 2505/4296/98
f 2485/4270/427 2483/4267/321 2502/4293/321 2504/4295/322
f 2484/4268/94 2482/4266/99 2501/4292/99 2503/4294/94
f 2483/4267/321 2481/4265/320 2500/4291/320 2502/4293/321
f 2482/4266/99 2478/4261/332 2497/4288/332 2501/4292/99
f 2481/4265/320 2477/4260/331 2496/4287/331 2500/4291/320
f 2497/4288/332 2512/4304/330 2529/4322/330 2514/4306/332
f 2496/4287/331 2511/4303/329 2528/4321/329 2513/4305/331
f 2512/4304/330 2510/4302/328 2527/4320/328 2529/4322/330
f 2511/4303/329 2509/4301/327 2526/4319/327 2528/4321/329
f 2498/4289/93 2503/4294/94 2520/4312/94 2515/4307/93
f 2510/4302/328 2508/4300/326 2525/4318/326 2527/4320/328
f 2509/4301/327 2507/4299/325 2524/4317/325 2526/4319/327
f 2499/4290/324 2505/4296/98 2522/4314/98 2516/4308/324
f 2508/4300/326 2506/4297/323 2523/4315/323 2525/4318/326
f 2507/4299/325 2499/4290/324 2516/4308/324 2524/4317/325
f 2506/4298/323 2504/4295/322 2521/4313/322 2523/4316/323
f 2505/4296/98 2498/4289/93 2515/4307/93 2522/4314/98
f 2504/4295/322 2502/4293/321 2519/4311/321 2521/4313/322
f 2503/4294/94 2501/4292/99 2518/4310/99 2520/4312/94
f 2502/4293/321 2500/4291/320 2517/4309/320 2519/4311/321
f 2501/4292/99 2497/4288/332 2514/4306/332 2518/4310/99
f 2500/4291/320 2496/4287/331 2513/4305/331 2517/4309/320
f 2624/4444/77 2623/4441/77 2555/4350/77 2557/4354/77
f 2654/4479/320 2388/4148/320 2389/4149/331 2650/4475/331
f 2655/4480/99 2380/4140/99 2381/4141/332 2651/4476/332
f 2656/4481/321 2387/4147/321 2388/4148/320 2654/4479/320
f 2657/4482/94 2379/4139/94 2380/4140/99 2655/4480/99
f 2658/4483/322 2385/4145/322 2387/4147/321 2656/4481/321
f 2659/4484/98 2377/4136/98 2393/4153/93 2652/4477/93
f 2660/4486/323 2378/4137/323 2385/4145/322 2658/4483/322
f 2661/4487/325 2392/4152/325 2386/4146/324 2653/4478/324
f 2662/4488/326 2384/4144/326 2378/4138/323 2660/4485/323
f 2653/4478/324 2386/4146/324 2377/4136/98 2659/4484/98
f 2663/4489/327 2391/4151/327 2392/4152/325 2661/4487/325
f 2664/4490/328 2383/4143/328 2384/4144/326 2662/4488/326
f 2652/4477/93 2393/4153/93 2379/4139/94 2657/4482/94
f 2665/4491/329 2390/4150/329 2391/4151/327 2663/4489/327
f 2666/4492/330 2382/4142/330 2383/4143/328 2664/4490/328
f 2650/4475/331 2389/4149/331 2390/4150/329 2665/4491/329
f 2585/4386/328 2573/4371/328 2571/4369/428 2583/4384/429
f 2587/4389/330 2575/4373/330 2573/4371/328 2585/4386/328
f 2589/4392/332 2577/4375/332 2575/4373/330 2587/4389/330
f 2591/4395/99 2566/4364/99 2577/4375/332 2589/4392/332
f 2593/4398/94 2568/4366/94 2566/4364/99 2591/4395/99
f 2594/4400/93 2578/4376/93 2568/4366/94 2593/4398/94
f 2598/4406/324 2579/4377/324 2569/4367/98 2597/4404/98
f 2603/4413/327 2572/4370/327 2570/4368/325 2601/4410/325
f 2605/4416/329 2574/4372/329 2572/4370/327 2603/4413/327
f 2607/4419/331 2576/4374/331 2574/4372/329 2605/4416/329
f 2609/4422/320 2565/4363/320 2576/4374/331 2607/4419/331
f 2611/4425/430 2567/4365/431 2565/4363/320 2609/4422/320
f 2613/4428/432 2632/4456/433 2567/4365/431 2611/4425/430
f 2580/4378/434 2631/4455/435 2632/4456/433 2613/4428/432
f 2601/4410/325 2570/4368/325 2579/4377/324 2598/4406/324
f 2597/4404/98 2569/4367/98 2578/4376/93 2594/4400/93
f 2530/4323/23 2532/4325/23 2531/4324/23
f 2530/4323/23 2533/4326/23 2532/4325/23
f 2530/4323/23 2534/4327/23 2533/4326/23
f 2530/4323/23 2535/4328/23 2534/4327/23
f 2530/4323/23 2536/4329/23 2535/4328/23
f 2530/4323/23 2537/4330/23 2536/4329/23
f 2530/4323/23 2539/4332/23 2538/4331/23
f 2530/4323/23 2541/4334/23 2540/4333/23
f 2530/4323/23 2542/4335/23 2541/4334/23
f 2530/4323/23 2543/4336/23 2542/4335/23
f 2530/4323/23 2544/4337/23 2543/4336/23
f 2530/4323/23 2545/4338/23 2544/4337/23
f 2530/4323/23 2546/4339/23 2545/4338/23
f 2530/4323/23 2547/4340/23 2546/4339/23
f 2530/4323/23 2531/4324/23 2547/4340/23
f 2530/4323/23 2540/4333/23 2539/4332/23
f 2530/4323/23 2538/4331/23 2537/4330/23
f 2576/4374/331 2549/4342/331 2563/4361/329 2574/4372/329
f 2575/4373/330 2564/4362/330 2562/4360/328 2573/4371/328
f 2574/4372/329 2563/4361/329 2561/4359/327 2572/4370/327
f 2578/4376/93 2556/4351/93 2553/4346/94 2568/4366/94
f 2573/4371/328 2562/4360/328 2560/4358/436 2571/4369/428
f 2572/4370/327 2561/4359/327 2558/4355/325 2570/4368/325
f 2579/4377/324 2559/4356/405 2555/4349/404 2569/4367/98
f 2571/4369/428 2560/4358/436 2557/4352/437 2631/4454/435
f 2570/4368/325 2558/4355/325 2559/4356/405 2579/4377/324
f 2569/4367/98 2555/4349/404 2556/4351/93 2578/4376/93
f 2552/4345/438 2567/4365/431 2632/4456/433 2554/4347/439
f 2568/4366/94 2553/4346/94 2550/4343/99 2566/4364/99
f 2567/4365/431 2552/4345/438 2548/4341/320 2565/4363/320
f 2566/4364/99 2550/4343/99 2551/4344/332 2577/4375/332
f 2544/4337/23 2545/4338/23 2608/4421/198 2606/4418/198
f 2535/4328/23 2536/4329/23 2590/4394/209 2588/4391/209
f 2545/4338/23 2546/4339/23 2610/4424/204 2608/4421/198
f 2536/4329/23 2537/4330/23 2592/4397/209 2590/4394/209
f 2546/4339/23 2547/4340/23 2612/4427/204 2610/4424/204
f 2538/4331/23 2539/4332/23 2596/4403/193 2595/4402/193
f 2531/4324/23 2532/4325/23 2582/4382/204 2581/4381/204
f 2540/4333/23 2541/4334/23 2600/4409/193 2599/4408/193
f 2547/4340/23 2531/4324/23 2581/4381/204 2612/4427/204
f 2539/4332/23 2540/4333/23 2599/4408/193 2596/4403/193
f 2541/4334/23 2542/4335/23 2602/4412/198 2600/4409/193
f 2532/4325/23 2533/4326/23 2584/4385/209 2582/4382/204
f 2537/4330/23 2538/4331/23 2595/4402/193 2592/4397/209
f 2542/4335/23 2543/4336/23 2604/4415/198 2602/4412/198
f 2533/4326/23 2534/4327/23 2586/4388/209 2584/4385/209
f 2543/4336/23 2544/4337/23 2606/4418/198 2604/4415/198
f 2534/4327/23 2535/4328/23 2588/4391/209 2586/4388/209
f 2581/4381/440 2582/4382/441 2583/4383/441 2580/4379/440
f 2582/4382/441 2584/4385/442 2585/4387/442 2583/4383/441
f 2584/4385/442 2586/4388/443 2587/4390/443 2585/4387/442
f 2586/4388/443 2588/4391/444 2589/4393/444 2587/4390/443
f 2588/4391/444 2590/4394/445 2591/4396/445 2589/4393/444
f 2590/4394/445 2592/4397/446 2593/4399/446 2591/4396/445
f 2595/4402/447 2596/4403/448 2597/4405/448 2594/4401/447
f 2599/4408/449 2600/4409/450 2601/4411/450 2598/4407/449
f 2600/4409/450 2602/4412/451 2603/4414/451 2601/4411/450
f 2602/4412/451 2604/4415/452 2605/4417/452 2603/4414/451
f 2604/4415/452 2606/4418/453 2607/4420/453 2605/4417/452
f 2606/4418/453 2608/4421/454 2609/4423/454 2607/4420/453
f 2608/4421/454 2610/4424/455 2611/4426/455 2609/4423/454
f 2610/4424/455 2612/4427/456 2613/4429/456 2611/4426/455
f 2612/4427/456 2581/4381/440 2580/4379/440 2613/4429/456
f 2596/4403/448 2599/4408/449 2598/4407/449 2597/4405/448
f 2592/4397/446 2595/4402/447 2594/4401/447 2593/4399/446
f 2583/4384/429 2571/4369/428 2631/4454/435 2580/4380/434
f 2565/4363/320 2548/4341/320 2549/4342/331 2576/4374/331
f 2548/4341/320 2618/4435/320 2614/4430/331 2549/4342/331
f 2551/4344/332 2615/4431/332 2630/4453/330 2564/4362/330
f 2564/4362/330 2630/4453/330 2628/4451/328 2562/4360/328
f 2556/4351/93 2616/4432/93 2621/4438/94 2553/4346/94
f 2549/4342/331 2614/4430/331 2629/4452/329 2563/4361/329
f 2562/4360/328 2628/4451/328 2626/4449/326 2560/4358/436
f 2563/4361/329 2629/4452/329 2627/4450/327 2561/4359/327
f 2555/4349/404 2623/4443/404 2616/4432/93 2556/4351/93
f 2561/4359/327 2627/4450/327 2625/4448/325 2558/4355/325
f 2560/4358/436 2626/4449/326 2624/4446/426 2557/4352/437
f 2558/4355/325 2625/4448/325 2617/4434/405 2559/4356/405
f 2554/4347/439 2622/4440/427 2620/4437/321 2552/4345/438
f 2577/4375/332 2551/4344/332 2564/4362/330 2575/4373/330
f 2553/4346/94 2621/4438/94 2619/4436/99 2550/4343/99
f 2631/4455/435 2557/4353/437 2554/4347/439 2632/4456/433
f 2550/4343/99 2619/4436/99 2615/4431/332 2551/4344/332
f 2552/4345/438 2620/4437/321 2618/4435/320 2548/4341/320
f 2622/4439/23 2617/4433/23 2623/4442/23 2624/4445/23
f 2557/4354/25 2555/4350/25 2559/4357/25 2554/4348/25
f 2554/4348/332 2559/4357/332 2617/4433/332 2622/4439/332
f 2651/4476/332 2381/4141/332 2382/4142/330 2666/4492/330
f 2615/4431/332 2634/4458/332 2649/4474/330 2630/4453/330
f 2614/4430/331 2633/4457/331 2648/4473/329 2629/4452/329
f 2630/4453/330 2649/4474/330 2647/4472/328 2628/4451/328
f 2629/4452/329 2648/4473/329 2646/4471/327 2627/4450/327
f 2616/4432/93 2635/4459/93 2640/4464/94 2621/4438/94
f 2628/4451/328 2647/4472/328 2645/4470/326 2626/4449/326
f 2627/4450/327 2646/4471/327 2644/4469/325 2625/4448/325
f 2617/4434/405 2636/4460/324 2642/4466/98 2623/4443/404
f 2626/4449/326 2645/4470/326 2643/4467/323 2624/4446/426
f 2625/4448/325 2644/4469/325 2636/4460/324 2617/4434/405
f 2624/4447/426 2643/4468/323 2641/4465/322 2622/4440/427
f 2623/4443/404 2642/4466/98 2635/4459/93 2616/4432/93
f 2622/4440/427 2641/4465/322 2639/4463/321 2620/4437/321
f 2621/4438/94 2640/4464/94 2638/4462/99 2619/4436/99
f 2620/4437/321 2639/4463/321 2637/4461/320 2618/4435/320
f 2619/4436/99 2638/4462/99 2634/4458/332 2615/4431/332
f 2618/4435/320 2637/4461/320 2633/4457/331 2614/4430/331
f 2634/4458/332 2651/4476/332 2666/4492/330 2649/4474/330
f 2633/4457/331 2650/4475/331 2665/4491/329 2648/4473/329
f 2649/4474/330 2666/4492/330 2664/4490/328 2647/4472/328
f 2648/4473/329 2665/4491/329 2663/4489/327 2646/4471/327
f 2635/4459/93 2652/4477/93 2657/4482/94 2640/4464/94
f 2647/4472/328 2664/4490/328 2662/4488/326 2645/4470/326
f 2646/4471/327 2663/4489/327 2661/4487/325 2644/4469/325
f 2636/4460/324 2653/4478/324 2659/4484/98 2642/4466/98
f 2645/4470/326 2662/4488/326 2660/4485/323 2643/4467/323
f 2644/4469/325 2661/4487/325 2653/4478/324 2636/4460/324
f 2643/4468/323 2660/4486/323 2658/4483/322 2641/4465/322
f 2642/4466/98 2659/4484/98 2652/4477/93 2635/4459/93
f 2641/4465/322 2658/4483/322 2656/4481/321 2639/4463/321
f 2640/4464/94 2657/4482/94 2655/4480/99 2638/4462/99
f 2639/4463/321 2656/4481/321 2654/4479/320 2637/4461/320
f 2638/4462/99 2655/4480/99 2651/4476/332 2634/4458/332
f 2637/4461/320 2654/4479/320 2650/4475/331 2633/4457/331
f 690/1332/25 2668/4494/25 2675/4501/25 688/1330/25
f 692/1334/25 2669/4495/25 2676/4502/25 689/1331/25
f 683/1325/25 2667/4493/25 2683/4509/25 698/1340/25
f 698/1340/25 2683/4509/25 2682/4508/25 697/1339/25
f 697/1339/25 2682/4508/25 2681/4507/25 696/1338/25
f 696/1338/25 2681/4507/25 2680/4506/25 695/1337/25
f 695/1337/25 2680/4506/25 2679/4505/25 694/1336/25
f 694/1336/25 2679/4505/25 2678/4504/25 693/1335/25
f 693/1335/25 2678/4504/25 2677/4503/25 691/1333/25
f 691/1333/25 2677/4503/25 2669/4495/25 692/1334/25
f 689/1331/25 2676/4502/25 2668/4494/25 690/1332/25
f 688/1330/25 2675/4501/25 2674/4500/25 687/1329/25
f 687/1329/25 2674/4500/25 2673/4499/25 686/1328/25
f 686/1328/25 2673/4499/25 2672/4498/25 685/1327/25
f 685/1327/25 2672/4498/25 2671/4497/25 684/1326/25
f 684/1326/25 2671/4497/25 2670/4496/25 682/1324/25
f 682/1324/25 2670/4496/25 2667/4493/25 683/1325/25
f 826/1529/23 824/1527/23 2692/4518/23 2685/4511/23
f 828/1531/23 825/1528/23 2693/4519/23 2686/4512/23
f 819/1522/23 834/1537/23 2700/4526/23 2684/4510/23
f 834/1537/23 833/1536/23 2699/4525/23 2700/4526/23
f 833/1536/23 832/1535/23 2698/4524/23 2699/4525/23
f 832/1535/23 831/1534/23 2697/4523/23 2698/4524/23
f 831/1534/23 830/1533/23 2696/4522/23 2697/4523/23
f 830/1533/23 829/1532/23 2695/4521/23 2696/4522/23
f 829/1532/23 827/1530/23 2694/4520/23 2695/4521/23
f 827/1530/23 828/1531/23 2686/4512/23 2694/4520/23
f 825/1528/23 826/1529/23 2685/4511/23 2693/4519/23
f 824/1527/23 823/1526/23 2691/4517/23 2692/4518/23
f 823/1526/23 822/1525/23 2690/4516/23 2691/4517/23
f 822/1525/23 821/1524/23 2689/4515/23 2690/4516/23
f 821/1524/23 820/1523/23 2688/4514/23 2689/4515/23
f 820/1523/23 818/1521/23 2687/4513/23 2688/4514/23
f 818/1521/23 819/1522/23 2684/4510/23 2687/4513/23
f 1098/1923/23 2702/4528/23 2709/4535/23 1096/1921/23
f 1100/1925/23 2703/4529/23 2710/4536/23 1097/1922/23
f 1091/1916/23 2701/4527/23 2717/4543/23 1106/1931/23
f 1106/1931/23 2717/4543/23 2716/4542/23 1105/1930/23
f 1105/1930/23 2716/4542/23 2715/4541/23 1104/1929/23
f 1104/1929/23 2715/4541/23 2714/4540/23 1103/1928/23
f 1103/1928/23 2714/4540/23 2713/4539/23 1102/1927/23
f 1102/1927/23 2713/4539/23 2712/4538/23 1101/1926/23
f 1101/1926/23 2712/4538/23 2711/4537/23 1099/1924/23
f 1099/1924/23 2711/4537/23 2703/4529/23 1100/1925/23
f 1097/1922/23 2710/4536/23 2702/4528/23 1098/1923/23
f 1096/1921/23 2709/4535/23 2708/4534/23 1095/1920/23
f 1095/1920/23 2708/4534/23 2707/4533/23 1094/1919/23
f 1094/1919/23 2707/4533/23 2706/4532/23 1093/1918/23
f 1093/1918/23 2706/4532/23 2705/4531/23 1092/1917/23
f 1092/1917/23 2705/4531/23 2704/4530/23 1090/1915/23
f 1090/1915/23 2704/4530/23 2701/4527/23 1091/1916/23
f 1063/1877/25 1066/1883/25 2718/4544/25 2719/4546/25
f 1064/1879/25 1063/1877/25 2719/4546/25 2720/4547/25
f 1062/1875/25 1064/1879/25 2720/4547/25 2721/4548/25
f 1061/1873/25 1062/1875/25 2721/4548/25 2722/4549/25
f 1060/1871/25 1061/1873/25 2722/4549/25 2723/4550/25
f 1059/1869/25 1060/1871/25 2723/4550/25 2724/4551/25
f 1058/1867/25 1059/1869/25 2724/4551/25 2725/4552/25
f 1056/1861/25 1058/1867/25 2725/4552/25 2726/4553/25
f 1057/1864/25 1056/1861/25 2726/4553/25 2727/4554/25
f 1072/1896/25 1057/1865/25 2727/4555/25 2728/4556/25
f 1071/1894/25 1072/1896/25 2728/4556/25 2729/4557/25
f 1070/1892/25 1071/1894/25 2729/4557/25 2730/4558/25
f 1069/1890/25 1070/1892/25 2730/4558/25 2731/4559/25
f 1068/1888/25 1069/1890/25 2731/4559/25 2732/4560/25
f 1067/1886/25 1068/1888/25 2732/4560/25 2733/4561/25
f 1065/1881/25 1067/1886/25 2733/4561/25 2734/4562/25
f 1066/1884/25 1065/1881/25 2734/4562/25 2718/4545/25
f 927/1680/23 2736/4565/23 2735/4563/23 930/1686/23
f 928/1682/23 2737/4566/23 2736/4565/23 927/1680/23
f 926/1678/23 2738/4567/23 2737/4566/23 928/1682/23
f 925/1676/23 2739/4568/23 2738/4567/23 926/1678/23
f 924/1674/23 2740/4569/23 2739/4568/23 925/1676/23
f 923/1672/23 2741/4570/23 2740/4569/23 924/1674/23
f 922/1670/23 2742/4571/23 2741/4570/23 923/1672/23
f 920/1664/23 2743/4572/23 2742/4571/23 922/1670/23
f 921/1667/23 2744/4573/23 2743/4572/23 920/1664/23
f 936/1699/23 2745/4575/23 2744/4574/23 921/1668/23
f 935/1697/23 2746/4576/23 2745/4575/23 936/1699/23
f 934/1695/23 2747/4577/23 2746/4576/23 935/1697/23
f 933/1693/23 2748/4578/23 2747/4577/23 934/1695/23
f 932/1691/23 2749/4579/23 2748/4578/23 933/1693/23
f 931/1689/23 2750/4580/23 2749/4579/23 932/1691/23
f 929/1684/23 2751/4581/23 2750/4580/23 931/1689/23
f 930/1687/23 2735/4564/23 2751/4581/23 929/1684/23
f 2769/4599/457 2806/4650/457 2804/4646/458 2768/4598/458
f 2771/4601/459 2814/4666/459 2815/4668/460 2770/4600/460
f 2773/4603/41 2810/4658/41 2809/4656/461 2772/4602/461
f 2774/4604/462 2807/4652/462 2806/4650/457 2769/4599/457
f 2770/4600/460 2815/4668/460 2811/4660/463 2775/4605/463
f 2775/4605/463 2811/4660/463 2812/4662/464 2776/4606/464
f 2777/4607/465 2808/4654/465 2807/4652/462 2774/4604/462
f 2768/4598/458 2804/4646/458 2805/4648/466 2778/4608/466
f 2779/4609/467 2813/4664/467 2814/4666/459 2771/4601/459
f 2772/4602/468 2809/4656/468 2808/4654/465 2777/4607/465
f 2778/4608/466 2805/4648/466 2813/4664/467 2779/4609/467
f 2785/4617/469 2769/4599/457 2768/4598/458 2781/4612/470
f 2782/4614/471 2778/4608/466 2779/4609/467 2799/4638/472
f 2789/4623/473 2777/4607/465 2774/4604/462 2787/4620/474
f 2791/4626/475 2772/4602/468 2777/4607/465 2789/4623/473
f 2792/4628/41 2773/4603/41 2772/4602/461 2791/4626/461
f 2795/4632/463 2775/4605/463 2776/4606/464 2797/4635/464
f 2802/4643/476 2770/4600/460 2775/4605/463 2795/4632/463
f 2800/4640/477 2771/4601/459 2770/4600/460 2802/4643/476
f 2799/4638/472 2779/4609/467 2771/4601/459 2800/4640/477
f 2787/4620/474 2774/4604/462 2769/4599/457 2785/4617/469
f 2752/4582/478 2758/4588/479 2759/4589/480
f 2752/4582/478 2760/4590/481 2758/4588/479
f 2752/4582/478 2761/4591/482 2760/4590/481
f 2752/4582/478 2762/4592/483 2761/4591/482
f 2752/4582/478 2763/4593/484 2762/4592/483
f 2752/4582/478 2753/4583/485 2763/4593/484
f 2752/4582/478 2764/4594/486 2754/4584/487
f 2752/4582/478 2765/4595/488 2766/4596/489
f 2752/4582/478 2766/4596/489 2767/4597/490
f 2752/4582/478 2767/4597/490 2764/4594/486
f 2752/4582/478 2759/4589/480 2765/4595/488
f 3023/4941/491 3020/4938/492 2783/4615/493 2798/4637/494
f 3025/4943/495 3026/4944/496 2790/4625/497 2788/4622/498
f 3031/4949/499 3023/4941/491 2798/4637/494 2801/4642/500
f 3020/4938/492 3021/4939/501 2780/4610/502 2783/4615/493
f 3024/4942/503 3025/4943/495 2788/4622/498 2786/4619/504
f 3028/4946/505 3029/4947/506 2794/4631/507 2796/4634/508
f 3029/4947/506 3030/4948/509 2803/4645/510 2794/4631/507
f 3022/4940/511 3024/4942/503 2786/4619/504 2784/4616/512
f 3026/4944/496 3027/4945/513 2793/4630/514 2790/4625/497
f 3030/4948/509 3031/4949/499 2801/4642/500 2803/4645/510
f 3021/4939/501 3022/4940/511 2784/4616/512 2780/4610/502
f 2781/4611/470 2782/4613/471 2783/4615/493 2780/4610/502
f 2785/4618/469 2781/4611/470 2780/4610/502 2784/4616/512
f 2787/4621/474 2785/4618/469 2784/4616/512 2786/4619/504
f 2789/4624/473 2787/4621/474 2786/4619/504 2788/4622/515
f 2791/4627/475 2789/4624/473 2788/4622/515 2790/4625/516
f 2792/4629/517 2791/4627/518 2790/4625/518 2793/4630/517
f 2795/4633/519 2797/4636/520 2796/4634/520 2794/4631/521
f 2799/4639/472 2800/4641/477 2801/4642/522 2798/4637/523
f 2800/4641/477 2802/4644/476 2803/4645/524 2801/4642/522
f 2802/4644/476 2795/4633/519 2794/4631/521 2803/4645/524
f 2782/4613/471 2799/4639/472 2798/4637/523 2783/4615/493
f 2781/4612/470 2768/4598/458 2778/4608/466 2782/4614/471
f 2816/4670/23 2817/4671/23 2805/4649/23 2804/4647/23
f 2818/4672/23 2816/4670/23 2804/4647/23 2806/4651/23
f 2819/4673/23 2818/4672/23 2806/4651/23 2807/4653/23
f 2820/4674/23 2819/4673/23 2807/4653/23 2808/4655/23
f 2821/4675/23 2820/4674/23 2808/4655/23 2809/4657/23
f 2756/4586/23 2821/4675/23 2809/4657/23 2810/4659/23
f 2822/4676/23 2757/4587/23 2812/4663/23 2811/4661/23
f 2823/4677/23 2824/4678/23 2814/4667/23 2813/4665/23
f 2824/4678/23 2825/4679/23 2815/4669/23 2814/4667/23
f 2825/4679/23 2822/4676/23 2811/4661/23 2815/4669/23
f 2817/4671/23 2823/4677/23 2813/4665/23 2805/4649/23
f 2755/4585/23 2817/4671/23 2816/4670/23
f 2755/4585/23 2816/4670/23 2818/4672/23
f 2755/4585/23 2818/4672/23 2819/4673/23
f 2755/4585/23 2819/4673/23 2820/4674/23
f 2755/4585/23 2820/4674/23 2821/4675/23
f 2755/4585/23 2821/4675/23 2756/4586/23
f 2755/4585/23 2757/4587/23 2822/4676/23
f 2755/4585/23 2824/4678/23 2823/4677/23
f 2755/4585/23 2825/4679/23 2824/4678/23
f 2755/4585/23 2822/4676/23 2825/4679/23
f 2755/4585/23 2823/4677/23 2817/4671/23
f 2843/4697/457 2842/4696/458 2878/4744/458 2880/4748/457
f 2845/4699/459 2844/4698/460 2889/4766/460 2888/4764/459
f 2847/4701/41 2846/4700/461 2883/4754/461 2884/4756/41
f 2848/4702/462 2843/4697/457 2880/4748/457 2881/4750/462
f 2844/4698/460 2849/4703/463 2885/4758/463 2889/4766/460
f 2849/4703/463 2850/4704/464 2886/4760/464 2885/4758/463
f 2851/4705/465 2848/4702/462 2881/4750/462 2882/4752/465
f 2842/4696/458 2852/4706/466 2879/4746/466 2878/4744/458
f 2853/4707/467 2845/4699/459 2888/4764/459 2887/4762/467
f 2846/4700/468 2851/4705/465 2882/4752/465 2883/4754/468
f 2852/4706/466 2853/4707/467 2887/4762/467 2879/4746/466
f 2859/4715/525 2855/4710/526 2842/4696/458 2843/4697/457
f 2856/4712/527 2873/4736/528 2853/4707/467 2852/4706/466
f 2863/4721/529 2861/4718/530 2848/4702/462 2851/4705/465
f 2865/4724/531 2863/4721/529 2851/4705/465 2846/4700/468
f 2866/4726/41 2865/4724/461 2846/4700/461 2847/4701/41
f 2869/4730/463 2871/4733/464 2850/4704/464 2849/4703/463
f 2876/4741/532 2869/4730/463 2849/4703/463 2844/4698/460
f 2874/4738/533 2876/4741/532 2844/4698/460 2845/4699/459
f 2873/4736/528 2874/4738/533 2845/4699/459 2853/4707/467
f 2861/4718/530 2859/4715/525 2843/4697/457 2848/4702/462
f 2826/4680/534 2833/4687/535 2832/4686/536
f 2826/4680/534 2832/4686/536 2834/4688/537
f 2826/4680/534 2834/4688/537 2835/4689/538
f 2826/4680/534 2835/4689/538 2836/4690/539
f 2826/4680/534 2836/4690/539 2837/4691/540
f 2826/4680/534 2837/4691/540 2827/4681/541
f 2826/4680/534 2828/4682/542 2838/4692/543
f 2826/4680/534 2840/4694/544 2839/4693/545
f 2826/4680/534 2841/4695/546 2840/4694/544
f 2826/4680/534 2838/4692/543 2841/4695/546
f 2826/4680/534 2839/4693/545 2833/4687/535
f 2839/4693/545 2872/4735/547 2857/4713/548 2833/4687/535
f 2836/4690/539 2862/4720/549 2864/4723/550 2837/4691/540
f 2840/4694/544 2875/4740/551 2872/4735/547 2839/4693/545
f 2833/4687/535 2857/4713/548 2854/4708/552 2832/4686/536
f 2835/4689/538 2860/4717/553 2862/4720/549 2836/4690/539
f 2828/4682/542 2870/4732/554 2868/4729/555 2838/4692/543
f 2838/4692/543 2868/4729/555 2877/4743/556 2841/4695/546
f 2834/4688/537 2858/4714/557 2860/4717/553 2835/4689/538
f 2837/4691/540 2864/4723/550 2867/4728/558 2827/4681/541
f 2841/4695/546 2877/4743/556 2875/4740/551 2840/4694/544
f 2832/4686/536 2854/4708/552 2858/4714/557 2834/4688/537
f 2855/4709/526 2854/4708/552 2857/4713/548 2856/4711/527
f 2859/4716/525 2858/4714/557 2854/4708/552 2855/4709/526
f 2861/4719/530 2860/4717/553 2858/4714/557 2859/4716/525
f 2863/4722/529 2862/4720/559 2860/4717/553 2861/4719/530
f 2865/4725/531 2864/4723/560 2862/4720/559 2863/4722/529
f 2866/4727/561 2867/4728/561 2864/4723/562 2865/4725/562
f 2869/4731/563 2868/4729/564 2870/4732/565 2871/4734/565
f 2873/4737/528 2872/4735/566 2875/4740/567 2874/4739/533
f 2874/4739/533 2875/4740/567 2877/4743/568 2876/4742/532
f 2876/4742/532 2877/4743/568 2868/4729/564 2869/4731/563
f 2856/4711/527 2857/4713/548 2872/4735/566 2873/4737/528
f 2855/4710/526 2856/4712/527 2852/4706/466 2842/4696/458
f 2890/4768/25 2878/4745/25 2879/4747/25 2891/4769/25
f 2892/4770/25 2880/4749/25 2878/4745/25 2890/4768/25
f 2893/4771/25 2881/4751/25 2880/4749/25 2892/4770/25
f 2894/4772/25 2882/4753/25 2881/4751/25 2893/4771/25
f 2895/4773/25 2883/4755/25 2882/4753/25 2894/4772/25
f 2830/4684/25 2884/4757/25 2883/4755/25 2895/4773/25
f 2896/4774/25 2885/4759/25 2886/4761/25 2831/4685/25
f 2897/4775/25 2887/4763/25 2888/4765/25 2898/4776/25
f 2898/4776/25 2888/4765/25 2889/4767/25 2899/4777/25
f 2899/4777/25 2889/4767/25 2885/4759/25 2896/4774/25
f 2891/4769/25 2879/4747/25 2887/4763/25 2897/4775/25
f 2829/4683/25 2890/4768/25 2891/4769/25
f 2829/4683/25 2892/4770/25 2890/4768/25
f 2829/4683/25 2893/4771/25 2892/4770/25
f 2829/4683/25 2894/4772/25 2893/4771/25
f 2829/4683/25 2895/4773/25 2894/4772/25
f 2829/4683/25 2830/4684/25 2895/4773/25
f 2829/4683/25 2896/4774/25 2831/4685/25
f 2829/4683/25 2897/4775/25 2898/4776/25
f 2829/4683/25 2898/4776/25 2899/4777/25
f 2829/4683/25 2899/4777/25 2896/4774/25
f 2829/4683/25 2891/4769/25 2897/4775/25
f 2911/4789/569 2910/4788/570 2940/4828/570 2942/4832/569
f 2913/4791/571 2912/4790/572 2949/4846/572 2948/4844/571
f 2773/4603/41 2914/4792/573 2945/4838/573 2810/4658/41
f 2915/4793/574 2911/4789/569 2942/4832/569 2943/4834/574
f 2912/4790/572 2916/4794/575 2946/4840/575 2949/4846/572
f 2916/4794/575 2776/4606/576 2812/4662/576 2946/4840/575
f 2917/4795/577 2915/4793/574 2943/4834/574 2944/4836/577
f 2910/4788/570 2918/4796/578 2941/4830/578 2940/4828/570
f 2919/4797/579 2913/4791/571 2948/4844/571 2947/4842/579
f 2914/4792/580 2917/4795/577 2944/4836/577 2945/4838/580
f 2918/4796/578 2919/4797/579 2947/4842/579 2941/4830/578
f 2925/4805/581 2921/4800/582 2910/4788/570 2911/4789/569
f 2922/4802/583 2935/4820/584 2919/4797/579 2918/4796/578
f 2929/4811/585 2927/4808/586 2915/4793/574 2917/4795/577
f 2931/4814/587 2929/4811/585 2917/4795/577 2914/4792/580
f 2792/4628/41 2931/4814/573 2914/4792/573 2773/4603/41
f 2933/4817/575 2797/4635/576 2776/4606/576 2916/4794/575
f 2938/4825/588 2933/4817/575 2916/4794/575 2912/4790/572
f 2936/4822/589 2938/4825/588 2912/4790/572 2913/4791/571
f 2935/4820/584 2936/4822/589 2913/4791/571 2919/4797/579
f 2927/4808/586 2925/4805/581 2911/4789/569 2915/4793/574
f 2752/4582/478 2901/4779/590 2900/4778/591
f 2752/4582/478 2900/4778/591 2902/4780/592
f 2752/4582/478 2902/4780/592 2903/4781/593
f 2752/4582/478 2903/4781/593 2904/4782/594
f 2752/4582/478 2904/4782/594 2905/4783/595
f 2752/4582/478 2905/4783/595 2753/4583/485
f 2752/4582/478 2754/4584/487 2906/4784/596
f 2752/4582/478 2908/4786/597 2907/4785/598
f 2752/4582/478 2909/4787/599 2908/4786/597
f 2752/4582/478 2906/4784/596 2909/4787/599
f 2752/4582/478 2907/4785/598 2901/4779/590
f 3035/4953/600 2934/4819/601 2923/4803/602 3032/4950/603
f 3037/4955/604 2928/4810/605 2930/4813/606 3038/4956/607
f 3041/4959/608 2937/4824/609 2934/4819/601 3035/4953/600
f 3032/4950/603 2923/4803/602 2920/4798/610 3033/4951/611
f 3036/4954/612 2926/4807/613 2928/4810/605 3037/4955/604
f 3028/4946/505 2796/4634/508 2932/4816/614 3039/4957/615
f 3039/4957/615 2932/4816/614 2939/4827/616 3040/4958/617
f 3034/4952/618 2924/4804/619 2926/4807/613 3036/4954/612
f 3038/4956/607 2930/4813/606 2793/4630/514 3027/4945/513
f 3040/4958/617 2939/4827/616 2937/4824/609 3041/4959/608
f 3033/4951/611 2920/4798/610 2924/4804/619 3034/4952/618
f 2921/4799/582 2920/4798/610 2923/4803/602 2922/4801/583
f 2925/4806/581 2924/4804/619 2920/4798/610 2921/4799/582
f 2927/4809/586 2926/4807/613 2924/4804/619 2925/4806/581
f 2929/4812/585 2928/4810/620 2926/4807/613 2927/4809/586
f 2931/4815/587 2930/4813/621 2928/4810/620 2929/4812/585
f 2792/4629/517 2793/4630/517 2930/4813/622 2931/4815/622
f 2933/4818/623 2932/4816/624 2796/4634/520 2797/4636/520
f 2935/4821/584 2934/4819/625 2937/4824/626 2936/4823/589
f 2936/4823/589 2937/4824/626 2939/4827/627 2938/4826/588
f 2938/4826/588 2939/4827/627 2932/4816/624 2933/4818/623
f 2922/4801/583 2923/4803/602 2934/4819/625 2935/4821/584
f 2921/4800/582 2922/4802/583 2918/4796/578 2910/4788/570
f 2950/4848/23 2940/4829/23 2941/4831/23 2951/4849/23
f 2952/4850/23 2942/4833/23 2940/4829/23 2950/4848/23
f 2953/4851/23 2943/4835/23 2942/4833/23 2952/4850/23
f 2954/4852/23 2944/4837/23 2943/4835/23 2953/4851/23
f 2955/4853/23 2945/4839/23 2944/4837/23 2954/4852/23
f 2756/4586/23 2810/4659/23 2945/4839/23 2955/4853/23
f 2956/4854/23 2946/4841/23 2812/4663/23 2757/4587/23
f 2957/4855/23 2947/4843/23 2948/4845/23 2958/4856/23
f 2958/4856/23 2948/4845/23 2949/4847/23 2959/4857/23
f 2959/4857/23 2949/4847/23 2946/4841/23 2956/4854/23
f 2951/4849/23 2941/4831/23 2947/4843/23 2957/4855/23
f 2755/4585/23 2950/4848/23 2951/4849/23
f 2755/4585/23 2952/4850/23 2950/4848/23
f 2755/4585/23 2953/4851/23 2952/4850/23
f 2755/4585/23 2954/4852/23 2953/4851/23
f 2755/4585/23 2955/4853/23 2954/4852/23
f 2755/4585/23 2756/4586/23 2955/4853/23
f 2755/4585/23 2956/4854/23 2757/4587/23
f 2755/4585/23 2957/4855/23 2958/4856/23
f 2755/4585/23 2958/4856/23 2959/4857/23
f 2755/4585/23 2959/4857/23 2956/4854/23
f 2755/4585/23 2951/4849/23 2957/4855/23
f 2971/4869/569 3002/4912/569 3000/4908/570 2970/4868/570
f 2973/4871/571 3008/4924/571 3009/4926/572 2972/4870/572
f 2847/4701/41 2884/4756/41 3005/4918/573 2974/4872/573
f 2975/4873/574 3003/4914/574 3002/4912/569 2971/4869/569
f 2972/4870/572 3009/4926/572 3006/4920/575 2976/4874/575
f 2976/4874/575 3006/4920/575 2886/4760/576 2850/4704/576
f 2977/4875/577 3004/4916/577 3003/4914/574 2975/4873/574
f 2970/4868/570 3000/4908/570 3001/4910/578 2978/4876/578
f 2979/4877/579 3007/4922/579 3008/4924/571 2973/4871/571
f 2974/4872/580 3005/4918/580 3004/4916/577 2977/4875/577
f 2978/4876/578 3001/4910/578 3007/4922/579 2979/4877/579
f 2985/4885/628 2971/4869/569 2970/4868/570 2981/4880/629
f 2982/4882/630 2978/4876/578 2979/4877/579 2995/4900/631
f 2989/4891/632 2977/4875/577 2975/4873/574 2987/4888/633
f 2991/4894/634 2974/4872/580 2977/4875/577 2989/4891/632
f 2866/4726/41 2847/4701/41 2974/4872/573 2991/4894/573
f 2993/4897/575 2976/4874/575 2850/4704/576 2871/4733/576
f 2998/4905/635 2972/4870/572 2976/4874/575 2993/4897/575
f 2996/4902/636 2973/4871/571 2972/4870/572 2998/4905/635
f 2995/4900/631 2979/4877/579 2973/4871/571 2996/4902/636
f 2987/4888/633 2975/4873/574 2971/4869/569 2985/4885/628
f 2826/4680/534 2960/4858/637 2961/4859/638
f 2826/4680/534 2962/4860/639 2960/4858/637
f 2826/4680/534 2963/4861/640 2962/4860/639
f 2826/4680/534 2964/4862/641 2963/4861/640
f 2826/4680/534 2965/4863/642 2964/4862/641
f 2826/4680/534 2827/4681/541 2965/4863/642
f 2826/4680/534 2966/4864/643 2828/4682/542
f 2826/4680/534 2967/4865/644 2968/4866/645
f 2826/4680/534 2968/4866/645 2969/4867/646
f 2826/4680/534 2969/4867/646 2966/4864/643
f 2826/4680/534 2961/4859/638 2967/4865/644
f 2967/4865/644 2961/4859/638 2983/4883/647 2994/4899/648
f 2964/4862/641 2965/4863/642 2990/4893/649 2988/4890/650
f 2968/4866/645 2967/4865/644 2994/4899/648 2997/4904/651
f 2961/4859/638 2960/4858/637 2980/4878/652 2983/4883/647
f 2963/4861/640 2964/4862/641 2988/4890/650 2986/4887/653
f 2828/4682/542 2966/4864/643 2992/4896/654 2870/4732/554
f 2966/4864/643 2969/4867/646 2999/4907/655 2992/4896/654
f 2962/4860/639 2963/4861/640 2986/4887/653 2984/4884/656
f 2965/4863/642 2827/4681/541 2867/4728/558 2990/4893/649
f 2969/4867/646 2968/4866/645 2997/4904/651 2999/4907/655
f 2960/4858/637 2962/4860/639 2984/4884/656 2980/4878/652
f 2981/4879/629 2982/4881/630 2983/4883/647 2980/4878/652
f 2985/4886/628 2981/4879/629 2980/4878/652 2984/4884/656
f 2987/4889/633 2985/4886/628 2984/4884/656 2986/4887/653
f 2989/4892/632 2987/4889/633 2986/4887/653 2988/4890/657
f 2991/4895/634 2989/4892/632 2988/4890/657 2990/4893/658
f 2866/4727/561 2991/4895/659 2990/4893/659 2867/4728/561
f 2993/4898/660 2871/4734/565 2870/4732/565 2992/4896/661
f 2995/4901/631 2996/4903/636 2997/4904/662 2994/4899/663
f 2996/4903/636 2998/4906/635 2999/4907/664 2997/4904/662
f 2998/4906/635 2993/4898/660 2992/4896/661 2999/4907/664
f 2982/4881/630 2995/4901/631 2994/4899/663 2983/4883/647
f 2981/4880/629 2970/4868/570 2978/4876/578 2982/4882/630
f 3010/4928/25 3011/4929/25 3001/4911/25 3000/4909/25
f 3012/4930/25 3010/4928/25 3000/4909/25 3002/4913/25
f 3013/4931/25 3012/4930/25 3002/4913/25 3003/4915/25
f 3014/4932/25 3013/4931/25 3003/4915/25 3004/4917/25
f 3015/4933/25 3014/4932/25 3004/4917/25 3005/4919/25
f 2830/4684/25 3015/4933/25 3005/4919/25 2884/4757/25
f 3016/4934/25 2831/4685/25 2886/4761/25 3006/4921/25
f 3017/4935/25 3018/4936/25 3008/4925/25 3007/4923/25
f 3018/4936/25 3019/4937/25 3009/4927/25 3008/4925/25
f 3019/4937/25 3016/4934/25 3006/4921/25 3009/4927/25
f 3011/4929/25 3017/4935/25 3007/4923/25 3001/4911/25
f 2829/4683/25 3011/4929/25 3010/4928/25
f 2829/4683/25 3010/4928/25 3012/4930/25
f 2829/4683/25 3012/4930/25 3013/4931/25
f 2829/4683/25 3013/4931/25 3014/4932/25
f 2829/4683/25 3014/4932/25 3015/4933/25
f 2829/4683/25 3015/4933/25 2830/4684/25
f 2829/4683/25 2831/4685/25 3016/4934/25
f 2829/4683/25 3018/4936/25 3017/4935/25
f 2829/4683/25 3019/4937/25 3018/4936/25
f 2829/4683/25 3016/4934/25 3019/4937/25
f 2829/4683/25 3017/4935/25 3011/4929/25
f 2900/4778/591 3033/4951/611 3034/4952/618 2902/4780/592
f 2909/4787/599 3040/4958/617 3041/4959/608 2908/4786/597
f 2905/4783/595 3038/4956/607 3027/4945/513 2753/4583/485
f 2902/4780/592 3034/4952/618 3036/4954/612 2903/4781/593
f 2906/4784/596 3039/4957/615 3040/4958/617 2909/4787/599
f 2754/4584/487 3028/4946/505 3039/4957/615 2906/4784/596
f 2903/4781/593 3036/4954/612 3037/4955/604 2904/4782/594
f 2901/4779/590 3032/4950/603 3033/4951/611 2900/4778/591
f 2908/4786/597 3041/4959/608 3035/4953/600 2907/4785/598
f 2904/4782/594 3037/4955/604 3038/4956/607 2905/4783/595
f 2907/4785/598 3035/4953/600 3032/4950/603 2901/4779/590
f 2758/4588/479 2760/4590/481 3022/4940/511 3021/4939/501
f 2767/4597/490 2766/4596/489 3031/4949/499 3030/4948/509
f 2763/4593/484 2753/4583/485 3027/4945/513 3026/4944/496
f 2760/4590/481 2761/4591/482 3024/4942/503 3022/4940/511
f 2764/4594/486 2767/4597/490 3030/4948/509 3029/4947/506
f 2754/4584/487 2764/4594/486 3029/4947/506 3028/4946/505
f 2761/4591/482 2762/4592/483 3025/4943/495 3024/4942/503
f 2759/4589/480 2758/4588/479 3021/4939/501 3020/4938/492
f 2766/4596/489 2765/4595/488 3023/4941/491 3031/4949/499
f 2762/4592/483 2763/4593/484 3026/4944/496 3025/4943/495
f 2765/4595/488 2759/4589/480 3020/4938/492 3023/4941/491
f 3062/4990/25 3059/4985/25 3071/5001/25 3073/5003/25
f 3061/4989/25 3060/4987/25 3072/5002/25 3076/5007/25
f 3055/4975/665 3054/4974/666 3069/4999/667 3066/4995/668
f 3054/4974/666 3053/4973/669 3068/4998/670 3069/4999/667
f 3053/4973/669 3050/4969/671 3064/4993/672 3068/4998/670
f 3057/4981/25 3056/4976/25 3074/5004/25 3070/5000/25
f 3047/4966/673 3060/4986/673 3061/4988/674 3046/4965/674
f 3044/4962/675 3059/4984/675 3062/4991/41 3042/4960/41
f 3046/4965/674 3061/4988/674 3058/4982/676 3043/4961/676
f 3048/4967/677 3057/4980/677 3060/4986/673 3047/4966/673
f 3043/4961/678 3058/4982/678 3059/4984/678 3044/4962/678
f 3045/4963/40 3056/4977/40 3057/4980/677 3048/4967/677
f 3074/5004/40 3078/5009/679 3097/5032/680 3070/5000/681
f 3079/5011/682 3080/5013/682 3095/5030/683 3096/5031/684
f 3100/5035/685 3099/5034/686 3092/5027/686 3093/5028/687
f 3070/5000/681 3097/5032/680 3089/5024/688 3072/5002/689
f 3095/5030/690 3094/5029/691 3086/5021/692 3087/5022/693
f 3103/5038/694 3102/5037/695 3098/5033/696 3099/5034/696
f 3058/4983/25 3061/4989/25 3076/5007/25 3075/5006/25
f 3050/4969/697 3051/4970/697 3063/4992/698 3064/4993/699
f 3060/4987/25 3057/4981/25 3070/5000/25 3072/5002/25
f 3051/4970/700 3049/4968/701 3065/4994/702 3063/4992/703
f 3059/4985/25 3058/4983/25 3075/5006/25 3071/5001/25
f 3052/4971/704 3055/4975/665 3066/4995/668 3067/4996/705
f 3071/5001/706 3093/5028/706 3085/5020/41 3073/5003/41
f 3092/5027/707 3091/5026/707 3083/5018/708 3084/5019/708
f 3086/5021/709 3069/4999/667 3068/4998/670 3101/5036/710
f 3104/5039/711 3103/5038/712 3099/5034/713 3100/5035/714
f 3102/5037/715 3101/5036/716 3077/5008/717 3098/5033/717
f 3090/5025/718 3063/4992/703 3065/4994/702 3082/5017/719
f 3096/5031/684 3095/5030/683 3087/5022/720 3088/5023/721
f 3076/5007/722 3104/5039/711 3100/5035/714 3075/5006/723
f 3101/5036/710 3068/4998/670 3064/4993/672 3077/5008/724
f 3098/5033/725 3077/5008/725 3090/5025/725 3091/5026/725
f 3097/5032/680 3096/5031/726 3088/5023/727 3089/5024/688
f 3094/5029/728 3066/4995/668 3069/4999/667 3086/5021/709
f 3075/5006/729 3100/5035/685 3093/5028/687 3071/5001/729
f 3099/5034/730 3098/5033/730 3091/5026/730 3092/5027/730
f 3077/5008/731 3064/4993/699 3063/4992/698 3090/5025/731
f 3078/5009/679 3079/5011/732 3096/5031/726 3097/5032/680
f 3080/5013/733 3081/5015/733 3094/5029/691 3095/5030/690
f 3081/5015/734 3067/4996/705 3066/4995/668 3094/5029/728
f 3093/5028/735 3092/5027/735 3084/5019/736 3085/5020/736
f 3091/5026/737 3090/5025/737 3082/5017/738 3083/5018/738
f 3072/5002/689 3089/5024/688 3104/5039/711 3076/5007/722
f 3089/5024/688 3088/5023/727 3103/5038/712 3104/5039/711
f 3088/5023/721 3087/5022/720 3102/5037/695 3103/5038/694
f 3087/5022/693 3086/5021/692 3101/5036/716 3102/5037/715
f 3118/5062/23 3129/5075/23 3127/5073/23 3115/5057/23
f 3117/5061/23 3132/5079/23 3128/5074/23 3116/5059/23
f 3111/5047/739 3122/5067/740 3125/5071/741 3110/5046/742
f 3110/5046/742 3125/5071/741 3124/5070/743 3109/5045/744
f 3109/5045/744 3124/5070/743 3120/5065/745 3106/5041/746
f 3113/5053/23 3126/5072/23 3130/5076/23 3112/5048/23
f 3047/4966/673 3046/4965/674 3117/5060/674 3116/5058/673
f 3044/4962/675 3042/4960/41 3118/5063/41 3115/5056/675
f 3046/4965/674 3043/4961/676 3114/5054/676 3117/5060/674
f 3048/4967/677 3047/4966/673 3116/5058/673 3113/5052/677
f 3043/4961/678 3044/4962/678 3115/5056/678 3114/5054/678
f 3045/4963/40 3048/4967/677 3113/5052/677 3112/5049/40
f 3130/5076/40 3126/5072/681 3153/5104/747 3134/5081/748
f 3135/5083/749 3152/5103/691 3151/5102/690 3136/5085/749
f 3156/5107/750 3149/5100/751 3148/5099/752 3155/5106/752
f 3126/5072/681 3128/5074/689 3145/5096/753 3153/5104/747
f 3151/5102/683 3143/5094/754 3142/5093/721 3150/5101/684
f 3159/5110/716 3155/5106/717 3154/5105/717 3158/5109/715
f 3114/5055/23 3131/5078/23 3132/5079/23 3117/5061/23
f 3106/5041/755 3120/5065/756 3119/5064/757 3107/5042/755
f 3116/5059/23 3128/5074/23 3126/5072/23 3113/5053/23
f 3107/5042/758 3119/5064/759 3121/5066/760 3105/5040/761
f 3115/5057/23 3127/5073/23 3131/5078/23 3114/5055/23
f 3108/5043/762 3123/5068/763 3122/5067/740 3111/5047/739
f 3127/5073/706 3129/5075/41 3141/5092/41 3149/5100/706
f 3148/5099/764 3140/5091/765 3139/5090/765 3147/5098/764
f 3142/5093/766 3157/5108/767 3124/5070/743 3125/5071/741
f 3160/5111/768 3156/5107/769 3155/5106/724 3159/5110/710
f 3158/5109/695 3154/5105/696 3133/5080/696 3157/5108/694
f 3146/5097/735 3138/5089/736 3121/5066/760 3119/5064/759
f 3152/5103/691 3144/5095/770 3143/5094/771 3151/5102/690
f 3132/5079/722 3131/5078/723 3156/5107/769 3160/5111/768
f 3157/5108/767 3133/5080/713 3120/5065/745 3124/5070/743
f 3154/5105/772 3147/5098/772 3146/5097/772 3133/5080/772
f 3153/5104/747 3145/5096/753 3144/5095/709 3152/5103/773
f 3150/5101/774 3142/5093/766 3125/5071/741 3122/5067/740
f 3131/5078/729 3127/5073/729 3149/5100/751 3156/5107/750
f 3155/5106/775 3148/5099/775 3147/5098/775 3154/5105/775
f 3133/5080/776 3146/5097/776 3119/5064/757 3120/5065/756
f 3134/5081/748 3153/5104/747 3152/5103/773 3135/5083/777
f 3136/5085/778 3151/5102/683 3150/5101/684 3137/5087/778
f 3137/5087/779 3150/5101/774 3122/5067/740 3123/5068/763
f 3149/5100/718 3141/5092/719 3140/5091/719 3148/5099/718
f 3147/5098/780 3139/5090/781 3138/5089/781 3146/5097/780
f 3128/5074/689 3132/5079/722 3160/5111/768 3145/5096/753
f 3145/5096/753 3160/5111/768 3159/5110/710 3144/5095/709
f 3144/5095/770 3159/5110/716 3158/5109/715 3143/5094/771
f 3143/5094/754 3158/5109/695 3157/5108/694 3142/5093/721
f 3062/4990/25 3073/5003/25 3182/5138/25 3173/5127/25
f 3175/5131/25 3185/5141/25 3183/5139/25 3174/5129/25
f 3170/5121/782 3178/5134/783 3180/5136/784 3169/5120/785
f 3169/5120/785 3180/5136/784 3179/5135/786 3168/5119/787
f 3168/5119/787 3179/5135/786 3177/5133/788 3166/5117/789
f 3171/5123/25 3181/5137/25 3074/5005/25 3056/4978/25
f 3164/5115/790 3163/5114/791 3175/5130/791 3174/5128/790
f 3162/5113/792 3042/4960/41 3062/4991/41 3173/5126/792
f 3163/5114/791 3161/5112/793 3172/5124/793 3175/5130/791
f 3165/5116/794 3164/5115/790 3174/5128/790 3171/5122/794
f 3161/5112/795 3162/5113/795 3173/5126/795 3172/5124/795
f 3045/4964/40 3165/5116/794 3171/5122/794 3056/4979/40
f 3074/5005/40 3181/5137/796 3198/5154/797 3078/5010/679
f 3079/5012/682 3197/5153/798 3196/5152/799 3080/5014/682
f 3201/5157/800 3194/5150/801 3193/5149/802 3200/5156/802
f 3181/5137/796 3183/5139/803 3190/5146/804 3198/5154/797
f 3196/5152/805 3188/5144/806 3187/5143/807 3195/5151/808
f 3204/5160/809 3200/5156/810 3199/5155/810 3203/5159/811
f 3172/5125/25 3184/5140/25 3185/5141/25 3175/5131/25
f 3166/5117/812 3177/5133/813 3176/5132/814 3167/5118/812
f 3174/5129/25 3183/5139/25 3181/5137/25 3171/5123/25
f 3167/5118/815 3176/5132/816 3065/4994/702 3049/4968/701
f 3173/5127/25 3182/5138/25 3184/5140/25 3172/5125/25
f 3052/4972/704 3067/4997/705 3178/5134/783 3170/5121/782
f 3182/5138/817 3073/5003/41 3085/5020/41 3194/5150/817
f 3193/5149/818 3084/5019/708 3083/5018/708 3192/5148/818
f 3187/5143/819 3202/5158/820 3179/5135/786 3180/5136/784
f 3205/5161/821 3201/5157/822 3200/5156/823 3204/5160/824
f 3203/5159/825 3199/5155/826 3186/5142/826 3202/5158/827
f 3191/5147/828 3082/5017/719 3065/4994/702 3176/5132/816
f 3197/5153/798 3189/5145/829 3188/5144/830 3196/5152/799
f 3185/5141/831 3184/5140/832 3201/5157/822 3205/5161/821
f 3202/5158/820 3186/5142/833 3177/5133/788 3179/5135/786
f 3199/5155/834 3192/5148/834 3191/5147/834 3186/5142/834
f 3198/5154/797 3190/5146/804 3189/5145/835 3197/5153/836
f 3195/5151/837 3187/5143/819 3180/5136/784 3178/5134/783
f 3184/5140/838 3182/5138/838 3194/5150/801 3201/5157/800
f 3200/5156/839 3193/5149/839 3192/5148/839 3199/5155/839
f 3186/5142/840 3191/5147/840 3176/5132/814 3177/5133/813
f 3078/5010/679 3198/5154/797 3197/5153/836 3079/5012/732
f 3080/5014/733 3196/5152/805 3195/5151/808 3081/5016/733
f 3081/5016/734 3195/5151/837 3178/5134/783 3067/4997/705
f 3194/5150/841 3085/5020/736 3084/5019/736 3193/5149/841
f 3192/5148/842 3083/5018/738 3082/5017/738 3191/5147/842
f 3183/5139/803 3185/5141/831 3205/5161/821 3190/5146/804
f 3190/5146/804 3205/5161/821 3204/5160/824 3189/5145/835
f 3189/5145/829 3204/5160/809 3203/5159/811 3188/5144/830
f 3188/5144/806 3203/5159/825 3202/5158/827 3187/5143/807
f 3118/5062/23 3213/5172/23 3222/5183/23 3129/5075/23
f 3215/5176/23 3214/5174/23 3223/5184/23 3225/5186/23
f 3210/5166/843 3209/5165/844 3220/5181/845 3218/5179/846
f 3209/5165/844 3208/5164/847 3219/5180/848 3220/5181/845
f 3208/5164/847 3206/5162/849 3217/5178/850 3219/5180/848
f 3211/5168/23 3112/5050/23 3130/5077/23 3221/5182/23
f 3164/5115/790 3214/5173/790 3215/5175/791 3163/5114/791
f 3162/5113/792 3213/5171/792 3118/5063/41 3042/4960/41
f 3163/5114/791 3215/5175/791 3212/5169/793 3161/5112/793
f 3165/5116/794 3211/5167/794 3214/5173/790 3164/5115/790
f 3161/5112/795 3212/5169/795 3213/5171/795 3162/5113/795
f 3045/4964/40 3112/5051/40 3211/5167/794 3165/5116/794
f 3130/5077/40 3134/5082/748 3238/5199/851 3221/5182/796
f 3135/5084/749 3136/5086/749 3236/5197/805 3237/5198/808
f 3241/5202/852 3240/5201/853 3233/5194/853 3234/5195/854
f 3221/5182/796 3238/5199/851 3230/5191/855 3223/5184/803
f 3236/5197/799 3235/5196/798 3227/5188/856 3228/5189/857
f 3244/5205/827 3243/5204/825 3239/5200/826 3240/5201/826
f 3212/5170/23 3215/5176/23 3225/5186/23 3224/5185/23
f 3206/5162/858 3207/5163/858 3216/5177/859 3217/5178/860
f 3214/5174/23 3211/5168/23 3221/5182/23 3223/5184/23
f 3207/5163/861 3105/5040/761 3121/5066/760 3216/5177/862
f 3213/5172/23 3212/5170/23 3224/5185/23 3222/5183/23
f 3108/5044/762 3210/5166/843 3218/5179/846 3123/5069/763
f 3222/5183/817 3234/5195/817 3141/5092/41 3129/5075/41
f 3233/5194/863 3232/5193/863 3139/5090/765 3140/5091/765
f 3227/5188/835 3220/5181/845 3219/5180/848 3242/5203/824
f 3245/5206/864 3244/5205/865 3240/5201/833 3241/5202/866
f 3243/5204/811 3242/5203/809 3226/5187/810 3239/5200/810
f 3231/5192/841 3216/5177/862 3121/5066/760 3138/5089/736
f 3237/5198/808 3236/5197/805 3228/5189/867 3229/5190/807
f 3225/5186/831 3245/5206/864 3241/5202/866 3224/5185/832
f 3242/5203/824 3219/5180/848 3217/5178/850 3226/5187/823
f 3239/5200/868 3226/5187/868 3231/5192/868 3232/5193/868
f 3238/5199/851 3237/5198/869 3229/5190/870 3230/5191/855
f 3235/5196/871 3218/5179/846 3220/5181/845 3227/5188/835
f 3224/5185/838 3241/5202/852 3234/5195/854 3222/5183/838
f 3240/5201/872 3239/5200/872 3232/5193/872 3233/5194/872
f 3226/5187/873 3217/5178/860 3216/5177/859 3231/5192/873
f 3134/5082/748 3135/5084/777 3237/5198/869 3238/5199/851
f 3136/5086/778 3137/5088/778 3235/5196/798 3236/5197/799
f 3137/5088/779 3123/5069/763 3218/5179/846 3235/5196/871
f 3234/5195/828 3233/5194/828 3140/5091/719 3141/5092/719
f 3232/5193/874 3231/5192/874 3138/5089/781 3139/5090/781
f 3223/5184/803 3230/5191/855 3245/5206/864 3225/5186/831
f 3230/5191/855 3229/5190/870 3244/5205/865 3245/5206/864
f 3229/5190/807 3228/5189/867 3243/5204/825 3244/5205/827
f 3228/5189/857 3227/5188/856 3242/5203/809 3243/5204/811
f 3264/5252/146 3246/5207/146 3251/5220/146 3265/5254/146
f 3272/5269/25 3279/5283/25 3261/5247/25 3247/5211/25
f 3273/5271/41 3246/5208/41 3248/5213/41 3272/5268/41
f 3273/5270/25 3249/5217/25 3250/5219/25 3274/5272/25
f 3274/5272/40 3250/5219/40 3252/5222/40 3275/5273/40
f 3265/5254/40 3251/5220/40 3253/5224/40 3266/5255/40
f 3277/5278/23 3254/5228/23 3258/5240/23 3278/5280/23
f 3329/5366/25 3326/5358/25 3257/5238/25 3276/5276/25
f 3328/5364/146 3327/5360/146 3256/5234/146 3268/5259/146
f 3277/5277/41 3255/5230/41 3256/5235/41 3276/5275/41
f 3269/5261/145 3255/5231/145 3259/5242/145 3267/5257/145
f 3262/5249/146 3270/5264/875 3260/5245/876 3248/5214/146
f 3282/5290/146 3290/5304/146 3270/5264/875 3262/5249/146
f 3279/5281/40 3280/5284/40 3271/5266/40 3261/5248/40
f 3289/5302/145 3269/5261/145 3267/5257/145 3287/5298/145
f 3255/5232/41 3269/5262/41 3268/5260/41 3256/5236/41
f 3330/5368/146 3328/5364/146 3268/5259/146 3288/5300/146
f 3285/5295/40 3265/5254/40 3266/5255/40 3286/5296/40
f 3246/5209/41 3264/5253/41 3262/5250/41 3248/5215/41
f 3278/5279/41 3281/5289/41 3267/5258/41 3259/5243/41
f 3284/5293/146 3264/5252/146 3265/5254/146 3285/5295/146
f 3258/5241/41 3263/5251/41 3281/5289/41 3278/5279/41
f 3254/5229/41 3277/5277/41 3276/5275/41 3257/5239/41
f 3327/5361/25 3329/5366/25 3276/5276/25 3256/5237/25
f 3255/5233/23 3277/5278/23 3278/5280/23 3259/5244/23
f 3251/5221/40 3274/5272/40 3275/5273/40 3253/5225/40
f 3246/5210/25 3273/5270/25 3274/5272/25 3251/5221/25
f 3249/5218/41 3273/5271/41 3272/5268/41 3247/5212/41
f 3248/5216/25 3260/5246/25 3279/5283/25 3272/5269/25
f 3280/5285/877 3279/5282/877 3349/5406/878 3348/5404/879
f 3333/5374/880 3332/5372/880 3361/5430/881 3362/5432/882
f 3270/5263/40 3290/5305/40 3293/5308/40 3280/5286/40
f 3263/5251/41 3283/5292/41 3292/5307/41 3281/5289/41
f 3281/5289/41 3292/5307/41 3287/5299/41 3267/5258/41
f 3264/5253/41 3284/5294/41 3282/5291/41 3262/5250/41
f 3269/5262/41 3289/5303/41 3288/5301/41 3268/5260/41
f 3280/5287/40 3293/5309/40 3291/5306/40 3271/5267/40
f 3332/5372/880 3333/5374/880 3334/5376/883 3331/5370/884
f 3331/5370/884 3334/5376/883 3336/5380/885 3335/5378/886
f 3335/5378/886 3336/5380/885 3338/5384/887 3337/5382/888
f 3337/5382/888 3338/5384/887 3340/5388/889 3339/5386/890
f 3339/5386/890 3340/5388/889 3342/5392/891 3341/5390/892
f 3341/5390/892 3342/5392/891 3344/5396/893 3343/5395/894
f 3363/5435/895 3364/5436/896 3346/5400/897 3345/5398/898
f 3348/5404/879 3349/5406/878 3350/5408/899 3347/5402/900
f 3347/5402/900 3350/5408/899 3352/5412/901 3351/5410/902
f 3351/5410/902 3352/5412/901 3354/5416/903 3353/5414/904
f 3353/5414/904 3354/5416/903 3356/5420/905 3355/5418/906
f 3355/5418/906 3356/5420/905 3358/5424/907 3357/5422/908
f 3357/5422/908 3358/5424/907 3360/5428/909 3359/5426/910
f 3359/5426/910 3360/5428/909 3362/5432/882 3361/5430/881
f 3260/5245/876 3270/5264/875 3345/5398/898 3346/5400/897
f 3279/5283/25 3260/5246/25 3346/5401/25 3349/5407/25
f 3270/5265/23 3280/5288/23 3348/5405/23 3345/5399/23
f 3253/5226/25 3275/5274/25 3329/5367/25 3327/5362/25
f 3286/5297/146 3266/5256/146 3328/5365/146 3330/5369/146
f 3266/5256/146 3253/5227/146 3327/5363/146 3328/5365/146
f 3275/5274/25 3252/5223/25 3326/5359/25 3329/5367/25
f 3391/5465/23 3400/5474/23 3363/5434/23 3345/5399/23
f 3384/5458/23 3385/5459/23 3332/5373/23 3331/5371/23
f 3386/5460/23 3384/5458/23 3331/5371/23 3335/5379/23
f 3387/5461/23 3386/5460/23 3335/5379/23 3337/5383/23
f 3368/5442/25 3369/5443/25 3336/5381/25 3334/5377/25
f 3388/5462/23 3387/5461/23 3337/5383/23 3339/5387/23
f 3369/5443/25 3370/5444/25 3338/5385/25 3336/5381/25
f 3389/5463/23 3388/5462/23 3339/5387/23 3341/5391/23
f 3370/5444/25 3371/5445/25 3340/5389/25 3338/5385/25
f 3390/5464/23 3389/5463/23 3341/5391/23 3343/5394/23
f 3371/5445/25 3372/5446/25 3342/5393/25 3340/5389/25
f 3400/5474/23 3390/5464/23 3343/5394/23 3363/5434/23
f 3372/5446/25 3373/5447/25 3344/5397/25 3342/5393/25
f 3392/5466/23 3393/5467/23 3348/5405/23 3347/5403/23
f 3383/5457/25 3374/5448/25 3346/5401/25 3364/5437/25
f 3394/5468/23 3392/5466/23 3347/5403/23 3351/5411/23
f 3375/5449/25 3376/5450/25 3350/5409/25 3349/5407/25
f 3395/5469/23 3394/5468/23 3351/5411/23 3353/5415/23
f 3376/5450/25 3377/5451/25 3352/5413/25 3350/5409/25
f 3396/5470/23 3395/5469/23 3353/5415/23 3355/5419/23
f 3377/5451/25 3378/5452/25 3354/5417/25 3352/5413/25
f 3397/5471/23 3396/5470/23 3355/5419/23 3357/5423/23
f 3378/5452/25 3379/5453/25 3356/5421/25 3354/5417/25
f 3398/5472/23 3397/5471/23 3357/5423/23 3359/5427/23
f 3379/5453/25 3380/5454/25 3358/5425/25 3356/5421/25
f 3380/5454/25 3381/5455/25 3360/5429/25 3358/5425/25
f 3399/5473/23 3398/5472/23 3359/5427/23 3361/5431/23
f 3381/5455/25 3382/5456/25 3362/5433/25 3360/5429/25
f 3385/5459/23 3399/5473/23 3361/5431/23 3332/5373/23
f 3382/5456/25 3367/5441/25 3333/5375/25 3362/5433/25
f 3393/5467/23 3391/5465/23 3345/5399/23 3348/5405/23
f 3343/5395/894 3344/5396/893 3364/5436/896 3363/5435/895
f 3319/5351/911 3310/5334/912 3312/5338/913 3325/5357/914
f 3325/5357/914 3312/5338/913 3313/5340/915 3324/5356/916
f 3324/5356/916 3313/5340/915 3314/5342/917 3323/5355/918
f 3323/5355/918 3314/5342/917 3315/5344/919 3322/5354/920
f 3322/5354/920 3315/5344/919 3316/5346/921 3321/5353/922
f 3321/5353/922 3316/5346/921 3317/5348/923 3320/5352/924
f 3320/5352/924 3317/5348/923 3311/5336/925 3318/5350/926
f 3318/5350/926 3311/5336/925 3302/5318/927 3295/5311/928
f 3295/5311/928 3302/5318/927 3366/5439/929 3365/5438/930
f 3365/5438/930 3366/5439/929 3304/5322/931 3301/5317/932
f 3301/5317/932 3304/5322/931 3305/5324/933 3300/5316/934
f 3300/5316/934 3305/5324/933 3306/5326/935 3299/5315/936
f 3299/5315/936 3306/5326/935 3307/5328/937 3298/5314/938
f 3298/5314/938 3307/5328/937 3308/5330/939 3297/5313/940
f 3297/5313/940 3308/5330/939 3309/5332/941 3296/5312/942
f 3296/5312/942 3309/5332/941 3303/5320/943 3294/5310/944
f 3294/5310/944 3303/5320/943 3310/5334/912 3319/5351/911
f 3374/5448/25 3375/5449/25 3349/5407/25 3346/5401/25
f 3383/5457/25 3364/5437/25 3344/5397/25 3373/5447/25
f 3303/5321/25 3309/5333/25 3368/5442/25 3367/5441/25
f 3366/5440/25 3383/5457/25 3373/5447/25 3304/5323/25
f 3302/5319/25 3311/5337/25 3375/5449/25 3374/5448/25
f 3310/5335/25 3303/5321/25 3367/5441/25 3382/5456/25
f 3312/5339/25 3310/5335/25 3382/5456/25 3381/5455/25
f 3313/5341/25 3312/5339/25 3381/5455/25 3380/5454/25
f 3314/5343/25 3313/5341/25 3380/5454/25 3379/5453/25
f 3315/5345/25 3314/5343/25 3379/5453/25 3378/5452/25
f 3316/5347/25 3315/5345/25 3378/5452/25 3377/5451/25
f 3317/5349/25 3316/5347/25 3377/5451/25 3376/5450/25
f 3311/5337/25 3317/5349/25 3376/5450/25 3375/5449/25
f 3366/5440/25 3302/5319/25 3374/5448/25 3383/5457/25
f 3305/5325/25 3304/5323/25 3373/5447/25 3372/5446/25
f 3306/5327/25 3305/5325/25 3372/5446/25 3371/5445/25
f 3307/5329/25 3306/5327/25 3371/5445/25 3370/5444/25
f 3308/5331/25 3307/5329/25 3370/5444/25 3369/5443/25
f 3309/5333/25 3308/5331/25 3369/5443/25 3368/5442/25
f 3318/5350/23 3295/5311/23 3391/5465/23 3393/5467/23
f 3294/5310/23 3319/5351/23 3399/5473/23 3385/5459/23
f 3319/5351/23 3325/5357/23 3398/5472/23 3399/5473/23
f 3325/5357/23 3324/5356/23 3397/5471/23 3398/5472/23
f 3324/5356/23 3323/5355/23 3396/5470/23 3397/5471/23
f 3323/5355/23 3322/5354/23 3395/5469/23 3396/5470/23
f 3322/5354/23 3321/5353/23 3394/5468/23 3395/5469/23
f 3321/5353/23 3320/5352/23 3392/5466/23 3394/5468/23
f 3320/5352/23 3318/5350/23 3393/5467/23 3392/5466/23
f 3365/5438/23 3301/5317/23 3390/5464/23 3400/5474/23
f 3301/5317/23 3300/5316/23 3389/5463/23 3390/5464/23
f 3300/5316/23 3299/5315/23 3388/5462/23 3389/5463/23
f 3299/5315/23 3298/5314/23 3387/5461/23 3388/5462/23
f 3298/5314/23 3297/5313/23 3386/5460/23 3387/5461/23
f 3297/5313/23 3296/5312/23 3384/5458/23 3386/5460/23
f 3296/5312/23 3294/5310/23 3385/5459/23 3384/5458/23
f 3295/5311/23 3365/5438/23 3400/5474/23 3391/5465/23
f 3367/5441/25 3368/5442/25 3334/5377/25 3333/5375/25
f 3419/5520/146 3420/5522/146 3406/5488/146 3401/5475/146
f 3427/5537/23 3402/5479/23 3416/5515/23 3434/5551/23
f 3428/5539/41 3427/5536/41 3403/5481/41 3401/5476/41
f 3428/5538/23 3429/5540/23 3405/5487/23 3404/5485/23
f 3429/5540/40 3430/5541/40 3407/5490/40 3405/5487/40
f 3420/5522/40 3421/5523/40 3408/5492/40 3406/5488/40
f 3432/5546/25 3433/5548/25 3413/5508/25 3409/5496/25
f 3472/5614/23 3431/5544/23 3412/5506/23 3469/5606/23
f 3471/5612/146 3423/5527/146 3411/5502/146 3470/5608/146
f 3432/5545/41 3431/5543/41 3411/5503/41 3410/5498/41
f 3424/5529/145 3422/5525/145 3414/5510/145 3410/5499/145
f 3417/5517/146 3403/5482/146 3415/5513/945 3425/5532/946
f 3282/5290/146 3417/5517/146 3425/5532/946 3290/5304/146
f 3434/5549/40 3416/5516/40 3426/5534/40 3435/5552/40
f 3289/5302/145 3287/5298/145 3422/5525/145 3424/5529/145
f 3410/5500/41 3411/5504/41 3423/5528/41 3424/5530/41
f 3330/5368/146 3288/5300/146 3423/5527/146 3471/5612/146
f 3285/5295/40 3286/5296/40 3421/5523/40 3420/5522/40
f 3401/5477/41 3403/5483/41 3417/5518/41 3419/5521/41
f 3433/5547/41 3414/5511/41 3422/5526/41 3436/5557/41
f 3284/5293/146 3285/5295/146 3420/5522/146 3419/5520/146
f 3413/5509/41 3433/5547/41 3436/5557/41 3418/5519/41
f 3409/5497/41 3412/5507/41 3431/5543/41 3432/5545/41
f 3470/5609/23 3411/5505/23 3431/5544/23 3472/5614/23
f 3410/5501/25 3414/5512/25 3433/5548/25 3432/5546/25
f 3406/5489/40 3408/5493/40 3430/5541/40 3429/5540/40
f 3401/5478/23 3406/5489/23 3429/5540/23 3428/5538/23
f 3404/5486/41 3402/5480/41 3427/5536/41 3428/5539/41
f 3403/5484/23 3427/5537/23 3434/5551/23 3415/5514/23
f 3435/5553/947 3490/5650/948 3491/5652/949 3434/5550/947
f 3475/5620/950 3504/5678/951 3503/5676/952 3474/5618/950
f 3425/5531/40 3435/5554/40 3293/5308/40 3290/5305/40
f 3418/5519/41 3436/5557/41 3292/5307/41 3283/5292/41
f 3436/5557/41 3422/5526/41 3287/5299/41 3292/5307/41
f 3419/5521/41 3417/5518/41 3282/5291/41 3284/5294/41
f 3424/5530/41 3423/5528/41 3288/5301/41 3289/5303/41
f 3435/5555/40 3426/5535/40 3291/5306/40 3293/5309/40
f 3474/5618/950 3473/5616/953 3476/5622/954 3475/5620/950
f 3473/5616/953 3477/5624/955 3478/5626/956 3476/5622/954
f 3477/5624/955 3479/5628/957 3480/5630/958 3478/5626/956
f 3479/5628/957 3481/5632/959 3482/5634/960 3480/5630/958
f 3481/5632/959 3483/5636/961 3484/5638/962 3482/5634/960
f 3483/5636/961 3485/5641/963 3486/5642/964 3484/5638/962
f 3505/5681/965 3487/5644/966 3488/5646/967 3506/5682/968
f 3490/5650/948 3489/5648/969 3492/5654/970 3491/5652/949
f 3489/5648/969 3493/5656/971 3494/5658/972 3492/5654/970
f 3493/5656/971 3495/5660/973 3496/5662/974 3494/5658/972
f 3495/5660/973 3497/5664/975 3498/5666/976 3496/5662/974
f 3497/5664/975 3499/5668/977 3500/5670/978 3498/5666/976
f 3499/5668/977 3501/5672/979 3502/5674/980 3500/5670/978
f 3501/5672/979 3503/5676/952 3504/5678/951 3502/5674/980
f 3415/5513/945 3488/5646/967 3487/5644/966 3425/5532/946
f 3434/5551/23 3491/5653/23 3488/5647/23 3415/5514/23
f 3425/5533/25 3487/5645/25 3490/5651/25 3435/5556/25
f 3408/5494/23 3470/5610/23 3472/5615/23 3430/5542/23
f 3286/5297/146 3330/5369/146 3471/5613/146 3421/5524/146
f 3421/5524/146 3471/5613/146 3470/5611/146 3408/5495/146
f 3430/5542/23 3472/5615/23 3469/5607/23 3407/5491/23
f 3533/5711/25 3487/5645/25 3505/5680/25 3542/5720/25
f 3526/5704/25 3473/5617/25 3474/5619/25 3527/5705/25
f 3528/5706/25 3477/5625/25 3473/5617/25 3526/5704/25
f 3529/5707/25 3479/5629/25 3477/5625/25 3528/5706/25
f 3510/5688/23 3476/5623/23 3478/5627/23 3511/5689/23
f 3530/5708/25 3481/5633/25 3479/5629/25 3529/5707/25
f 3511/5689/23 3478/5627/23 3480/5631/23 3512/5690/23
f 3531/5709/25 3483/5637/25 3481/5633/25 3530/5708/25
f 3512/5690/23 3480/5631/23 3482/5635/23 3513/5691/23
f 3532/5710/25 3485/5640/25 3483/5637/25 3531/5709/25
f 3513/5691/23 3482/5635/23 3484/5639/23 3514/5692/23
f 3542/5720/25 3505/5680/25 3485/5640/25 3532/5710/25
f 3514/5692/23 3484/5639/23 3486/5643/23 3515/5693/23
f 3534/5712/25 3489/5649/25 3490/5651/25 3535/5713/25
f 3525/5703/23 3506/5683/23 3488/5647/23 3516/5694/23
f 3536/5714/25 3493/5657/25 3489/5649/25 3534/5712/25
f 3517/5695/23 3491/5653/23 3492/5655/23 3518/5696/23
f 3537/5715/25 3495/5661/25 3493/5657/25 3536/5714/25
f 3518/5696/23 3492/5655/23 3494/5659/23 3519/5697/23
f 3538/5716/25 3497/5665/25 3495/5661/25 3537/5715/25
f 3519/5697/23 3494/5659/23 3496/5663/23 3520/5698/23
f 3539/5717/25 3499/5669/25 3497/5665/25 3538/5716/25
f 3520/5698/23 3496/5663/23 3498/5667/23 3521/5699/23
f 3540/5718/25 3501/5673/25 3499/5669/25 3539/5717/25
f 3521/5699/23 3498/5667/23 3500/5671/23 3522/5700/23
f 3522/5700/23 3500/5671/23 3502/5675/23 3523/5701/23
f 3541/5719/25 3503/5677/25 3501/5673/25 3540/5718/25
f 3523/5701/23 3502/5675/23 3504/5679/23 3524/5702/23
f 3527/5705/25 3474/5619/25 3503/5677/25 3541/5719/25
f 3524/5702/23 3504/5679/23 3475/5621/23 3509/5687/23
f 3535/5713/25 3490/5651/25 3487/5645/25 3533/5711/25
f 3485/5641/963 3505/5681/965 3506/5682/968 3486/5642/964
f 3462/5599/981 3468/5605/982 3455/5586/983 3453/5582/984
f 3468/5605/982 3467/5604/985 3456/5588/986 3455/5586/983
f 3467/5604/985 3466/5603/987 3457/5590/988 3456/5588/986
f 3466/5603/987 3465/5602/989 3458/5592/990 3457/5590/988
f 3465/5602/989 3464/5601/991 3459/5594/992 3458/5592/990
f 3464/5601/991 3463/5600/993 3460/5596/994 3459/5594/992
f 3463/5600/993 3461/5598/995 3454/5584/996 3460/5596/994
f 3461/5598/995 3438/5559/997 3445/5566/998 3454/5584/996
f 3438/5559/997 3507/5684/999 3508/5685/1000 3445/5566/998
f 3507/5684/999 3444/5565/1001 3447/5570/1002 3508/5685/1000
f 3444/5565/1001 3443/5564/1003 3448/5572/1004 3447/5570/1002
f 3443/5564/1003 3442/5563/1005 3449/5574/1006 3448/5572/1004
f 3442/5563/1005 3441/5562/1007 3450/5576/1008 3449/5574/1006
f 3441/5562/1007 3440/5561/1009 3451/5578/1010 3450/5576/1008
f 3440/5561/1009 3439/5560/1011 3452/5580/1012 3451/5578/1010
f 3439/5560/1011 3437/5558/1013 3446/5568/1014 3452/5580/1012
f 3437/5558/1013 3462/5599/981 3453/5582/984 3446/5568/1014
f 3516/5694/23 3488/5647/23 3491/5653/23 3517/5695/23
f 3525/5703/23 3515/5693/23 3486/5643/23 3506/5683/23
f 3446/5569/23 3509/5687/23 3510/5688/23 3452/5581/23
f 3508/5686/23 3447/5571/23 3515/5693/23 3525/5703/23
f 3445/5567/23 3516/5694/23 3517/5695/23 3454/5585/23
f 3453/5583/23 3524/5702/23 3509/5687/23 3446/5569/23
f 3455/5587/23 3523/5701/23 3524/5702/23 3453/5583/23
f 3456/5589/23 3522/5700/23 3523/5701/23 3455/5587/23
f 3457/5591/23 3521/5699/23 3522/5700/23 3456/5589/23
f 3458/5593/23 3520/5698/23 3521/5699/23 3457/5591/23
f 3459/5595/23 3519/5697/23 3520/5698/23 3458/5593/23
f 3460/5597/23 3518/5696/23 3519/5697/23 3459/5595/23
f 3454/5585/23 3517/5695/23 3518/5696/23 3460/5597/23
f 3508/5686/23 3525/5703/23 3516/5694/23 3445/5567/23
f 3448/5573/23 3514/5692/23 3515/5693/23 3447/5571/23
f 3449/5575/23 3513/5691/23 3514/5692/23 3448/5573/23
f 3450/5577/23 3512/5690/23 3513/5691/23 3449/5575/23
f 3451/5579/23 3511/5689/23 3512/5690/23 3450/5577/23
f 3452/5581/23 3510/5688/23 3511/5689/23 3451/5579/23
f 3461/5598/25 3535/5713/25 3533/5711/25 3438/5559/25
f 3437/5558/25 3527/5705/25 3541/5719/25 3462/5599/25
f 3462/5599/25 3541/5719/25 3540/5718/25 3468/5605/25
f 3468/5605/25 3540/5718/25 3539/5717/25 3467/5604/25
f 3467/5604/25 3539/5717/25 3538/5716/25 3466/5603/25
f 3466/5603/25 3538/5716/25 3537/5715/25 3465/5602/25
f 3465/5602/25 3537/5715/25 3536/5714/25 3464/5601/25
f 3464/5601/25 3536/5714/25 3534/5712/25 3463/5600/25
f 3463/5600/25 3534/5712/25 3535/5713/25 3461/5598/25
f 3507/5684/25 3542/5720/25 3532/5710/25 3444/5565/25
f 3444/5565/25 3532/5710/25 3531/5709/25 3443/5564/25
f 3443/5564/25 3531/5709/25 3530/5708/25 3442/5563/25
f 3442/5563/25 3530/5708/25 3529/5707/25 3441/5562/25
f 3441/5562/25 3529/5707/25 3528/5706/25 3440/5561/25
f 3440/5561/25 3528/5706/25 3526/5704/25 3439/5560/25
f 3439/5560/25 3526/5704/25 3527/5705/25 3437/5558/25
f 3438/5559/25 3533/5711/25 3542/5720/25 3507/5684/25
f 3509/5687/23 3475/5621/23 3476/5623/23 3510/5688/23
f 3552/5750/145 3553/5752/145 3545/5729/145 3543/5721/145
f 3559/5765/25 3247/5211/25 3261/5247/25 3566/5779/25
f 3560/5767/41 3559/5764/41 3544/5725/41 3543/5722/41
f 3560/5766/25 3561/5768/25 3250/5219/25 3249/5217/25
f 3561/5768/40 3562/5769/40 3252/5222/40 3250/5219/40
f 3553/5752/40 3554/5753/40 3546/5731/40 3545/5729/40
f 3564/5774/23 3565/5776/23 3258/5240/23 3254/5228/23
f 3613/5858/25 3563/5772/25 3257/5238/25 3326/5358/25
f 3612/5856/145 3556/5757/145 3548/5739/145 3611/5852/145
f 3564/5773/41 3563/5771/41 3548/5740/41 3547/5735/41
f 3557/5759/146 3555/5755/146 3549/5743/146 3547/5736/146
f 3551/5748/145 3544/5726/145 3550/5746/1015 3558/5762/1016
f 3569/5786/145 3551/5748/145 3558/5762/1016 3576/5799/145
f 3566/5777/40 3261/5248/40 3271/5266/40 3567/5780/40
f 3575/5797/146 3573/5793/146 3555/5755/146 3557/5759/146
f 3547/5737/41 3548/5741/41 3556/5758/41 3557/5760/41
f 3614/5860/145 3574/5795/145 3556/5757/145 3612/5856/145
f 3571/5790/40 3572/5791/40 3554/5753/40 3553/5752/40
f 3543/5723/41 3544/5727/41 3551/5749/41 3552/5751/41
f 3565/5775/41 3549/5744/41 3555/5756/41 3568/5785/41
f 3570/5788/145 3571/5790/145 3553/5752/145 3552/5750/145
f 3258/5241/41 3565/5775/41 3568/5785/41 3263/5251/41
f 3254/5229/41 3257/5239/41 3563/5771/41 3564/5773/41
f 3611/5853/25 3548/5742/25 3563/5772/25 3613/5858/25
f 3547/5738/23 3549/5745/23 3565/5776/23 3564/5774/23
f 3545/5730/40 3546/5732/40 3562/5769/40 3561/5768/40
f 3543/5724/25 3545/5730/25 3561/5768/25 3560/5766/25
f 3249/5218/41 3247/5212/41 3559/5764/41 3560/5767/41
f 3544/5728/25 3559/5765/25 3566/5779/25 3550/5747/25
f 3567/5781/1017 3632/5896/1018 3633/5898/1019 3566/5778/1017
f 3617/5866/1020 3646/5924/1021 3645/5922/1022 3616/5864/1020
f 3558/5761/40 3567/5782/40 3578/5802/40 3576/5800/40
f 3263/5251/41 3568/5785/41 3577/5801/41 3283/5292/41
f 3568/5785/41 3555/5756/41 3573/5794/41 3577/5801/41
f 3552/5751/41 3551/5749/41 3569/5787/41 3570/5789/41
f 3557/5760/41 3556/5758/41 3574/5796/41 3575/5798/41
f 3567/5783/40 3271/5267/40 3291/5306/40 3578/5803/40
f 3616/5864/1020 3615/5862/1023 3618/5868/1024 3617/5866/1020
f 3615/5862/1023 3619/5870/1025 3620/5872/1026 3618/5868/1024
f 3619/5870/1025 3621/5874/1027 3622/5876/1028 3620/5872/1026
f 3621/5874/1027 3623/5878/1029 3624/5880/1030 3622/5876/1028
f 3623/5878/1029 3625/5882/1031 3626/5884/1032 3624/5880/1030
f 3625/5882/1031 3627/5887/1033 3628/5888/1034 3626/5884/1032
f 3647/5927/1035 3629/5890/1036 3630/5892/1037 3648/5928/1038
f 3632/5896/1018 3631/5894/1039 3634/5900/1040 3633/5898/1019
f 3631/5894/1039 3635/5902/1041 3636/5904/1042 3634/5900/1040
f 3635/5902/1041 3637/5906/1043 3638/5908/1044 3636/5904/1042
f 3637/5906/1043 3639/5910/1045 3640/5912/1046 3638/5908/1044
f 3639/5910/1045 3641/5914/1047 3642/5916/1048 3640/5912/1046
f 3641/5914/1047 3643/5918/1049 3644/5920/1050 3642/5916/1048
f 3643/5918/1049 3645/5922/1022 3646/5924/1021 3644/5920/1050
f 3550/5746/1015 3630/5892/1037 3629/5890/1036 3558/5762/1016
f 3566/5779/25 3633/5899/25 3630/5893/25 3550/5747/25
f 3558/5763/23 3629/5891/23 3632/5897/23 3567/5784/23
f 3546/5733/25 3611/5854/25 3613/5859/25 3562/5770/25
f 3572/5792/145 3614/5861/145 3612/5857/145 3554/5754/145
f 3554/5754/145 3612/5857/145 3611/5855/145 3546/5734/145
f 3562/5770/25 3613/5859/25 3326/5359/25 3252/5223/25
f 3675/5957/23 3629/5891/23 3647/5926/23 3684/5966/23
f 3668/5950/23 3615/5863/23 3616/5865/23 3669/5951/23
f 3670/5952/23 3619/5871/23 3615/5863/23 3668/5950/23
f 3671/5953/23 3621/5875/23 3619/5871/23 3670/5952/23
f 3652/5934/25 3618/5869/25 3620/5873/25 3653/5935/25
f 3672/5954/23 3623/5879/23 3621/5875/23 3671/5953/23
f 3653/5935/25 3620/5873/25 3622/5877/25 3654/5936/25
f 3673/5955/23 3625/5883/23 3623/5879/23 3672/5954/23
f 3654/5936/25 3622/5877/25 3624/5881/25 3655/5937/25
f 3674/5956/23 3627/5886/23 3625/5883/23 3673/5955/23
f 3655/5937/25 3624/5881/25 3626/5885/25 3656/5938/25
f 3684/5966/23 3647/5926/23 3627/5886/23 3674/5956/23
f 3656/5938/25 3626/5885/25 3628/5889/25 3657/5939/25
f 3676/5958/23 3631/5895/23 3632/5897/23 3677/5959/23
f 3667/5949/25 3648/5929/25 3630/5893/25 3658/5940/25
f 3678/5960/23 3635/5903/23 3631/5895/23 3676/5958/23
f 3659/5941/25 3633/5899/25 3634/5901/25 3660/5942/25
f 3679/5961/23 3637/5907/23 3635/5903/23 3678/5960/23
f 3660/5942/25 3634/5901/25 3636/5905/25 3661/5943/25
f 3680/5962/23 3639/5911/23 3637/5907/23 3679/5961/23
f 3661/5943/25 3636/5905/25 3638/5909/25 3662/5944/25
f 3681/5963/23 3641/5915/23 3639/5911/23 3680/5962/23
f 3662/5944/25 3638/5909/25 3640/5913/25 3663/5945/25
f 3682/5964/23 3643/5919/23 3641/5915/23 3681/5963/23
f 3663/5945/25 3640/5913/25 3642/5917/25 3664/5946/25
f 3664/5946/25 3642/5917/25 3644/5921/25 3665/5947/25
f 3683/5965/23 3645/5923/23 3643/5919/23 3682/5964/23
f 3665/5947/25 3644/5921/25 3646/5925/25 3666/5948/25
f 3669/5951/23 3616/5865/23 3645/5923/23 3683/5965/23
f 3666/5948/25 3646/5925/25 3617/5867/25 3651/5933/25
f 3677/5959/23 3632/5897/23 3629/5891/23 3675/5957/23
f 3627/5887/1033 3647/5927/1035 3648/5928/1038 3628/5888/1034
f 3604/5845/1051 3610/5851/1052 3597/5832/1053 3595/5828/1054
f 3610/5851/1052 3609/5850/1055 3598/5834/1056 3597/5832/1053
f 3609/5850/1055 3608/5849/1057 3599/5836/1058 3598/5834/1056
f 3608/5849/1057 3607/5848/1059 3600/5838/1060 3599/5836/1058
f 3607/5848/1059 3606/5847/1061 3601/5840/1062 3600/5838/1060
f 3606/5847/1061 3605/5846/1063 3602/5842/1064 3601/5840/1062
f 3605/5846/1063 3603/5844/1065 3596/5830/1066 3602/5842/1064
f 3603/5844/1065 3580/5805/1067 3587/5812/1068 3596/5830/1066
f 3580/5805/1067 3649/5930/1069 3650/5931/1070 3587/5812/1068
f 3649/5930/1069 3586/5811/1071 3589/5816/1072 3650/5931/1070
f 3586/5811/1071 3585/5810/1073 3590/5818/1074 3589/5816/1072
f 3585/5810/1073 3584/5809/1075 3591/5820/1076 3590/5818/1074
f 3584/5809/1075 3583/5808/1077 3592/5822/1078 3591/5820/1076
f 3583/5808/1077 3582/5807/1079 3593/5824/1080 3592/5822/1078
f 3582/5807/1079 3581/5806/1081 3594/5826/1082 3593/5824/1080
f 3581/5806/1081 3579/5804/1083 3588/5814/1084 3594/5826/1082
f 3579/5804/1083 3604/5845/1051 3595/5828/1054 3588/5814/1084
f 3658/5940/25 3630/5893/25 3633/5899/25 3659/5941/25
f 3667/5949/25 3657/5939/25 3628/5889/25 3648/5929/25
f 3588/5815/25 3651/5933/25 3652/5934/25 3594/5827/25
f 3650/5932/25 3589/5817/25 3657/5939/25 3667/5949/25
f 3587/5813/25 3658/5940/25 3659/5941/25 3596/5831/25
f 3595/5829/25 3666/5948/25 3651/5933/25 3588/5815/25
f 3597/5833/25 3665/5947/25 3666/5948/25 3595/5829/25
f 3598/5835/25 3664/5946/25 3665/5947/25 3597/5833/25
f 3599/5837/25 3663/5945/25 3664/5946/25 3598/5835/25
f 3600/5839/25 3662/5944/25 3663/5945/25 3599/5837/25
f 3601/5841/25 3661/5943/25 3662/5944/25 3600/5839/25
f 3602/5843/25 3660/5942/25 3661/5943/25 3601/5841/25
f 3596/5831/25 3659/5941/25 3660/5942/25 3602/5843/25
f 3650/5932/25 3667/5949/25 3658/5940/25 3587/5813/25
f 3590/5819/25 3656/5938/25 3657/5939/25 3589/5817/25
f 3591/5821/25 3655/5937/25 3656/5938/25 3590/5819/25
f 3592/5823/25 3654/5936/25 3655/5937/25 3591/5821/25
f 3593/5825/25 3653/5935/25 3654/5936/25 3592/5823/25
f 3594/5827/25 3652/5934/25 3653/5935/25 3593/5825/25
f 3603/5844/23 3677/5959/23 3675/5957/23 3580/5805/23
f 3579/5804/23 3669/5951/23 3683/5965/23 3604/5845/23
f 3604/5845/23 3683/5965/23 3682/5964/23 3610/5851/23
f 3610/5851/23 3682/5964/23 3681/5963/23 3609/5850/23
f 3609/5850/23 3681/5963/23 3680/5962/23 3608/5849/23
f 3608/5849/23 3680/5962/23 3679/5961/23 3607/5848/23
f 3607/5848/23 3679/5961/23 3678/5960/23 3606/5847/23
f 3606/5847/23 3678/5960/23 3676/5958/23 3605/5846/23
f 3605/5846/23 3676/5958/23 3677/5959/23 3603/5844/23
f 3649/5930/23 3684/5966/23 3674/5956/23 3586/5811/23
f 3586/5811/23 3674/5956/23 3673/5955/23 3585/5810/23
f 3585/5810/23 3673/5955/23 3672/5954/23 3584/5809/23
f 3584/5809/23 3672/5954/23 3671/5953/23 3583/5808/23
f 3583/5808/23 3671/5953/23 3670/5952/23 3582/5807/23
f 3582/5807/23 3670/5952/23 3668/5950/23 3581/5806/23
f 3581/5806/23 3668/5950/23 3669/5951/23 3579/5804/23
f 3580/5805/23 3675/5957/23 3684/5966/23 3649/5930/23
f 3651/5933/25 3617/5867/25 3618/5869/25 3652/5934/25
f 3694/5996/145 3685/5967/145 3687/5975/145 3695/5998/145
f 3701/6011/23 3708/6025/23 3416/5515/23 3402/5479/23
f 3702/6013/41 3685/5968/41 3686/5971/41 3701/6010/41
f 3702/6012/23 3404/5485/23 3405/5487/23 3703/6014/23
f 3703/6014/40 3405/5487/40 3407/5490/40 3704/6015/40
f 3695/5998/40 3687/5975/40 3688/5977/40 3696/5999/40
f 3706/6020/25 3409/5496/25 3413/5508/25 3707/6022/25
f 3745/6086/23 3469/5606/23 3412/5506/23 3705/6018/23
f 3744/6084/145 3743/6080/145 3690/5985/145 3698/6003/145
f 3706/6019/41 3689/5981/41 3690/5986/41 3705/6017/41
f 3699/6005/146 3689/5982/146 3691/5989/146 3697/6001/146
f 3693/5994/145 3700/6008/1085 3692/5992/1086 3686/5972/145
f 3569/5786/145 3576/5799/145 3700/6008/1085 3693/5994/145
f 3708/6023/40 3709/6026/40 3426/5534/40 3416/5516/40
f 3575/5797/146 3699/6005/146 3697/6001/146 3573/5793/146
f 3689/5983/41 3699/6006/41 3698/6004/41 3690/5987/41
f 3614/5860/145 3744/6084/145 3698/6003/145 3574/5795/145
f 3571/5790/40 3695/5998/40 3696/5999/40 3572/5791/40
f 3685/5969/41 3694/5997/41 3693/5995/41 3686/5973/41
f 3707/6021/41 3710/6031/41 3697/6002/41 3691/5990/41
f 3570/5788/145 3694/5996/145 3695/5998/145 3571/5790/145
f 3413/5509/41 3418/5519/41 3710/6031/41 3707/6021/41
f 3409/5497/41 3706/6019/41 3705/6017/41 3412/5507/41
f 3743/6081/23 3745/6086/23 3705/6018/23 3690/5988/23
f 3689/5984/25 3706/6020/25 3707/6022/25 3691/5991/25
f 3687/5976/40 3703/6014/40 3704/6015/40 3688/5978/40
f 3685/5970/23 3702/6012/23 3703/6014/23 3687/5976/23
f 3404/5486/41 3702/6013/41 3701/6010/41 3402/5480/41
f 3686/5974/23 3692/5993/23 3708/6025/23 3701/6011/23
f 3709/6027/1087 3708/6024/1087 3764/6124/1088 3763/6122/1089
f 3748/6092/1090 3747/6090/1090 3776/6148/1091 3777/6150/1092
f 3700/6007/40 3576/5800/40 3578/5802/40 3709/6028/40
f 3418/5519/41 3283/5292/41 3577/5801/41 3710/6031/41
f 3710/6031/41 3577/5801/41 3573/5794/41 3697/6002/41
f 3694/5997/41 3570/5789/41 3569/5787/41 3693/5995/41
f 3699/6006/41 3575/5798/41 3574/5796/41 3698/6004/41
f 3709/6029/40 3578/5803/40 3291/5306/40 3426/5535/40
f 3747/6090/1090 3748/6092/1090 3749/6094/1093 3746/6088/1094
f 3746/6088/1094 3749/6094/1093 3751/6098/1095 3750/6096/1096
f 3750/6096/1096 3751/6098/1095 3753/6102/1097 3752/6100/1098
f 3752/6100/1098 3753/6102/1097 3755/6106/1099 3754/6104/1100
f 3754/6104/1100 3755/6106/1099 3757/6110/1101 3756/6108/1102
f 3756/6108/1102 3757/6110/1101 3759/6114/1103 3758/6113/1104
f 3778/6153/1105 3779/6154/1106 3761/6118/1107 3760/6116/1108
f 3763/6122/1089 3764/6124/1088 3765/6126/1109 3762/6120/1110
f 3762/6120/1110 3765/6126/1109 3767/6130/1111 3766/6128/1112
f 3766/6128/1112 3767/6130/1111 3769/6134/1113 3768/6132/1114
f 3768/6132/1114 3769/6134/1113 3771/6138/1115 3770/6136/1116
f 3770/6136/1116 3771/6138/1115 3773/6142/1117 3772/6140/1118
f 3772/6140/1118 3773/6142/1117 3775/6146/1119 3774/6144/1120
f 3774/6144/1120 3775/6146/1119 3777/6150/1092 3776/6148/1091
f 3692/5992/1086 3700/6008/1085 3760/6116/1108 3761/6118/1107
f 3708/6025/23 3692/5993/23 3761/6119/23 3764/6125/23
f 3700/6009/25 3709/6030/25 3763/6123/25 3760/6117/25
f 3688/5979/23 3704/6016/23 3745/6087/23 3743/6082/23
f 3572/5792/145 3696/6000/145 3744/6085/145 3614/5861/145
f 3696/6000/145 3688/5980/145 3743/6083/145 3744/6085/145
f 3704/6016/23 3407/5491/23 3469/5607/23 3745/6087/23
f 3806/6183/25 3815/6192/25 3778/6152/25 3760/6117/25
f 3799/6176/25 3800/6177/25 3747/6091/25 3746/6089/25
f 3801/6178/25 3799/6176/25 3746/6089/25 3750/6097/25
f 3802/6179/25 3801/6178/25 3750/6097/25 3752/6101/25
f 3783/6160/23 3784/6161/23 3751/6099/23 3749/6095/23
f 3803/6180/25 3802/6179/25 3752/6101/25 3754/6105/25
f 3784/6161/23 3785/6162/23 3753/6103/23 3751/6099/23
f 3804/6181/25 3803/6180/25 3754/6105/25 3756/6109/25
f 3785/6162/23 3786/6163/23 3755/6107/23 3753/6103/23
f 3805/6182/25 3804/6181/25 3756/6109/25 3758/6112/25
f 3786/6163/23 3787/6164/23 3757/6111/23 3755/6107/23
f 3815/6192/25 3805/6182/25 3758/6112/25 3778/6152/25
f 3787/6164/23 3788/6165/23 3759/6115/23 3757/6111/23
f 3807/6184/25 3808/6185/25 3763/6123/25 3762/6121/25
f 3798/6175/23 3789/6166/23 3761/6119/23 3779/6155/23
f 3809/6186/25 3807/6184/25 3762/6121/25 3766/6129/25
f 3790/6167/23 3791/6168/23 3765/6127/23 3764/6125/23
f 3810/6187/25 3809/6186/25 3766/6129/25 3768/6133/25
f 3791/6168/23 3792/6169/23 3767/6131/23 3765/6127/23
f 3811/6188/25 3810/6187/25 3768/6133/25 3770/6137/25
f 3792/6169/23 3793/6170/23 3769/6135/23 3767/6131/23
f 3812/6189/25 3811/6188/25 3770/6137/25 3772/6141/25
f 3793/6170/23 3794/6171/23 3771/6139/23 3769/6135/23
f 3813/6190/25 3812/6189/25 3772/6141/25 3774/6145/25
f 3794/6171/23 3795/6172/23 3773/6143/23 3771/6139/23
f 3795/6172/23 3796/6173/23 3775/6147/23 3773/6143/23
f 3814/6191/25 3813/6190/25 3774/6145/25 3776/6149/25
f 3796/6173/23 3797/6174/23 3777/6151/23 3775/6147/23
f 3800/6177/25 3814/6191/25 3776/6149/25 3747/6091/25
f 3797/6174/23 3782/6159/23 3748/6093/23 3777/6151/23
f 3808/6185/25 3806/6183/25 3760/6117/25 3763/6123/25
f 3758/6113/1104 3759/6114/1103 3779/6154/1106 3778/6153/1105
f 3736/6073/1121 3727/6056/1122 3729/6060/1123 3742/6079/1124
f 3742/6079/1124 3729/6060/1123 3730/6062/1125 3741/6078/1126
f 3741/6078/1126 3730/6062/1125 3731/6064/1127 3740/6077/1128
f 3740/6077/1128 3731/6064/1127 3732/6066/1129 3739/6076/1130
f 3739/6076/1130 3732/6066/1129 3733/6068/1131 3738/6075/1132
f 3738/6075/1132 3733/6068/1131 3734/6070/1133 3737/6074/1134
f 3737/6074/1134 3734/6070/1133 3728/6058/1135 3735/6072/1136
f 3735/6072/1136 3728/6058/1135 3719/6040/1137 3712/6033/1138
f 3712/6033/1138 3719/6040/1137 3781/6157/1139 3780/6156/1140
f 3780/6156/1140 3781/6157/1139 3721/6044/1141 3718/6039/1142
f 3718/6039/1142 3721/6044/1141 3722/6046/1143 3717/6038/1144
f 3717/6038/1144 3722/6046/1143 3723/6048/1145 3716/6037/1146
f 3716/6037/1146 3723/6048/1145 3724/6050/1147 3715/6036/1148
f 3715/6036/1148 3724/6050/1147 3725/6052/1149 3714/6035/1150
f 3714/6035/1150 3725/6052/1149 3726/6054/1151 3713/6034/1152
f 3713/6034/1152 3726/6054/1151 3720/6042/1153 3711/6032/1154
f 3711/6032/1154 3720/6042/1153 3727/6056/1122 3736/6073/1121
f 3789/6166/23 3790/6167/23 3764/6125/23 3761/6119/23
f 3798/6175/23 3779/6155/23 3759/6115/23 3788/6165/23
f 3720/6043/23 3726/6055/23 3783/6160/23 3782/6159/23
f 3781/6158/23 3798/6175/23 3788/6165/23 3721/6045/23
f 3719/6041/23 3728/6059/23 3790/6167/23 3789/6166/23
f 3727/6057/23 3720/6043/23 3782/6159/23 3797/6174/23
f 3729/6061/23 3727/6057/23 3797/6174/23 3796/6173/23
f 3730/6063/23 3729/6061/23 3796/6173/23 3795/6172/23
f 3731/6065/23 3730/6063/23 3795/6172/23 3794/6171/23
f 3732/6067/23 3731/6065/23 3794/6171/23 3793/6170/23
f 3733/6069/23 3732/6067/23 3793/6170/23 3792/6169/23
f 3734/6071/23 3733/6069/23 3792/6169/23 3791/6168/23
f 3728/6059/23 3734/6071/23 3791/6168/23 3790/6167/23
f 3781/6158/23 3719/6041/23 3789/6166/23 3798/6175/23
f 3722/6047/23 3721/6045/23 3788/6165/23 3787/6164/23
f 3723/6049/23 3722/6047/23 3787/6164/23 3786/6163/23
f 3724/6051/23 3723/6049/23 3786/6163/23 3785/6162/23
f 3725/6053/23 3724/6051/23 3785/6162/23 3784/6161/23
f 3726/6055/23 3725/6053/23 3784/6161/23 3783/6160/23
f 3735/6072/25 3712/6033/25 3806/6183/25 3808/6185/25
f 3711/6032/25 3736/6073/25 3814/6191/25 3800/6177/25
f 3736/6073/25 3742/6079/25 3813/6190/25 3814/6191/25
f 3742/6079/25 3741/6078/25 3812/6189/25 3813/6190/25
f 3741/6078/25 3740/6077/25 3811/6188/25 3812/6189/25
f 3740/6077/25 3739/6076/25 3810/6187/25 3811/6188/25
f 3739/6076/25 3738/6075/25 3809/6186/25 3810/6187/25
f 3738/6075/25 3737/6074/25 3807/6184/25 3809/6186/25
f 3737/6074/25 3735/6072/25 3808/6185/25 3807/6184/25
f 3780/6156/25 3718/6039/25 3805/6182/25 3815/6192/25
f 3718/6039/25 3717/6038/25 3804/6181/25 3805/6182/25
f 3717/6038/25 3716/6037/25 3803/6180/25 3804/6181/25
f 3716/6037/25 3715/6036/25 3802/6179/25 3803/6180/25
f 3715/6036/25 3714/6035/25 3801/6178/25 3802/6179/25
f 3714/6035/25 3713/6034/25 3799/6176/25 3801/6178/25
f 3713/6034/25 3711/6032/25 3800/6177/25 3799/6176/25
f 3712/6033/25 3780/6156/25 3815/6192/25 3806/6183/25
f 3782/6159/23 3783/6160/23 3749/6095/23 3748/6093/23
o DA01_PilaWaterCar_Bowl_Low
v -43.734009 10.900193 26.656580
v -43.734009 10.900193 27.039715
v -43.350079 11.446572 27.067492
v -43.222179 11.565572 26.657312
v -43.244972 11.446572 26.878925
v -43.514225 11.446572 27.193487
v -43.257832 11.565472 26.872458
v -43.359421 11.565313 27.054632
v -43.518639 11.565140 27.176178
v -43.734009 11.565062 27.218822
v -43.734009 10.990145 26.656580
v -43.332867 11.105370 26.656670
v -43.734009 11.105303 27.079136
v -43.734009 11.446572 27.237730
v -43.208065 11.446572 26.656496
v -43.332088 11.590704 27.089054
v -43.221474 11.590704 26.890594
v -43.504490 11.590704 27.221661
v -43.182629 11.590704 26.656496
v -43.734009 11.590704 27.268227
v -43.734009 10.900193 26.273447
v -43.350079 11.446572 26.245501
v -43.244972 11.446572 26.434067
v -43.514225 11.446572 26.119505
v -43.257912 11.565639 26.442186
v -43.359516 11.565698 26.260019
v -43.518703 11.565742 26.138454
v -43.734009 11.565759 26.095797
v -43.734009 11.105391 26.234182
v -43.734009 11.446572 26.075260
v -43.332088 11.590704 26.223938
v -43.221474 11.590704 26.422398
v -43.504490 11.590704 26.091331
v -43.734009 11.590704 26.044765
v -43.517635 11.309710 27.175444
v -43.253208 11.309710 26.871460
v -43.356380 11.309710 27.053684
v -43.734009 11.309710 27.218199
v -43.216976 11.309710 26.656511
v -43.517635 11.309710 26.137581
v -43.253208 11.309710 26.441563
v -43.356380 11.309710 26.259338
v -43.734009 11.309710 26.094824
v -43.327545 11.503460 27.094494
v -43.734009 11.503460 27.275921
v -43.215534 11.503460 26.893534
v -43.502029 11.503460 27.228769
v -43.176201 11.503460 26.656488
v -43.327545 11.503460 26.218481
v -43.734009 11.503460 26.037054
v -43.215534 11.503460 26.419441
v -43.502029 11.503460 26.084206
v -43.221741 11.549317 26.890459
v -43.504601 11.549317 27.221334
v -43.182919 11.549317 26.656494
v -43.221741 11.549317 26.422529
v -43.504601 11.549317 26.091652
v -43.332294 11.549317 27.088804
v -43.734009 11.549317 27.267874
v -43.332294 11.549317 26.224182
v -43.734009 11.549317 26.045113
v -43.494991 11.605422 26.064224
v -43.314556 11.605146 27.110273
v -43.734009 11.604907 27.297976
v -43.157799 11.605352 26.656767
v -43.198544 11.605283 26.902250
v -43.495003 11.604983 27.249203
v -43.198540 11.605387 26.411272
v -43.314545 11.605411 26.203209
v -43.734009 11.605425 26.015425
v -43.501808 11.677328 26.086561
v -43.491268 11.633383 26.055212
v -43.495117 11.669502 26.068016
v -43.491661 11.654984 26.057671
v -43.326595 11.676127 27.097279
v -43.307720 11.631987 27.119417
v -43.314404 11.667902 27.112354
v -43.308304 11.653265 27.119474
v -43.734009 11.630814 27.309738
v -43.734009 11.675451 27.277826
v -43.734009 11.651993 27.309027
v -43.734009 11.666885 27.298710
v -43.214535 11.677026 26.421032
v -43.189537 11.633189 26.408020
v -43.198513 11.669147 26.413643
v -43.190380 11.654675 26.409365
v -43.307682 11.633314 26.196396
v -43.326992 11.677197 26.220236
v -43.308380 11.654863 26.198307
v -43.314693 11.669353 26.206148
v -43.734009 11.677378 26.039726
v -43.734009 11.633401 26.005669
v -43.734009 11.669556 26.019611
v -43.734009 11.655024 26.008352
v -43.148010 11.633008 26.658024
v -43.174866 11.676836 26.658642
v -43.148849 11.654435 26.658983
v -43.157558 11.668906 26.659231
v -43.491318 11.631186 27.260326
v -43.501534 11.675660 27.230989
v -43.491619 11.652394 27.259838
v -43.494923 11.667203 27.250368
v -43.189533 11.632658 26.907984
v -43.214226 11.676559 26.896353
v -43.190289 11.654016 26.908581
v -43.198277 11.668529 26.904867
v -43.266685 10.979704 26.851875
v -43.366695 10.979704 27.017450
v -43.523216 10.979704 27.128084
v -43.231567 10.979704 26.656567
v -43.734009 10.979704 27.166935
v -43.266685 10.979704 26.461258
v -43.366695 10.979704 26.295683
v -43.523216 10.979704 26.185049
v -43.734009 10.979704 26.146200
v -43.372616 10.900193 26.803200
v -43.449020 10.900193 26.927498
v -43.569454 10.900193 27.010550
v -43.345787 10.900193 26.656580
v -43.372616 10.900193 26.509962
v -43.449020 10.900193 26.385664
v -43.569454 10.900193 26.302610
v -43.359596 11.105357 26.818800
v -43.435513 11.105336 26.955891
v -43.557358 11.105313 27.047117
v -43.453320 10.990145 26.656580
v -43.734009 10.990145 26.945986
v -43.359596 11.105377 26.494537
v -43.435516 11.105384 26.357441
v -43.557358 11.105389 26.266205
v -43.734009 10.990145 26.367176
v -43.471756 10.990145 26.769133
v -43.523407 10.990145 26.863161
v -43.606861 10.990145 26.924509
v -43.471756 10.990145 26.544027
v -43.523407 10.990145 26.450001
v -43.606861 10.990145 26.388653
v -44.117939 11.446572 27.067492
v -44.245838 11.565572 26.657312
v -44.223045 11.446572 26.878925
v -43.953793 11.446572 27.193487
v -44.210186 11.565473 26.872458
v -44.108597 11.565313 27.054632
v -43.949379 11.565140 27.176178
v -44.135151 11.105370 26.656670
v -44.259953 11.446572 26.656496
v -44.135929 11.590704 27.089054
v -44.246544 11.590704 26.890594
v -43.963528 11.590704 27.221661
v -44.285389 11.590704 26.656496
v -44.117939 11.446572 26.245501
v -44.223045 11.446572 26.434067
v -43.953793 11.446572 26.119505
v -44.210106 11.565639 26.442186
v -44.108501 11.565698 26.260019
v -43.949314 11.565742 26.138454
v -44.135929 11.590704 26.223938
v -44.246544 11.590704 26.422398
v -43.963528 11.590704 26.091331
v -43.950382 11.309710 27.175444
v -44.214809 11.309710 26.871460
v -44.111637 11.309710 27.053684
v -44.251041 11.309710 26.656511
v -43.950382 11.309710 26.137581
v -44.214809 11.309710 26.441563
v -44.111637 11.309710 26.259338
v -44.140472 11.503460 27.094494
v -44.252483 11.503460 26.893534
v -43.965988 11.503460 27.228769
v -44.291817 11.503460 26.656488
v -44.140472 11.503460 26.218481
v -44.252483 11.503460 26.419441
v -43.965988 11.503460 26.084206
v -44.246277 11.549317 26.890459
v -43.963417 11.549317 27.221334
v -44.285099 11.549317 26.656494
v -44.246277 11.549317 26.422529
v -43.963417 11.549317 26.091652
v -44.135723 11.549317 27.088804
v -44.135723 11.549317 26.224182
v -43.973026 11.605423 26.064224
v -44.153461 11.605146 27.110273
v -44.310219 11.605352 26.656767
v -44.269474 11.605283 26.902250
v -43.973015 11.604983 27.249203
v -44.269478 11.605387 26.411272
v -44.153473 11.605411 26.203209
v -43.966209 11.677328 26.086561
v -43.976749 11.633383 26.055212
v -43.972900 11.669502 26.068016
v -43.976357 11.654984 26.057671
v -44.141422 11.676127 27.097279
v -44.160297 11.631987 27.119417
v -44.153614 11.667902 27.112354
v -44.159714 11.653265 27.119474
v -44.253483 11.677026 26.421032
v -44.278481 11.633189 26.408020
v -44.269505 11.669147 26.413643
v -44.277637 11.654675 26.409365
v -44.160336 11.633314 26.196396
v -44.141026 11.677197 26.220236
v -44.159637 11.654863 26.198307
v -44.153324 11.669353 26.206148
v -44.320007 11.633008 26.658024
v -44.293152 11.676836 26.658642
v -44.319168 11.654435 26.658983
v -44.310459 11.668906 26.659231
v -43.976700 11.631187 27.260326
v -43.966484 11.675660 27.230989
v -43.976398 11.652395 27.259838
v -43.973095 11.667203 27.250368
v -44.278484 11.632658 26.907984
v -44.253792 11.676559 26.896353
v -44.277729 11.654016 26.908581
v -44.269741 11.668529 26.904867
v -44.201332 10.979704 26.851875
v -44.101322 10.979704 27.017450
v -43.944801 10.979704 27.128084
v -44.236450 10.979704 26.656567
v -44.201332 10.979704 26.461258
v -44.101322 10.979704 26.295683
v -43.944801 10.979704 26.185049
v -44.095402 10.900193 26.803200
v -44.018997 10.900193 26.927498
v -43.898563 10.900193 27.010550
v -44.122231 10.900193 26.656580
v -44.095402 10.900193 26.509962
v -44.018997 10.900193 26.385664
v -43.898563 10.900193 26.302610
v -44.108421 11.105357 26.818800
v -44.032505 11.105336 26.955891
v -43.910660 11.105313 27.047117
v -44.014698 10.990145 26.656580
v -44.108421 11.105377 26.494537
v -44.032501 11.105384 26.357441
v -43.910660 11.105389 26.266205
v -43.996262 10.990145 26.769133
v -43.944611 10.990145 26.863161
v -43.861156 10.990145 26.924509
v -43.996262 10.990145 26.544027
v -43.944611 10.990145 26.450001
v -43.861156 10.990145 26.388653
v -43.309345 10.979704 26.940094
v -43.437481 10.979704 27.080894
v -43.240459 10.979704 26.756128
v -43.624321 10.979704 27.157095
v -43.337811 11.476902 27.082193
v -43.301167 11.565399 26.969553
v -43.431339 11.565222 27.124352
v -43.231197 11.565529 26.767002
v -43.621864 11.565083 27.208025
v -43.357670 11.140220 27.039772
v -43.734009 11.140220 27.198513
v -43.392017 11.105348 26.891905
v -43.489510 11.105325 27.008240
v -43.339638 11.105364 26.739344
v -43.641140 11.105306 27.071022
v -43.734009 11.476902 27.258524
v -43.217415 11.446572 26.769882
v -43.424423 11.446572 27.139744
v -43.619736 11.446572 27.226526
v -43.289806 11.446572 26.979391
v -43.210503 11.598969 26.416983
v -43.225029 11.572620 26.888828
v -43.505962 11.572620 27.217396
v -43.186478 11.572620 26.656496
v -43.499947 11.598919 27.234814
v -43.192467 11.590704 26.775831
v -43.410294 11.590704 27.165098
v -43.614777 11.590704 27.256433
v -43.268654 11.590704 26.996334
v -43.309345 10.979704 26.373039
v -43.437481 10.979704 26.232239
v -43.240459 10.979704 26.557005
v -43.624321 10.979704 26.156038
v -43.337811 11.476902 26.230789
v -43.301262 11.565669 26.345098
v -43.431427 11.565723 26.190292
v -43.323696 11.598972 26.213913
v -43.231243 11.565607 26.547628
v -43.621902 11.565755 26.106598
v -43.357670 11.140220 26.273306
v -43.734009 11.140220 26.114565
v -43.392017 11.105381 26.421429
v -43.489513 11.105387 26.305086
v -43.339642 11.105373 26.573994
v -43.641140 11.105391 26.242296
v -43.734009 11.476902 26.054457
v -43.217415 11.446572 26.543110
v -43.424423 11.446572 26.173246
v -43.619736 11.446572 26.086466
v -43.289806 11.446572 26.333599
v -43.323700 11.598939 27.099138
v -43.225029 11.572620 26.424164
v -43.505962 11.572620 26.095596
v -43.170757 11.598965 26.656528
v -43.192467 11.590704 26.537161
v -43.410294 11.590704 26.147894
v -43.614777 11.590704 26.056559
v -43.268654 11.590704 26.316660
v -43.518333 11.140220 27.157259
v -43.254890 11.140220 26.863943
v -43.210506 11.598956 26.896072
v -43.218800 11.140220 26.656540
v -43.518333 11.140220 26.155821
v -43.254890 11.140220 26.449135
v -43.297215 11.309710 26.344475
v -43.621475 11.309710 26.105652
v -43.429375 11.309710 26.189516
v -43.226154 11.309710 26.546940
v -43.297215 11.309710 26.968548
v -43.621475 11.309710 27.207371
v -43.429375 11.309710 27.123507
v -43.226154 11.309710 26.766085
v -43.517208 11.404396 27.183830
v -43.252178 11.404396 26.874928
v -43.215862 11.404396 26.656500
v -43.517208 11.404396 26.129168
v -43.252178 11.404396 26.438072
v -43.355591 11.404396 27.060101
v -43.734009 11.404396 27.227280
v -43.355591 11.404396 26.252897
v -43.734009 11.404396 26.085720
v -43.327423 11.526718 27.094641
v -43.734009 11.526718 27.276131
v -43.228943 11.476902 26.886879
v -43.507584 11.476902 27.212698
v -43.190716 11.476902 26.656490
v -43.327423 11.526718 26.218338
v -43.734009 11.526718 26.036848
v -43.228943 11.476902 26.426102
v -43.507584 11.476902 26.100285
v -43.263313 11.503460 26.312370
v -43.613522 11.503460 26.048996
v -43.406723 11.503460 26.141481
v -43.186161 11.503460 26.535650
v -43.263313 11.503460 27.000605
v -43.613522 11.503460 27.263979
v -43.406723 11.503460 27.171494
v -43.186161 11.503460 26.777325
v -43.215374 11.526718 26.893616
v -43.501965 11.526718 27.228962
v -43.176029 11.526718 26.656490
v -43.215374 11.526718 26.419363
v -43.501965 11.526718 26.084017
v -43.334812 11.572620 27.085791
v -43.734009 11.572620 27.263609
v -43.334812 11.572620 26.227201
v -43.734009 11.572620 26.049381
v -43.268898 11.549317 26.316851
v -43.614830 11.549317 26.056900
v -43.410454 11.549317 26.148182
v -43.192749 11.549317 26.537228
v -43.268898 11.549317 26.996136
v -43.614830 11.549317 27.256088
v -43.410454 11.549317 27.164804
v -43.192753 11.549317 26.775761
v -43.168118 11.605325 26.781912
v -43.396523 11.605062 27.189951
v -43.609940 11.604928 27.285624
v -43.248032 11.605223 27.013098
v -43.168118 11.605371 26.531618
v -43.396507 11.605418 26.123505
v -43.609932 11.605425 26.027782
v -43.248024 11.605400 26.300409
v -43.499947 11.598973 26.078230
v -43.734009 11.598909 27.282455
v -43.734009 11.598974 26.030586
v -43.274155 11.335732 26.656881
v -43.536583 11.335545 27.114719
v -43.734009 11.335510 27.152384
v -43.394936 11.335621 27.007418
v -43.305550 11.335690 26.846663
v -43.536594 11.335799 26.199007
v -43.734009 11.335805 26.161329
v -43.394951 11.335782 26.306334
v -43.305565 11.335759 26.467102
v -43.204853 11.673219 26.901428
v -43.262157 11.676360 27.003504
v -43.319431 11.672676 27.106190
v -43.247818 11.668243 27.015535
v -43.193420 11.662024 26.907248
v -43.310692 11.661327 27.116783
v -43.240643 11.653679 27.021053
v -43.189068 11.644657 26.908789
v -43.307373 11.643887 27.120277
v -43.239956 11.632360 27.020706
v -43.497654 11.672083 27.242386
v -43.613270 11.675508 27.265972
v -43.734009 11.671815 27.290083
v -43.609894 11.666971 27.286474
v -43.492908 11.660535 27.256191
v -43.734009 11.660172 27.305033
v -43.608212 11.652102 27.296576
v -43.491123 11.642980 27.261110
v -43.734009 11.642557 27.310476
v -43.608059 11.630916 27.297230
v -43.405994 11.675881 27.174017
v -43.396408 11.667535 27.191566
v -43.391613 11.652810 27.200024
v -43.391163 11.631571 27.200260
v -43.164711 11.673557 26.659061
v -43.184788 11.676715 26.779860
v -43.167835 11.668744 26.784506
v -43.152264 11.662427 26.659199
v -43.159332 11.654261 26.786278
v -43.147507 11.645070 26.658590
v -43.158527 11.632867 26.785484
v -43.319820 11.673982 26.212107
v -43.262543 11.677114 26.313953
v -43.205162 11.673783 26.416782
v -43.248104 11.669254 26.302988
v -43.310871 11.662874 26.201529
v -43.193577 11.662673 26.411161
v -43.240734 11.654776 26.296833
v -43.307373 11.645457 26.196659
v -43.189102 11.645294 26.408352
v -43.239941 11.633257 26.295221
v -43.734009 11.674187 26.028168
v -43.613419 11.677365 26.051580
v -43.497917 11.674132 26.075891
v -43.610001 11.669542 26.031864
v -43.734009 11.663060 26.012972
v -43.493023 11.663013 26.061914
v -43.608231 11.655014 26.020838
v -43.734009 11.645584 26.006012
v -43.491104 11.645555 26.055523
v -43.608032 11.633397 26.018213
v -43.406353 11.677271 26.143526
v -43.396664 11.669438 26.126883
v -43.391674 11.654934 26.117619
v -43.391113 11.633356 26.115412
v -43.184963 11.676936 26.537457
v -43.167973 11.669035 26.533974
v -43.159386 11.654567 26.531689
v -43.158531 11.633110 26.530556
v -43.492241 11.618187 26.057062
v -43.309471 11.618150 26.197767
v -43.338181 11.665100 26.233187
v -43.507755 11.665190 26.103451
v -43.734009 11.618196 26.007671
v -43.734009 11.665223 26.057962
v -43.337917 11.664375 27.082916
v -43.229122 11.664667 26.888174
v -43.492279 11.616870 27.257290
v -43.309505 11.617357 27.116753
v -43.507572 11.664060 27.212671
v -43.191906 11.617764 26.906115
v -43.734009 11.616642 27.306601
v -43.734009 11.663918 27.258158
v -43.191898 11.618079 26.408525
v -43.229328 11.664984 26.427847
v -43.150593 11.617973 26.657335
v -43.190987 11.664855 26.657978
v -43.401699 10.900193 26.871696
v -43.500736 10.900193 26.978523
v -43.348511 10.900193 26.732119
v -43.647209 10.900193 27.036337
v -43.401699 10.900193 26.441465
v -43.500736 10.900193 26.334639
v -43.348511 10.900193 26.581043
v -43.647209 10.900193 26.276823
v -43.392460 10.910132 26.984695
v -43.300144 10.910132 26.834154
v -43.537373 10.910132 27.085283
v -43.267727 10.910132 26.656580
v -43.734009 10.910132 27.120605
v -43.300144 10.910132 26.479004
v -43.392460 10.910132 26.328463
v -43.537373 10.910132 26.227875
v -43.734009 10.910132 26.192553
v -43.479977 10.900193 26.656580
v -43.547371 10.900193 26.833199
v -43.497467 10.900193 26.752167
v -43.626579 10.900193 26.887344
v -43.734009 10.900193 26.906357
v -43.497467 10.900193 26.560995
v -43.547371 10.900193 26.479961
v -43.626579 10.900193 26.425817
v -43.734009 10.900193 26.406805
v -43.491436 10.990145 26.821217
v -43.557999 10.990145 26.901031
v -43.455112 10.990145 26.714672
v -43.665905 10.990145 26.943514
v -43.491436 10.990145 26.491945
v -43.557999 10.990145 26.412130
v -43.455112 10.990145 26.598490
v -43.665905 10.990145 26.369648
v -43.409523 11.004546 26.795729
v -43.474026 11.004543 26.912720
v -43.578129 11.004540 26.989862
v -43.386669 11.004548 26.656591
v -43.734009 11.004539 27.016911
v -43.474026 11.004550 26.400463
v -43.409527 11.004549 26.517456
v -43.578129 11.004550 26.323320
v -43.734009 11.004551 26.296270
v -43.564373 10.990145 26.729404
v -43.597702 10.990145 26.790058
v -43.652126 10.990145 26.829468
v -43.552479 10.990145 26.656580
v -43.734009 10.990145 26.843224
v -43.597702 10.990145 26.523104
v -43.564373 10.990145 26.583757
v -43.652126 10.990145 26.483694
v -43.734009 10.990145 26.469938
v -44.158672 10.979704 26.940094
v -44.030537 10.979704 27.080894
v -44.227558 10.979704 26.756128
v -43.843697 10.979704 27.157095
v -44.130207 11.476902 27.082193
v -44.166851 11.565399 26.969553
v -44.036678 11.565222 27.124352
v -44.236820 11.565529 26.767002
v -43.846153 11.565083 27.208025
v -44.110348 11.140220 27.039772
v -44.076000 11.105348 26.891905
v -43.978508 11.105325 27.008240
v -44.128380 11.105364 26.739344
v -43.826878 11.105306 27.071022
v -44.250603 11.446572 26.769882
v -44.043594 11.446572 27.139744
v -43.848282 11.446572 27.226526
v -44.178211 11.446572 26.979391
v -44.257515 11.598969 26.416983
v -44.242989 11.572620 26.888828
v -43.962055 11.572620 27.217396
v -44.281540 11.572620 26.656496
v -43.968071 11.598919 27.234814
v -44.275551 11.590704 26.775831
v -44.057724 11.590704 27.165098
v -43.853241 11.590704 27.256433
v -44.199364 11.590704 26.996334
v -44.158672 10.979704 26.373039
v -44.030537 10.979704 26.232239
v -44.227558 10.979704 26.557005
v -43.843697 10.979704 26.156038
v -44.130207 11.476902 26.230789
v -44.166756 11.565669 26.345098
v -44.036591 11.565723 26.190292
v -44.144321 11.598972 26.213913
v -44.236774 11.565607 26.547628
v -43.846115 11.565755 26.106598
v -44.110348 11.140220 26.273306
v -44.076000 11.105381 26.421429
v -43.978504 11.105387 26.305086
v -44.128376 11.105373 26.573994
v -43.826878 11.105391 26.242296
v -44.250603 11.446572 26.543110
v -44.043594 11.446572 26.173246
v -43.848282 11.446572 26.086466
v -44.178211 11.446572 26.333599
v -44.144318 11.598939 27.099138
v -44.242989 11.572620 26.424164
v -43.962055 11.572620 26.095596
v -44.297260 11.598965 26.656528
v -44.275551 11.590704 26.537161
v -44.057724 11.590704 26.147894
v -43.853241 11.590704 26.056559
v -44.199364 11.590704 26.316660
v -43.949684 11.140220 27.157259
v -44.213127 11.140220 26.863943
v -44.257511 11.598956 26.896072
v -44.249218 11.140220 26.656540
v -43.949684 11.140220 26.155821
v -44.213127 11.140220 26.449135
v -44.170803 11.309710 26.344475
v -43.846542 11.309710 26.105652
v -44.038643 11.309710 26.189516
v -44.241863 11.309710 26.546940
v -44.170803 11.309710 26.968548
v -43.846542 11.309710 27.207371
v -44.038643 11.309710 27.123507
v -44.241863 11.309710 26.766085
v -43.950809 11.404396 27.183830
v -44.215839 11.404396 26.874928
v -44.252155 11.404396 26.656500
v -43.950809 11.404396 26.129168
v -44.215839 11.404396 26.438072
v -44.112427 11.404396 27.060101
v -44.112427 11.404396 26.252897
v -44.140594 11.526718 27.094641
v -44.239075 11.476902 26.886879
v -43.960434 11.476902 27.212698
v -44.277302 11.476902 26.656490
v -44.140594 11.526718 26.218338
v -44.239075 11.476902 26.426102
v -43.960434 11.476902 26.100285
v -44.204704 11.503460 26.312370
v -43.854496 11.503460 26.048996
v -44.061295 11.503460 26.141481
v -44.281857 11.503460 26.535650
v -44.204704 11.503460 27.000605
v -43.854496 11.503460 27.263979
v -44.061295 11.503460 27.171494
v -44.281857 11.503460 26.777325
v -44.252644 11.526718 26.893616
v -43.966053 11.526718 27.228962
v -44.291988 11.526718 26.656490
v -44.252644 11.526718 26.419363
v -43.966053 11.526718 26.084017
v -44.133205 11.572620 27.085791
v -44.133205 11.572620 26.227201
v -44.199120 11.549317 26.316851
v -43.853188 11.549317 26.056900
v -44.057564 11.549317 26.148182
v -44.275265 11.549317 26.537228
v -44.199120 11.549317 26.996136
v -43.853188 11.549317 27.256088
v -44.057564 11.549317 27.164804
v -44.275269 11.549317 26.775761
v -44.299900 11.605325 26.781912
v -44.071495 11.605062 27.189951
v -43.858078 11.604928 27.285624
v -44.219986 11.605223 27.013098
v -44.299900 11.605371 26.531618
v -44.071510 11.605418 26.123505
v -43.858086 11.605425 26.027782
v -44.219994 11.605400 26.300409
v -43.968071 11.598973 26.078230
v -44.193863 11.335732 26.656881
v -43.931435 11.335545 27.114719
v -44.073082 11.335621 27.007418
v -44.162468 11.335690 26.846663
v -43.931423 11.335799 26.199007
v -44.073067 11.335782 26.306334
v -44.162453 11.335759 26.467102
v -44.263165 11.673219 26.901428
v -44.205860 11.676360 27.003504
v -44.148586 11.672676 27.106190
v -44.220200 11.668243 27.015535
v -44.274597 11.662024 26.907248
v -44.157326 11.661327 27.116783
v -44.227375 11.653679 27.021053
v -44.278950 11.644657 26.908789
v -44.160645 11.643887 27.120277
v -44.228062 11.632360 27.020706
v -43.970364 11.672083 27.242386
v -43.854748 11.675508 27.265972
v -43.858124 11.666971 27.286474
v -43.975109 11.660535 27.256191
v -43.859806 11.652102 27.296576
v -43.976894 11.642979 27.261110
v -43.859959 11.630916 27.297230
v -44.062023 11.675880 27.174017
v -44.071609 11.667535 27.191566
v -44.076405 11.652811 27.200024
v -44.076855 11.631571 27.200260
v -44.303307 11.673557 26.659061
v -44.283230 11.676715 26.779860
v -44.300182 11.668744 26.784506
v -44.315754 11.662427 26.659199
v -44.308685 11.654261 26.786278
v -44.320511 11.645070 26.658590
v -44.309490 11.632867 26.785484
v -44.148197 11.673982 26.212107
v -44.205475 11.677114 26.313953
v -44.262856 11.673782 26.416782
v -44.219913 11.669254 26.302988
v -44.157146 11.662874 26.201529
v -44.274441 11.662673 26.411161
v -44.227283 11.654775 26.296833
v -44.160645 11.645457 26.196659
v -44.278915 11.645294 26.408352
v -44.228077 11.633257 26.295221
v -43.854599 11.677365 26.051580
v -43.970100 11.674132 26.075891
v -43.858017 11.669542 26.031864
v -43.974995 11.663013 26.061914
v -43.859787 11.655014 26.020838
v -43.976913 11.645555 26.055523
v -43.859985 11.633397 26.018213
v -44.061665 11.677271 26.143526
v -44.071354 11.669438 26.126883
v -44.076344 11.654933 26.117619
v -44.076904 11.633356 26.115412
v -44.283054 11.676936 26.537457
v -44.300045 11.669035 26.533974
v -44.308632 11.654567 26.531689
v -44.309486 11.633110 26.530556
v -43.975777 11.618187 26.057062
v -44.158546 11.618150 26.197767
v -44.129837 11.665100 26.233187
v -43.960262 11.665190 26.103451
v -44.130100 11.664375 27.082916
v -44.238895 11.664667 26.888174
v -43.975739 11.616870 27.257290
v -44.158512 11.617357 27.116753
v -43.960445 11.664060 27.212671
v -44.276112 11.617764 26.906115
v -44.276119 11.618079 26.408525
v -44.238689 11.664984 26.427847
v -44.317425 11.617973 26.657335
v -44.277031 11.664855 26.657978
v -44.066319 10.900193 26.871696
v -43.967281 10.900193 26.978523
v -44.119507 10.900193 26.732119
v -43.820808 10.900193 27.036337
v -44.066319 10.900193 26.441465
v -43.967281 10.900193 26.334639
v -44.119507 10.900193 26.581043
v -43.820808 10.900193 26.276823
v -44.075558 10.910132 26.984695
v -44.167873 10.910132 26.834154
v -43.930645 10.910132 27.085283
v -44.200291 10.910132 26.656580
v -44.167873 10.910132 26.479004
v -44.075558 10.910132 26.328463
v -43.930645 10.910132 26.227875
v -43.988041 10.900193 26.656580
v -43.920647 10.900193 26.833199
v -43.970551 10.900193 26.752167
v -43.841438 10.900193 26.887344
v -43.970551 10.900193 26.560995
v -43.920647 10.900193 26.479961
v -43.841438 10.900193 26.425817
v -43.976582 10.990145 26.821217
v -43.910019 10.990145 26.901031
v -44.012905 10.990145 26.714672
v -43.802113 10.990145 26.943514
v -43.976582 10.990145 26.491945
v -43.910019 10.990145 26.412130
v -44.012905 10.990145 26.598490
v -43.802113 10.990145 26.369648
v -44.058495 11.004546 26.795729
v -43.993992 11.004543 26.912720
v -43.889889 11.004540 26.989862
v -44.081348 11.004548 26.656591
v -43.993992 11.004550 26.400463
v -44.058491 11.004549 26.517456
v -43.889889 11.004550 26.323320
v -43.903645 10.990145 26.729404
v -43.870316 10.990145 26.790058
v -43.815891 10.990145 26.829468
v -43.915539 10.990145 26.656580
v -43.870316 10.990145 26.523104
v -43.903645 10.990145 26.583757
v -43.815891 10.990145 26.483694
v -43.242054 11.618118 26.296209
v -43.242073 11.617584 27.018383
v -43.161057 11.618033 26.530487
v -43.630775 11.335520 27.142845
v -43.458401 11.335581 27.068960
v -43.282104 11.335713 26.753635
v -43.343685 11.335658 26.932333
v -43.180824 11.598961 26.778641
v -43.225060 11.404396 26.767845
v -43.428757 11.404396 27.131054
v -43.621258 11.404396 27.216276
v -43.196243 11.572620 26.774931
v -43.412430 11.572620 27.161261
v -43.615524 11.572620 27.251905
v -43.271858 11.572620 26.993769
v -43.275528 11.664533 26.991999
v -43.608528 11.618194 26.020180
v -43.161057 11.617889 26.784176
v -43.630783 11.335804 26.170872
v -43.458416 11.335792 26.244778
v -43.282116 11.335746 26.560129
v -43.343700 11.335771 26.381426
v -43.296288 11.404396 26.973587
v -43.225060 11.404396 26.545153
v -43.428757 11.404396 26.181944
v -43.621258 11.404396 26.096724
v -43.196243 11.572620 26.538061
v -43.412430 11.572620 26.151731
v -43.615524 11.572620 26.061087
v -43.271858 11.572620 26.319223
v -43.298729 11.140220 26.355453
v -43.621830 11.140220 26.125013
v -43.430389 11.140220 26.205933
v -43.227940 11.140220 26.550812
v -43.298729 11.140220 26.957624
v -43.621830 11.140220 27.188065
v -43.430389 11.140220 27.107145
v -43.227940 11.140220 26.762266
v -43.275379 11.476902 26.322041
v -43.258785 11.598970 26.308786
v -43.258785 11.598948 27.004267
v -43.296288 11.404396 26.339411
v -43.616352 11.476902 26.066063
v -43.414787 11.476902 26.155951
v -43.200397 11.476902 26.539047
v -43.275379 11.476902 26.990942
v -43.616352 11.476902 27.246918
v -43.414787 11.476902 27.157032
v -43.200397 11.476902 26.773933
v -43.263168 11.526718 26.312258
v -43.613487 11.526718 26.048794
v -43.406628 11.526718 26.141310
v -43.185993 11.526718 26.535612
v -43.263168 11.526718 27.000721
v -43.613487 11.526718 27.264185
v -43.406628 11.526718 27.171669
v -43.185993 11.526718 26.777367
v -43.200729 11.664923 26.540625
v -43.608551 11.616704 27.294115
v -43.616333 11.663957 27.246643
v -43.414829 11.664208 27.157366
v -43.200615 11.664772 26.775352
v -43.275784 11.665044 26.324068
v -43.616428 11.665215 26.069479
v -43.415066 11.665151 26.158752
v -43.180824 11.598968 26.534416
v -43.403702 11.598928 27.176943
v -43.403698 11.598973 26.136105
v -43.612461 11.598911 27.270390
v -43.612457 11.598974 26.042652
v -43.392563 11.617104 27.197367
v -43.253731 11.672970 27.010641
v -43.243454 11.661709 27.019003
v -43.239544 11.644314 27.021563
v -43.611290 11.671887 27.278011
v -43.608868 11.660270 27.292669
v -43.607960 11.642673 27.297979
v -43.400364 11.672363 27.184361
v -43.393490 11.660912 27.196791
v -43.390888 11.643414 27.201088
v -43.174835 11.673410 26.782663
v -43.162666 11.662256 26.785706
v -43.158028 11.644901 26.786184
v -43.254108 11.673885 26.307625
v -43.243637 11.662779 26.299376
v -43.239567 11.645382 26.295498
v -43.611435 11.674173 26.040247
v -43.608929 11.663049 26.025362
v -43.607948 11.645577 26.018547
v -43.400715 11.674067 26.133936
v -43.393642 11.662953 26.121420
v -43.390877 11.645515 26.115694
v -43.175007 11.673676 26.535488
v -43.162758 11.662560 26.532701
v -43.158054 11.645194 26.530991
v -43.392521 11.618173 26.117067
v -43.339081 10.910132 26.914646
v -43.457542 10.910132 27.042803
v -43.275429 10.910132 26.747200
v -43.631451 10.910132 27.112162
v -43.339081 10.910132 26.398512
v -43.457542 10.910132 26.270355
v -43.275429 10.910132 26.565958
v -43.631451 10.910132 26.200996
v -43.487621 10.900193 26.815487
v -43.560986 10.900193 26.894402
v -43.448334 10.900193 26.712381
v -43.669640 10.900193 26.937109
v -43.487621 10.900193 26.497675
v -43.560986 10.900193 26.418760
v -43.448334 10.900193 26.600780
v -43.669640 10.900193 26.376053
v -43.436832 11.004545 26.858454
v -43.519524 11.004542 26.957373
v -43.392109 11.004547 26.727667
v -43.651600 11.004539 27.010422
v -43.436832 11.004549 26.454729
v -43.519524 11.004550 26.355808
v -43.392109 11.004548 26.585516
v -43.651600 11.004551 26.302761
v -43.556129 10.990145 26.777323
v -43.604870 10.990145 26.835573
v -43.529560 10.990145 26.699226
v -43.684032 10.990145 26.866463
v -43.556129 10.990145 26.535839
v -43.604870 10.990145 26.477589
v -43.529560 10.990145 26.613935
v -43.684032 10.990145 26.446699
v -44.225964 11.618118 26.296209
v -44.225945 11.617584 27.018383
v -44.306961 11.618033 26.530487
v -43.837242 11.335520 27.142845
v -44.009617 11.335581 27.068960
v -44.185913 11.335713 26.753635
v -44.124332 11.335658 26.932333
v -44.287193 11.598961 26.778641
v -44.242958 11.404396 26.767845
v -44.039261 11.404396 27.131054
v -43.846760 11.404396 27.216276
v -44.271774 11.572620 26.774931
v -44.055588 11.572620 27.161261
v -43.852493 11.572620 27.251905
v -44.196159 11.572620 26.993769
v -44.192490 11.664533 26.991999
v -43.859489 11.618194 26.020180
v -44.306961 11.617889 26.784176
v -43.837234 11.335804 26.170872
v -44.009602 11.335792 26.244778
v -44.185902 11.335746 26.560129
v -44.124317 11.335771 26.381426
v -44.171730 11.404396 26.973587
v -44.242958 11.404396 26.545153
v -44.039261 11.404396 26.181944
v -43.846760 11.404396 26.096724
v -44.271774 11.572620 26.538061
v -44.055588 11.572620 26.151731
v -43.852493 11.572620 26.061087
v -44.196159 11.572620 26.319223
v -44.169289 11.140220 26.355453
v -43.846188 11.140220 26.125013
v -44.037628 11.140220 26.205933
v -44.240078 11.140220 26.550812
v -44.169289 11.140220 26.957624
v -43.846188 11.140220 27.188065
v -44.037628 11.140220 27.107145
v -44.240078 11.140220 26.762266
v -44.192638 11.476902 26.322041
v -44.209232 11.598970 26.308786
v -44.209232 11.598948 27.004267
v -44.171730 11.404396 26.339411
v -43.851665 11.476902 26.066063
v -44.053230 11.476902 26.155951
v -44.267620 11.476902 26.539047
v -44.192638 11.476902 26.990942
v -43.851665 11.476902 27.246918
v -44.053230 11.476902 27.157032
v -44.267620 11.476902 26.773933
v -44.204849 11.526718 26.312258
v -43.854530 11.526718 26.048794
v -44.061390 11.526718 26.141310
v -44.282024 11.526718 26.535612
v -44.204849 11.526718 27.000721
v -43.854530 11.526718 27.264185
v -44.061390 11.526718 27.171669
v -44.282024 11.526718 26.777367
v -44.267288 11.664923 26.540625
v -43.859467 11.616704 27.294115
v -43.851685 11.663957 27.246643
v -44.053188 11.664208 27.157366
v -44.267403 11.664772 26.775352
v -44.192234 11.665044 26.324068
v -43.851589 11.665215 26.069479
v -44.052952 11.665151 26.158752
v -44.287193 11.598968 26.534416
v -44.064316 11.598928 27.176943
v -44.064320 11.598973 26.136105
v -43.855556 11.598911 27.270390
v -43.855560 11.598974 26.042652
v -44.075455 11.617104 27.197367
v -44.214287 11.672970 27.010641
v -44.224564 11.661709 27.019003
v -44.228474 11.644314 27.021563
v -43.856728 11.671887 27.278011
v -43.859150 11.660270 27.292669
v -43.860058 11.642673 27.297979
v -44.067654 11.672363 27.184361
v -44.074528 11.660912 27.196789
v -44.077129 11.643414 27.201088
v -44.293182 11.673410 26.782663
v -44.305351 11.662256 26.785706
v -44.309990 11.644901 26.786184
v -44.213909 11.673885 26.307625
v -44.224380 11.662779 26.299376
v -44.228451 11.645382 26.295498
v -43.856583 11.674173 26.040247
v -43.859089 11.663049 26.025362
v -43.860069 11.645577 26.018547
v -44.067303 11.674067 26.133936
v -44.074375 11.662953 26.121420
v -44.077141 11.645515 26.115694
v -44.293011 11.673676 26.535488
v -44.305260 11.662560 26.532701
v -44.309963 11.645194 26.530991
v -44.075497 11.618173 26.117067
v -44.128937 10.910132 26.914646
v -44.010475 10.910132 27.042803
v -44.192589 10.910132 26.747200
v -43.836567 10.910132 27.112162
v -44.128937 10.910132 26.398512
v -44.010475 10.910132 26.270355
v -44.192589 10.910132 26.565958
v -43.836567 10.910132 26.200996
v -43.980396 10.900193 26.815487
v -43.907032 10.900193 26.894402
v -44.019684 10.900193 26.712381
v -43.798378 10.900193 26.937109
v -43.980396 10.900193 26.497675
v -43.907032 10.900193 26.418760
v -44.019684 10.900193 26.600780
v -43.798378 10.900193 26.376053
v -44.031185 11.004545 26.858454
v -43.948494 11.004542 26.957373
v -44.075909 11.004547 26.727667
v -43.816418 11.004539 27.010422
v -44.031185 11.004549 26.454729
v -43.948494 11.004550 26.355808
v -44.075909 11.004548 26.585516
v -43.816418 11.004551 26.302761
v -43.911888 10.990145 26.777323
v -43.863148 10.990145 26.835573
v -43.938457 10.990145 26.699226
v -43.783985 10.990145 26.866463
v -43.911888 10.990145 26.535839
v -43.863148 10.990145 26.477589
v -43.938457 10.990145 26.613935
v -43.783985 10.990145 26.446699
vn 0.5232 -0.7294 -0.4406
vn 0.7216 -0.3264 -0.6105
vn 0.8241 -0.3259 -0.4632
vn 0.6016 -0.7243 -0.3369
vn 0.7617 -0.0757 -0.6435
vn 0.8691 -0.0833 -0.4876
vn 0.9407 -0.0904 -0.3271
vn 0.8926 -0.3265 -0.3110
vn 0.6551 -0.7204 -0.2277
vn 0.5025 -0.7555 0.4204
vn 0.5839 -0.7441 0.3245
vn 0.8112 -0.3677 0.4547
vn 0.7067 -0.3806 0.5964
vn 0.6424 -0.7338 0.2211
vn 0.8832 -0.3549 0.3065
vn 0.9375 -0.1228 0.3257
vn 0.8646 -0.1308 0.4851
vn 0.7566 -0.1369 0.6394
vn 0.9313 -0.3292 -0.1560
vn 0.6854 -0.7190 -0.1148
vn 0.9816 -0.0974 -0.1639
vn 0.9944 -0.1052 -0.0002
vn 0.9423 -0.3348 -0.0005
vn 0.6933 -0.7207 -0.0010
vn -0.0000 0.3244 -0.9459
vn -0.1854 0.3216 -0.9285
vn -0.1819 0.2869 -0.9405
vn -0.0000 0.2896 -0.9572
vn -0.3847 0.3136 -0.8681
vn -0.3826 0.2794 -0.8807
vn -0.3569 0.4038 -0.8424
vn -0.1667 0.4109 -0.8963
vn -0.0000 0.4133 -0.9106
vn -0.5796 0.3011 -0.7573
vn -0.5830 0.2678 -0.7671
vn -0.7326 0.2879 -0.6167
vn -0.7396 0.2558 -0.6225
vn -0.7078 0.3809 -0.5949
vn -0.5535 0.3927 -0.7344
vn -0.9103 0.2689 -0.3147
vn -0.9517 0.2633 -0.1577
vn -0.9589 0.2352 -0.1589
vn -0.9177 0.2396 -0.3170
vn -0.9654 0.2609 0.0005
vn -0.9723 0.2336 0.0001
vn -0.9335 0.3587 -0.0000
vn -0.9203 0.3603 -0.1523
vn -0.8804 0.3646 -0.3033
vn -0.8390 0.2771 -0.4683
vn -0.8465 0.2465 -0.4719
vn -0.8114 0.3717 -0.4512
vn 0.7770 -0.5695 0.2680
vn 0.8146 -0.5642 0.1349
vn 0.4949 -0.8651 0.0820
vn 0.4665 -0.8697 0.1613
vn 0.8269 -0.5624 -0.0000
vn 0.5051 -0.8630 -0.0003
vn 0.6789 -0.7257 0.1117
vn 0.9425 -0.0239 0.3334
vn 0.9858 -0.0151 0.1675
vn 0.9813 -0.1002 0.1641
vn 0.9390 -0.1069 0.3269
vn 0.9999 -0.0120 -0.0000
vn 0.9952 -0.0980 -0.0000
vn 0.9379 -0.3470 -0.0000
vn 0.9244 -0.3490 0.1535
vn 0.8835 -0.3552 0.3055
vn 0.4000 -0.0904 0.9120
vn 0.5997 -0.0738 0.7968
vn 0.6010 -0.1451 0.7860
vn 0.4018 -0.1580 0.9020
vn 0.7573 -0.0549 0.6508
vn 0.7570 -0.1303 0.6403
vn 0.7091 -0.3774 0.5956
vn 0.5614 -0.3922 0.7287
vn 0.3747 -0.4045 0.8342
vn -0.0000 -0.1045 0.9945
vn 0.1940 -0.1010 0.9758
vn 0.1952 -0.1659 0.9666
vn -0.0000 -0.1685 0.9857
vn 0.1819 -0.4110 0.8933
vn -0.0000 -0.4131 0.9107
vn 0.9202 0.2275 0.3184
vn 0.9614 0.2239 0.1597
vn 0.9861 -0.0296 0.1634
vn 0.9449 -0.0301 0.3261
vn 0.9749 0.2227 -0.0000
vn 0.9996 -0.0294 -0.0000
vn 0.3973 0.2577 0.8808
vn 0.5914 0.2499 0.7667
vn 0.6114 -0.0331 0.7906
vn 0.4116 -0.0342 0.9107
vn 0.7431 0.2409 0.6243
vn 0.7661 -0.0319 0.6420
vn 0.6197 -0.5885 0.5192
vn 0.4888 -0.6014 0.6320
vn 0.3261 -0.6111 0.7213
vn -0.0000 0.2635 0.9647
vn 0.1939 0.2621 0.9454
vn 0.2009 -0.0347 0.9790
vn -0.0000 -0.0349 0.9994
vn 0.1587 -0.6147 0.7726
vn -0.0000 -0.6158 0.7879
vn 0.8491 0.2333 0.4740
vn 0.8733 -0.0308 0.4862
vn 0.7133 -0.5776 0.3970
vn -0.5976 0.6255 -0.5016
vn -0.6912 0.6117 -0.3847
vn -0.0850 0.9935 -0.0753
vn -0.1057 0.9924 -0.0622
vn -0.1218 0.9916 -0.0446
vn -0.7562 0.6004 -0.2602
vn -0.0000 -0.7462 -0.6657
vn -0.0000 -0.3280 -0.9447
vn 0.1901 -0.3280 -0.9254
vn 0.1346 -0.7448 -0.6535
vn -0.0000 -0.0517 -0.9987
vn 0.2011 -0.0537 -0.9781
vn 0.4102 -0.0593 -0.9101
vn 0.3878 -0.3279 -0.8615
vn 0.2767 -0.7406 -0.6124
vn 0.9264 -0.3435 0.1541
vn 0.9800 -0.1139 0.1633
vn -0.0000 0.3151 0.9491
vn -0.0000 0.2867 0.9580
vn -0.1821 0.2841 0.9413
vn -0.1859 0.3125 0.9316
vn -0.0000 0.4118 0.9113
vn -0.1668 0.4095 0.8969
vn -0.3571 0.4024 0.8429
vn -0.3828 0.2767 0.8814
vn -0.3856 0.3050 0.8708
vn -0.5833 0.2654 0.7677
vn -0.5807 0.2933 0.7594
vn -0.5538 0.3915 0.7349
vn -0.7081 0.3799 0.5952
vn -0.7399 0.2539 0.6229
vn -0.7337 0.2814 0.6184
vn -0.9109 0.2654 0.3158
vn -0.9178 0.2386 0.3173
vn -0.9589 0.2347 0.1592
vn -0.9521 0.2616 0.1586
vn -0.8805 0.3641 0.3035
vn -0.9204 0.3601 0.1524
vn -0.8467 0.2450 0.4723
vn -0.8399 0.2721 0.4697
vn -0.8116 0.3709 0.4514
vn 0.8679 -0.0377 0.4953
vn 0.8659 -0.1172 0.4864
vn 0.8131 -0.3648 0.4537
vn 0.9425 -0.0240 -0.3334
vn 0.9390 -0.1069 -0.3269
vn 0.9813 -0.1003 -0.1641
vn 0.9858 -0.0151 -0.1675
vn 0.8834 -0.3552 -0.3055
vn 0.9244 -0.3491 -0.1535
vn 0.4000 -0.0907 -0.9120
vn 0.4018 -0.1582 -0.9019
vn 0.6009 -0.1453 -0.7860
vn 0.5997 -0.0740 -0.7968
vn 0.3747 -0.4047 -0.8341
vn 0.5614 -0.3923 -0.7287
vn 0.7090 -0.3776 -0.5956
vn 0.7569 -0.1305 -0.6403
vn 0.7573 -0.0551 -0.6508
vn -0.0000 -0.1047 -0.9945
vn -0.0000 -0.1687 -0.9857
vn 0.1952 -0.1662 -0.9666
vn 0.1940 -0.1013 -0.9758
vn -0.0000 -0.4133 -0.9106
vn 0.1819 -0.4112 -0.8932
vn 0.9202 0.2276 -0.3184
vn 0.9449 -0.0300 -0.3261
vn 0.9861 -0.0295 -0.1634
vn 0.9614 0.2240 -0.1597
vn 0.7774 -0.5689 -0.2683
vn 0.8148 -0.5639 -0.1350
vn 0.3973 0.2580 -0.8807
vn 0.4116 -0.0341 -0.9107
vn 0.6114 -0.0330 -0.7906
vn 0.5914 0.2502 -0.7666
vn 0.3266 -0.6093 -0.7226
vn 0.4895 -0.5998 -0.6330
vn 0.6204 -0.5872 -0.5199
vn 0.7661 -0.0318 -0.6420
vn 0.7430 0.2411 -0.6243
vn -0.0000 0.2637 -0.9646
vn -0.0000 -0.0348 -0.9994
vn 0.2009 -0.0346 -0.9790
vn 0.1939 0.2623 -0.9453
vn -0.0000 -0.6138 -0.7895
vn 0.1590 -0.6127 -0.7741
vn 0.8733 -0.0308 -0.4862
vn 0.8491 0.2334 -0.4739
vn 0.7138 -0.5767 -0.3974
vn 0.7014 -0.3228 -0.6354
vn 0.7463 -0.0967 -0.6586
vn 0.8602 -0.0764 -0.5042
vn 0.8164 -0.3032 -0.4915
vn 0.8679 -0.0378 -0.4953
vn 0.9382 -0.0601 -0.3409
vn 0.8976 -0.2867 -0.3349
vn -0.0000 -0.3751 -0.9270
vn -0.0000 -0.1532 -0.9882
vn 0.1878 -0.1493 -0.9708
vn 0.1715 -0.3717 -0.9124
vn 0.3890 -0.1374 -0.9109
vn 0.3578 -0.3608 -0.8613
vn 0.5870 -0.1185 -0.8009
vn 0.5456 -0.3435 -0.7644
vn 0.9839 -0.0495 -0.1717
vn 0.9461 -0.2760 -0.1696
vn 0.9989 -0.0458 -0.0000
vn 0.9623 -0.2721 -0.0000
vn 0.7015 -0.3227 0.6355
vn 0.8165 -0.3031 0.4915
vn 0.8602 -0.0763 0.5042
vn 0.7463 -0.0964 0.6586
vn 0.8976 -0.2866 0.3349
vn 0.9382 -0.0600 0.3409
vn -0.0000 -0.3749 0.9271
vn 0.1715 -0.3714 0.9125
vn 0.1878 -0.1490 0.9708
vn -0.0000 -0.1529 0.9882
vn 0.3578 -0.3605 0.8614
vn 0.3890 -0.1372 0.9110
vn 0.5457 -0.3432 0.7645
vn 0.5870 -0.1182 0.8009
vn 0.9461 -0.2760 0.1696
vn 0.9839 -0.0495 0.1717
vn 0.6540 -0.5192 -0.5501
vn 0.7528 -0.5064 -0.4206
vn 0.8131 -0.3649 -0.4536
vn 0.7362 -0.2648 -0.6228
vn 0.8423 -0.2580 -0.4733
vn 0.9137 -0.2526 -0.3182
vn 0.8203 -0.4964 -0.2841
vn 0.4275 -0.8718 -0.2391
vn 0.4712 -0.8667 -0.1635
vn 0.3657 -0.8783 -0.3078
vn 0.4208 -0.8762 0.2348
vn 0.3577 -0.8842 0.3004
vn 0.8658 -0.1173 -0.4864
vn -0.0000 -0.5560 -0.8312
vn 0.1669 -0.5537 -0.8159
vn -0.0000 -0.2851 -0.9585
vn 0.1921 -0.2836 -0.9395
vn 0.3932 -0.2790 -0.8761
vn 0.3438 -0.5464 -0.7637
vn 0.5160 -0.5339 -0.6699
vn 0.5853 -0.2722 -0.7638
vn 0.8599 -0.4900 -0.1430
vn 0.9552 -0.2492 -0.1597
vn 0.9687 -0.2480 -0.0000
vn 0.8729 -0.4879 -0.0000
vn 0.7528 -0.5063 0.4207
vn 0.6541 -0.5191 0.5502
vn 0.8203 -0.4964 0.2841
vn 0.9137 -0.2526 0.3182
vn 0.8423 -0.2580 0.4733
vn 0.7362 -0.2648 0.6228
vn 0.1669 -0.5535 0.8160
vn -0.0000 -0.5558 0.8313
vn 0.3438 -0.5463 0.7638
vn 0.3932 -0.2790 0.8761
vn 0.1921 -0.2836 0.9395
vn -0.0000 -0.2851 0.9585
vn 0.5160 -0.5337 0.6699
vn 0.5853 -0.2722 0.7638
vn 0.8599 -0.4900 0.1430
vn 0.9552 -0.2492 0.1597
vn 0.7548 0.1540 -0.6376
vn 0.8623 0.1493 -0.4838
vn 0.9344 0.1457 -0.3249
vn -0.0000 0.1680 -0.9858
vn 0.1977 0.1670 -0.9659
vn 0.4044 0.1640 -0.8998
vn 0.6010 0.1592 -0.7832
vn 0.9761 0.1434 -0.1630
vn 0.9898 0.1426 -0.0000
vn 0.8624 0.1492 0.4838
vn 0.7549 0.1538 0.6376
vn 0.9345 0.1456 0.3249
vn 0.1977 0.1667 0.9660
vn -0.0000 0.1677 0.9858
vn 0.4044 0.1637 0.8998
vn 0.6011 0.1590 0.7832
vn 0.9762 0.1434 0.1630
vn -0.8095 0.5871 0.0013
vn -0.7990 0.5862 0.1339
vn -0.1391 0.9903 0.0001
vn -0.1388 0.9900 0.0248
vn -0.1320 0.9900 0.0490
vn -0.7631 0.5894 0.2652
vn -0.0000 -0.7854 0.6190
vn 0.1260 -0.7832 0.6088
vn 0.1841 -0.4068 0.8948
vn -0.0000 -0.4083 0.9128
vn 0.2608 -0.7765 0.5737
vn 0.3765 -0.4017 0.8348
vn 0.4064 -0.1415 0.9026
vn 0.1992 -0.1406 0.9698
vn -0.0000 -0.1400 0.9902
vn -0.0000 0.6610 -0.7504
vn -0.1496 0.6592 -0.7369
vn -0.0000 0.9953 -0.0966
vn -0.0192 0.9953 -0.0948
vn -0.0386 0.9953 -0.0887
vn -0.3096 0.6535 -0.6907
vn -0.4681 0.6412 -0.6081
vn -0.0607 0.9947 -0.0830
vn -0.7954 0.5919 -0.1307
vn -0.1335 0.9908 -0.0235
vn -0.7008 0.5956 0.3926
vn -0.1197 0.9902 0.0718
vn -0.1010 0.9907 0.0915
vn -0.6085 0.6050 0.5135
vn -0.3177 0.6266 0.7116
vn -0.1539 0.6310 0.7604
vn -0.0502 0.9916 0.1190
vn -0.0253 0.9912 0.1297
vn -0.0000 0.9911 0.1331
vn -0.0000 0.6324 0.7746
vn -0.4788 0.6169 0.6247
vn -0.0760 0.9914 0.1065
vn 0.4973 -0.8636 -0.0830
vn 0.2756 -0.8926 0.3568
vn 0.1803 -0.8992 0.3986
vn 0.3935 -0.7667 0.5073
vn 0.2836 -0.8856 -0.3679
vn 0.1866 -0.8913 -0.4133
vn 0.4139 -0.7350 -0.5370
vn 0.0868 -0.9027 0.4215
vn -0.0000 -0.9037 0.4281
vn 0.0902 -0.8942 -0.4385
vn -0.0000 -0.8951 -0.4459
vn 0.5605 -0.3926 0.7292
vn 0.6029 -0.1406 0.7854
vn 0.3693 0.9056 0.2084
vn 0.4061 0.9028 0.1419
vn 0.3176 0.9089 0.2703
vn 0.4962 0.7586 0.4223
vn 0.5752 0.7508 0.3248
vn 0.6301 0.7446 0.2204
vn 0.7426 0.5220 0.4196
vn 0.8087 0.5156 0.2830
vn 0.6449 0.5316 0.5491
vn 0.7339 0.2680 0.6242
vn 0.8403 0.2625 0.4744
vn 0.9113 0.2608 0.3186
vn 0.8711 0.0318 0.4901
vn 0.9437 0.0358 0.3288
vn 0.7624 0.0310 0.6463
vn 0.0791 0.9165 0.3920
vn 0.1640 0.9149 0.3689
vn -0.0000 0.9170 0.3989
vn -0.0000 0.7808 0.6248
vn 0.1246 0.7793 0.6141
vn 0.2575 0.7747 0.5776
vn 0.1650 0.5613 0.8110
vn 0.3393 0.5541 0.7601
vn -0.0000 0.5636 0.8260
vn -0.0000 0.2951 0.9555
vn 0.1911 0.2927 0.9369
vn 0.3912 0.2859 0.8748
vn 0.2004 0.0418 0.9788
vn 0.4091 0.0376 0.9117
vn -0.0000 0.0435 0.9991
vn 0.2482 0.9121 0.3262
vn 0.3886 0.7672 0.5103
vn 0.5087 0.5433 0.6679
vn 0.5826 0.2766 0.7642
vn 0.6073 0.0333 0.7938
vn 0.4283 0.9008 0.0720
vn 0.4356 0.9001 0.0007
vn 0.6623 0.7409 0.1115
vn 0.6722 0.7404 0.0009
vn 0.8464 0.5131 0.1425
vn 0.8574 0.5147 0.0009
vn 0.9515 0.2628 0.1599
vn 0.9634 0.2680 0.0007
vn 0.9854 0.0423 0.1648
vn 0.9987 0.0502 0.0001
vn 0.3669 0.9077 -0.2039
vn 0.3139 0.9124 -0.2628
vn 0.4048 0.9037 -0.1392
vn 0.6255 0.7497 -0.2161
vn 0.5686 0.7589 -0.3174
vn 0.4884 0.7699 -0.4107
vn 0.7320 0.5442 -0.4099
vn 0.6329 0.5607 -0.5339
vn 0.8009 0.5306 -0.2776
vn 0.9048 0.2874 -0.3143
vn 0.8314 0.3017 -0.4665
vn 0.7239 0.3188 -0.6118
vn 0.8692 0.0801 -0.4879
vn 0.7603 0.0932 -0.6428
vn 0.9423 0.0688 -0.3277
vn 0.0770 0.9241 -0.3743
vn -0.0000 0.9250 -0.3800
vn 0.1603 0.9214 -0.3540
vn 0.2515 0.7917 -0.5567
vn 0.1213 0.7981 -0.5901
vn -0.0000 0.8002 -0.5997
vn 0.1604 0.6040 -0.7807
vn -0.0000 0.6073 -0.7945
vn 0.3306 0.5941 -0.7333
vn 0.3840 0.3544 -0.8526
vn 0.1873 0.3654 -0.9118
vn -0.0000 0.3691 -0.9294
vn 0.1995 0.1304 -0.9712
vn -0.0000 0.1334 -0.9911
vn 0.4076 0.1213 -0.9051
vn 0.2439 0.9172 -0.3150
vn 0.3810 0.7816 -0.4939
vn 0.4972 0.5785 -0.6466
vn 0.5732 0.3375 -0.7467
vn 0.6053 0.1078 -0.7887
vn 0.6078 -0.0674 -0.7913
vn 0.4278 0.9011 -0.0703
vn 0.6600 0.7434 -0.1091
vn 0.8423 0.5206 -0.1398
vn 0.9481 0.2762 -0.1578
vn 0.9846 0.0589 -0.1643
vn 0.5751 -0.3273 -0.7498
vn 0.0477 -0.9979 0.0440
vn 0.0593 -0.9976 0.0362
vn 0.4953 -0.8155 0.2994
vn 0.4207 -0.8225 0.3829
vn 0.0616 -0.9978 0.0233
vn 0.5471 -0.8115 0.2050
vn 0.0240 -0.9979 0.0600
vn 0.0395 -0.9976 0.0564
vn 0.3259 -0.8264 0.4592
vn 0.2100 -0.8332 0.5116
vn 0.0692 -0.9975 0.0125
vn 0.5814 -0.8069 0.1046
vn 0.0664 -0.9978 -0.0000
vn 0.5907 -0.8069 -0.0000
vn -0.0000 -0.9979 0.0642
vn 0.0120 -0.9977 0.0667
vn 0.0997 -0.8369 0.5381
vn -0.0000 -0.8395 0.5434
vn 0.0616 -0.9978 -0.0233
vn 0.0593 -0.9976 -0.0362
vn 0.4953 -0.8155 -0.2994
vn 0.5471 -0.8116 -0.2050
vn 0.0477 -0.9979 -0.0440
vn 0.4206 -0.8225 -0.3829
vn 0.0395 -0.9976 -0.0564
vn 0.3258 -0.8265 -0.4591
vn 0.0239 -0.9979 -0.0600
vn 0.2099 -0.8333 -0.5115
vn 0.0692 -0.9975 -0.0125
vn 0.5813 -0.8069 -0.1046
vn 0.0120 -0.9977 -0.0667
vn 0.0997 -0.8370 -0.5380
vn -0.0000 -0.9979 -0.0642
vn -0.0000 -0.8395 -0.5433
vn -0.0000 -1.0000 -0.0000
vn -0.1036 0.9940 -0.0351
vn -0.1009 0.9934 -0.0549
vn -0.5358 0.7909 -0.2956
vn -0.5814 0.7890 -0.1986
vn -0.0823 0.9943 -0.0682
vn -0.4660 0.7949 -0.3885
vn -0.0684 0.9935 -0.0909
vn -0.3643 0.7962 -0.4830
vn -0.0396 0.9944 -0.0982
vn -0.2297 0.8023 -0.5510
vn -0.1106 0.9939 -0.0000
vn -0.1151 0.9932 -0.0186
vn -0.6097 0.7863 -0.1002
vn -0.6176 0.7865 -0.0000
vn -0.0189 0.9939 -0.1086
vn -0.1054 0.8066 -0.5817
vn -0.0000 0.9945 -0.1045
vn -0.0000 0.8090 -0.5879
vn -0.0823 0.9943 0.0683
vn -0.1009 0.9934 0.0549
vn -0.5360 0.7907 0.2958
vn -0.4663 0.7946 0.3888
vn -0.1036 0.9940 0.0351
vn -0.5816 0.7888 0.1988
vn -0.0396 0.9944 0.0983
vn -0.0684 0.9935 0.0909
vn -0.3646 0.7959 0.4834
vn -0.2299 0.8018 0.5516
vn -0.1151 0.9932 0.0187
vn -0.6098 0.7862 0.1003
vn -0.0000 0.9945 0.1046
vn -0.0189 0.9939 0.1087
vn -0.1055 0.8061 0.5823
vn -0.0000 0.8085 0.5885
vn -0.0000 1.0000 -0.0000
vn -0.5232 -0.7294 -0.4406
vn -0.6016 -0.7242 -0.3369
vn -0.8241 -0.3259 -0.4632
vn -0.7216 -0.3264 -0.6105
vn -0.6551 -0.7204 -0.2277
vn -0.8926 -0.3265 -0.3110
vn -0.9407 -0.0904 -0.3271
vn -0.8691 -0.0833 -0.4876
vn -0.7617 -0.0757 -0.6435
vn -0.5025 -0.7555 0.4204
vn -0.7067 -0.3806 0.5964
vn -0.8112 -0.3677 0.4547
vn -0.5839 -0.7441 0.3245
vn -0.7566 -0.1369 0.6394
vn -0.8646 -0.1308 0.4851
vn -0.9375 -0.1228 0.3257
vn -0.8832 -0.3549 0.3065
vn -0.6424 -0.7338 0.2211
vn -0.6854 -0.7190 -0.1148
vn -0.9313 -0.3292 -0.1560
vn -0.6933 -0.7207 -0.0010
vn -0.9423 -0.3348 -0.0005
vn -0.9944 -0.1052 -0.0002
vn -0.9816 -0.0974 -0.1639
vn 0.1819 0.2869 -0.9405
vn 0.1854 0.3216 -0.9285
vn 0.1667 0.4109 -0.8963
vn 0.3569 0.4038 -0.8424
vn 0.3826 0.2794 -0.8807
vn 0.3847 0.3136 -0.8681
vn 0.5830 0.2678 -0.7671
vn 0.5796 0.3011 -0.7573
vn 0.5535 0.3927 -0.7344
vn 0.7078 0.3809 -0.5949
vn 0.7396 0.2558 -0.6225
vn 0.7326 0.2879 -0.6167
vn 0.9103 0.2689 -0.3147
vn 0.9177 0.2396 -0.3170
vn 0.9589 0.2352 -0.1589
vn 0.9517 0.2633 -0.1577
vn 0.8804 0.3646 -0.3033
vn 0.9203 0.3603 -0.1523
vn 0.9335 0.3587 -0.0000
vn 0.9723 0.2336 0.0001
vn 0.9654 0.2609 0.0005
vn 0.8465 0.2465 -0.4719
vn 0.8390 0.2771 -0.4683
vn 0.8114 0.3717 -0.4512
vn -0.7770 -0.5695 0.2680
vn -0.4665 -0.8697 0.1613
vn -0.4949 -0.8651 0.0820
vn -0.8146 -0.5642 0.1349
vn -0.6789 -0.7257 0.1117
vn -0.5051 -0.8630 -0.0003
vn -0.8269 -0.5624 -0.0000
vn -0.9425 -0.0239 0.3334
vn -0.9390 -0.1069 0.3269
vn -0.9813 -0.1002 0.1641
vn -0.9858 -0.0151 0.1675
vn -0.8835 -0.3552 0.3055
vn -0.9244 -0.3490 0.1535
vn -0.9379 -0.3470 -0.0000
vn -0.9952 -0.0980 -0.0000
vn -0.9999 -0.0120 -0.0000
vn -0.4000 -0.0904 0.9120
vn -0.4018 -0.1580 0.9020
vn -0.6010 -0.1451 0.7860
vn -0.5997 -0.0738 0.7968
vn -0.3747 -0.4045 0.8342
vn -0.5614 -0.3922 0.7287
vn -0.7091 -0.3774 0.5956
vn -0.7570 -0.1303 0.6403
vn -0.7573 -0.0549 0.6508
vn -0.1952 -0.1659 0.9666
vn -0.1940 -0.1010 0.9758
vn -0.1819 -0.4110 0.8933
vn -0.9202 0.2275 0.3184
vn -0.9449 -0.0301 0.3261
vn -0.9861 -0.0296 0.1634
vn -0.9614 0.2239 0.1597
vn -0.9996 -0.0294 -0.0000
vn -0.9749 0.2227 -0.0000
vn -0.3973 0.2577 0.8808
vn -0.4116 -0.0342 0.9107
vn -0.6114 -0.0331 0.7906
vn -0.5914 0.2499 0.7667
vn -0.3261 -0.6111 0.7213
vn -0.4888 -0.6014 0.6320
vn -0.6197 -0.5885 0.5192
vn -0.7661 -0.0319 0.6420
vn -0.7431 0.2409 0.6243
vn -0.2009 -0.0347 0.9790
vn -0.1939 0.2621 0.9454
vn -0.1587 -0.6147 0.7726
vn -0.8733 -0.0308 0.4862
vn -0.8491 0.2333 0.4740
vn -0.7133 -0.5776 0.3970
vn 0.6912 0.6117 -0.3847
vn 0.5976 0.6255 -0.5016
vn 0.7562 0.6004 -0.2602
vn 0.1218 0.9916 -0.0446
vn 0.1057 0.9924 -0.0622
vn 0.0850 0.9935 -0.0753
vn -0.1346 -0.7448 -0.6535
vn -0.1901 -0.3280 -0.9254
vn -0.2767 -0.7406 -0.6124
vn -0.3878 -0.3279 -0.8615
vn -0.4102 -0.0593 -0.9101
vn -0.2011 -0.0537 -0.9781
vn -0.9264 -0.3435 0.1541
vn -0.9800 -0.1139 0.1633
vn 0.1859 0.3125 0.9316
vn 0.1821 0.2841 0.9413
vn 0.3856 0.3050 0.8708
vn 0.3828 0.2767 0.8814
vn 0.3571 0.4024 0.8429
vn 0.1668 0.4095 0.8969
vn 0.5807 0.2933 0.7594
vn 0.5833 0.2654 0.7677
vn 0.7337 0.2814 0.6184
vn 0.7399 0.2539 0.6229
vn 0.7081 0.3799 0.5952
vn 0.5538 0.3915 0.7349
vn 0.9109 0.2654 0.3158
vn 0.9521 0.2616 0.1586
vn 0.9589 0.2347 0.1592
vn 0.9178 0.2386 0.3173
vn 0.9204 0.3601 0.1524
vn 0.8805 0.3641 0.3035
vn 0.8399 0.2721 0.4697
vn 0.8467 0.2450 0.4723
vn 0.8116 0.3709 0.4514
vn -0.8659 -0.1172 0.4864
vn -0.8679 -0.0377 0.4953
vn -0.8131 -0.3648 0.4537
vn -0.9425 -0.0240 -0.3334
vn -0.9858 -0.0151 -0.1675
vn -0.9813 -0.1003 -0.1641
vn -0.9390 -0.1069 -0.3269
vn -0.9244 -0.3491 -0.1535
vn -0.8834 -0.3552 -0.3055
vn -0.4000 -0.0907 -0.9120
vn -0.5997 -0.0740 -0.7968
vn -0.6009 -0.1453 -0.7860
vn -0.4018 -0.1582 -0.9019
vn -0.7573 -0.0551 -0.6508
vn -0.7569 -0.1305 -0.6403
vn -0.7090 -0.3776 -0.5956
vn -0.5614 -0.3923 -0.7287
vn -0.3747 -0.4047 -0.8341
vn -0.1940 -0.1013 -0.9758
vn -0.1952 -0.1662 -0.9666
vn -0.1819 -0.4112 -0.8932
vn -0.9202 0.2276 -0.3184
vn -0.9614 0.2240 -0.1597
vn -0.9861 -0.0295 -0.1634
vn -0.9449 -0.0300 -0.3261
vn -0.8148 -0.5639 -0.1350
vn -0.7774 -0.5689 -0.2683
vn -0.3973 0.2580 -0.8807
vn -0.5914 0.2502 -0.7666
vn -0.6114 -0.0330 -0.7906
vn -0.4116 -0.0341 -0.9107
vn -0.7430 0.2411 -0.6243
vn -0.7661 -0.0318 -0.6420
vn -0.6204 -0.5872 -0.5199
vn -0.4895 -0.5998 -0.6330
vn -0.3266 -0.6093 -0.7226
vn -0.1939 0.2623 -0.9453
vn -0.2009 -0.0346 -0.9790
vn -0.1590 -0.6127 -0.7741
vn -0.8491 0.2334 -0.4739
vn -0.8733 -0.0308 -0.4862
vn -0.7138 -0.5767 -0.3974
vn -0.7014 -0.3228 -0.6354
vn -0.8164 -0.3032 -0.4915
vn -0.8602 -0.0764 -0.5042
vn -0.7463 -0.0967 -0.6586
vn -0.8976 -0.2867 -0.3349
vn -0.9382 -0.0601 -0.3409
vn -0.8679 -0.0378 -0.4953
vn -0.1715 -0.3717 -0.9124
vn -0.1878 -0.1493 -0.9708
vn -0.3578 -0.3608 -0.8613
vn -0.3890 -0.1374 -0.9109
vn -0.5456 -0.3435 -0.7644
vn -0.5870 -0.1185 -0.8009
vn -0.9461 -0.2760 -0.1696
vn -0.9839 -0.0495 -0.1717
vn -0.9623 -0.2721 -0.0000
vn -0.9989 -0.0458 -0.0000
vn -0.7015 -0.3227 0.6355
vn -0.7463 -0.0964 0.6586
vn -0.8602 -0.0763 0.5042
vn -0.8165 -0.3031 0.4915
vn -0.9382 -0.0600 0.3409
vn -0.8976 -0.2866 0.3349
vn -0.1878 -0.1490 0.9708
vn -0.1715 -0.3714 0.9125
vn -0.3890 -0.1372 0.9110
vn -0.3578 -0.3605 0.8614
vn -0.5870 -0.1182 0.8009
vn -0.5457 -0.3432 0.7645
vn -0.9839 -0.0495 0.1717
vn -0.9461 -0.2760 0.1696
vn -0.8131 -0.3649 -0.4536
vn -0.7528 -0.5064 -0.4206
vn -0.6540 -0.5192 -0.5501
vn -0.8203 -0.4964 -0.2841
vn -0.9137 -0.2526 -0.3182
vn -0.8423 -0.2580 -0.4733
vn -0.7362 -0.2648 -0.6228
vn -0.4712 -0.8667 -0.1635
vn -0.4275 -0.8718 -0.2391
vn -0.3657 -0.8783 -0.3078
vn -0.3577 -0.8842 0.3004
vn -0.4208 -0.8762 0.2348
vn -0.8658 -0.1173 -0.4864
vn -0.1669 -0.5537 -0.8159
vn -0.3438 -0.5464 -0.7637
vn -0.3932 -0.2790 -0.8761
vn -0.1921 -0.2836 -0.9395
vn -0.5160 -0.5339 -0.6699
vn -0.5853 -0.2722 -0.7638
vn -0.8599 -0.4900 -0.1430
vn -0.8729 -0.4879 -0.0000
vn -0.9687 -0.2480 -0.0000
vn -0.9552 -0.2492 -0.1597
vn -0.6541 -0.5191 0.5502
vn -0.7528 -0.5063 0.4207
vn -0.7362 -0.2648 0.6228
vn -0.8423 -0.2580 0.4733
vn -0.9137 -0.2526 0.3182
vn -0.8203 -0.4964 0.2841
vn -0.1669 -0.5535 0.8160
vn -0.1921 -0.2836 0.9395
vn -0.3932 -0.2790 0.8761
vn -0.3438 -0.5463 0.7638
vn -0.5160 -0.5337 0.6699
vn -0.5853 -0.2722 0.7638
vn -0.8599 -0.4900 0.1430
vn -0.9552 -0.2492 0.1597
vn -0.8623 0.1493 -0.4838
vn -0.7548 0.1540 -0.6376
vn -0.9344 0.1457 -0.3249
vn -0.1977 0.1670 -0.9659
vn -0.4044 0.1640 -0.8998
vn -0.6010 0.1592 -0.7832
vn -0.9761 0.1434 -0.1630
vn -0.9898 0.1426 -0.0000
vn -0.7549 0.1538 0.6376
vn -0.8624 0.1492 0.4838
vn -0.9345 0.1456 0.3249
vn -0.1977 0.1667 0.9660
vn -0.4044 0.1637 0.8998
vn -0.6011 0.1590 0.7832
vn -0.9762 0.1434 0.1630
vn 0.7990 0.5862 0.1339
vn 0.8095 0.5871 0.0013
vn 0.7631 0.5894 0.2652
vn 0.1320 0.9900 0.0490
vn 0.1388 0.9900 0.0248
vn 0.1391 0.9903 0.0001
vn -0.1841 -0.4068 0.8948
vn -0.1260 -0.7832 0.6088
vn -0.1992 -0.1406 0.9698
vn -0.4064 -0.1415 0.9026
vn -0.3765 -0.4017 0.8348
vn -0.2608 -0.7765 0.5737
vn 0.1496 0.6592 -0.7369
vn 0.3096 0.6535 -0.6907
vn 0.0386 0.9953 -0.0887
vn 0.0192 0.9953 -0.0948
vn 0.4681 0.6412 -0.6081
vn 0.0607 0.9947 -0.0830
vn 0.7954 0.5919 -0.1307
vn 0.1335 0.9908 -0.0235
vn 0.7008 0.5956 0.3926
vn 0.6085 0.6050 0.5135
vn 0.1010 0.9907 0.0915
vn 0.1197 0.9902 0.0718
vn 0.1539 0.6310 0.7604
vn 0.3177 0.6266 0.7116
vn 0.0253 0.9912 0.1297
vn 0.0502 0.9916 0.1190
vn 0.4788 0.6169 0.6247
vn 0.0760 0.9914 0.1065
vn -0.4973 -0.8636 -0.0830
vn -0.1803 -0.8992 0.3986
vn -0.2756 -0.8926 0.3568
vn -0.3935 -0.7667 0.5073
vn -0.2836 -0.8856 -0.3679
vn -0.4139 -0.7350 -0.5370
vn -0.1866 -0.8913 -0.4133
vn -0.0868 -0.9027 0.4215
vn -0.0902 -0.8942 -0.4385
vn -0.5605 -0.3926 0.7292
vn -0.6029 -0.1406 0.7854
vn -0.4061 0.9028 0.1419
vn -0.3693 0.9056 0.2084
vn -0.6301 0.7446 0.2204
vn -0.5752 0.7508 0.3248
vn -0.4962 0.7586 0.4223
vn -0.3176 0.9089 0.2703
vn -0.8087 0.5156 0.2830
vn -0.7426 0.5220 0.4196
vn -0.9113 0.2608 0.3186
vn -0.8403 0.2625 0.4744
vn -0.7339 0.2680 0.6242
vn -0.6449 0.5316 0.5491
vn -0.9437 0.0358 0.3288
vn -0.8711 0.0318 0.4901
vn -0.7624 0.0310 0.6463
vn -0.1640 0.9149 0.3689
vn -0.0791 0.9165 0.3920
vn -0.2575 0.7747 0.5776
vn -0.1246 0.7793 0.6141
vn -0.3393 0.5541 0.7601
vn -0.1650 0.5613 0.8110
vn -0.3912 0.2859 0.8748
vn -0.1911 0.2927 0.9369
vn -0.4091 0.0376 0.9117
vn -0.2004 0.0418 0.9788
vn -0.2482 0.9121 0.3262
vn -0.3886 0.7672 0.5103
vn -0.5087 0.5432 0.6679
vn -0.5826 0.2766 0.7642
vn -0.6073 0.0333 0.7938
vn -0.4356 0.9001 0.0007
vn -0.4283 0.9008 0.0720
vn -0.6722 0.7404 0.0009
vn -0.6623 0.7409 0.1115
vn -0.8574 0.5147 0.0009
vn -0.8464 0.5131 0.1425
vn -0.9634 0.2680 0.0007
vn -0.9515 0.2628 0.1599
vn -0.9987 0.0502 0.0001
vn -0.9854 0.0423 0.1648
vn -0.3139 0.9124 -0.2628
vn -0.3669 0.9077 -0.2039
vn -0.4884 0.7699 -0.4107
vn -0.5686 0.7589 -0.3174
vn -0.6255 0.7497 -0.2161
vn -0.4048 0.9037 -0.1392
vn -0.6329 0.5607 -0.5339
vn -0.7320 0.5442 -0.4099
vn -0.7239 0.3188 -0.6118
vn -0.8314 0.3017 -0.4665
vn -0.9048 0.2874 -0.3143
vn -0.8009 0.5306 -0.2776
vn -0.7603 0.0932 -0.6428
vn -0.8692 0.0801 -0.4879
vn -0.9423 0.0688 -0.3277
vn -0.0770 0.9241 -0.3743
vn -0.1213 0.7981 -0.5901
vn -0.2515 0.7917 -0.5567
vn -0.1603 0.9214 -0.3540
vn -0.1604 0.6040 -0.7807
vn -0.1873 0.3654 -0.9118
vn -0.3840 0.3544 -0.8526
vn -0.3306 0.5941 -0.7333
vn -0.1995 0.1304 -0.9712
vn -0.4076 0.1213 -0.9051
vn -0.2439 0.9172 -0.3150
vn -0.3809 0.7816 -0.4939
vn -0.4972 0.5785 -0.6466
vn -0.5732 0.3375 -0.7467
vn -0.6053 0.1078 -0.7887
vn -0.6078 -0.0674 -0.7913
vn -0.4278 0.9011 -0.0703
vn -0.6599 0.7434 -0.1091
vn -0.8423 0.5206 -0.1398
vn -0.9481 0.2762 -0.1578
vn -0.9846 0.0589 -0.1643
vn -0.5751 -0.3273 -0.7498
vn -0.0477 -0.9979 0.0440
vn -0.4207 -0.8225 0.3829
vn -0.4953 -0.8155 0.2994
vn -0.0593 -0.9976 0.0362
vn -0.5471 -0.8115 0.2050
vn -0.0616 -0.9978 0.0233
vn -0.0240 -0.9979 0.0600
vn -0.2100 -0.8332 0.5116
vn -0.3259 -0.8264 0.4592
vn -0.0395 -0.9976 0.0564
vn -0.5814 -0.8069 0.1046
vn -0.0692 -0.9975 0.0125
vn -0.5907 -0.8069 -0.0000
vn -0.0664 -0.9978 -0.0000
vn -0.0997 -0.8369 0.5381
vn -0.0120 -0.9977 0.0667
vn -0.0616 -0.9978 -0.0233
vn -0.5471 -0.8116 -0.2050
vn -0.4953 -0.8155 -0.2994
vn -0.0593 -0.9976 -0.0362
vn -0.4206 -0.8225 -0.3829
vn -0.0477 -0.9979 -0.0440
vn -0.3258 -0.8265 -0.4591
vn -0.0395 -0.9976 -0.0564
vn -0.2099 -0.8333 -0.5115
vn -0.0239 -0.9979 -0.0600
vn -0.5813 -0.8069 -0.1046
vn -0.0692 -0.9975 -0.0125
vn -0.0997 -0.8370 -0.5380
vn -0.0120 -0.9977 -0.0667
vn 0.1036 0.9940 -0.0351
vn 0.5814 0.7890 -0.1986
vn 0.5358 0.7909 -0.2956
vn 0.1009 0.9934 -0.0549
vn 0.4660 0.7949 -0.3885
vn 0.0823 0.9943 -0.0682
vn 0.3643 0.7962 -0.4830
vn 0.0684 0.9935 -0.0909
vn 0.2297 0.8023 -0.5510
vn 0.0396 0.9944 -0.0982
vn 0.1106 0.9939 -0.0000
vn 0.6176 0.7865 -0.0000
vn 0.6097 0.7863 -0.1002
vn 0.1151 0.9932 -0.0186
vn 0.1054 0.8066 -0.5817
vn 0.0189 0.9939 -0.1086
vn 0.0823 0.9943 0.0683
vn 0.4663 0.7946 0.3888
vn 0.5360 0.7907 0.2958
vn 0.1009 0.9934 0.0549
vn 0.5816 0.7888 0.1988
vn 0.1036 0.9940 0.0351
vn 0.0396 0.9944 0.0983
vn 0.2299 0.8018 0.5516
vn 0.3646 0.7959 0.4834
vn 0.0684 0.9935 0.0909
vn 0.6098 0.7862 0.1003
vn 0.1151 0.9932 0.0187
vn 0.1055 0.8061 0.5823
vn 0.0189 0.9939 0.1087
vt 0.669814 0.337914
vt 0.775310 0.346631
vt 0.128850 0.118768
vt 0.105633 0.135886
vt 0.562832 0.016876
vt 0.562672 0.854642
vt 0.347463 0.659290
vt 0.116845 0.177713
vt 0.088281 0.193932
vt 0.142707 0.062637
vt 0.125939 0.080120
vt 0.520295 0.060070
vt 0.383347 0.708697
vt 0.483117 0.104594
vt 0.422907 0.751711
vt 0.452009 0.150974
vt 0.466459 0.787378
vt 0.519775 0.818113
vt 0.424608 0.205557
vt 0.519775 0.056235
vt 0.649427 0.628862
vt 0.652486 0.112512
vt 0.652486 0.758985
vt 0.817559 0.996318
vt 0.546373 0.258322
vt 0.957297 0.884820
vt 0.161526 0.003012
vt 0.152707 0.020547
vt 0.161526 0.959479
vt 0.152707 0.979460
vt 0.105833 0.239497
vt 0.073255 0.254287
vt 0.065169 0.121524
vt 0.865529 0.459313
vt 0.047866 0.182199
vt 0.882059 0.398677
vt 0.085198 0.063309
vt 0.830340 0.508160
vt 0.032816 0.245343
vt 0.879959 0.333075
vt 0.111214 0.000984
vt 0.774778 0.541411
vt 0.111212 0.999023
vt 0.631370 0.538556
vt 0.564318 0.329198
vt 0.088123 0.361121
vt 0.052680 0.375298
vt 0.096039 0.301487
vt 0.061426 0.315349
vt 0.082901 0.418703
vt 0.047570 0.434434
vt 0.520229 0.811279
vt 0.317425 0.606463
vt 0.483129 0.766624
vt 0.295083 0.552794
vt 0.452071 0.720161
vt 0.281492 0.498467
vt 0.424713 0.665538
vt 0.276993 0.437165
vt 0.546593 0.612815
vt 0.702109 0.859573
vt 0.081106 0.481245
vt 0.046297 0.499997
vt 0.009933 0.371254
vt 0.823516 0.219219
vt 0.019832 0.308942
vt 0.859632 0.270662
vt 0.003544 0.432476
vt 0.773914 0.185088
vt 0.000977 0.499996
vt 0.710394 0.172309
vt 0.179526 0.074068
vt 0.154298 0.186026
vt 0.165981 0.128833
vt 0.197687 0.015513
vt 0.197687 0.946978
vt 0.143617 0.245844
vt 0.121433 0.419900
vt 0.134153 0.305865
vt 0.126504 0.363729
vt 0.119606 0.481245
vt 0.088657 0.128621
vt 0.135024 0.011180
vt 0.135023 0.988826
vt 0.071311 0.188175
vt 0.108599 0.072178
vt 0.056142 0.250504
vt 0.034222 0.374729
vt 0.026562 0.499996
vt 0.043610 0.313416
vt 0.028486 0.434307
vt 0.058971 0.185130
vt 0.096322 0.067586
vt 0.043869 0.247788
vt 0.031138 0.310970
vt 0.015423 0.433287
vt 0.076287 0.125041
vt 0.122359 0.005841
vt 0.122357 0.994166
vt 0.021496 0.372755
vt 0.013149 0.499996
vt 0.776729 0.176608
vt 0.221438 0.505927
vt 0.872670 0.464125
vt 0.384369 0.797282
vt 0.492703 0.873373
vt 0.777981 0.549949
vt 0.492705 0.000977
vt 0.627829 0.546959
vt 0.298024 0.690943
vt 0.887837 0.331770
vt 0.339057 0.747784
vt 0.890028 0.400565
vt 0.835833 0.515275
vt 0.433834 0.838145
vt 0.263533 0.630132
vt 0.866523 0.266318
vt 0.828652 0.212382
vt 0.237480 0.568282
vt 0.215821 0.437165
vt 0.710575 0.163226
vt 0.246182 0.502622
vt 0.229671 0.504463
vt 0.240422 0.503153
vt 0.235518 0.503668
vt 0.400771 0.779286
vt 0.390528 0.791862
vt 0.397573 0.784065
vt 0.394603 0.787753
vt 0.496943 0.866365
vt 0.496945 0.007984
vt 0.504411 0.850633
vt 0.504413 0.023715
vt 0.499774 0.861119
vt 0.499776 0.013230
vt 0.501948 0.856480
vt 0.501950 0.017869
vt 0.285690 0.620377
vt 0.270947 0.626427
vt 0.280726 0.622302
vt 0.276351 0.624053
vt 0.245291 0.565385
vt 0.261115 0.561615
vt 0.250957 0.563733
vt 0.255656 0.562665
vt 0.241276 0.437165
vt 0.224299 0.437165
vt 0.235313 0.437165
vt 0.230262 0.437165
vt 0.305174 0.686767
vt 0.318537 0.678358
vt 0.310264 0.683801
vt 0.314211 0.681338
vt 0.438724 0.831740
vt 0.447573 0.817755
vt 0.442013 0.827057
vt 0.444582 0.822962
vt 0.345897 0.743094
vt 0.357740 0.732418
vt 0.350577 0.739563
vt 0.354042 0.736428
vt 0.243145 0.206734
vt 0.274982 0.773716
vt 0.253901 0.154113
vt 0.248363 0.727153
vt 0.266879 0.102366
vt 0.232097 0.676481
vt 0.233472 0.260937
vt 0.310093 0.816064
vt 0.284992 0.045579
vt 0.227482 0.617241
vt 0.284992 0.916912
vt 0.786501 0.617241
vt 0.224884 0.315321
vt 0.351632 0.852128
vt 0.217834 0.368560
vt 0.397579 0.879796
vt 0.213154 0.421690
vt 0.447870 0.897204
vt 0.211561 0.481245
vt 0.506991 0.903153
vt 0.718411 0.241741
vt 0.750894 0.265610
vt 0.771020 0.300656
vt 0.678646 0.231017
vt 0.637660 0.235069
vt 0.601700 0.253283
vt 0.576095 0.284550
vt 0.620293 0.144868
vt 0.868279 0.991856
vt 0.592235 0.178230
vt 0.911531 0.971098
vt 0.568589 0.213554
vt 0.941832 0.936253
vt 0.822529 0.945269
vt 0.726956 0.626471
vt 0.905229 0.879619
vt 0.646961 0.548926
vt 0.620362 0.726499
vt 0.768613 0.982172
vt 0.592369 0.693030
vt 0.730077 0.953379
vt 0.568775 0.657631
vt 0.707108 0.913154
vt 0.754211 0.864742
vt 0.651893 0.708799
vt 0.852508 0.943316
vt 0.720906 0.595540
vt 0.878303 0.932080
vt 0.705838 0.570009
vt 0.896343 0.911994
vt 0.682263 0.553775
vt 0.793474 0.937485
vt 0.722824 0.657716
vt 0.770271 0.921519
vt 0.709358 0.684128
vt 0.756527 0.898293
vt 0.686829 0.701784
vt 0.128850 0.843722
vt 0.105632 0.864115
vt 0.381591 0.435536
vt 0.347466 0.215046
vt 0.116845 0.784778
vt 0.088280 0.806067
vt 0.142707 0.899853
vt 0.125939 0.919884
vt 0.383893 0.374930
vt 0.383350 0.165642
vt 0.390929 0.317322
vt 0.422910 0.122631
vt 0.403504 0.262883
vt 0.466461 0.086967
vt 0.512421 0.435555
vt 0.841966 0.747970
vt 0.105833 0.722994
vt 0.073254 0.745710
vt 0.065167 0.878477
vt 0.543959 0.452910
vt 0.047863 0.817800
vt 0.529855 0.391665
vt 0.085196 0.936696
vt 0.577175 0.503119
vt 0.032814 0.754654
vt 0.534565 0.326198
vt 0.088123 0.601369
vt 0.052679 0.624696
vt 0.096039 0.661003
vt 0.061425 0.684646
vt 0.082901 0.543787
vt 0.047569 0.565559
vt 0.383990 0.496140
vt 0.317427 0.267871
vt 0.391078 0.553749
vt 0.295085 0.321538
vt 0.403650 0.608196
vt 0.281493 0.375864
vt 0.009932 0.628740
vt 0.595495 0.214679
vt 0.019830 0.691053
vt 0.557359 0.264644
vt 0.003543 0.567517
vt 0.646416 0.182550
vt 0.179526 0.888423
vt 0.154298 0.776465
vt 0.165981 0.833658
vt 0.143617 0.716647
vt 0.121433 0.542590
vt 0.134153 0.656626
vt 0.126504 0.598762
vt 0.088656 0.871381
vt 0.071310 0.811824
vt 0.108598 0.927826
vt 0.056141 0.749493
vt 0.034221 0.625265
vt 0.043609 0.686579
vt 0.028485 0.565686
vt 0.058969 0.814869
vt 0.096320 0.932419
vt 0.043867 0.752209
vt 0.031136 0.689025
vt 0.015423 0.566706
vt 0.076285 0.874960
vt 0.021495 0.627239
vt 0.643941 0.173964
vt 0.221440 0.368402
vt 0.536631 0.457434
vt 0.384374 0.077060
vt 0.298030 0.183393
vt 0.526745 0.324581
vt 0.339062 0.126556
vt 0.521817 0.393233
vt 0.571404 0.510010
vt 0.433838 0.036201
vt 0.263537 0.244201
vt 0.550647 0.260028
vt 0.590635 0.207642
vt 0.237484 0.306049
vt 0.246184 0.371708
vt 0.229673 0.369867
vt 0.240424 0.371177
vt 0.235520 0.370662
vt 0.400775 0.095056
vt 0.390533 0.082481
vt 0.397578 0.090277
vt 0.394607 0.086590
vt 0.285694 0.253957
vt 0.270951 0.247906
vt 0.280730 0.252031
vt 0.276355 0.250280
vt 0.245294 0.308946
vt 0.261118 0.312716
vt 0.250960 0.310598
vt 0.255659 0.311666
vt 0.305179 0.187569
vt 0.318541 0.195978
vt 0.310269 0.190535
vt 0.314216 0.192998
vt 0.438728 0.042606
vt 0.447576 0.056591
vt 0.442017 0.047289
vt 0.444586 0.051383
vt 0.345903 0.131245
vt 0.357745 0.141921
vt 0.350582 0.134776
vt 0.354047 0.137911
vt 0.243145 0.755757
vt 0.739001 0.773716
vt 0.253901 0.808378
vt 0.765620 0.727153
vt 0.266879 0.860124
vt 0.781886 0.676481
vt 0.233472 0.701554
vt 0.703890 0.816064
vt 0.224884 0.647170
vt 0.662350 0.852128
vt 0.217834 0.593930
vt 0.616403 0.879796
vt 0.213154 0.540801
vt 0.566112 0.897204
vt 0.701967 0.440760
vt 0.737927 0.422546
vt 0.763533 0.391279
vt 0.660981 0.444812
vt 0.621217 0.434088
vt 0.588734 0.410219
vt 0.568607 0.375173
vt 0.514106 0.389887
vt 0.890943 0.762197
vt 0.519289 0.346574
vt 0.929437 0.791047
vt 0.528901 0.305150
vt 0.952352 0.831275
vt 0.836901 0.799047
vt 0.571898 0.631254
vt 0.514209 0.481219
vt 0.791187 0.752404
vt 0.519470 0.524530
vt 0.747877 0.773181
vt 0.529121 0.565961
vt 0.717553 0.808081
vt 0.865989 0.806862
vt 0.576031 0.600009
vt 0.889184 0.822867
vt 0.589496 0.573597
vt 0.902940 0.846088
vt 0.612025 0.555941
vt 0.806921 0.800991
vt 0.577949 0.662185
vt 0.781108 0.812230
vt 0.593016 0.687716
vt 0.763073 0.832336
vt 0.616591 0.703950
vt 0.248363 0.180153
vt 0.260498 0.750837
vt 0.259914 0.128527
vt 0.238843 0.702671
vt 0.238191 0.233723
vt 0.291611 0.795536
vt 0.275291 0.074496
vt 0.228304 0.647663
vt 0.096466 0.131934
vt 0.500925 0.082260
vt 0.402770 0.731136
vt 0.466948 0.127148
vt 0.443803 0.770317
vt 0.541025 0.038199
vt 0.364839 0.684632
vt 0.437803 0.177299
vt 0.492019 0.803437
vt 0.211055 0.141597
vt 0.242291 0.030500
vt 0.242291 0.931991
vt 0.605662 0.161510
vt 0.891281 0.983289
vt 0.580050 0.195149
vt 0.928426 0.955624
vt 0.635973 0.128465
vt 0.843417 0.996298
vt 0.557245 0.234878
vt 0.951582 0.912204
vt 0.143289 0.015493
vt 0.143289 0.984514
vt 0.111209 0.208414
vt 0.080441 0.223977
vt 0.135353 0.090742
vt 0.115187 0.108093
vt 0.151447 0.033209
vt 0.138482 0.050743
vt 0.122721 0.147749
vt 0.096696 0.164491
vt 0.863079 0.268482
vt 0.052731 0.183610
vt 0.090085 0.065288
vt 0.037683 0.246419
vt 0.833082 0.511684
vt 0.883354 0.365991
vt 0.040032 0.213631
vt 0.074651 0.092506
vt 0.850510 0.485454
vt 0.097454 0.032619
vt 0.804590 0.527087
vt 0.056262 0.151412
vt 0.876057 0.430107
vt 0.221120 0.342145
vt 0.374177 0.867127
vt 0.215143 0.394700
vt 0.421840 0.889868
vt 0.229030 0.288197
vt 0.330196 0.835008
vt 0.211951 0.450763
vt 0.476596 0.901646
vt 0.042700 0.375017
vt 0.500902 0.789018
vt 0.305222 0.579582
vt 0.466988 0.744022
vt 0.287150 0.526116
vt 0.826087 0.215803
vt 0.540912 0.833231
vt 0.331553 0.633123
vt 0.437886 0.693812
vt 0.278121 0.468569
vt 0.173265 0.366381
vt 0.166476 0.481245
vt 0.605764 0.709800
vt 0.747639 0.969309
vt 0.580211 0.676069
vt 0.716479 0.934848
vt 0.636007 0.742965
vt 0.792185 0.991320
vt 0.557451 0.636281
vt 0.702288 0.887584
vt 0.035642 0.499996
vt 0.100750 0.270629
vt 0.066989 0.284800
vt 0.085120 0.389737
vt 0.049620 0.404528
vt 0.081554 0.449367
vt 0.046515 0.466411
vt 0.056640 0.345593
vt 0.091799 0.331727
vt 0.869101 0.461671
vt 0.024839 0.309715
vt 0.008805 0.432740
vt 0.883900 0.332393
vt 0.025985 0.277139
vt 0.871959 0.300965
vt 0.006292 0.401562
vt 0.800548 0.199686
vt 0.001736 0.465424
vt 0.743310 0.175876
vt 0.014461 0.340398
vt 0.843318 0.243134
vt 0.224201 0.088370
vt 0.199916 0.196522
vt 0.886042 0.399574
vt 0.189811 0.253603
vt 0.168297 0.420930
vt 0.180694 0.310846
vt 0.130053 0.335176
vt 0.120075 0.449957
vt 0.123606 0.391599
vt 0.138706 0.275993
vt 0.160004 0.156982
vt 0.188027 0.045204
vt 0.172345 0.101538
vt 0.148833 0.215746
vt 0.154245 0.066199
vt 0.128512 0.180319
vt 0.117551 0.241466
vt 0.094969 0.419102
vt 0.107918 0.302836
vt 0.140440 0.121926
vt 0.172861 0.007094
vt 0.172861 0.955397
vt 0.100110 0.361921
vt 0.093231 0.481245
vt 0.082609 0.126665
vt 0.128851 0.008430
vt 0.128850 0.991576
vt 0.079137 0.190811
vt 0.116556 0.075800
vt 0.064022 0.252246
vt 0.027913 0.373950
vt 0.020027 0.499996
vt 0.051818 0.314325
vt 0.037230 0.434386
vt 0.038491 0.344430
vt 0.027067 0.466340
vt 0.030872 0.404296
vt 0.049515 0.281986
vt 0.079750 0.157895
vt 0.120884 0.042503
vt 0.098093 0.100398
vt 0.063410 0.219164
vt 0.065235 0.186537
vt 0.102616 0.069808
vt 0.050026 0.249151
vt 0.037410 0.312338
vt 0.022064 0.433929
vt 0.070022 0.123255
vt 0.116088 0.003246
vt 0.116086 0.996761
vt 0.015063 0.371732
vt 0.006366 0.499996
vt 0.025894 0.342177
vt 0.013774 0.465851
vt 0.018006 0.402742
vt 0.037160 0.279396
vt 0.067378 0.154622
vt 0.108621 0.037323
vt 0.085771 0.096378
vt 0.051116 0.216299
vt 0.891393 0.366290
vt 0.317863 0.720083
vt 0.856920 0.491513
vt 0.408258 0.818633
vt 0.462188 0.856395
vt 0.809004 0.535038
vt 0.361305 0.773618
vt 0.883723 0.433513
vt 0.279876 0.660815
vt 0.879449 0.298095
vt 0.804580 0.191906
vt 0.228180 0.537525
vt 0.217282 0.472286
vt 0.744830 0.166958
vt 0.249324 0.599170
vt 0.849416 0.237454
vt 0.775319 0.180854
vt 0.776382 0.545643
vt 0.629599 0.542720
vt 0.710485 0.167779
vt 0.607692 0.064313
vt 0.607579 0.807164
vt 0.510000 0.182069
vt 0.485123 0.231782
vt 0.537454 0.141187
vt 0.570158 0.102197
vt 0.510128 0.689074
vt 0.485291 0.639337
vt 0.537515 0.730026
vt 0.570133 0.769130
vt 0.355698 0.734695
vt 0.378910 0.756911
vt 0.398999 0.782003
vt 0.375488 0.761348
vt 0.352372 0.738017
vt 0.396143 0.785941
vt 0.372272 0.764779
vt 0.348548 0.741146
vt 0.392841 0.789604
vt 0.367869 0.768597
vt 0.445898 0.820704
vt 0.474684 0.834901
vt 0.503041 0.853930
vt 0.503043 0.020419
vt 0.471776 0.840317
vt 0.443319 0.825034
vt 0.500885 0.858828
vt 0.500887 0.015521
vt 0.469369 0.844616
vt 0.440574 0.829158
vt 0.498537 0.863481
vt 0.498540 0.010868
vt 0.466426 0.849573
vt 0.423329 0.799426
vt 0.420274 0.804446
vt 0.417525 0.808345
vt 0.413841 0.812737
vt 0.316142 0.680038
vt 0.337514 0.706086
vt 0.333506 0.709604
vt 0.312289 0.682567
vt 0.329793 0.712416
vt 0.308036 0.685109
vt 0.324887 0.715667
vt 0.258087 0.562190
vt 0.272268 0.590914
vt 0.282938 0.621447
vt 0.267030 0.592369
vt 0.253320 0.563165
vt 0.278569 0.623151
vt 0.262474 0.593770
vt 0.248449 0.564420
vt 0.273966 0.625072
vt 0.256926 0.595804
vt 0.237974 0.437165
vt 0.242491 0.470641
vt 0.242991 0.502915
vt 0.236605 0.470935
vt 0.232784 0.437165
vt 0.237972 0.503396
vt 0.231602 0.471200
vt 0.227619 0.437165
vt 0.232930 0.503996
vt 0.225664 0.471585
vt 0.252391 0.532529
vt 0.246770 0.533278
vt 0.241966 0.534049
vt 0.236209 0.535278
vt 0.301187 0.649655
vt 0.296544 0.652090
vt 0.292372 0.654197
vt 0.287119 0.656875
vt 0.225515 0.505119
vt 0.241289 0.566718
vt 0.266754 0.560474
vt 0.252091 0.502072
vt 0.220054 0.437165
vt 0.247371 0.437165
vt 0.404103 0.774353
vt 0.361634 0.728237
vt 0.436349 0.834958
vt 0.387521 0.794666
vt 0.450624 0.812416
vt 0.342478 0.745531
vt 0.494907 0.869893
vt 0.494909 0.004457
vt 0.506897 0.844776
vt 0.506899 0.029572
vt 0.267127 0.628223
vt 0.290865 0.618312
vt 0.301526 0.688885
vt 0.323088 0.675218
vt 0.736605 0.251313
vt 0.763763 0.281009
vt 0.699384 0.233489
vt 0.776351 0.322652
vt 0.618142 0.241525
vt 0.586478 0.266362
vt 0.657783 0.230052
vt 0.567226 0.305373
vt 0.768068 0.251219
vt 0.269507 0.719725
vt 0.728672 0.222322
vt 0.293678 0.762335
vt 0.792499 0.293461
vt 0.254740 0.673000
vt 0.680438 0.209323
vt 0.325585 0.800915
vt 0.250574 0.617761
vt 0.797777 0.348487
vt 0.763408 0.617761
vt 0.630724 0.214229
vt 0.363431 0.833690
vt 0.587120 0.236268
vt 0.405481 0.858822
vt 0.556087 0.273928
vt 0.451860 0.874642
vt 0.506991 0.880051
vt 0.541850 0.327342
vt 0.675593 0.267967
vt 0.722691 0.290543
vt 0.701515 0.274958
vt 0.735798 0.313584
vt 0.738589 0.343597
vt 0.648875 0.270609
vt 0.625428 0.282507
vt 0.608718 0.303084
vt 0.601038 0.332232
vt 0.866591 0.939411
vt 0.715026 0.581322
vt 0.889012 0.924063
vt 0.695960 0.559843
vt 0.837815 0.946307
vt 0.725966 0.610441
vt 0.902834 0.897214
vt 0.665794 0.549028
vt 0.780360 0.930956
vt 0.717831 0.672270
vt 0.761347 0.911564
vt 0.700126 0.694883
vt 0.807327 0.943298
vt 0.726956 0.642531
vt 0.753101 0.882483
vt 0.670683 0.707536
vt 0.858189 0.960689
vt 0.890261 0.946346
vt 0.912746 0.921397
vt 0.820775 0.963157
vt 0.924022 0.881491
vt 0.755782 0.933181
vt 0.784524 0.953478
vt 0.738594 0.904282
vt 0.735410 0.862880
vt 0.695662 0.607302
vt 0.685939 0.590833
vt 0.670571 0.580412
vt 0.699568 0.627316
vt 0.647837 0.577310
vt 0.688214 0.664569
vt 0.696903 0.647532
vt 0.673517 0.675918
vt 0.651017 0.680415
vt 0.248363 0.782338
vt 0.753485 0.750837
vt 0.259914 0.833964
vt 0.775139 0.702671
vt 0.238191 0.728768
vt 0.722372 0.795536
vt 0.275291 0.887995
vt 0.785678 0.647663
vt 0.096464 0.868068
vt 0.386818 0.345605
vt 0.402773 0.143204
vt 0.396330 0.290087
vt 0.443805 0.104027
vt 0.382154 0.405029
vt 0.364843 0.189705
vt 0.413005 0.234509
vt 0.492020 0.070909
vt 0.211055 0.820894
vt 0.516261 0.367817
vt 0.911901 0.775097
vt 0.523306 0.326104
vt 0.943007 0.809585
vt 0.512828 0.412564
vt 0.867365 0.753004
vt 0.536703 0.282288
vt 0.957144 0.856832
vt 0.111209 0.754076
vt 0.080441 0.776021
vt 0.135353 0.871748
vt 0.115186 0.891910
vt 0.151447 0.929282
vt 0.138481 0.949262
vt 0.122721 0.814741
vt 0.096695 0.835510
vt 0.554002 0.262328
vt 0.052729 0.816389
vt 0.090083 0.934716
vt 0.037681 0.753578
vt 0.574295 0.506531
vt 0.529862 0.358953
vt 0.040030 0.786367
vt 0.074649 0.907497
vt 0.557925 0.479628
vt 0.097452 0.967386
vt 0.602152 0.523056
vt 0.056259 0.848589
vt 0.534601 0.423308
vt 0.221120 0.620346
vt 0.639805 0.867127
vt 0.215143 0.567791
vt 0.592143 0.889868
vt 0.229030 0.674294
vt 0.683786 0.835008
vt 0.211951 0.511728
vt 0.537387 0.901645
vt 0.042699 0.624977
vt 0.386949 0.525465
vt 0.305224 0.294751
vt 0.396484 0.580987
vt 0.287152 0.348216
vt 0.593062 0.211163
vt 0.382206 0.466043
vt 0.331556 0.241212
vt 0.413133 0.636576
vt 0.278122 0.405761
vt 0.173265 0.596110
vt 0.516407 0.503288
vt 0.768155 0.760974
vt 0.523512 0.545002
vt 0.730965 0.788680
vt 0.512881 0.458544
vt 0.816080 0.747970
vt 0.536928 0.588834
vt 0.707810 0.832161
vt 0.100750 0.691861
vt 0.066988 0.715196
vt 0.085120 0.572754
vt 0.049620 0.595465
vt 0.081554 0.513123
vt 0.046514 0.533583
vt 0.056639 0.654402
vt 0.091799 0.630764
vt 0.540295 0.455124
vt 0.024837 0.690280
vt 0.008805 0.567252
vt 0.530654 0.325360
vt 0.025983 0.722857
vt 0.543836 0.294431
vt 0.006291 0.598431
vt 0.619222 0.196076
vt 0.001736 0.534569
vt 0.677363 0.174563
vt 0.014459 0.659596
vt 0.574757 0.237787
vt 0.224201 0.874121
vt 0.199916 0.765968
vt 0.525840 0.392402
vt 0.189811 0.708888
vt 0.168297 0.541561
vt 0.180694 0.651645
vt 0.130053 0.627315
vt 0.120075 0.512533
vt 0.123606 0.570892
vt 0.138706 0.686498
vt 0.160004 0.805508
vt 0.188027 0.917286
vt 0.172345 0.860952
vt 0.148833 0.746744
vt 0.154245 0.896292
vt 0.128512 0.782172
vt 0.117551 0.721025
vt 0.094969 0.543389
vt 0.107918 0.659655
vt 0.140440 0.840565
vt 0.100110 0.600570
vt 0.082607 0.873336
vt 0.079136 0.809188
vt 0.116555 0.924204
vt 0.064021 0.747751
vt 0.027912 0.626044
vt 0.051817 0.685671
vt 0.037230 0.565607
vt 0.038490 0.655565
vt 0.027067 0.533653
vt 0.030871 0.595697
vt 0.049513 0.718010
vt 0.079748 0.842105
vt 0.120883 0.957503
vt 0.098091 0.899605
vt 0.063408 0.780834
vt 0.065233 0.813462
vt 0.102615 0.930196
vt 0.050024 0.750846
vt 0.037408 0.687657
vt 0.022064 0.566064
vt 0.070020 0.876747
vt 0.015061 0.628262
vt 0.025892 0.657818
vt 0.013773 0.534142
vt 0.018005 0.597252
vt 0.037158 0.720600
vt 0.067376 0.845378
vt 0.108619 0.962682
vt 0.085769 0.903625
vt 0.051114 0.783699
vt 0.521817 0.358931
vt 0.317869 0.154254
vt 0.551279 0.485428
vt 0.408263 0.055711
vt 0.462192 0.017953
vt 0.597424 0.530825
vt 0.361310 0.100723
vt 0.526805 0.426407
vt 0.279882 0.213519
vt 0.536466 0.291266
vt 0.615503 0.188142
vt 0.228183 0.336805
vt 0.217283 0.402043
vt 0.676199 0.165592
vt 0.249328 0.275162
vt 0.568890 0.231868
vt 0.645181 0.178262
vt 0.446758 0.435577
vt 0.465862 0.283933
vt 0.454800 0.331924
vt 0.448716 0.382423
vt 0.466052 0.587187
vt 0.454974 0.539210
vt 0.448823 0.488725
vt 0.355703 0.139644
vt 0.378915 0.117430
vt 0.399004 0.092339
vt 0.375492 0.112993
vt 0.352377 0.136322
vt 0.396148 0.088401
vt 0.372277 0.109562
vt 0.348553 0.133194
vt 0.392845 0.084738
vt 0.367874 0.105744
vt 0.445902 0.053642
vt 0.474687 0.039446
vt 0.471779 0.034030
vt 0.443322 0.049312
vt 0.469372 0.029731
vt 0.440578 0.045188
vt 0.466429 0.024775
vt 0.423333 0.074918
vt 0.420278 0.069898
vt 0.417529 0.065999
vt 0.413846 0.061607
vt 0.316146 0.194298
vt 0.337519 0.168252
vt 0.333511 0.164733
vt 0.312294 0.191770
vt 0.329798 0.161921
vt 0.308041 0.189227
vt 0.324892 0.158671
vt 0.258090 0.312141
vt 0.272272 0.283419
vt 0.282942 0.252886
vt 0.267034 0.281963
vt 0.253323 0.311167
vt 0.278573 0.251183
vt 0.262478 0.280562
vt 0.248453 0.309911
vt 0.273970 0.249262
vt 0.256930 0.278528
vt 0.242491 0.403688
vt 0.242993 0.371415
vt 0.236606 0.403395
vt 0.237974 0.370934
vt 0.231603 0.403130
vt 0.232932 0.370334
vt 0.225665 0.402744
vt 0.252394 0.341801
vt 0.246773 0.341053
vt 0.241968 0.340282
vt 0.236211 0.339053
vt 0.301192 0.224680
vt 0.296548 0.222245
vt 0.292377 0.220138
vt 0.287124 0.217460
vt 0.225517 0.369210
vt 0.241293 0.307613
vt 0.266756 0.313858
vt 0.252093 0.372259
vt 0.404107 0.099989
vt 0.361638 0.146102
vt 0.436354 0.039388
vt 0.387527 0.079677
vt 0.450627 0.061929
vt 0.342483 0.128808
vt 0.267132 0.246110
vt 0.290869 0.256021
vt 0.301531 0.185451
vt 0.323092 0.199118
vt 0.721485 0.434304
vt 0.753149 0.409467
vt 0.681844 0.445777
vt 0.772401 0.370456
vt 0.603022 0.424516
vt 0.575865 0.394819
vt 0.640243 0.442340
vt 0.563276 0.353177
vt 0.744476 0.719725
vt 0.752506 0.439560
vt 0.708902 0.461599
vt 0.720304 0.762335
vt 0.759243 0.673000
vt 0.783539 0.401901
vt 0.659189 0.466506
vt 0.688398 0.800915
vt 0.650552 0.833690
vt 0.610954 0.453507
vt 0.571558 0.424610
vt 0.608501 0.858822
vt 0.547128 0.382368
vt 0.562122 0.874642
vt 0.664034 0.407862
vt 0.714200 0.393322
vt 0.690752 0.405220
vt 0.730910 0.372745
vt 0.638112 0.400871
vt 0.616936 0.385286
vt 0.603829 0.362245
vt 0.879095 0.813424
vt 0.581023 0.585455
vt 0.898114 0.832823
vt 0.598729 0.562842
vt 0.852120 0.801043
vt 0.571898 0.615193
vt 0.906348 0.861883
vt 0.628171 0.550189
vt 0.792828 0.804900
vt 0.583828 0.676403
vt 0.770401 0.820256
vt 0.602894 0.697882
vt 0.821617 0.798002
vt 0.572888 0.647284
vt 0.756600 0.847131
vt 0.633061 0.708696
vt 0.874958 0.790874
vt 0.903691 0.811205
vt 0.920866 0.840108
vt 0.838680 0.781154
vt 0.769148 0.797964
vt 0.801243 0.783609
vt 0.746662 0.822940
vt 0.601951 0.610193
vt 0.610641 0.593156
vt 0.625337 0.581807
vt 0.599287 0.630409
vt 0.612915 0.666892
vt 0.603192 0.650423
vt 0.628283 0.677313
vt 0.253013 0.597394
vt 0.364627 0.771210
vt 0.283385 0.658839
vt 0.497190 0.205909
vt 0.523238 0.160941
vt 0.588430 0.083022
vt 0.553111 0.121639
vt 0.887371 0.366102
vt 0.122918 0.210706
vt 0.146920 0.094116
vt 0.162934 0.036975
vt 0.044903 0.214866
vt 0.079515 0.094367
vt 0.102381 0.034728
vt 0.061119 0.152990
vt 0.382500 0.752309
vt 0.221445 0.471900
vt 0.321336 0.717942
vt 0.497342 0.665218
vt 0.523335 0.710230
vt 0.588360 0.788377
vt 0.553130 0.749625
vt 0.134346 0.150648
vt 0.112565 0.272289
vt 0.097154 0.390322
vt 0.093639 0.449574
vt 0.030923 0.278073
vt 0.011486 0.401926
vt 0.007063 0.465581
vt 0.019531 0.341016
vt 0.176723 0.338916
vt 0.166966 0.450426
vt 0.170425 0.393345
vt 0.185083 0.282330
vt 0.205342 0.168693
vt 0.232603 0.059981
vt 0.217190 0.115170
vt 0.194737 0.224908
vt 0.046843 0.344989
vt 0.846369 0.240293
vt 0.879890 0.431760
vt 0.103734 0.332784
vt 0.035992 0.466386
vt 0.039464 0.404428
vt 0.057572 0.283294
vt 0.087558 0.160909
vt 0.128983 0.046273
vt 0.105938 0.103902
vt 0.071268 0.221374
vt 0.032233 0.343492
vt 0.020542 0.466162
vt 0.024521 0.403708
vt 0.043376 0.280777
vt 0.073680 0.156105
vt 0.114917 0.039907
vt 0.092086 0.098251
vt 0.057334 0.217670
vt 0.306035 0.647080
vt 0.464354 0.852963
vt 0.477632 0.829368
vt 0.426483 0.794259
vt 0.341736 0.702400
vt 0.277703 0.589341
vt 0.248495 0.470346
vt 0.258181 0.531724
vt 0.875704 0.299512
vt 0.853715 0.488442
vt 0.802565 0.195801
vt 0.806788 0.531032
vt 0.744066 0.171424
vt 0.411135 0.815745
vt 0.377019 0.759434
vt 0.373942 0.763093
vt 0.370369 0.766496
vt 0.473050 0.837962
vt 0.470578 0.842487
vt 0.468070 0.846837
vt 0.421628 0.802276
vt 0.418940 0.806425
vt 0.415928 0.810320
vt 0.335300 0.708077
vt 0.331708 0.711021
vt 0.327656 0.713864
vt 0.269363 0.591716
vt 0.264773 0.593036
vt 0.260021 0.594629
vt 0.239234 0.470805
vt 0.234102 0.471062
vt 0.228973 0.471360
vt 0.249275 0.532939
vt 0.244375 0.533636
vt 0.239418 0.534555
vt 0.298621 0.651015
vt 0.294498 0.653127
vt 0.290062 0.655363
vt 0.232128 0.536291
vt 0.749977 0.234902
vt 0.280463 0.741456
vt 0.782601 0.270488
vt 0.260791 0.697245
vt 0.705259 0.213519
vt 0.308732 0.782271
vt 0.797777 0.320010
vt 0.251229 0.646190
vt 0.607644 0.223142
vt 0.384004 0.847375
vt 0.569622 0.252891
vt 0.427758 0.868044
vt 0.655264 0.209388
vt 0.343842 0.818188
vt 0.546524 0.299250
vt 0.478584 0.878757
vt 0.719174 0.273689
vt 0.739233 0.295684
vt 0.691678 0.260524
vt 0.748521 0.326572
vt 0.631664 0.266458
vt 0.608267 0.284863
vt 0.660948 0.257985
vt 0.594036 0.313808
vt 0.875292 0.954861
vt 0.902831 0.935628
vt 0.839748 0.963646
vt 0.920282 0.902917
vt 0.768839 0.944448
vt 0.745534 0.920201
vt 0.802061 0.959954
vt 0.734848 0.884641
vt 0.697531 0.593997
vt 0.683571 0.578323
vt 0.705535 0.615341
vt 0.661443 0.570465
vt 0.699588 0.660697
vt 0.686621 0.677202
vt 0.706261 0.638900
vt 0.665020 0.686408
vt 0.253017 0.276938
vt 0.364633 0.103131
vt 0.283391 0.215495
vt 0.474497 0.258282
vt 0.459495 0.308043
vt 0.447222 0.408822
vt 0.451243 0.356709
vt 0.525843 0.358903
vt 0.122918 0.751784
vt 0.146920 0.868375
vt 0.162933 0.925516
vt 0.044901 0.785132
vt 0.079512 0.905636
vt 0.102379 0.965278
vt 0.061117 0.847010
vt 0.382504 0.122032
vt 0.221446 0.402429
vt 0.321341 0.156396
vt 0.474681 0.612835
vt 0.459684 0.563084
vt 0.447279 0.462331
vt 0.451390 0.514433
vt 0.134346 0.811843
vt 0.112565 0.690201
vt 0.097154 0.572169
vt 0.093639 0.512917
vt 0.030921 0.721923
vt 0.011485 0.598068
vt 0.007063 0.534412
vt 0.019529 0.658979
vt 0.176723 0.623575
vt 0.166966 0.512065
vt 0.170425 0.569146
vt 0.185083 0.680160
vt 0.205342 0.793798
vt 0.232603 0.902510
vt 0.217190 0.847321
vt 0.194737 0.737583
vt 0.046842 0.655006
vt 0.571821 0.234826
vt 0.530705 0.424807
vt 0.103734 0.629707
vt 0.035991 0.533607
vt 0.039464 0.595566
vt 0.057571 0.716702
vt 0.087557 0.839092
vt 0.128982 0.953732
vt 0.105937 0.896101
vt 0.071267 0.778624
vt 0.032232 0.656503
vt 0.020542 0.533831
vt 0.024520 0.596285
vt 0.043374 0.719219
vt 0.073678 0.843895
vt 0.114916 0.960099
vt 0.092084 0.901752
vt 0.057332 0.782328
vt 0.306039 0.227255
vt 0.464358 0.021385
vt 0.477634 0.044979
vt 0.426487 0.080084
vt 0.341740 0.171938
vt 0.277706 0.284992
vt 0.248496 0.403984
vt 0.258183 0.342606
vt 0.540152 0.292831
vt 0.554604 0.482487
vt 0.617362 0.192113
vt 0.599799 0.526910
vt 0.676784 0.170084
vt 0.411140 0.058599
vt 0.377023 0.114907
vt 0.373947 0.111248
vt 0.370374 0.107845
vt 0.473052 0.036385
vt 0.470580 0.031860
vt 0.468073 0.027510
vt 0.421632 0.072068
vt 0.418944 0.067919
vt 0.415932 0.064024
vt 0.335305 0.166260
vt 0.331713 0.163316
vt 0.327661 0.160474
vt 0.269367 0.282616
vt 0.264777 0.281297
vt 0.260025 0.279703
vt 0.239235 0.403525
vt 0.234103 0.403267
vt 0.228974 0.402970
vt 0.249277 0.341392
vt 0.244378 0.340694
vt 0.239421 0.339775
vt 0.298626 0.223320
vt 0.294503 0.221208
vt 0.290067 0.218972
vt 0.232130 0.338040
vt 0.733519 0.741456
vt 0.731982 0.452687
vt 0.753191 0.697245
vt 0.770005 0.422938
vt 0.705251 0.782271
vt 0.684362 0.466441
vt 0.762754 0.646190
vt 0.793103 0.376578
vt 0.629979 0.847375
vt 0.589650 0.440927
vt 0.586224 0.868044
vt 0.557026 0.405341
vt 0.670141 0.818188
vt 0.634367 0.462310
vt 0.535399 0.878757
vt 0.541850 0.355819
vt 0.707964 0.409371
vt 0.731360 0.390966
vt 0.678680 0.417844
vt 0.745592 0.362021
vt 0.620453 0.402140
vt 0.600394 0.380145
vt 0.647949 0.415305
vt 0.591107 0.349257
vt 0.890640 0.799926
vt 0.913935 0.824190
vt 0.857409 0.784377
vt 0.924598 0.859740
vt 0.784127 0.789441
vt 0.756575 0.808695
vt 0.819695 0.780655
vt 0.739137 0.841438
vt 0.599266 0.597028
vt 0.612233 0.580523
vt 0.592593 0.618825
vt 0.633834 0.571316
vt 0.601324 0.663728
vt 0.615283 0.679402
vt 0.593320 0.642384
vt 0.637411 0.687260
s 1
usemtl MT01_PilaWaterCar_Bowl
f 3884/6311/1155 4253/6818/1156 4554/7202/1157 4180/6739/1158
f 4253/6818/1156 3902/6334/1159 4233/6798/1160 4554/7202/1157
f 4554/7202/1157 4233/6798/1160 3899/6331/1161 4266/6833/1162
f 4180/6739/1158 4554/7202/1157 4266/6833/1162 3883/6308/1163
f 3878/6297/1164 4176/6731/1165 4555/7203/1166 4261/6826/1167
f 4176/6731/1165 3881/6304/1168 4263/6828/1169 4555/7203/1166
f 4555/7203/1166 4263/6828/1169 3918/6350/1170 4202/6764/1171
f 4261/6826/1167 4555/7203/1166 4202/6764/1171 3891/6319/1172
f 3883/6308/1163 4266/6833/1162 4556/7204/1173 4177/6733/1174
f 4266/6833/1162 3899/6331/1161 4251/6816/1175 4556/7204/1173
f 4556/7204/1173 4251/6816/1175 3910/6342/1176 4268/6835/1177
f 4177/6733/1174 4556/7204/1173 4268/6835/1177 3880/6302/1178
f 3825/6211/1179 4066/6580/1180 4557/7205/1181 4186/6748/1182
f 4066/6580/1180 3824/6208/1183 4185/6747/1184 4557/7205/1181
f 4557/7205/1181 4185/6747/1184 3940/6385/1185 4072/6591/1186
f 4186/6748/1182 4557/7205/1181 4072/6591/1186 3828/6217/1187
f 3824/6208/1183 4064/6576/1188 4558/7206/1189 4185/6747/1184
f 4064/6576/1188 3823/6206/1190 4187/6749/1191 4558/7206/1189
f 4558/7206/1189 4187/6749/1191 3939/6383/1192 4070/6587/1193
f 4185/6747/1184 4558/7206/1189 4070/6587/1193 3940/6385/1185
f 3822/6204/1194 4065/6578/1195 4559/7207/1196 4188/6750/1197
f 4065/6578/1195 3819/6197/1198 4184/6745/1199 4559/7207/1196
f 4559/7207/1196 4184/6745/1199 3827/6214/1200 4071/6589/1201
f 4188/6750/1197 4559/7207/1196 4071/6589/1201 3938/6381/1202
f 3823/6206/1190 4063/6574/1203 4560/7208/1204 4187/6749/1191
f 4063/6574/1203 3822/6204/1194 4188/6750/1197 4560/7208/1204
f 4560/7208/1204 4188/6750/1197 3938/6381/1202 4069/6585/1205
f 4187/6749/1191 4560/7208/1204 4069/6585/1205 3939/6383/1192
f 3832/6228/1206 4083/6608/1207 4561/7209/1208 4118/6667/1209
f 4083/6608/1207 3834/6232/1210 4111/6656/1211 4561/7209/1208
f 4561/7209/1208 4111/6656/1211 3880/6303/1178 4173/6725/1212
f 4118/6667/1209 4561/7209/1208 4173/6725/1212 3881/6305/1168
f 3851/6265/1213 4129/6678/1214 4562/7210/1215 4131/6680/1216
f 4129/6678/1214 3854/6269/1217 4132/6681/1218 4562/7210/1215
f 4562/7210/1215 4132/6681/1218 3830/6223/1219 4074/6595/1220
f 4131/6680/1216 4562/7210/1215 4074/6595/1220 3820/6200/1221
f 3850/6264/1222 4128/6677/1223 4563/7211/1224 4130/6679/1225
f 4128/6677/1223 3852/6266/1226 4135/6684/1227 4563/7211/1224
f 4563/7211/1224 4135/6684/1227 3818/6195/1228 4075/6597/1229
f 4130/6679/1225 4563/7211/1224 4075/6597/1229 3821/6202/1230
f 3853/6267/1231 4127/6676/1232 4564/7212/1233 4136/6685/1234
f 4127/6676/1232 3850/6264/1222 4130/6679/1225 4564/7212/1233
f 4564/7212/1233 4130/6679/1225 3821/6202/1230 4076/6599/1235
f 4136/6685/1234 4564/7212/1233 4076/6599/1235 3829/6219/1236
f 3868/6284/1237 4172/6724/1238 4565/7213/1239 4079/6604/1240
f 4172/6724/1238 3870/6286/1241 4081/6606/1242 4565/7213/1239
f 4565/7213/1239 4081/6606/1242 3834/6231/1210 4083/6609/1207
f 4079/6604/1240 4565/7213/1239 4083/6609/1207 3832/6227/1206
f 3869/6285/1243 4171/6723/1244 4566/7214/1245 4080/6605/1246
f 4171/6723/1244 3873/6289/1247 4161/6712/1248 4566/7214/1245
f 4566/7214/1245 4161/6712/1248 3831/6225/1249 4084/6610/1250
f 4080/6605/1246 4566/7214/1245 4084/6610/1250 3833/6229/1251
f 3874/6290/1252 4170/6722/1253 4567/7215/1254 4162/6713/1255
f 4170/6722/1253 3869/6285/1243 4080/6605/1246 4567/7215/1254
f 4567/7215/1254 4080/6605/1246 3833/6229/1251 4085/6612/1256
f 4162/6713/1255 4567/7215/1254 4085/6612/1256 3835/6233/1257
f 3873/6289/1247 4169/6721/1258 4568/7216/1259 4161/6712/1248
f 4169/6721/1258 3868/6284/1237 4079/6604/1240 4568/7216/1259
f 4568/7216/1259 4079/6604/1240 3832/6227/1206 4086/6614/1260
f 4161/6712/1248 4568/7216/1259 4086/6614/1260 3831/6225/1249
f 3823/6207/1190 4258/6823/1261 4569/7217/1262 4063/6575/1203
f 4258/6823/1261 3890/6318/1263 4194/6756/1264 4569/7217/1262
f 4569/7217/1262 4194/6756/1264 3919/6351/1265 4259/6824/1266
f 4063/6575/1203 4569/7217/1262 4259/6824/1266 3822/6205/1194
f 3885/6312/1267 4256/6821/1268 4570/7218/1269 4179/6737/1270
f 4256/6821/1268 3907/6339/1271 4243/6808/1272 4570/7218/1269
f 4570/7218/1269 4243/6808/1272 3887/6315/1273 4252/6817/1274
f 4179/6737/1270 4570/7218/1269 4252/6817/1274 3877/6295/1275
f 3881/6304/1168 4173/6726/1212 4571/7219/1276 4263/6828/1169
f 4173/6726/1212 3880/6302/1178 4268/6835/1177 4571/7219/1276
f 4571/7219/1276 4268/6835/1177 3910/6342/1176 4223/6788/1277
f 4263/6828/1169 4571/7219/1276 4223/6788/1277 3918/6350/1170
f 3843/6250/1278 4190/6752/1279 4572/7220/1280 4096/6632/1281
f 4190/6752/1279 3844/6252/1282 4102/6642/1283 4572/7220/1280
f 4572/7220/1280 4102/6642/1283 3945/6395/1284 4189/6751/1285
f 4096/6632/1281 4572/7220/1280 4189/6751/1285 3842/6248/1286
f 3842/6248/1286 4189/6751/1285 4573/7221/1287 4093/6627/1288
f 4189/6751/1285 3945/6395/1284 4100/6638/1289 4573/7221/1287
f 4573/7221/1287 4100/6638/1289 3944/6393/1290 4191/6753/1291
f 4093/6627/1288 4573/7221/1287 4191/6753/1291 3841/6246/1292
f 3840/6244/1293 4192/6754/1294 4574/7222/1295 4095/6630/1296
f 4192/6754/1294 3943/6391/1297 4101/6640/1298 4574/7222/1295
f 4574/7222/1295 4101/6640/1298 3827/6215/1200 4184/6746/1199
f 4095/6630/1296 4574/7222/1295 4184/6746/1199 3819/6198/1198
f 3841/6246/1292 4191/6753/1291 4575/7223/1299 4092/6625/1300
f 4191/6753/1291 3944/6393/1290 4099/6636/1301 4575/7223/1299
f 4575/7223/1299 4099/6636/1301 3943/6391/1297 4192/6754/1294
f 4092/6625/1300 4575/7223/1299 4192/6754/1294 3840/6244/1293
f 3852/6266/1226 4126/6675/1302 4576/7224/1303 4135/6684/1227
f 4126/6675/1302 3851/6265/1213 4131/6680/1216 4576/7224/1303
f 4576/7224/1303 4131/6680/1216 3820/6200/1221 4077/6601/1304
f 4135/6684/1227 4576/7224/1303 4077/6601/1304 3818/6195/1228
f 3856/6271/1305 4134/6683/1306 4577/7225/1307 4125/6674/1308
f 4134/6683/1306 3838/6240/1309 4104/6645/1310 4577/7225/1307
f 4577/7225/1307 4104/6645/1310 3830/6223/1219 4132/6681/1218
f 4125/6674/1308 4577/7225/1307 4132/6681/1218 3854/6269/1217
f 3855/6270/1311 4133/6682/1312 4578/7226/1313 4124/6673/1314
f 4133/6682/1312 3839/6242/1315 4105/6647/1316 4578/7226/1313
f 4578/7226/1313 4105/6647/1316 3837/6238/1317 4137/6687/1318
f 4124/6673/1314 4578/7226/1313 4137/6687/1318 3857/6272/1319
f 3858/6273/1320 4138/6688/1321 4579/7227/1322 4123/6672/1323
f 4138/6688/1321 3845/6254/1324 4106/6649/1325 4579/7227/1322
f 4579/7227/1322 4106/6649/1325 3839/6242/1315 4133/6682/1312
f 4123/6672/1323 4579/7227/1322 4133/6682/1312 3855/6270/1311
f 3871/6287/1326 4109/6654/1327 4580/7228/1328 4168/6720/1329
f 4109/6654/1327 3847/6258/1330 4112/6657/1331 4580/7228/1328
f 4580/7228/1328 4112/6657/1331 3834/6231/1210 4081/6606/1242
f 4168/6720/1329 4580/7228/1328 4081/6606/1242 3870/6286/1241
f 3872/6288/1332 4110/6655/1333 4581/7229/1334 4167/6719/1335
f 4110/6655/1333 3848/6260/1336 4113/6659/1337 4581/7229/1334
f 4581/7229/1334 4113/6659/1337 3846/6256/1338 4163/6715/1339
f 4167/6719/1335 4581/7229/1334 4163/6715/1339 3875/6292/1340
f 3876/6293/1341 4164/6716/1342 4582/7230/1343 4166/6718/1344
f 4164/6716/1342 3849/6262/1345 4114/6661/1346 4582/7230/1343
f 4582/7230/1343 4114/6661/1346 3848/6260/1336 4110/6655/1333
f 4166/6718/1344 4582/7230/1343 4110/6655/1333 3872/6288/1332
f 3875/6292/1340 4163/6715/1339 4583/7231/1347 4165/6717/1348
f 4163/6715/1339 3846/6256/1338 4115/6663/1349 4583/7231/1347
f 4583/7231/1347 4115/6663/1349 3847/6258/1330 4109/6654/1327
f 4165/6717/1348 4583/7231/1347 4109/6654/1327 3871/6287/1326
f 3928/6368/1350 4097/6634/1351 4584/7232/1352 4087/6616/1353
f 4097/6634/1351 3857/6272/1319 4122/6671/1354 4584/7232/1352
f 4584/7232/1352 4122/6671/1354 3856/6271/1305 4121/6670/1355
f 4087/6616/1353 4584/7232/1352 4121/6670/1355 3927/6366/1356
f 3930/6372/1357 4098/6635/1358 4585/7233/1359 4090/6622/1360
f 4098/6635/1358 3858/6273/1320 4123/6672/1323 4585/7233/1359
f 4585/7233/1359 4123/6672/1323 3855/6270/1311 4120/6669/1361
f 4090/6622/1360 4585/7233/1359 4120/6669/1361 3929/6370/1362
f 3929/6370/1362 4120/6669/1361 4586/7234/1363 4088/6618/1364
f 4120/6669/1361 3855/6270/1311 4124/6673/1314 4586/7234/1363
f 4586/7234/1363 4124/6673/1314 3857/6272/1319 4097/6634/1351
f 4088/6618/1364 4586/7234/1363 4097/6634/1351 3928/6368/1350
f 3927/6366/1356 4121/6670/1355 4587/7235/1365 4089/6620/1366
f 4121/6670/1355 3856/6271/1305 4125/6674/1308 4587/7235/1365
f 4587/7235/1365 4125/6674/1308 3854/6269/1217 4119/6668/1367
f 4089/6620/1366 4587/7235/1365 4119/6668/1367 3925/6360/1368
f 3923/6356/1369 4058/6565/1370 4588/7236/1371 4067/6582/1372
f 4058/6565/1370 3922/6354/1373 4117/6666/1374 4588/7236/1371
f 4588/7236/1371 4117/6666/1374 3851/6265/1213 4126/6675/1302
f 4067/6582/1372 4588/7236/1371 4126/6675/1302 3852/6266/1226
f 3926/6362/1375 4061/6571/1376 4589/7237/1377 4068/6583/1378
f 4061/6571/1376 3924/6358/1379 4116/6665/1380 4589/7237/1377
f 4589/7237/1377 4116/6665/1380 3850/6264/1222 4127/6676/1232
f 4068/6583/1378 4589/7237/1377 4127/6676/1232 3853/6267/1231
f 3924/6358/1379 4059/6567/1381 4590/7238/1382 4116/6665/1380
f 4059/6567/1381 3923/6356/1369 4067/6582/1372 4590/7238/1382
f 4590/7238/1382 4067/6582/1372 3852/6266/1226 4128/6677/1223
f 4116/6665/1380 4590/7238/1382 4128/6677/1223 3850/6264/1222
f 3922/6354/1373 4060/6569/1383 4591/7239/1384 4117/6666/1374
f 4060/6569/1383 3925/6360/1368 4119/6668/1367 4591/7239/1384
f 4591/7239/1384 4119/6668/1367 3854/6269/1217 4129/6678/1214
f 4117/6666/1374 4591/7239/1384 4129/6678/1214 3851/6265/1213
f 3837/6239/1317 4091/6624/1385 4592/7240/1386 4107/6651/1387
f 4091/6624/1385 3864/6280/1388 4148/6699/1389 4592/7240/1386
f 4592/7240/1386 4148/6699/1389 3866/6282/1390 4146/6697/1391
f 4107/6651/1387 4592/7240/1386 4146/6697/1391 3838/6241/1309
f 3847/6259/1330 4115/6664/1349 4593/7241/1392 4078/6603/1393
f 4115/6664/1349 3846/6257/1338 4094/6629/1394 4593/7241/1392
f 4593/7241/1392 4094/6629/1394 3884/6310/1155 4180/6740/1158
f 4078/6603/1393 4593/7241/1392 4180/6740/1158 3883/6309/1163
f 3831/6226/1249 4086/6615/1260 4594/7242/1395 4108/6653/1396
f 4086/6615/1260 3832/6228/1206 4118/6667/1209 4594/7242/1395
f 4594/7242/1395 4118/6667/1209 3881/6305/1168 4176/6732/1165
f 4108/6653/1396 4594/7242/1395 4176/6732/1165 3878/6296/1164
f 3857/6272/1319 4137/6687/1318 4595/7243/1397 4122/6671/1354
f 4137/6687/1318 3837/6238/1317 4107/6652/1387 4595/7243/1397
f 4595/7243/1397 4107/6652/1387 3838/6240/1309 4134/6683/1306
f 4122/6671/1354 4595/7243/1397 4134/6683/1306 3856/6271/1305
f 3845/6255/1324 4103/6644/1398 4596/7244/1399 4106/6650/1325
f 4103/6644/1398 3865/6281/1400 4149/6700/1401 4596/7244/1399
f 4596/7244/1399 4149/6700/1401 3867/6283/1402 4147/6698/1403
f 4106/6650/1325 4596/7244/1399 4147/6698/1403 3839/6243/1315
f 3839/6243/1315 4147/6698/1403 4597/7245/1404 4105/6648/1316
f 4147/6698/1403 3867/6283/1402 4150/6701/1405 4597/7245/1404
f 4597/7245/1404 4150/6701/1405 3864/6280/1388 4091/6624/1385
f 4105/6648/1316 4597/7245/1404 4091/6624/1385 3837/6239/1317
f 3838/6241/1309 4146/6697/1391 4598/7246/1406 4104/6646/1310
f 4146/6697/1391 3866/6282/1390 4151/6702/1407 4598/7246/1406
f 4598/7246/1406 4151/6702/1407 3863/6279/1408 4143/6694/1409
f 4104/6646/1310 4598/7246/1406 4143/6694/1409 3830/6224/1219
f 3818/6196/1228 4077/6602/1304 4599/7247/1410 4062/6573/1411
f 4077/6602/1304 3820/6201/1221 4141/6692/1412 4599/7247/1410
f 4599/7247/1410 4141/6692/1412 3861/6277/1413 4152/6703/1414
f 4062/6573/1411 4599/7247/1410 4152/6703/1414 3859/6274/1415
f 3829/6220/1236 4076/6600/1235 4600/7248/1416 4073/6593/1417
f 4076/6600/1235 3821/6203/1230 4142/6693/1418 4600/7248/1416
f 4600/7248/1416 4142/6693/1418 3862/6278/1419 4153/6704/1420
f 4073/6593/1417 4600/7248/1416 4153/6704/1420 3860/6275/1421
f 3821/6203/1230 4075/6598/1229 4601/7249/1422 4142/6693/1418
f 4075/6598/1229 3818/6196/1228 4062/6573/1411 4601/7249/1422
f 4601/7249/1422 4062/6573/1411 3859/6274/1415 4154/6705/1423
f 4142/6693/1418 4601/7249/1422 4154/6705/1423 3862/6278/1419
f 3820/6201/1221 4074/6596/1220 4602/7250/1424 4141/6692/1412
f 4074/6596/1220 3830/6224/1219 4143/6694/1409 4602/7250/1424
f 4602/7250/1424 4143/6694/1409 3863/6279/1408 4155/6706/1425
f 4141/6692/1412 4602/7250/1424 4155/6706/1425 3861/6277/1413
f 3864/6280/1388 4144/6695/1426 4603/7251/1427 4148/6699/1389
f 4144/6695/1426 3875/6292/1340 4165/6717/1348 4603/7251/1427
f 4603/7251/1427 4165/6717/1348 3871/6287/1326 4159/6710/1428
f 4148/6699/1389 4603/7251/1427 4159/6710/1428 3866/6282/1390
f 3865/6281/1400 4145/6696/1429 4604/7252/1430 4149/6700/1401
f 4145/6696/1429 3876/6293/1341 4166/6718/1344 4604/7252/1430
f 4604/7252/1430 4166/6718/1344 3872/6288/1332 4160/6711/1431
f 4149/6700/1401 4604/7252/1430 4160/6711/1431 3867/6283/1402
f 3867/6283/1402 4160/6711/1431 4605/7253/1432 4150/6701/1405
f 4160/6711/1431 3872/6288/1332 4167/6719/1335 4605/7253/1432
f 4605/7253/1432 4167/6719/1335 3875/6292/1340 4144/6695/1426
f 4150/6701/1405 4605/7253/1432 4144/6695/1426 3864/6280/1388
f 3866/6282/1390 4159/6710/1428 4606/7254/1433 4151/6702/1407
f 4159/6710/1428 3871/6287/1326 4168/6720/1329 4606/7254/1433
f 4606/7254/1433 4168/6720/1329 3870/6286/1241 4158/6709/1434
f 4151/6702/1407 4606/7254/1433 4158/6709/1434 3863/6279/1408
f 3859/6274/1415 4152/6703/1414 4607/7255/1435 4139/6689/1436
f 4152/6703/1414 3861/6277/1413 4156/6707/1437 4607/7255/1435
f 4607/7255/1435 4156/6707/1437 3868/6284/1237 4169/6721/1258
f 4139/6689/1436 4607/7255/1435 4169/6721/1258 3873/6289/1247
f 3860/6275/1421 4153/6704/1420 4608/7256/1438 4140/6690/1439
f 4153/6704/1420 3862/6278/1419 4157/6708/1440 4608/7256/1438
f 4608/7256/1438 4157/6708/1440 3869/6285/1243 4170/6722/1253
f 4140/6690/1439 4608/7256/1438 4170/6722/1253 3874/6290/1252
f 3862/6278/1419 4154/6705/1423 4609/7257/1441 4157/6708/1440
f 4154/6705/1423 3859/6274/1415 4139/6689/1436 4609/7257/1441
f 4609/7257/1441 4139/6689/1436 3873/6289/1247 4171/6723/1244
f 4157/6708/1440 4609/7257/1441 4171/6723/1244 3869/6285/1243
f 3861/6277/1413 4155/6706/1425 4610/7258/1442 4156/6707/1437
f 4155/6706/1425 3863/6279/1408 4158/6709/1434 4610/7258/1442
f 4610/7258/1442 4158/6709/1434 3870/6286/1241 4172/6724/1238
f 4156/6707/1437 4610/7258/1442 4172/6724/1238 3868/6284/1237
f 3819/6199/1198 4269/6836/1443 4611/7259/1444 4095/6631/1296
f 4269/6836/1443 3911/6343/1445 4248/6813/1446 4611/7259/1444
f 4611/7259/1444 4248/6813/1446 3898/6330/1447 4267/6834/1448
f 4095/6631/1296 4611/7259/1444 4267/6834/1448 3840/6245/1293
f 3879/6298/1449 4175/6729/1450 4612/7260/1451 4264/6829/1452
f 4175/6729/1450 3882/6307/1453 4260/6825/1454 4612/7260/1451
f 4612/7260/1451 4260/6825/1454 3914/6346/1455 4212/6777/1456
f 4264/6829/1452 4612/7260/1451 4212/6777/1456 3894/6322/1457
f 3825/6210/1179 4265/6831/1458 4613/7261/1459 4066/6581/1180
f 4265/6831/1458 3895/6324/1460 4204/6766/1461 4613/7261/1459
f 4613/7261/1459 4204/6766/1461 3915/6347/1462 4262/6827/1463
f 4066/6581/1180 4613/7261/1459 4262/6827/1463 3824/6209/1183
f 3824/6209/1183 4262/6827/1463 4614/7262/1464 4064/6577/1188
f 4262/6827/1463 3915/6347/1462 4213/6778/1465 4614/7262/1464
f 4614/7262/1464 4213/6778/1465 3890/6318/1263 4258/6823/1261
f 4064/6577/1188 4614/7262/1464 4258/6823/1261 3823/6207/1190
f 3822/6205/1194 4259/6824/1266 4615/7263/1466 4065/6579/1195
f 4259/6824/1266 3919/6351/1265 4218/6783/1467 4615/7263/1466
f 4615/7263/1466 4218/6783/1467 3911/6343/1445 4269/6836/1443
f 4065/6579/1195 4615/7263/1466 4269/6836/1443 3819/6199/1198
f 3840/6245/1293 4267/6834/1448 4616/7264/1468 4092/6626/1300
f 4267/6834/1448 3898/6330/1447 4225/6790/1469 4616/7264/1468
f 4616/7264/1468 4225/6790/1469 3903/6335/1470 4254/6819/1471
f 4092/6626/1300 4616/7264/1468 4254/6819/1471 3841/6247/1292
f 3842/6249/1286 4255/6820/1472 4617/7265/1473 4096/6633/1281
f 4255/6820/1472 3886/6314/1474 4235/6800/1475 4617/7265/1473
f 4617/7265/1473 4235/6800/1475 3906/6338/1476 4257/6822/1477
f 4096/6633/1281 4617/7265/1473 4257/6822/1477 3843/6251/1278
f 3841/6247/1292 4254/6819/1471 4618/7266/1478 4093/6628/1288
f 4254/6819/1471 3903/6335/1470 4244/6809/1479 4618/7266/1478
f 4618/7266/1478 4244/6809/1479 3886/6314/1474 4255/6820/1472
f 4093/6628/1288 4618/7266/1478 4255/6820/1472 3842/6249/1286
f 3834/6232/1210 4112/6658/1331 4619/7267/1480 4111/6656/1211
f 4112/6658/1331 3847/6259/1330 4078/6603/1393 4619/7267/1480
f 4619/7267/1480 4078/6603/1393 3883/6309/1163 4177/6734/1174
f 4111/6656/1211 4619/7267/1480 4177/6734/1174 3880/6303/1178
f 3833/6230/1251 4084/6611/1250 4620/7268/1481 4082/6607/1482
f 4084/6611/1250 3831/6226/1249 4108/6653/1396 4620/7268/1481
f 4620/7268/1481 4108/6653/1396 3878/6296/1164 4174/6727/1483
f 4082/6607/1482 4620/7268/1481 4174/6727/1483 3882/6306/1453
f 3846/6257/1338 4113/6660/1337 4621/7269/1484 4094/6629/1394
f 4113/6660/1337 3848/6261/1336 4181/6741/1485 4621/7269/1484
f 4621/7269/1484 4181/6741/1485 3877/6294/1275 4178/6735/1486
f 4094/6629/1394 4621/7269/1484 4178/6735/1486 3884/6310/1155
f 3835/6234/1257 4085/6613/1256 4622/7270/1487 4182/6742/1488
f 4085/6613/1256 3833/6230/1251 4082/6607/1482 4622/7270/1487
f 4622/7270/1487 4082/6607/1482 3882/6306/1453 4175/6730/1450
f 4182/6742/1488 4622/7270/1487 4175/6730/1450 3879/6299/1449
f 3848/6261/1336 4114/6662/1346 4623/7271/1489 4181/6741/1485
f 4114/6662/1346 3849/6263/1345 4183/6744/1490 4623/7271/1489
f 4623/7271/1489 4183/6744/1490 3885/6313/1267 4179/6738/1270
f 4181/6741/1485 4623/7271/1489 4179/6738/1270 3877/6294/1275
f 3882/6307/1453 4174/6728/1483 4624/7272/1491 4260/6825/1454
f 4174/6728/1483 3878/6297/1164 4261/6826/1167 4624/7272/1491
f 4624/7272/1491 4261/6826/1167 3891/6319/1172 4216/6781/1492
f 4260/6825/1454 4624/7272/1491 4216/6781/1492 3914/6346/1455
f 3919/6351/1265 4194/6756/1264 4625/7273/1493 4193/6755/1494
f 4194/6756/1264 3890/6318/1263 4195/6757/1495 4625/7273/1493
f 4625/7273/1493 4195/6757/1495 3892/6320/1496 4196/6758/1497
f 4193/6755/1494 4625/7273/1493 4196/6758/1497 3921/6353/1498
f 3921/6353/1498 4196/6758/1497 4626/7274/1499 4197/6759/1500
f 4196/6758/1497 3892/6320/1496 4198/6760/1501 4626/7274/1499
f 4626/7274/1499 4198/6760/1501 3893/6321/1502 4199/6761/1503
f 4197/6759/1500 4626/7274/1499 4199/6761/1503 3920/6352/1504
f 3920/6352/1504 4199/6761/1503 4627/7275/1505 4200/6762/1506
f 4199/6761/1503 3893/6321/1502 4201/6763/1507 4627/7275/1505
f 4627/7275/1505 4201/6763/1507 3891/6319/1172 4202/6764/1171
f 4200/6762/1506 4627/7275/1505 4202/6764/1171 3918/6350/1170
f 3915/6347/1462 4204/6766/1461 4628/7276/1508 4203/6765/1509
f 4204/6766/1461 3895/6324/1460 4205/6767/1510 4628/7276/1508
f 4628/7276/1508 4205/6767/1510 3897/6328/1511 4206/6769/1512
f 4203/6765/1509 4628/7276/1508 4206/6769/1512 3917/6349/1513
f 3917/6349/1513 4206/6769/1512 4629/7277/1514 4207/6770/1515
f 4206/6769/1512 3897/6328/1511 4208/6771/1516 4629/7277/1514
f 4629/7277/1514 4208/6771/1516 3896/6326/1517 4209/6773/1518
f 4207/6770/1515 4629/7277/1514 4209/6773/1518 3916/6348/1519
f 3916/6348/1519 4209/6773/1518 4630/7278/1520 4210/6774/1521
f 4209/6773/1518 3896/6326/1517 4211/6775/1522 4630/7278/1520
f 4630/7278/1520 4211/6775/1522 3894/6322/1457 4212/6777/1456
f 4210/6774/1521 4630/7278/1520 4212/6777/1456 3914/6346/1455
f 3890/6318/1263 4213/6778/1465 4631/7279/1523 4195/6757/1495
f 4213/6778/1465 3915/6347/1462 4203/6765/1509 4631/7279/1523
f 4631/7279/1523 4203/6765/1509 3917/6349/1513 4214/6779/1524
f 4195/6757/1495 4631/7279/1523 4214/6779/1524 3892/6320/1496
f 3892/6320/1496 4214/6779/1524 4632/7280/1525 4198/6760/1501
f 4214/6779/1524 3917/6349/1513 4207/6770/1515 4632/7280/1525
f 4632/7280/1525 4207/6770/1515 3916/6348/1519 4215/6780/1526
f 4198/6760/1501 4632/7280/1525 4215/6780/1526 3893/6321/1502
f 3893/6321/1502 4215/6780/1526 4633/7281/1527 4201/6763/1507
f 4215/6780/1526 3916/6348/1519 4210/6774/1521 4633/7281/1527
f 4633/7281/1527 4210/6774/1521 3914/6346/1455 4216/6781/1492
f 4201/6763/1507 4633/7281/1527 4216/6781/1492 3891/6319/1172
f 3911/6343/1445 4218/6783/1467 4634/7282/1528 4217/6782/1529
f 4218/6783/1467 3919/6351/1265 4193/6755/1494 4634/7282/1528
f 4634/7282/1528 4193/6755/1494 3921/6353/1498 4219/6784/1530
f 4217/6782/1529 4634/7282/1528 4219/6784/1530 3913/6345/1531
f 3913/6345/1531 4219/6784/1530 4635/7283/1532 4220/6785/1533
f 4219/6784/1530 3921/6353/1498 4197/6759/1500 4635/7283/1532
f 4635/7283/1532 4197/6759/1500 3920/6352/1504 4221/6786/1534
f 4220/6785/1533 4635/7283/1532 4221/6786/1534 3912/6344/1535
f 3912/6344/1535 4221/6786/1534 4636/7284/1536 4222/6787/1537
f 4221/6786/1534 3920/6352/1504 4200/6762/1506 4636/7284/1536
f 4636/7284/1536 4200/6762/1506 3918/6350/1170 4223/6788/1277
f 4222/6787/1537 4636/7284/1536 4223/6788/1277 3910/6342/1176
f 3903/6335/1470 4225/6790/1469 4637/7285/1538 4224/6789/1539
f 4225/6790/1469 3898/6330/1447 4226/6791/1540 4637/7285/1538
f 4637/7285/1538 4226/6791/1540 3900/6332/1541 4227/6792/1542
f 4224/6789/1539 4637/7285/1538 4227/6792/1542 3905/6337/1543
f 3905/6337/1543 4227/6792/1542 4638/7286/1544 4228/6793/1545
f 4227/6792/1542 3900/6332/1541 4229/6794/1546 4638/7286/1544
f 4638/7286/1544 4229/6794/1546 3901/6333/1547 4230/6795/1548
f 4228/6793/1545 4638/7286/1544 4230/6795/1548 3904/6336/1549
f 3904/6336/1549 4230/6795/1548 4639/7287/1550 4231/6796/1551
f 4230/6795/1548 3901/6333/1547 4232/6797/1552 4639/7287/1550
f 4639/7287/1550 4232/6797/1552 3899/6331/1161 4233/6798/1160
f 4231/6796/1551 4639/7287/1550 4233/6798/1160 3902/6334/1159
f 3906/6338/1476 4235/6800/1475 4640/7288/1553 4234/6799/1554
f 4235/6800/1475 3886/6314/1474 4236/6801/1555 4640/7288/1553
f 4640/7288/1553 4236/6801/1555 3888/6316/1556 4237/6802/1557
f 4234/6799/1554 4640/7288/1553 4237/6802/1557 3908/6340/1558
f 3908/6340/1558 4237/6802/1557 4641/7289/1559 4238/6803/1560
f 4237/6802/1557 3888/6316/1556 4239/6804/1561 4641/7289/1559
f 4641/7289/1559 4239/6804/1561 3889/6317/1562 4240/6805/1563
f 4238/6803/1560 4641/7289/1559 4240/6805/1563 3909/6341/1564
f 3909/6341/1564 4240/6805/1563 4642/7290/1565 4241/6806/1566
f 4240/6805/1563 3889/6317/1562 4242/6807/1567 4642/7290/1565
f 4642/7290/1565 4242/6807/1567 3887/6315/1273 4243/6808/1272
f 4241/6806/1566 4642/7290/1565 4243/6808/1272 3907/6339/1271
f 3886/6314/1474 4244/6809/1479 4643/7291/1568 4236/6801/1555
f 4244/6809/1479 3903/6335/1470 4224/6789/1539 4643/7291/1568
f 4643/7291/1568 4224/6789/1539 3905/6337/1543 4245/6810/1569
f 4236/6801/1555 4643/7291/1568 4245/6810/1569 3888/6316/1556
f 3888/6316/1556 4245/6810/1569 4644/7292/1570 4239/6804/1561
f 4245/6810/1569 3905/6337/1543 4228/6793/1545 4644/7292/1570
f 4644/7292/1570 4228/6793/1545 3904/6336/1549 4246/6811/1571
f 4239/6804/1561 4644/7292/1570 4246/6811/1571 3889/6317/1562
f 3889/6317/1562 4246/6811/1571 4645/7293/1572 4242/6807/1567
f 4246/6811/1571 3904/6336/1549 4231/6796/1551 4645/7293/1572
f 4645/7293/1572 4231/6796/1551 3902/6334/1159 4247/6812/1573
f 4242/6807/1567 4645/7293/1572 4247/6812/1573 3887/6315/1273
f 3898/6330/1447 4248/6813/1446 4646/7294/1574 4226/6791/1540
f 4248/6813/1446 3911/6343/1445 4217/6782/1529 4646/7294/1574
f 4646/7294/1574 4217/6782/1529 3913/6345/1531 4249/6814/1575
f 4226/6791/1540 4646/7294/1574 4249/6814/1575 3900/6332/1541
f 3900/6332/1541 4249/6814/1575 4647/7295/1576 4229/6794/1546
f 4249/6814/1575 3913/6345/1531 4220/6785/1533 4647/7295/1576
f 4647/7295/1576 4220/6785/1533 3912/6344/1535 4250/6815/1577
f 4229/6794/1546 4647/7295/1576 4250/6815/1577 3901/6333/1547
f 3901/6333/1547 4250/6815/1577 4648/7296/1578 4232/6797/1552
f 4250/6815/1577 3912/6344/1535 4222/6787/1537 4648/7296/1578
f 4648/7296/1578 4222/6787/1537 3910/6342/1176 4251/6816/1175
f 4232/6797/1552 4648/7296/1578 4251/6816/1175 3899/6331/1161
f 3877/6295/1275 4252/6817/1274 4649/7297/1579 4178/6736/1486
f 4252/6817/1274 3887/6315/1273 4247/6812/1573 4649/7297/1579
f 4649/7297/1579 4247/6812/1573 3902/6334/1159 4253/6818/1156
f 4178/6736/1486 4649/7297/1579 4253/6818/1156 3884/6311/1155
f 3932/6375/1580 4270/6837/1581 4650/7298/1582 4278/6845/1583
f 4270/6837/1581 3931/6374/1584 4279/6847/1585 4650/7298/1582
f 4650/7299/1582 4279/6848/1585 3922/6355/1373 4058/6566/1370
f 4278/6846/1583 4650/7299/1582 4058/6566/1370 3923/6357/1369
f 3933/6376/1586 4271/6838/1587 4651/7300/1588 4280/6849/1589
f 4271/6838/1587 3932/6375/1580 4278/6845/1583 4651/7300/1588
f 4651/7301/1588 4278/6846/1583 3923/6357/1369 4059/6568/1381
f 4280/6850/1589 4651/7301/1588 4059/6568/1381 3924/6359/1379
f 3931/6374/1584 4272/6839/1590 4652/7302/1591 4279/6847/1585
f 4272/6839/1590 3934/6377/1592 4281/6851/1593 4652/7302/1591
f 4652/7303/1591 4281/6852/1593 3925/6361/1368 4060/6570/1383
f 4279/6848/1585 4652/7303/1591 4060/6570/1383 3922/6355/1373
f 3817/6194/1594 4273/6840/1595 4653/7304/1596 4282/6854/1597
f 4273/6840/1595 3933/6376/1586 4280/6849/1589 4653/7304/1596
f 4653/7305/1596 4280/6850/1589 3924/6359/1379 4061/6572/1376
f 4282/6853/1597 4653/7305/1596 4061/6572/1376 3926/6363/1375
f 3935/6378/1598 4274/6841/1599 4654/7306/1600 4283/6856/1601
f 4274/6841/1599 3936/6379/1602 4284/6858/1603 4654/7306/1600
f 4654/7307/1600 4284/6859/1603 3928/6369/1350 4087/6617/1353
f 4283/6857/1601 4654/7307/1600 4087/6617/1353 3927/6367/1356
f 3936/6379/1602 4275/6842/1604 4655/7308/1605 4284/6858/1603
f 4275/6842/1604 3937/6380/1606 4285/6860/1607 4655/7308/1605
f 4655/7309/1605 4285/6861/1607 3929/6371/1362 4088/6619/1364
f 4284/6859/1603 4655/7309/1605 4088/6619/1364 3928/6369/1350
f 3934/6377/1592 4276/6843/1608 4656/7310/1609 4281/6851/1593
f 4276/6843/1608 3935/6378/1598 4283/6856/1601 4656/7310/1609
f 4656/7311/1609 4283/6857/1601 3927/6367/1356 4089/6621/1366
f 4281/6852/1593 4656/7311/1609 4089/6621/1366 3925/6361/1368
f 3937/6380/1606 4277/6844/1610 4657/7312/1611 4285/6860/1607
f 4277/6844/1610 3836/6237/1612 4286/6863/1613 4657/7312/1611
f 4657/7313/1611 4286/6862/1613 3930/6373/1357 4090/6623/1360
f 4285/6861/1607 4657/7313/1611 4090/6623/1360 3929/6371/1362
f 3816/6193/1614 4289/6866/1614 4658/7314/1614 4288/6865/1614
f 3931/6374/1584 4270/6837/1581 4658/7314/1614 4289/6866/1614
f 3932/6375/1580 4288/6865/1614 4658/7314/1614 4270/6837/1581
f 3816/6193/1614 4288/6865/1614 4659/7315/1614 4290/6867/1614
f 3932/6375/1580 4271/6838/1587 4659/7315/1614 4288/6865/1614
f 3933/6376/1586 4290/6867/1614 4659/7315/1614 4271/6838/1587
f 3816/6193/1614 4287/6864/1614 4660/7316/1614 4289/6866/1614
f 3934/6377/1592 4272/6839/1590 4660/7316/1614 4287/6864/1614
f 3931/6374/1584 4289/6866/1614 4660/7316/1614 4272/6839/1590
f 3816/6193/1614 4290/6867/1614 4661/7317/1614 4291/6868/1614
f 3933/6376/1586 4273/6840/1595 4661/7317/1614 4290/6867/1614
f 3817/6194/1594 4291/6868/1614 4661/7317/1614 4273/6840/1595
f 3816/6193/1614 4293/6870/1614 4662/7318/1614 4292/6869/1614
f 3936/6379/1602 4274/6841/1599 4662/7318/1614 4293/6870/1614
f 3935/6378/1598 4292/6869/1614 4662/7318/1614 4274/6841/1599
f 3816/6193/1614 4294/6871/1614 4663/7319/1614 4293/6870/1614
f 3937/6380/1606 4275/6842/1604 4663/7319/1614 4294/6871/1614
f 3936/6379/1602 4293/6870/1614 4663/7319/1614 4275/6842/1604
f 3816/6193/1614 4292/6869/1614 4664/7320/1614 4287/6864/1614
f 3935/6378/1598 4276/6843/1608 4664/7320/1614 4292/6869/1614
f 3934/6377/1592 4287/6864/1614 4664/7320/1614 4276/6843/1608
f 3816/6193/1614 4295/6872/1614 4665/7321/1614 4294/6871/1614
f 3836/6237/1612 4277/6844/1610 4665/7321/1614 4295/6872/1614
f 3937/6380/1606 4294/6871/1614 4665/7321/1614 4277/6844/1610
f 3947/6399/1615 4296/6873/1616 4666/7322/1617 4304/6889/1618
f 4296/6873/1616 3948/6401/1619 4305/6890/1620 4666/7322/1617
f 4666/7322/1617 4305/6890/1620 3939/6384/1192 4069/6586/1205
f 4304/6889/1618 4666/7322/1617 4069/6586/1205 3938/6382/1202
f 3948/6401/1619 4297/6875/1621 4667/7323/1622 4305/6890/1620
f 4297/6875/1621 3949/6403/1623 4306/6891/1624 4667/7323/1622
f 4667/7323/1622 4306/6891/1624 3940/6386/1185 4070/6588/1193
f 4305/6890/1620 4667/7323/1622 4070/6588/1193 3939/6384/1192
f 3941/6387/1625 4298/6877/1626 4668/7324/1627 4307/6892/1628
f 4298/6877/1626 3947/6399/1615 4304/6889/1618 4668/7324/1627
f 4668/7324/1627 4304/6889/1618 3938/6382/1202 4071/6590/1201
f 4307/6892/1628 4668/7324/1627 4071/6590/1201 3827/6216/1200
f 3949/6403/1623 4299/6879/1629 4669/7325/1630 4306/6891/1624
f 4299/6879/1629 3942/6389/1631 4308/6893/1632 4669/7325/1630
f 4669/7325/1630 4308/6893/1632 3828/6218/1187 4072/6592/1186
f 4306/6891/1624 4669/7325/1630 4072/6592/1186 3940/6386/1185
f 3951/6407/1633 4300/6881/1634 4670/7326/1635 4309/6894/1636
f 4300/6881/1634 3950/6405/1637 4310/6895/1638 4670/7326/1635
f 4670/7326/1635 4310/6895/1638 3943/6392/1297 4099/6637/1301
f 4309/6894/1636 4670/7326/1635 4099/6637/1301 3944/6394/1290
f 3952/6409/1639 4301/6883/1640 4671/7327/1641 4311/6896/1642
f 4301/6883/1640 3951/6407/1633 4309/6894/1636 4671/7327/1641
f 4671/7327/1641 4309/6894/1636 3944/6394/1290 4100/6639/1289
f 4311/6896/1642 4671/7327/1641 4100/6639/1289 3945/6396/1284
f 3950/6405/1637 4302/6885/1643 4672/7328/1644 4310/6895/1638
f 4302/6885/1643 3941/6387/1625 4307/6892/1628 4672/7328/1644
f 4672/7328/1644 4307/6892/1628 3827/6216/1200 4101/6641/1298
f 4310/6895/1638 4672/7328/1644 4101/6641/1298 3943/6392/1297
f 3946/6397/1645 4303/6887/1646 4673/7329/1647 4312/6897/1648
f 4303/6887/1646 3952/6409/1639 4311/6896/1642 4673/7329/1647
f 4673/7329/1647 4311/6896/1642 3945/6396/1284 4102/6643/1283
f 4312/6897/1648 4673/7329/1647 4102/6643/1283 3844/6253/1282
f 3826/6213/1649 4314/6899/1649 4674/7330/1649 4313/6898/1649
f 3948/6402/1619 4296/6874/1616 4674/7330/1649 4314/6899/1649
f 3947/6400/1615 4313/6898/1649 4674/7330/1649 4296/6874/1616
f 3826/6213/1649 4315/6900/1649 4675/7331/1649 4314/6899/1649
f 3949/6404/1623 4297/6876/1621 4675/7331/1649 4315/6900/1649
f 3948/6402/1619 4314/6899/1649 4675/7331/1649 4297/6876/1621
f 3826/6213/1649 4313/6898/1649 4676/7332/1649 4316/6901/1649
f 3947/6400/1615 4298/6878/1626 4676/7332/1649 4313/6898/1649
f 3941/6388/1625 4316/6901/1649 4676/7332/1649 4298/6878/1626
f 3826/6213/1649 4317/6902/1649 4677/7333/1649 4315/6900/1649
f 3942/6390/1631 4299/6880/1629 4677/7333/1649 4317/6902/1649
f 3949/6404/1623 4315/6900/1649 4677/7333/1649 4299/6880/1629
f 3826/6213/1649 4319/6904/1649 4678/7334/1649 4318/6903/1649
f 3950/6406/1637 4300/6882/1634 4678/7334/1649 4319/6904/1649
f 3951/6408/1633 4318/6903/1649 4678/7334/1649 4300/6882/1634
f 3826/6213/1649 4318/6903/1649 4679/7335/1649 4320/6905/1649
f 3951/6408/1633 4301/6884/1640 4679/7335/1649 4318/6903/1649
f 3952/6410/1639 4320/6905/1649 4679/7335/1649 4301/6884/1640
f 3826/6213/1649 4316/6901/1649 4680/7336/1649 4319/6904/1649
f 3941/6388/1625 4302/6886/1643 4680/7336/1649 4316/6901/1649
f 3950/6406/1637 4319/6904/1649 4680/7336/1649 4302/6886/1643
f 3826/6213/1649 4320/6905/1649 4681/7337/1649 4321/6906/1649
f 3952/6410/1639 4303/6888/1646 4681/7337/1649 4320/6905/1649
f 3946/6398/1645 4321/6906/1649 4681/7337/1649 4303/6888/1646
f 4002/6489/1650 4434/7066/1651 4682/7338/1652 4497/7130/1653
f 4434/7066/1651 4001/6486/1654 4506/7139/1655 4682/7338/1652
f 4682/7338/1652 4506/7139/1655 4012/6499/1656 4480/7113/1657
f 4497/7130/1653 4682/7338/1652 4480/7113/1657 4015/6502/1658
f 3997/6479/1659 4503/7136/1660 4683/7339/1661 4430/7058/1662
f 4503/7136/1660 4008/6495/1663 4452/7085/1664 4683/7339/1661
f 4683/7339/1661 4452/7085/1664 4027/6514/1665 4505/7138/1666
f 4430/7058/1662 4683/7339/1661 4505/7138/1666 3999/6482/1667
f 4001/6486/1654 4431/7060/1668 4684/7340/1669 4506/7139/1655
f 4431/7060/1668 3998/6480/1670 4508/7141/1671 4684/7340/1669
f 4684/7340/1669 4508/7141/1671 4019/6506/1672 4495/7128/1673
f 4506/7139/1655 4684/7340/1669 4495/7128/1673 4012/6499/1656
f 3825/6211/1179 4186/6748/1182 4685/7341/1674 4330/6922/1675
f 4186/6748/1182 3828/6217/1187 4335/6931/1676 4685/7341/1674
f 4685/7341/1674 4335/6931/1676 4047/6543/1677 4437/7070/1678
f 4330/6922/1675 4685/7341/1674 4437/7070/1678 3959/6423/1679
f 3959/6423/1679 4437/7070/1678 4686/7342/1680 4328/6918/1681
f 4437/7070/1678 4047/6543/1677 4333/6927/1682 4686/7342/1680
f 4686/7342/1680 4333/6927/1682 4046/6541/1683 4438/7071/1684
f 4328/6918/1681 4686/7342/1680 4438/7071/1684 3958/6421/1685
f 3957/6419/1686 4439/7072/1687 4687/7343/1688 4329/6920/1689
f 4439/7072/1687 4045/6539/1690 4334/6929/1691 4687/7343/1688
f 4687/7343/1688 4334/6929/1691 3960/6425/1692 4436/7069/1693
f 4329/6920/1689 4687/7343/1688 4436/7069/1693 3954/6413/1694
f 3958/6421/1685 4438/7071/1684 4688/7344/1695 4327/6916/1696
f 4438/7071/1684 4046/6541/1683 4332/6925/1697 4688/7344/1695
f 4688/7344/1695 4332/6925/1697 4045/6539/1690 4439/7072/1687
f 4327/6916/1696 4688/7344/1695 4439/7072/1687 3957/6419/1686
f 3963/6432/1698 4378/7003/1699 4689/7345/1700 4345/6946/1701
f 4378/7003/1699 3999/6483/1667 4427/7052/1702 4689/7345/1700
f 4689/7345/1700 4427/7052/1702 3998/6481/1670 4371/6992/1703
f 4345/6946/1701 4689/7345/1700 4371/6992/1703 3965/6436/1704
f 3976/6456/1705 4391/7016/1706 4690/7346/1707 4389/7014/1708
f 4391/7016/1706 3955/6415/1709 4336/6933/1710 4690/7346/1707
f 4690/7346/1707 4336/6933/1710 3961/6427/1711 4392/7017/1712
f 4389/7014/1708 4690/7346/1707 4392/7017/1712 3978/6458/1713
f 3975/6455/1714 4390/7015/1715 4691/7347/1716 4388/7013/1717
f 4390/7015/1715 3956/6417/1718 4337/6935/1719 4691/7347/1716
f 4691/7347/1716 4337/6935/1719 3953/6411/1720 4395/7020/1721
f 4388/7013/1717 4691/7347/1716 4395/7020/1721 3977/6457/1722
f 3853/6268/1231 4136/6686/1234 4692/7348/1723 4387/7012/1724
f 4136/6686/1234 3829/6221/1236 4338/6937/1725 4692/7348/1723
f 4692/7348/1723 4338/6937/1725 3956/6417/1718 4390/7015/1715
f 4387/7012/1724 4692/7348/1723 4390/7015/1715 3975/6455/1714
f 3989/6469/1726 4341/6942/1727 4693/7349/1728 4426/7051/1729
f 4341/6942/1727 3963/6431/1698 4345/6947/1701 4693/7349/1728
f 4693/7349/1728 4345/6947/1701 3965/6435/1704 4343/6944/1730
f 4426/7051/1729 4693/7349/1728 4343/6944/1730 3991/6471/1731
f 3990/6470/1732 4342/6943/1733 4694/7350/1734 4425/7050/1735
f 4342/6943/1733 3964/6433/1736 4346/6948/1737 4694/7350/1734
f 4694/7350/1734 4346/6948/1737 3962/6429/1738 4417/7042/1739
f 4425/7050/1735 4694/7350/1734 4417/7042/1739 3994/6474/1740
f 3874/6291/1252 4162/6714/1255 4695/7351/1741 4424/7049/1742
f 4162/6714/1255 3835/6235/1257 4347/6950/1743 4695/7351/1741
f 4695/7351/1741 4347/6950/1743 3964/6433/1736 4342/6943/1733
f 4424/7049/1742 4695/7351/1741 4342/6943/1733 3990/6470/1732
f 3994/6474/1740 4417/7042/1739 4696/7352/1744 4423/7048/1745
f 4417/7042/1739 3962/6429/1738 4348/6952/1746 4696/7352/1744
f 4696/7352/1744 4348/6952/1746 3963/6431/1698 4341/6942/1727
f 4423/7048/1745 4696/7352/1744 4341/6942/1727 3989/6469/1726
f 3958/6422/1685 4327/6917/1696 4697/7353/1747 4500/7133/1748
f 4327/6917/1696 3957/6420/1686 4501/7134/1749 4697/7353/1747
f 4697/7353/1747 4501/7134/1749 4028/6515/1750 4444/7077/1751
f 4500/7133/1748 4697/7353/1747 4444/7077/1751 4007/6494/1752
f 3885/6312/1267 4433/7064/1753 4698/7354/1754 4256/6821/1268
f 4433/7064/1753 3996/6477/1755 4496/7129/1756 4698/7354/1754
f 4698/7354/1754 4496/7129/1756 4004/6491/1757 4487/7120/1758
f 4256/6821/1268 4698/7354/1754 4487/7120/1758 3907/6339/1271
f 3999/6482/1667 4505/7138/1666 4699/7355/1759 4427/7053/1702
f 4505/7138/1666 4027/6514/1665 4470/7103/1760 4699/7355/1759
f 4699/7355/1759 4470/7103/1760 4019/6506/1672 4508/7141/1671
f 4427/7053/1702 4699/7355/1759 4508/7141/1671 3998/6480/1670
f 3843/6250/1278 4358/6970/1761 4700/7356/1762 4190/6752/1279
f 4358/6970/1761 3971/6447/1763 4440/7073/1764 4700/7356/1762
f 4700/7356/1762 4440/7073/1764 4051/6551/1765 4363/6979/1766
f 4190/6752/1279 4700/7356/1762 4363/6979/1766 3844/6252/1282
f 3971/6447/1763 4355/6965/1767 4701/7357/1768 4440/7073/1764
f 4355/6965/1767 3970/6445/1769 4441/7074/1770 4701/7357/1768
f 4701/7357/1768 4441/7074/1770 4050/6549/1771 4361/6975/1772
f 4440/7073/1764 4701/7357/1768 4361/6975/1772 4051/6551/1765
f 3969/6443/1773 4357/6968/1774 4702/7358/1775 4442/7075/1776
f 4357/6968/1774 3954/6413/1694 4436/7069/1693 4702/7358/1775
f 4702/7358/1775 4436/7069/1693 3960/6425/1692 4362/6977/1777
f 4442/7075/1776 4702/7358/1775 4362/6977/1777 4049/6547/1778
f 3970/6445/1769 4354/6963/1779 4703/7359/1780 4441/7074/1770
f 4354/6963/1779 3969/6443/1773 4442/7075/1776 4703/7359/1780
f 4703/7359/1780 4442/7075/1776 4049/6547/1778 4360/6973/1781
f 4441/7074/1770 4703/7359/1780 4360/6973/1781 4050/6549/1771
f 3977/6457/1722 4395/7020/1721 4704/7360/1782 4386/7011/1783
f 4395/7020/1721 3953/6411/1720 4339/6939/1784 4704/7360/1782
f 4704/7360/1782 4339/6939/1784 3955/6415/1709 4391/7016/1706
f 4386/7011/1783 4704/7360/1782 4391/7016/1706 3976/6456/1705
f 3980/6460/1785 4385/7010/1786 4705/7361/1787 4394/7019/1788
f 4385/7010/1786 3978/6458/1713 4392/7017/1712 4705/7361/1787
f 4705/7361/1787 4392/7017/1712 3961/6427/1711 4364/6981/1789
f 4394/7019/1788 4705/7361/1787 4364/6981/1789 3967/6439/1790
f 3979/6459/1791 4384/7009/1792 4706/7362/1793 4393/7018/1794
f 4384/7009/1792 3981/6461/1795 4396/7021/1796 4706/7362/1793
f 4706/7362/1793 4396/7021/1796 3966/6437/1797 4365/6983/1798
f 4393/7018/1794 4706/7362/1793 4365/6983/1798 3968/6441/1799
f 3858/6273/1320 4383/7008/1800 4707/7363/1801 4138/6688/1321
f 4383/7008/1800 3979/6459/1791 4393/7018/1794 4707/7363/1801
f 4707/7363/1801 4393/7018/1794 3968/6441/1799 4366/6985/1802
f 4138/6688/1321 4707/7363/1801 4366/6985/1802 3845/6254/1324
f 3992/6472/1803 4422/7047/1804 4708/7364/1805 4369/6990/1806
f 4422/7047/1804 3991/6471/1731 4343/6944/1730 4708/7364/1805
f 4708/7364/1805 4343/6944/1730 3965/6435/1704 4372/6993/1807
f 4369/6990/1806 4708/7364/1805 4372/6993/1807 3973/6451/1808
f 3993/6473/1809 4421/7046/1810 4709/7365/1811 4370/6991/1812
f 4421/7046/1810 3995/6475/1813 4418/7043/1814 4709/7365/1811
f 4709/7365/1811 4418/7043/1814 3972/6449/1815 4373/6995/1816
f 4370/6991/1812 4709/7365/1811 4373/6995/1816 3974/6453/1817
f 3876/6293/1341 4420/7045/1818 4710/7366/1819 4164/6716/1342
f 4420/7045/1818 3993/6473/1809 4370/6991/1812 4710/7366/1819
f 4710/7366/1819 4370/6991/1812 3974/6453/1817 4374/6997/1820
f 4164/6716/1342 4710/7366/1819 4374/6997/1820 3849/6262/1345
f 3995/6475/1813 4419/7044/1821 4711/7367/1822 4418/7043/1814
f 4419/7044/1821 3992/6472/1803 4369/6990/1806 4711/7367/1822
f 4711/7367/1822 4369/6990/1806 3973/6451/1808 4375/6999/1823
f 4418/7043/1814 4711/7367/1822 4375/6999/1823 3972/6449/1815
f 4036/6528/1824 4349/6954/1825 4712/7368/1826 4359/6972/1827
f 4349/6954/1825 4035/6526/1828 4381/7006/1829 4712/7368/1826
f 4712/7368/1826 4381/7006/1829 3980/6460/1785 4382/7007/1830
f 4359/6972/1827 4712/7368/1826 4382/7007/1830 3981/6461/1795
f 3930/6372/1357 4352/6960/1831 4713/7369/1832 4098/6635/1358
f 4352/6960/1831 4037/6530/1833 4380/7005/1834 4713/7369/1832
f 4713/7369/1832 4380/7005/1834 3979/6459/1791 4383/7008/1800
f 4098/6635/1358 4713/7369/1832 4383/7008/1800 3858/6273/1320
f 4037/6530/1833 4350/6956/1835 4714/7370/1836 4380/7005/1834
f 4350/6956/1835 4036/6528/1824 4359/6972/1827 4714/7370/1836
f 4714/7370/1836 4359/6972/1827 3981/6461/1795 4384/7009/1792
f 4380/7005/1834 4714/7370/1836 4384/7009/1792 3979/6459/1791
f 4035/6526/1828 4351/6958/1837 4715/7371/1838 4381/7006/1829
f 4351/6958/1837 4034/6524/1839 4379/7004/1840 4715/7371/1838
f 4715/7371/1838 4379/7004/1840 3978/6458/1713 4385/7010/1786
f 4381/7006/1829 4715/7371/1838 4385/7010/1786 3980/6460/1785
f 4032/6520/1841 4331/6924/1842 4716/7372/1843 4322/6907/1844
f 4331/6924/1842 3977/6457/1722 4386/7011/1783 4716/7372/1843
f 4716/7372/1843 4386/7011/1783 3976/6456/1705 4377/7002/1845
f 4322/6907/1844 4716/7372/1843 4377/7002/1845 4031/6518/1846
f 3926/6364/1375 4068/6584/1378 4717/7373/1847 4325/6913/1848
f 4068/6584/1378 3853/6268/1231 4387/7012/1724 4717/7373/1847
f 4717/7373/1847 4387/7012/1724 3975/6455/1714 4376/7001/1849
f 4325/6913/1848 4717/7373/1847 4376/7001/1849 4033/6522/1850
f 4033/6522/1850 4376/7001/1849 4718/7374/1851 4323/6909/1852
f 4376/7001/1849 3975/6455/1714 4388/7013/1717 4718/7374/1851
f 4718/7374/1851 4388/7013/1717 3977/6457/1722 4331/6924/1842
f 4323/6909/1852 4718/7374/1851 4331/6924/1842 4032/6520/1841
f 4031/6518/1846 4377/7002/1845 4719/7375/1853 4324/6911/1854
f 4377/7002/1845 3976/6456/1705 4389/7014/1708 4719/7375/1853
f 4719/7375/1853 4389/7014/1708 3978/6458/1713 4379/7004/1840
f 4324/6911/1854 4719/7375/1853 4379/7004/1840 4034/6524/1839
f 3966/6438/1797 4367/6987/1855 4720/7376/1856 4353/6962/1857
f 4367/6987/1855 3967/6440/1790 4402/7027/1858 4720/7376/1856
f 4720/7376/1856 4402/7027/1858 3987/6467/1859 4404/7029/1860
f 4353/6962/1857 4720/7376/1856 4404/7029/1860 3986/6466/1861
f 3973/6452/1808 4340/6941/1862 4721/7377/1863 4375/7000/1823
f 4340/6941/1862 4001/6487/1654 4434/7067/1651 4721/7377/1863
f 4721/7377/1863 4434/7067/1651 4002/6488/1650 4356/6967/1864
f 4375/7000/1823 4721/7377/1863 4356/6967/1864 3972/6450/1815
f 3962/6430/1738 4368/6989/1865 4722/7378/1866 4348/6953/1746
f 4368/6989/1865 3997/6478/1659 4430/7059/1662 4722/7378/1866
f 4722/7378/1866 4430/7059/1662 3999/6483/1667 4378/7003/1699
f 4348/6953/1746 4722/7378/1866 4378/7003/1699 3963/6432/1698
f 3981/6461/1795 4382/7007/1830 4723/7379/1867 4396/7021/1796
f 4382/7007/1830 3980/6460/1785 4394/7019/1788 4723/7379/1867
f 4723/7379/1867 4394/7019/1788 3967/6439/1790 4367/6988/1855
f 4396/7021/1796 4723/7379/1867 4367/6988/1855 3966/6437/1797
f 3845/6255/1324 4366/6986/1802 4724/7380/1868 4103/6644/1398
f 4366/6986/1802 3968/6442/1799 4403/7028/1869 4724/7380/1868
f 4724/7380/1868 4403/7028/1869 3988/6468/1870 4405/7030/1871
f 4103/6644/1398 4724/7380/1868 4405/7030/1871 3865/6281/1400
f 3968/6442/1799 4365/6984/1798 4725/7381/1872 4403/7028/1869
f 4365/6984/1798 3966/6438/1797 4353/6962/1857 4725/7381/1872
f 4725/7381/1872 4353/6962/1857 3986/6466/1861 4406/7031/1873
f 4403/7028/1869 4725/7381/1872 4406/7031/1873 3988/6468/1870
f 3967/6440/1790 4364/6982/1789 4726/7382/1874 4402/7027/1858
f 4364/6982/1789 3961/6428/1711 4400/7025/1875 4726/7382/1874
f 4726/7382/1874 4400/7025/1875 3985/6465/1876 4407/7032/1877
f 4402/7027/1858 4726/7382/1874 4407/7032/1877 3987/6467/1859
f 3953/6412/1720 4326/6915/1878 4727/7383/1879 4339/6940/1784
f 4326/6915/1878 3982/6462/1880 4408/7033/1881 4727/7383/1879
f 4727/7383/1879 4408/7033/1881 3983/6463/1882 4398/7023/1883
f 4339/6940/1784 4727/7383/1879 4398/7023/1883 3955/6416/1709
f 3829/6222/1236 4073/6594/1417 4728/7384/1884 4338/6938/1725
f 4073/6594/1417 3860/6276/1421 4409/7034/1885 4728/7384/1884
f 4728/7384/1884 4409/7034/1885 3984/6464/1886 4399/7024/1887
f 4338/6938/1725 4728/7384/1884 4399/7024/1887 3956/6418/1718
f 3956/6418/1718 4399/7024/1887 4729/7385/1888 4337/6936/1719
f 4399/7024/1887 3984/6464/1886 4410/7035/1889 4729/7385/1888
f 4729/7385/1888 4410/7035/1889 3982/6462/1880 4326/6915/1878
f 4337/6936/1719 4729/7385/1888 4326/6915/1878 3953/6412/1720
f 3955/6416/1709 4398/7023/1883 4730/7386/1890 4336/6934/1710
f 4398/7023/1883 3983/6463/1882 4411/7036/1891 4730/7386/1890
f 4730/7386/1890 4411/7036/1891 3985/6465/1876 4400/7025/1875
f 4336/6934/1710 4730/7386/1890 4400/7025/1875 3961/6428/1711
f 3986/6466/1861 4404/7029/1860 4731/7387/1892 4401/7026/1893
f 4404/7029/1860 3987/6467/1859 4415/7040/1894 4731/7387/1892
f 4731/7387/1892 4415/7040/1894 3992/6472/1803 4419/7044/1821
f 4401/7026/1893 4731/7387/1892 4419/7044/1821 3995/6475/1813
f 3865/6281/1400 4405/7030/1871 4732/7388/1895 4145/6696/1429
f 4405/7030/1871 3988/6468/1870 4416/7041/1896 4732/7388/1895
f 4732/7388/1895 4416/7041/1896 3993/6473/1809 4420/7045/1818
f 4145/6696/1429 4732/7388/1895 4420/7045/1818 3876/6293/1341
f 3988/6468/1870 4406/7031/1873 4733/7389/1897 4416/7041/1896
f 4406/7031/1873 3986/6466/1861 4401/7026/1893 4733/7389/1897
f 4733/7389/1897 4401/7026/1893 3995/6475/1813 4421/7046/1810
f 4416/7041/1896 4733/7389/1897 4421/7046/1810 3993/6473/1809
f 3987/6467/1859 4407/7032/1877 4734/7390/1898 4415/7040/1894
f 4407/7032/1877 3985/6465/1876 4414/7039/1899 4734/7390/1898
f 4734/7390/1898 4414/7039/1899 3991/6471/1731 4422/7047/1804
f 4415/7040/1894 4734/7390/1898 4422/7047/1804 3992/6472/1803
f 3982/6462/1880 4397/7022/1900 4735/7391/1901 4408/7033/1881
f 4397/7022/1900 3994/6474/1740 4423/7048/1745 4735/7391/1901
f 4735/7391/1901 4423/7048/1745 3989/6469/1726 4412/7037/1902
f 4408/7033/1881 4735/7391/1901 4412/7037/1902 3983/6463/1882
f 3860/6276/1421 4140/6691/1439 4736/7392/1903 4409/7034/1885
f 4140/6691/1439 3874/6291/1252 4424/7049/1742 4736/7392/1903
f 4736/7392/1903 4424/7049/1742 3990/6470/1732 4413/7038/1904
f 4409/7034/1885 4736/7392/1903 4413/7038/1904 3984/6464/1886
f 3984/6464/1886 4413/7038/1904 4737/7393/1905 4410/7035/1889
f 4413/7038/1904 3990/6470/1732 4425/7050/1735 4737/7393/1905
f 4737/7393/1905 4425/7050/1735 3994/6474/1740 4397/7022/1900
f 4410/7035/1889 4737/7393/1905 4397/7022/1900 3982/6462/1880
f 3983/6463/1882 4412/7037/1902 4738/7394/1906 4411/7036/1891
f 4412/7037/1902 3989/6469/1726 4426/7051/1729 4738/7394/1906
f 4738/7394/1906 4426/7051/1729 3991/6471/1731 4414/7039/1899
f 4411/7036/1891 4738/7394/1906 4414/7039/1899 3985/6465/1876
f 3954/6414/1694 4357/6969/1774 4739/7395/1907 4509/7142/1908
f 4357/6969/1774 3969/6444/1773 4507/7140/1909 4739/7395/1907
f 4739/7395/1907 4507/7140/1909 4011/6498/1910 4492/7125/1911
f 4509/7142/1908 4739/7395/1907 4492/7125/1911 4020/6507/1912
f 3879/6300/1449 4264/6830/1452 4740/7396/1913 4429/7056/1914
f 4264/6830/1452 3894/6323/1457 4459/7092/1915 4740/7396/1913
f 4740/7396/1913 4459/7092/1915 4023/6510/1916 4502/7135/1917
f 4429/7056/1914 4740/7396/1913 4502/7135/1917 4000/6485/1918
f 3825/6212/1179 4330/6923/1675 4741/7397/1919 4265/6832/1458
f 4330/6923/1675 3959/6424/1679 4504/7137/1920 4741/7397/1919
f 4741/7397/1919 4504/7137/1920 4024/6511/1921 4454/7087/1922
f 4265/6832/1458 4741/7397/1919 4454/7087/1922 3895/6325/1460
f 3959/6424/1679 4328/6919/1681 4742/7398/1923 4504/7137/1920
f 4328/6919/1681 3958/6422/1685 4500/7133/1748 4742/7398/1923
f 4742/7398/1923 4500/7133/1748 4007/6494/1752 4460/7093/1924
f 4504/7137/1920 4742/7398/1923 4460/7093/1924 4024/6511/1921
f 3957/6420/1686 4329/6921/1689 4743/7399/1925 4501/7134/1749
f 4329/6921/1689 3954/6414/1694 4509/7142/1908 4743/7399/1925
f 4743/7399/1925 4509/7142/1908 4020/6507/1912 4465/7098/1926
f 4501/7134/1749 4743/7399/1925 4465/7098/1926 4028/6515/1750
f 3969/6444/1773 4354/6964/1779 4744/7400/1927 4507/7140/1909
f 4354/6964/1779 3970/6446/1769 4498/7131/1928 4744/7400/1927
f 4744/7400/1927 4498/7131/1928 4016/6503/1929 4472/7105/1930
f 4507/7140/1909 4744/7400/1927 4472/7105/1930 4011/6498/1910
f 3971/6448/1763 4358/6971/1761 4745/7401/1931 4499/7132/1932
f 4358/6971/1761 3843/6251/1278 4257/6822/1477 4745/7401/1931
f 4745/7401/1931 4257/6822/1477 3906/6338/1476 4481/7114/1933
f 4499/7132/1932 4745/7401/1931 4481/7114/1933 4003/6490/1934
f 3970/6446/1769 4355/6966/1767 4746/7402/1935 4498/7131/1928
f 4355/6966/1767 3971/6448/1763 4499/7132/1932 4746/7402/1935
f 4746/7402/1935 4499/7132/1932 4003/6490/1934 4488/7121/1936
f 4498/7131/1928 4746/7402/1935 4488/7121/1936 4016/6503/1929
f 3965/6436/1704 4371/6992/1703 4747/7403/1937 4372/6994/1807
f 4371/6992/1703 3998/6481/1670 4431/7061/1668 4747/7403/1937
f 4747/7403/1937 4431/7061/1668 4001/6487/1654 4340/6941/1862
f 4372/6994/1807 4747/7403/1937 4340/6941/1862 3973/6452/1808
f 3964/6434/1736 4344/6945/1938 4748/7404/1939 4346/6949/1737
f 4344/6945/1938 4000/6484/1918 4428/7054/1940 4748/7404/1939
f 4748/7404/1939 4428/7054/1940 3997/6478/1659 4368/6989/1865
f 4346/6949/1737 4748/7404/1939 4368/6989/1865 3962/6430/1738
f 3972/6450/1815 4356/6967/1864 4749/7405/1941 4373/6996/1816
f 4356/6967/1864 4002/6488/1650 4432/7062/1942 4749/7405/1941
f 4749/7405/1941 4432/7062/1942 3996/6476/1755 4435/7068/1943
f 4373/6996/1816 4749/7405/1941 4435/7068/1943 3974/6454/1817
f 3835/6236/1257 4182/6743/1488 4750/7406/1944 4347/6951/1743
f 4182/6743/1488 3879/6301/1449 4429/7057/1914 4750/7406/1944
f 4750/7406/1944 4429/7057/1914 4000/6484/1918 4344/6945/1938
f 4347/6951/1743 4750/7406/1944 4344/6945/1938 3964/6434/1736
f 3974/6454/1817 4435/7068/1943 4751/7407/1945 4374/6998/1820
f 4435/7068/1943 3996/6476/1755 4433/7065/1753 4751/7407/1945
f 4751/7407/1945 4433/7065/1753 3885/6313/1267 4183/6744/1490
f 4374/6998/1820 4751/7407/1945 4183/6744/1490 3849/6263/1345
f 4000/6485/1918 4502/7135/1917 4752/7408/1946 4428/7055/1940
f 4502/7135/1917 4023/6510/1916 4463/7096/1947 4752/7408/1946
f 4752/7408/1946 4463/7096/1947 4008/6495/1663 4503/7136/1660
f 4428/7055/1940 4752/7408/1946 4503/7136/1660 3997/6479/1659
f 4028/6515/1750 4443/7076/1948 4753/7409/1949 4444/7077/1751
f 4443/7076/1948 4030/6517/1950 4446/7079/1951 4753/7409/1949
f 4753/7409/1949 4446/7079/1951 4009/6496/1952 4445/7078/1953
f 4444/7077/1751 4753/7409/1949 4445/7078/1953 4007/6494/1752
f 4030/6517/1950 4447/7080/1954 4754/7410/1955 4446/7079/1951
f 4447/7080/1954 4029/6516/1956 4449/7082/1957 4754/7410/1955
f 4754/7410/1955 4449/7082/1957 4010/6497/1958 4448/7081/1959
f 4446/7079/1951 4754/7410/1955 4448/7081/1959 4009/6496/1952
f 4029/6516/1956 4450/7083/1960 4755/7411/1961 4449/7082/1957
f 4450/7083/1960 4027/6514/1665 4452/7085/1664 4755/7411/1961
f 4755/7411/1961 4452/7085/1664 4008/6495/1663 4451/7084/1962
f 4449/7082/1957 4755/7411/1961 4451/7084/1962 4010/6497/1958
f 4024/6511/1921 4453/7086/1963 4756/7412/1964 4454/7087/1922
f 4453/7086/1963 4026/6513/1965 4455/7088/1966 4756/7412/1964
f 4756/7412/1964 4455/7088/1966 3897/6329/1511 4205/6768/1510
f 4454/7087/1922 4756/7412/1964 4205/6768/1510 3895/6325/1460
f 4026/6513/1965 4456/7089/1967 4757/7413/1968 4455/7088/1966
f 4456/7089/1967 4025/6512/1969 4457/7090/1970 4757/7413/1968
f 4757/7413/1968 4457/7090/1970 3896/6327/1517 4208/6772/1516
f 4455/7088/1966 4757/7413/1968 4208/6772/1516 3897/6329/1511
f 4025/6512/1969 4458/7091/1971 4758/7414/1972 4457/7090/1970
f 4458/7091/1971 4023/6510/1916 4459/7092/1915 4758/7414/1972
f 4758/7414/1972 4459/7092/1915 3894/6323/1457 4211/6776/1522
f 4457/7090/1970 4758/7414/1972 4211/6776/1522 3896/6327/1517
f 4007/6494/1752 4445/7078/1953 4759/7415/1973 4460/7093/1924
f 4445/7078/1953 4009/6496/1952 4461/7094/1974 4759/7415/1973
f 4759/7415/1973 4461/7094/1974 4026/6513/1965 4453/7086/1963
f 4460/7093/1924 4759/7415/1973 4453/7086/1963 4024/6511/1921
f 4009/6496/1952 4448/7081/1959 4760/7416/1975 4461/7094/1974
f 4448/7081/1959 4010/6497/1958 4462/7095/1976 4760/7416/1975
f 4760/7416/1975 4462/7095/1976 4025/6512/1969 4456/7089/1967
f 4461/7094/1974 4760/7416/1975 4456/7089/1967 4026/6513/1965
f 4010/6497/1958 4451/7084/1962 4761/7417/1977 4462/7095/1976
f 4451/7084/1962 4008/6495/1663 4463/7096/1947 4761/7417/1977
f 4761/7417/1977 4463/7096/1947 4023/6510/1916 4458/7091/1971
f 4462/7095/1976 4761/7417/1977 4458/7091/1971 4025/6512/1969
f 4020/6507/1912 4464/7097/1978 4762/7418/1979 4465/7098/1926
f 4464/7097/1978 4022/6509/1980 4466/7099/1981 4762/7418/1979
f 4762/7418/1979 4466/7099/1981 4030/6517/1950 4443/7076/1948
f 4465/7098/1926 4762/7418/1979 4443/7076/1948 4028/6515/1750
f 4022/6509/1980 4467/7100/1982 4763/7419/1983 4466/7099/1981
f 4467/7100/1982 4021/6508/1984 4468/7101/1985 4763/7419/1983
f 4763/7419/1983 4468/7101/1985 4029/6516/1956 4447/7080/1954
f 4466/7099/1981 4763/7419/1983 4447/7080/1954 4030/6517/1950
f 4021/6508/1984 4469/7102/1986 4764/7420/1987 4468/7101/1985
f 4469/7102/1986 4019/6506/1672 4470/7103/1760 4764/7420/1987
f 4764/7420/1987 4470/7103/1760 4027/6514/1665 4450/7083/1960
f 4468/7101/1985 4764/7420/1987 4450/7083/1960 4029/6516/1956
f 4016/6503/1929 4471/7104/1988 4765/7421/1989 4472/7105/1930
f 4471/7104/1988 4018/6505/1990 4474/7107/1991 4765/7421/1989
f 4765/7421/1989 4474/7107/1991 4013/6500/1992 4473/7106/1993
f 4472/7105/1930 4765/7421/1989 4473/7106/1993 4011/6498/1910
f 4018/6505/1990 4475/7108/1994 4766/7422/1995 4474/7107/1991
f 4475/7108/1994 4017/6504/1996 4477/7110/1997 4766/7422/1995
f 4766/7422/1995 4477/7110/1997 4014/6501/1998 4476/7109/1999
f 4474/7107/1991 4766/7422/1995 4476/7109/1999 4013/6500/1992
f 4017/6504/1996 4478/7111/2000 4767/7423/2001 4477/7110/1997
f 4478/7111/2000 4015/6502/1658 4480/7113/1657 4767/7423/2001
f 4767/7423/2001 4480/7113/1657 4012/6499/1656 4479/7112/2002
f 4477/7110/1997 4767/7423/2001 4479/7112/2002 4014/6501/1998
f 3906/6338/1476 4234/6799/1554 4768/7424/2003 4481/7114/1933
f 4234/6799/1554 3908/6340/1558 4483/7116/2004 4768/7424/2003
f 4768/7424/2003 4483/7116/2004 4005/6492/2005 4482/7115/2006
f 4481/7114/1933 4768/7424/2003 4482/7115/2006 4003/6490/1934
f 3908/6340/1558 4238/6803/1560 4769/7425/2007 4483/7116/2004
f 4238/6803/1560 3909/6341/1564 4485/7118/2008 4769/7425/2007
f 4769/7425/2007 4485/7118/2008 4006/6493/2009 4484/7117/2010
f 4483/7116/2004 4769/7425/2007 4484/7117/2010 4005/6492/2005
f 3909/6341/1564 4241/6806/1566 4770/7426/2011 4485/7118/2008
f 4241/6806/1566 3907/6339/1271 4487/7120/1758 4770/7426/2011
f 4770/7426/2011 4487/7120/1758 4004/6491/1757 4486/7119/2012
f 4485/7118/2008 4770/7426/2011 4486/7119/2012 4006/6493/2009
f 4003/6490/1934 4482/7115/2006 4771/7427/2013 4488/7121/1936
f 4482/7115/2006 4005/6492/2005 4489/7122/2014 4771/7427/2013
f 4771/7427/2013 4489/7122/2014 4018/6505/1990 4471/7104/1988
f 4488/7121/1936 4771/7427/2013 4471/7104/1988 4016/6503/1929
f 4005/6492/2005 4484/7117/2010 4772/7428/2015 4489/7122/2014
f 4484/7117/2010 4006/6493/2009 4490/7123/2016 4772/7428/2015
f 4772/7428/2015 4490/7123/2016 4017/6504/1996 4475/7108/1994
f 4489/7122/2014 4772/7428/2015 4475/7108/1994 4018/6505/1990
f 4006/6493/2009 4486/7119/2012 4773/7429/2017 4490/7123/2016
f 4486/7119/2012 4004/6491/1757 4491/7124/2018 4773/7429/2017
f 4773/7429/2017 4491/7124/2018 4015/6502/1658 4478/7111/2000
f 4490/7123/2016 4773/7429/2017 4478/7111/2000 4017/6504/1996
f 4011/6498/1910 4473/7106/1993 4774/7430/2019 4492/7125/1911
f 4473/7106/1993 4013/6500/1992 4493/7126/2020 4774/7430/2019
f 4774/7430/2019 4493/7126/2020 4022/6509/1980 4464/7097/1978
f 4492/7125/1911 4774/7430/2019 4464/7097/1978 4020/6507/1912
f 4013/6500/1992 4476/7109/1999 4775/7431/2021 4493/7126/2020
f 4476/7109/1999 4014/6501/1998 4494/7127/2022 4775/7431/2021
f 4775/7431/2021 4494/7127/2022 4021/6508/1984 4467/7100/1982
f 4493/7126/2020 4775/7431/2021 4467/7100/1982 4022/6509/1980
f 4014/6501/1998 4479/7112/2002 4776/7432/2023 4494/7127/2022
f 4479/7112/2002 4012/6499/1656 4495/7128/1673 4776/7432/2023
f 4776/7432/2023 4495/7128/1673 4019/6506/1672 4469/7102/1986
f 4494/7127/2022 4776/7432/2023 4469/7102/1986 4021/6508/1984
f 3996/6477/1755 4432/7063/1942 4777/7433/2024 4496/7129/1756
f 4432/7063/1942 4002/6489/1650 4497/7130/1653 4777/7433/2024
f 4777/7433/2024 4497/7130/1653 4015/6502/1658 4491/7124/2018
f 4496/7129/1756 4777/7433/2024 4491/7124/2018 4004/6491/1757
f 4039/6533/2025 4518/7152/2026 4778/7435/2027 4510/7143/2028
f 4518/7151/2026 4032/6521/1841 4322/6908/1844 4778/7434/2027
f 4778/7434/2027 4322/6908/1844 4031/6519/1846 4519/7154/2029
f 4510/7143/2028 4778/7435/2027 4519/7153/2029 4038/6532/2030
f 4040/6534/2031 4520/7156/2032 4779/7437/2033 4511/7144/2034
f 4520/7155/2032 4033/6523/1850 4323/6910/1852 4779/7436/2033
f 4779/7436/2033 4323/6910/1852 4032/6521/1841 4518/7151/2026
f 4511/7144/2034 4779/7437/2033 4518/7152/2026 4039/6533/2025
f 4038/6532/2030 4519/7153/2029 4780/7439/2035 4512/7145/2036
f 4519/7154/2029 4031/6519/1846 4324/6912/1854 4780/7438/2035
f 4780/7438/2035 4324/6912/1854 4034/6525/1839 4521/7158/2037
f 4512/7145/2036 4780/7439/2035 4521/7157/2037 4041/6535/2038
f 3817/6194/1594 4282/6854/1597 4781/7441/2039 4513/7146/2040
f 4282/6855/1597 3926/6365/1375 4325/6914/1848 4781/7440/2039
f 4781/7440/2039 4325/6914/1848 4033/6523/1850 4520/7155/2032
f 4513/7146/2040 4781/7441/2039 4520/7156/2032 4040/6534/2031
f 4042/6536/2041 4522/7160/2042 4782/7443/2043 4514/7147/2044
f 4522/7159/2042 4035/6527/1828 4349/6955/1825 4782/7442/2043
f 4782/7442/2043 4349/6955/1825 4036/6529/1824 4523/7162/2045
f 4514/7147/2044 4782/7443/2043 4523/7161/2045 4043/6537/2046
f 4043/6537/2046 4523/7161/2045 4783/7445/2047 4515/7148/2048
f 4523/7162/2045 4036/6529/1824 4350/6957/1835 4783/7444/2047
f 4783/7444/2047 4350/6957/1835 4037/6531/1833 4524/7164/2049
f 4515/7148/2048 4783/7445/2047 4524/7163/2049 4044/6538/2050
f 4041/6535/2038 4521/7157/2037 4784/7447/2051 4516/7149/2052
f 4521/7158/2037 4034/6525/1839 4351/6959/1837 4784/7446/2051
f 4784/7446/2051 4351/6959/1837 4035/6527/1828 4522/7159/2042
f 4516/7149/2052 4784/7447/2051 4522/7160/2042 4042/6536/2041
f 4044/6538/2050 4524/7163/2049 4785/7449/2053 4517/7150/2054
f 4524/7164/2049 4037/6531/1833 4352/6961/1831 4785/7448/2053
f 4785/7448/2053 4352/6961/1831 3930/6373/1357 4286/6862/1613
f 4517/7150/2054 4785/7449/2053 4286/6863/1613 3836/6237/1612
f 3816/6193/1614 4526/7166/1614 4786/7450/1614 4527/7167/1614
f 4039/6533/2025 4510/7143/2028 4786/7450/1614 4526/7166/1614
f 4038/6532/2030 4527/7167/1614 4786/7450/1614 4510/7143/2028
f 3816/6193/1614 4528/7168/1614 4787/7451/1614 4526/7166/1614
f 4040/6534/2031 4511/7144/2034 4787/7451/1614 4528/7168/1614
f 4039/6533/2025 4526/7166/1614 4787/7451/1614 4511/7144/2034
f 3816/6193/1614 4527/7167/1614 4788/7452/1614 4525/7165/1614
f 4038/6532/2030 4512/7145/2036 4788/7452/1614 4527/7167/1614
f 4041/6535/2038 4525/7165/1614 4788/7452/1614 4512/7145/2036
f 3816/6193/1614 4291/6868/1614 4789/7453/1614 4528/7168/1614
f 3817/6194/1594 4513/7146/2040 4789/7453/1614 4291/6868/1614
f 4040/6534/2031 4528/7168/1614 4789/7453/1614 4513/7146/2040
f 3816/6193/1614 4529/7169/1614 4790/7454/1614 4530/7170/1614
f 4042/6536/2041 4514/7147/2044 4790/7454/1614 4529/7169/1614
f 4043/6537/2046 4530/7170/1614 4790/7454/1614 4514/7147/2044
f 3816/6193/1614 4530/7170/1614 4791/7455/1614 4531/7171/1614
f 4043/6537/2046 4515/7148/2048 4791/7455/1614 4530/7170/1614
f 4044/6538/2050 4531/7171/1614 4791/7455/1614 4515/7148/2048
f 3816/6193/1614 4525/7165/1614 4792/7456/1614 4529/7169/1614
f 4041/6535/2038 4516/7149/2052 4792/7456/1614 4525/7165/1614
f 4042/6536/2041 4529/7169/1614 4792/7456/1614 4516/7149/2052
f 3816/6193/1614 4531/7171/1614 4793/7457/1614 4295/6872/1614
f 4044/6538/2050 4517/7150/2054 4793/7457/1614 4531/7171/1614
f 3836/6237/1612 4295/6872/1614 4793/7457/1614 4517/7150/2054
f 4052/6553/2055 4540/7188/2056 4794/7458/2057 4532/7172/2058
f 4540/7188/2056 4045/6540/1690 4332/6926/1697 4794/7458/2057
f 4794/7458/2057 4332/6926/1697 4046/6542/1683 4541/7189/2059
f 4532/7172/2058 4794/7458/2057 4541/7189/2059 4053/6555/2060
f 4053/6555/2060 4541/7189/2059 4795/7459/2061 4533/7174/2062
f 4541/7189/2059 4046/6542/1683 4333/6928/1682 4795/7459/2061
f 4795/7459/2061 4333/6928/1682 4047/6544/1677 4542/7190/2063
f 4533/7174/2062 4795/7459/2061 4542/7190/2063 4054/6557/2064
f 4048/6545/2065 4543/7191/2066 4796/7460/2067 4534/7176/2068
f 4543/7191/2066 3960/6426/1692 4334/6930/1691 4796/7460/2067
f 4796/7460/2067 4334/6930/1691 4045/6540/1690 4540/7188/2056
f 4534/7176/2068 4796/7460/2067 4540/7188/2056 4052/6553/2055
f 4054/6557/2064 4542/7190/2063 4797/7461/2069 4535/7178/2070
f 4542/7190/2063 4047/6544/1677 4335/6932/1676 4797/7461/2069
f 4797/7461/2069 4335/6932/1676 3828/6218/1187 4308/6893/1632
f 4535/7178/2070 4797/7461/2069 4308/6893/1632 3942/6389/1631
f 4056/6561/2071 4544/7192/2072 4798/7462/2073 4536/7180/2074
f 4544/7192/2072 4050/6550/1771 4360/6974/1781 4798/7462/2073
f 4798/7462/2073 4360/6974/1781 4049/6548/1778 4545/7193/2075
f 4536/7180/2074 4798/7462/2073 4545/7193/2075 4055/6559/2076
f 4057/6563/2077 4546/7194/2078 4799/7463/2079 4537/7182/2080
f 4546/7194/2078 4051/6552/1765 4361/6976/1772 4799/7463/2079
f 4799/7463/2079 4361/6976/1772 4050/6550/1771 4544/7192/2072
f 4537/7182/2080 4799/7463/2079 4544/7192/2072 4056/6561/2071
f 4055/6559/2076 4545/7193/2075 4800/7464/2081 4538/7184/2082
f 4545/7193/2075 4049/6548/1778 4362/6978/1777 4800/7464/2081
f 4800/7464/2081 4362/6978/1777 3960/6426/1692 4543/7191/2066
f 4538/7184/2082 4800/7464/2081 4543/7191/2066 4048/6545/2065
f 3946/6397/1645 4312/6897/1648 4801/7465/2083 4539/7186/2084
f 4312/6897/1648 3844/6253/1282 4363/6980/1766 4801/7465/2083
f 4801/7465/2083 4363/6980/1766 4051/6552/1765 4546/7194/2078
f 4539/7186/2084 4801/7465/2083 4546/7194/2078 4057/6563/2077
f 3826/6213/1649 4547/7195/1649 4802/7466/1649 4548/7196/1649
f 4052/6554/2055 4532/7173/2058 4802/7466/1649 4547/7195/1649
f 4053/6556/2060 4548/7196/1649 4802/7466/1649 4532/7173/2058
f 3826/6213/1649 4548/7196/1649 4803/7467/1649 4549/7197/1649
f 4053/6556/2060 4533/7175/2062 4803/7467/1649 4548/7196/1649
f 4054/6558/2064 4549/7197/1649 4803/7467/1649 4533/7175/2062
f 3826/6213/1649 4550/7198/1649 4804/7468/1649 4547/7195/1649
f 4048/6546/2065 4534/7177/2068 4804/7468/1649 4550/7198/1649
f 4052/6554/2055 4547/7195/1649 4804/7468/1649 4534/7177/2068
f 3826/6213/1649 4549/7197/1649 4805/7469/1649 4317/6902/1649
f 4054/6558/2064 4535/7179/2070 4805/7469/1649 4549/7197/1649
f 3942/6390/1631 4317/6902/1649 4805/7469/1649 4535/7179/2070
f 3826/6213/1649 4551/7199/1649 4806/7470/1649 4552/7200/1649
f 4056/6562/2071 4536/7181/2074 4806/7470/1649 4551/7199/1649
f 4055/6560/2076 4552/7200/1649 4806/7470/1649 4536/7181/2074
f 3826/6213/1649 4553/7201/1649 4807/7471/1649 4551/7199/1649
f 4057/6564/2077 4537/7183/2080 4807/7471/1649 4553/7201/1649
f 4056/6562/2071 4551/7199/1649 4807/7471/1649 4537/7183/2080
f 3826/6213/1649 4552/7200/1649 4808/7472/1649 4550/7198/1649
f 4055/6560/2076 4538/7185/2082 4808/7472/1649 4552/7200/1649
f 4048/6546/2065 4550/7198/1649 4808/7472/1649 4538/7185/2082
f 3826/6213/1649 4321/6906/1649 4809/7473/1649 4553/7201/1649
f 3946/6398/1645 4539/7187/2084 4809/7473/1649 4321/6906/1649
f 4057/6564/2077 4553/7201/1649 4809/7473/1649 4539/7187/2084
