# Blender 3.5.1
# www.blender.org
mtllib MA05_Temp_Sacred_Item_TableBread_v2.mtl
o DA01_TableBreads_Low
v -49.044621 11.234973 21.398270
v -49.590347 11.234973 21.398270
v -47.922440 11.234973 21.398270
v -47.922440 11.234973 21.724524
v -47.922440 11.234973 22.003469
v -49.499504 10.606594 22.003469
v -49.526825 10.500148 22.003469
v -49.567795 10.395279 22.003469
v -49.627777 10.293601 22.003469
v -49.703239 10.194436 22.003469
v -49.169540 10.606594 22.003469
v -49.196861 10.500148 22.003469
v -49.237831 10.395279 22.003469
v -49.297817 10.293601 22.003469
v -49.373276 10.194436 22.003469
v -49.359093 11.234973 21.398270
v -49.372673 10.713430 21.809839
v -49.389713 10.606594 22.070782
v -49.417034 10.500148 22.070782
v -49.458004 10.395279 22.070782
v -49.517990 10.293601 22.070782
v -49.593449 10.194436 22.070782
v -49.389713 10.606594 21.809839
v -49.417034 10.500148 21.809839
v -49.458004 10.395279 21.809839
v -49.517990 10.293601 21.809839
v -49.593449 10.194436 21.809839
v -49.678059 10.098746 22.003469
v -49.359093 11.457983 21.398270
v -49.044621 11.457983 21.398270
v -49.044621 11.457983 21.724524
v -47.922440 11.457983 21.724524
v -49.359093 11.457983 21.724524
v -47.922440 11.457983 21.398270
v -46.800259 11.234973 21.398270
v -46.254532 11.234973 21.398270
v -46.345375 10.606594 22.003469
v -46.318054 10.500148 22.003469
v -46.277084 10.395279 22.003469
v -46.217102 10.293601 22.003469
v -46.141640 10.194436 22.003469
v -46.675339 10.606594 22.003469
v -46.648018 10.500148 22.003469
v -46.607048 10.395279 22.003469
v -46.547062 10.293601 22.003469
v -46.471603 10.194436 22.003469
v -46.485786 11.234973 21.398270
v -46.472206 10.713430 21.809839
v -46.455166 10.606594 22.070782
v -46.427845 10.500148 22.070782
v -46.386875 10.395279 22.070782
v -46.326889 10.293601 22.070782
v -46.251431 10.194436 22.070782
v -46.455166 10.606594 21.809839
v -46.427845 10.500148 21.809839
v -46.386875 10.395279 21.809839
v -46.326889 10.293601 21.809839
v -46.251431 10.194436 21.809839
v -46.166821 10.098746 22.003469
v -46.485786 11.457983 21.398270
v -46.800259 11.457983 21.398270
v -46.800259 11.457983 21.724524
v -46.485786 11.457983 21.724524
v -47.922440 11.234973 21.072016
v -47.922440 11.234973 20.793070
v -49.499504 10.606594 20.793070
v -49.526825 10.500148 20.793070
v -49.567795 10.395279 20.793070
v -49.627777 10.293601 20.793070
v -49.703239 10.194436 20.793070
v -49.169540 10.606594 20.793070
v -49.196861 10.500148 20.793070
v -49.237831 10.395279 20.793070
v -49.297817 10.293601 20.793070
v -49.373276 10.194436 20.793070
v -49.372673 10.713430 20.986700
v -49.389713 10.606594 20.725758
v -49.417034 10.500148 20.725758
v -49.458004 10.395279 20.725758
v -49.517990 10.293601 20.725758
v -49.593449 10.194436 20.725758
v -49.389713 10.606594 20.986700
v -49.417034 10.500148 20.986700
v -49.458004 10.395279 20.986700
v -49.517990 10.293601 20.986700
v -49.593449 10.194436 20.986700
v -49.678059 10.098746 20.793070
v -49.044621 11.457983 21.072016
v -47.922440 11.457983 21.072016
v -49.359093 11.457983 21.072016
v -46.345375 10.606594 20.793070
v -46.318054 10.500148 20.793070
v -46.277084 10.395279 20.793070
v -46.217102 10.293601 20.793070
v -46.141640 10.194436 20.793070
v -46.675339 10.606594 20.793070
v -46.648018 10.500148 20.793070
v -46.607048 10.395279 20.793070
v -46.547062 10.293601 20.793070
v -46.471603 10.194436 20.793070
v -46.472206 10.713430 20.986700
v -46.455166 10.606594 20.725758
v -46.427845 10.500148 20.725758
v -46.386875 10.395279 20.725758
v -46.326889 10.293601 20.725758
v -46.251431 10.194436 20.725758
v -46.455166 10.606594 20.986700
v -46.427845 10.500148 20.986700
v -46.386875 10.395279 20.986700
v -46.326889 10.293601 20.986700
v -46.251431 10.194436 20.986700
v -46.166821 10.098746 20.793070
v -46.800259 11.457983 21.072016
v -46.485786 11.457983 21.072016
v -49.674183 11.622714 22.152672
v -49.670757 11.622714 22.156097
v -49.670757 11.626141 22.152672
v -49.673180 11.622714 22.155094
v -49.672737 11.624692 22.154650
v -49.670757 11.625136 22.155094
v -49.673180 11.625136 22.152672
v -49.670757 11.626141 21.398270
v -49.674183 11.622714 21.398270
v -49.673180 11.625136 21.398270
v -49.674183 11.238400 21.398270
v -49.670757 11.234973 21.398270
v -49.673180 11.235977 21.398270
v -49.670757 11.234973 22.152672
v -49.670757 11.238400 22.156097
v -49.674183 11.238400 22.152672
v -49.670757 11.235977 22.155094
v -49.672737 11.236422 22.154650
v -49.673180 11.238400 22.155094
v -49.673180 11.235977 22.152672
v -49.044621 11.622714 22.156097
v -49.044621 11.626141 22.152672
v -49.044621 11.625136 22.155094
v -49.048279 11.231552 22.155918
v -49.044846 11.231555 22.152489
v -49.041195 11.234973 22.152672
v -49.044621 11.238400 22.156097
v -49.045856 11.231470 22.154909
v -49.044693 11.234378 22.155043
v -49.043682 11.233972 22.152580
v -49.042908 11.235977 22.155094
v -49.046452 11.234975 22.156044
v -49.674183 11.622714 21.724524
v -49.670757 11.626141 21.724524
v -49.673180 11.625136 21.724524
v -49.670757 11.234973 21.724524
v -49.674183 11.238400 21.724524
v -49.673180 11.235977 21.724524
v -49.044846 11.231555 21.728132
v -49.048279 11.231552 21.724701
v -49.041195 11.234973 21.721096
v -49.045856 11.231470 21.725712
v -49.044727 11.233510 21.724607
v -49.044739 11.233972 21.723572
v -49.043682 11.233972 21.724615
v -49.520042 11.622714 21.398270
v -49.523468 11.626141 21.398270
v -49.521046 11.625136 21.398270
v -49.590347 11.622714 22.156097
v -49.588272 11.626141 22.152672
v -49.589741 11.625136 22.155094
v -49.593773 11.234973 22.152672
v -49.590122 11.231555 22.152489
v -49.586689 11.231552 22.155918
v -49.590347 11.238400 22.156097
v -49.591286 11.233972 22.152580
v -49.590275 11.234378 22.155043
v -49.589111 11.231470 22.154909
v -49.588520 11.234975 22.156044
v -49.592060 11.235977 22.155094
v -49.590122 11.231555 21.728132
v -49.593773 11.234973 21.721096
v -49.586689 11.231552 21.724701
v -49.591286 11.233972 21.724615
v -49.590240 11.233510 21.724607
v -49.590233 11.233972 21.723572
v -49.589111 11.231470 21.725712
v -49.523468 11.626141 21.724524
v -49.520042 11.622714 21.724524
v -49.521046 11.625136 21.724524
v -47.922440 11.622714 22.156097
v -47.922440 11.626141 22.152672
v -47.922440 11.625136 22.155094
v -47.922440 11.234973 22.152672
v -47.922440 11.238400 22.156097
v -47.922440 11.235977 22.155094
v -49.480000 10.716733 22.071693
v -49.483593 10.716664 22.068134
v -49.483002 10.710047 22.067354
v -49.479256 10.710004 22.070782
v -49.482410 10.716311 22.070539
v -49.481907 10.713356 22.070040
v -49.482952 10.713387 22.067745
v -49.481892 10.710137 22.069773
v -49.479630 10.713394 22.071049
v -49.156799 10.710004 22.070782
v -49.153038 10.710047 22.067354
v -49.151371 10.716665 22.068134
v -49.154961 10.716733 22.071693
v -49.154156 10.709915 22.069773
v -49.153400 10.713328 22.070040
v -49.152328 10.713387 22.067745
v -49.152554 10.716311 22.070539
v -49.155880 10.713394 22.071049
v -49.153038 10.710047 21.813265
v -49.156219 10.713430 21.809839
v -49.151371 10.716665 21.812487
v -49.153881 10.711576 21.810846
v -49.153034 10.713287 21.811106
v -49.153152 10.714674 21.810534
v -49.152328 10.713387 21.812876
v -49.483593 10.716664 21.812487
v -49.478741 10.713430 21.809839
v -49.483002 10.710047 21.813265
v -49.481808 10.714674 21.810534
v -49.482159 10.713334 21.811106
v -49.481636 10.711799 21.810846
v -49.482952 10.713387 21.812876
v -49.100208 10.803347 21.765017
v -49.096100 10.803077 21.769176
v -49.097958 10.797318 21.770164
v -49.101433 10.797298 21.766703
v -49.097851 10.802624 21.766758
v -49.098766 10.800394 21.767521
v -49.097664 10.800402 21.769670
v -49.099014 10.797526 21.767748
v -49.100822 10.800475 21.766407
v -49.537006 10.797318 21.770164
v -49.538864 10.803076 21.769176
v -49.534756 10.803347 21.765017
v -49.533531 10.797298 21.766703
v -49.537300 10.800402 21.769670
v -49.536198 10.800394 21.767521
v -49.537113 10.802624 21.766758
v -49.534145 10.800475 21.766407
v -49.535950 10.797526 21.767748
v -49.096100 10.803076 22.111444
v -49.100208 10.803347 22.115604
v -49.101433 10.797298 22.113918
v -49.097958 10.797318 22.110456
v -49.097851 10.802624 22.113861
v -49.098766 10.800394 22.113098
v -49.100822 10.800475 22.114214
v -49.099014 10.797526 22.112873
v -49.097664 10.800402 22.110950
v -49.534756 10.803347 22.115604
v -49.538864 10.803076 22.111444
v -49.537006 10.797318 22.110456
v -49.533531 10.797298 22.113918
v -49.537113 10.802624 22.113861
v -49.536198 10.800394 22.113098
v -49.537300 10.800402 22.110950
v -49.535950 10.797526 22.112873
v -49.534145 10.800475 22.114214
v -49.780827 10.102173 22.070782
v -49.785576 10.101314 22.067354
v -49.784420 10.098746 22.067354
v -49.783588 10.102233 22.069782
v -49.784939 10.100115 22.069334
v -49.786179 10.099499 22.067354
v -49.782623 10.099751 22.069778
v -49.461311 10.098746 22.067354
v -49.455616 10.101314 22.067354
v -49.458847 10.102173 22.070782
v -49.458263 10.099320 22.067354
v -49.458332 10.100013 22.069334
v -49.456520 10.101743 22.069778
v -49.460548 10.099928 22.069778
v -49.455616 10.101314 21.813265
v -49.461311 10.098746 21.813265
v -49.458832 10.102173 21.809839
v -49.458221 10.099499 21.813265
v -49.458279 10.099921 21.811287
v -49.460072 10.099751 21.810843
v -49.456795 10.101305 21.810837
v -49.784420 10.098746 21.813265
v -49.785576 10.101314 21.813265
v -49.780838 10.102173 21.809839
v -49.786449 10.099320 21.813265
v -49.785164 10.100013 21.811287
v -49.783916 10.101743 21.810843
v -49.783100 10.099928 21.810843
v -49.173306 10.606594 22.070782
v -49.169540 10.606594 22.067354
v -49.170643 10.606594 22.069778
v -49.200657 10.500148 22.070782
v -49.196861 10.500148 22.067354
v -49.197975 10.500148 22.069778
v -49.241680 10.395279 22.070782
v -49.237831 10.395279 22.067354
v -49.238960 10.395279 22.069778
v -49.301727 10.293601 22.070782
v -49.297817 10.293601 22.067354
v -49.298962 10.293601 22.069778
v -49.373276 10.194436 22.067354
v -49.377243 10.194436 22.070782
v -49.374439 10.194436 22.069778
v -49.377232 10.194436 21.809839
v -49.373276 10.194436 21.813265
v -49.374435 10.194436 21.810843
v -49.301712 10.293601 21.809839
v -49.297817 10.293601 21.813265
v -49.298958 10.293601 21.810843
v -49.241665 10.395279 21.809839
v -49.237831 10.395279 21.813265
v -49.238953 10.395279 21.810843
v -49.200638 10.500148 21.809839
v -49.196861 10.500148 21.813265
v -49.197968 10.500148 21.810843
v -49.169540 10.606594 21.813265
v -49.173279 10.606594 21.809839
v -49.170635 10.606594 21.810843
v -49.703239 10.194436 21.813265
v -49.699284 10.194436 21.809839
v -49.702080 10.194436 21.810843
v -49.627777 10.293601 21.813265
v -49.623882 10.293601 21.809839
v -49.626637 10.293601 21.810843
v -49.567795 10.395279 21.813265
v -49.563961 10.395279 21.809839
v -49.566673 10.395279 21.810843
v -49.526825 10.500148 21.813265
v -49.523048 10.500148 21.809839
v -49.525719 10.500148 21.810843
v -49.495762 10.606594 21.809839
v -49.499504 10.606594 21.813265
v -49.498405 10.606594 21.810843
v -49.499504 10.606594 22.067354
v -49.495739 10.606594 22.070782
v -49.498402 10.606594 22.069778
v -49.526825 10.500148 22.067354
v -49.523026 10.500148 22.070782
v -49.525711 10.500148 22.069778
v -49.567795 10.395279 22.067354
v -49.563946 10.395279 22.070782
v -49.566666 10.395279 22.069778
v -49.627777 10.293601 22.067354
v -49.623867 10.293601 22.070782
v -49.626633 10.293601 22.069778
v -49.699272 10.194436 22.070782
v -49.703239 10.194436 22.067354
v -49.702076 10.194436 22.069778
v -49.096157 10.767688 21.762529
v -49.092674 10.767668 21.765985
v -49.095146 10.762779 21.768682
v -49.100773 10.762482 21.764959
v -49.093735 10.767896 21.763573
v -49.094700 10.764766 21.764252
v -49.093151 10.764839 21.767334
v -49.097843 10.762175 21.766682
v -49.098465 10.764758 21.763042
v -49.092674 10.767668 22.114634
v -49.096157 10.767688 22.118090
v -49.100773 10.762482 22.115662
v -49.095146 10.762779 22.111938
v -49.093735 10.767896 22.117048
v -49.094700 10.764766 22.116369
v -49.098465 10.764758 22.117577
v -49.097843 10.762175 22.113939
v -49.093151 10.764839 22.113287
v -49.538807 10.767688 22.118090
v -49.542290 10.767668 22.114634
v -49.539818 10.762779 22.111938
v -49.534191 10.762482 22.115662
v -49.541229 10.767896 22.117048
v -49.540264 10.764766 22.116369
v -49.541817 10.764839 22.113287
v -49.537121 10.762175 22.113939
v -49.536499 10.764758 22.117577
v -49.542290 10.767668 21.765985
v -49.538807 10.767688 21.762529
v -49.534191 10.762482 21.764959
v -49.539818 10.762779 21.768682
v -49.541229 10.767896 21.763573
v -49.540264 10.764766 21.764252
v -49.536499 10.764758 21.763042
v -49.537121 10.762175 21.766682
v -49.541817 10.764839 21.767334
v -49.148495 10.735560 21.803728
v -49.144974 10.740676 21.799910
v -49.140553 10.740378 21.804588
v -49.144753 10.735628 21.807251
v -49.146732 10.738426 21.802233
v -49.144314 10.738290 21.803495
v -49.142647 10.740071 21.802111
v -49.143055 10.738359 21.805920
v -49.145988 10.735203 21.804867
v -49.144753 10.735628 22.073370
v -49.140553 10.740378 22.076033
v -49.144974 10.740676 22.080709
v -49.148392 10.735560 22.076891
v -49.143055 10.738359 22.074701
v -49.144299 10.738291 22.077126
v -49.142647 10.740071 22.078510
v -49.146683 10.738426 22.078388
v -49.145958 10.735207 22.075756
v -49.486576 10.735560 22.076891
v -49.489994 10.740676 22.080709
v -49.494415 10.740378 22.076033
v -49.490215 10.735628 22.073370
v -49.488285 10.738426 22.078388
v -49.490669 10.738291 22.077126
v -49.492321 10.740071 22.078510
v -49.491913 10.738359 22.074701
v -49.489010 10.735207 22.075756
v -49.494415 10.740378 21.804588
v -49.489994 10.740676 21.799910
v -49.486473 10.735560 21.803728
v -49.490215 10.735628 21.807251
v -49.492321 10.740071 21.802111
v -49.490654 10.738290 21.803495
v -49.488235 10.738426 21.802233
v -49.488979 10.735203 21.804867
v -49.491913 10.738359 21.805920
v -49.563602 10.830268 21.749104
v -49.560169 10.830271 21.745674
v -49.556252 10.824194 21.748016
v -49.560917 10.824465 21.751736
v -49.562592 10.830186 21.746683
v -49.561409 10.827027 21.747576
v -49.558212 10.827074 21.746433
v -49.558887 10.823742 21.749540
v -49.562721 10.827152 21.750420
v -49.078712 10.824194 21.748016
v -49.074799 10.830271 21.745674
v -49.071365 10.830268 21.749104
v -49.074051 10.824465 21.751736
v -49.076756 10.827074 21.746433
v -49.073559 10.827027 21.747576
v -49.072376 10.830186 21.746683
v -49.072243 10.827152 21.750420
v -49.076077 10.823742 21.749540
v -49.074051 10.824465 22.128883
v -49.071365 10.830268 22.131516
v -49.074799 10.830271 22.134947
v -49.078712 10.824194 22.132603
v -49.072243 10.827152 22.130199
v -49.073559 10.827027 22.133043
v -49.072376 10.830186 22.133938
v -49.076756 10.827074 22.134186
v -49.076077 10.823742 22.131081
v -49.556252 10.824194 22.132603
v -49.560169 10.830271 22.134947
v -49.563602 10.830268 22.131516
v -49.560917 10.824465 22.128883
v -49.558212 10.827074 22.134186
v -49.561409 10.827027 22.133043
v -49.562592 10.830186 22.133938
v -49.562721 10.827152 22.130199
v -49.558887 10.823742 22.131081
v -49.670757 11.626141 22.004286
v -49.674183 11.622714 22.003469
v -49.673180 11.625136 22.003710
v -49.674183 11.238400 22.003469
v -49.670757 11.234973 22.003469
v -49.673180 11.235977 22.003469
v -49.044621 11.622714 22.040150
v -49.044621 11.626141 22.043575
v -49.044621 11.625136 22.041153
v -49.041195 11.234973 22.003469
v -49.044846 11.231555 22.003469
v -49.043682 11.233972 22.003469
v -49.590122 11.231555 22.003469
v -49.593773 11.234973 22.003469
v -49.591286 11.233972 22.003469
v -49.523468 11.626141 22.043575
v -49.520042 11.622714 22.040150
v -49.521046 11.625136 22.041153
v -47.922440 11.626141 22.043575
v -47.922440 11.622714 22.040150
v -47.922440 11.625136 22.041153
v -49.151371 10.716665 22.003469
v -49.153038 10.710047 22.003469
v -49.152328 10.713387 22.003469
v -49.483002 10.710047 22.003469
v -49.483593 10.716664 22.003469
v -49.482952 10.713387 22.003469
v -49.538864 10.803076 22.003469
v -49.537006 10.797318 22.003469
v -49.537300 10.800402 22.003469
v -49.096100 10.803076 22.003469
v -49.097958 10.797318 22.003469
v -49.097664 10.800402 22.003469
v -49.455616 10.101314 22.003469
v -49.461311 10.098746 22.003469
v -49.458221 10.099499 22.003469
v -49.784420 10.098746 22.003469
v -49.785576 10.101314 22.003469
v -49.786179 10.099499 22.003469
v -49.542290 10.767668 22.003469
v -49.539818 10.762779 22.003469
v -49.541817 10.764839 22.003469
v -49.092674 10.767668 22.003469
v -49.095146 10.762779 22.003469
v -49.093151 10.764839 22.003469
v -49.494415 10.740378 22.003469
v -49.490215 10.735628 22.003469
v -49.491913 10.738359 22.003469
v -49.140553 10.740378 22.003469
v -49.144753 10.735628 22.003469
v -49.143055 10.738359 22.003469
v -49.071365 10.830268 22.003469
v -49.074051 10.824465 22.003469
v -49.072243 10.827152 22.003469
v -49.563602 10.830268 22.003469
v -49.560917 10.824465 22.003469
v -49.562721 10.827152 22.003469
v -49.359093 11.626141 22.152672
v -49.359093 11.622714 22.156097
v -49.359093 11.625136 22.155094
v -49.359093 11.238400 22.156097
v -49.359119 11.231552 22.155918
v -49.359104 11.234975 22.156044
v -49.359119 11.231552 21.724701
v -49.359093 11.234973 21.721096
v -49.359100 11.233972 21.723572
v -49.372528 10.716733 22.071693
v -49.373219 10.710004 22.070782
v -49.372791 10.713394 22.071049
v -49.365536 10.803347 22.115604
v -49.365807 10.797298 22.113918
v -49.365757 10.800475 22.114214
v -49.365536 10.803347 21.765017
v -49.365807 10.797298 21.766703
v -49.365757 10.800475 21.766407
v -49.675026 10.102173 22.070782
v -49.678059 10.098746 22.067354
v -49.677170 10.099751 22.069778
v -49.678059 10.098746 21.813265
v -49.675026 10.102173 21.809839
v -49.677170 10.099751 21.810843
v -49.365143 10.767688 22.118090
v -49.365528 10.762482 22.115662
v -49.365223 10.764758 22.117577
v -49.365143 10.767688 21.762529
v -49.365528 10.762482 21.764959
v -49.365223 10.764758 21.763042
v -49.371094 10.740676 22.080709
v -49.371704 10.735560 22.076891
v -49.371464 10.738426 22.078388
v -49.371094 10.740676 21.799910
v -49.371704 10.735560 21.803728
v -49.371464 10.738426 21.802233
v -49.362457 10.830271 21.745674
v -49.362831 10.824194 21.748016
v -49.362579 10.827074 21.746433
v -49.362457 10.830271 22.134947
v -49.362831 10.824194 22.132603
v -49.362579 10.827074 22.134186
v -49.359093 11.626141 22.043575
v -49.359093 11.622714 22.040150
v -49.359093 11.625136 22.041153
v -49.520042 11.461409 21.724524
v -49.516617 11.457983 21.724524
v -49.519039 11.458986 21.724524
v -49.516617 11.457983 21.398270
v -49.520042 11.461409 21.398270
v -49.519039 11.458986 21.398270
v -49.044621 11.457983 22.036724
v -49.044621 11.461409 22.040150
v -49.044621 11.458986 22.039146
v -49.516617 11.457983 22.036724
v -49.520042 11.461409 22.040150
v -49.519039 11.458986 22.039146
v -47.922440 11.461409 22.040150
v -47.922440 11.457983 22.036724
v -47.922440 11.458986 22.039146
v -49.359093 11.461409 22.040150
v -49.359093 11.457983 22.036724
v -49.359093 11.458986 22.039146
v -49.674183 11.296189 22.152672
v -49.670757 11.296189 22.156097
v -49.672886 11.302382 22.158119
v -49.676971 11.301607 22.153831
v -49.673180 11.296189 22.155094
v -49.673897 11.299237 22.155546
v -49.671822 11.299422 22.156689
v -49.675171 11.301404 22.156315
v -49.674999 11.299195 22.153252
v -49.676971 11.301607 21.398270
v -49.674183 11.296189 21.398270
v -49.674999 11.299195 21.398270
v -49.044621 11.302382 22.158119
v -49.044621 11.296189 22.156097
v -49.044621 11.299422 22.156689
v -49.676971 11.301607 21.724524
v -49.674183 11.296189 21.724524
v -49.674999 11.299195 21.724524
v -49.590378 11.302382 22.158119
v -49.590347 11.296189 22.156097
v -49.590359 11.299422 22.156689
v -47.922440 11.296189 22.156097
v -47.922440 11.302382 22.158119
v -47.922440 11.299422 22.156689
v -49.674183 11.296189 22.003469
v -49.676971 11.301607 22.003372
v -49.674999 11.299195 22.003441
v -49.359093 11.296189 22.156097
v -49.359066 11.302382 22.158119
v -49.359085 11.299422 22.156689
v -49.855766 11.390365 21.398270
v -49.855476 11.387936 21.398270
v -49.856937 11.388992 21.398270
v -49.044613 11.387285 22.249430
v -49.044605 11.390827 22.249779
v -49.044609 11.388938 22.250811
v -49.855476 11.387936 21.724524
v -49.855751 11.390331 21.724537
v -49.856934 11.388983 21.724527
v -49.591740 11.387285 22.249430
v -49.591736 11.391042 22.249952
v -49.591759 11.389001 22.250862
v -47.922440 11.387285 22.249430
v -47.922440 11.390264 22.249434
v -47.922440 11.388773 22.250710
v -49.855728 11.390287 21.997032
v -49.855476 11.387936 21.997026
v -49.856926 11.388970 21.996979
v -49.358002 11.390955 22.249878
v -49.358017 11.387285 22.249430
v -49.357998 11.388975 22.250841
v -49.847996 11.391103 22.250008
v -49.855709 11.390253 22.247143
v -49.855476 11.387936 22.246941
v -49.846054 11.387285 22.249430
v -49.851994 11.391203 22.248795
v -49.853855 11.389010 22.249863
v -49.856922 11.388960 22.247042
v -49.850811 11.387266 22.248266
v -49.847027 11.389018 22.250877
v -49.674183 11.518484 21.398270
v -49.676807 11.512854 21.398270
v -49.674953 11.515416 21.398270
v -49.044621 11.518484 22.156097
v -49.044617 11.512034 22.157709
v -49.044621 11.515176 22.156569
v -49.674183 11.518484 21.724524
v -49.676788 11.512832 21.724535
v -49.674946 11.515409 21.724527
v -49.590347 11.518484 22.156097
v -49.590366 11.512092 22.157812
v -49.590355 11.515193 22.156599
v -47.922440 11.511941 22.157520
v -47.922440 11.518484 22.156097
v -47.922440 11.515149 22.156513
v -49.676762 11.512803 22.003391
v -49.674183 11.518484 22.003469
v -49.674938 11.515401 22.003447
v -49.359066 11.512066 22.157766
v -49.359093 11.518484 22.156097
v -49.359085 11.515185 22.156586
v -49.674183 11.518484 22.152672
v -49.676743 11.512782 22.153767
v -49.672729 11.512113 22.157846
v -49.670757 11.518484 22.156097
v -49.674934 11.515395 22.153219
v -49.673847 11.515370 22.155504
v -49.675053 11.513044 22.156216
v -49.671745 11.515199 22.156610
v -49.673180 11.518484 22.155094
v -49.765217 11.430821 22.207211
v -49.758282 11.436065 22.202990
v -49.763733 11.435496 22.199690
v -49.769386 11.431734 22.202545
v -49.761749 11.433320 22.204945
v -49.764870 11.433529 22.203680
v -49.761318 11.436378 22.201754
v -49.766449 11.433450 22.201117
v -49.767437 11.431806 22.205103
v -49.764370 11.439256 21.398270
v -49.770027 11.435457 21.398270
v -49.767113 11.437230 21.398270
v -49.044468 11.428268 22.202339
v -49.044472 11.423187 22.206690
v -49.044464 11.425529 22.204281
v -49.764179 11.438111 21.724941
v -49.769833 11.434323 21.724939
v -49.766911 11.436080 21.724947
v -49.590858 11.434231 22.202826
v -49.590927 11.428993 22.207106
v -49.590889 11.431468 22.204790
v -47.922440 11.411390 22.205818
v -47.922440 11.416000 22.201313
v -47.922440 11.413360 22.203222
v -49.769573 11.432824 22.000492
v -49.763920 11.436596 22.000696
v -49.766644 11.434557 22.000603
v -49.358341 11.426517 22.206928
v -49.358387 11.431695 22.202620
v -49.358364 11.428939 22.204573
v -49.757450 11.362809 22.202286
v -49.765572 11.367061 22.207396
v -49.769814 11.366410 22.202202
v -49.763702 11.363584 22.199129
v -49.761509 11.365200 22.204620
v -49.764900 11.365104 22.203266
v -49.767738 11.366391 22.204878
v -49.766647 11.365236 22.200666
v -49.760822 11.362606 22.201046
v -49.769814 11.366410 21.398270
v -49.763702 11.363584 21.398270
v -49.766647 11.365236 21.398270
v -49.044617 11.362809 22.202286
v -49.044617 11.367061 22.207396
v -49.044617 11.365200 22.204620
v -49.763702 11.363584 21.724524
v -49.769814 11.366410 21.724524
v -49.766647 11.365236 21.724524
v -49.591114 11.367061 22.207396
v -49.591038 11.362809 22.202286
v -49.591072 11.365200 22.204620
v -47.922440 11.362809 22.202286
v -47.922440 11.367061 22.207396
v -47.922440 11.365200 22.204620
v -49.769814 11.366410 22.000071
v -49.763702 11.363584 22.000288
v -49.766647 11.365236 22.000183
v -49.358501 11.367061 22.207396
v -49.358559 11.362809 22.202286
v -49.358532 11.365200 22.204620
v -49.850300 11.386634 21.398270
v -49.843655 11.384964 21.398270
v -49.846977 11.385799 21.398270
v -49.044613 11.387285 22.249430
v -49.044613 11.384314 22.243256
v -49.044613 11.385799 22.246344
v -49.850300 11.386634 21.724524
v -49.843655 11.384964 21.724524
v -49.846977 11.385799 21.724524
v -49.591648 11.384314 22.243256
v -49.591740 11.387285 22.249430
v -49.591694 11.385799 22.246344
v -47.922440 11.384314 22.243256
v -47.922440 11.387285 22.249430
v -47.922440 11.385799 22.246344
v -49.843655 11.384964 21.997446
v -49.850300 11.386634 21.997210
v -49.846977 11.385799 21.997328
v -49.358089 11.384314 22.243256
v -49.358017 11.387285 22.249430
v -49.358051 11.385799 22.246344
v -49.843655 11.384964 22.240767
v -49.834232 11.384314 22.243256
v -49.846054 11.387285 22.249430
v -49.850300 11.386635 22.244238
v -49.838989 11.384295 22.242090
v -49.844646 11.385716 22.245045
v -49.840145 11.385799 22.246344
v -49.848221 11.386616 22.246914
v -49.846977 11.385799 22.242502
v -46.170696 11.622714 22.152672
v -46.174122 11.626141 22.152672
v -46.174122 11.622714 22.156097
v -46.171700 11.625136 22.152672
v -46.172142 11.624692 22.154650
v -46.174122 11.625136 22.155094
v -46.171700 11.622714 22.155094
v -46.170696 11.622714 21.398270
v -46.174122 11.626141 21.398270
v -46.171700 11.625136 21.398270
v -46.174122 11.234973 21.398270
v -46.170696 11.238400 21.398270
v -46.171700 11.235977 21.398270
v -46.174122 11.234973 22.152672
v -46.170696 11.238400 22.152672
v -46.174122 11.238400 22.156097
v -46.171700 11.235977 22.152672
v -46.172142 11.236422 22.154650
v -46.171700 11.238400 22.155094
v -46.174122 11.235977 22.155094
v -46.800259 11.626141 22.152672
v -46.800259 11.622714 22.156097
v -46.800259 11.625136 22.155094
v -46.800259 11.238400 22.156097
v -46.803684 11.234973 22.152672
v -46.800034 11.231555 22.152489
v -46.796600 11.231552 22.155918
v -46.801971 11.235977 22.155094
v -46.800186 11.234378 22.155043
v -46.801197 11.233972 22.152580
v -46.799023 11.231470 22.154909
v -46.798428 11.234975 22.156044
v -46.174122 11.626141 21.724524
v -46.170696 11.622714 21.724524
v -46.171700 11.625136 21.724524
v -46.170696 11.238400 21.724524
v -46.174122 11.234973 21.724524
v -46.171700 11.235977 21.724524
v -46.800034 11.231555 21.728132
v -46.803684 11.234973 21.721096
v -46.796600 11.231552 21.724701
v -46.801197 11.233972 21.724615
v -46.800152 11.233510 21.724607
v -46.800140 11.233972 21.723572
v -46.799023 11.231470 21.725712
v -46.321411 11.626141 21.398270
v -46.324837 11.622714 21.398270
v -46.323833 11.625136 21.398270
v -46.256607 11.626141 22.152672
v -46.254532 11.622714 22.156097
v -46.255138 11.625136 22.155094
v -46.254532 11.238400 22.156097
v -46.258190 11.231552 22.155918
v -46.254757 11.231555 22.152489
v -46.251106 11.234973 22.152672
v -46.256359 11.234975 22.156044
v -46.254604 11.234378 22.155043
v -46.255768 11.231470 22.154909
v -46.253593 11.233972 22.152580
v -46.252819 11.235977 22.155094
v -46.254757 11.231555 21.728132
v -46.258190 11.231552 21.724701
v -46.251106 11.234973 21.721096
v -46.255768 11.231470 21.725712
v -46.254639 11.233510 21.724607
v -46.254646 11.233972 21.723572
v -46.253593 11.233972 21.724615
v -46.324837 11.622714 21.724524
v -46.321411 11.626141 21.724524
v -46.323833 11.625136 21.724524
v -46.364880 10.716733 22.071693
v -46.365623 10.710004 22.070782
v -46.361877 10.710047 22.067354
v -46.361286 10.716664 22.068134
v -46.365250 10.713394 22.071049
v -46.362972 10.713356 22.070040
v -46.362988 10.710137 22.069773
v -46.361927 10.713387 22.067745
v -46.362469 10.716311 22.070539
v -46.688080 10.710004 22.070782
v -46.689919 10.716733 22.071693
v -46.693508 10.716665 22.068134
v -46.691841 10.710047 22.067354
v -46.688999 10.713394 22.071049
v -46.691479 10.713328 22.070040
v -46.692326 10.716311 22.070539
v -46.692551 10.713387 22.067745
v -46.690723 10.709915 22.069773
v -46.691841 10.710047 21.813265
v -46.693508 10.716665 21.812487
v -46.688660 10.713430 21.809839
v -46.692551 10.713387 21.812876
v -46.691845 10.713287 21.811106
v -46.691727 10.714674 21.810534
v -46.690998 10.711576 21.810846
v -46.361286 10.716664 21.812487
v -46.361877 10.710047 21.813265
v -46.366138 10.713430 21.809839
v -46.361927 10.713387 21.812876
v -46.362720 10.713334 21.811106
v -46.363243 10.711799 21.810846
v -46.363071 10.714674 21.810534
v -46.744671 10.803347 21.765017
v -46.743446 10.797298 21.766703
v -46.746922 10.797318 21.770164
v -46.748779 10.803076 21.769176
v -46.744057 10.800475 21.766407
v -46.746113 10.800394 21.767521
v -46.745865 10.797526 21.767748
v -46.747215 10.800402 21.769670
v -46.747028 10.802624 21.766758
v -46.307873 10.797318 21.770164
v -46.311348 10.797298 21.766703
v -46.310123 10.803347 21.765017
v -46.306015 10.803076 21.769176
v -46.308929 10.797526 21.767748
v -46.308681 10.800394 21.767521
v -46.310734 10.800475 21.766407
v -46.307766 10.802624 21.766758
v -46.307579 10.800402 21.769670
v -46.748779 10.803077 22.111444
v -46.746922 10.797318 22.110456
v -46.743446 10.797298 22.113918
v -46.744671 10.803347 22.115604
v -46.747215 10.800402 22.110950
v -46.746113 10.800394 22.113098
v -46.745865 10.797526 22.112873
v -46.744057 10.800475 22.114214
v -46.747028 10.802624 22.113861
v -46.310123 10.803347 22.115604
v -46.311348 10.797298 22.113918
v -46.307873 10.797318 22.110456
v -46.306015 10.803076 22.111444
v -46.310734 10.800475 22.114214
v -46.308681 10.800394 22.113098
v -46.308929 10.797526 22.112873
v -46.307579 10.800402 22.110950
v -46.307766 10.802624 22.113861
v -46.064053 10.102173 22.070782
v -46.060459 10.098746 22.067354
v -46.059303 10.101314 22.067354
v -46.061787 10.099928 22.069778
v -46.059719 10.100013 22.069334
v -46.058426 10.099320 22.067354
v -46.060966 10.101743 22.069778
v -46.383568 10.098746 22.067354
v -46.386032 10.102173 22.070782
v -46.389263 10.101314 22.067354
v -46.384800 10.099751 22.069778
v -46.386597 10.099921 22.069334
v -46.388077 10.101304 22.069782
v -46.386658 10.099499 22.067354
v -46.389263 10.101314 21.813265
v -46.386047 10.102173 21.809839
v -46.383568 10.098746 21.813265
v -46.388367 10.101743 21.810843
v -46.386551 10.100013 21.811287
v -46.384338 10.099928 21.810843
v -46.386612 10.099320 21.813265
v -46.060459 10.098746 21.813265
v -46.064041 10.102173 21.809839
v -46.059303 10.101314 21.813265
v -46.062248 10.099751 21.810843
v -46.059937 10.100115 21.811287
v -46.061287 10.102234 21.810839
v -46.058701 10.099499 21.813265
v -46.675339 10.606594 22.067354
v -46.671574 10.606594 22.070782
v -46.674236 10.606594 22.069778
v -46.648018 10.500148 22.067354
v -46.644222 10.500148 22.070782
v -46.646904 10.500148 22.069778
v -46.607048 10.395279 22.067354
v -46.603199 10.395279 22.070782
v -46.605919 10.395279 22.069778
v -46.547062 10.293601 22.067354
v -46.543152 10.293601 22.070782
v -46.545918 10.293601 22.069778
v -46.467636 10.194436 22.070782
v -46.471603 10.194436 22.067354
v -46.470440 10.194436 22.069778
v -46.471603 10.194436 21.813265
v -46.467648 10.194436 21.809839
v -46.470444 10.194436 21.810843
v -46.547062 10.293601 21.813265
v -46.543167 10.293601 21.809839
v -46.545921 10.293601 21.810843
v -46.607048 10.395279 21.813265
v -46.603214 10.395279 21.809839
v -46.605927 10.395279 21.810843
v -46.648018 10.500148 21.813265
v -46.644241 10.500148 21.809839
v -46.646912 10.500148 21.810843
v -46.671600 10.606594 21.809839
v -46.675339 10.606594 21.813265
v -46.674244 10.606594 21.810843
v -46.145596 10.194436 21.809839
v -46.141640 10.194436 21.813265
v -46.142799 10.194436 21.810843
v -46.220997 10.293601 21.809839
v -46.217102 10.293601 21.813265
v -46.218243 10.293601 21.810843
v -46.280918 10.395279 21.809839
v -46.277084 10.395279 21.813265
v -46.278206 10.395279 21.810843
v -46.321831 10.500148 21.809839
v -46.318054 10.500148 21.813265
v -46.319160 10.500148 21.810843
v -46.345375 10.606594 21.813265
v -46.349117 10.606594 21.809839
v -46.346474 10.606594 21.810843
v -46.349140 10.606594 22.070782
v -46.345375 10.606594 22.067354
v -46.346478 10.606594 22.069778
v -46.321854 10.500148 22.070782
v -46.318054 10.500148 22.067354
v -46.319168 10.500148 22.069778
v -46.280933 10.395279 22.070782
v -46.277084 10.395279 22.067354
v -46.278214 10.395279 22.069778
v -46.221012 10.293601 22.070782
v -46.217102 10.293601 22.067354
v -46.218246 10.293601 22.069778
v -46.141640 10.194436 22.067354
v -46.145607 10.194436 22.070782
v -46.142803 10.194436 22.069778
v -46.748722 10.767688 21.762529
v -46.744106 10.762482 21.764959
v -46.749733 10.762779 21.768682
v -46.752205 10.767668 21.765985
v -46.746414 10.764758 21.763042
v -46.750179 10.764766 21.764252
v -46.747036 10.762175 21.766682
v -46.751728 10.764839 21.767334
v -46.751144 10.767896 21.763573
v -46.752205 10.767668 22.114634
v -46.749733 10.762779 22.111938
v -46.744106 10.762482 22.115662
v -46.748722 10.767688 22.118090
v -46.751728 10.764839 22.113287
v -46.750179 10.764766 22.116369
v -46.747036 10.762175 22.113939
v -46.746414 10.764758 22.117577
v -46.751144 10.767896 22.117048
v -46.306072 10.767688 22.118090
v -46.310688 10.762482 22.115662
v -46.305061 10.762779 22.111938
v -46.302589 10.767668 22.114634
v -46.308380 10.764758 22.117577
v -46.304615 10.764766 22.116369
v -46.307758 10.762175 22.113939
v -46.303062 10.764839 22.113287
v -46.303650 10.767896 22.117048
v -46.302589 10.767668 21.765985
v -46.305061 10.762779 21.768682
v -46.310688 10.762482 21.764959
v -46.306072 10.767688 21.762529
v -46.303062 10.764839 21.767334
v -46.304615 10.764766 21.764252
v -46.307758 10.762175 21.766682
v -46.308380 10.764758 21.763042
v -46.303650 10.767896 21.763573
v -46.696384 10.735560 21.803728
v -46.700127 10.735628 21.807251
v -46.704327 10.740378 21.804588
v -46.699905 10.740676 21.799910
v -46.698891 10.735203 21.804867
v -46.700565 10.738290 21.803495
v -46.701824 10.738359 21.805920
v -46.702232 10.740071 21.802111
v -46.698147 10.738426 21.802233
v -46.700127 10.735628 22.073370
v -46.696487 10.735560 22.076891
v -46.699905 10.740676 22.080709
v -46.704327 10.740378 22.076033
v -46.698921 10.735207 22.075756
v -46.700581 10.738291 22.077126
v -46.698196 10.738426 22.078388
v -46.702232 10.740071 22.078510
v -46.701824 10.738359 22.074701
v -46.358303 10.735560 22.076891
v -46.354664 10.735628 22.073370
v -46.350464 10.740378 22.076033
v -46.354885 10.740676 22.080709
v -46.355869 10.735207 22.075756
v -46.354210 10.738291 22.077126
v -46.352966 10.738359 22.074701
v -46.352558 10.740071 22.078510
v -46.356594 10.738426 22.078388
v -46.350464 10.740378 21.804588
v -46.354664 10.735628 21.807251
v -46.358406 10.735560 21.803728
v -46.354885 10.740676 21.799910
v -46.352966 10.738359 21.805920
v -46.354225 10.738290 21.803495
v -46.355900 10.735203 21.804867
v -46.356644 10.738426 21.802233
v -46.352558 10.740071 21.802111
v -46.281277 10.830268 21.749104
v -46.283962 10.824465 21.751736
v -46.288628 10.824194 21.748016
v -46.284710 10.830271 21.745674
v -46.282158 10.827152 21.750420
v -46.283474 10.827027 21.747576
v -46.285992 10.823742 21.749540
v -46.286667 10.827074 21.746433
v -46.282288 10.830186 21.746683
v -46.766167 10.824194 21.748016
v -46.770828 10.824465 21.751736
v -46.773514 10.830268 21.749104
v -46.770081 10.830271 21.745674
v -46.768803 10.823742 21.749540
v -46.771320 10.827027 21.747576
v -46.772636 10.827152 21.750420
v -46.772503 10.830186 21.746683
v -46.768124 10.827074 21.746433
v -46.770828 10.824465 22.128883
v -46.766167 10.824194 22.132603
v -46.770081 10.830271 22.134947
v -46.773514 10.830268 22.131516
v -46.768803 10.823742 22.131081
v -46.771320 10.827027 22.133043
v -46.768124 10.827074 22.134186
v -46.772503 10.830186 22.133938
v -46.772636 10.827152 22.130199
v -46.288628 10.824194 22.132603
v -46.283962 10.824465 22.128883
v -46.281277 10.830268 22.131516
v -46.284710 10.830271 22.134947
v -46.285992 10.823742 22.131081
v -46.283470 10.827027 22.133043
v -46.282158 10.827152 22.130199
v -46.282288 10.830186 22.133938
v -46.286667 10.827074 22.134186
v -46.170696 11.622714 22.003469
v -46.174122 11.626141 22.004286
v -46.171700 11.625136 22.003710
v -46.174122 11.234973 22.003469
v -46.170696 11.238400 22.003469
v -46.171700 11.235977 22.003469
v -46.800259 11.626141 22.043575
v -46.800259 11.622714 22.040150
v -46.800259 11.625136 22.041153
v -46.800034 11.231555 22.003469
v -46.803684 11.234973 22.003469
v -46.801197 11.233972 22.003469
v -46.251106 11.234973 22.003469
v -46.254757 11.231555 22.003469
v -46.253593 11.233972 22.003469
v -46.324837 11.622714 22.040150
v -46.321411 11.626141 22.043575
v -46.323833 11.625136 22.041153
v -46.691841 10.710047 22.003469
v -46.693508 10.716665 22.003469
v -46.692551 10.713387 22.003469
v -46.361286 10.716664 22.003469
v -46.361877 10.710047 22.003469
v -46.361927 10.713387 22.003469
v -46.307873 10.797318 22.003469
v -46.306015 10.803076 22.003469
v -46.307579 10.800402 22.003469
v -46.746922 10.797318 22.003469
v -46.748779 10.803076 22.003469
v -46.747215 10.800402 22.003469
v -46.383568 10.098746 22.003469
v -46.389263 10.101314 22.003469
v -46.386658 10.099499 22.003469
v -46.059303 10.101314 22.003469
v -46.060459 10.098746 22.003469
v -46.058701 10.099499 22.003469
v -46.305061 10.762779 22.003469
v -46.302589 10.767668 22.003469
v -46.303062 10.764839 22.003469
v -46.749733 10.762779 22.003469
v -46.752205 10.767668 22.003469
v -46.751728 10.764839 22.003469
v -46.354664 10.735628 22.003469
v -46.350464 10.740378 22.003469
v -46.352966 10.738359 22.003469
v -46.700127 10.735628 22.003469
v -46.704327 10.740378 22.003469
v -46.701824 10.738359 22.003469
v -46.770828 10.824465 22.003469
v -46.773514 10.830268 22.003469
v -46.772636 10.827152 22.003469
v -46.283962 10.824465 22.003469
v -46.281277 10.830268 22.003469
v -46.282158 10.827152 22.003469
v -46.485786 11.622714 22.156097
v -46.485786 11.626141 22.152672
v -46.485786 11.625136 22.155094
v -46.485760 11.231552 22.155918
v -46.485786 11.238400 22.156097
v -46.485775 11.234975 22.156044
v -46.485786 11.234973 21.721096
v -46.485760 11.231552 21.724701
v -46.485779 11.233972 21.723572
v -46.471661 10.710004 22.070782
v -46.472351 10.716733 22.071693
v -46.472088 10.713394 22.071049
v -46.479073 10.797298 22.113918
v -46.479343 10.803347 22.115604
v -46.479122 10.800475 22.114214
v -46.479073 10.797298 21.766703
v -46.479343 10.803347 21.765017
v -46.479122 10.800475 21.766407
v -46.166821 10.098746 22.067354
v -46.169853 10.102173 22.070782
v -46.167709 10.099751 22.069778
v -46.169853 10.102173 21.809839
v -46.166821 10.098746 21.813265
v -46.167709 10.099751 21.810843
v -46.479351 10.762482 22.115662
v -46.479736 10.767688 22.118090
v -46.479656 10.764758 22.117577
v -46.479351 10.762482 21.764959
v -46.479736 10.767688 21.762529
v -46.479656 10.764758 21.763042
v -46.473175 10.735560 22.076891
v -46.473785 10.740676 22.080709
v -46.473415 10.738426 22.078388
v -46.473175 10.735560 21.803728
v -46.473785 10.740676 21.799910
v -46.473415 10.738426 21.802233
v -46.482048 10.824194 21.748016
v -46.482422 10.830271 21.745674
v -46.482300 10.827074 21.746433
v -46.482048 10.824194 22.132603
v -46.482422 10.830271 22.134947
v -46.482300 10.827074 22.134186
v -46.485786 11.622714 22.040150
v -46.485786 11.626141 22.043575
v -46.485786 11.625136 22.041153
v -46.328262 11.457983 21.724524
v -46.324837 11.461409 21.724524
v -46.325840 11.458986 21.724524
v -46.324837 11.461409 21.398270
v -46.328262 11.457983 21.398270
v -46.325840 11.458986 21.398270
v -46.800259 11.461409 22.040150
v -46.800259 11.457983 22.036724
v -46.800259 11.458986 22.039146
v -46.328262 11.457983 22.036724
v -46.324837 11.461409 22.040150
v -46.325840 11.458986 22.039146
v -46.485786 11.457983 22.036724
v -46.485786 11.461409 22.040150
v -46.485786 11.458986 22.039146
v -46.170696 11.296189 22.152672
v -46.167908 11.301607 22.153831
v -46.171993 11.302382 22.158119
v -46.174122 11.296189 22.156097
v -46.169880 11.299195 22.153252
v -46.170982 11.299237 22.155546
v -46.169708 11.301404 22.156315
v -46.173058 11.299422 22.156689
v -46.171700 11.296189 22.155094
v -46.170696 11.296189 21.398270
v -46.167908 11.301607 21.398270
v -46.169880 11.299195 21.398270
v -46.800259 11.296189 22.156097
v -46.800259 11.302382 22.158119
v -46.800259 11.299422 22.156689
v -46.170696 11.296189 21.724524
v -46.167908 11.301607 21.724524
v -46.169880 11.299195 21.724524
v -46.254532 11.296189 22.156097
v -46.254501 11.302382 22.158119
v -46.254520 11.299422 22.156689
v -46.167908 11.301607 22.003372
v -46.170696 11.296189 22.003469
v -46.169880 11.299195 22.003441
v -46.485813 11.302382 22.158119
v -46.485786 11.296189 22.156097
v -46.485794 11.299422 22.156689
v -45.989403 11.387936 21.398270
v -45.989113 11.390365 21.398270
v -45.987942 11.388992 21.398270
v -46.800274 11.390827 22.249779
v -46.800266 11.387285 22.249430
v -46.800270 11.388938 22.250811
v -45.989128 11.390331 21.724537
v -45.989403 11.387936 21.724524
v -45.987946 11.388983 21.724527
v -46.253143 11.391042 22.249952
v -46.253139 11.387285 22.249430
v -46.253120 11.389001 22.250862
v -45.989403 11.387936 21.997026
v -45.989151 11.390287 21.997032
v -45.987953 11.388970 21.996979
v -46.486862 11.387285 22.249430
v -46.486877 11.390955 22.249878
v -46.486881 11.388975 22.250841
v -45.996883 11.391103 22.250008
v -45.998825 11.387285 22.249430
v -45.989403 11.387936 22.246941
v -45.989170 11.390253 22.247143
v -45.997852 11.389018 22.250877
v -45.991024 11.389010 22.249863
v -45.994068 11.387266 22.248266
v -45.987957 11.388960 22.247042
v -45.992886 11.391203 22.248795
v -46.168072 11.512854 21.398270
v -46.170696 11.518484 21.398270
v -46.169926 11.515416 21.398270
v -46.800262 11.512034 22.157709
v -46.800259 11.518484 22.156097
v -46.800259 11.515176 22.156569
v -46.168091 11.512832 21.724535
v -46.170696 11.518484 21.724524
v -46.169933 11.515409 21.724527
v -46.254513 11.512092 22.157812
v -46.254532 11.518484 22.156097
v -46.254524 11.515193 22.156599
v -46.170696 11.518484 22.003469
v -46.168118 11.512803 22.003391
v -46.169941 11.515401 22.003447
v -46.485786 11.518484 22.156097
v -46.485813 11.512066 22.157766
v -46.485794 11.515185 22.156586
v -46.170696 11.518484 22.152672
v -46.174122 11.518484 22.156097
v -46.172150 11.512113 22.157846
v -46.168137 11.512782 22.153767
v -46.171700 11.518484 22.155094
v -46.171032 11.515370 22.155504
v -46.173134 11.515199 22.156610
v -46.169827 11.513044 22.156216
v -46.169945 11.515395 22.153219
v -46.079662 11.430821 22.207211
v -46.075493 11.431734 22.202545
v -46.081146 11.435496 22.199690
v -46.086597 11.436065 22.202990
v -46.077442 11.431806 22.205103
v -46.080009 11.433529 22.203680
v -46.078430 11.433450 22.201117
v -46.083561 11.436378 22.201754
v -46.083130 11.433320 22.204945
v -46.074852 11.435457 21.398270
v -46.080509 11.439256 21.398270
v -46.077766 11.437230 21.398270
v -46.800407 11.423187 22.206690
v -46.800411 11.428268 22.202339
v -46.800415 11.425529 22.204281
v -46.075047 11.434323 21.724939
v -46.080700 11.438111 21.724941
v -46.077969 11.436080 21.724947
v -46.253952 11.428993 22.207106
v -46.254021 11.434231 22.202826
v -46.253990 11.431468 22.204790
v -46.080959 11.436596 22.000696
v -46.075306 11.432824 22.000492
v -46.078236 11.434557 22.000603
v -46.486492 11.431695 22.202620
v -46.486538 11.426517 22.206928
v -46.486515 11.428939 22.204573
v -46.087429 11.362809 22.202286
v -46.081177 11.363584 22.199129
v -46.075066 11.366410 22.202202
v -46.079308 11.367061 22.207396
v -46.084057 11.362606 22.201046
v -46.079979 11.365104 22.203266
v -46.078232 11.365236 22.200666
v -46.077141 11.366391 22.204878
v -46.083370 11.365200 22.204620
v -46.081177 11.363584 21.398270
v -46.075066 11.366410 21.398270
v -46.078232 11.365236 21.398270
v -46.800262 11.367061 22.207396
v -46.800262 11.362809 22.202286
v -46.800262 11.365200 22.204620
v -46.075066 11.366410 21.724524
v -46.081177 11.363584 21.724524
v -46.078232 11.365236 21.724524
v -46.253841 11.362809 22.202286
v -46.253765 11.367061 22.207396
v -46.253807 11.365200 22.204620
v -46.081177 11.363584 22.000288
v -46.075066 11.366410 22.000071
v -46.078232 11.365236 22.000183
v -46.486320 11.362809 22.202286
v -46.486378 11.367061 22.207396
v -46.486347 11.365200 22.204620
v -46.001225 11.384964 21.398270
v -45.994579 11.386634 21.398270
v -45.997902 11.385799 21.398270
v -46.800266 11.384314 22.243256
v -46.800266 11.387285 22.249430
v -46.800266 11.385799 22.246344
v -46.001225 11.384964 21.724524
v -45.994579 11.386634 21.724524
v -45.997902 11.385799 21.724524
v -46.253139 11.387285 22.249430
v -46.253231 11.384314 22.243256
v -46.253185 11.385799 22.246344
v -45.994579 11.386634 21.997210
v -46.001225 11.384964 21.997446
v -45.997902 11.385799 21.997328
v -46.486862 11.387285 22.249430
v -46.486790 11.384314 22.243256
v -46.486828 11.385799 22.246344
v -46.001225 11.384964 22.240767
v -45.994579 11.386634 22.244238
v -45.998825 11.387285 22.249430
v -46.010647 11.384314 22.243256
v -45.997902 11.385799 22.242502
v -46.000233 11.385716 22.245045
v -45.996658 11.386616 22.246914
v -46.004734 11.385799 22.246344
v -46.005890 11.384295 22.242090
v -49.674183 11.622714 20.643867
v -49.670757 11.626141 20.643867
v -49.670757 11.622714 20.640442
v -49.673180 11.625136 20.643867
v -49.672737 11.624692 20.641890
v -49.670757 11.625136 20.641445
v -49.673180 11.622714 20.641445
v -49.670757 11.234973 20.643867
v -49.674183 11.238400 20.643867
v -49.670757 11.238400 20.640442
v -49.673180 11.235977 20.643867
v -49.672737 11.236422 20.641890
v -49.673180 11.238400 20.641445
v -49.670757 11.235977 20.641445
v -49.044621 11.626141 20.643867
v -49.044621 11.622714 20.640442
v -49.044621 11.625136 20.641445
v -49.044621 11.238400 20.640442
v -49.041195 11.234973 20.643867
v -49.044846 11.231555 20.644051
v -49.048279 11.231552 20.640621
v -49.042908 11.235977 20.641445
v -49.044693 11.234378 20.641497
v -49.043682 11.233972 20.643959
v -49.045856 11.231470 20.641630
v -49.046452 11.234975 20.640495
v -49.670757 11.626141 21.072016
v -49.674183 11.622714 21.072016
v -49.673180 11.625136 21.072016
v -49.674183 11.238400 21.072016
v -49.670757 11.234973 21.072016
v -49.673180 11.235977 21.072016
v -49.044846 11.231555 21.068407
v -49.041195 11.234973 21.075443
v -49.048279 11.231552 21.071838
v -49.043682 11.233972 21.071924
v -49.044727 11.233510 21.071932
v -49.044739 11.233972 21.072968
v -49.045856 11.231470 21.070827
v -49.588272 11.626141 20.643867
v -49.590347 11.622714 20.640442
v -49.589741 11.625136 20.641445
v -49.590347 11.238400 20.640442
v -49.586689 11.231552 20.640621
v -49.590122 11.231555 20.644051
v -49.593773 11.234973 20.643867
v -49.588520 11.234975 20.640495
v -49.590275 11.234378 20.641497
v -49.589111 11.231470 20.641630
v -49.591286 11.233972 20.643959
v -49.592060 11.235977 20.641445
v -49.590122 11.231555 21.068407
v -49.586689 11.231552 21.071838
v -49.593773 11.234973 21.075443
v -49.589111 11.231470 21.070827
v -49.590240 11.233510 21.071932
v -49.590233 11.233972 21.072968
v -49.591286 11.233972 21.071924
v -49.520042 11.622714 21.072016
v -49.523468 11.626141 21.072016
v -49.521046 11.625136 21.072016
v -47.922440 11.626141 20.643867
v -47.922440 11.622714 20.640442
v -47.922440 11.625136 20.641445
v -47.922440 11.238400 20.640442
v -47.922440 11.234973 20.643867
v -47.922440 11.235977 20.641445
v -49.480000 10.716733 20.724846
v -49.479256 10.710004 20.725758
v -49.483002 10.710047 20.729185
v -49.483593 10.716664 20.728405
v -49.479630 10.713394 20.725491
v -49.481907 10.713356 20.726500
v -49.481892 10.710137 20.726767
v -49.482952 10.713387 20.728794
v -49.482410 10.716311 20.726000
v -49.156799 10.710004 20.725758
v -49.154961 10.716733 20.724846
v -49.151371 10.716665 20.728405
v -49.153038 10.710047 20.729185
v -49.155880 10.713394 20.725491
v -49.153400 10.713328 20.726500
v -49.152554 10.716311 20.726000
v -49.152328 10.713387 20.728794
v -49.154156 10.709915 20.726767
v -49.153038 10.710047 20.983274
v -49.151371 10.716665 20.984053
v -49.156219 10.713430 20.986700
v -49.152328 10.713387 20.983664
v -49.153034 10.713287 20.985434
v -49.153152 10.714674 20.986006
v -49.153881 10.711576 20.985693
v -49.483593 10.716664 20.984053
v -49.483002 10.710047 20.983274
v -49.478741 10.713430 20.986700
v -49.482952 10.713387 20.983664
v -49.482159 10.713334 20.985434
v -49.481636 10.711799 20.985693
v -49.481808 10.714674 20.986006
v -49.100208 10.803347 21.031523
v -49.101433 10.797298 21.029837
v -49.097958 10.797318 21.026375
v -49.096100 10.803076 21.027363
v -49.100822 10.800475 21.030132
v -49.098766 10.800394 21.029018
v -49.099014 10.797526 21.028791
v -49.097664 10.800402 21.026869
v -49.097851 10.802624 21.029781
v -49.537006 10.797318 21.026375
v -49.533531 10.797298 21.029837
v -49.534756 10.803347 21.031523
v -49.538864 10.803076 21.027363
v -49.535950 10.797526 21.028791
v -49.536198 10.800394 21.029018
v -49.534145 10.800475 21.030132
v -49.537113 10.802624 21.029781
v -49.537300 10.800402 21.026869
v -49.096100 10.803077 20.685095
v -49.097958 10.797318 20.686083
v -49.101433 10.797298 20.682621
v -49.100208 10.803347 20.680935
v -49.097664 10.800402 20.685589
v -49.098766 10.800394 20.683441
v -49.099014 10.797526 20.683666
v -49.100822 10.800475 20.682325
v -49.097851 10.802624 20.682678
v -49.534756 10.803347 20.680935
v -49.533531 10.797298 20.682621
v -49.537006 10.797318 20.686083
v -49.538864 10.803076 20.685095
v -49.534145 10.800475 20.682325
v -49.536198 10.800394 20.683441
v -49.535950 10.797526 20.683666
v -49.537300 10.800402 20.685589
v -49.537113 10.802624 20.682678
v -49.780827 10.102173 20.725758
v -49.784420 10.098746 20.729185
v -49.785576 10.101314 20.729185
v -49.783092 10.099928 20.726761
v -49.785160 10.100013 20.727205
v -49.786453 10.099320 20.729185
v -49.783913 10.101743 20.726761
v -49.461311 10.098746 20.729185
v -49.458847 10.102173 20.725758
v -49.455616 10.101314 20.729185
v -49.460079 10.099751 20.726761
v -49.458282 10.099921 20.727205
v -49.456802 10.101304 20.726757
v -49.458221 10.099499 20.729185
v -49.455616 10.101314 20.983274
v -49.458832 10.102173 20.986700
v -49.461311 10.098746 20.983274
v -49.456512 10.101743 20.985697
v -49.458328 10.100013 20.985252
v -49.460541 10.099928 20.985697
v -49.458267 10.099320 20.983274
v -49.784420 10.098746 20.983274
v -49.780838 10.102173 20.986700
v -49.785576 10.101314 20.983274
v -49.782631 10.099751 20.985697
v -49.784943 10.100115 20.985252
v -49.783592 10.102234 20.985701
v -49.786179 10.099499 20.983274
v -49.169540 10.606594 20.729185
v -49.173306 10.606594 20.725758
v -49.170643 10.606594 20.726761
v -49.196861 10.500148 20.729185
v -49.200657 10.500148 20.725758
v -49.197975 10.500148 20.726761
v -49.237831 10.395279 20.729185
v -49.241680 10.395279 20.725758
v -49.238960 10.395279 20.726761
v -49.297817 10.293601 20.729185
v -49.301727 10.293601 20.725758
v -49.298962 10.293601 20.726761
v -49.377243 10.194436 20.725758
v -49.373276 10.194436 20.729185
v -49.374439 10.194436 20.726761
v -49.373276 10.194436 20.983274
v -49.377232 10.194436 20.986700
v -49.374435 10.194436 20.985697
v -49.297817 10.293601 20.983274
v -49.301712 10.293601 20.986700
v -49.298958 10.293601 20.985697
v -49.237831 10.395279 20.983274
v -49.241665 10.395279 20.986700
v -49.238953 10.395279 20.985697
v -49.196861 10.500148 20.983274
v -49.200638 10.500148 20.986700
v -49.197968 10.500148 20.985697
v -49.173279 10.606594 20.986700
v -49.169540 10.606594 20.983274
v -49.170635 10.606594 20.985697
v -49.699284 10.194436 20.986700
v -49.703239 10.194436 20.983274
v -49.702080 10.194436 20.985697
v -49.623882 10.293601 20.986700
v -49.627777 10.293601 20.983274
v -49.626637 10.293601 20.985697
v -49.563961 10.395279 20.986700
v -49.567795 10.395279 20.983274
v -49.566673 10.395279 20.985697
v -49.523048 10.500148 20.986700
v -49.526825 10.500148 20.983274
v -49.525719 10.500148 20.985697
v -49.499504 10.606594 20.983274
v -49.495762 10.606594 20.986700
v -49.498405 10.606594 20.985697
v -49.495739 10.606594 20.725758
v -49.499504 10.606594 20.729185
v -49.498402 10.606594 20.726761
v -49.523026 10.500148 20.725758
v -49.526825 10.500148 20.729185
v -49.525711 10.500148 20.726761
v -49.563946 10.395279 20.725758
v -49.567795 10.395279 20.729185
v -49.566666 10.395279 20.726761
v -49.623867 10.293601 20.725758
v -49.627777 10.293601 20.729185
v -49.626633 10.293601 20.726761
v -49.703239 10.194436 20.729185
v -49.699272 10.194436 20.725758
v -49.702076 10.194436 20.726761
v -49.096157 10.767688 21.034010
v -49.100773 10.762482 21.031580
v -49.095146 10.762779 21.027857
v -49.092674 10.767668 21.030554
v -49.098465 10.764758 21.033497
v -49.094700 10.764766 21.032288
v -49.097843 10.762175 21.029858
v -49.093151 10.764839 21.029205
v -49.093735 10.767896 21.032967
v -49.092674 10.767668 20.681906
v -49.095146 10.762779 20.684601
v -49.100773 10.762482 20.680878
v -49.096157 10.767688 20.678450
v -49.093151 10.764839 20.683252
v -49.094700 10.764766 20.680170
v -49.097843 10.762175 20.682600
v -49.098465 10.764758 20.678963
v -49.093735 10.767896 20.679491
v -49.538807 10.767688 20.678450
v -49.534191 10.762482 20.680878
v -49.539818 10.762779 20.684601
v -49.542290 10.767668 20.681906
v -49.536499 10.764758 20.678963
v -49.540264 10.764766 20.680170
v -49.537121 10.762175 20.682600
v -49.541817 10.764839 20.683252
v -49.541229 10.767896 20.679491
v -49.542290 10.767668 21.030554
v -49.539818 10.762779 21.027857
v -49.534191 10.762482 21.031580
v -49.538807 10.767688 21.034010
v -49.541817 10.764839 21.029205
v -49.540264 10.764766 21.032288
v -49.537121 10.762175 21.029858
v -49.536499 10.764758 21.033497
v -49.541229 10.767896 21.032967
v -49.148495 10.735560 20.992811
v -49.144753 10.735628 20.989288
v -49.140553 10.740378 20.991951
v -49.144974 10.740676 20.996630
v -49.145988 10.735203 20.991673
v -49.144314 10.738290 20.993044
v -49.143055 10.738359 20.990620
v -49.142647 10.740071 20.994429
v -49.146732 10.738426 20.994307
v -49.144753 10.735628 20.723169
v -49.148392 10.735560 20.719648
v -49.144974 10.740676 20.715830
v -49.140553 10.740378 20.720507
v -49.145958 10.735207 20.720783
v -49.144299 10.738291 20.719414
v -49.146683 10.738426 20.718151
v -49.142647 10.740071 20.718029
v -49.143055 10.738359 20.721838
v -49.486576 10.735560 20.719648
v -49.490215 10.735628 20.723169
v -49.494415 10.740378 20.720507
v -49.489994 10.740676 20.715830
v -49.489010 10.735207 20.720783
v -49.490669 10.738291 20.719414
v -49.491913 10.738359 20.721838
v -49.492321 10.740071 20.718029
v -49.488285 10.738426 20.718151
v -49.494415 10.740378 20.991951
v -49.490215 10.735628 20.989288
v -49.486473 10.735560 20.992811
v -49.489994 10.740676 20.996630
v -49.491913 10.738359 20.990620
v -49.490654 10.738290 20.993044
v -49.488979 10.735203 20.991673
v -49.488235 10.738426 20.994307
v -49.492321 10.740071 20.994429
v -49.563602 10.830268 21.047436
v -49.560917 10.824465 21.044804
v -49.556252 10.824194 21.048523
v -49.560169 10.830271 21.050865
v -49.562721 10.827152 21.046120
v -49.561405 10.827027 21.048964
v -49.558887 10.823742 21.046999
v -49.558212 10.827074 21.050106
v -49.562592 10.830186 21.049856
v -49.078712 10.824194 21.048523
v -49.074051 10.824465 21.044804
v -49.071365 10.830268 21.047436
v -49.074799 10.830271 21.050865
v -49.076077 10.823742 21.046999
v -49.073559 10.827027 21.048964
v -49.072243 10.827152 21.046120
v -49.072376 10.830186 21.049856
v -49.076756 10.827074 21.050106
v -49.074051 10.824465 20.667656
v -49.078712 10.824194 20.663937
v -49.074799 10.830271 20.661592
v -49.071365 10.830268 20.665024
v -49.076077 10.823742 20.665459
v -49.073559 10.827027 20.663496
v -49.076756 10.827074 20.662354
v -49.072376 10.830186 20.662601
v -49.072243 10.827152 20.666340
v -49.556252 10.824194 20.663937
v -49.560917 10.824465 20.667656
v -49.563602 10.830268 20.665024
v -49.560169 10.830271 20.661592
v -49.558887 10.823742 20.665459
v -49.561409 10.827027 20.663496
v -49.562721 10.827152 20.666340
v -49.562592 10.830186 20.662601
v -49.558212 10.827074 20.662354
v -49.674183 11.622714 20.793070
v -49.670757 11.626141 20.792253
v -49.673180 11.625136 20.792830
v -49.670757 11.234973 20.793070
v -49.674183 11.238400 20.793070
v -49.673180 11.235977 20.793070
v -49.044621 11.626141 20.752964
v -49.044621 11.622714 20.756390
v -49.044621 11.625136 20.755386
v -49.044846 11.231555 20.793070
v -49.041195 11.234973 20.793070
v -49.043682 11.233972 20.793070
v -49.593773 11.234973 20.793070
v -49.590122 11.231555 20.793070
v -49.591286 11.233972 20.793070
v -49.520042 11.622714 20.756390
v -49.523468 11.626141 20.752964
v -49.521046 11.625136 20.755386
v -47.922440 11.622714 20.756390
v -47.922440 11.626141 20.752964
v -47.922440 11.625136 20.755386
v -49.153038 10.710047 20.793070
v -49.151371 10.716665 20.793070
v -49.152328 10.713387 20.793070
v -49.483593 10.716664 20.793070
v -49.483002 10.710047 20.793070
v -49.482952 10.713387 20.793070
v -49.537006 10.797318 20.793070
v -49.538864 10.803076 20.793070
v -49.537300 10.800402 20.793070
v -49.097958 10.797318 20.793070
v -49.096100 10.803076 20.793070
v -49.097664 10.800402 20.793070
v -49.461311 10.098746 20.793070
v -49.455616 10.101314 20.793070
v -49.458221 10.099499 20.793070
v -49.785576 10.101314 20.793070
v -49.784420 10.098746 20.793070
v -49.786179 10.099499 20.793070
v -49.539818 10.762779 20.793070
v -49.542290 10.767668 20.793070
v -49.541817 10.764839 20.793070
v -49.095146 10.762779 20.793070
v -49.092674 10.767668 20.793070
v -49.093151 10.764839 20.793070
v -49.490215 10.735628 20.793070
v -49.494415 10.740378 20.793070
v -49.491913 10.738359 20.793070
v -49.144753 10.735628 20.793070
v -49.140553 10.740378 20.793070
v -49.143055 10.738359 20.793070
v -49.074051 10.824465 20.793070
v -49.071365 10.830268 20.793070
v -49.072243 10.827152 20.793070
v -49.560917 10.824465 20.793070
v -49.563602 10.830268 20.793070
v -49.562721 10.827152 20.793070
v -49.359093 11.622714 20.640442
v -49.359093 11.626141 20.643867
v -49.359093 11.625136 20.641445
v -49.359119 11.231552 20.640621
v -49.359093 11.238400 20.640442
v -49.359104 11.234975 20.640495
v -49.359093 11.234973 21.075443
v -49.359119 11.231552 21.071838
v -49.359100 11.233972 21.072968
v -49.373219 10.710004 20.725758
v -49.372528 10.716733 20.724846
v -49.372791 10.713394 20.725491
v -49.365807 10.797298 20.682621
v -49.365536 10.803347 20.680935
v -49.365757 10.800475 20.682325
v -49.365807 10.797298 21.029837
v -49.365536 10.803347 21.031523
v -49.365757 10.800475 21.030132
v -49.678059 10.098746 20.729185
v -49.675026 10.102173 20.725758
v -49.677170 10.099751 20.726761
v -49.675026 10.102173 20.986700
v -49.678059 10.098746 20.983274
v -49.677170 10.099751 20.985697
v -49.365528 10.762482 20.680878
v -49.365143 10.767688 20.678450
v -49.365223 10.764758 20.678963
v -49.365528 10.762482 21.031580
v -49.365143 10.767688 21.034010
v -49.365223 10.764758 21.033497
v -49.371704 10.735560 20.719648
v -49.371094 10.740676 20.715830
v -49.371464 10.738426 20.718151
v -49.371704 10.735560 20.992811
v -49.371094 10.740676 20.996630
v -49.371464 10.738426 20.994307
v -49.362831 10.824194 21.048523
v -49.362457 10.830271 21.050865
v -49.362579 10.827074 21.050106
v -49.362831 10.824194 20.663937
v -49.362457 10.830271 20.661592
v -49.362579 10.827074 20.662354
v -49.359093 11.622714 20.756390
v -49.359093 11.626141 20.752964
v -49.359093 11.625136 20.755386
v -49.516617 11.457983 21.072016
v -49.520042 11.461409 21.072016
v -49.519039 11.458986 21.072016
v -49.044621 11.461409 20.756390
v -49.044621 11.457983 20.759815
v -49.044621 11.458986 20.757393
v -49.516617 11.457983 20.759815
v -49.520042 11.461409 20.756390
v -49.519039 11.458986 20.757393
v -47.922440 11.457983 20.759815
v -47.922440 11.461409 20.756390
v -47.922440 11.458986 20.757393
v -49.359093 11.457983 20.759815
v -49.359093 11.461409 20.756390
v -49.359093 11.458986 20.757393
v -49.674183 11.296189 20.643867
v -49.676971 11.301607 20.642708
v -49.672886 11.302382 20.638420
v -49.670757 11.296189 20.640442
v -49.674999 11.299195 20.643288
v -49.673897 11.299237 20.640993
v -49.675171 11.301404 20.640224
v -49.671822 11.299422 20.639851
v -49.673180 11.296189 20.641445
v -49.044621 11.296189 20.640442
v -49.044621 11.302382 20.638420
v -49.044621 11.299422 20.639851
v -49.674183 11.296189 21.072016
v -49.676971 11.301607 21.072016
v -49.674999 11.299195 21.072016
v -49.590347 11.296189 20.640442
v -49.590378 11.302382 20.638420
v -49.590359 11.299422 20.639851
v -47.922440 11.302382 20.638420
v -47.922440 11.296189 20.640442
v -47.922440 11.299422 20.639851
v -49.676971 11.301607 20.793167
v -49.674183 11.296189 20.793070
v -49.674999 11.299195 20.793098
v -49.359066 11.302382 20.638420
v -49.359093 11.296189 20.640442
v -49.359085 11.299422 20.639851
v -49.044605 11.390827 20.546761
v -49.044613 11.387285 20.547110
v -49.044609 11.388938 20.545729
v -49.855751 11.390331 21.072002
v -49.855476 11.387936 21.072016
v -49.856934 11.388983 21.072012
v -49.591736 11.391042 20.546587
v -49.591740 11.387285 20.547110
v -49.591759 11.389001 20.545677
v -47.922440 11.390264 20.547106
v -47.922440 11.387285 20.547110
v -47.922440 11.388773 20.545830
v -49.855476 11.387936 20.799513
v -49.855728 11.390287 20.799507
v -49.856926 11.388970 20.799561
v -49.358017 11.387285 20.547110
v -49.358002 11.390955 20.546661
v -49.357998 11.388975 20.545698
v -49.847996 11.391103 20.546532
v -49.846054 11.387285 20.547110
v -49.855476 11.387936 20.549599
v -49.855709 11.390253 20.549397
v -49.847027 11.389018 20.545662
v -49.853855 11.389010 20.546677
v -49.850811 11.387266 20.548273
v -49.856922 11.388960 20.549498
v -49.851994 11.391203 20.547745
v -49.044617 11.512034 20.638830
v -49.044621 11.518484 20.640442
v -49.044621 11.515176 20.639971
v -49.676788 11.512832 21.072004
v -49.674183 11.518484 21.072016
v -49.674946 11.515409 21.072012
v -49.590366 11.512092 20.638727
v -49.590347 11.518484 20.640442
v -49.590355 11.515193 20.639940
v -47.922440 11.518484 20.640442
v -47.922440 11.511941 20.639019
v -47.922440 11.515149 20.640026
v -49.674183 11.518484 20.793070
v -49.676762 11.512803 20.793148
v -49.674938 11.515401 20.793093
v -49.359093 11.518484 20.640442
v -49.359066 11.512066 20.638773
v -49.359085 11.515185 20.639954
v -49.674183 11.518484 20.643867
v -49.670757 11.518484 20.640442
v -49.672729 11.512113 20.638693
v -49.676743 11.512782 20.642773
v -49.673180 11.518484 20.641445
v -49.673847 11.515370 20.641035
v -49.671745 11.515199 20.639929
v -49.675053 11.513044 20.640324
v -49.674934 11.515395 20.643320
v -49.765217 11.430821 20.589329
v -49.769386 11.431734 20.593994
v -49.763733 11.435496 20.596849
v -49.758282 11.436065 20.593550
v -49.767437 11.431806 20.591436
v -49.764870 11.433529 20.592859
v -49.766449 11.433450 20.595423
v -49.761318 11.436378 20.594786
v -49.761749 11.433320 20.591595
v -49.044472 11.423187 20.589849
v -49.044468 11.428268 20.594200
v -49.044464 11.425529 20.592258
v -49.769833 11.434323 21.071600
v -49.764179 11.438111 21.071598
v -49.766911 11.436080 21.071592
v -49.590927 11.428993 20.589434
v -49.590858 11.434231 20.593714
v -49.590889 11.431468 20.591749
v -47.922440 11.416000 20.595226
v -47.922440 11.411390 20.590721
v -47.922440 11.413360 20.593317
v -49.763920 11.436596 20.795843
v -49.769573 11.432824 20.796047
v -49.766644 11.434557 20.795937
v -49.358387 11.431695 20.593920
v -49.358341 11.426517 20.589611
v -49.358364 11.428939 20.591967
v -49.757450 11.362809 20.594254
v -49.763702 11.363584 20.597410
v -49.769814 11.366410 20.594337
v -49.765572 11.367061 20.589144
v -49.760822 11.362606 20.595493
v -49.764900 11.365104 20.593273
v -49.766647 11.365236 20.595873
v -49.767738 11.366391 20.591661
v -49.761509 11.365200 20.591919
v -49.044617 11.367061 20.589144
v -49.044617 11.362809 20.594254
v -49.044617 11.365200 20.591919
v -49.769814 11.366410 21.072016
v -49.763702 11.363584 21.072016
v -49.766647 11.365236 21.072016
v -49.591038 11.362809 20.594254
v -49.591114 11.367061 20.589144
v -49.591072 11.365200 20.591919
v -47.922440 11.367061 20.589144
v -47.922440 11.362809 20.594254
v -47.922440 11.365200 20.591919
v -49.763702 11.363584 20.796251
v -49.769814 11.366410 20.796469
v -49.766647 11.365236 20.796356
v -49.358559 11.362809 20.594254
v -49.358501 11.367061 20.589144
v -49.358532 11.365200 20.591919
v -49.044613 11.384314 20.553284
v -49.044613 11.387285 20.547110
v -49.044613 11.385799 20.550196
v -49.843655 11.384964 21.072016
v -49.850300 11.386634 21.072016
v -49.846977 11.385799 21.072016
v -49.591740 11.387285 20.547110
v -49.591648 11.384314 20.553284
v -49.591694 11.385799 20.550196
v -47.922440 11.387285 20.547110
v -47.922440 11.384314 20.553284
v -47.922440 11.385799 20.550196
v -49.850300 11.386634 20.799330
v -49.843655 11.384964 20.799093
v -49.846977 11.385799 20.799212
v -49.358017 11.387285 20.547110
v -49.358089 11.384314 20.553284
v -49.358051 11.385799 20.550196
v -49.843655 11.384964 20.555773
v -49.850300 11.386634 20.552301
v -49.846054 11.387285 20.547110
v -49.834232 11.384314 20.553284
v -49.846977 11.385799 20.554037
v -49.844646 11.385716 20.551495
v -49.848221 11.386616 20.549625
v -49.840145 11.385799 20.550196
v -49.838989 11.384295 20.554449
v -46.170696 11.622714 20.643867
v -46.174122 11.622714 20.640442
v -46.174122 11.626141 20.643867
v -46.171700 11.622714 20.641445
v -46.172142 11.624692 20.641890
v -46.174122 11.625136 20.641445
v -46.171700 11.625136 20.643867
v -46.174122 11.234973 20.643867
v -46.174122 11.238400 20.640442
v -46.170696 11.238400 20.643867
v -46.174122 11.235977 20.641445
v -46.172142 11.236422 20.641890
v -46.171700 11.238400 20.641445
v -46.171700 11.235977 20.643867
v -46.800259 11.622714 20.640442
v -46.800259 11.626141 20.643867
v -46.800259 11.625136 20.641445
v -46.796600 11.231552 20.640621
v -46.800034 11.231555 20.644051
v -46.803684 11.234973 20.643867
v -46.800259 11.238400 20.640442
v -46.799023 11.231470 20.641630
v -46.800186 11.234378 20.641497
v -46.801197 11.233972 20.643959
v -46.801971 11.235977 20.641445
v -46.798428 11.234975 20.640495
v -46.170696 11.622714 21.072016
v -46.174122 11.626141 21.072016
v -46.171700 11.625136 21.072016
v -46.174122 11.234973 21.072016
v -46.170696 11.238400 21.072016
v -46.171700 11.235977 21.072016
v -46.800034 11.231555 21.068407
v -46.796600 11.231552 21.071838
v -46.803684 11.234973 21.075443
v -46.799023 11.231470 21.070827
v -46.800152 11.233510 21.071932
v -46.800140 11.233972 21.072968
v -46.801197 11.233972 21.071924
v -46.254532 11.622714 20.640442
v -46.256607 11.626141 20.643867
v -46.255138 11.625136 20.641445
v -46.251106 11.234973 20.643867
v -46.254757 11.231555 20.644051
v -46.258190 11.231552 20.640621
v -46.254532 11.238400 20.640442
v -46.253593 11.233972 20.643959
v -46.254604 11.234378 20.641497
v -46.255768 11.231470 20.641630
v -46.256359 11.234975 20.640495
v -46.252819 11.235977 20.641445
v -46.254757 11.231555 21.068407
v -46.251106 11.234973 21.075443
v -46.258190 11.231552 21.071838
v -46.253593 11.233972 21.071924
v -46.254639 11.233510 21.071932
v -46.254646 11.233972 21.072968
v -46.255768 11.231470 21.070827
v -46.321411 11.626141 21.072016
v -46.324837 11.622714 21.072016
v -46.323833 11.625136 21.072016
v -46.364880 10.716733 20.724846
v -46.361286 10.716664 20.728405
v -46.361877 10.710047 20.729185
v -46.365623 10.710004 20.725758
v -46.362469 10.716311 20.726000
v -46.362972 10.713356 20.726500
v -46.361927 10.713387 20.728794
v -46.362988 10.710137 20.726767
v -46.365250 10.713394 20.725491
v -46.688080 10.710004 20.725758
v -46.691841 10.710047 20.729185
v -46.693508 10.716665 20.728405
v -46.689919 10.716733 20.724846
v -46.690723 10.709915 20.726767
v -46.691479 10.713328 20.726500
v -46.692551 10.713387 20.728794
v -46.692326 10.716311 20.726000
v -46.688999 10.713394 20.725491
v -46.691841 10.710047 20.983274
v -46.688660 10.713430 20.986700
v -46.693508 10.716665 20.984053
v -46.690998 10.711576 20.985693
v -46.691845 10.713287 20.985434
v -46.691727 10.714674 20.986006
v -46.692551 10.713387 20.983664
v -46.361286 10.716664 20.984053
v -46.366138 10.713430 20.986700
v -46.361877 10.710047 20.983274
v -46.363071 10.714674 20.986006
v -46.362720 10.713334 20.985434
v -46.363243 10.711799 20.985693
v -46.361927 10.713387 20.983664
v -46.744671 10.803347 21.031523
v -46.748779 10.803077 21.027363
v -46.746922 10.797318 21.026375
v -46.743446 10.797298 21.029837
v -46.747028 10.802624 21.029781
v -46.746113 10.800394 21.029018
v -46.747215 10.800402 21.026869
v -46.745865 10.797526 21.028791
v -46.744057 10.800475 21.030132
v -46.307873 10.797318 21.026375
v -46.306015 10.803076 21.027363
v -46.310123 10.803347 21.031523
v -46.311348 10.797298 21.029837
v -46.307579 10.800402 21.026869
v -46.308681 10.800394 21.029018
v -46.307766 10.802624 21.029781
v -46.310734 10.800475 21.030132
v -46.308929 10.797526 21.028791
v -46.748779 10.803076 20.685095
v -46.744671 10.803347 20.680935
v -46.743446 10.797298 20.682621
v -46.746922 10.797318 20.686083
v -46.747028 10.802624 20.682678
v -46.746113 10.800394 20.683441
v -46.744057 10.800475 20.682325
v -46.745865 10.797526 20.683666
v -46.747215 10.800402 20.685589
v -46.310123 10.803347 20.680935
v -46.306015 10.803076 20.685095
v -46.307873 10.797318 20.686083
v -46.311348 10.797298 20.682621
v -46.307766 10.802624 20.682678
v -46.308681 10.800394 20.683441
v -46.307579 10.800402 20.685589
v -46.308929 10.797526 20.683666
v -46.310734 10.800475 20.682325
v -46.064053 10.102173 20.725758
v -46.059303 10.101314 20.729185
v -46.060459 10.098746 20.729185
v -46.061291 10.102233 20.726757
v -46.059940 10.100115 20.727205
v -46.058701 10.099499 20.729185
v -46.062256 10.099751 20.726761
v -46.383568 10.098746 20.729185
v -46.389263 10.101314 20.729185
v -46.386032 10.102173 20.725758
v -46.386616 10.099320 20.729185
v -46.386547 10.100013 20.727205
v -46.388359 10.101743 20.726761
v -46.384331 10.099928 20.726761
v -46.389263 10.101314 20.983274
v -46.383568 10.098746 20.983274
v -46.386047 10.102173 20.986700
v -46.386658 10.099499 20.983274
v -46.386600 10.099921 20.985252
v -46.384808 10.099751 20.985697
v -46.388084 10.101305 20.985703
v -46.060459 10.098746 20.983274
v -46.059303 10.101314 20.983274
v -46.064041 10.102173 20.986700
v -46.058430 10.099320 20.983274
v -46.059715 10.100013 20.985252
v -46.060963 10.101743 20.985697
v -46.061779 10.099928 20.985697
v -46.671574 10.606594 20.725758
v -46.675339 10.606594 20.729185
v -46.674236 10.606594 20.726761
v -46.644222 10.500148 20.725758
v -46.648018 10.500148 20.729185
v -46.646904 10.500148 20.726761
v -46.603199 10.395279 20.725758
v -46.607048 10.395279 20.729185
v -46.605919 10.395279 20.726761
v -46.543152 10.293601 20.725758
v -46.547062 10.293601 20.729185
v -46.545918 10.293601 20.726761
v -46.471603 10.194436 20.729185
v -46.467636 10.194436 20.725758
v -46.470440 10.194436 20.726761
v -46.467648 10.194436 20.986700
v -46.471603 10.194436 20.983274
v -46.470444 10.194436 20.985697
v -46.543167 10.293601 20.986700
v -46.547062 10.293601 20.983274
v -46.545921 10.293601 20.985697
v -46.603214 10.395279 20.986700
v -46.607048 10.395279 20.983274
v -46.605927 10.395279 20.985697
v -46.644241 10.500148 20.986700
v -46.648018 10.500148 20.983274
v -46.646912 10.500148 20.985697
v -46.675339 10.606594 20.983274
v -46.671600 10.606594 20.986700
v -46.674244 10.606594 20.985697
v -46.141640 10.194436 20.983274
v -46.145596 10.194436 20.986700
v -46.142799 10.194436 20.985697
v -46.217102 10.293601 20.983274
v -46.220997 10.293601 20.986700
v -46.218243 10.293601 20.985697
v -46.277084 10.395279 20.983274
v -46.280918 10.395279 20.986700
v -46.278206 10.395279 20.985697
v -46.318054 10.500148 20.983274
v -46.321831 10.500148 20.986700
v -46.319160 10.500148 20.985697
v -46.349117 10.606594 20.986700
v -46.345375 10.606594 20.983274
v -46.346474 10.606594 20.985697
v -46.345375 10.606594 20.729185
v -46.349140 10.606594 20.725758
v -46.346478 10.606594 20.726761
v -46.318054 10.500148 20.729185
v -46.321854 10.500148 20.725758
v -46.319168 10.500148 20.726761
v -46.277084 10.395279 20.729185
v -46.280933 10.395279 20.725758
v -46.278214 10.395279 20.726761
v -46.217102 10.293601 20.729185
v -46.221012 10.293601 20.725758
v -46.218246 10.293601 20.726761
v -46.145607 10.194436 20.725758
v -46.141640 10.194436 20.729185
v -46.142803 10.194436 20.726761
v -46.748722 10.767688 21.034010
v -46.752205 10.767668 21.030554
v -46.749733 10.762779 21.027857
v -46.744106 10.762482 21.031580
v -46.751144 10.767896 21.032967
v -46.750179 10.764766 21.032288
v -46.751728 10.764839 21.029205
v -46.747036 10.762175 21.029858
v -46.746414 10.764758 21.033497
v -46.752205 10.767668 20.681906
v -46.748722 10.767688 20.678450
v -46.744106 10.762482 20.680878
v -46.749733 10.762779 20.684601
v -46.751144 10.767896 20.679491
v -46.750179 10.764766 20.680170
v -46.746414 10.764758 20.678963
v -46.747036 10.762175 20.682600
v -46.751728 10.764839 20.683252
v -46.306072 10.767688 20.678450
v -46.302589 10.767668 20.681906
v -46.305061 10.762779 20.684601
v -46.310688 10.762482 20.680878
v -46.303650 10.767896 20.679491
v -46.304615 10.764766 20.680170
v -46.303062 10.764839 20.683252
v -46.307758 10.762175 20.682600
v -46.308380 10.764758 20.678963
v -46.302589 10.767668 21.030554
v -46.306072 10.767688 21.034010
v -46.310688 10.762482 21.031580
v -46.305061 10.762779 21.027857
v -46.303650 10.767896 21.032967
v -46.304615 10.764766 21.032288
v -46.308380 10.764758 21.033497
v -46.307758 10.762175 21.029858
v -46.303062 10.764839 21.029205
v -46.696384 10.735560 20.992811
v -46.699905 10.740676 20.996630
v -46.704327 10.740378 20.991951
v -46.700127 10.735628 20.989288
v -46.698147 10.738426 20.994307
v -46.700565 10.738290 20.993044
v -46.702232 10.740071 20.994429
v -46.701824 10.738359 20.990620
v -46.698891 10.735203 20.991673
v -46.700127 10.735628 20.723169
v -46.704327 10.740378 20.720507
v -46.699905 10.740676 20.715830
v -46.696487 10.735560 20.719648
v -46.701824 10.738359 20.721838
v -46.700581 10.738291 20.719414
v -46.702232 10.740071 20.718029
v -46.698196 10.738426 20.718151
v -46.698921 10.735207 20.720783
v -46.358303 10.735560 20.719648
v -46.354885 10.740676 20.715830
v -46.350464 10.740378 20.720507
v -46.354664 10.735628 20.723169
v -46.356594 10.738426 20.718151
v -46.354210 10.738291 20.719414
v -46.352558 10.740071 20.718029
v -46.352966 10.738359 20.721838
v -46.355869 10.735207 20.720783
v -46.350464 10.740378 20.991951
v -46.354885 10.740676 20.996630
v -46.358406 10.735560 20.992811
v -46.354664 10.735628 20.989288
v -46.352558 10.740071 20.994429
v -46.354225 10.738290 20.993044
v -46.356644 10.738426 20.994307
v -46.355900 10.735203 20.991673
v -46.352966 10.738359 20.990620
v -46.281277 10.830268 21.047436
v -46.284710 10.830271 21.050865
v -46.288628 10.824194 21.048523
v -46.283962 10.824465 21.044804
v -46.282288 10.830186 21.049856
v -46.283470 10.827027 21.048964
v -46.286667 10.827074 21.050106
v -46.285992 10.823742 21.046999
v -46.282158 10.827152 21.046120
v -46.766167 10.824194 21.048523
v -46.770081 10.830271 21.050865
v -46.773514 10.830268 21.047436
v -46.770828 10.824465 21.044804
v -46.768124 10.827074 21.050106
v -46.771320 10.827027 21.048964
v -46.772503 10.830186 21.049856
v -46.772636 10.827152 21.046120
v -46.768803 10.823742 21.046999
v -46.770828 10.824465 20.667656
v -46.773514 10.830268 20.665024
v -46.770081 10.830271 20.661592
v -46.766167 10.824194 20.663937
v -46.772636 10.827152 20.666340
v -46.771320 10.827027 20.663496
v -46.772503 10.830186 20.662601
v -46.768124 10.827074 20.662354
v -46.768803 10.823742 20.665459
v -46.288628 10.824194 20.663937
v -46.284710 10.830271 20.661592
v -46.281277 10.830268 20.665024
v -46.283962 10.824465 20.667656
v -46.286667 10.827074 20.662354
v -46.283470 10.827027 20.663496
v -46.282288 10.830186 20.662601
v -46.282158 10.827152 20.666340
v -46.285992 10.823742 20.665459
v -46.174122 11.626141 20.792253
v -46.170696 11.622714 20.793070
v -46.171700 11.625136 20.792830
v -46.170696 11.238400 20.793070
v -46.174122 11.234973 20.793070
v -46.171700 11.235977 20.793070
v -46.800259 11.622714 20.756390
v -46.800259 11.626141 20.752964
v -46.800259 11.625136 20.755386
v -46.803684 11.234973 20.793070
v -46.800034 11.231555 20.793070
v -46.801197 11.233972 20.793070
v -46.254757 11.231555 20.793070
v -46.251106 11.234973 20.793070
v -46.253593 11.233972 20.793070
v -46.321411 11.626141 20.752964
v -46.324837 11.622714 20.756390
v -46.323833 11.625136 20.755386
v -46.693508 10.716665 20.793070
v -46.691841 10.710047 20.793070
v -46.692551 10.713387 20.793070
v -46.361877 10.710047 20.793070
v -46.361286 10.716664 20.793070
v -46.361927 10.713387 20.793070
v -46.306015 10.803076 20.793070
v -46.307873 10.797318 20.793070
v -46.307579 10.800402 20.793070
v -46.748779 10.803076 20.793070
v -46.746922 10.797318 20.793070
v -46.747215 10.800402 20.793070
v -46.389263 10.101314 20.793070
v -46.383568 10.098746 20.793070
v -46.386658 10.099499 20.793070
v -46.060459 10.098746 20.793070
v -46.059303 10.101314 20.793070
v -46.058701 10.099499 20.793070
v -46.302589 10.767668 20.793070
v -46.305061 10.762779 20.793070
v -46.303062 10.764839 20.793070
v -46.752205 10.767668 20.793070
v -46.749733 10.762779 20.793070
v -46.751728 10.764839 20.793070
v -46.350464 10.740378 20.793070
v -46.354664 10.735628 20.793070
v -46.352966 10.738359 20.793070
v -46.704327 10.740378 20.793070
v -46.700127 10.735628 20.793070
v -46.701824 10.738359 20.793070
v -46.773514 10.830268 20.793070
v -46.770828 10.824465 20.793070
v -46.772636 10.827152 20.793070
v -46.281277 10.830268 20.793070
v -46.283962 10.824465 20.793070
v -46.282158 10.827152 20.793070
v -46.485786 11.626141 20.643867
v -46.485786 11.622714 20.640442
v -46.485786 11.625136 20.641445
v -46.485786 11.238400 20.640442
v -46.485760 11.231552 20.640621
v -46.485775 11.234975 20.640495
v -46.485760 11.231552 21.071838
v -46.485786 11.234973 21.075443
v -46.485779 11.233972 21.072968
v -46.472351 10.716733 20.724846
v -46.471661 10.710004 20.725758
v -46.472088 10.713394 20.725491
v -46.479343 10.803347 20.680935
v -46.479073 10.797298 20.682621
v -46.479122 10.800475 20.682325
v -46.479343 10.803347 21.031523
v -46.479073 10.797298 21.029837
v -46.479122 10.800475 21.030132
v -46.169853 10.102173 20.725758
v -46.166821 10.098746 20.729185
v -46.167709 10.099751 20.726761
v -46.166821 10.098746 20.983274
v -46.169853 10.102173 20.986700
v -46.167709 10.099751 20.985697
v -46.479736 10.767688 20.678450
v -46.479351 10.762482 20.680878
v -46.479656 10.764758 20.678963
v -46.479736 10.767688 21.034010
v -46.479351 10.762482 21.031580
v -46.479656 10.764758 21.033497
v -46.473785 10.740676 20.715830
v -46.473175 10.735560 20.719648
v -46.473415 10.738426 20.718151
v -46.473785 10.740676 20.996630
v -46.473175 10.735560 20.992811
v -46.473415 10.738426 20.994307
v -46.482422 10.830271 21.050865
v -46.482048 10.824194 21.048523
v -46.482300 10.827074 21.050106
v -46.482422 10.830271 20.661592
v -46.482048 10.824194 20.663937
v -46.482300 10.827074 20.662354
v -46.485786 11.626141 20.752964
v -46.485786 11.622714 20.756390
v -46.485786 11.625136 20.755386
v -46.324837 11.461409 21.072016
v -46.328262 11.457983 21.072016
v -46.325840 11.458986 21.072016
v -46.800259 11.457983 20.759815
v -46.800259 11.461409 20.756390
v -46.800259 11.458986 20.757393
v -46.328262 11.457983 20.759815
v -46.324837 11.461409 20.756390
v -46.325840 11.458986 20.757393
v -46.485786 11.461409 20.756390
v -46.485786 11.457983 20.759815
v -46.485786 11.458986 20.757393
v -46.170696 11.296189 20.643867
v -46.174122 11.296189 20.640442
v -46.171993 11.302382 20.638420
v -46.167908 11.301607 20.642708
v -46.171700 11.296189 20.641445
v -46.170982 11.299237 20.640993
v -46.173058 11.299422 20.639851
v -46.169708 11.301404 20.640224
v -46.169880 11.299195 20.643288
v -46.800259 11.302382 20.638420
v -46.800259 11.296189 20.640442
v -46.800259 11.299422 20.639851
v -46.167908 11.301607 21.072016
v -46.170696 11.296189 21.072016
v -46.169880 11.299195 21.072016
v -46.254501 11.302382 20.638420
v -46.254532 11.296189 20.640442
v -46.254520 11.299422 20.639851
v -46.170696 11.296189 20.793070
v -46.167908 11.301607 20.793167
v -46.169880 11.299195 20.793098
v -46.485786 11.296189 20.640442
v -46.485813 11.302382 20.638420
v -46.485794 11.299422 20.639851
v -46.800266 11.387285 20.547110
v -46.800274 11.390827 20.546761
v -46.800270 11.388938 20.545729
v -45.989403 11.387936 21.072016
v -45.989128 11.390331 21.072002
v -45.987946 11.388983 21.072012
v -46.253139 11.387285 20.547110
v -46.253143 11.391042 20.546587
v -46.253120 11.389001 20.545677
v -45.989151 11.390287 20.799507
v -45.989403 11.387936 20.799513
v -45.987953 11.388970 20.799561
v -46.486877 11.390955 20.546661
v -46.486862 11.387285 20.547110
v -46.486881 11.388975 20.545698
v -45.996883 11.391103 20.546532
v -45.989170 11.390253 20.549397
v -45.989403 11.387936 20.549599
v -45.998825 11.387285 20.547110
v -45.992886 11.391203 20.547745
v -45.991024 11.389010 20.546677
v -45.987957 11.388960 20.549498
v -45.994068 11.387266 20.548273
v -45.997852 11.389018 20.545662
v -46.800259 11.518484 20.640442
v -46.800262 11.512034 20.638830
v -46.800259 11.515176 20.639971
v -46.170696 11.518484 21.072016
v -46.168091 11.512832 21.072004
v -46.169933 11.515409 21.072012
v -46.254532 11.518484 20.640442
v -46.254513 11.512092 20.638727
v -46.254524 11.515193 20.639940
v -46.168118 11.512803 20.793148
v -46.170696 11.518484 20.793070
v -46.169941 11.515401 20.793093
v -46.485813 11.512066 20.638773
v -46.485786 11.518484 20.640442
v -46.485794 11.515185 20.639954
v -46.170696 11.518484 20.643867
v -46.168137 11.512782 20.642773
v -46.172150 11.512113 20.638693
v -46.174122 11.518484 20.640442
v -46.169945 11.515395 20.643320
v -46.171032 11.515370 20.641035
v -46.169827 11.513044 20.640324
v -46.173134 11.515199 20.639929
v -46.171700 11.518484 20.641445
v -46.079662 11.430821 20.589329
v -46.086597 11.436065 20.593550
v -46.081146 11.435496 20.596849
v -46.075493 11.431734 20.593994
v -46.083130 11.433320 20.591595
v -46.080009 11.433529 20.592859
v -46.083561 11.436378 20.594786
v -46.078430 11.433450 20.595423
v -46.077442 11.431806 20.591436
v -46.800411 11.428268 20.594200
v -46.800407 11.423187 20.589849
v -46.800415 11.425529 20.592258
v -46.080700 11.438111 21.071598
v -46.075047 11.434323 21.071600
v -46.077969 11.436080 21.071592
v -46.254021 11.434231 20.593714
v -46.253952 11.428993 20.589434
v -46.253990 11.431468 20.591749
v -46.075306 11.432824 20.796047
v -46.080959 11.436596 20.795843
v -46.078236 11.434557 20.795937
v -46.486538 11.426517 20.589611
v -46.486492 11.431695 20.593920
v -46.486515 11.428939 20.591967
v -46.087429 11.362809 20.594254
v -46.079308 11.367061 20.589144
v -46.075066 11.366410 20.594337
v -46.081177 11.363584 20.597410
v -46.083370 11.365200 20.591919
v -46.079979 11.365104 20.593273
v -46.077141 11.366391 20.591661
v -46.078232 11.365236 20.595873
v -46.084057 11.362606 20.595493
v -46.800262 11.362809 20.594254
v -46.800262 11.367061 20.589144
v -46.800262 11.365200 20.591919
v -46.081177 11.363584 21.072016
v -46.075066 11.366410 21.072016
v -46.078232 11.365236 21.072016
v -46.253765 11.367061 20.589144
v -46.253841 11.362809 20.594254
v -46.253807 11.365200 20.591919
v -46.075066 11.366410 20.796469
v -46.081177 11.363584 20.796251
v -46.078232 11.365236 20.796356
v -46.486378 11.367061 20.589144
v -46.486320 11.362809 20.594254
v -46.486347 11.365200 20.591919
v -46.800266 11.387285 20.547110
v -46.800266 11.384314 20.553284
v -46.800266 11.385799 20.550196
v -45.994579 11.386634 21.072016
v -46.001225 11.384964 21.072016
v -45.997902 11.385799 21.072016
v -46.253231 11.384314 20.553284
v -46.253139 11.387285 20.547110
v -46.253185 11.385799 20.550196
v -46.001225 11.384964 20.799093
v -45.994579 11.386634 20.799330
v -45.997902 11.385799 20.799212
v -46.486790 11.384314 20.553284
v -46.486862 11.387285 20.547110
v -46.486828 11.385799 20.550196
v -46.001225 11.384964 20.555773
v -46.010647 11.384314 20.553284
v -45.998825 11.387285 20.547110
v -45.994579 11.386635 20.552301
v -46.005890 11.384295 20.554449
v -46.000233 11.385716 20.551495
v -46.004734 11.385799 20.550196
v -45.996658 11.386616 20.549625
v -45.997902 11.385799 20.554037
vn -0.0126 -0.9999 -0.0000
vn -0.0125 -0.9999 -0.0000
vn -0.0023 -1.0000 -0.0019
vn 0.0069 1.0000 -0.0000
vn -0.0065 1.0000 -0.0000
vn -0.0067 1.0000 -0.0000
vn 0.0067 1.0000 -0.0000
vn -0.0120 -0.0163 0.9998
vn -0.0001 -0.0049 1.0000
vn -0.0000 -0.0097 1.0000
vn -0.0121 -0.0099 0.9999
vn -1.0000 0.0094 -0.0000
vn -1.0000 0.0071 -0.0000
vn -1.0000 0.0070 -0.0000
vn 0.9976 -0.0687 -0.0038
vn 0.9976 -0.0685 -0.0000
vn 0.9977 -0.0675 -0.0000
vn 0.9977 -0.0677 -0.0038
vn -0.0000 0.0061 -1.0000
vn -0.0000 -0.0548 -0.9985
vn 0.0033 -0.0550 -0.9985
vn 0.0033 -0.0538 -0.9985
vn 0.0007 -0.0536 -0.9986
vn -0.0126 -0.9999 0.0066
vn -0.0127 -0.9999 0.0068
vn -1.0000 0.0071 0.0066
vn -0.9999 0.0094 0.0066
vn -0.9999 -0.0134 -0.0000
vn -0.9999 -0.0167 -0.0000
vn -0.9998 -0.0166 0.0065
vn -0.9999 -0.0135 0.0066
vn -0.5787 -0.8156 -0.0000
vn -0.5874 -0.8093 -0.0000
vn -0.5874 -0.8093 -0.0001
vn -0.0000 0.0094 1.0000
vn -0.0000 0.0041 1.0000
vn -0.0000 0.0042 1.0000
vn -0.9976 -0.0685 -0.0000
vn -0.9976 -0.0687 -0.0037
vn -0.9977 -0.0677 -0.0038
vn -0.9977 -0.0675 -0.0000
vn -0.9882 0.1532 -0.0000
vn -0.9882 0.1532 -0.0056
vn -0.9789 0.2044 -0.0056
vn -0.9789 0.2044 -0.0000
vn 0.8908 0.0083 -0.4543
vn 0.8908 0.0082 -0.4543
vn 0.9976 -0.0689 0.0071
vn 0.9977 -0.0679 0.0071
vn 0.0030 -0.9999 0.0164
vn 0.0001 -0.9999 0.0160
vn -0.0000 -1.0000 -0.0000
vn 0.0033 -1.0000 -0.0000
vn 0.0046 -0.0032 1.0000
vn -0.0000 -0.0025 1.0000
vn -0.0000 -0.0000 1.0000
vn 0.0046 -0.0009 1.0000
vn 0.0045 -0.2968 0.9549
vn -0.0000 -0.2955 0.9554
vn -0.0000 -0.2551 0.9669
vn 0.0045 -0.2564 0.9665
vn 0.7093 -0.7049 -0.0037
vn 0.7110 -0.7032 -0.0000
vn 0.7129 -0.7012 -0.0000
vn 0.7117 -0.7025 -0.0037
vn -0.9885 0.1509 -0.0000
vn -0.9885 0.1513 -0.0042
vn -0.9892 0.1466 -0.0044
vn -0.9892 0.1463 -0.0000
vn -0.7730 0.6343 0.0135
vn -0.7730 0.6344 -0.0000
vn -0.7529 0.6581 -0.0000
vn -0.7530 0.6579 0.0133
vn -0.7083 -0.7059 0.0076
vn -0.7110 -0.7032 -0.0000
vn -0.7129 -0.7013 -0.0000
vn -0.7096 -0.7046 0.0076
vn -0.0058 0.1186 -0.9929
vn -0.0000 0.1176 -0.9931
vn -0.0000 0.1116 -0.9938
vn -0.0059 0.1120 -0.9937
vn 0.0046 -0.0015 1.0000
vn 0.7730 -0.6344 -0.0046
vn 0.7730 -0.6344 -0.0000
vn 0.7453 -0.6667 -0.0000
vn 0.7452 -0.6668 -0.0045
vn 0.0046 -0.0038 1.0000
vn -0.0000 -0.0106 0.9999
vn 0.0046 -0.0146 0.9999
vn -0.0093 0.0076 -0.9999
vn -0.0000 -0.0000 -1.0000
vn -0.0000 -0.0106 -0.9999
vn -0.0092 -0.0024 -1.0000
vn -0.0086 -0.2950 -0.9554
vn -0.0000 -0.2917 -0.9565
vn -0.0000 -0.0482 -0.9988
vn -0.0093 -0.0482 -0.9988
vn -0.9787 0.2044 0.0163
vn -0.9515 0.3075 -0.0000
vn -0.9514 0.3075 0.0160
vn -0.0092 0.0019 -1.0000
vn -0.0092 0.0030 -1.0000
vn -0.0092 0.0045 -0.9999
vn -0.0093 0.0062 -0.9999
vn -0.9881 0.1531 0.0164
vn -0.8984 0.4391 -0.0000
vn -0.8983 0.4391 0.0153
vn -0.8291 0.5591 -0.0000
vn -0.8290 0.5590 0.0143
vn 0.4579 -0.8890 -0.0031
vn 0.4604 -0.8877 -0.0000
vn 0.4528 -0.8916 -0.0000
vn 0.4513 -0.8924 -0.0030
vn 0.9872 -0.1592 -0.0056
vn 0.9873 -0.1591 -0.0000
vn 0.9789 -0.2043 -0.0000
vn 0.9789 -0.2043 -0.0056
vn 0.9516 -0.3075 -0.0000
vn 0.9515 -0.3075 -0.0055
vn 0.8984 -0.4391 -0.0000
vn 0.8984 -0.4391 -0.0053
vn 0.8291 -0.5591 -0.0000
vn 0.8291 -0.5591 -0.0049
vn 0.9335 -0.3585 -0.0000
vn 0.9318 -0.3627 0.0142
vn 0.9453 -0.3259 0.0143
vn 0.9466 -0.3225 -0.0000
vn 0.0046 -0.0022 1.0000
vn 0.0046 -0.0031 1.0000
vn 0.0033 -0.6181 0.7861
vn -0.0000 -0.6158 0.7879
vn -0.0000 -0.6136 0.7896
vn 0.0033 -0.6153 0.7883
vn -0.0050 -0.6186 0.7857
vn -0.0050 -0.6169 0.7870
vn 0.7083 -0.7059 0.0076
vn 0.7096 -0.7046 0.0076
vn -0.0000 -0.6159 -0.7878
vn 0.0033 -0.6181 -0.7861
vn 0.0033 -0.6153 -0.7883
vn -0.0000 -0.6136 -0.7896
vn -0.0046 -0.8380 -0.5457
vn -0.0000 -0.8360 -0.5488
vn -0.0000 -0.8411 -0.5408
vn -0.0046 -0.8442 -0.5360
vn -0.4571 -0.8894 0.0072
vn -0.4604 -0.8877 -0.0000
vn -0.4528 -0.8916 -0.0000
vn -0.4476 -0.8942 0.0071
vn 0.0027 -0.8379 0.5458
vn -0.0000 -0.8360 0.5488
vn -0.0000 -0.8411 0.5408
vn 0.0027 -0.8424 0.5389
vn 0.0004 -1.0000 -0.0004
vn -0.0000 -1.0000 0.0066
vn 0.0009 -1.0000 0.0066
vn 0.0009 -1.0000 -0.0000
vn -0.0000 -1.0000 -0.0031
vn -0.0046 -0.0552 -0.9985
vn -0.0047 -0.0539 -0.9985
vn -0.0000 -0.0008 1.0000
vn 1.0000 0.0061 -0.0000
vn 1.0000 0.0061 0.0001
vn 0.0027 -0.8379 -0.5458
vn 0.0027 -0.8424 -0.5389
vn -0.0046 -0.8380 0.5457
vn -0.0046 -0.8442 0.5360
vn 0.0038 0.1182 -0.9930
vn 0.0038 0.1120 -0.9937
vn -0.0000 0.1177 0.9931
vn -0.0058 0.1186 0.9929
vn -0.0059 0.1120 0.9937
vn -0.0000 0.1116 0.9938
vn 0.0046 -0.0031 -1.0000
vn 0.0046 -0.0038 -1.0000
vn 0.0046 -0.0022 -1.0000
vn 0.0046 -0.0015 -1.0000
vn 0.0046 -0.0009 -1.0000
vn 0.0044 -0.2930 -0.9561
vn 0.0046 -0.0488 -0.9988
vn -0.0092 0.0062 0.9999
vn -0.0092 0.0076 0.9999
vn -0.0092 0.0045 0.9999
vn -0.0092 0.0030 1.0000
vn -0.0092 0.0019 1.0000
vn -0.0087 -0.2988 0.9543
vn -0.0088 -0.2578 0.9662
vn -0.0069 -0.9999 0.0152
vn -0.0063 -1.0000 0.0002
vn -0.0092 -0.0024 1.0000
vn 0.9885 0.1514 -0.0042
vn 0.9885 0.1509 -0.0000
vn 0.9892 0.1462 -0.0000
vn 0.9892 0.1465 -0.0043
vn -0.9883 0.1521 0.0091
vn -0.9891 0.1467 0.0093
vn -0.0093 -0.0011 1.0000
vn -0.7730 0.6344 -0.0048
vn -0.7529 0.6582 -0.0047
vn -0.0000 0.0046 1.0000
vn -0.0000 0.0045 1.0000
vn -0.0000 -0.0132 0.9999
vn 0.0033 -0.0523 0.9986
vn -0.0001 -0.0520 0.9986
vn -0.0000 -0.0536 0.9986
vn 0.0033 -0.0538 0.9985
vn -0.0000 1.0000 0.0090
vn -0.0000 1.0000 -0.0090
vn -0.0000 -1.0000 -0.0053
vn 0.0034 -1.0000 -0.0052
vn -0.0000 -0.0166 0.9999
vn -0.4579 -0.8890 -0.0031
vn -0.4514 -0.8923 -0.0030
vn 0.4570 -0.8894 0.0072
vn 0.4475 -0.8942 0.0071
vn -0.0050 -0.6186 -0.7857
vn -0.0050 -0.6169 -0.7870
vn 0.9883 0.1521 0.0091
vn 0.9891 0.1466 0.0093
vn -0.8291 0.5591 -0.0049
vn -0.8984 0.4391 -0.0052
vn -0.9515 0.3075 -0.0055
vn -0.9334 -0.3588 -0.0000
vn -0.9330 -0.3599 -0.0054
vn -0.9503 -0.3113 -0.0053
vn -0.9505 -0.3108 -0.0000
vn 0.8290 -0.5591 0.0143
vn 0.7730 -0.6343 0.0138
vn 0.8983 -0.4391 0.0153
vn 0.9514 -0.3075 0.0160
vn 0.9788 -0.2044 0.0163
vn 0.9330 -0.3597 -0.0054
vn 0.9462 -0.3236 -0.0052
vn 0.7454 -0.6664 0.0137
vn -0.0061 -1.0000 -0.0057
vn 0.0045 -0.0145 -0.9999
vn -0.7093 -0.7049 -0.0037
vn -0.7117 -0.7025 -0.0037
vn 0.0038 0.1182 0.9930
vn 0.0038 0.1119 0.9937
vn 0.9871 -0.1591 0.0163
vn -0.0046 -0.0524 0.9986
vn -0.0047 -0.0539 0.9985
vn -0.0000 1.0000 -0.0000
vn -0.0000 1.0000 -0.0032
vn 0.0063 1.0000 -0.0000
vn -0.0000 -0.5950 0.8038
vn -0.0000 -0.5840 0.8118
vn -0.0000 -0.5956 0.8033
vn -0.0000 -0.5847 0.8113
vn -0.0029 0.4453 0.8954
vn -0.0000 0.4377 0.8991
vn -0.0000 0.4462 0.8950
vn -0.0031 0.4537 0.8911
vn -0.5871 -0.8095 -0.0000
vn -0.5785 -0.8157 -0.0000
vn -0.0068 -0.6026 0.7980
vn -0.0070 -0.5928 0.8053
vn -0.6516 0.7586 -0.0000
vn -0.6550 0.7556 -0.0019
vn -0.6486 0.7611 -0.0020
vn -0.6452 0.7640 -0.0000
vn 0.1311 0.6626 0.7374
vn -0.0000 0.4893 0.8721
vn -0.0000 0.2223 0.9750
vn -0.0000 0.6788 0.7343
vn -0.4626 0.8866 -0.0000
vn -0.4576 0.8892 -0.0023
vn -0.4614 0.8872 -0.0021
vn -0.4666 0.8845 -0.0000
vn 0.0048 0.7700 0.6380
vn 0.0044 0.7639 0.6453
vn 0.0032 0.8280 0.5607
vn 0.0051 0.8319 0.5550
vn -0.0000 -0.3227 0.9465
vn -0.0000 -0.7118 0.7024
vn 0.0990 -0.9046 0.4146
vn -0.0000 0.6917 0.7222
vn -0.0002 0.7297 0.6837
vn 0.0050 0.7382 0.6746
vn 0.0042 0.7464 0.6655
vn 0.0002 0.7394 0.6733
vn -0.9976 -0.0690 0.0071
vn -0.9977 -0.0679 0.0071
vn 0.0039 1.0000 -0.0020
vn -0.0071 1.0000 -0.0000
vn -0.0000 1.0000 -0.0084
vn -0.0000 1.0000 0.0096
vn -0.0120 0.0094 0.9999
vn -0.0121 0.0048 0.9999
vn -0.0026 0.5132 0.8582
vn 0.0038 0.5006 0.8657
vn 0.0035 0.4931 0.8699
vn -0.0030 0.5066 0.8622
vn 0.0033 0.4884 0.8726
vn 0.0030 0.4806 0.8769
vn -0.6550 0.7556 0.0019
vn -0.6486 0.7611 0.0020
vn -0.6550 0.7556 0.0026
vn -0.6613 0.7502 0.0025
vn 0.0031 0.4537 0.8911
vn 0.0029 0.4453 0.8954
vn -0.0023 -0.9028 0.4300
vn -0.0024 -0.8989 0.4382
vn -0.0000 -0.8967 0.4427
vn -0.0000 -0.9011 0.4336
vn -0.0000 0.6883 0.7255
vn -0.1241 0.4614 0.8785
vn -0.2437 -0.9699 -0.0000
vn -0.2482 -0.9687 -0.0000
vn -0.0000 -0.8963 0.4434
vn -0.2480 -0.9688 -0.0000
vn -0.2437 -0.9698 -0.0000
vn -0.2467 -0.9691 0.0022
vn -0.2427 -0.9701 0.0021
vn -0.0286 -0.4100 0.9116
vn 0.0041 -0.6605 0.7508
vn -0.4576 0.8892 0.0023
vn -0.4614 0.8872 0.0022
vn -0.4502 0.8929 0.0026
vn -0.4462 0.8950 0.0027
vn -0.3337 -0.9427 -0.0000
vn -0.3327 -0.9430 -0.0000
vn -0.0000 0.8427 0.5384
vn -0.0000 0.8460 0.5332
vn -0.4426 0.8967 0.0059
vn -0.4382 0.8989 0.0058
vn 0.0126 -0.9999 -0.0000
vn 0.0023 -1.0000 -0.0019
vn 0.0125 -0.9999 -0.0000
vn -0.0069 1.0000 -0.0000
vn 0.0065 1.0000 -0.0000
vn 0.0120 -0.0164 0.9998
vn 0.0121 -0.0099 0.9999
vn 0.0001 -0.0049 1.0000
vn 1.0000 0.0094 -0.0000
vn 1.0000 0.0070 -0.0000
vn 1.0000 0.0071 -0.0000
vn -0.0063 1.0000 -0.0032
vn -0.0063 1.0000 -0.0000
vn -0.0000 -0.0536 -0.9986
vn -0.0033 -0.0539 -0.9985
vn -0.0033 -0.0550 -0.9985
vn 0.9999 -0.0134 -0.0000
vn 0.9999 -0.0167 -0.0000
vn 0.9999 0.0094 0.0066
vn 1.0000 0.0071 0.0066
vn 0.9999 -0.0135 0.0066
vn 0.9998 -0.0166 0.0065
vn 0.5787 -0.8156 -0.0000
vn 0.5874 -0.8093 -0.0000
vn 0.9317 -0.3629 0.0142
vn 0.9492 -0.3144 0.0144
vn 0.9505 -0.3108 -0.0000
vn 0.9334 -0.3588 -0.0000
vn 0.9976 -0.0685 -0.0001
vn 0.9977 -0.0677 -0.0037
vn 0.9976 -0.0687 -0.0037
vn -0.9872 -0.1591 -0.0056
vn -0.9793 -0.2021 -0.0056
vn -0.9789 -0.2043 -0.0000
vn -0.9873 -0.1591 -0.0000
vn -0.8908 0.0082 -0.4543
vn -0.8908 0.0083 -0.4542
vn -0.9317 -0.3629 0.0142
vn -0.9492 -0.3144 0.0144
vn -0.0034 -0.9999 0.0150
vn -0.0031 -1.0000 0.0001
vn -0.0000 -0.9999 0.0156
vn -0.0046 -0.0032 1.0000
vn -0.0046 -0.0010 1.0000
vn 0.9881 0.1531 0.0164
vn 0.9787 0.2044 0.0163
vn 0.9789 0.2043 -0.0000
vn 0.9882 0.1532 -0.0000
vn 0.0086 -0.2950 -0.9555
vn 0.0093 -0.0482 -0.9988
vn 0.9892 0.1463 -0.0000
vn 0.9885 0.1514 -0.0043
vn 0.7730 0.6343 0.0138
vn 0.7528 0.6582 0.0138
vn 0.7530 0.6580 -0.0004
vn 0.7730 0.6344 -0.0000
vn 0.7083 -0.7059 0.0077
vn 0.7129 -0.7013 -0.0000
vn 0.0058 0.1186 -0.9929
vn 0.0059 0.1120 -0.9937
vn -0.0046 -0.0015 1.0000
vn -0.7730 -0.6344 -0.0048
vn -0.7455 -0.6665 -0.0047
vn -0.7454 -0.6666 0.0001
vn -0.7730 -0.6344 -0.0000
vn -0.0046 -0.0038 1.0000
vn -0.0045 -0.0146 0.9999
vn 0.0092 0.0076 -0.9999
vn 0.0092 -0.0024 -1.0000
vn 0.0092 0.0019 -1.0000
vn 0.9509 0.3091 0.0160
vn 0.9516 0.3075 -0.0000
vn 0.0092 0.0030 -1.0000
vn 0.0092 0.0045 -0.9999
vn 0.0093 0.0062 -0.9999
vn 0.0088 -0.2578 0.9661
vn 0.0087 -0.2988 0.9543
vn 0.8983 0.4391 0.0153
vn 0.8984 0.4391 -0.0000
vn 0.8290 0.5591 0.0143
vn 0.8291 0.5591 -0.0000
vn -0.4513 -0.8923 -0.0030
vn -0.0046 -0.0488 -0.9988
vn -0.0044 -0.2930 -0.9561
vn -0.9515 -0.3075 -0.0055
vn -0.9516 -0.3075 -0.0000
vn -0.8984 -0.4391 -0.0053
vn -0.8984 -0.4391 -0.0000
vn -0.8291 -0.5591 -0.0049
vn -0.8291 -0.5591 -0.0000
vn -0.9330 -0.3597 -0.0054
vn -0.9462 -0.3236 -0.0052
vn -0.9466 -0.3225 -0.0000
vn -0.9335 -0.3585 -0.0000
vn -0.0046 -0.0022 1.0000
vn -0.0046 -0.0031 1.0000
vn -0.0033 -0.6181 0.7861
vn -0.0033 -0.6153 0.7883
vn 0.0050 -0.6169 0.7870
vn 0.0050 -0.6186 0.7857
vn -0.7129 -0.7012 -0.0000
vn -0.7083 -0.7059 0.0077
vn -0.0033 -0.6153 -0.7883
vn -0.0033 -0.6181 -0.7861
vn 0.0046 -0.8380 -0.5457
vn 0.0046 -0.8442 -0.5360
vn -0.0027 -0.8379 0.5458
vn -0.0027 -0.8424 0.5389
vn -0.0004 -1.0000 -0.0004
vn 0.0046 -0.0552 -0.9985
vn 0.0046 -0.0539 -0.9985
vn 0.0001 -0.0520 0.9986
vn 0.0046 -0.0539 0.9985
vn 0.0046 -0.0524 0.9986
vn -1.0000 0.0061 -0.0000
vn -0.0027 -0.8424 -0.5389
vn -0.0027 -0.8379 -0.5458
vn 0.0046 -0.8442 0.5361
vn 0.0046 -0.8380 0.5457
vn -0.0038 0.1119 -0.9937
vn -0.0038 0.1182 -0.9930
vn 0.0059 0.1120 0.9937
vn 0.0058 0.1186 0.9929
vn -0.0046 -0.0038 -1.0000
vn -0.0046 -0.0031 -1.0000
vn -0.0046 -0.0022 -1.0000
vn -0.0046 -0.0015 -1.0000
vn -0.0046 -0.0009 -1.0000
vn 0.9789 0.2044 -0.0056
vn 0.9882 0.1532 -0.0056
vn 0.0093 0.0076 0.9999
vn 0.0092 0.0062 0.9999
vn 0.0092 0.0045 0.9999
vn 0.0092 0.0030 1.0000
vn 0.0093 0.0019 1.0000
vn -0.0045 -0.2968 0.9549
vn -0.0045 -0.2564 0.9665
vn 0.0067 -1.0000 -0.0000
vn 0.0060 -0.9998 0.0165
vn 0.0091 -0.0024 1.0000
vn -0.9892 0.1465 -0.0044
vn -0.9892 0.1462 -0.0000
vn 0.9891 0.1467 0.0093
vn 0.0092 -0.0011 1.0000
vn 0.7531 0.6579 -0.0046
vn 0.7730 0.6344 -0.0046
vn -0.0009 -1.0000 -0.0000
vn -0.0009 -1.0000 0.0066
vn -0.0033 -0.0523 0.9986
vn -0.0033 -0.0538 0.9985
vn -0.0030 -1.0000 -0.0056
vn -0.0001 -1.0000 -0.0055
vn 0.4514 -0.8923 -0.0030
vn -0.4475 -0.8942 0.0071
vn -0.4570 -0.8894 0.0072
vn 0.0050 -0.6186 -0.7857
vn 0.0049 -0.6169 -0.7870
vn -0.9891 0.1466 0.0093
vn -0.9883 0.1521 0.0090
vn 0.8291 0.5591 -0.0049
vn 0.8984 0.4391 -0.0052
vn 0.9510 0.3091 -0.0054
vn 0.9501 -0.3119 -0.0053
vn 0.9330 -0.3599 -0.0054
vn -0.7730 -0.6343 0.0135
vn -0.8290 -0.5591 0.0143
vn -0.8983 -0.4391 0.0153
vn -0.9514 -0.3075 0.0160
vn -0.9792 -0.2021 0.0163
vn -0.9871 -0.1592 0.0163
vn -0.7452 -0.6667 0.0131
vn 0.0069 -1.0000 -0.0052
vn -0.0045 -0.0146 -0.9999
vn 0.7093 -0.7049 -0.0038
vn -0.0038 0.1181 0.9930
vn -0.0038 0.1119 0.9937
vn -0.9453 -0.3259 0.0143
vn -0.9318 -0.3627 0.0142
vn 0.0063 1.0000 -0.0032
vn -0.7117 -0.7024 -0.0037
vn -0.5849 -0.8111 0.0050
vn -0.5766 -0.8170 0.0049
vn 0.5785 -0.8157 -0.0000
vn 0.5766 -0.8170 0.0049
vn 0.5849 -0.8111 0.0050
vn 0.5871 -0.8095 -0.0000
vn 0.3343 -0.9425 -0.0000
vn 0.2437 -0.9698 -0.0000
vn 0.3337 -0.9427 -0.0000
vn -0.3343 -0.9425 -0.0000
vn 0.6613 0.7502 0.0025
vn 0.6634 0.7482 0.0080
vn 0.6574 0.7535 0.0081
vn 0.6550 0.7556 0.0026
vn 0.5874 -0.8093 0.0001
vn 0.0068 -0.6026 0.7980
vn 0.0070 -0.5922 0.8058
vn 0.6516 0.7586 -0.0001
vn 0.6452 0.7640 -0.0000
vn 0.6486 0.7611 -0.0020
vn 0.6550 0.7556 -0.0019
vn 0.3327 -0.9430 -0.0000
vn 0.4626 0.8866 -0.0000
vn 0.4666 0.8845 -0.0000
vn 0.4614 0.8872 -0.0020
vn 0.4576 0.8892 -0.0023
vn -0.2429 -0.9701 0.0017
vn -0.3312 -0.9436 0.0037
vn -0.0000 0.0761 0.9971
vn -0.1321 0.6658 0.7343
vn -0.0000 -0.2990 0.9542
vn -0.0000 -0.3435 0.9391
vn 0.0149 -0.4028 0.9152
vn 0.0118 -0.6352 0.7723
vn 0.9976 -0.0690 0.0071
vn -0.0039 1.0000 -0.0020
vn 0.0071 1.0000 -0.0000
vn 0.0023 -1.0000 0.0019
vn 0.0124 -0.9999 -0.0000
vn 0.0120 0.0094 0.9999
vn 0.0121 0.0048 0.9999
vn 0.0026 0.5132 0.8582
vn 0.0030 0.5066 0.8622
vn -0.0035 0.4931 0.8699
vn -0.0038 0.5006 0.8657
vn -0.0030 0.4806 0.8769
vn -0.0033 0.4884 0.8726
vn -0.6574 0.7535 0.0081
vn -0.6634 0.7482 0.0080
vn 0.6550 0.7556 0.0019
vn 0.6486 0.7611 0.0020
vn 0.0023 -0.9028 0.4300
vn 0.0024 -0.8989 0.4382
vn 0.3312 -0.9436 0.0037
vn 0.2429 -0.9701 0.0017
vn 0.2437 -0.9699 -0.0000
vn 0.2482 -0.9687 -0.0000
vn 0.2480 -0.9688 -0.0000
vn -0.0000 1.0000 0.0083
vn 0.0094 0.9999 0.0052
vn 0.0039 1.0000 0.0020
vn -0.0000 1.0000 -0.0083
vn -0.0094 0.9999 -0.0052
vn 0.2427 -0.9701 0.0021
vn 0.2467 -0.9691 0.0022
vn 0.0002 0.7297 0.6838
vn -0.0002 0.7394 0.6733
vn -0.0042 0.7464 0.6655
vn -0.0039 0.7382 0.6746
vn -0.0048 0.7700 0.6380
vn -0.0045 0.7639 0.6453
vn 0.4576 0.8892 0.0023
vn 0.4462 0.8950 0.0027
vn 0.4502 0.8929 0.0026
vn 0.4614 0.8872 0.0020
vn -0.0051 0.8319 0.5550
vn -0.0032 0.8280 0.5607
vn 0.4382 0.8989 0.0058
vn 0.4425 0.8967 0.0058
vn -0.0023 -1.0000 0.0019
vn -0.0124 -0.9999 -0.0000
vn -0.0120 -0.0164 -0.9998
vn -0.0121 -0.0099 -0.9999
vn -0.0000 -0.0097 -1.0000
vn -0.0001 -0.0049 -1.0000
vn -0.0000 -1.0000 -0.0066
vn 0.0009 -1.0000 -0.0066
vn 0.9976 -0.0687 0.0037
vn 0.9977 -0.0677 0.0038
vn -0.0000 0.0061 1.0000
vn -0.0000 -0.0548 0.9985
vn 0.0033 -0.0539 0.9985
vn 0.0033 -0.0550 0.9985
vn -0.9999 0.0094 -0.0066
vn -1.0000 0.0071 -0.0066
vn -0.9999 -0.0135 -0.0066
vn -0.9998 -0.0166 -0.0065
vn -0.0000 -0.5950 -0.8038
vn -0.0000 -0.5840 -0.8118
vn -0.0000 0.0094 -1.0000
vn -0.0000 0.0042 -1.0000
vn -0.0000 0.0041 -1.0000
vn -0.9976 -0.0685 0.0001
vn -0.9977 -0.0677 0.0037
vn -0.9976 -0.0687 0.0037
vn 0.9872 -0.1591 0.0056
vn 0.9793 -0.2021 0.0056
vn 0.8908 0.0082 0.4543
vn 0.8908 0.0083 0.4542
vn -0.0000 -0.0132 -0.9999
vn -0.0000 -0.0008 -1.0000
vn 0.0034 -0.9999 -0.0150
vn 0.0031 -1.0000 -0.0001
vn -0.0000 -0.9999 -0.0156
vn 0.0046 -0.0032 -1.0000
vn 0.0046 -0.0010 -1.0000
vn -0.0000 -0.0025 -1.0000
vn -0.9881 0.1531 -0.0164
vn -0.9787 0.2044 -0.0163
vn -0.9789 0.2043 -0.0000
vn -0.0086 -0.2950 0.9555
vn -0.0093 -0.0482 0.9988
vn -0.0000 -0.0482 0.9988
vn -0.0000 -0.2917 0.9565
vn -0.9892 0.1465 0.0043
vn -0.9885 0.1514 0.0043
vn -0.7730 0.6343 -0.0138
vn -0.7528 0.6582 -0.0138
vn -0.7530 0.6580 0.0004
vn -0.7083 -0.7059 -0.0077
vn -0.7096 -0.7046 -0.0076
vn -0.0000 0.1176 0.9931
vn 0.7730 -0.6344 0.0048
vn 0.7455 -0.6665 0.0047
vn 0.7454 -0.6666 -0.0001
vn 0.0045 -0.0146 -0.9999
vn -0.9509 0.3091 -0.0160
vn -0.9516 0.3075 -0.0000
vn -0.0093 0.0062 0.9999
vn -0.0000 -0.2955 -0.9554
vn -0.0000 -0.2551 -0.9669
vn -0.0088 -0.2578 -0.9661
vn -0.0087 -0.2988 -0.9543
vn -0.8983 0.4391 -0.0153
vn -0.8290 0.5591 -0.0143
vn 0.4579 -0.8890 0.0031
vn 0.4513 -0.8923 0.0030
vn 0.0046 -0.0488 0.9988
vn 0.0044 -0.2930 0.9561
vn 0.9515 -0.3075 0.0055
vn 0.8984 -0.4391 0.0053
vn 0.8291 -0.5591 0.0049
vn 0.9330 -0.3597 0.0054
vn 0.9462 -0.3236 0.0052
vn -0.0000 -0.6158 -0.7879
vn 0.7096 -0.7046 -0.0076
vn 0.7083 -0.7059 -0.0077
vn -0.0000 -0.6159 0.7878
vn -0.4570 -0.8894 -0.0072
vn -0.4475 -0.8942 -0.0071
vn 0.0004 -1.0000 0.0004
vn -0.0000 -0.0166 -0.9999
vn -0.0046 -0.0552 0.9985
vn -0.0046 -0.0539 0.9985
vn -0.0001 -0.0520 -0.9986
vn -0.0046 -0.0539 -0.9985
vn -0.0046 -0.0524 -0.9986
vn -0.0000 1.0000 -0.0096
vn -0.0000 1.0000 0.0084
vn -0.0046 -0.8442 -0.5361
vn -0.0000 0.1177 -0.9931
vn -0.9789 0.2044 0.0056
vn -0.9882 0.1532 0.0056
vn -0.0092 0.0062 -0.9999
vn -0.0093 0.0019 -1.0000
vn 0.0045 -0.2968 -0.9549
vn 0.0045 -0.2564 -0.9665
vn -0.0067 -1.0000 -0.0000
vn -0.0060 -0.9998 -0.0165
vn -0.0091 -0.0024 -1.0000
vn 0.9885 0.1513 0.0042
vn 0.9892 0.1465 0.0044
vn -0.9883 0.1521 -0.0091
vn -0.9891 0.1467 -0.0093
vn -0.0092 -0.0011 -1.0000
vn -0.7531 0.6579 0.0046
vn -0.7730 0.6344 0.0046
vn -0.0000 0.0045 -1.0000
vn -0.0000 0.0046 -1.0000
vn -0.0000 -1.0000 0.0031
vn 0.0033 -0.0523 -0.9986
vn 0.0030 -1.0000 0.0056
vn 0.0001 -1.0000 0.0055
vn 0.9977 -0.0679 -0.0071
vn 0.9976 -0.0690 -0.0071
vn -0.4514 -0.8923 0.0030
vn -0.4579 -0.8890 0.0031
vn 0.4475 -0.8942 -0.0071
vn 0.4570 -0.8894 -0.0072
vn -0.0049 -0.6169 0.7870
vn 0.9891 0.1466 -0.0093
vn 0.9883 0.1521 -0.0090
vn -0.8291 0.5591 0.0049
vn -0.8984 0.4391 0.0052
vn -0.9510 0.3091 0.0054
vn -0.9501 -0.3119 0.0053
vn -0.9330 -0.3599 0.0054
vn 0.7730 -0.6343 -0.0135
vn 0.8290 -0.5591 -0.0143
vn 0.8983 -0.4391 -0.0153
vn 0.9514 -0.3075 -0.0160
vn 0.9792 -0.2021 -0.0163
vn 0.9871 -0.1592 -0.0163
vn 0.7452 -0.6667 -0.0131
vn -0.0069 -1.0000 0.0052
vn 0.0045 -0.0146 0.9999
vn -0.7117 -0.7025 0.0037
vn -0.7093 -0.7049 0.0038
vn 0.0038 0.1181 -0.9930
vn 0.0038 0.1119 -0.9937
vn 0.9453 -0.3259 -0.0143
vn 0.9318 -0.3627 -0.0142
vn 0.7093 -0.7049 0.0037
vn 0.7117 -0.7024 0.0037
vn -0.0000 1.0000 0.0032
vn -0.0000 -0.5956 -0.8033
vn -0.0000 -0.5847 -0.8113
vn -0.0029 0.4453 -0.8954
vn -0.0031 0.4537 -0.8911
vn -0.0000 0.4462 -0.8950
vn -0.0000 0.4377 -0.8991
vn -0.0068 -0.6026 -0.7980
vn -0.0070 -0.5922 -0.8058
vn 0.0030 0.4806 -0.8769
vn 0.0029 0.4453 -0.8954
vn 0.0031 0.4537 -0.8911
vn 0.0033 0.4884 -0.8726
vn -0.0000 0.6883 -0.7255
vn -0.0000 0.4205 -0.9073
vn -0.0000 0.4946 -0.8691
vn 0.1241 0.4614 -0.8785
vn -0.0000 0.0761 -0.9971
vn 0.1321 0.6658 -0.7343
vn -0.0000 -0.2990 -0.9542
vn -0.0000 -0.3435 -0.9391
vn -0.0149 -0.4028 -0.9152
vn -0.0118 -0.6352 -0.7723
vn -0.9976 -0.0690 -0.0071
vn -0.9977 -0.0679 -0.0071
vn -0.0126 -0.9999 -0.0066
vn -0.0127 -0.9999 -0.0067
vn -0.0120 0.0094 -0.9999
vn -0.0121 0.0048 -0.9999
vn -0.0026 0.5132 -0.8582
vn -0.0030 0.5066 -0.8622
vn 0.0035 0.4931 -0.8699
vn 0.0038 0.5006 -0.8657
vn -0.6613 0.7502 -0.0025
vn -0.6550 0.7556 -0.0027
vn -0.0023 -0.9028 -0.4300
vn -0.0000 -0.9011 -0.4336
vn -0.0000 -0.8967 -0.4427
vn -0.0024 -0.8989 -0.4382
vn -0.1311 0.6626 -0.7374
vn -0.0000 0.4893 -0.8721
vn -0.0000 -0.8963 -0.4434
vn -0.2427 -0.9701 -0.0021
vn -0.2467 -0.9691 -0.0022
vn -0.0002 0.7297 -0.6838
vn 0.0002 0.7394 -0.6733
vn 0.0042 0.7464 -0.6655
vn 0.0039 0.7382 -0.6746
vn 0.0048 0.7700 -0.6380
vn 0.0045 0.7639 -0.6453
vn -0.4462 0.8950 -0.0027
vn -0.4502 0.8929 -0.0026
vn 0.0051 0.8319 -0.5550
vn -0.0000 0.8460 -0.5332
vn -0.0000 0.8427 -0.5384
vn 0.0032 0.8280 -0.5607
vn -0.4382 0.8989 -0.0058
vn -0.4425 0.8967 -0.0058
vn 0.0120 -0.0163 -0.9998
vn 0.0001 -0.0049 -1.0000
vn 0.0121 -0.0099 -0.9999
vn -0.9976 -0.0687 0.0038
vn -0.9977 -0.0677 0.0038
vn -0.0063 1.0000 0.0032
vn -0.0033 -0.0550 0.9985
vn -0.0007 -0.0536 0.9986
vn 0.0126 -0.9999 0.0066
vn 0.0127 -0.9999 0.0067
vn 1.0000 0.0071 -0.0066
vn 0.9999 0.0094 -0.0066
vn 0.9998 -0.0166 -0.0065
vn 0.9999 -0.0135 -0.0066
vn 0.9317 -0.3629 -0.0142
vn 0.9492 -0.3144 -0.0144
vn 0.9882 0.1532 0.0056
vn 0.9789 0.2044 0.0056
vn 0.9789 0.2044 -0.0000
vn -0.8908 0.0083 0.4543
vn -0.8908 0.0082 0.4543
vn -0.9317 -0.3629 -0.0142
vn -0.9492 -0.3144 -0.0144
vn -0.0030 -0.9999 -0.0164
vn -0.0001 -0.9999 -0.0160
vn -0.0033 -1.0000 -0.0000
vn -0.0046 -0.0032 -1.0000
vn -0.0045 -0.2968 -0.9549
vn -0.0045 -0.2564 -0.9665
vn -0.7093 -0.7049 0.0037
vn 0.9892 0.1466 0.0044
vn 0.7730 0.6343 -0.0135
vn 0.7529 0.6581 -0.0000
vn 0.7530 0.6579 -0.0133
vn 0.7083 -0.7059 -0.0076
vn -0.7730 -0.6344 0.0046
vn -0.7453 -0.6667 -0.0000
vn -0.7452 -0.6668 0.0045
vn -0.0046 -0.0146 -0.9999
vn 0.0092 -0.0024 1.0000
vn 0.0086 -0.2950 0.9554
vn 0.0093 -0.0482 0.9988
vn 0.9787 0.2044 -0.0163
vn 0.9515 0.3075 -0.0000
vn 0.9514 0.3075 -0.0160
vn 0.0092 0.0019 1.0000
vn 0.0093 0.0062 0.9999
vn 0.9881 0.1531 -0.0164
vn 0.8983 0.4391 -0.0153
vn 0.8290 0.5590 -0.0143
vn -0.4513 -0.8924 0.0030
vn -0.9872 -0.1592 0.0056
vn -0.9789 -0.2043 0.0056
vn -0.9515 -0.3075 0.0055
vn -0.8984 -0.4391 0.0053
vn -0.8291 -0.5591 0.0049
vn -0.9318 -0.3627 -0.0142
vn -0.9453 -0.3259 -0.0143
vn 0.0050 -0.6169 -0.7870
vn -0.7083 -0.7059 -0.0076
vn 0.0046 -0.8442 0.5360
vn 0.4571 -0.8894 -0.0072
vn 0.4476 -0.8942 -0.0071
vn -0.0004 -1.0000 0.0004
vn 0.0046 -0.0552 0.9985
vn 0.0047 -0.0539 0.9985
vn -0.0039 1.0000 0.0020
vn -0.0038 0.1182 0.9930
vn -0.0038 0.1120 0.9937
vn -0.0046 -0.0009 1.0000
vn -0.0044 -0.2930 0.9561
vn -0.0046 -0.0488 0.9988
vn 0.0092 0.0062 -0.9999
vn 0.0087 -0.2988 -0.9543
vn 0.0088 -0.2578 -0.9662
vn 0.0069 -0.9999 -0.0152
vn 0.0063 -1.0000 -0.0002
vn -0.9885 0.1514 0.0042
vn 0.9883 0.1521 -0.0091
vn 0.9891 0.1467 -0.0093
vn 0.0093 -0.0011 -1.0000
vn 0.7730 0.6344 0.0048
vn 0.7529 0.6582 0.0047
vn -0.0009 -1.0000 -0.0066
vn -0.0033 -0.0523 -0.9986
vn 0.0001 -0.0520 -0.9986
vn -0.0033 -0.0538 -0.9985
vn -0.0000 -1.0000 0.0053
vn -0.0034 -1.0000 0.0052
vn -0.9976 -0.0689 -0.0071
vn 0.4514 -0.8923 0.0030
vn -0.9891 0.1466 -0.0093
vn 0.8291 0.5591 0.0049
vn 0.8984 0.4391 0.0052
vn 0.9515 0.3075 0.0055
vn 0.9330 -0.3599 0.0054
vn 0.9503 -0.3113 0.0053
vn -0.8290 -0.5591 -0.0143
vn -0.7730 -0.6343 -0.0138
vn -0.8983 -0.4391 -0.0153
vn -0.9514 -0.3075 -0.0160
vn -0.9788 -0.2044 -0.0163
vn -0.9330 -0.3597 0.0054
vn -0.9462 -0.3236 0.0052
vn -0.7454 -0.6664 -0.0137
vn 0.0061 -1.0000 0.0057
vn -0.0045 -0.0145 0.9999
vn 0.7117 -0.7025 0.0037
vn -0.9871 -0.1591 -0.0163
vn 0.0063 1.0000 0.0032
vn 0.0046 -0.0524 -0.9986
vn 0.0047 -0.0539 -0.9985
vn -0.5766 -0.8170 -0.0049
vn -0.5849 -0.8111 -0.0050
vn 0.5849 -0.8111 -0.0050
vn 0.5766 -0.8170 -0.0049
vn -0.1321 0.6658 -0.7343
vn -0.0000 -0.8995 -0.4369
vn 0.6613 0.7502 -0.0025
vn 0.6550 0.7556 -0.0026
vn 0.6574 0.7535 -0.0081
vn 0.6634 0.7482 -0.0080
vn 0.0068 -0.6026 -0.7980
vn 0.0070 -0.5928 -0.8053
vn -0.0030 0.4806 -0.8769
vn -0.0033 0.4884 -0.8726
vn -0.3312 -0.9436 -0.0037
vn -0.2429 -0.9701 -0.0017
vn -0.0000 -0.3227 -0.9465
vn -0.0000 -0.7118 -0.7024
vn 0.0002 0.7297 -0.6837
vn -0.0050 0.7382 -0.6746
vn -0.0042 0.7464 -0.6655
vn -0.0002 0.7394 -0.6733
vn 0.0126 -0.9999 -0.0066
vn 0.0127 -0.9999 -0.0068
vn 0.0120 0.0094 -0.9999
vn 0.0121 0.0048 -0.9999
vn 0.0026 0.5132 -0.8582
vn -0.0038 0.5006 -0.8657
vn -0.0035 0.4931 -0.8699
vn 0.0030 0.5066 -0.8622
vn -0.6634 0.7482 -0.0080
vn -0.6574 0.7535 -0.0081
vn 0.0023 -0.9028 -0.4300
vn 0.0024 -0.8989 -0.4382
vn 0.2429 -0.9701 -0.0017
vn 0.3312 -0.9436 -0.0037
vn 0.0094 0.9999 -0.0052
vn 0.2467 -0.9691 -0.0022
vn 0.2427 -0.9701 -0.0021
vn -0.0044 0.7639 -0.6453
vn -0.0048 0.7700 -0.6380
vn 0.0286 -0.4100 -0.9116
vn -0.0041 -0.6605 -0.7508
vn 0.4502 0.8929 -0.0026
vn 0.4462 0.8950 -0.0027
vn -0.0051 0.8319 -0.5550
vn -0.0047 0.8280 -0.5607
vn 0.4426 0.8967 -0.0059
vn 0.4382 0.8989 -0.0058
vn -0.7071 0.0068 0.7071
vn -0.5773 0.5774 0.5773
vn -0.7075 0.7067 0.0048
vn -0.0087 0.7089 0.7052
vn -0.0094 0.9999 0.0052
vn -0.0090 -0.7040 0.7102
vn -0.5774 -0.5774 0.5773
vn -0.7071 -0.7071 0.0048
vn -0.7070 -0.0121 0.7071
vn 0.7041 -0.0852 0.7050
vn 0.5410 -0.4258 0.7253
vn 0.0026 -0.0276 0.9996
vn 0.6846 -0.7289 0.0081
vn -0.0005 -0.7050 0.7092
vn 0.7064 -0.0869 -0.7024
vn 0.4302 -0.7931 -0.4312
vn 0.6805 -0.7327 -0.0020
vn 0.0018 -0.7277 -0.6858
vn -0.6846 -0.7289 0.0081
vn -0.5410 -0.4257 0.7253
vn -0.0141 -0.6999 0.7141
vn -0.7041 -0.0852 0.7050
vn -0.0035 -0.0281 0.9996
vn -0.6805 -0.7327 -0.0020
vn -0.4303 -0.7931 -0.4311
vn -0.7041 -0.0869 -0.7047
vn -0.0024 -0.7287 -0.6849
vn -0.6472 -0.3825 0.6594
vn -0.6872 -0.1522 0.7104
vn -0.0089 -0.1352 0.9908
vn -0.9957 -0.0909 0.0156
vn -0.6706 0.1016 0.7348
vn 0.6697 -0.1101 0.7344
vn 0.6598 -0.2562 0.7064
vn 0.0045 -0.1354 0.9908
vn 0.9691 -0.2463 0.0153
vn 0.6432 -0.3907 0.6585
vn 0.6703 -0.1097 -0.7340
vn 0.7455 -0.2492 -0.6182
vn 0.9695 -0.2449 -0.0038
vn 0.6243 -0.3884 -0.6778
vn -0.6239 -0.3828 -0.6813
vn -0.7337 -0.1320 -0.6666
vn -0.9960 -0.0894 -0.0044
vn -0.6702 0.1027 -0.7350
vn 0.4235 -0.7753 -0.4686
vn 0.6667 -0.3247 -0.6709
vn 0.0039 -0.2693 -0.9630
vn 0.9515 -0.3078 -0.0045
vn 0.6929 0.1892 -0.6958
vn -0.9514 -0.3078 -0.0045
vn -0.6666 -0.3247 -0.6709
vn -0.6928 0.1892 -0.6959
vn -0.4235 -0.7753 -0.4686
vn -0.0061 -0.2699 -0.9629
vn 0.4235 -0.7753 0.4686
vn 0.6666 -0.3247 0.6709
vn 0.9512 -0.3085 0.0097
vn 0.0039 -0.2694 0.9630
vn 0.6929 0.1892 0.6958
vn -0.4235 -0.7753 0.4686
vn -0.6667 -0.3247 0.6709
vn -0.0061 -0.2699 0.9629
vn -0.9512 -0.3085 0.0097
vn -0.6929 0.1892 0.6958
vn -0.5666 0.4936 0.6598
vn -0.5411 -0.2251 0.8103
vn -0.0061 -0.7039 0.7103
vn -0.9117 -0.4100 0.0265
vn 0.4108 -0.9117 0.0099
vn 0.3498 -0.7762 0.5246
vn 0.0024 -0.7082 0.7061
vn 0.5633 -0.5041 0.6546
vn 0.4109 -0.9117 -0.0024
vn 0.3732 -0.8097 -0.4528
vn 0.5648 -0.5045 -0.6530
vn 0.0021 -0.7083 -0.7059
vn -0.9117 -0.4109 -0.0075
vn -0.5390 -0.2429 -0.8065
vn -0.0049 -0.7049 -0.7093
vn -0.5676 0.4957 -0.6574
vn 0.6919 0.1565 -0.7048
vn 0.4840 -0.6522 -0.5834
vn 0.0043 -0.4253 -0.9050
vn 0.8908 -0.4543 -0.0061
vn 0.2450 -0.9240 -0.2938
vn 0.6919 0.1565 0.7048
vn 0.4840 -0.6522 0.5834
vn 0.8890 -0.4577 0.0129
vn 0.0043 -0.4253 0.9050
vn 0.2450 -0.9240 0.2938
vn -0.6919 0.1565 0.7048
vn -0.4840 -0.6522 0.5834
vn -0.0067 -0.4264 0.9045
vn -0.8890 -0.4577 0.0129
vn -0.2450 -0.9239 0.2938
vn -0.6919 0.1565 -0.7048
vn -0.4840 -0.6522 -0.5834
vn -0.8909 -0.4542 -0.0061
vn -0.0067 -0.4265 -0.9045
vn -0.2450 -0.9239 -0.2938
vn 0.0041 -0.5999 -0.8000
vn 0.4912 -0.7018 -0.5159
vn 0.6134 -0.4313 -0.6617
vn 0.2449 -0.9255 -0.2890
vn 0.7478 -0.6639 -0.0047
vn 0.7456 -0.6662 0.0126
vn 0.4959 -0.7008 0.5128
vn 0.6308 -0.4345 0.6429
vn 0.2450 -0.9255 0.2889
vn 0.0041 -0.5999 0.8001
vn -0.0079 -0.6018 0.7986
vn -0.4958 -0.7008 0.5128
vn -0.6307 -0.4346 0.6429
vn -0.2450 -0.9255 0.2889
vn -0.7456 -0.6663 0.0126
vn -0.2449 -0.9255 -0.2890
vn -0.4912 -0.7018 -0.5159
vn -0.7477 -0.6640 -0.0047
vn -0.0079 -0.6019 -0.7985
vn -0.6133 -0.4314 -0.6616
vn -0.7040 -0.0867 -0.7049
vn -0.5511 -0.5682 -0.6110
vn -0.9067 -0.4218 -0.0046
vn -0.0054 -0.3626 -0.9319
vn -0.4184 -0.7800 -0.4653
vn 0.0037 -0.3618 -0.9322
vn 0.5511 -0.5682 -0.6110
vn 0.4184 -0.7800 -0.4653
vn 0.7040 -0.0867 -0.7049
vn 0.9067 -0.4218 -0.0046
vn 0.9058 -0.4236 0.0092
vn 0.5511 -0.5682 0.6110
vn 0.4184 -0.7800 0.4653
vn 0.7039 -0.0867 0.7049
vn 0.0037 -0.3618 0.9322
vn -0.0054 -0.3625 0.9320
vn -0.5511 -0.5682 0.6110
vn -0.4184 -0.7800 0.4653
vn -0.7040 -0.0867 0.7049
vn -0.9058 -0.4236 0.0091
vn -0.7072 -0.0152 0.7069
vn -0.6238 -0.4392 0.6465
vn -0.8887 -0.4585 0.0069
vn -0.0119 -0.3143 0.9493
vn -0.3441 -0.8118 0.4718
vn -0.2393 0.8885 0.3916
vn -0.3330 -0.2355 0.9131
vn -0.0041 -0.1447 0.9895
vn -0.9942 -0.1066 0.0165
vn -0.1859 -0.8866 0.4236
vn -0.9110 0.4124 0.0069
vn -0.6385 0.3946 0.6607
vn -0.7071 0.0079 0.7070
vn -0.4026 0.7520 0.5220
vn -0.0116 0.2656 0.9640
vn 0.0027 0.6307 0.7760
vn -0.3319 0.8190 0.4681
vn -0.2381 0.8944 0.3787
vn -0.3968 0.7578 0.5180
vn -0.5523 0.8336 0.0095
vn -0.0043 -0.7723 0.6352
vn -0.2590 -0.8970 0.3582
vn -0.3370 -0.8185 0.4654
vn -0.1310 -0.9653 0.2261
vn -0.4186 -0.9082 0.0036
vn -0.1264 -0.9666 0.2231
vn -0.1186 -0.9643 0.2369
vn -0.2426 -0.9701 0.0023
vn -0.0017 -0.9024 0.4309
vn -0.1309 -0.9678 0.2149
vn 0.7075 0.7067 0.0048
vn 0.5773 0.5774 0.5774
vn 0.7071 0.0068 0.7071
vn 0.0087 0.7089 0.7052
vn 0.7071 -0.7071 0.0048
vn 0.5774 -0.5774 0.5773
vn 0.0090 -0.7040 0.7102
vn 0.7071 -0.0121 0.7070
vn 0.0005 -0.7050 0.7092
vn -0.0026 -0.0276 0.9996
vn -0.7042 -0.0869 -0.7047
vn -0.0018 -0.7277 -0.6858
vn 0.0035 -0.0282 0.9996
vn 0.0141 -0.6999 0.7141
vn 0.7065 -0.0869 -0.7024
vn 0.6805 -0.7327 -0.0019
vn 0.0024 -0.7287 -0.6849
vn 0.0089 -0.1352 0.9908
vn 0.6872 -0.1522 0.7103
vn 0.6472 -0.3825 0.6594
vn 0.6707 0.1016 0.7348
vn 0.9957 -0.0909 0.0156
vn -0.0045 -0.1354 0.9908
vn -0.6597 -0.2562 0.7065
vn -0.6697 -0.1101 0.7344
vn -0.6432 -0.3907 0.6585
vn -0.9691 -0.2463 0.0153
vn -0.9695 -0.2449 -0.0038
vn -0.7455 -0.2492 -0.6182
vn -0.6703 -0.1097 -0.7340
vn -0.6243 -0.3884 -0.6778
vn 0.9960 -0.0894 -0.0044
vn 0.7336 -0.1320 -0.6666
vn 0.6239 -0.3828 -0.6813
vn 0.6702 0.1027 -0.7350
vn -0.0039 -0.2694 -0.9630
vn -0.4250 -0.7753 -0.4671
vn -0.6929 0.1892 -0.6958
vn 0.6666 -0.3247 -0.6709
vn 0.0061 -0.2699 -0.9629
vn -0.4250 -0.7754 0.4671
vn -0.0038 -0.2693 0.9630
vn 0.0060 -0.2699 0.9629
vn 0.6667 -0.3247 0.6709
vn 0.4250 -0.7754 0.4671
vn 0.0049 -0.7049 0.7093
vn 0.5382 -0.2426 0.8072
vn 0.5667 0.4950 0.6587
vn 0.9115 -0.4107 0.0219
vn -0.0022 -0.7084 0.7058
vn -0.3729 -0.8094 0.4536
vn -0.4110 -0.9116 0.0070
vn -0.5640 -0.5039 0.6543
vn -0.5641 -0.5048 -0.6534
vn -0.3500 -0.7767 -0.5237
vn -0.4108 -0.9117 -0.0034
vn -0.0024 -0.7081 -0.7061
vn 0.0061 -0.7039 -0.7103
vn 0.5420 -0.2251 -0.8097
vn 0.9117 -0.4106 -0.0091
vn 0.5674 0.4943 -0.6586
vn -0.0043 -0.4253 -0.9050
vn -0.2450 -0.9240 -0.2938
vn -0.8908 -0.4543 -0.0061
vn -0.2450 -0.9240 0.2938
vn -0.0043 -0.4253 0.9050
vn 0.0067 -0.4265 0.9045
vn 0.2450 -0.9239 0.2938
vn 0.8909 -0.4542 -0.0061
vn 0.0067 -0.4264 -0.9045
vn -0.6134 -0.4313 -0.6616
vn -0.0041 -0.5999 -0.8000
vn -0.7478 -0.6639 -0.0047
vn -0.6308 -0.4345 0.6429
vn -0.4959 -0.7008 0.5128
vn -0.7456 -0.6662 0.0126
vn -0.0041 -0.5999 0.8001
vn -0.2449 -0.9255 0.2889
vn 0.6307 -0.4346 0.6429
vn 0.4958 -0.7009 0.5128
vn 0.0079 -0.6018 0.7986
vn 0.7456 -0.6663 0.0126
vn 0.7477 -0.6640 -0.0047
vn 0.6133 -0.4315 -0.6616
vn 0.0079 -0.6019 -0.7985
vn 0.5511 -0.5683 -0.6110
vn 0.0055 -0.3626 -0.9319
vn -0.0037 -0.3618 -0.9323
vn -0.9067 -0.4218 -0.0047
vn -0.9058 -0.4236 0.0092
vn -0.0037 -0.3618 0.9322
vn -0.7039 -0.0867 0.7049
vn 0.0054 -0.3626 0.9319
vn 0.7040 -0.0867 0.7049
vn 0.8887 -0.4585 0.0069
vn 0.6238 -0.4392 0.6465
vn 0.7072 -0.0152 0.7069
vn 0.3441 -0.8118 0.4718
vn 0.0119 -0.3143 0.9493
vn 0.0041 -0.1447 0.9895
vn 0.3330 -0.2354 0.9131
vn 0.2393 0.8885 0.3915
vn 0.1859 -0.8866 0.4236
vn 0.9942 -0.1066 0.0165
vn 0.7071 0.0079 0.7070
vn 0.6385 0.3946 0.6608
vn 0.9110 0.4124 0.0069
vn 0.0116 0.2656 0.9640
vn 0.4026 0.7520 0.5220
vn 0.2381 0.8944 0.3787
vn 0.3319 0.8190 0.4681
vn -0.0027 0.6307 0.7760
vn 0.5523 0.8336 0.0095
vn 0.3968 0.7578 0.5180
vn 0.3370 -0.8185 0.4654
vn 0.2590 -0.8970 0.3582
vn 0.0043 -0.7723 0.6352
vn 0.4186 -0.9082 0.0036
vn 0.1310 -0.9653 0.2261
vn 0.2426 -0.9701 0.0023
vn 0.1186 -0.9643 0.2369
vn 0.1264 -0.9666 0.2231
vn 0.1309 -0.9678 0.2150
vn 0.0017 -0.9024 0.4309
vn -0.7075 0.7067 -0.0048
vn -0.5773 0.5774 -0.5774
vn -0.7071 0.0068 -0.7071
vn -0.0087 0.7089 -0.7052
vn -0.7071 -0.7071 -0.0048
vn -0.5774 -0.5774 -0.5773
vn -0.0090 -0.7040 -0.7102
vn -0.7071 -0.0121 -0.7070
vn -0.0005 -0.7050 -0.7092
vn 0.5410 -0.4257 -0.7253
vn 0.0026 -0.0276 -0.9996
vn 0.6846 -0.7289 -0.0081
vn 0.7041 -0.0852 -0.7050
vn 0.6805 -0.7327 0.0020
vn 0.4303 -0.7931 0.4311
vn 0.7042 -0.0869 0.7047
vn 0.0018 -0.7277 0.6858
vn -0.0035 -0.0282 -0.9996
vn -0.5410 -0.4258 -0.7253
vn -0.0141 -0.6999 -0.7141
vn -0.7041 -0.0852 -0.7050
vn -0.6846 -0.7289 -0.0081
vn -0.7065 -0.0869 0.7024
vn -0.4302 -0.7931 0.4312
vn -0.6805 -0.7327 0.0019
vn -0.0024 -0.7287 0.6849
vn -0.0089 -0.1352 -0.9908
vn -0.6872 -0.1522 -0.7103
vn -0.6472 -0.3825 -0.6594
vn -0.6707 0.1016 -0.7348
vn -0.9957 -0.0909 -0.0156
vn 0.0045 -0.1354 -0.9908
vn 0.6597 -0.2562 -0.7065
vn 0.6697 -0.1101 -0.7344
vn 0.6432 -0.3907 -0.6585
vn 0.9691 -0.2463 -0.0153
vn 0.9695 -0.2449 0.0038
vn 0.7455 -0.2492 0.6182
vn 0.6703 -0.1097 0.7340
vn 0.6243 -0.3884 0.6778
vn -0.9960 -0.0894 0.0044
vn -0.7336 -0.1320 0.6666
vn -0.6239 -0.3828 0.6813
vn -0.6702 0.1027 0.7350
vn 0.4250 -0.7753 0.4671
vn 0.9514 -0.3078 0.0045
vn -0.6666 -0.3247 0.6709
vn -0.9515 -0.3078 0.0045
vn 0.9512 -0.3085 -0.0097
vn 0.4250 -0.7754 -0.4671
vn 0.0038 -0.2693 -0.9630
vn -0.0060 -0.2699 -0.9629
vn -0.6667 -0.3247 -0.6709
vn -0.4250 -0.7754 -0.4671
vn -0.9512 -0.3085 -0.0097
vn -0.5382 -0.2426 -0.8072
vn -0.5667 0.4950 -0.6587
vn -0.9115 -0.4107 -0.0219
vn 0.0022 -0.7084 -0.7058
vn 0.3729 -0.8094 -0.4536
vn 0.4110 -0.9116 -0.0070
vn 0.5640 -0.5039 -0.6543
vn 0.5641 -0.5048 0.6534
vn 0.3500 -0.7767 0.5237
vn 0.4108 -0.9117 0.0034
vn 0.0024 -0.7081 0.7061
vn -0.5420 -0.2251 0.8097
vn -0.9117 -0.4106 0.0091
vn -0.5674 0.4943 0.6586
vn 0.8908 -0.4543 0.0061
vn 0.8890 -0.4577 -0.0129
vn -0.8890 -0.4577 -0.0129
vn -0.8909 -0.4542 0.0061
vn 0.6134 -0.4313 0.6616
vn 0.4912 -0.7018 0.5159
vn 0.0041 -0.5999 0.8000
vn 0.7478 -0.6639 0.0047
vn 0.2449 -0.9255 0.2890
vn 0.6308 -0.4345 -0.6429
vn 0.4959 -0.7008 -0.5128
vn 0.7456 -0.6662 -0.0126
vn 0.0041 -0.5999 -0.8001
vn 0.2449 -0.9255 -0.2889
vn -0.6307 -0.4346 -0.6429
vn -0.4958 -0.7009 -0.5128
vn -0.0079 -0.6018 -0.7986
vn -0.7456 -0.6663 -0.0126
vn -0.2450 -0.9255 -0.2889
vn -0.7477 -0.6640 0.0047
vn -0.4912 -0.7018 0.5159
vn -0.2449 -0.9255 0.2890
vn -0.6133 -0.4315 0.6616
vn -0.0079 -0.6019 0.7985
vn -0.9067 -0.4218 0.0046
vn -0.5511 -0.5683 0.6110
vn -0.0055 -0.3626 0.9319
vn 0.0037 -0.3618 0.9323
vn 0.9067 -0.4218 0.0047
vn 0.9058 -0.4236 -0.0092
vn 0.7039 -0.0867 -0.7049
vn -0.9058 -0.4236 -0.0092
vn -0.8887 -0.4585 -0.0069
vn -0.6238 -0.4392 -0.6465
vn -0.7072 -0.0152 -0.7069
vn -0.3441 -0.8118 -0.4718
vn -0.0119 -0.3143 -0.9493
vn -0.0041 -0.1447 -0.9895
vn -0.3330 -0.2354 -0.9131
vn -0.2393 0.8885 -0.3915
vn -0.1859 -0.8866 -0.4236
vn -0.9942 -0.1066 -0.0165
vn -0.7071 0.0079 -0.7070
vn -0.6385 0.3946 -0.6608
vn -0.9110 0.4124 -0.0069
vn -0.0116 0.2656 -0.9640
vn -0.4026 0.7520 -0.5220
vn -0.2381 0.8944 -0.3787
vn -0.3319 0.8190 -0.4681
vn 0.0027 0.6307 -0.7760
vn -0.5523 0.8336 -0.0095
vn -0.3968 0.7578 -0.5180
vn -0.3370 -0.8185 -0.4654
vn -0.2590 -0.8970 -0.3582
vn -0.0043 -0.7723 -0.6352
vn -0.4186 -0.9082 -0.0036
vn -0.1310 -0.9653 -0.2261
vn -0.2426 -0.9701 -0.0023
vn -0.1186 -0.9643 -0.2369
vn -0.1264 -0.9666 -0.2231
vn -0.1309 -0.9678 -0.2150
vn -0.0017 -0.9024 -0.4309
vn 0.7071 0.0068 -0.7071
vn 0.5773 0.5774 -0.5773
vn 0.7075 0.7067 -0.0048
vn 0.0087 0.7089 -0.7052
vn 0.0090 -0.7040 -0.7102
vn 0.5774 -0.5774 -0.5773
vn 0.7071 -0.7071 -0.0048
vn 0.7070 -0.0121 -0.7071
vn -0.0026 -0.0276 -0.9996
vn 0.0005 -0.7050 -0.7092
vn -0.7064 -0.0869 0.7024
vn -0.6805 -0.7327 0.0020
vn -0.0018 -0.7277 0.6858
vn 0.0141 -0.6999 -0.7141
vn 0.0035 -0.0281 -0.9996
vn 0.7041 -0.0869 0.7047
vn 0.0024 -0.7287 0.6849
vn 0.6472 -0.3825 -0.6594
vn 0.6872 -0.1522 -0.7104
vn 0.0089 -0.1352 -0.9908
vn 0.9957 -0.0909 -0.0156
vn 0.6706 0.1016 -0.7348
vn -0.6697 -0.1101 -0.7344
vn -0.6598 -0.2562 -0.7064
vn -0.0045 -0.1354 -0.9908
vn -0.9691 -0.2463 -0.0153
vn -0.6432 -0.3907 -0.6585
vn -0.6703 -0.1097 0.7340
vn -0.7455 -0.2492 0.6182
vn -0.9695 -0.2449 0.0038
vn -0.6243 -0.3884 0.6778
vn 0.6239 -0.3828 0.6813
vn 0.7337 -0.1320 0.6666
vn 0.9960 -0.0894 0.0044
vn 0.6702 0.1027 0.7350
vn -0.0039 -0.2693 0.9630
vn 0.6928 0.1892 0.6959
vn 0.0061 -0.2699 0.9629
vn 0.5666 0.4936 -0.6598
vn 0.5411 -0.2251 -0.8103
vn 0.9117 -0.4100 -0.0265
vn -0.4108 -0.9117 -0.0099
vn -0.3498 -0.7762 -0.5246
vn -0.0024 -0.7082 -0.7061
vn -0.5633 -0.5041 -0.6546
vn -0.4109 -0.9117 0.0024
vn -0.3732 -0.8097 0.4528
vn -0.5648 -0.5045 0.6530
vn -0.0021 -0.7083 0.7059
vn 0.9117 -0.4109 0.0075
vn 0.5390 -0.2429 0.8065
vn 0.5676 0.4957 0.6574
vn -0.8908 -0.4543 0.0061
vn 0.2450 -0.9239 -0.2938
vn 0.8909 -0.4542 0.0061
vn -0.0041 -0.5999 0.8000
vn -0.6134 -0.4313 0.6617
vn -0.7478 -0.6639 0.0047
vn -0.7456 -0.6662 -0.0126
vn -0.4959 -0.7008 -0.5128
vn -0.6308 -0.4345 -0.6429
vn -0.0041 -0.5999 -0.8001
vn 0.0079 -0.6018 -0.7986
vn 0.4958 -0.7008 -0.5128
vn 0.6307 -0.4346 -0.6429
vn 0.2450 -0.9255 -0.2889
vn 0.7456 -0.6663 -0.0126
vn 0.7477 -0.6640 0.0047
vn 0.0079 -0.6019 0.7985
vn 0.6133 -0.4314 0.6616
vn 0.9067 -0.4218 0.0046
vn -0.7039 -0.0867 -0.7049
vn -0.0037 -0.3618 -0.9322
vn 0.0054 -0.3625 -0.9320
vn 0.9058 -0.4236 -0.0091
vn 0.7072 -0.0152 -0.7069
vn 0.6238 -0.4392 -0.6465
vn 0.8887 -0.4585 -0.0069
vn 0.0119 -0.3143 -0.9493
vn 0.3441 -0.8118 -0.4718
vn 0.2393 0.8885 -0.3916
vn 0.3330 -0.2355 -0.9131
vn 0.0041 -0.1447 -0.9895
vn 0.9942 -0.1066 -0.0165
vn 0.1859 -0.8866 -0.4236
vn 0.9110 0.4124 -0.0069
vn 0.6385 0.3946 -0.6607
vn 0.7071 0.0079 -0.7070
vn 0.4026 0.7520 -0.5220
vn 0.0116 0.2656 -0.9640
vn -0.0027 0.6307 -0.7760
vn 0.3319 0.8190 -0.4681
vn 0.2381 0.8944 -0.3787
vn 0.3968 0.7578 -0.5180
vn 0.5523 0.8336 -0.0095
vn 0.0043 -0.7723 -0.6352
vn 0.2590 -0.8970 -0.3582
vn 0.3370 -0.8185 -0.4654
vn 0.1310 -0.9653 -0.2261
vn 0.4186 -0.9082 -0.0036
vn 0.1264 -0.9666 -0.2231
vn 0.1186 -0.9643 -0.2369
vn 0.2426 -0.9701 -0.0023
vn 0.0017 -0.9024 -0.4309
vn 0.1309 -0.9678 -0.2149
vn -0.7071 0.7071 -0.0000
vn -0.7071 -0.7071 -0.0000
vn -0.0000 0.7071 0.7071
vn -0.0000 -0.0261 0.9997
vn 0.6822 -0.7311 -0.0000
vn -0.0000 -0.7271 -0.6866
vn 0.7066 0.7076 -0.0000
vn 0.7071 0.7071 -0.0000
vn -0.6822 -0.7311 -0.0000
vn -0.0000 -0.7071 0.7071
vn -0.0000 -0.1343 0.9909
vn 0.9697 -0.2445 -0.0000
vn -0.9960 -0.0891 -0.0000
vn -0.9516 -0.3074 -0.0000
vn -0.0000 -0.2690 0.9631
vn 0.9517 -0.3071 -0.0000
vn -0.0000 -0.2690 -0.9631
vn 0.0002 -0.7074 0.7068
vn 0.4109 -0.9117 -0.0003
vn -0.0002 -0.7072 -0.7070
vn -0.9117 -0.4109 0.0006
vn 0.5767 -0.4734 0.6658
vn 0.6673 -0.1392 -0.7317
vn -0.6673 0.1391 -0.7317
vn -0.5768 0.4731 0.6659
vn 0.6660 -0.1391 0.7328
vn 0.6543 -0.2115 0.7261
vn 0.6321 -0.3091 0.7106
vn 0.6021 -0.4063 0.6873
vn 0.5776 -0.4740 -0.6646
vn 0.6033 -0.4069 -0.6859
vn 0.6335 -0.3098 -0.7090
vn 0.6562 -0.2121 -0.7242
vn -0.5777 0.4738 -0.6647
vn -0.6033 0.4068 -0.6859
vn -0.6336 0.3096 -0.7091
vn -0.6562 0.2120 -0.7242
vn -0.6660 0.1390 0.7329
vn -0.6543 0.2114 0.7261
vn -0.6321 0.3089 0.7106
vn -0.6022 0.4060 0.6873
vn -0.8930 -0.4501 -0.0000
vn -0.0000 -0.4215 0.9068
vn 0.8929 -0.4502 -0.0000
vn -0.0000 -0.4215 -0.9068
vn -0.7486 -0.6631 -0.0000
vn -0.0000 -0.5987 0.8010
vn 0.7484 -0.6632 -0.0000
vn -0.0000 -0.5989 -0.8008
vn -0.0000 -0.3594 -0.9332
vn 0.9079 -0.4192 -0.0000
vn -0.0000 -0.3594 0.9332
vn -0.9078 -0.4195 -0.0000
vn 0.5300 0.8035 -0.2711
vn -0.0000 0.7076 -0.7066
vn -0.0000 0.7071 -0.7071
vn 0.7075 0.7067 -0.0000
vn 0.5330 0.8016 -0.2710
vn -0.0000 0.7065 -0.7077
vn -0.0000 -0.3104 0.9506
vn -0.8892 -0.4575 -0.0000
vn -0.9943 -0.1066 0.0001
vn 0.0002 -0.0671 0.9977
vn 0.0002 -0.1184 0.9930
vn -0.9936 -0.1132 0.0001
vn -0.9932 -0.1160 -0.0000
vn 0.0001 -0.1364 0.9907
vn -0.0000 -0.0538 0.9986
vn 0.0001 0.2505 0.9681
vn 0.0001 0.2573 0.9663
vn -0.9101 0.4144 0.0001
vn -0.9084 0.4181 -0.0000
vn -0.0000 0.2274 0.9738
vn 0.0001 0.2316 0.9728
vn -0.9074 0.4203 -0.0000
vn 0.0076 0.6413 0.7673
vn 0.0075 0.6324 0.7746
vn -0.5548 0.8320 0.0051
vn -0.5566 0.8308 0.0042
vn -0.0000 0.6746 0.7382
vn 0.0079 0.6681 0.7440
vn -0.5572 0.8304 -0.0000
vn -0.4199 -0.9076 -0.0000
vn -0.0000 -0.7687 0.6396
vn -0.0000 -0.7691 0.6391
vn 0.7071 -0.7071 -0.0000
vn -0.7066 0.7076 -0.0000
vn 0.6822 -0.7312 -0.0000
vn -0.9697 -0.2445 -0.0000
vn 0.9960 -0.0891 -0.0000
vn 0.9515 -0.3076 -0.0000
vn -0.0000 -0.2687 0.9632
vn -0.9515 -0.3076 -0.0000
vn 0.0002 -0.7073 0.7069
vn -0.4109 -0.9117 0.0003
vn -0.0002 -0.7074 -0.7068
vn 0.9117 -0.4109 -0.0006
vn -0.5767 -0.4733 0.6659
vn -0.6673 -0.1392 -0.7317
vn 0.6673 0.1391 -0.7317
vn 0.5768 0.4730 0.6660
vn -0.6660 -0.1391 0.7328
vn -0.6543 -0.2115 0.7261
vn -0.6321 -0.3091 0.7106
vn -0.6022 -0.4062 0.6873
vn -0.5775 -0.4741 -0.6646
vn -0.6033 -0.4069 -0.6859
vn -0.6335 -0.3098 -0.7090
vn -0.6562 -0.2121 -0.7242
vn 0.5777 0.4739 -0.6646
vn 0.6033 0.4068 -0.6859
vn 0.6336 0.3096 -0.7091
vn 0.6562 0.2120 -0.7242
vn 0.6660 0.1390 0.7329
vn 0.6543 0.2114 0.7261
vn 0.6321 0.3089 0.7106
vn 0.6022 0.4060 0.6873
vn 0.8930 -0.4500 -0.0000
vn -0.0000 -0.4214 -0.9069
vn 0.7486 -0.6631 -0.0000
vn -0.0000 -0.5988 0.8009
vn -0.7485 -0.6631 -0.0000
vn -0.0000 -0.5989 -0.8009
vn -0.0000 -0.3593 -0.9332
vn -0.9077 -0.4196 -0.0000
vn 0.9078 -0.4194 -0.0000
vn -0.5300 0.8035 -0.2711
vn -0.7076 0.7066 -0.0000
vn -0.5330 0.8016 -0.2710
vn 0.8892 -0.4575 -0.0000
vn 0.9943 -0.1066 0.0001
vn -0.0002 -0.0671 0.9977
vn -0.0002 -0.1184 0.9930
vn 0.9936 -0.1132 0.0001
vn 0.9932 -0.1160 -0.0000
vn -0.0001 -0.1364 0.9907
vn -0.0001 0.2506 0.9681
vn -0.0001 0.2573 0.9663
vn 0.9100 0.4145 0.0001
vn 0.9084 0.4181 -0.0000
vn -0.0001 0.2316 0.9728
vn 0.9074 0.4203 -0.0000
vn -0.0076 0.6413 0.7673
vn -0.0075 0.6324 0.7746
vn 0.5551 0.8318 0.0051
vn 0.5566 0.8308 0.0042
vn -0.0078 0.6681 0.7440
vn 0.5572 0.8304 -0.0000
vn 0.4196 -0.9077 -0.0000
vn 0.4199 -0.9076 -0.0000
vn -0.0000 -0.7690 0.6393
vn -0.0000 -0.0261 -0.9997
vn -0.0000 -0.7271 0.6866
vn -0.6822 -0.7312 -0.0000
vn -0.0000 -0.7071 -0.7071
vn -0.0000 -0.1343 -0.9909
vn -0.0000 -0.2687 -0.9632
vn -0.0002 -0.7073 -0.7069
vn 0.5767 -0.4733 -0.6659
vn 0.6673 -0.1392 0.7317
vn -0.6673 0.1391 0.7317
vn -0.5768 0.4730 -0.6660
vn 0.6660 -0.1391 -0.7328
vn 0.6543 -0.2115 -0.7261
vn 0.6321 -0.3091 -0.7106
vn 0.6022 -0.4062 -0.6873
vn 0.5775 -0.4741 0.6646
vn 0.6033 -0.4069 0.6859
vn 0.6335 -0.3098 0.7090
vn 0.6562 -0.2121 0.7242
vn -0.5777 0.4739 0.6646
vn -0.6033 0.4068 0.6859
vn -0.6336 0.3096 0.7091
vn -0.6562 0.2120 0.7242
vn -0.6660 0.1390 -0.7329
vn -0.6543 0.2114 -0.7261
vn -0.6321 0.3089 -0.7106
vn -0.6022 0.4060 -0.6873
vn -0.8930 -0.4500 -0.0000
vn 0.8930 -0.4501 -0.0000
vn -0.0000 -0.4214 0.9069
vn -0.0000 -0.5988 -0.8009
vn 0.7485 -0.6631 -0.0000
vn -0.0000 -0.5989 0.8009
vn -0.0000 -0.3593 0.9332
vn 0.9077 -0.4196 -0.0000
vn -0.9078 -0.4194 -0.0000
vn 0.5300 0.8035 0.2711
vn -0.0000 0.7076 0.7066
vn 0.7076 0.7066 -0.0000
vn 0.5330 0.8016 0.2710
vn -0.0000 0.7065 0.7077
vn -0.0000 -0.3104 -0.9506
vn -0.9943 -0.1066 -0.0001
vn 0.0002 -0.0671 -0.9977
vn 0.0002 -0.1184 -0.9930
vn -0.9936 -0.1132 -0.0001
vn 0.0001 -0.1364 -0.9907
vn -0.0000 -0.0538 -0.9986
vn 0.0001 0.2506 -0.9681
vn 0.0001 0.2573 -0.9663
vn -0.9100 0.4145 -0.0001
vn -0.0000 0.2274 -0.9738
vn 0.0001 0.2316 -0.9728
vn 0.0076 0.6413 -0.7673
vn 0.0075 0.6324 -0.7746
vn -0.5551 0.8318 -0.0051
vn -0.5566 0.8308 -0.0042
vn -0.0000 0.6746 -0.7382
vn 0.0078 0.6681 -0.7440
vn -0.4196 -0.9077 -0.0000
vn -0.0000 -0.7687 -0.6396
vn -0.0000 -0.7690 -0.6393
vn 0.9516 -0.3074 -0.0000
vn -0.9517 -0.3071 -0.0000
vn 0.0002 -0.7072 0.7070
vn -0.5767 -0.4734 -0.6658
vn -0.6673 -0.1392 0.7317
vn 0.6673 0.1391 0.7317
vn 0.5768 0.4731 -0.6659
vn -0.6660 -0.1391 -0.7328
vn -0.6543 -0.2115 -0.7261
vn -0.6321 -0.3091 -0.7106
vn -0.6021 -0.4063 -0.6873
vn -0.5776 -0.4740 0.6646
vn -0.6033 -0.4069 0.6859
vn -0.6335 -0.3098 0.7090
vn -0.6562 -0.2121 0.7242
vn 0.5777 0.4738 0.6647
vn 0.6033 0.4068 0.6859
vn 0.6336 0.3096 0.7091
vn 0.6562 0.2120 0.7242
vn 0.6660 0.1390 -0.7329
vn 0.6543 0.2114 -0.7261
vn 0.6321 0.3089 -0.7106
vn 0.6022 0.4060 -0.6873
vn -0.8929 -0.4502 -0.0000
vn -0.0000 -0.5987 -0.8010
vn -0.7484 -0.6632 -0.0000
vn -0.0000 -0.5989 0.8008
vn -0.9079 -0.4192 -0.0000
vn 0.9078 -0.4195 -0.0000
vn -0.5300 0.8035 0.2711
vn -0.7075 0.7067 -0.0000
vn -0.5330 0.8016 0.2710
vn 0.9943 -0.1066 -0.0001
vn -0.0002 -0.0671 -0.9977
vn -0.0002 -0.1184 -0.9930
vn 0.9936 -0.1132 -0.0001
vn -0.0001 -0.1364 -0.9907
vn -0.0001 0.2505 -0.9681
vn -0.0001 0.2573 -0.9663
vn 0.9101 0.4144 -0.0001
vn -0.0001 0.2316 -0.9728
vn -0.0076 0.6413 -0.7673
vn -0.0075 0.6324 -0.7746
vn 0.5548 0.8320 -0.0051
vn 0.5566 0.8308 -0.0042
vn -0.0079 0.6681 -0.7440
vn -0.0000 -0.7691 -0.6391
vt 0.688272 0.395476
vt 0.638936 0.706075
vt 0.638936 0.797548
vt 0.688272 0.207381
vt 0.744033 0.207381
vt 0.791708 0.207381
vt 0.616736 0.867562
vt 0.635493 0.868522
vt 0.654710 0.869504
vt 0.674859 0.870535
vt 0.696128 0.871623
vt 0.874858 0.133885
vt 0.875836 0.152280
vt 0.876838 0.171126
vt 0.877889 0.190887
vt 0.878998 0.211746
vt 0.638936 0.758785
vt 0.905446 0.821300
vt 0.799202 0.764894
vt 0.793597 0.747313
vt 0.785676 0.730115
vt 0.774537 0.713615
vt 0.760780 0.697671
vt 0.905618 0.839433
vt 0.904047 0.857788
vt 0.900129 0.876265
vt 0.892918 0.894745
vt 0.883026 0.913242
vt 0.378233 0.943810
vt 0.381770 0.046264
vt 0.381770 0.098974
vt 0.437531 0.098974
vt 0.437531 0.287069
vt 0.437531 0.046264
vt 0.381770 0.287069
vt 0.688272 0.019286
vt 0.362624 0.646425
vt 0.362624 0.737898
vt 0.731836 0.534996
vt 0.732814 0.553392
vt 0.733816 0.572238
vt 0.734867 0.591998
vt 0.735976 0.612857
vt 0.864123 0.336661
vt 0.863144 0.318266
vt 0.862142 0.299420
vt 0.861092 0.279659
vt 0.859982 0.258801
vt 0.362624 0.699135
vt 0.601530 0.928988
vt 0.163887 0.768865
vt 0.182558 0.770867
vt 0.201294 0.775172
vt 0.219950 0.782707
vt 0.238557 0.792869
vt 0.583040 0.928819
vt 0.564323 0.930361
vt 0.545483 0.934202
vt 0.526639 0.941275
vt 0.507778 0.950976
vt 0.713623 0.959727
vt 0.381770 0.527875
vt 0.381770 0.475164
vt 0.437531 0.475164
vt 0.437531 0.527875
vt 0.632511 0.207381
vt 0.584835 0.207381
vt 0.111631 0.863683
vt 0.092873 0.862724
vt 0.073657 0.861741
vt 0.053507 0.860711
vt 0.032239 0.859623
vt 0.391513 0.908975
vt 0.410270 0.909935
vt 0.429487 0.910918
vt 0.449636 0.911948
vt 0.470905 0.913036
vt 0.929389 0.553036
vt 0.614149 0.499024
vt 0.618818 0.481182
vt 0.625821 0.463604
vt 0.636073 0.446561
vt 0.648970 0.429940
vt 0.929217 0.571169
vt 0.930789 0.589525
vt 0.934706 0.608001
vt 0.941918 0.626482
vt 0.951809 0.644979
vt 0.709465 0.753896
vt 0.326009 0.098974
vt 0.326009 0.287069
vt 0.326009 0.046264
vt 0.204132 0.438806
vt 0.205110 0.420411
vt 0.206112 0.401565
vt 0.207163 0.381804
vt 0.208272 0.360946
vt 0.842728 0.581191
vt 0.843706 0.562796
vt 0.844708 0.543950
vt 0.845759 0.524189
vt 0.846868 0.503331
vt 0.929389 0.270618
vt 0.352304 0.811695
vt 0.333633 0.813697
vt 0.314897 0.818002
vt 0.296240 0.825537
vt 0.277634 0.835699
vt 0.929217 0.252485
vt 0.930789 0.234130
vt 0.934706 0.215653
vt 0.941918 0.197173
vt 0.951810 0.178676
vt 0.530419 0.742994
vt 0.326009 0.475164
vt 0.326009 0.527875
vt 0.285608 0.702325
vt 0.116898 0.930761
vt 0.010341 0.605951
vt 0.286194 0.702325
vt 0.117484 0.930762
vt 0.286194 0.702657
vt 0.117238 0.930188
vt 0.010003 0.606526
vt 0.116900 0.930187
vt 0.009756 0.605951
vt 0.285608 0.702899
vt 0.010341 0.606526
vt 0.139278 0.605951
vt 0.156677 0.702287
vt 0.139278 0.606526
vt 0.156677 0.702862
vt 0.761733 0.542867
vt 0.638936 0.811026
vt 0.761147 0.542867
vt 0.638936 0.811600
vt 0.767873 0.811026
vt 0.757109 0.878461
vt 0.761733 0.416418
vt 0.768458 0.811026
vt 0.757079 0.877888
vt 0.768458 0.811357
vt 0.756507 0.878160
vt 0.761147 0.416086
vt 0.761733 0.415843
vt 0.756525 0.878491
vt 0.767873 0.811600
vt 0.761147 0.416418
vt 0.009885 0.930467
vt 0.130396 0.424545
vt 0.010341 0.501001
vt 0.009887 0.929893
vt 0.130982 0.424545
vt 0.009756 0.501001
vt 0.863295 0.871911
vt 0.894304 0.019977
vt 0.817209 0.394902
vt 0.863980 0.873026
vt 0.167816 0.048324
vt 0.863877 0.871848
vt 0.894890 0.019981
vt 0.863937 0.872344
vt 0.894710 0.019381
vt 0.817794 0.395476
vt 0.863938 0.872453
vt 0.894289 0.019402
vt 0.817193 0.395476
vt 0.864242 0.872438
vt 0.817794 0.395189
vt 0.168401 0.048611
vt 0.863638 0.872469
vt 0.212439 0.702296
vt 0.083517 0.605951
vt 0.212439 0.702871
vt 0.083517 0.606526
vt 0.694697 0.811026
vt 0.761733 0.488182
vt 0.694697 0.811600
vt 0.761147 0.488182
vt 0.821875 0.023681
vt 0.944440 0.721305
vt 0.743447 0.394902
vt 0.694111 0.705501
vt 0.821293 0.023745
vt 0.945022 0.721243
vt 0.821254 0.023384
vt 0.944941 0.720640
vt 0.744047 0.395476
vt 0.744032 0.395496
vt 0.694697 0.706095
vt 0.944939 0.720640
vt 0.821244 0.023138
vt 0.744048 0.395476
vt 0.119461 0.926113
vt 0.139278 0.581263
vt 0.119461 0.926687
vt 0.139278 0.580689
vt 0.103156 0.930724
vt 0.010341 0.592125
vt 0.103157 0.930150
vt 0.009756 0.592474
vt 0.103053 0.930149
vt 0.009756 0.592372
vt 0.767873 0.798122
vt 0.500587 0.886634
vt 0.771398 0.876585
vt 0.770834 0.877764
vt 0.767857 0.797548
vt 0.500001 0.886619
vt 0.768278 0.797548
vt 0.500082 0.887208
vt 0.770803 0.877190
vt 0.500591 0.887208
vt 0.770812 0.876581
vt 0.771116 0.877174
vt 0.768458 0.797835
vt 0.770511 0.877205
vt 0.504364 0.815602
vt 0.694111 0.798122
vt 0.853706 0.736348
vt 0.694712 0.797548
vt 0.503810 0.814983
vt 0.503810 0.814982
vt 0.694697 0.797530
vt 0.853050 0.736123
vt 0.694697 0.797528
vt 0.853011 0.735881
vt 0.504429 0.815031
vt 0.853135 0.736477
vt 0.083517 0.581263
vt 0.063700 0.926113
vt 0.083517 0.580689
vt 0.063700 0.926687
vt 0.130396 0.236437
vt 0.010341 0.312906
vt 0.009756 0.312906
vt 0.130982 0.236436
vt 0.817209 0.207381
vt 0.167816 0.236419
vt 0.168401 0.236419
vt 0.817794 0.207381
vt 0.784768 0.784135
vt 0.597110 0.877412
vt 0.598287 0.877342
vt 0.784834 0.782981
vt 0.597244 0.877971
vt 0.784200 0.783995
vt 0.597678 0.877761
vt 0.597672 0.877885
vt 0.784412 0.783578
vt 0.597699 0.877377
vt 0.598211 0.877913
vt 0.784205 0.783064
vt 0.784801 0.783558
vt 0.839872 0.780182
vt 0.884829 0.115792
vt 0.884901 0.114638
vt 0.840247 0.781313
vt 0.840504 0.780106
vt 0.885417 0.115813
vt 0.840628 0.780678
vt 0.885257 0.115195
vt 0.885383 0.115188
vt 0.840483 0.780726
vt 0.884865 0.115215
vt 0.840797 0.781116
vt 0.885471 0.114769
vt 0.840059 0.780748
vt 0.841461 0.118010
vt 0.941923 0.815252
vt 0.841267 0.116870
vt 0.942554 0.815492
vt 0.840864 0.117809
vt 0.840847 0.117504
vt 0.942550 0.815148
vt 0.841062 0.117455
vt 0.840806 0.117346
vt 0.942571 0.815024
vt 0.841364 0.117440
vt 0.599386 0.834620
vt 0.887572 0.824263
vt 0.600548 0.834810
vt 0.599872 0.834168
vt 0.886884 0.824256
vt 0.599994 0.834206
vt 0.886944 0.824375
vt 0.599983 0.834418
vt 0.600247 0.834219
vt 0.886947 0.824615
vt 0.599967 0.834715
vt 0.948098 0.794745
vt 0.832794 0.096929
vt 0.833024 0.098067
vt 0.948086 0.795912
vt 0.832317 0.097262
vt 0.948624 0.794998
vt 0.832481 0.097554
vt 0.948438 0.795271
vt 0.832909 0.097498
vt 0.832441 0.098009
vt 0.948641 0.795728
vt 0.948092 0.795328
vt 0.580214 0.826536
vt 0.579053 0.826310
vt 0.874866 0.806886
vt 0.875268 0.807984
vt 0.579633 0.826423
vt 0.579655 0.826006
vt 0.874686 0.807533
vt 0.579393 0.825842
vt 0.874454 0.807295
vt 0.875067 0.807435
vt 0.580154 0.825964
vt 0.874683 0.807989
vt 0.891213 0.093941
vt 0.850576 0.799450
vt 0.850306 0.798313
vt 0.891105 0.095097
vt 0.851034 0.799090
vt 0.891723 0.094224
vt 0.850832 0.798827
vt 0.891526 0.094500
vt 0.850441 0.798881
vt 0.850889 0.798374
vt 0.891678 0.094979
vt 0.891159 0.094519
vt 0.776406 0.803222
vt 0.576006 0.883602
vt 0.577185 0.883496
vt 0.776555 0.802064
vt 0.576295 0.884103
vt 0.775913 0.802911
vt 0.576608 0.883973
vt 0.776130 0.802661
vt 0.576596 0.883549
vt 0.577065 0.884059
vt 0.775982 0.802184
vt 0.776480 0.802643
vt 0.727981 0.683854
vt 0.716776 0.883401
vt 0.367314 0.925981
vt 0.716403 0.883957
vt 0.727403 0.683991
vt 0.727105 0.683694
vt 0.717343 0.883762
vt 0.366728 0.925894
vt 0.717361 0.883431
vt 0.367314 0.925407
vt 0.366728 0.926283
vt 0.727644 0.683296
vt 0.367314 0.980140
vt 0.891008 0.231995
vt 0.782938 0.681059
vt 0.367314 0.980714
vt 0.891038 0.232568
vt 0.366976 0.980714
vt 0.891617 0.232429
vt 0.782995 0.680481
vt 0.783448 0.680853
vt 0.891595 0.232012
vt 0.366728 0.980268
vt 0.782617 0.680500
vt 0.847640 0.234213
vt 0.410741 0.980140
vt 0.908340 0.924730
vt 0.410741 0.980714
vt 0.847670 0.234786
vt 0.847333 0.234804
vt 0.411327 0.980648
vt 0.908653 0.925182
vt 0.908229 0.925331
vt 0.411327 0.980347
vt 0.908836 0.924894
vt 0.847062 0.234375
vt 0.410741 0.925981
vt 0.719037 0.840869
vt 0.854075 0.933726
vt 0.719622 0.840899
vt 0.410741 0.925407
vt 0.411079 0.925407
vt 0.719187 0.840302
vt 0.853444 0.934413
vt 0.718825 0.840284
vt 0.853429 0.933798
vt 0.853792 0.934356
vt 0.411327 0.926203
vt 0.836140 0.763015
vt 0.885761 0.133327
vt 0.836768 0.762939
vt 0.886349 0.133343
vt 0.830529 0.745435
vt 0.886740 0.151723
vt 0.831148 0.745340
vt 0.887328 0.151761
vt 0.822598 0.728237
vt 0.887742 0.170569
vt 0.823201 0.728123
vt 0.888331 0.170635
vt 0.811449 0.711738
vt 0.888792 0.190330
vt 0.889377 0.190300
vt 0.812041 0.711615
vt 0.889383 0.190416
vt 0.889902 0.211188
vt 0.797682 0.695794
vt 0.890493 0.211287
vt 0.798360 0.695760
vt 0.890486 0.211158
vt 0.919463 0.907202
vt 0.846533 0.213406
vt 0.920061 0.907200
vt 0.845955 0.213564
vt 0.920130 0.907091
vt 0.845949 0.213436
vt 0.929365 0.888703
vt 0.845424 0.192547
vt 0.929967 0.888697
vt 0.844846 0.192693
vt 0.930022 0.888594
vt 0.844839 0.192577
vt 0.936588 0.870220
vt 0.844373 0.172787
vt 0.937234 0.870113
vt 0.843789 0.172817
vt 0.940514 0.851743
vt 0.843371 0.153941
vt 0.941150 0.851637
vt 0.842786 0.153971
vt 0.842393 0.135545
vt 0.942092 0.833386
vt 0.942718 0.833327
vt 0.841811 0.135621
vt 0.697821 0.839785
vt 0.865190 0.916199
vt 0.697852 0.839211
vt 0.864524 0.916310
vt 0.697732 0.839205
vt 0.864580 0.916206
vt 0.676552 0.838697
vt 0.875072 0.897704
vt 0.676484 0.838118
vt 0.874451 0.897722
vt 0.656403 0.837666
vt 0.882273 0.879225
vt 0.656364 0.837089
vt 0.881642 0.879265
vt 0.637186 0.836684
vt 0.886181 0.860750
vt 0.637170 0.836108
vt 0.885548 0.860810
vt 0.887746 0.842395
vt 0.618429 0.835724
vt 0.618459 0.835151
vt 0.887116 0.842500
vt 0.616167 0.878256
vt 0.781106 0.765814
vt 0.616137 0.878829
vt 0.780463 0.765847
vt 0.634925 0.879215
vt 0.775506 0.748233
vt 0.634894 0.879789
vt 0.774858 0.748266
vt 0.654141 0.880198
vt 0.767593 0.731034
vt 0.654111 0.880772
vt 0.766936 0.731068
vt 0.674291 0.881229
vt 0.756466 0.714534
vt 0.674260 0.881802
vt 0.755798 0.714568
vt 0.742718 0.698590
vt 0.695559 0.882316
vt 0.695529 0.882890
vt 0.695409 0.882884
vt 0.742118 0.698714
vt 0.949827 0.800707
vt 0.832579 0.103145
vt 0.833100 0.104268
vt 0.949244 0.801968
vt 0.831996 0.103083
vt 0.950383 0.800526
vt 0.950543 0.800967
vt 0.832313 0.103733
vt 0.832258 0.104150
vt 0.950170 0.801232
vt 0.832839 0.103707
vt 0.832750 0.104761
vt 0.949817 0.802179
vt 0.949536 0.801337
vt 0.892086 0.100101
vt 0.850942 0.793262
vt 0.850094 0.792155
vt 0.891687 0.101272
vt 0.851525 0.793320
vt 0.892659 0.099981
vt 0.892749 0.100440
vt 0.851161 0.792676
vt 0.851213 0.792327
vt 0.892413 0.100660
vt 0.850518 0.792708
vt 0.850606 0.791827
vt 0.892087 0.101726
vt 0.891887 0.100687
vt 0.775389 0.797104
vt 0.582288 0.884459
vt 0.583481 0.884067
vt 0.776117 0.795917
vt 0.582165 0.885020
vt 0.774816 0.797221
vt 0.774709 0.796765
vt 0.582857 0.884779
vt 0.583274 0.884876
vt 0.775110 0.796544
vt 0.582885 0.884263
vt 0.583944 0.884460
vt 0.775573 0.795643
vt 0.775753 0.796511
vt 0.585391 0.826099
vt 0.875231 0.813073
vt 0.876204 0.814077
vt 0.586537 0.826610
vt 0.585328 0.825528
vt 0.874645 0.813082
vt 0.585804 0.825488
vt 0.875083 0.813680
vt 0.875072 0.814033
vt 0.585991 0.825839
vt 0.875718 0.813575
vt 0.587039 0.826267
vt 0.875734 0.814461
vt 0.585964 0.826355
vt 0.942571 0.811242
vt 0.942970 0.810011
vt 0.839679 0.112430
vt 0.840194 0.113553
vt 0.942771 0.810627
vt 0.943178 0.810559
vt 0.943295 0.810540
vt 0.839523 0.113013
vt 0.839454 0.113165
vt 0.839242 0.112813
vt 0.943457 0.810332
vt 0.839937 0.112991
vt 0.839646 0.113756
vt 0.943171 0.811304
vt 0.885616 0.111230
vt 0.886009 0.110060
vt 0.842185 0.785643
vt 0.841541 0.784525
vt 0.885813 0.110645
vt 0.886226 0.110624
vt 0.886342 0.110618
vt 0.842270 0.785063
vt 0.842328 0.784916
vt 0.842589 0.785226
vt 0.886485 0.110397
vt 0.841863 0.785084
vt 0.842096 0.784340
vt 0.886184 0.111374
vt 0.783818 0.787461
vt 0.783295 0.788638
vt 0.592442 0.878499
vt 0.593635 0.878113
vt 0.783557 0.788049
vt 0.783150 0.788070
vt 0.783035 0.788076
vt 0.593017 0.878712
vt 0.593163 0.878795
vt 0.592786 0.878965
vt 0.782849 0.788264
vt 0.593039 0.878306
vt 0.593781 0.878670
vt 0.783247 0.787333
vt 0.594858 0.833062
vt 0.884826 0.819651
vt 0.885614 0.820685
vt 0.596004 0.833568
vt 0.595250 0.832634
vt 0.884473 0.820111
vt 0.595459 0.832796
vt 0.884812 0.820235
vt 0.884770 0.820390
vt 0.595453 0.832909
vt 0.885220 0.820168
vt 0.596211 0.833030
vt 0.885069 0.820936
vt 0.595431 0.833315
vt 0.572818 0.822623
vt 0.869622 0.802017
vt 0.870478 0.803040
vt 0.573965 0.823123
vt 0.572883 0.822052
vt 0.869052 0.802147
vt 0.573432 0.822108
vt 0.869511 0.802618
vt 0.869431 0.802894
vt 0.573417 0.822397
vt 0.870050 0.802529
vt 0.574369 0.822695
vt 0.870009 0.803400
vt 0.573392 0.822873
vt 0.950953 0.789699
vt 0.951418 0.788457
vt 0.829034 0.090815
vt 0.829544 0.091939
vt 0.951186 0.789078
vt 0.951724 0.788989
vt 0.952056 0.788934
vt 0.828804 0.091402
vt 0.828691 0.091695
vt 0.828452 0.090878
vt 0.952000 0.788395
vt 0.829289 0.091377
vt 0.829108 0.092335
vt 0.951517 0.789887
vt 0.893916 0.088647
vt 0.894304 0.087477
vt 0.855212 0.804879
vt 0.854483 0.803766
vt 0.894110 0.088062
vt 0.894595 0.088037
vt 0.894890 0.088022
vt 0.855393 0.804294
vt 0.855505 0.804030
vt 0.855794 0.804815
vt 0.894890 0.087481
vt 0.854848 0.804322
vt 0.854991 0.803462
vt 0.894392 0.088997
vt 0.772975 0.807911
vt 0.772367 0.809092
vt 0.569415 0.886634
vt 0.570608 0.886253
vt 0.772671 0.808502
vt 0.772126 0.808529
vt 0.771790 0.808547
vt 0.569986 0.886920
vt 0.570272 0.887060
vt 0.569419 0.887208
vt 0.771782 0.809088
vt 0.570011 0.886443
vt 0.570965 0.886720
vt 0.772438 0.807661
vt 0.035702 0.605951
vt 0.260111 0.702314
vt 0.260111 0.702889
vt 0.035842 0.606526
vt 0.761733 0.441426
vt 0.742372 0.811026
vt 0.742372 0.811600
vt 0.761147 0.441426
vt 0.495326 0.475164
vt 0.028987 0.501001
vt 0.494740 0.475164
vt 0.029573 0.501001
vt 0.791708 0.394902
vt 0.868870 0.021277
vt 0.868839 0.020704
vt 0.791708 0.395476
vt 0.501913 0.861690
vt 0.742372 0.798122
vt 0.742372 0.797548
vt 0.501328 0.861660
vt 0.028987 0.581263
vt 0.009756 0.926113
vt 0.495326 0.554853
vt 0.009756 0.926687
vt 0.494740 0.554853
vt 0.029573 0.580689
vt 0.028987 0.312906
vt 0.495326 0.287069
vt 0.029573 0.312906
vt 0.494740 0.287069
vt 0.873864 0.115202
vt 0.873925 0.116349
vt 0.873895 0.115776
vt 0.598855 0.866648
vt 0.597686 0.866588
vt 0.598271 0.866618
vt 0.576967 0.865529
vt 0.578137 0.865588
vt 0.577552 0.865559
vt 0.872784 0.094884
vt 0.872845 0.096031
vt 0.872814 0.095457
vt 0.880104 0.232553
vt 0.378233 0.980140
vt 0.378233 0.980714
vt 0.880135 0.233126
vt 0.378233 0.925981
vt 0.717344 0.872708
vt 0.717929 0.872738
vt 0.378233 0.925407
vt 0.583277 0.865851
vt 0.584447 0.865911
vt 0.583862 0.865881
vt 0.873113 0.101072
vt 0.873174 0.102219
vt 0.873143 0.101645
vt 0.593088 0.866353
vt 0.594258 0.866413
vt 0.593673 0.866383
vt 0.873624 0.110694
vt 0.873685 0.111841
vt 0.873655 0.111267
vt 0.872449 0.088594
vt 0.872510 0.089741
vt 0.872480 0.089168
vt 0.570554 0.865201
vt 0.571724 0.865260
vt 0.571139 0.865231
vt 0.010341 0.553711
vt 0.063631 0.930616
vt 0.063633 0.930042
vt 0.009756 0.553711
vt 0.810305 0.875756
vt 0.810240 0.874609
vt 0.810274 0.875183
vt 0.892056 0.729990
vt 0.694111 0.758785
vt 0.694697 0.758787
vt 0.891962 0.729423
vt 0.803112 0.783202
vt 0.802933 0.782061
vt 0.803047 0.782630
vt 0.805289 0.801753
vt 0.805183 0.800608
vt 0.805210 0.801182
vt 0.903384 0.802158
vt 0.903534 0.803298
vt 0.903434 0.802732
vt 0.746039 0.682935
vt 0.367314 0.943810
vt 0.366728 0.943958
vt 0.745643 0.682380
vt 0.366728 0.943810
vt 0.745492 0.682388
vt 0.410741 0.943810
vt 0.871906 0.930770
vt 0.871643 0.931396
vt 0.411327 0.943958
vt 0.871494 0.931421
vt 0.411327 0.943810
vt 0.805031 0.795597
vt 0.804905 0.794453
vt 0.805000 0.795023
vt 0.904498 0.808221
vt 0.904628 0.809365
vt 0.904595 0.808788
vt 0.803590 0.787606
vt 0.803425 0.786464
vt 0.803488 0.787036
vt 0.904863 0.816329
vt 0.904956 0.817478
vt 0.904890 0.816907
vt 0.902941 0.796494
vt 0.903073 0.797637
vt 0.903026 0.797062
vt 0.806113 0.807376
vt 0.805989 0.806232
vt 0.806070 0.806803
vt 0.028987 0.553711
vt 0.495326 0.527875
vt 0.494740 0.527875
vt 0.029573 0.553711
vt 0.063700 0.899076
vt 0.437531 0.019860
vt 0.063700 0.898501
vt 0.437531 0.019286
vt 0.381770 0.019860
vt 0.119461 0.899076
vt 0.381770 0.019286
vt 0.119461 0.898501
vt 0.490890 0.098974
vt 0.522895 0.475164
vt 0.491476 0.098974
vt 0.523480 0.475164
vt 0.490890 0.019860
vt 0.009756 0.899076
vt 0.522895 0.554853
vt 0.009927 0.898501
vt 0.491304 0.019286
vt 0.491476 0.019454
vt 0.523480 0.554684
vt 0.522895 0.287069
vt 0.490890 0.287069
vt 0.523480 0.287069
vt 0.491476 0.287069
vt 0.522895 0.527875
vt 0.490890 0.046264
vt 0.491476 0.046264
vt 0.523480 0.527875
vt 0.771610 0.416418
vt 0.757621 0.888135
vt 0.757318 0.889301
vt 0.772781 0.416223
vt 0.771610 0.415843
vt 0.757036 0.888165
vt 0.757066 0.888738
vt 0.772196 0.415936
vt 0.757470 0.888718
vt 0.772476 0.415727
vt 0.756849 0.888948
vt 0.772196 0.416321
vt 0.772781 0.542867
vt 0.771610 0.542867
vt 0.772196 0.542867
vt 0.156768 0.048324
vt 0.864553 0.883847
vt 0.157939 0.048324
vt 0.864492 0.882700
vt 0.157353 0.048324
vt 0.864522 0.883273
vt 0.772781 0.488182
vt 0.771610 0.488182
vt 0.772196 0.488182
vt 0.771401 0.888584
vt 0.771345 0.887437
vt 0.771375 0.888011
vt 0.157939 0.236419
vt 0.156768 0.236419
vt 0.157353 0.236419
vt 0.771610 0.441426
vt 0.772781 0.441443
vt 0.772196 0.441429
vt 0.810817 0.885430
vt 0.810882 0.886576
vt 0.810848 0.886003
vt 0.156677 0.647098
vt 0.807268 0.542867
vt 0.156677 0.646524
vt 0.807853 0.542867
vt 0.865690 0.905331
vt 0.134831 0.048325
vt 0.009783 0.975175
vt 0.084793 0.424576
vt 0.865720 0.905904
vt 0.009785 0.975749
vt 0.134246 0.048326
vt 0.084207 0.424579
vt 0.807268 0.488182
vt 0.212444 0.647078
vt 0.807853 0.488181
vt 0.212442 0.646504
vt 0.772305 0.910080
vt 0.103295 0.975161
vt 0.772332 0.910654
vt 0.103299 0.975736
vt 0.134831 0.236419
vt 0.083939 0.236500
vt 0.083354 0.236500
vt 0.134246 0.236419
vt 0.259012 0.647042
vt 0.807268 0.442506
vt 0.807853 0.442526
vt 0.258991 0.646468
vt 0.063346 0.975157
vt 0.812197 0.908051
vt 0.812231 0.908625
vt 0.063346 0.975731
vt 0.147094 0.975174
vt 0.301754 0.647002
vt 0.807268 0.400617
vt 0.728897 0.912288
vt 0.302090 0.647657
vt 0.147810 0.974967
vt 0.148206 0.975241
vt 0.302218 0.646428
vt 0.807026 0.400093
vt 0.727596 0.912929
vt 0.807853 0.400600
vt 0.301736 0.646428
vt 0.806457 0.400376
vt 0.728064 0.912135
vt 0.728762 0.912870
vt 0.146928 0.975749
vt 0.156677 0.684815
vt 0.156677 0.683666
vt 0.156677 0.684241
vt 0.112581 0.424545
vt 0.009835 0.947937
vt 0.111409 0.424544
vt 0.009831 0.949086
vt 0.111995 0.424545
vt 0.009833 0.948511
vt 0.212445 0.684826
vt 0.212447 0.683677
vt 0.212445 0.684252
vt 0.103106 0.948194
vt 0.103106 0.949343
vt 0.103105 0.948769
vt 0.111411 0.236462
vt 0.112582 0.236461
vt 0.111996 0.236462
vt 0.260105 0.683697
vt 0.260118 0.684846
vt 0.260116 0.684271
vt 0.063574 0.949235
vt 0.063581 0.948087
vt 0.063579 0.948661
vt 0.285616 0.684856
vt 0.285803 0.683708
vt 0.117183 0.949381
vt 0.116849 0.948231
vt 0.285710 0.684282
vt 0.286100 0.684282
vt 0.286202 0.684282
vt 0.117433 0.948755
vt 0.286320 0.683987
vt 0.117658 0.949036
vt 0.117016 0.948806
vt 0.286201 0.684856
vt 0.117435 0.948233
vt 0.132948 0.965383
vt 0.131765 0.964242
vt 0.293661 0.664210
vt 0.294148 0.663060
vt 0.132356 0.964813
vt 0.132890 0.964809
vt 0.132945 0.964617
vt 0.294343 0.663634
vt 0.294522 0.663634
vt 0.294113 0.664649
vt 0.132360 0.964021
vt 0.293904 0.663635
vt 0.294640 0.663384
vt 0.133361 0.964966
vt 0.156677 0.664488
vt 0.156677 0.663340
vt 0.156677 0.663914
vt 0.095188 0.424519
vt 0.009758 0.964994
vt 0.094016 0.424521
vt 0.009757 0.966143
vt 0.094602 0.424518
vt 0.009757 0.965568
vt 0.212524 0.664405
vt 0.212523 0.663257
vt 0.212525 0.663831
vt 0.103148 0.964419
vt 0.103158 0.965567
vt 0.103151 0.964993
vt 0.092220 0.236488
vt 0.093391 0.236487
vt 0.092805 0.236488
vt 0.259618 0.663144
vt 0.259653 0.664293
vt 0.259639 0.663718
vt 0.063404 0.965811
vt 0.063413 0.964662
vt 0.063408 0.965236
vt 0.743547 0.902563
vt 0.742222 0.903781
vt 0.792172 0.408116
vt 0.791001 0.408631
vt 0.742884 0.903172
vt 0.742306 0.903202
vt 0.742034 0.903215
vt 0.791586 0.407937
vt 0.791295 0.407884
vt 0.791817 0.407648
vt 0.741817 0.903354
vt 0.791586 0.408373
vt 0.790468 0.408229
vt 0.742901 0.902381
vt 0.792172 0.542867
vt 0.791001 0.542867
vt 0.791586 0.542867
vt 0.865216 0.896375
vt 0.143975 0.048324
vt 0.865277 0.897522
vt 0.142804 0.048325
vt 0.865246 0.896949
vt 0.143390 0.048324
vt 0.791001 0.488182
vt 0.792172 0.488182
vt 0.791586 0.488182
vt 0.771999 0.902267
vt 0.771951 0.901119
vt 0.771976 0.901693
vt 0.143975 0.236419
vt 0.142804 0.236419
vt 0.143390 0.236419
vt 0.792172 0.441996
vt 0.791001 0.441960
vt 0.791586 0.441977
vt 0.811702 0.900247
vt 0.811631 0.899101
vt 0.811666 0.899674
vt 0.806355 0.542867
vt 0.805184 0.542867
vt 0.805770 0.542867
vt 0.134831 0.048325
vt 0.865690 0.905331
vt 0.136003 0.048325
vt 0.865629 0.904184
vt 0.135417 0.048325
vt 0.865660 0.904757
vt 0.806355 0.488182
vt 0.805184 0.488182
vt 0.805770 0.488182
vt 0.772260 0.908933
vt 0.772305 0.910080
vt 0.772282 0.909506
vt 0.136003 0.236419
vt 0.134831 0.236419
vt 0.135417 0.236419
vt 0.805184 0.442436
vt 0.806355 0.442475
vt 0.805770 0.442456
vt 0.812124 0.906905
vt 0.812197 0.908051
vt 0.812161 0.907478
vt 0.805184 0.401652
vt 0.730855 0.911039
vt 0.728897 0.912288
vt 0.806355 0.401070
vt 0.804373 0.401411
vt 0.730022 0.910885
vt 0.805370 0.400915
vt 0.729107 0.911702
vt 0.728710 0.911723
vt 0.805770 0.400934
vt 0.729876 0.911663
vt 0.806000 0.400602
vt 0.728493 0.911861
vt 0.805770 0.401361
vt 0.705617 0.647000
vt 0.010341 0.019860
vt 0.084613 0.532822
vt 0.010341 0.019286
vt 0.705617 0.646426
vt 0.705955 0.646426
vt 0.009756 0.019529
vt 0.084276 0.533397
vt 0.009756 0.019860
vt 0.084027 0.532824
vt 0.084614 0.533396
vt 0.706203 0.647000
vt 0.576686 0.647038
vt 0.139278 0.019860
vt 0.576686 0.646463
vt 0.139278 0.019286
vt 0.362624 0.751375
vt 0.172251 0.192514
vt 0.362624 0.751950
vt 0.171666 0.192514
vt 0.233687 0.751375
vt 0.172251 0.318963
vt 0.232565 0.894496
vt 0.171666 0.318963
vt 0.233687 0.751950
vt 0.233349 0.751950
vt 0.171913 0.319537
vt 0.231919 0.894693
vt 0.232135 0.894106
vt 0.172251 0.319537
vt 0.232167 0.894918
vt 0.233101 0.751375
vt 0.010341 0.124811
vt 0.084313 0.427873
vt 0.129869 0.048330
vt 0.083727 0.427875
vt 0.009756 0.124811
vt 0.130454 0.048328
vt 0.043201 0.727392
vt 0.167816 0.424514
vt 0.817209 0.019860
vt 0.895545 0.447968
vt 0.044450 0.727837
vt 0.168401 0.424227
vt 0.817794 0.019573
vt 0.168401 0.424514
vt 0.817614 0.019286
vt 0.896180 0.448402
vt 0.043783 0.727323
vt 0.817193 0.019286
vt 0.895591 0.448541
vt 0.896127 0.447905
vt 0.044401 0.727264
vt 0.168401 0.424821
vt 0.043825 0.727615
vt 0.083517 0.019860
vt 0.632448 0.647029
vt 0.083517 0.019286
vt 0.632448 0.646454
vt 0.172251 0.247199
vt 0.306863 0.751375
vt 0.171666 0.247199
vt 0.306863 0.751950
vt 0.823115 0.451673
vt 0.743447 0.019860
vt 0.307449 0.645851
vt 0.703491 0.890747
vt 0.306847 0.646425
vt 0.744048 0.019286
vt 0.822545 0.452277
vt 0.822544 0.452277
vt 0.306863 0.646443
vt 0.703923 0.890213
vt 0.704169 0.890257
vt 0.306863 0.646444
vt 0.703554 0.890176
vt 0.822530 0.451668
vt 0.139278 0.044548
vt 0.381770 0.558628
vt 0.139278 0.045123
vt 0.381770 0.558054
vt 0.010341 0.033686
vt 0.084575 0.519344
vt 0.009756 0.033338
vt 0.083989 0.519346
vt 0.009756 0.033440
vt 0.083989 0.519244
vt 0.242659 0.903642
vt 0.056433 0.817940
vt 0.057503 0.817170
vt 0.751283 0.421088
vt 0.233687 0.738472
vt 0.056968 0.817555
vt 0.057010 0.817846
vt 0.057121 0.817836
vt 0.751688 0.420492
vt 0.233101 0.737898
vt 0.057620 0.817733
vt 0.751868 0.421092
vt 0.751268 0.420513
vt 0.233703 0.737898
vt 0.057054 0.818143
vt 0.242047 0.903869
vt 0.233101 0.738185
vt 0.678853 0.424792
vt 0.688152 0.979730
vt 0.307449 0.738472
vt 0.688021 0.980290
vt 0.678271 0.424856
vt 0.678233 0.424495
vt 0.688629 0.980413
vt 0.306848 0.737898
vt 0.688629 0.980411
vt 0.306863 0.737878
vt 0.678223 0.424249
vt 0.306847 0.737898
vt 0.326009 0.558628
vt 0.083517 0.044548
vt 0.326009 0.558054
vt 0.083517 0.045123
vt 0.147421 0.786467
vt 0.148562 0.786181
vt 0.741808 0.516903
vt 0.741879 0.515749
vt 0.147992 0.786324
vt 0.148060 0.786794
vt 0.742235 0.516306
vt 0.742362 0.516300
vt 0.148601 0.786803
vt 0.742390 0.516829
vt 0.741843 0.516326
vt 0.147671 0.786987
vt 0.742450 0.515880
vt 0.140744 0.732679
vt 0.139541 0.732537
vt 0.876153 0.354780
vt 0.875959 0.353639
vt 0.140143 0.732608
vt 0.140082 0.732196
vt 0.140061 0.732047
vt 0.876448 0.354190
vt 0.876572 0.354142
vt 0.876706 0.354591
vt 0.139631 0.731969
vt 0.876056 0.354210
vt 0.876541 0.353558
vt 0.140698 0.732057
vt 0.832590 0.355857
vt 0.832519 0.357011
vt 0.607696 0.893214
vt 0.832555 0.356434
vt 0.832252 0.356450
vt 0.832036 0.356461
vt 0.607764 0.892599
vt 0.607929 0.892580
vt 0.832010 0.356584
vt 0.832018 0.356118
vt 0.607452 0.892596
vt 0.698245 0.517981
vt 0.698439 0.519121
vt 0.598508 0.946518
vt 0.698342 0.518551
vt 0.698040 0.518566
vt 0.697824 0.518585
vt 0.598402 0.947133
vt 0.598149 0.947130
vt 0.697837 0.518825
vt 0.598515 0.947192
vt 0.697785 0.518457
vt 0.628607 0.887159
vt 0.627417 0.887171
vt 0.826315 0.376552
vt 0.826207 0.377708
vt 0.628012 0.887165
vt 0.628043 0.886780
vt 0.825836 0.377152
vt 0.627605 0.886627
vt 0.825741 0.376670
vt 0.826261 0.377130
vt 0.628348 0.886643
vt 0.825696 0.377425
vt 0.690002 0.499178
vt 0.615107 0.958584
vt 0.616227 0.958978
vt 0.689773 0.498040
vt 0.615102 0.959158
vt 0.689420 0.499120
vt 0.615603 0.959154
vt 0.689521 0.498628
vt 0.615667 0.958781
vt 0.615810 0.959382
vt 0.689295 0.498374
vt 0.689887 0.498609
vt 0.884626 0.374720
vt 0.884396 0.373582
vt 0.120591 0.726136
vt 0.119402 0.726096
vt 0.884511 0.374151
vt 0.884939 0.374095
vt 0.119942 0.725741
vt 0.884978 0.373640
vt 0.120417 0.725588
vt 0.119996 0.726116
vt 0.885103 0.374387
vt 0.119673 0.725586
vt 0.129937 0.798196
vt 0.131067 0.797830
vt 0.748083 0.496208
vt 0.748191 0.495052
vt 0.130502 0.798013
vt 0.130592 0.798389
vt 0.748562 0.495609
vt 0.131057 0.798404
vt 0.748657 0.496091
vt 0.748137 0.495630
vt 0.130344 0.798611
vt 0.748702 0.495336
vt 0.258709 0.821765
vt 0.702705 0.977555
vt 0.747986 0.633106
vt 0.259344 0.822060
vt 0.702119 0.977332
vt 0.259394 0.822403
vt 0.702366 0.978129
vt 0.748577 0.633193
vt 0.702705 0.978129
vt 0.748017 0.633680
vt 0.258767 0.822402
vt 0.748558 0.632838
vt 0.702705 0.923396
vt 0.250903 0.768342
vt 0.869780 0.237436
vt 0.251513 0.768465
vt 0.702119 0.923190
vt 0.702119 0.922889
vt 0.251372 0.768044
vt 0.870087 0.236846
vt 0.870358 0.237274
vt 0.251083 0.767858
vt 0.869749 0.236863
vt 0.702705 0.922822
vt 0.826412 0.239654
vt 0.496065 0.926150
vt 0.746132 0.923396
vt 0.825824 0.239638
vt 0.495972 0.925618
vt 0.825802 0.239220
vt 0.495502 0.925971
vt 0.746470 0.922822
vt 0.746717 0.923267
vt 0.495439 0.926336
vt 0.826381 0.239081
vt 0.746132 0.922822
vt 0.746132 0.977555
vt 0.486892 0.979368
vt 0.704618 0.635324
vt 0.746717 0.977255
vt 0.486263 0.979568
vt 0.746717 0.977642
vt 0.486543 0.980170
vt 0.704311 0.635915
vt 0.486903 0.979950
vt 0.704015 0.635019
vt 0.746132 0.978129
vt 0.704649 0.635898
vt 0.875026 0.336104
vt 0.158640 0.732958
vt 0.875609 0.336028
vt 0.158595 0.732339
vt 0.874048 0.317708
vt 0.177312 0.734966
vt 0.874629 0.317611
vt 0.177287 0.734351
vt 0.873046 0.298863
vt 0.196049 0.739279
vt 0.873626 0.298737
vt 0.196046 0.738677
vt 0.871995 0.279102
vt 0.214707 0.746825
vt 0.872580 0.279072
vt 0.214612 0.746175
vt 0.872574 0.278956
vt 0.214716 0.746232
vt 0.233315 0.756996
vt 0.870886 0.258243
vt 0.871464 0.258085
vt 0.233329 0.756409
vt 0.871471 0.258213
vt 0.233219 0.756338
vt 0.827518 0.260461
vt 0.513938 0.915241
vt 0.826926 0.260363
vt 0.513939 0.914655
vt 0.826933 0.260491
vt 0.514051 0.914587
vt 0.828627 0.281320
vt 0.532801 0.905531
vt 0.828036 0.281234
vt 0.532807 0.904940
vt 0.828042 0.281350
vt 0.532912 0.904887
vt 0.829678 0.301080
vt 0.551646 0.898447
vt 0.829093 0.301110
vt 0.551756 0.897814
vt 0.830680 0.319926
vt 0.570488 0.894597
vt 0.830095 0.319956
vt 0.570596 0.893972
vt 0.589206 0.893049
vt 0.831658 0.338322
vt 0.831071 0.338306
vt 0.589266 0.892435
vt 0.504763 0.968467
vt 0.703512 0.614517
vt 0.504651 0.969121
vt 0.702927 0.614547
vt 0.504757 0.969066
vt 0.702921 0.614430
vt 0.523623 0.958776
vt 0.702403 0.593659
vt 0.523604 0.959385
vt 0.701813 0.593592
vt 0.542465 0.951714
vt 0.701352 0.573898
vt 0.542424 0.952333
vt 0.700763 0.573860
vt 0.561303 0.947881
vt 0.700350 0.555052
vt 0.561242 0.948502
vt 0.699763 0.555036
vt 0.699372 0.536657
vt 0.580019 0.946346
vt 0.579912 0.946964
vt 0.698787 0.536687
vt 0.166457 0.786457
vt 0.742740 0.534439
vt 0.166549 0.787082
vt 0.743325 0.534409
vt 0.185128 0.788454
vt 0.743718 0.552834
vt 0.185220 0.789084
vt 0.744303 0.552804
vt 0.203862 0.792750
vt 0.744720 0.571680
vt 0.203956 0.793388
vt 0.745305 0.571650
vt 0.222517 0.800274
vt 0.745771 0.591441
vt 0.222612 0.800923
vt 0.746356 0.591411
vt 0.746880 0.612299
vt 0.241123 0.810427
vt 0.241219 0.811086
vt 0.747465 0.612269
vt 0.241114 0.811028
vt 0.747459 0.612152
vt 0.622528 0.885463
vt 0.621242 0.886035
vt 0.825732 0.370377
vt 0.825333 0.371548
vt 0.621885 0.885749
vt 0.621992 0.885126
vt 0.621656 0.885000
vt 0.825007 0.370989
vt 0.824670 0.371209
vt 0.621026 0.885473
vt 0.825332 0.369923
vt 0.825533 0.370963
vt 0.622712 0.884918
vt 0.824761 0.371669
vt 0.884841 0.368504
vt 0.884320 0.367381
vt 0.126793 0.725153
vt 0.125522 0.724550
vt 0.884580 0.367943
vt 0.885106 0.367916
vt 0.885161 0.367499
vt 0.126066 0.724226
vt 0.125805 0.723854
vt 0.884669 0.366889
vt 0.127023 0.724597
vt 0.126158 0.724851
vt 0.885423 0.368566
vt 0.125352 0.724000
vt 0.136254 0.797995
vt 0.137301 0.797066
vt 0.748666 0.502383
vt 0.749065 0.501213
vt 0.136778 0.797530
vt 0.136869 0.798155
vt 0.137228 0.798175
vt 0.749391 0.501771
vt 0.749727 0.501552
vt 0.137681 0.797536
vt 0.749066 0.502837
vt 0.748865 0.501798
vt 0.136248 0.798569
vt 0.749637 0.501092
vt 0.689557 0.504256
vt 0.690078 0.505380
vt 0.608894 0.957666
vt 0.609918 0.958620
vt 0.689818 0.504818
vt 0.689292 0.504845
vt 0.689237 0.505262
vt 0.609299 0.958766
vt 0.609432 0.959198
vt 0.608503 0.958127
vt 0.689729 0.505872
vt 0.609406 0.958143
vt 0.609909 0.959195
vt 0.688975 0.504194
vt 0.611785 0.892579
vt 0.831804 0.360419
vt 0.831410 0.361589
vt 0.613040 0.892188
vt 0.611722 0.891991
vt 0.831236 0.360273
vt 0.612347 0.891894
vt 0.831193 0.361025
vt 0.831078 0.361031
vt 0.612482 0.891984
vt 0.831607 0.361004
vt 0.612713 0.891711
vt 0.830935 0.361252
vt 0.612413 0.892384
vt 0.877225 0.358096
vt 0.136077 0.731911
vt 0.134835 0.731507
vt 0.877741 0.359220
vt 0.877775 0.357896
vt 0.136155 0.731341
vt 0.877965 0.358485
vt 0.135398 0.731313
vt 0.135382 0.731201
vt 0.877897 0.358637
vt 0.135456 0.731709
vt 0.878178 0.358836
vt 0.135174 0.731037
vt 0.877483 0.358658
vt 0.144276 0.788023
vt 0.742594 0.512341
vt 0.742988 0.511171
vt 0.143200 0.788753
vt 0.144514 0.788548
vt 0.743162 0.512485
vt 0.143951 0.788827
vt 0.743205 0.511735
vt 0.743321 0.511729
vt 0.143796 0.788784
vt 0.742791 0.511756
vt 0.143660 0.789110
vt 0.743463 0.511508
vt 0.143738 0.788388
vt 0.696657 0.513541
vt 0.697173 0.514664
vt 0.602157 0.948437
vt 0.603211 0.949211
vt 0.696915 0.514102
vt 0.696501 0.514124
vt 0.696433 0.514275
vt 0.602615 0.949224
vt 0.602595 0.949338
vt 0.601900 0.948972
vt 0.696624 0.514867
vt 0.602684 0.948824
vt 0.602742 0.949556
vt 0.696220 0.513924
vt 0.686012 0.491926
vt 0.686523 0.493050
vt 0.620148 0.963282
vt 0.621191 0.964121
vt 0.686267 0.492488
vt 0.685782 0.492513
vt 0.685669 0.492807
vt 0.620578 0.964229
vt 0.620522 0.964555
vt 0.619782 0.963742
vt 0.686086 0.493447
vt 0.620670 0.963701
vt 0.621059 0.964680
vt 0.685430 0.491989
vt 0.633752 0.884358
vt 0.823504 0.383002
vt 0.823115 0.384172
vt 0.635019 0.883903
vt 0.633561 0.883806
vt 0.823027 0.382653
vt 0.634238 0.883437
vt 0.822824 0.383612
vt 0.822530 0.383627
vt 0.634476 0.883602
vt 0.823309 0.383587
vt 0.635082 0.883332
vt 0.822530 0.384169
vt 0.634385 0.884131
vt 0.887875 0.379710
vt 0.114330 0.723169
vt 0.113075 0.722682
vt 0.888386 0.380834
vt 0.888312 0.379314
vt 0.114535 0.722621
vt 0.888729 0.379954
vt 0.113625 0.722395
vt 0.113577 0.722068
vt 0.888616 0.380248
vt 0.113703 0.722925
vt 0.888968 0.380771
vt 0.113027 0.722110
vt 0.888131 0.380272
vt 0.125908 0.802403
vt 0.750894 0.489758
vt 0.751283 0.488588
vt 0.124843 0.803215
vt 0.126262 0.802872
vt 0.751371 0.490108
vt 0.125732 0.803425
vt 0.751574 0.489148
vt 0.751868 0.489133
vt 0.125453 0.803339
vt 0.751089 0.489173
vt 0.124961 0.803778
vt 0.751868 0.488592
vt 0.125375 0.802809
vt 0.680120 0.647011
vt 0.035702 0.019860
vt 0.035842 0.019286
vt 0.680119 0.646436
vt 0.259187 0.751375
vt 0.172251 0.293955
vt 0.171666 0.293955
vt 0.259187 0.751950
vt 0.028987 0.124811
vt 0.495326 0.098974
vt 0.029573 0.124811
vt 0.494740 0.098974
vt 0.870110 0.449269
vt 0.791708 0.019860
vt 0.791708 0.019286
vt 0.870141 0.449843
vt 0.259187 0.738472
vt 0.725848 0.422389
vt 0.725818 0.421815
vt 0.259187 0.737898
vt 0.272065 0.558628
vt 0.495326 0.019286
vt 0.028987 0.044548
vt 0.272065 0.558054
vt 0.029573 0.045123
vt 0.494740 0.019286
vt 0.865055 0.354197
vt 0.865116 0.355344
vt 0.865085 0.354771
vt 0.730843 0.516314
vt 0.730904 0.517461
vt 0.730873 0.516887
vt 0.729823 0.497142
vt 0.729762 0.495995
vt 0.729793 0.496568
vt 0.866135 0.374516
vt 0.866196 0.375663
vt 0.866166 0.375090
vt 0.713623 0.923396
vt 0.858876 0.237994
vt 0.858845 0.237420
vt 0.713623 0.922822
vt 0.737083 0.633664
vt 0.713623 0.977555
vt 0.713623 0.978129
vt 0.737113 0.634237
vt 0.730152 0.503330
vt 0.730091 0.502183
vt 0.730122 0.502757
vt 0.865806 0.368328
vt 0.865867 0.369475
vt 0.865837 0.368901
vt 0.730664 0.512951
vt 0.730603 0.511804
vt 0.730633 0.512378
vt 0.865295 0.358706
vt 0.865356 0.359853
vt 0.865325 0.359280
vt 0.866470 0.380805
vt 0.866531 0.381952
vt 0.866500 0.381379
vt 0.729489 0.490853
vt 0.729428 0.489706
vt 0.729458 0.490279
vt 0.084465 0.480582
vt 0.010341 0.072100
vt 0.009756 0.072100
vt 0.083879 0.480584
vt 0.051986 0.779411
vt 0.050826 0.779570
vt 0.051406 0.779489
vt 0.307449 0.699135
vt 0.694636 0.942119
vt 0.695213 0.942212
vt 0.306863 0.699137
vt 0.145991 0.768587
vt 0.144815 0.768635
vt 0.145400 0.768588
vt 0.127001 0.770001
vt 0.125835 0.770119
vt 0.126421 0.770085
vt 0.619885 0.930863
vt 0.621048 0.931011
vt 0.620462 0.930962
vt 0.702705 0.959727
vt 0.256144 0.804211
vt 0.256776 0.804485
vt 0.702119 0.959578
vt 0.256797 0.804632
vt 0.702119 0.959727
vt 0.489906 0.961881
vt 0.746132 0.959727
vt 0.746717 0.959578
vt 0.489268 0.962139
vt 0.746717 0.959727
vt 0.489242 0.962286
vt 0.133212 0.769081
vt 0.132044 0.769180
vt 0.132623 0.769099
vt 0.613699 0.929791
vt 0.614865 0.929918
vt 0.614288 0.929823
vt 0.141491 0.768963
vt 0.140317 0.769025
vt 0.140907 0.769013
vt 0.605426 0.929469
vt 0.606598 0.929560
vt 0.606009 0.929533
vt 0.625658 0.931315
vt 0.626824 0.931445
vt 0.626244 0.931361
vt 0.121218 0.770310
vt 0.120050 0.770411
vt 0.120631 0.770342
vt 0.495326 0.046264
vt 0.028987 0.072100
vt 0.029573 0.072100
vt 0.494740 0.046264
vt 0.437531 0.554278
vt 0.326009 0.585666
vt 0.437531 0.554853
vt 0.326009 0.586240
vt 0.381770 0.585666
vt 0.381770 0.554278
vt 0.381770 0.586240
vt 0.381770 0.554853
vt 0.522895 0.098974
vt 0.490890 0.475164
vt 0.523480 0.098974
vt 0.491476 0.475164
vt 0.490890 0.554278
vt 0.272065 0.585666
vt 0.522895 0.019286
vt 0.491304 0.554853
vt 0.272236 0.586240
vt 0.523480 0.019454
vt 0.491476 0.554684
vt 0.490890 0.527875
vt 0.522895 0.046264
vt 0.523480 0.046264
vt 0.491476 0.527875
vt 0.182128 0.318963
vt 0.183299 0.319158
vt 0.239795 0.886295
vt 0.239267 0.887381
vt 0.182714 0.319060
vt 0.182714 0.319537
vt 0.239190 0.886616
vt 0.239204 0.886272
vt 0.182994 0.319654
vt 0.239531 0.886838
vt 0.238837 0.886991
vt 0.182128 0.319537
vt 0.182128 0.192514
vt 0.183299 0.192514
vt 0.182714 0.192514
vt 0.157939 0.424514
vt 0.033424 0.728766
vt 0.156768 0.424514
vt 0.032265 0.728929
vt 0.157353 0.424514
vt 0.032845 0.728848
vt 0.182128 0.247199
vt 0.183299 0.247199
vt 0.182714 0.247199
vt 0.046655 0.819314
vt 0.249362 0.896527
vt 0.045497 0.819482
vt 0.250153 0.895680
vt 0.046076 0.819395
vt 0.249758 0.896104
vt 0.183299 0.293938
vt 0.182128 0.293955
vt 0.182714 0.293952
vt 0.039889 0.781103
vt 0.041049 0.780944
vt 0.040469 0.781025
vt 0.217786 0.192514
vt 0.576686 0.702227
vt 0.218371 0.192514
vt 0.576686 0.702801
vt 0.129900 0.427773
vt 0.084266 0.048421
vt 0.010550 0.731980
vt 0.134831 0.424513
vt 0.130486 0.427775
vt 0.009971 0.732061
vt 0.083679 0.048420
vt 0.134246 0.424513
vt 0.632453 0.702247
vt 0.217786 0.247199
vt 0.632451 0.702821
vt 0.218371 0.247200
vt 0.129886 0.519481
vt 0.264867 0.879723
vt 0.023815 0.822759
vt 0.265259 0.879296
vt 0.130472 0.519485
vt 0.023236 0.822844
vt 0.217786 0.292875
vt 0.679021 0.702283
vt 0.679000 0.702857
vt 0.218371 0.292855
vt 0.018149 0.783980
vt 0.129882 0.480303
vt 0.130468 0.480302
vt 0.017569 0.784058
vt 0.129900 0.562435
vt 0.232940 0.850797
vt 0.217786 0.334764
vt 0.721763 0.702323
vt 0.130485 0.562272
vt 0.233215 0.850265
vt 0.130486 0.563416
vt 0.232011 0.849795
vt 0.218371 0.335254
vt 0.722303 0.702099
vt 0.232200 0.850393
vt 0.216975 0.335005
vt 0.721745 0.702897
vt 0.218371 0.334781
vt 0.129689 0.563137
vt 0.722099 0.701668
vt 0.576686 0.665659
vt 0.576686 0.664510
vt 0.576686 0.665084
vt 0.110882 0.048382
vt 0.103298 0.427820
vt 0.112053 0.048378
vt 0.102127 0.427824
vt 0.111468 0.048379
vt 0.102712 0.427822
vt 0.632456 0.665648
vt 0.632454 0.664499
vt 0.632454 0.665073
vt 0.103560 0.519296
vt 0.102389 0.519296
vt 0.102975 0.519295
vt 0.680127 0.664479
vt 0.680114 0.665628
vt 0.680125 0.665054
vt 0.102279 0.480533
vt 0.103450 0.480526
vt 0.102865 0.480531
vt 0.705625 0.664469
vt 0.102427 0.532774
vt 0.103599 0.533102
vt 0.705812 0.665617
vt 0.102428 0.533348
vt 0.706210 0.664468
vt 0.706210 0.664990
vt 0.103014 0.533347
vt 0.706109 0.665043
vt 0.103013 0.532938
vt 0.103247 0.533566
vt 0.706329 0.665338
vt 0.705719 0.665043
vt 0.119916 0.548562
vt 0.714157 0.686265
vt 0.713669 0.685115
vt 0.118752 0.547401
vt 0.119491 0.548967
vt 0.714649 0.685940
vt 0.119329 0.548743
vt 0.714351 0.685691
vt 0.714432 0.685445
vt 0.119331 0.548505
vt 0.713913 0.685690
vt 0.118527 0.547985
vt 0.714122 0.684676
vt 0.119334 0.547982
vt 0.576686 0.685985
vt 0.576686 0.684837
vt 0.576686 0.685411
vt 0.093488 0.048451
vt 0.120690 0.427748
vt 0.094660 0.048451
vt 0.119519 0.427749
vt 0.094075 0.048453
vt 0.120105 0.427747
vt 0.632532 0.686068
vt 0.632533 0.684920
vt 0.632534 0.685494
vt 0.120103 0.519347
vt 0.118932 0.519337
vt 0.119518 0.519340
vt 0.679662 0.685032
vt 0.679627 0.686181
vt 0.679647 0.685606
vt 0.119181 0.480368
vt 0.120352 0.480359
vt 0.119766 0.480363
vt 0.237859 0.867462
vt 0.201519 0.326750
vt 0.202690 0.327265
vt 0.237634 0.865695
vt 0.237243 0.867197
vt 0.200986 0.327152
vt 0.237153 0.866320
vt 0.202104 0.327444
vt 0.202104 0.327618
vt 0.237321 0.866193
vt 0.202104 0.327008
vt 0.237045 0.865769
vt 0.202335 0.327733
vt 0.237746 0.866578
vt 0.201519 0.192514
vt 0.202690 0.192514
vt 0.202104 0.192514
vt 0.018443 0.730871
vt 0.142804 0.424514
vt 0.019602 0.730708
vt 0.143975 0.424514
vt 0.019022 0.730790
vt 0.143390 0.424514
vt 0.202690 0.247199
vt 0.201519 0.247199
vt 0.202104 0.247199
vt 0.032850 0.821371
vt 0.258751 0.886389
vt 0.031692 0.821546
vt 0.259536 0.885537
vt 0.032271 0.821457
vt 0.259144 0.885964
vt 0.201519 0.293421
vt 0.202690 0.293385
vt 0.202104 0.293404
vt 0.027213 0.782798
vt 0.026053 0.782951
vt 0.026633 0.782875
vt 0.215702 0.192514
vt 0.216873 0.192514
vt 0.216288 0.192514
vt 0.136003 0.424513
vt 0.011710 0.731817
vt 0.134831 0.424513
vt 0.010550 0.731980
vt 0.135417 0.424513
vt 0.011130 0.731898
vt 0.215702 0.247199
vt 0.216873 0.247199
vt 0.216288 0.247199
vt 0.264867 0.879723
vt 0.023815 0.822760
vt 0.264084 0.880577
vt 0.024972 0.822581
vt 0.264475 0.880150
vt 0.024394 0.822670
vt 0.216873 0.292905
vt 0.215702 0.292945
vt 0.216288 0.292925
vt 0.018149 0.783980
vt 0.019310 0.783829
vt 0.018729 0.783904
vt 0.215702 0.333729
vt 0.216873 0.334311
vt 0.232940 0.850797
vt 0.233629 0.852985
vt 0.216288 0.334020
vt 0.216288 0.334447
vt 0.216288 0.334664
vt 0.232720 0.851379
vt 0.232559 0.851534
vt 0.232350 0.850872
vt 0.216518 0.334779
vt 0.233285 0.851891
vt 0.232889 0.852581
vt 0.214891 0.333970
vt 0.027746 0.702325
vt 0.268215 0.605951
vt 0.079080 0.080052
vt 0.268215 0.606526
vt 0.027746 0.702899
vt 0.027408 0.702899
vt 0.268801 0.606283
vt 0.079417 0.079476
vt 0.268801 0.605951
vt 0.079666 0.080050
vt 0.079079 0.079477
vt 0.027161 0.702325
vt 0.509999 0.811026
vt 0.761733 0.669317
vt 0.662183 0.610301
vt 0.761147 0.669317
vt 0.509999 0.811600
vt 0.509661 0.811600
vt 0.761395 0.669891
vt 0.662521 0.609727
vt 0.662768 0.610301
vt 0.761733 0.669891
vt 0.662183 0.609727
vt 0.509413 0.811026
vt 0.268215 0.501001
vt 0.079347 0.185036
vt 0.268801 0.501001
vt 0.079932 0.185034
vt 0.555168 0.610301
vt 0.559335 0.394902
vt 0.275364 0.928047
vt 0.555793 0.609153
vt 0.554875 0.609727
vt 0.558749 0.395189
vt 0.558930 0.395476
vt 0.274859 0.928621
vt 0.555180 0.609727
vt 0.559350 0.395476
vt 0.274779 0.928033
vt 0.275368 0.928621
vt 0.555209 0.609119
vt 0.555481 0.609727
vt 0.195039 0.605951
vt 0.100915 0.702296
vt 0.195039 0.606526
vt 0.100915 0.702871
vt 0.761733 0.597553
vt 0.583175 0.811026
vt 0.761147 0.597553
vt 0.583175 0.811600
vt 0.279141 0.857015
vt 0.633096 0.394902
vt 0.583761 0.705501
vt 0.890396 0.453042
vt 0.583159 0.706075
vt 0.632495 0.395476
vt 0.278588 0.856396
vt 0.278588 0.856395
vt 0.583175 0.706093
vt 0.889851 0.452618
vt 0.889896 0.452377
vt 0.583175 0.706095
vt 0.889813 0.452979
vt 0.279206 0.856444
vt 0.268215 0.592125
vt 0.079114 0.093534
vt 0.268801 0.592474
vt 0.079700 0.093533
vt 0.268801 0.592372
vt 0.079700 0.093635
vt 0.648440 0.610301
vt 0.647814 0.609153
vt 0.225127 0.894499
vt 0.509999 0.798122
vt 0.648127 0.609727
vt 0.648427 0.609727
vt 0.648432 0.609618
vt 0.225689 0.894957
vt 0.509413 0.797548
vt 0.648399 0.609119
vt 0.225062 0.895070
vt 0.225711 0.894544
vt 0.510015 0.797548
vt 0.648733 0.609727
vt 0.509413 0.797835
vt 0.228904 0.823467
vt 0.981129 0.468084
vt 0.583761 0.798122
vt 0.981700 0.468213
vt 0.228900 0.822893
vt 0.229270 0.822893
vt 0.981825 0.467617
vt 0.583161 0.797548
vt 0.981824 0.467617
vt 0.583175 0.797528
vt 0.229520 0.822908
vt 0.583159 0.797548
vt 0.175222 0.926113
vt 0.195039 0.581263
vt 0.175222 0.926687
vt 0.195039 0.580689
vt 0.268215 0.312906
vt 0.079873 0.373124
vt 0.080459 0.373123
vt 0.268801 0.312906
vt 0.363373 0.610301
vt 0.559335 0.207381
vt 0.558749 0.207381
vt 0.363373 0.609727
vt 0.629580 0.517506
vt 0.629453 0.516357
vt 0.128943 0.875291
vt 0.130105 0.875481
vt 0.629516 0.516931
vt 0.630001 0.516931
vt 0.129503 0.875770
vt 0.129497 0.875895
vt 0.630086 0.516408
vt 0.128957 0.875867
vt 0.129524 0.875386
vt 0.630140 0.517337
vt 0.129913 0.876024
vt 0.574341 0.516357
vt 0.574027 0.517506
vt 0.371888 0.918825
vt 0.373064 0.918755
vt 0.574184 0.516931
vt 0.573760 0.516931
vt 0.573606 0.516931
vt 0.372455 0.919174
vt 0.372490 0.919300
vt 0.372021 0.919385
vt 0.573467 0.517337
vt 0.372476 0.918790
vt 0.373086 0.919331
vt 0.573706 0.516314
vt 0.375326 0.876223
vt 0.374163 0.876033
vt 0.892912 0.546989
vt 0.374744 0.876128
vt 0.374760 0.875832
vt 0.374771 0.875620
vt 0.892284 0.546922
vt 0.892265 0.546760
vt 0.374649 0.875581
vt 0.375121 0.875637
vt 0.892281 0.547228
vt 0.132381 0.832689
vt 0.131204 0.832759
vt 0.947263 0.555999
vt 0.131792 0.832724
vt 0.131808 0.832428
vt 0.131811 0.832215
vt 0.947891 0.556103
vt 0.947888 0.556352
vt 0.131567 0.832203
vt 0.947951 0.555992
vt 0.131945 0.832190
vt 0.886738 0.526481
vt 0.886749 0.527648
vt 0.354991 0.867949
vt 0.353830 0.867723
vt 0.886743 0.527065
vt 0.886350 0.527034
vt 0.354432 0.867419
vt 0.886194 0.527464
vt 0.354931 0.867377
vt 0.354410 0.867836
vt 0.886211 0.526735
vt 0.354170 0.867255
vt 0.152306 0.826605
vt 0.959567 0.539720
vt 0.959969 0.538622
vt 0.153485 0.826499
vt 0.960152 0.539725
vt 0.152426 0.826042
vt 0.960149 0.539234
vt 0.152915 0.826192
vt 0.959768 0.539171
vt 0.960381 0.539031
vt 0.153196 0.825998
vt 0.152896 0.826552
vt 0.350784 0.925015
vt 0.351962 0.924910
vt 0.564878 0.534994
vt 0.564668 0.536143
vt 0.351373 0.924962
vt 0.351385 0.925386
vt 0.564387 0.535568
vt 0.351842 0.925472
vt 0.564300 0.535085
vt 0.564773 0.535568
vt 0.351072 0.925516
vt 0.564193 0.535807
vt 0.638939 0.536143
vt 0.638729 0.534994
vt 0.149278 0.883565
vt 0.150438 0.883791
vt 0.638834 0.535568
vt 0.639226 0.535534
vt 0.149836 0.884095
vt 0.639307 0.535085
vt 0.149337 0.884137
vt 0.149858 0.883678
vt 0.639415 0.535807
vt 0.150098 0.884259
vt 0.680995 0.414475
vt 0.698547 0.771725
vt 0.010454 0.869231
vt 0.681382 0.413901
vt 0.697961 0.771502
vt 0.681736 0.413901
vt 0.698208 0.772299
vt 0.010304 0.869799
vt 0.698547 0.772299
vt 0.009869 0.869202
vt 0.681646 0.414510
vt 0.010667 0.869817
vt 0.698547 0.717566
vt 0.625964 0.414475
vt 0.491553 0.924814
vt 0.626175 0.413901
vt 0.697961 0.717360
vt 0.697961 0.717059
vt 0.625730 0.413978
vt 0.492120 0.925175
vt 0.491658 0.925395
vt 0.625502 0.414231
vt 0.492138 0.924844
vt 0.698547 0.716992
vt 0.493814 0.882283
vt 0.926495 0.656466
vt 0.741974 0.717566
vt 0.493892 0.881712
vt 0.925953 0.656558
vt 0.494318 0.881733
vt 0.926312 0.657019
vt 0.742312 0.716992
vt 0.742559 0.717437
vt 0.926685 0.657080
vt 0.494399 0.882313
vt 0.741974 0.716992
vt 0.741974 0.771725
vt 0.980760 0.665463
vt 0.012715 0.826700
vt 0.742559 0.771424
vt 0.980964 0.666079
vt 0.742559 0.771812
vt 0.981577 0.665805
vt 0.012148 0.826339
vt 0.981353 0.665452
vt 0.013088 0.826144
vt 0.741974 0.772299
vt 0.012131 0.826670
vt 0.390945 0.919669
vt 0.577162 0.499024
vt 0.390961 0.920245
vt 0.576530 0.498980
vt 0.409702 0.920628
vt 0.581837 0.481182
vt 0.409740 0.921205
vt 0.581213 0.481119
vt 0.428918 0.921611
vt 0.588848 0.463604
vt 0.428986 0.922190
vt 0.588240 0.463522
vt 0.449068 0.922642
vt 0.599111 0.446561
vt 0.449037 0.923215
vt 0.449156 0.923221
vt 0.598514 0.446469
vt 0.612018 0.429940
vt 0.470337 0.923729
vt 0.470438 0.924309
vt 0.470306 0.924303
vt 0.611339 0.429940
vt 0.472598 0.881198
vt 0.915372 0.638938
vt 0.472760 0.880631
vt 0.914774 0.638937
vt 0.472629 0.880624
vt 0.914705 0.638828
vt 0.451329 0.880110
vt 0.905470 0.620439
vt 0.451478 0.879542
vt 0.904868 0.620433
vt 0.451360 0.879536
vt 0.904814 0.620330
vt 0.431180 0.879079
vt 0.898247 0.601957
vt 0.431210 0.878506
vt 0.897602 0.601850
vt 0.411963 0.878097
vt 0.894321 0.583479
vt 0.411994 0.877523
vt 0.893685 0.583374
vt 0.892743 0.565122
vt 0.393206 0.877137
vt 0.393283 0.876566
vt 0.892117 0.565063
vt 0.969645 0.647936
vt 0.033932 0.827785
vt 0.970311 0.648046
vt 0.033962 0.827211
vt 0.970256 0.647942
vt 0.034082 0.827217
vt 0.959763 0.629440
vt 0.055200 0.828872
vt 0.960384 0.629458
vt 0.055330 0.828304
vt 0.952562 0.610962
vt 0.075350 0.829903
vt 0.953193 0.611002
vt 0.075450 0.829333
vt 0.948654 0.592487
vt 0.094566 0.830886
vt 0.949287 0.592546
vt 0.094644 0.830315
vt 0.113324 0.831845
vt 0.947089 0.574132
vt 0.947719 0.574236
vt 0.113354 0.831272
vt 0.632270 0.499024
vt 0.111062 0.874377
vt 0.632913 0.499024
vt 0.111032 0.874950
vt 0.636934 0.481182
vt 0.092305 0.873417
vt 0.637583 0.481182
vt 0.092274 0.873991
vt 0.643927 0.463604
vt 0.073088 0.872435
vt 0.644585 0.463604
vt 0.073058 0.873008
vt 0.654168 0.446561
vt 0.052939 0.871404
vt 0.654837 0.446561
vt 0.052908 0.871978
vt 0.031670 0.870316
vt 0.667056 0.429940
vt 0.031640 0.870890
vt 0.667661 0.430034
vt 0.031760 0.870896
vt 0.885008 0.532443
vt 0.885591 0.533704
vt 0.361314 0.868023
vt 0.360168 0.867512
vt 0.885299 0.533074
vt 0.884665 0.532968
vt 0.884536 0.533298
vt 0.360768 0.867252
vt 0.360581 0.866901
vt 0.885018 0.533916
vt 0.361816 0.867680
vt 0.360741 0.867768
vt 0.884452 0.532262
vt 0.360105 0.866941
vt 0.357065 0.925872
vt 0.358259 0.925481
vt 0.564765 0.528833
vt 0.563976 0.529982
vt 0.357662 0.925676
vt 0.357634 0.926192
vt 0.358051 0.926289
vt 0.563727 0.529407
vt 0.563315 0.529608
vt 0.358721 0.925873
vt 0.564237 0.528531
vt 0.564371 0.529407
vt 0.356942 0.926434
vt 0.563397 0.530069
vt 0.639631 0.529982
vt 0.638842 0.528833
vt 0.142954 0.883491
vt 0.144100 0.884002
vt 0.639236 0.529407
vt 0.639880 0.529407
vt 0.639951 0.529062
vt 0.143500 0.884262
vt 0.143687 0.884613
vt 0.639371 0.528531
vt 0.142452 0.883834
vt 0.143527 0.883746
vt 0.640210 0.530069
vt 0.144163 0.884573
vt 0.147203 0.825642
vt 0.146010 0.826034
vt 0.958631 0.545813
vt 0.959604 0.544810
vt 0.146606 0.825838
vt 0.146634 0.825322
vt 0.146217 0.825225
vt 0.959752 0.545417
vt 0.960193 0.545286
vt 0.959101 0.546197
vt 0.145547 0.825641
vt 0.959118 0.545312
vt 0.960190 0.544818
vt 0.147326 0.825081
vt 0.892264 0.542979
vt 0.370781 0.874981
vt 0.369636 0.874475
vt 0.891866 0.541748
vt 0.891664 0.543040
vt 0.370988 0.874443
vt 0.891565 0.542428
vt 0.370230 0.874322
vt 0.370236 0.874209
vt 0.891657 0.542296
vt 0.370209 0.874728
vt 0.891379 0.542069
vt 0.370027 0.874047
vt 0.892065 0.542363
vt 0.368413 0.919526
vt 0.572904 0.520780
vt 0.572319 0.521928
vt 0.367220 0.919912
vt 0.368559 0.920083
vt 0.572340 0.520623
vt 0.367941 0.920208
vt 0.572204 0.521354
vt 0.572089 0.521354
vt 0.367795 0.920125
vt 0.572612 0.521354
vt 0.367563 0.920378
vt 0.571894 0.521532
vt 0.367816 0.919719
vt 0.630704 0.520780
vt 0.133487 0.876533
vt 0.134633 0.877039
vt 0.631288 0.521928
vt 0.631268 0.520623
vt 0.133283 0.877072
vt 0.631469 0.521209
vt 0.134038 0.877192
vt 0.134032 0.877305
vt 0.631404 0.521354
vt 0.134060 0.876786
vt 0.631714 0.521532
vt 0.134241 0.877467
vt 0.630996 0.521354
vt 0.137049 0.831602
vt 0.135856 0.831988
vt 0.949221 0.552421
vt 0.950009 0.551387
vt 0.136452 0.831795
vt 0.136474 0.831389
vt 0.136327 0.831307
vt 0.950023 0.551972
vt 0.950139 0.551991
vt 0.949766 0.552673
vt 0.135707 0.831432
vt 0.949615 0.551904
vt 0.950362 0.551847
vt 0.136705 0.831136
vt 0.160076 0.823467
vt 0.158883 0.823848
vt 0.964357 0.534777
vt 0.965213 0.533754
vt 0.159480 0.823657
vt 0.159505 0.823181
vt 0.159219 0.823041
vt 0.965324 0.534355
vt 0.965656 0.534410
vt 0.964827 0.535136
vt 0.158527 0.823381
vt 0.964785 0.534265
vt 0.965783 0.533883
vt 0.160073 0.822893
vt 0.883882 0.521435
vt 0.348742 0.864536
vt 0.347596 0.864036
vt 0.883417 0.520193
vt 0.883318 0.521623
vt 0.349146 0.864108
vt 0.882942 0.520959
vt 0.348194 0.863810
vt 0.348210 0.863521
vt 0.883111 0.520725
vt 0.348169 0.864286
vt 0.882835 0.520131
vt 0.347660 0.863465
vt 0.883649 0.520814
vt 0.345385 0.927666
vt 0.560995 0.540651
vt 0.560326 0.541800
vt 0.344192 0.928047
vt 0.345742 0.928133
vt 0.560471 0.540374
vt 0.345049 0.928473
vt 0.560114 0.541226
vt 0.559777 0.541226
vt 0.344763 0.928333
vt 0.560660 0.541226
vt 0.344196 0.928621
vt 0.559741 0.541766
vt 0.344789 0.927857
vt 0.642613 0.540651
vt 0.155527 0.886978
vt 0.156673 0.887478
vt 0.643282 0.541800
vt 0.643136 0.540374
vt 0.155122 0.887406
vt 0.643620 0.540967
vt 0.156074 0.887704
vt 0.156059 0.887993
vt 0.643493 0.541226
vt 0.156100 0.887228
vt 0.643866 0.541766
vt 0.156608 0.888049
vt 0.642947 0.541226
vt 0.053244 0.702314
vt 0.242854 0.605951
vt 0.242715 0.606526
vt 0.053244 0.702889
vt 0.535499 0.811026
vt 0.761733 0.644308
vt 0.761147 0.644309
vt 0.535499 0.811600
vt 0.249569 0.501001
vt 0.527330 0.098974
vt 0.248984 0.501001
vt 0.526745 0.098974
vt 0.276691 0.903103
vt 0.584835 0.394902
vt 0.584835 0.395476
vt 0.276106 0.903073
vt 0.535499 0.798122
vt 0.226454 0.869555
vt 0.227038 0.869585
vt 0.535499 0.797548
vt 0.229167 0.926113
vt 0.527330 0.019286
vt 0.249569 0.581263
vt 0.229167 0.926687
vt 0.248984 0.580689
vt 0.526745 0.019286
vt 0.527330 0.287069
vt 0.249569 0.312906
vt 0.526745 0.287069
vt 0.248984 0.312906
vt 0.373633 0.908061
vt 0.372463 0.908001
vt 0.373048 0.908031
vt 0.130681 0.864657
vt 0.129511 0.864598
vt 0.130096 0.864627
vt 0.150230 0.865657
vt 0.151399 0.865717
vt 0.150815 0.865687
vt 0.352914 0.907001
vt 0.351745 0.906942
vt 0.352329 0.906972
vt 0.709465 0.717566
vt 0.492122 0.914121
vt 0.492706 0.914151
vt 0.709465 0.716992
vt 0.011022 0.858538
vt 0.709465 0.771725
vt 0.709465 0.772299
vt 0.010438 0.858508
vt 0.143920 0.865334
vt 0.145089 0.865394
vt 0.144505 0.865364
vt 0.359224 0.907324
vt 0.358054 0.907264
vt 0.358639 0.907294
vt 0.134109 0.864833
vt 0.135279 0.864893
vt 0.134694 0.864863
vt 0.369035 0.907826
vt 0.367866 0.907766
vt 0.368450 0.907796
vt 0.346501 0.906674
vt 0.345332 0.906614
vt 0.345917 0.906644
vt 0.156643 0.865985
vt 0.157812 0.866045
vt 0.157228 0.866015
vt 0.079211 0.132310
vt 0.268215 0.553711
vt 0.268801 0.553711
vt 0.079797 0.132308
vt 0.608920 0.609153
vt 0.608915 0.610301
vt 0.608916 0.609727
vt 0.583761 0.758785
vt 0.942779 0.461726
vt 0.942873 0.461160
vt 0.583175 0.758787
vt 0.611330 0.516357
vt 0.611211 0.517506
vt 0.611246 0.516931
vt 0.610063 0.534994
vt 0.610017 0.536143
vt 0.610065 0.535568
vt 0.931301 0.535034
vt 0.931451 0.533894
vt 0.931401 0.534469
vt 0.698547 0.753896
vt 0.662913 0.414475
vt 0.663279 0.413901
vt 0.697961 0.753748
vt 0.663430 0.413901
vt 0.697961 0.753896
vt 0.962929 0.662507
vt 0.741974 0.753896
vt 0.742559 0.753748
vt 0.963192 0.663133
vt 0.742559 0.753896
vt 0.963341 0.663157
vt 0.610015 0.528833
vt 0.609949 0.529982
vt 0.609950 0.529408
vt 0.930208 0.541101
vt 0.930338 0.539958
vt 0.930241 0.540524
vt 0.611071 0.520780
vt 0.610967 0.521928
vt 0.611038 0.521354
vt 0.929879 0.549215
vt 0.929972 0.548065
vt 0.929945 0.548643
vt 0.931762 0.529373
vt 0.931894 0.528230
vt 0.931809 0.528798
vt 0.609554 0.540651
vt 0.609490 0.541800
vt 0.609503 0.541226
vt 0.527330 0.046264
vt 0.249569 0.553711
vt 0.248984 0.553711
vt 0.526745 0.046264
vt 0.326009 0.019860
vt 0.175222 0.899076
vt 0.326009 0.019286
vt 0.175222 0.898501
vt 0.554899 0.098974
vt 0.272650 0.098974
vt 0.555485 0.098974
vt 0.272065 0.098974
vt 0.272650 0.019860
vt 0.229167 0.899076
vt 0.554899 0.019286
vt 0.272236 0.019286
vt 0.228995 0.898501
vt 0.555485 0.019454
vt 0.272065 0.019454
vt 0.272650 0.287069
vt 0.554899 0.287069
vt 0.272065 0.287069
vt 0.555485 0.287069
vt 0.272650 0.046264
vt 0.554899 0.046264
vt 0.555485 0.046264
vt 0.272065 0.046264
vt 0.771610 0.669317
vt 0.772781 0.669511
vt 0.662546 0.621136
vt 0.662183 0.619988
vt 0.772196 0.669414
vt 0.772196 0.669891
vt 0.662768 0.620499
vt 0.662996 0.620760
vt 0.772476 0.670008
vt 0.662365 0.620562
vt 0.662768 0.619988
vt 0.771610 0.669891
vt 0.555168 0.619988
vt 0.555168 0.621136
vt 0.555168 0.620562
vt 0.771610 0.597553
vt 0.772781 0.597553
vt 0.772196 0.597553
vt 0.648440 0.619988
vt 0.648445 0.621136
vt 0.648441 0.620562
vt 0.363373 0.621136
vt 0.363373 0.619988
vt 0.363373 0.620562
vt 0.772781 0.644292
vt 0.771610 0.644309
vt 0.772196 0.644306
vt 0.608911 0.621136
vt 0.608915 0.619988
vt 0.608914 0.620562
vt 0.033745 0.185128
vt 0.555167 0.642649
vt 0.033159 0.185126
vt 0.555166 0.643224
vt 0.100910 0.647078
vt 0.807268 0.597552
vt 0.100912 0.646504
vt 0.807853 0.597553
vt 0.033786 0.093383
vt 0.648678 0.642649
vt 0.033201 0.093380
vt 0.648681 0.643224
vt 0.033422 0.373186
vt 0.363373 0.642649
vt 0.363373 0.643224
vt 0.032837 0.373187
vt 0.807268 0.643228
vt 0.054342 0.647042
vt 0.054364 0.646468
vt 0.807853 0.643209
vt 0.608731 0.642649
vt 0.033778 0.132575
vt 0.033192 0.132576
vt 0.608728 0.643224
vt 0.033787 0.050414
vt 0.692143 0.642649
vt 0.807268 0.685118
vt 0.011600 0.647002
vt 0.033201 0.050577
vt 0.692309 0.643224
vt 0.033201 0.049432
vt 0.693519 0.642768
vt 0.807853 0.685608
vt 0.011061 0.647226
vt 0.692967 0.642454
vt 0.806457 0.685359
vt 0.011618 0.646428
vt 0.807853 0.685135
vt 0.033998 0.049711
vt 0.011265 0.647657
vt 0.060359 0.185086
vt 0.061530 0.185082
vt 0.060944 0.185084
vt 0.100907 0.683677
vt 0.100910 0.684826
vt 0.100909 0.684252
vt 0.060122 0.093576
vt 0.061293 0.093577
vt 0.060708 0.093578
vt 0.062061 0.373148
vt 0.060890 0.373149
vt 0.061475 0.373148
vt 0.053236 0.684846
vt 0.053249 0.683697
vt 0.053238 0.684271
vt 0.061391 0.132353
vt 0.060220 0.132360
vt 0.060805 0.132355
vt 0.027739 0.684856
vt 0.061260 0.080094
vt 0.060088 0.079766
vt 0.027551 0.683708
vt 0.061259 0.079520
vt 0.027153 0.684857
vt 0.027153 0.684335
vt 0.060673 0.079521
vt 0.027254 0.684282
vt 0.060674 0.079930
vt 0.060440 0.079301
vt 0.027034 0.683987
vt 0.027645 0.684282
vt 0.043770 0.064295
vt 0.019206 0.663060
vt 0.019694 0.664210
vt 0.044933 0.065456
vt 0.044195 0.063890
vt 0.018714 0.663384
vt 0.044357 0.064114
vt 0.019012 0.663634
vt 0.018932 0.663880
vt 0.044355 0.064353
vt 0.019450 0.663635
vt 0.045159 0.064872
vt 0.019242 0.664649
vt 0.044351 0.064876
vt 0.042963 0.185156
vt 0.044134 0.185156
vt 0.043549 0.185158
vt 0.100831 0.663257
vt 0.100831 0.664405
vt 0.100829 0.663831
vt 0.043573 0.093520
vt 0.044744 0.093530
vt 0.044159 0.093528
vt 0.042873 0.373173
vt 0.041702 0.373175
vt 0.042287 0.373174
vt 0.053701 0.664293
vt 0.053736 0.663144
vt 0.053716 0.663718
vt 0.044484 0.132513
vt 0.043312 0.132522
vt 0.043898 0.132518
vt 0.677000 0.633682
vt 0.791001 0.677104
vt 0.792172 0.677619
vt 0.678387 0.634830
vt 0.677635 0.633466
vt 0.790468 0.677506
vt 0.678308 0.634050
vt 0.791586 0.677797
vt 0.791586 0.677972
vt 0.678273 0.634256
vt 0.791586 0.677362
vt 0.678769 0.634383
vt 0.791817 0.678087
vt 0.677694 0.634256
vt 0.555167 0.634830
vt 0.555167 0.633682
vt 0.555167 0.634256
vt 0.792172 0.597553
vt 0.791001 0.597553
vt 0.791586 0.597553
vt 0.648557 0.633682
vt 0.648571 0.634830
vt 0.648563 0.634256
vt 0.363373 0.634830
vt 0.363373 0.633682
vt 0.363373 0.634256
vt 0.791001 0.643775
vt 0.792172 0.643739
vt 0.791586 0.643758
vt 0.608824 0.633682
vt 0.608814 0.634830
vt 0.608820 0.634256
vt 0.555167 0.641501
vt 0.555167 0.642649
vt 0.555167 0.642075
vt 0.805184 0.597553
vt 0.806355 0.597553
vt 0.805770 0.597553
vt 0.648678 0.642649
vt 0.648662 0.641501
vt 0.648670 0.642075
vt 0.363373 0.642649
vt 0.363373 0.641501
vt 0.363373 0.642075
vt 0.806355 0.643259
vt 0.805184 0.643299
vt 0.805770 0.643279
vt 0.608731 0.642649
vt 0.608744 0.641501
vt 0.608737 0.642075
vt 0.805184 0.684083
vt 0.806355 0.684665
vt 0.692143 0.642649
vt 0.690123 0.641501
vt 0.805770 0.684374
vt 0.805770 0.684800
vt 0.805770 0.685018
vt 0.691902 0.642075
vt 0.691913 0.641855
vt 0.692525 0.642202
vt 0.806000 0.685132
vt 0.691133 0.642075
vt 0.690946 0.641305
vt 0.804373 0.684324
vt 0.447755 0.647000
vt 0.898846 0.050989
vt 0.268215 0.019860
vt 0.447170 0.647000
vt 0.898848 0.050414
vt 0.447170 0.646668
vt 0.898262 0.050655
vt 0.268553 0.019286
vt 0.898261 0.050987
vt 0.268801 0.019860
vt 0.447755 0.646426
vt 0.268215 0.019286
vt 0.491561 0.751375
vt 0.227997 0.933787
vt 0.172251 0.066064
vt 0.492146 0.751375
vt 0.227600 0.933365
vt 0.492146 0.751707
vt 0.227338 0.933933
vt 0.171666 0.065732
vt 0.172251 0.065490
vt 0.227567 0.934177
vt 0.491561 0.751950
vt 0.171666 0.066064
vt 0.898547 0.155937
vt 0.079873 0.561208
vt 0.268215 0.124811
vt 0.897961 0.155936
vt 0.080459 0.561208
vt 0.268801 0.124811
vt 0.471741 0.770666
vt 0.811306 0.692498
vt 0.559335 0.019860
vt 0.472989 0.770222
vt 0.171578 0.610301
vt 0.471790 0.770094
vt 0.810723 0.692434
vt 0.472298 0.770132
vt 0.810839 0.693049
vt 0.558749 0.019286
vt 0.472408 0.770153
vt 0.811259 0.693071
vt 0.559350 0.019286
vt 0.472451 0.769856
vt 0.558749 0.019573
vt 0.171871 0.609727
vt 0.472365 0.770444
vt 0.520924 0.647029
vt 0.195039 0.019860
vt 0.520924 0.646454
vt 0.195039 0.019286
vt 0.418385 0.751375
vt 0.172251 0.137828
vt 0.418385 0.751950
vt 0.171666 0.137828
vt 0.883735 0.696202
vt 0.890396 0.370613
vt 0.633096 0.019860
vt 0.417799 0.645851
vt 0.884320 0.696198
vt 0.889814 0.370675
vt 0.884320 0.696561
vt 0.889895 0.371278
vt 0.632496 0.019286
vt 0.632511 0.019266
vt 0.418385 0.646444
vt 0.889896 0.371278
vt 0.884305 0.696807
vt 0.632495 0.019286
vt 0.898809 0.064466
vt 0.268215 0.033686
vt 0.898223 0.064465
vt 0.268801 0.033338
vt 0.898223 0.064567
vt 0.268801 0.033440
vt 0.491561 0.738472
vt 0.223579 0.552715
vt 0.458688 0.860000
vt 0.238092 0.924641
vt 0.459758 0.860770
vt 0.491545 0.737898
vt 0.223564 0.553289
vt 0.491966 0.737898
vt 0.224164 0.553210
vt 0.459180 0.860676
vt 0.237695 0.924220
vt 0.224164 0.552711
vt 0.458571 0.860562
vt 0.237924 0.924011
vt 0.459223 0.860385
vt 0.492146 0.738185
vt 0.237480 0.924414
vt 0.151149 0.549011
vt 0.417799 0.738472
vt 0.981129 0.355570
vt 0.418400 0.737898
vt 0.150519 0.549554
vt 0.150517 0.549554
vt 0.418385 0.737879
vt 0.981786 0.355795
vt 0.418385 0.737878
vt 0.981824 0.356037
vt 0.150568 0.548947
vt 0.981700 0.355441
vt 0.195039 0.044548
vt 0.437531 0.558628
vt 0.195039 0.045123
vt 0.437531 0.558054
vt 0.368770 0.829297
vt 0.214175 0.458053
vt 0.214104 0.456900
vt 0.367628 0.829011
vt 0.214746 0.457922
vt 0.368520 0.829817
vt 0.214531 0.457496
vt 0.214658 0.457503
vt 0.368144 0.829532
vt 0.214140 0.457476
vt 0.214686 0.456974
vt 0.367590 0.829633
vt 0.368199 0.829154
vt 0.375446 0.775508
vt 0.830891 0.598169
vt 0.830697 0.599310
vt 0.376650 0.775367
vt 0.375492 0.774886
vt 0.830309 0.598088
vt 0.376089 0.774877
vt 0.830403 0.598719
vt 0.830276 0.598713
vt 0.376108 0.775026
vt 0.830794 0.598739
vt 0.376560 0.774799
vt 0.830144 0.599121
vt 0.376048 0.775438
vt 0.874260 0.600387
vt 0.892912 0.276666
vt 0.874332 0.601541
vt 0.892282 0.276426
vt 0.874832 0.600647
vt 0.874816 0.600953
vt 0.892285 0.276770
vt 0.874598 0.600979
vt 0.874840 0.601114
vt 0.892265 0.276894
vt 0.874296 0.600964
vt 0.170541 0.455822
vt 0.947264 0.267655
vt 0.170735 0.454682
vt 0.170081 0.455345
vt 0.947952 0.267662
vt 0.170120 0.455225
vt 0.947891 0.267543
vt 0.170336 0.455236
vt 0.170133 0.454977
vt 0.947889 0.267303
vt 0.170638 0.455252
vt 0.886738 0.297173
vt 0.880643 0.622238
vt 0.880536 0.621082
vt 0.886749 0.296006
vt 0.881154 0.621955
vt 0.886212 0.296920
vt 0.881021 0.621648
vt 0.886397 0.296647
vt 0.880589 0.621660
vt 0.881109 0.621200
vt 0.886195 0.296190
vt 0.886744 0.296590
vt 0.162298 0.474624
vt 0.162069 0.475763
vt 0.959969 0.285032
vt 0.959567 0.283934
vt 0.162184 0.475193
vt 0.161759 0.475172
vt 0.960149 0.284385
vt 0.161591 0.475429
vt 0.960381 0.284623
vt 0.959768 0.284483
vt 0.161716 0.474683
vt 0.960153 0.283929
vt 0.822225 0.619250
vt 0.396789 0.768925
vt 0.395600 0.768966
vt 0.822455 0.618112
vt 0.396517 0.768416
vt 0.821747 0.618917
vt 0.396215 0.768560
vt 0.821973 0.618662
vt 0.396194 0.768946
vt 0.395773 0.768418
vt 0.821872 0.618170
vt 0.822340 0.618681
vt 0.386253 0.841026
vt 0.220487 0.478750
vt 0.220380 0.477595
vt 0.385124 0.840660
vt 0.220998 0.478467
vt 0.385847 0.841441
vt 0.220865 0.478160
vt 0.385639 0.841184
vt 0.220433 0.478172
vt 0.220953 0.477712
vt 0.385133 0.841234
vt 0.385689 0.840843
vt 0.257481 0.864595
vt 0.220282 0.340696
vt 0.541337 0.760823
vt 0.220849 0.341062
vt 0.257507 0.865178
vt 0.257153 0.865407
vt 0.220650 0.340140
vt 0.541923 0.760909
vt 0.220313 0.340123
vt 0.541337 0.761397
vt 0.541923 0.760521
vt 0.256858 0.864812
vt 0.541337 0.706664
vt 0.837070 0.481966
vt 0.265288 0.811172
vt 0.541337 0.706090
vt 0.837101 0.481393
vt 0.541675 0.706090
vt 0.836510 0.481472
vt 0.264720 0.811005
vt 0.265181 0.810641
vt 0.836488 0.481890
vt 0.541923 0.706536
vt 0.264667 0.811373
vt 0.880438 0.484184
vt 0.497910 0.706664
vt 0.926495 0.167188
vt 0.497910 0.706090
vt 0.880469 0.483611
vt 0.880807 0.483628
vt 0.497324 0.706156
vt 0.926182 0.166736
vt 0.926606 0.166587
vt 0.497324 0.706456
vt 0.926000 0.167024
vt 0.881030 0.484082
vt 0.497910 0.760823
vt 0.176914 0.338478
vt 0.980760 0.158192
vt 0.176945 0.337905
vt 0.497910 0.761397
vt 0.497572 0.761397
vt 0.176336 0.338332
vt 0.981391 0.157505
vt 0.176317 0.338686
vt 0.981406 0.158120
vt 0.981044 0.157562
vt 0.497325 0.760601
vt 0.357551 0.775788
vt 0.831824 0.580634
vt 0.357595 0.775169
vt 0.831241 0.580558
vt 0.338879 0.777796
vt 0.832802 0.562238
vt 0.338903 0.777181
vt 0.832221 0.562141
vt 0.320142 0.782109
vt 0.833804 0.543392
vt 0.320145 0.781507
vt 0.833224 0.543266
vt 0.301484 0.789654
vt 0.834855 0.523632
vt 0.301578 0.789005
vt 0.834270 0.523602
vt 0.301475 0.789062
vt 0.834276 0.523485
vt 0.835964 0.502773
vt 0.282875 0.799826
vt 0.282862 0.799239
vt 0.835386 0.502614
vt 0.282972 0.799168
vt 0.835379 0.502743
vt 0.915372 0.184716
vt 0.879332 0.504991
vt 0.914775 0.184718
vt 0.879924 0.504892
vt 0.914706 0.184827
vt 0.879917 0.505021
vt 0.905471 0.203215
vt 0.878223 0.525850
vt 0.904869 0.203221
vt 0.878814 0.525764
vt 0.904814 0.203324
vt 0.878808 0.525879
vt 0.898248 0.221697
vt 0.877172 0.545610
vt 0.897602 0.221804
vt 0.877757 0.545640
vt 0.894322 0.240175
vt 0.876170 0.564456
vt 0.893685 0.240281
vt 0.876755 0.564486
vt 0.875192 0.582852
vt 0.892743 0.258532
vt 0.892117 0.258591
vt 0.875779 0.582836
vt 0.175808 0.359285
vt 0.969645 0.175719
vt 0.175223 0.359256
vt 0.970312 0.175608
vt 0.175217 0.359373
vt 0.970256 0.175712
vt 0.174699 0.380144
vt 0.959763 0.194214
vt 0.174109 0.380211
vt 0.960384 0.194196
vt 0.173648 0.399905
vt 0.952562 0.212693
vt 0.173059 0.399943
vt 0.953194 0.212653
vt 0.172646 0.418751
vt 0.948654 0.231168
vt 0.172059 0.418767
vt 0.949287 0.231108
vt 0.947089 0.249523
vt 0.171668 0.437146
vt 0.171083 0.437116
vt 0.947719 0.249418
vt 0.215036 0.439364
vt 0.349733 0.829287
vt 0.215621 0.439394
vt 0.349642 0.829911
vt 0.216014 0.420968
vt 0.331063 0.831284
vt 0.216599 0.420998
vt 0.330971 0.831914
vt 0.217016 0.402123
vt 0.312329 0.835579
vt 0.217601 0.402152
vt 0.312235 0.836218
vt 0.218067 0.382362
vt 0.293673 0.843104
vt 0.218652 0.382392
vt 0.293578 0.843753
vt 0.275068 0.853257
vt 0.219176 0.361503
vt 0.219761 0.361533
vt 0.274972 0.853915
vt 0.219754 0.361651
vt 0.275077 0.853858
vt 0.885008 0.291212
vt 0.881517 0.616077
vt 0.881118 0.614907
vt 0.885591 0.289950
vt 0.882090 0.616198
vt 0.884452 0.291392
vt 0.884292 0.290952
vt 0.881843 0.615519
vt 0.881942 0.615110
vt 0.884665 0.290686
vt 0.881317 0.615492
vt 0.881518 0.614453
vt 0.885019 0.289739
vt 0.885300 0.290581
vt 0.822009 0.613034
vt 0.390669 0.767380
vt 0.389397 0.767983
vt 0.822531 0.611911
vt 0.390839 0.766830
vt 0.821427 0.613096
vt 0.821386 0.612630
vt 0.390124 0.767056
vt 0.389785 0.766939
vt 0.821744 0.612446
vt 0.390033 0.767681
vt 0.389168 0.767427
vt 0.822181 0.611418
vt 0.822270 0.612473
vt 0.379937 0.840824
vt 0.221361 0.472590
vt 0.220962 0.471419
vt 0.378889 0.839895
vt 0.221933 0.472711
vt 0.379943 0.841399
vt 0.379466 0.841414
vt 0.221687 0.472031
vt 0.221786 0.471623
vt 0.379322 0.840985
vt 0.221161 0.472005
vt 0.221362 0.470965
vt 0.378510 0.840366
vt 0.379413 0.840360
vt 0.161853 0.469547
vt 0.959605 0.278845
vt 0.958631 0.277841
vt 0.162374 0.468423
vt 0.161271 0.469608
vt 0.960190 0.278836
vt 0.161230 0.469142
vt 0.959753 0.278238
vt 0.959764 0.277885
vt 0.161588 0.468958
vt 0.959118 0.278343
vt 0.162025 0.467931
vt 0.959101 0.277457
vt 0.162114 0.468985
vt 0.892264 0.280676
vt 0.891866 0.281907
vt 0.875440 0.606119
vt 0.875046 0.604949
vt 0.892065 0.281291
vt 0.891657 0.281359
vt 0.891541 0.281378
vt 0.875657 0.605555
vt 0.875741 0.605411
vt 0.875915 0.605782
vt 0.891379 0.281586
vt 0.875243 0.605534
vt 0.875614 0.604803
vt 0.891664 0.280614
vt 0.829625 0.602626
vt 0.829109 0.603749
vt 0.381356 0.774336
vt 0.380114 0.774741
vt 0.829367 0.603188
vt 0.828953 0.603166
vt 0.828838 0.603160
vt 0.380793 0.774143
vt 0.380656 0.774059
vt 0.381017 0.773867
vt 0.828673 0.603366
vt 0.380735 0.774539
vt 0.380036 0.774171
vt 0.829075 0.602425
vt 0.371915 0.830853
vt 0.372991 0.831583
vt 0.215284 0.462632
vt 0.214890 0.461461
vt 0.372453 0.831218
vt 0.372395 0.831613
vt 0.372379 0.831725
vt 0.215501 0.462068
vt 0.215585 0.461924
vt 0.215759 0.462294
vt 0.372531 0.831940
vt 0.215087 0.462046
vt 0.215458 0.461318
vt 0.371677 0.831378
vt 0.168953 0.460262
vt 0.950010 0.272267
vt 0.949221 0.271233
vt 0.169469 0.459138
vt 0.168516 0.459878
vt 0.950362 0.271807
vt 0.168682 0.459673
vt 0.950023 0.271683
vt 0.950066 0.271528
vt 0.168797 0.459679
vt 0.949615 0.271750
vt 0.168920 0.458936
vt 0.949767 0.270982
vt 0.169211 0.459700
vt 0.158308 0.481877
vt 0.965213 0.289900
vt 0.964358 0.288877
vt 0.158819 0.480753
vt 0.157726 0.481813
vt 0.965784 0.289771
vt 0.157784 0.481275
vt 0.965324 0.289300
vt 0.965404 0.289024
vt 0.158078 0.481290
vt 0.964785 0.289389
vt 0.158382 0.480356
vt 0.964827 0.288518
vt 0.158564 0.481315
vt 0.883882 0.302219
vt 0.883417 0.303461
vt 0.883735 0.628702
vt 0.883346 0.627532
vt 0.883650 0.302840
vt 0.883111 0.302929
vt 0.882779 0.302984
vt 0.884026 0.628142
vt 0.884169 0.627861
vt 0.884320 0.628698
vt 0.882835 0.303523
vt 0.883541 0.628117
vt 0.883823 0.627182
vt 0.883319 0.302031
vt 0.818975 0.624240
vt 0.818464 0.625364
vt 0.403115 0.765512
vt 0.401861 0.765999
vt 0.818720 0.624802
vt 0.818234 0.624777
vt 0.817940 0.624762
vt 0.402566 0.765225
vt 0.402323 0.765066
vt 0.403164 0.764940
vt 0.817882 0.625301
vt 0.402488 0.765755
vt 0.401655 0.765451
vt 0.818538 0.623843
vt 0.390283 0.845233
vt 0.391347 0.846045
vt 0.223579 0.485215
vt 0.223190 0.484045
vt 0.390815 0.845639
vt 0.390738 0.846169
vt 0.390690 0.846496
vt 0.223870 0.484655
vt 0.224013 0.484374
vt 0.224164 0.485211
vt 0.391230 0.846608
vt 0.223385 0.484630
vt 0.223667 0.483695
vt 0.389929 0.845701
vt 0.242854 0.019860
vt 0.473253 0.647011
vt 0.473253 0.646436
vt 0.242715 0.019286
vt 0.172251 0.091072
vt 0.466060 0.751375
vt 0.466060 0.751950
vt 0.171666 0.091072
vt 0.527330 0.475164
vt 0.249569 0.124811
vt 0.526745 0.475164
vt 0.248984 0.124811
vt 0.584835 0.019860
vt 0.836740 0.693799
vt 0.836709 0.694372
vt 0.584835 0.019286
vt 0.198144 0.551414
vt 0.466060 0.738472
vt 0.466060 0.737898
vt 0.198114 0.551988
vt 0.249569 0.044548
vt 0.491476 0.558628
vt 0.527330 0.554853
vt 0.491476 0.558054
vt 0.526745 0.554853
vt 0.248984 0.045123
vt 0.841734 0.599874
vt 0.841795 0.598727
vt 0.841765 0.599300
vt 0.203200 0.456342
vt 0.203139 0.457489
vt 0.203169 0.456915
vt 0.202058 0.477808
vt 0.202119 0.476661
vt 0.202089 0.477234
vt 0.840654 0.620193
vt 0.840715 0.619046
vt 0.840684 0.619619
vt 0.847974 0.482524
vt 0.530419 0.706664
vt 0.530419 0.706090
vt 0.848005 0.481950
vt 0.530419 0.760823
vt 0.209378 0.340139
vt 0.209409 0.339565
vt 0.530419 0.761397
vt 0.202387 0.471620
vt 0.202448 0.470473
vt 0.202418 0.471046
vt 0.840983 0.614004
vt 0.841044 0.612858
vt 0.841013 0.613431
vt 0.202899 0.461998
vt 0.202960 0.460851
vt 0.202929 0.461425
vt 0.841495 0.604383
vt 0.841555 0.603236
vt 0.841525 0.603809
vt 0.840319 0.626482
vt 0.840380 0.625335
vt 0.840350 0.625908
vt 0.201724 0.484097
vt 0.201785 0.482950
vt 0.201754 0.483524
vt 0.268215 0.072100
vt 0.898699 0.103228
vt 0.898113 0.103227
vt 0.268801 0.072100
vt 0.465365 0.822399
vt 0.464205 0.822241
vt 0.464785 0.822319
vt 0.942779 0.361928
vt 0.417799 0.699135
vt 0.418385 0.699137
vt 0.942873 0.362495
vt 0.371375 0.811465
vt 0.370199 0.811417
vt 0.370791 0.811418
vt 0.390356 0.812949
vt 0.389190 0.812831
vt 0.389769 0.812915
vt 0.931452 0.289760
vt 0.931302 0.288620
vt 0.931402 0.289186
vt 0.260046 0.847041
vt 0.541337 0.742994
vt 0.541923 0.742846
vt 0.259415 0.847315
vt 0.541923 0.742994
vt 0.259393 0.847462
vt 0.497910 0.742994
vt 0.962929 0.161148
vt 0.963192 0.160522
vt 0.497324 0.742846
vt 0.963342 0.160497
vt 0.497324 0.742994
vt 0.384147 0.812010
vt 0.382978 0.811911
vt 0.383567 0.811929
vt 0.930338 0.283697
vt 0.930208 0.282553
vt 0.930241 0.283130
vt 0.375874 0.811855
vt 0.374700 0.811793
vt 0.375284 0.811842
vt 0.929972 0.275589
vt 0.929880 0.274440
vt 0.929945 0.275011
vt 0.931894 0.295424
vt 0.931762 0.294281
vt 0.931809 0.294856
vt 0.396141 0.813241
vt 0.394973 0.813140
vt 0.395559 0.813172
vt 0.249569 0.072100
vt 0.527330 0.527875
vt 0.526745 0.527875
vt 0.248984 0.072100
vt 0.437531 0.585666
vt 0.326009 0.554278
vt 0.437531 0.586240
vt 0.326009 0.554853
vt 0.272650 0.475164
vt 0.554899 0.475164
vt 0.272065 0.475164
vt 0.555485 0.475164
vt 0.272650 0.554278
vt 0.491476 0.585666
vt 0.554899 0.554853
vt 0.491304 0.586240
vt 0.272236 0.554853
vt 0.272065 0.554684
vt 0.555485 0.554684
vt 0.554899 0.527875
vt 0.272650 0.527875
vt 0.272065 0.527875
vt 0.555485 0.527875
vt 0.182128 0.066064
vt 0.234700 0.940902
vt 0.235227 0.941988
vt 0.183299 0.065870
vt 0.182128 0.065490
vt 0.234269 0.941292
vt 0.234667 0.941714
vt 0.182714 0.065582
vt 0.234963 0.941445
vt 0.182994 0.065373
vt 0.234636 0.942011
vt 0.182714 0.065967
vt 0.171578 0.621136
vt 0.483926 0.771759
vt 0.171578 0.619988
vt 0.482767 0.771596
vt 0.171578 0.620562
vt 0.483346 0.771678
vt 0.183299 0.137828
vt 0.182128 0.137828
vt 0.182714 0.137828
vt 0.470694 0.862312
vt 0.245585 0.932604
vt 0.469535 0.862144
vt 0.244794 0.931756
vt 0.470115 0.862225
vt 0.245190 0.932179
vt 0.182128 0.091072
vt 0.183299 0.091089
vt 0.182714 0.091075
vt 0.475142 0.823774
vt 0.476302 0.823933
vt 0.475722 0.823854
vt 0.505640 0.774810
vt 0.171579 0.642649
vt 0.944134 0.156037
vt 0.034276 0.561239
vt 0.506220 0.774891
vt 0.944720 0.156036
vt 0.171580 0.643224
vt 0.033690 0.561242
vt 0.217786 0.137828
vt 0.520919 0.702247
vt 0.218371 0.137828
vt 0.520921 0.702821
vt 0.260299 0.948560
vt 0.492375 0.865589
vt 0.944120 0.064329
vt 0.260691 0.948987
vt 0.492955 0.865674
vt 0.944706 0.064326
vt 0.474351 0.702283
vt 0.217786 0.092152
vt 0.218371 0.092172
vt 0.474373 0.702857
vt 0.944116 0.103507
vt 0.498042 0.826810
vt 0.498622 0.826888
vt 0.944702 0.103508
vt 0.944134 0.021376
vt 0.431609 0.702323
vt 0.217786 0.050263
vt 0.228372 0.977486
vt 0.431274 0.701668
vt 0.943923 0.020673
vt 0.944202 0.020285
vt 0.431145 0.702897
vt 0.217544 0.049739
vt 0.227791 0.978795
vt 0.218371 0.050246
vt 0.431627 0.702897
vt 0.216975 0.050022
vt 0.227632 0.977890
vt 0.228648 0.978018
vt 0.944719 0.021539
vt 0.062060 0.561208
vt 0.916361 0.155987
vt 0.060889 0.561207
vt 0.917532 0.155991
vt 0.061474 0.561208
vt 0.916946 0.155988
vt 0.520919 0.664499
vt 0.520916 0.665648
vt 0.520918 0.665074
vt 0.916623 0.064514
vt 0.917794 0.064514
vt 0.917208 0.064515
vt 0.473258 0.665628
vt 0.473245 0.664479
vt 0.473247 0.665054
vt 0.917684 0.103285
vt 0.916513 0.103277
vt 0.917099 0.103279
vt 0.447748 0.664469
vt 0.447560 0.665617
vt 0.917832 0.050709
vt 0.916660 0.051037
vt 0.447654 0.665043
vt 0.447263 0.665043
vt 0.447162 0.665043
vt 0.917194 0.050464
vt 0.447043 0.665338
vt 0.917481 0.050244
vt 0.917246 0.050873
vt 0.447162 0.664468
vt 0.916662 0.050462
vt 0.934150 0.035248
vt 0.932986 0.036409
vt 0.439703 0.685115
vt 0.439215 0.686265
vt 0.933568 0.035829
vt 0.933565 0.035306
vt 0.933368 0.035251
vt 0.439021 0.685691
vt 0.438841 0.685691
vt 0.439250 0.684676
vt 0.932760 0.035825
vt 0.439459 0.685690
vt 0.438723 0.685941
vt 0.933725 0.034843
vt 0.044669 0.561182
vt 0.933753 0.156062
vt 0.043497 0.561184
vt 0.934924 0.156063
vt 0.044084 0.561181
vt 0.934339 0.156063
vt 0.520840 0.684920
vt 0.520840 0.686068
vt 0.520838 0.685494
vt 0.933166 0.064473
vt 0.934337 0.064464
vt 0.933752 0.064471
vt 0.473745 0.686181
vt 0.473710 0.685032
vt 0.473725 0.685607
vt 0.934586 0.103451
vt 0.933414 0.103442
vt 0.934000 0.103448
vt 0.233291 0.960821
vt 0.233066 0.962588
vt 0.202690 0.057762
vt 0.201519 0.058277
vt 0.233179 0.961705
vt 0.232753 0.962090
vt 0.232553 0.962271
vt 0.202104 0.057583
vt 0.201813 0.057530
vt 0.202335 0.057294
vt 0.232477 0.962514
vt 0.202104 0.058019
vt 0.200986 0.057875
vt 0.232675 0.961086
vt 0.496589 0.773538
vt 0.171579 0.633682
vt 0.497748 0.773701
vt 0.171579 0.634831
vt 0.497169 0.773620
vt 0.171579 0.634256
vt 0.201519 0.137828
vt 0.202690 0.137828
vt 0.202104 0.137828
vt 0.484498 0.864376
vt 0.254968 0.942746
vt 0.483341 0.864201
vt 0.254183 0.941894
vt 0.483920 0.864287
vt 0.254576 0.942319
vt 0.202690 0.091642
vt 0.201519 0.091606
vt 0.202104 0.091623
vt 0.490138 0.825781
vt 0.488977 0.825628
vt 0.489558 0.825705
vt 0.171579 0.642649
vt 0.505640 0.774810
vt 0.171579 0.641501
vt 0.504481 0.774647
vt 0.171579 0.642075
vt 0.505061 0.774728
vt 0.216873 0.137828
vt 0.215702 0.137828
vt 0.216288 0.137828
vt 0.259516 0.947706
vt 0.491218 0.865411
vt 0.260299 0.948560
vt 0.492375 0.865589
vt 0.259908 0.948133
vt 0.491797 0.865500
vt 0.215702 0.092082
vt 0.216873 0.092122
vt 0.216288 0.092102
vt 0.496881 0.826659
vt 0.498042 0.826810
vt 0.497461 0.826734
vt 0.215702 0.051298
vt 0.229062 0.975298
vt 0.228372 0.977486
vt 0.216873 0.050716
vt 0.214891 0.051057
vt 0.228322 0.975702
vt 0.215888 0.050562
vt 0.228152 0.976904
vt 0.227859 0.977169
vt 0.216288 0.050581
vt 0.228717 0.976392
vt 0.216518 0.050249
vt 0.227783 0.977411
vt 0.216288 0.051007
s 1
usemtl MT_TableBreads
f 468/661/1 459/649/1 150/176/2 176/219/3
f 1424/2019/4 1391/1963/5 122/129/6 161/195/7
f 129/138/8 169/207/9 594/818/10 576/794/11
f 147/172/12 641/886/13 651/896/14 456/645/12
f 153/180/15 465/657/16 506/706/17 430/604/18
f 1096/1562/19 1194/1679/19 569/785/19 474/671/19
f 518/719/20 154/181/21 429/603/22 548/756/23
f 128/137/24 459/649/1 468/661/1 166/204/25
f 456/645/12 651/896/14 656/901/26 115/117/27
f 599/823/28 458/648/29 130/139/30 575/793/31
f 705/967/32 584/805/33 590/814/34 710/975/32
f 776/1062/35 185/234/35 648/893/36 1261/1781/37
f 467/660/38 175/218/39 419/588/40 509/709/41
f 479/677/42 218/282/43 330/452/44 6/7/45
f 471/666/46 555/763/19 572/789/19 567/780/47
f 465/657/16 139/156/48 438/617/49 506/706/17
f 266/351/50 531/733/51 28/29/52 489/687/53
f 200/255/54 522/724/55 18/19/56 287/387/57
f 395/549/58 543/751/59 521/723/60 203/258/61
f 431/605/62 507/707/63 485/683/64 224/292/65
f 483/681/66 232/303/67 374/518/68 494/694/69
f 345/472/70 10/11/71 492/691/72 260/340/73
f 449/633/74 510/710/75 482/680/76 251/328/77
f 235/306/78 528/730/79 539/747/80 375/519/81
f 287/387/57 18/19/56 19/20/56 290/391/82
f 303/410/83 15/16/84 488/686/85 273/363/86
f 300/405/87 22/23/56 530/732/88 268/353/89
f 318/434/90 27/28/91 534/739/92 282/377/93
f 412/576/94 546/754/95 17/18/96 217/281/97
f 332/455/98 6/7/45 7/8/99 335/459/100
f 329/451/101 23/24/91 24/25/91 327/448/102
f 327/448/102 24/25/91 25/26/91 324/444/103
f 324/444/103 25/26/91 26/27/91 321/440/104
f 193/244/105 479/677/42 6/7/45 332/455/98
f 335/459/100 7/8/99 8/9/106 338/463/107
f 338/463/107 8/9/106 9/10/108 341/467/109
f 341/467/109 9/10/108 10/11/71 345/472/70
f 349/478/110 498/698/111 503/703/112 385/534/113
f 209/269/114 477/675/115 11/12/116 314/429/117
f 321/440/104 26/27/91 27/28/91 318/434/90
f 314/429/117 11/12/116 12/13/118 312/426/119
f 312/426/119 12/13/118 13/14/120 309/422/121
f 309/422/121 13/14/120 14/15/122 306/416/123
f 504/704/124 392/546/125 202/257/126 476/674/127
f 290/391/82 19/20/56 20/21/56 293/395/128
f 293/395/128 20/21/56 21/22/56 296/399/129
f 296/399/129 21/22/56 22/23/56 300/405/87
f 306/416/123 14/15/122 15/16/84 303/410/83
f 440/619/130 552/760/131 524/726/132 242/316/133
f 552/760/131 446/630/134 250/327/135 524/726/132
f 507/707/63 437/616/136 241/315/137 485/683/64
f 549/757/138 428/602/139 223/291/140 527/729/141
f 461/652/19 474/671/19 569/785/19 564/775/19
f 376/520/142 540/748/143 545/753/144 411/575/145
f 367/506/146 495/695/147 500/700/148 403/562/149
f 358/492/150 537/745/151 542/750/152 394/548/153
f 4/5/52 155/182/154 1/1/52 3/4/52
f 188/238/155 140/157/156 464/656/157 5/6/52
f 519/720/158 176/219/3 2/3/52 16/17/52
f 177/220/159 518/719/20 548/756/23 420/589/160
f 594/818/10 169/207/9 515/716/161 602/826/10
f 160/194/162 183/231/162 557/766/162 561/771/163
f 540/748/143 350/479/164 384/533/165 545/753/144
f 537/745/151 368/507/166 402/561/167 542/750/152
f 528/730/79 226/294/168 347/476/169 539/747/80
f 525/727/170 253/330/171 365/504/172 536/744/173
f 26/27/91 305/415/174 302/409/175 27/28/91
f 25/26/91 308/421/176 305/415/174 26/27/91
f 24/25/91 311/425/177 308/421/176 25/26/91
f 23/24/91 315/430/178 311/425/177 24/25/91
f 546/754/95 383/532/179 210/270/180 17/18/96
f 21/22/56 342/468/181 344/471/182 22/23/56
f 20/21/56 339/464/183 342/468/181 21/22/56
f 19/20/56 336/460/184 339/464/183 20/21/56
f 18/19/56 333/456/185 336/460/184 19/20/56
f 543/751/59 401/560/186 191/242/187 521/723/60
f 531/733/51 261/341/188 491/690/189 28/29/52
f 22/23/56 344/471/182 259/339/190 530/732/88
f 225/293/191 486/684/192 497/697/193 348/477/194
f 252/329/195 483/681/66 494/694/69 366/505/196
f 522/724/55 194/245/197 333/456/185 18/19/56
f 17/18/96 210/270/180 315/430/178 23/24/91
f 10/11/71 317/433/198 281/376/199 492/691/72
f 163/198/35 644/889/200 654/899/201 513/713/35
f 513/713/35 654/899/201 638/881/37 135/149/35
f 591/815/28 151/177/29 458/648/29 599/823/28
f 602/826/10 515/716/161 141/158/202 588/811/10
f 138/155/203 516/717/204 551/759/205 439/618/206
f 155/183/154 519/720/158 16/17/52 1/2/52
f 186/235/207 473/670/208 462/653/208 136/151/207
f 489/687/53 28/29/52 533/738/209 274/364/210
f 588/810/10 141/159/202 189/239/211 596/820/10
f 183/231/162 471/665/46 567/779/47 557/766/162
f 495/695/147 377/521/212 410/574/213 500/700/148
f 498/698/111 359/493/214 393/547/215 503/703/112
f 421/590/216 549/757/138 527/729/141 234/305/217
f 486/684/192 244/318/218 356/490/219 497/697/193
f 9/10/108 320/439/220 317/433/198 10/11/71
f 8/9/106 323/443/221 320/439/220 9/10/108
f 7/8/99 326/447/222 323/443/221 8/9/106
f 6/7/45 330/452/44 326/447/222 7/8/99
f 501/701/223 413/577/224 216/280/225 480/678/226
f 14/15/122 297/400/227 299/404/228 15/16/84
f 13/14/120 294/396/229 297/400/227 14/15/122
f 12/13/118 291/392/230 294/396/229 13/14/120
f 11/12/116 288/388/231 291/392/230 12/13/118
f 386/535/232 504/704/124 476/674/127 211/271/233
f 15/16/84 299/404/228 267/352/234 488/686/85
f 28/29/52 491/690/189 280/375/235 533/738/209
f 27/28/91 302/409/175 275/365/236 534/739/92
f 510/710/75 422/591/237 233/304/238 482/680/76
f 243/317/239 525/727/170 536/744/173 357/491/240
f 477/675/115 201/256/241 288/388/231 11/12/116
f 555/763/19 461/652/19 564/775/19 572/789/19
f 217/281/97 17/18/96 23/24/91 329/451/101
f 5/6/52 464/656/157 155/182/154 4/5/52
f 160/194/162 561/771/163 1799/2555/162 1423/2018/162
f 516/717/204 168/206/242 447/631/243 551/759/205
f 32/33/244 34/35/244 30/31/244 31/32/244
f 570/786/245 1195/1680/245 62/64/244 32/33/244
f 90/92/244 1798/2554/246 560/770/246 29/30/244
f 33/34/244 29/30/244 560/770/246 558/767/246
f 570/786/245 32/33/244 31/32/244 563/774/245
f 31/32/244 30/31/244 29/30/244 33/34/244
f 1324/1865/247 716/981/247 597/821/248 1216/1711/248
f 714/979/249 593/817/250 603/827/248 723/988/247
f 723/988/247 603/827/248 587/809/248 707/969/247
f 1260/1779/251 647/892/252 687/944/253 1297/1829/254
f 705/967/32 1934/2728/32 1826/2593/33 584/805/33
f 710/975/32 590/814/34 600/824/255 720/985/256
f 695/952/257 577/795/258 593/817/250 714/979/249
f 636/878/259 1870/2650/260 1907/2696/261 674/928/262
f 608/834/263 728/993/264 738/1006/265 617/849/266
f 675/929/267 1906/2695/268 1843/2611/269 605/829/270
f 692/949/271 623/857/272 609/835/273 678/934/274
f 614/845/275 735/1003/276 744/1012/277 624/858/278
f 626/861/279 615/846/280 684/941/281 665/914/282
f 167/205/283 467/660/38 509/709/41 448/632/284
f 470/664/285 182/230/4 148/173/5 455/644/286
f 136/151/207 462/653/208 554/762/287 512/712/288
f 585/806/28 1825/2592/28 1394/1967/29 125/133/29
f 182/230/4 161/195/7 122/129/6 148/173/5
f 135/150/35 638/880/37 648/893/36 185/234/35
f 123/130/12 1392/1964/12 1871/2651/13 635/877/13
f 116/118/289 659/904/290 644/889/200 163/198/35
f 666/915/291 683/940/292 645/890/293 658/903/294
f 645/890/293 683/940/292 693/950/295 653/898/296
f 642/887/297 680/937/298 690/947/299 650/895/300
f 653/898/296 693/950/295 677/932/301 639/883/302
f 639/882/302 677/931/301 687/944/253 647/892/252
f 747/1015/303 696/953/304 713/978/305 734/1002/306
f 1234/1737/307 617/849/266 738/1006/265 1342/1888/308
f 726/991/309 704/966/310 711/976/310 732/1000/309
f 729/995/306 708/972/311 717/982/311 737/1005/306
f 726/991/309 1951/2745/309 1933/2727/310 704/966/310
f 732/1000/309 711/976/310 719/984/312 740/1008/313
f 734/1002/306 713/978/305 722/987/311 743/1011/306
f 1341/1886/306 737/1005/306 717/982/311 1323/1863/311
f 740/1008/313 719/984/312 697/954/314 746/1014/315
f 684/941/281 615/846/280 623/857/272 692/949/271
f 629/864/316 748/1016/317 735/1003/276 614/845/275
f 681/938/318 612/842/319 620/853/320 689/946/321
f 611/841/322 731/999/313 741/1009/313 621/854/323
f 675/929/267 605/829/270 612/842/319 681/938/318
f 678/933/274 609/836/273 618/850/324 686/943/325
f 689/946/321 620/853/320 627/862/326 668/917/327
f 1101/1569/328 817/1134/329 791/1088/330 1092/1557/328
f 2033/2878/331 800/1105/6 763/1041/7 2002/2822/332
f 770/1050/333 1206/1697/334 1221/1719/10 806/1115/335
f 788/1084/336 1089/1553/336 1269/1791/337 1264/1786/338
f 793/1091/39 1064/1513/40 1138/1612/41 1098/1565/38
f 1200/1690/245 1197/1683/339 1188/1671/340 63/65/244
f 1150/1625/20 1180/1662/341 1065/1514/342 795/1094/343
f 1212/1706/344 766/1045/345 2005/2826/345 2424/3443/344
f 1089/1553/336 755/1028/346 1275/1797/347 1269/1791/337
f 1225/1725/344 1203/1694/348 769/1049/349 1093/1558/345
f 1320/1859/350 1327/1869/350 1219/1716/351 1213/1707/351
f 1036/1470/352 828/1151/353 1110/1582/354 1131/1605/355
f 1102/1570/356 1141/1615/17 1053/1497/357 815/1132/358
f 843/1175/359 949/1338/360 42/44/361 1107/1579/362
f 1104/1574/363 1198/1685/364 1201/1691/19 1185/1667/19
f 404/563/365 501/701/223 480/678/226 192/243/366
f 900/1257/367 1119/1591/368 59/61/52 1161/1637/369
f 834/1161/370 922/1294/371 49/51/56 1152/1628/55
f 827/1150/372 967/1364/373 37/39/374 1111/1583/375
f 1046/1485/376 852/1188/377 48/50/96 1176/1658/95
f 1113/1585/192 1126/1600/378 1008/1427/194 866/1209/379
f 978/1379/380 895/1247/381 1122/1595/382 41/43/383
f 1081/1540/384 887/1236/137 1114/1586/385 1140/1614/63
f 867/1210/386 1011/1430/387 1171/1653/80 1158/1634/79
f 922/1294/371 925/1298/388 50/52/56 49/51/56
f 936/1317/389 907/1269/390 1120/1592/391 46/48/392
f 933/1311/393 901/1258/394 1162/1638/88 53/55/56
f 951/1341/395 915/1282/396 1164/1643/92 58/60/91
f 852/1188/377 964/1360/397 54/56/91 48/50/96
f 967/1364/373 970/1368/398 38/40/399 37/39/374
f 964/1360/397 960/1355/400 55/57/91 54/56/91
f 960/1355/400 957/1351/401 56/58/91 55/57/91
f 957/1351/401 954/1347/402 57/59/91 56/58/91
f 1173/1655/59 1153/1629/60 825/1148/403 1035/1469/404
f 970/1368/398 973/1372/405 39/41/406 38/40/399
f 973/1372/405 976/1376/407 40/42/408 39/41/406
f 976/1376/407 978/1379/380 41/43/383 40/42/408
f 983/1387/212 1019/1443/409 1135/1609/148 1128/1602/147
f 1176/1658/95 48/50/96 845/1177/410 1017/1441/411
f 954/1347/402 951/1341/395 58/60/91 57/59/91
f 949/1338/360 945/1333/412 43/45/413 42/44/361
f 945/1333/412 942/1329/414 44/46/415 43/45/413
f 942/1329/414 939/1323/416 45/47/417 44/46/415
f 1018/1442/418 844/1176/419 1108/1580/420 1134/1608/421
f 925/1298/388 928/1302/422 51/53/56 50/52/56
f 928/1302/422 931/1306/423 52/54/56 51/53/56
f 931/1306/423 933/1311/393 53/55/56 52/54/56
f 939/1323/416 936/1317/389 46/48/392 45/47/417
f 1072/1526/424 878/1224/425 1156/1632/132 1182/1664/131
f 1182/1664/131 1156/1632/132 884/1233/426 1080/1539/427
f 1137/1611/75 1117/1589/428 875/1221/77 1071/1525/429
f 1179/1661/138 1159/1635/141 857/1197/430 1062/1511/431
f 1185/1667/19 1201/1691/19 1194/1679/19 1096/1562/19
f 1010/1429/432 1047/1486/433 1177/1659/144 1170/1652/143
f 1001/1415/214 1037/1471/215 1132/1606/112 1125/1599/111
f 992/1401/434 1028/1457/435 1174/1656/152 1167/1649/151
f 4/5/52 3/4/52 35/36/52 794/1092/436
f 1228/1728/10 1215/1710/10 778/1066/202 1147/1622/161
f 1221/1718/10 1228/1728/10 1147/1622/161 806/1116/335
f 816/1133/437 1056/1500/438 1180/1662/341 1150/1625/20
f 1146/1621/439 1183/1665/205 1083/1542/440 807/1117/441
f 801/1106/442 1191/1675/442 1189/1672/442 822/1144/442
f 1170/1652/143 1177/1659/144 1020/1444/443 982/1386/444
f 1167/1649/151 1174/1656/152 1038/1472/445 1000/1414/446
f 1158/1634/79 1171/1653/80 981/1385/447 858/1198/448
f 1155/1631/170 1168/1650/173 999/1413/449 885/1234/450
f 57/59/91 58/60/91 937/1318/451 940/1324/452
f 56/58/91 57/59/91 940/1324/452 943/1330/453
f 55/57/91 56/58/91 943/1330/453 946/1334/454
f 54/56/91 55/57/91 946/1334/454 948/1337/455
f 1111/1583/375 37/39/374 963/1359/456 851/1187/457
f 52/54/56 53/55/56 979/1380/458 975/1375/459
f 51/53/56 52/54/56 975/1375/459 972/1371/460
f 50/52/56 51/53/56 972/1371/460 969/1367/461
f 49/51/56 50/52/56 969/1367/461 966/1363/462
f 1027/1456/463 835/1162/464 1153/1629/60 1173/1655/59
f 1161/1637/369 59/61/52 1123/1596/465 894/1246/466
f 53/55/56 1162/1638/88 893/1245/467 979/1380/458
f 859/1199/67 984/1388/468 1129/1603/469 1116/1588/66
f 886/1235/218 1002/1416/470 1126/1600/378 1113/1585/192
f 1152/1628/55 49/51/56 966/1363/462 826/1149/471
f 48/50/96 54/56/91 948/1337/455 845/1177/410
f 41/43/383 1122/1595/382 916/1283/472 952/1342/473
f 804/1110/35 1143/1617/35 1272/1794/201 1267/1789/200
f 1143/1617/35 776/1061/35 1261/1782/37 1272/1794/201
f 1218/1715/344 1225/1725/344 1093/1558/345 790/1087/345
f 1215/1709/10 596/820/10 189/239/211 778/1067/202
f 188/238/155 5/6/52 1099/1566/474 779/1068/475
f 794/1093/436 35/37/52 47/49/52 1149/1624/158
f 781/1070/476 1073/1527/477 1183/1665/205 1146/1621/439
f 1119/1591/368 909/1271/478 1165/1644/479 59/61/52
f 1098/1565/38 1138/1612/41 1074/1528/284 780/1069/283
f 822/1144/442 1189/1672/442 1198/1684/364 1104/1573/363
f 1125/1599/111 1132/1606/112 1044/1483/480 1009/1428/110
f 1128/1602/147 1135/1609/148 1029/1458/481 991/1400/482
f 1055/1499/483 868/1211/484 1159/1635/141 1179/1661/138
f 1116/1588/66 1129/1603/469 990/1399/485 876/1222/486
f 40/42/408 41/43/383 952/1342/473 955/1348/487
f 39/41/406 40/42/408 955/1348/487 958/1352/488
f 38/40/399 39/41/406 958/1352/488 961/1356/489
f 37/39/374 38/40/399 961/1356/489 963/1359/456
f 1131/1605/355 1110/1582/354 850/1186/490 1045/1484/491
f 45/47/417 46/48/392 934/1312/492 930/1305/493
f 44/46/415 45/47/417 930/1305/493 927/1301/494
f 43/45/413 44/46/415 927/1301/494 924/1297/495
f 42/44/361 43/45/413 924/1297/495 921/1293/496
f 1107/1579/362 42/44/361 921/1293/496 837/1164/497
f 46/48/392 1120/1592/391 902/1259/498 934/1312/492
f 59/61/52 1165/1644/479 914/1281/499 1123/1596/465
f 58/60/91 1164/1643/92 908/1270/500 937/1318/451
f 1140/1614/63 1114/1586/385 869/1212/65 1054/1498/501
f 877/1223/502 993/1402/503 1168/1650/173 1155/1631/170
f 1134/1608/421 1108/1580/420 836/1163/504 1026/1455/505
f 573/790/245 33/34/244 558/767/246 566/778/506
f 1063/1512/237 860/1200/507 1117/1589/428 1137/1611/75
f 5/6/52 4/5/52 794/1092/436 1099/1566/474
f 801/1106/442 2034/2879/442 2399/3405/442 1191/1675/442
f 1149/1624/158 47/49/52 36/38/52 817/1134/329
f 32/33/244 62/64/244 61/63/244 34/35/244
f 720/985/256 600/824/255 578/796/508 698/955/509
f 114/116/244 60/62/244 1192/1676/340 2400/3406/340
f 63/65/244 1188/1671/340 1192/1676/340 60/62/244
f 1332/1877/510 1312/1846/511 1204/1695/512 1224/1724/513
f 62/64/244 63/65/244 60/62/244 61/63/244
f 1230/1730/514 1339/1884/515 2534/3603/515 2438/3465/516
f 1329/1871/249 1335/1880/247 1227/1727/248 1222/1720/250
f 606/830/517 1844/2612/322 1952/2746/313 725/990/313
f 1270/1792/518 1278/1800/519 1286/1812/520 1305/1839/521
f 1320/1859/350 1213/1707/351 2423/3442/522 2519/3582/350
f 1327/1869/350 1332/1877/510 1224/1724/513 1219/1716/351
f 1311/1845/523 1329/1872/249 1222/1721/250 1205/1696/524
f 1257/1776/525 1294/1825/526 2495/3550/527 2463/3506/528
f 1237/1743/516 1242/1752/529 1350/1901/515 1345/1893/515
f 1293/1824/530 1231/1731/531 2439/3466/532 2496/3551/533
f 621/854/323 741/1009/313 749/1017/534 628/863/535
f 1240/1748/536 1245/1756/537 1353/1904/538 1347/1896/539
f 1249/1761/540 1240/1747/536 1347/1895/539 1358/1909/541
f 808/1118/542 1082/1541/49 1141/1615/17 1102/1570/356
f 1105/1575/543 1090/1554/544 787/1083/332 823/1145/331
f 186/235/207 775/1060/207 1095/1561/208 473/670/208
f 2027/2867/545 2004/2825/330 765/1044/546 36/38/52
f 823/1145/331 787/1083/332 763/1041/7 800/1105/6
f 775/1060/207 1144/1618/288 1186/1668/287 1095/1561/208
f 762/1040/336 1258/1777/338 2462/3505/338 2001/2821/336
f 757/1030/547 804/1110/35 1267/1789/200 1276/1798/548
f 1287/1813/549 1277/1799/550 1266/1788/551 1303/1837/552
f 1266/1788/551 1273/1795/553 1308/1842/554 1303/1837/552
f 650/895/300 690/947/299 667/916/555 657/902/556
f 1273/1795/553 1260/1780/251 1297/1830/254 1308/1842/554
f 1263/1785/557 1270/1792/518 1305/1839/521 1300/1834/558
f 1359/1910/559 1348/1897/306 1330/1874/305 1314/1848/560
f 1242/1752/529 1250/1762/561 1357/1908/562 1350/1901/515
f 1338/1883/563 1344/1892/563 1326/1868/564 1321/1860/564
f 1344/1892/563 1351/1902/515 1333/1878/565 1326/1868/564
f 1338/1883/563 1321/1860/564 2520/3583/564 2535/3604/563
f 1105/1575/543 803/1109/566 756/1029/567 1090/1554/544
f 1348/1898/306 1354/1905/306 1336/1881/311 1330/1873/305
f 1712/2454/568 1404/1985/569 1366/1922/570 1697/2433/286
f 1351/1902/515 1356/1907/571 1313/1847/572 1333/1878/565
f 1248/1760/573 1284/1810/574 1302/1836/575 1239/1746/576
f 1302/1836/575 1309/1843/577 1246/1757/578 1239/1746/576
f 1299/1833/579 1306/1840/580 1243/1753/581 1236/1742/582
f 1296/1827/583 686/943/325 618/850/324 1233/1735/584
f 1293/1824/530 1299/1833/579 1236/1742/582 1231/1731/531
f 1309/1843/577 1296/1828/583 1233/1734/584 1246/1757/578
f 1306/1840/580 1285/1811/585 1251/1763/586 1243/1753/581
f 1708/2448/1 1418/2008/587 1395/1968/2 1699/2436/1
f 176/219/3 150/176/2 126/134/588 2/3/52
f 1374/1935/589 1816/2580/590 1828/2595/591 1407/1991/592
f 1430/2027/593 65/67/52 1706/2445/157 1383/1950/594
f 1397/1971/595 1671/2392/596 1748/2495/17 1705/2444/16
f 2306/3295/597 1714/2458/597 1808/2570/597 2403/3410/597
f 1760/2508/598 1790/2545/205 1672/2393/599 1399/1974/600
f 1418/2008/587 2/3/52 126/134/588 1395/1968/2
f 1696/2432/12 1365/1921/601 1885/2665/602 1879/2659/14
f 1835/2602/28 1813/2577/603 1373/1934/604 1700/2437/29
f 1931/2725/605 1940/2734/605 1831/2598/606 1823/2590/606
f 1989/2799/607 2459/3499/608 1876/2656/609 1427/2023/607
f 1709/2449/610 1751/2498/41 1660/2376/611 1416/2006/612
f 1450/2057/613 1556/2218/614 71/73/116 1717/2462/115
f 1711/2453/615 1805/2564/616 1811/2574/597 1795/2550/597
f 1838/2605/591 1822/2589/591 1382/1949/617 1757/2505/618
f 1507/2139/619 1729/2474/620 87/89/52 1771/2520/621
f 1441/2043/622 1529/2176/623 77/79/91 1762/2511/624
f 1434/2032/625 1574/2244/626 66/68/627 1721/2466/42
f 1653/2364/628 1459/2070/629 76/78/630 1786/2541/631
f 1723/2468/66 1736/2483/69 1615/2306/632 1473/2091/633
f 1585/2259/634 1502/2129/635 1732/2478/636 70/72/71
f 1688/2419/637 1494/2118/638 1724/2469/76 1750/2497/75
f 1474/2092/171 1618/2309/172 1781/2536/173 1768/2517/639
f 1529/2176/623 1532/2180/177 78/80/91 77/79/91
f 1543/2197/640 1514/2151/641 1730/2475/642 75/77/84
f 1540/2192/175 1508/2140/643 1772/2521/92 81/83/91
f 1558/2221/182 1522/2164/190 1774/2526/88 86/88/56
f 1459/2070/629 1571/2240/185 82/84/56 76/78/630
f 1574/2244/626 1577/2248/644 67/69/645 66/68/627
f 1571/2240/185 1567/2235/184 83/85/56 82/84/56
f 1567/2235/184 1564/2231/183 84/86/56 83/85/56
f 1564/2231/183 1561/2227/646 85/87/56 84/86/56
f 1783/2538/647 1763/2512/648 1432/2030/649 1642/2348/650
f 1577/2248/644 1580/2252/651 68/70/106 67/69/645
f 1580/2252/651 1583/2256/652 69/71/108 68/70/106
f 1583/2256/652 1585/2259/634 70/72/71 69/71/108
f 1590/2266/653 1626/2322/654 1745/2492/112 1738/2485/111
f 1786/2541/631 76/78/630 1452/2059/655 1624/2320/656
f 1561/2227/646 1558/2221/182 86/88/56 85/87/56
f 1556/2218/614 1552/2213/657 72/74/118 71/73/116
f 1552/2213/657 1549/2209/658 73/75/120 72/74/118
f 1549/2209/658 1546/2203/659 74/76/122 73/75/120
f 1625/2321/660 1451/2058/661 1718/2463/127 1744/2491/124
f 1532/2180/177 1535/2184/176 79/81/91 78/80/91
f 1535/2184/176 1538/2188/174 80/82/91 79/81/91
f 1538/2188/174 1540/2192/175 81/83/91 80/82/91
f 1546/2203/659 1543/2197/640 75/77/84 74/76/122
f 1679/2405/139 1485/2106/140 1766/2515/141 1792/2547/662
f 1792/2547/662 1766/2515/141 1491/2115/217 1687/2418/216
f 1747/2494/63 1727/2472/64 1482/2103/663 1678/2404/664
f 1789/2544/665 1769/2518/132 1464/2079/133 1669/2390/130
f 1703/2441/597 1801/2558/597 1808/2570/597 1714/2458/597
f 1617/2308/166 1654/2365/167 1787/2542/152 1780/2535/151
f 1608/2294/666 1644/2350/667 1742/2489/148 1735/2482/147
f 1599/2280/164 1635/2336/165 1784/2539/144 1777/2532/143
f 64/66/52 3/4/52 1/1/52 1398/1972/668
f 1822/2589/591 1832/2599/591 1429/2026/669 1382/1949/617
f 1828/2595/591 1838/2605/591 1757/2505/618 1407/1991/592
f 1417/2007/670 1663/2379/671 1790/2545/205 1760/2508/598
f 1756/2504/672 1793/2548/341 1690/2421/673 1408/1992/674
f 1754/2501/675 1404/1985/569 1712/2454/568 1796/2551/676
f 1780/2535/151 1787/2542/152 1627/2323/153 1589/2265/150
f 1777/2532/143 1784/2539/144 1645/2351/677 1607/2293/142
f 1768/2517/639 1781/2536/173 1588/2264/240 1465/2080/239
f 1765/2514/678 1778/2533/80 1606/2292/81 1492/2116/78
f 85/87/56 86/88/56 1544/2198/87 1547/2204/129
f 84/86/56 85/87/56 1547/2204/129 1550/2210/128
f 83/85/56 84/86/56 1550/2210/128 1553/2214/82
f 82/84/56 83/85/56 1553/2214/82 1555/2217/57
f 1721/2466/42 66/68/627 1570/2239/679 1458/2069/680
f 80/82/91 81/83/91 1586/2260/90 1582/2255/681
f 79/81/91 80/82/91 1582/2255/681 1579/2251/103
f 78/80/91 79/81/91 1579/2251/103 1576/2247/102
f 77/79/91 78/80/91 1576/2247/102 1573/2243/682
f 1634/2335/683 1442/2044/684 1763/2512/648 1783/2538/647
f 1771/2520/621 87/89/52 1733/2479/685 1501/2128/686
f 81/83/91 1772/2521/92 1500/2127/687 1586/2260/90
f 1466/2081/688 1591/2267/689 1739/2486/193 1726/2471/192
f 1493/2117/690 1609/2295/691 1736/2483/69 1723/2468/66
f 1762/2511/624 77/79/91 1573/2243/682 1433/2031/692
f 76/78/630 82/84/56 1555/2217/57 1452/2059/655
f 70/72/71 1732/2478/636 1523/2165/693 1559/2222/694
f 1405/1986/607 1753/2500/607 1882/2662/695 1874/2654/696
f 1753/2500/607 1380/1946/607 1868/2648/608 1882/2662/695
f 1825/2592/28 1835/2602/28 1700/2437/29 1394/1967/29
f 1392/1964/12 1696/2432/12 1879/2659/14 1871/2651/13
f 1380/1946/607 1427/2023/607 1876/2656/609 1868/2648/608
f 1398/1973/668 1/2/52 16/17/52 1759/2507/697
f 1385/1952/698 1680/2406/22 1793/2548/341 1756/2504/672
f 1729/2474/620 1516/2153/699 1775/2527/700 87/89/52
f 1705/2444/16 1748/2495/17 1681/2407/701 1384/1951/702
f 1423/2018/162 1799/2555/162 1805/2563/616 1711/2452/615
f 1735/2482/147 1742/2489/148 1651/2362/703 1616/2307/704
f 1738/2485/111 1745/2492/112 1636/2337/705 1598/2279/706
f 1662/2378/134 1475/2093/707 1769/2518/132 1789/2544/665
f 1726/2471/192 1739/2486/193 1597/2278/708 1483/2104/709
f 69/71/108 70/72/71 1559/2222/694 1562/2228/710
f 68/70/106 69/71/108 1562/2228/710 1565/2232/711
f 67/69/645 68/70/106 1565/2232/711 1568/2236/712
f 66/68/627 67/69/645 1568/2236/712 1570/2239/679
f 1741/2488/223 1720/2465/226 1457/2068/713 1652/2363/714
f 74/76/122 75/77/84 1541/2193/715 1537/2187/716
f 73/75/120 74/76/122 1537/2187/716 1534/2183/717
f 72/74/118 73/75/120 1534/2183/717 1531/2179/718
f 71/73/116 72/74/118 1531/2179/718 1528/2175/719
f 1717/2462/115 71/73/116 1528/2175/719 1444/2046/720
f 75/77/84 1730/2475/642 1509/2141/721 1541/2193/715
f 87/89/52 1775/2527/700 1521/2163/722 1733/2479/685
f 86/88/56 1774/2526/88 1515/2152/723 1544/2198/87
f 1750/2497/75 1724/2469/76 1476/2094/724 1661/2377/725
f 1484/2105/726 1600/2281/727 1778/2533/80 1765/2514/678
f 1744/2491/124 1718/2463/127 1443/2045/728 1633/2334/729
f 1795/2550/597 1811/2574/597 1801/2558/597 1703/2441/597
f 1670/2391/730 1467/2082/731 1727/2472/64 1747/2494/63
f 65/67/52 64/66/52 1398/1972/668 1706/2445/157
f 512/712/288 554/762/287 470/664/285 164/199/566
f 1759/2507/697 16/17/52 2/3/52 1418/2008/587
f 89/91/244 88/90/244 30/31/244 34/35/244
f 1807/2569/732 89/91/244 113/115/244 2402/3409/732
f 563/774/245 31/32/244 33/34/244 573/790/245
f 1802/2559/732 1810/2573/732 90/92/244 88/90/244
f 1807/2569/732 1802/2559/732 88/90/244 89/91/244
f 88/90/244 90/92/244 29/30/244 30/31/244
f 2516/3577/605 2420/3436/606 1831/2598/606 1940/2734/605
f 1936/2730/733 1945/2739/605 1837/2604/606 1829/2596/734
f 1945/2739/605 1931/2725/605 1823/2590/606 1837/2604/606
f 2460/3501/735 2492/3544/736 1912/2701/737 1877/2657/738
f 707/970/247 587/808/248 597/821/248 716/981/247
f 1934/2728/32 1942/2736/256 1834/2601/255 1826/2593/33
f 1921/2710/739 1936/2730/733 1829/2596/734 1815/2579/740
f 1883/2663/741 1867/2647/742 1904/2693/743 1918/2707/744
f 1841/2608/745 1850/2620/746 1957/2751/747 1949/2743/748
f 624/858/278 744/1012/277 728/994/264 608/833/263
f 1844/2612/322 1852/2623/323 1960/2754/313 1952/2746/313
f 1847/2616/749 1855/2627/750 1963/2757/751 1954/2748/752
f 1859/2632/753 1847/2616/749 1954/2748/752 1968/2762/754
f 1409/1993/755 1689/2420/756 1751/2498/41 1709/2449/610
f 1712/2454/568 1697/2433/286 1391/1963/5 1424/2019/4
f 1379/1945/208 1754/2501/675 1796/2551/676 1702/2440/207
f 585/806/28 125/133/29 151/177/29 591/815/28
f 123/130/12 635/877/13 641/886/13 147/172/12
f 1426/2022/208 1379/1945/208 1702/2440/207 1715/2459/207
f 1372/1933/757 1410/1994/758 1708/2448/1 1699/2436/1
f 1367/1923/759 1405/1986/607 1874/2654/696 1886/2666/760
f 1897/2681/761 1887/2667/762 1873/2653/763 1910/2699/764
f 1873/2653/763 1883/2663/741 1918/2707/744 1910/2699/764
f 1870/2650/260 1880/2660/765 1915/2704/766 1907/2696/261
f 636/878/259 674/928/262 680/937/298 642/887/297
f 1867/2647/742 1877/2657/738 1912/2701/737 1904/2693/743
f 1969/2763/767 1955/2749/768 1937/2731/769 1924/2713/770
f 2435/3458/771 2531/3597/772 1957/2751/747 1850/2620/746
f 1964/2758/768 1948/2742/768 1930/2724/773 1946/2740/773
f 1948/2742/768 1958/2752/768 1939/2733/773 1930/2724/773
f 743/1011/306 722/987/311 708/971/311 729/996/306
f 1951/2745/309 1961/2755/313 1943/2737/312 1933/2727/310
f 1955/2749/768 1964/2758/768 1946/2740/773 1937/2731/769
f 2532/3599/768 2517/3579/773 1939/2733/773 1958/2752/768
f 1961/2755/313 1966/2760/774 1923/2712/775 1943/2737/312
f 1858/2631/776 1894/2678/777 1909/2698/778 1846/2615/779
f 1909/2698/778 1919/2708/780 1856/2628/781 1846/2615/779
f 1906/2695/268 1916/2705/782 1853/2624/783 1843/2611/269
f 1903/2692/784 1913/2702/785 1849/2619/786 1840/2607/787
f 606/830/517 725/990/313 731/999/313 611/841/322
f 1919/2708/780 1903/2692/784 1840/2607/787 1856/2628/781
f 1916/2705/782 1895/2679/788 1861/2634/789 1853/2624/783
f 2313/3304/328 2304/3292/328 2004/2825/330 2027/2867/545
f 817/1134/329 36/38/52 765/1044/546 791/1088/330
f 1983/2787/790 2020/2852/791 2427/3448/591 2412/3425/792
f 2001/2821/336 2462/3505/338 2469/3512/337 2301/3288/336
f 2007/2829/793 2310/3300/38 2348/3345/41 2275/3247/794
f 2409/3421/732 114/116/244 2400/3406/340 2405/3413/795
f 2360/3358/598 2008/2830/796 2274/3246/477 2390/3395/797
f 768/1048/798 809/1119/799 1101/1569/328 1092/1557/328
f 2301/3288/336 2469/3512/337 2474/3517/800 1975/2774/801
f 2429/3451/344 2303/3291/345 1984/2788/802 2411/3424/803
f 2529/3595/605 2433/3455/606 2420/3437/606 2516/3576/605
f 2249/3206/804 2343/3340/355 2322/3317/354 2037/2883/805
f 2312/3303/16 2026/2866/595 2264/3231/596 2351/3348/17
f 2321/3316/375 2063/2922/806 2175/3094/807 91/93/808
f 2316/3309/809 2397/3402/597 2408/3420/597 2406/3415/810
f 1643/2349/811 1435/2033/812 1720/2465/226 1741/2488/223
f 2111/2991/813 2373/3372/814 112/114/52 2331/3326/815
f 2045/2895/816 2364/3363/624 102/104/91 2132/3027/455
f 2240/3192/817 2385/3390/647 2363/3362/648 2048/2898/818
f 2276/3248/819 2349/3346/75 2327/3322/428 2069/2932/724
f 2325/3320/192 2077/2943/688 2219/3161/820 2336/3333/378
f 2190/3114/821 95/97/383 2334/3330/822 2105/2980/823
f 2294/3276/824 2352/3349/63 2324/3319/385 2096/2968/663
f 2080/2946/450 2370/3369/639 2381/3386/173 2220/3162/449
f 2132/3027/455 102/104/91 103/105/91 2135/3031/454
f 2148/3052/825 100/102/392 2330/3325/826 2118/3003/827
f 2145/3046/451 106/108/91 2372/3371/92 2113/2993/828
f 2163/3076/458 111/113/56 2376/3378/88 2127/3017/829
f 2257/3219/830 2388/3393/631 101/103/630 2062/2921/831
f 2177/3097/832 91/93/808 92/94/833 2180/3101/834
f 2174/3093/835 107/109/56 108/110/56 2172/3090/461
f 2172/3090/461 108/110/56 109/111/56 2169/3086/460
f 2169/3086/460 109/111/56 110/112/56 2166/3082/836
f 2038/2884/837 2321/3316/375 91/93/808 2177/3097/832
f 2180/3101/834 92/94/833 93/95/406 2183/3105/838
f 2183/3105/838 93/95/406 94/96/408 2186/3109/839
f 2186/3109/839 94/96/408 95/97/383 2190/3114/821
f 2194/3121/704 2340/3337/147 2345/3342/148 2230/3177/840
f 2054/2909/841 2319/3314/362 96/98/361 2159/3071/842
f 2166/3082/836 110/112/56 111/113/56 2163/3076/458
f 2159/3071/842 96/98/361 97/99/413 2157/3068/843
f 2157/3068/843 97/99/413 98/100/415 2154/3064/844
f 2154/3064/844 98/100/415 99/101/417 2151/3058/845
f 2346/3343/421 2237/3189/846 2047/2897/847 2318/3313/420
f 2135/3031/454 103/105/91 104/106/91 2138/3035/453
f 2138/3035/453 104/106/91 105/107/91 2141/3039/452
f 2141/3039/452 105/107/91 106/108/91 2145/3046/451
f 2151/3058/845 99/101/417 100/102/392 2148/3052/825
f 2285/3262/431 2394/3399/662 2366/3365/141 2087/2956/430
f 2394/3399/662 2291/3273/483 2095/2967/848 2366/3365/141
f 2349/3346/75 2282/3259/849 2086/2955/638 2327/3322/428
f 2391/3396/665 2273/3245/424 2068/2931/425 2369/3368/132
f 2397/3402/597 2306/3295/597 2403/3410/597 2408/3420/597
f 2221/3163/446 2382/3387/151 2387/3392/152 2256/3218/850
f 2212/3149/851 2337/3334/111 2342/3339/112 2248/3205/852
f 2203/3135/444 2379/3384/143 2384/3389/144 2239/3191/443
f 64/66/52 2009/2831/853 35/36/52 3/4/52
f 2432/3454/591 2357/3355/618 1995/2807/617 2421/3439/591
f 2361/3359/697 2027/2867/545 36/38/52 47/49/52
f 2028/2868/854 2360/3358/598 2390/3395/797 2265/3232/855
f 2427/3447/591 2020/2853/791 2357/3355/618 2432/3454/591
f 2354/3351/675 2396/3401/676 2315/3307/856 2015/2844/569
f 2382/3387/151 2195/3122/434 2229/3176/435 2387/3392/152
f 2379/3384/143 2213/3150/432 2247/3204/433 2384/3389/144
f 2370/3369/639 2071/2934/857 2192/3119/858 2381/3386/173
f 2367/3366/678 2098/2970/386 2210/3147/387 2378/3383/80
f 110/112/56 2150/3057/423 2147/3051/393 111/113/56
f 109/111/56 2153/3063/422 2150/3057/423 110/112/56
f 108/110/56 2156/3067/388 2153/3063/422 109/111/56
f 107/109/56 2160/3072/859 2156/3067/388 108/110/56
f 2388/3393/631 2228/3175/860 2055/2910/861 101/103/630
f 105/107/91 2187/3110/862 2189/3113/395 106/108/91
f 104/106/91 2184/3106/401 2187/3110/862 105/107/91
f 103/105/91 2181/3102/400 2184/3106/401 104/106/91
f 102/104/91 2178/3098/397 2181/3102/400 103/105/91
f 2385/3390/647 2246/3203/863 2036/2882/864 2363/3362/648
f 2373/3372/814 2106/2981/865 2333/3329/866 112/114/52
f 106/108/91 2189/3113/395 2104/2979/396 2372/3371/92
f 2070/2933/867 2328/3323/66 2339/3336/469 2193/3120/632
f 2097/2969/868 2325/3320/192 2336/3333/378 2211/3148/869
f 2364/3363/624 2039/2885/870 2178/3098/397 102/104/91
f 101/103/630 2055/2910/861 2160/3072/859 107/109/56
f 95/97/383 2162/3075/871 2126/3016/872 2334/3330/822
f 2014/2843/607 2465/3508/696 2472/3515/695 2355/3352/607
f 2355/3352/607 2472/3515/695 2459/3500/608 1989/2798/607
f 2424/3443/344 2005/2826/345 2303/3291/345 2429/3451/344
f 2421/3438/591 1995/2808/617 1429/2026/669 1832/2599/591
f 1430/2027/593 1994/2806/873 2309/3299/474 65/67/52
f 2009/2832/853 2361/3359/697 47/49/52 35/37/52
f 1992/2804/874 2358/3356/875 2393/3398/341 2284/3261/876
f 2331/3326/815 112/114/52 2375/3377/877 2119/3004/878
f 2310/3300/38 1993/2805/879 2283/3260/756 2348/3345/41
f 2034/2879/442 2316/3308/809 2406/3414/810 2399/3405/442
f 2337/3334/111 2222/3164/653 2255/3217/880 2342/3339/112
f 2340/3337/147 2204/3136/666 2238/3190/667 2345/3342/148
f 2266/3233/427 2391/3396/665 2369/3368/132 2079/2945/426
f 2328/3323/66 2089/2958/690 2201/3133/881 2339/3336/469
f 94/96/408 2165/3081/882 2162/3075/871 95/97/383
f 93/95/406 2168/3085/883 2165/3081/882 94/96/408
f 92/94/833 2171/3089/884 2168/3085/883 93/95/406
f 91/93/808 2175/3094/807 2171/3089/884 92/94/833
f 2343/3340/355 2258/3220/885 2061/2920/886 2322/3317/354
f 99/101/417 2142/3040/887 2144/3045/888 100/102/392
f 98/100/415 2139/3036/889 2142/3040/887 99/101/417
f 97/99/413 2136/3032/890 2139/3036/889 98/100/415
f 96/98/361 2133/3028/891 2136/3032/890 97/99/413
f 2231/3178/892 2346/3343/421 2318/3313/420 2056/2911/893
f 100/102/392 2144/3045/888 2112/2992/894 2330/3325/826
f 112/114/52 2333/3329/866 2125/3015/895 2375/3377/877
f 111/113/56 2147/3051/393 2120/3005/896 2376/3378/88
f 2352/3349/63 2267/3234/730 2078/2944/897 2324/3319/385
f 2088/2957/448 2367/3366/678 2378/3383/80 2202/3134/447
f 2319/3314/362 2046/2896/898 2133/3028/891 96/98/361
f 1810/2573/732 1804/2562/899 1798/2554/246 90/92/244
f 2062/2921/831 101/103/630 107/109/56 2174/3093/835
f 65/67/52 2309/3299/474 2009/2831/853 64/66/52
f 1144/1618/288 803/1109/566 1105/1575/543 1186/1668/287
f 2358/3356/875 2019/2851/900 2292/3274/901 2393/3398/341
f 89/91/244 34/35/244 61/63/244 113/115/244
f 1942/2736/256 1922/2711/902 1814/2578/903 1834/2601/255
f 1195/1680/245 1200/1690/245 63/65/244 62/64/244
f 2402/3409/732 113/115/244 114/116/244 2409/3421/732
f 2526/3592/510 2430/3452/513 2414/3427/904 2510/3565/905
f 113/115/244 61/63/244 60/62/244 114/116/244
f 2448/3480/906 2544/3616/907 2531/3598/772 2435/3457/771
f 2523/3587/733 2426/3445/734 2433/3455/606 2529/3595/605
f 1855/2627/750 1841/2608/745 1949/2743/748 1963/2757/751
f 2468/3511/908 2502/3557/909 2485/3532/910 2475/3518/911
f 1335/1880/247 1324/1864/247 1216/1712/248 1227/1727/248
f 2519/3582/350 2423/3442/522 2430/3452/513 2526/3592/510
f 2507/3562/912 2413/3426/913 2426/3446/734 2523/3588/733
f 2471/3514/914 2505/3560/915 2492/3545/736 2460/3502/735
f 2438/3465/516 2534/3603/515 2541/3613/515 2445/3476/529
f 1245/1756/537 1234/1736/307 1342/1889/308 1353/1904/538
f 1852/2623/323 1860/2633/916 1967/2761/917 1960/2754/313
f 2441/3470/918 2538/3609/919 2544/3616/907 2448/3480/906
f 2450/3483/920 2442/3471/921 2499/3554/922 2483/3530/923
f 2018/2850/702 2312/3303/16 2351/3348/17 2293/3275/701
f 2315/3307/856 2033/2878/331 2002/2822/332 2300/3287/544
f 1426/2022/208 1715/2459/207 2307/3296/207 1990/2800/208
f 1212/1706/344 1218/1715/344 790/1087/345 766/1045/345
f 762/1040/336 788/1084/336 1264/1786/338 1258/1777/338
f 1990/2800/208 2307/3296/207 2396/3401/676 2354/3351/675
f 1982/2786/924 2304/3292/328 2313/3304/328 2017/2849/925
f 1976/2775/926 2477/3520/927 2465/3508/696 2014/2843/607
f 2484/3531/928 2498/3553/929 2466/3509/930 2476/3519/931
f 2466/3509/930 2498/3553/929 2505/3560/915 2471/3514/914
f 1880/2660/765 1888/2668/932 1896/2680/933 1915/2704/766
f 1257/1776/525 1263/1785/557 1300/1834/558 1294/1825/526
f 2463/3506/528 2495/3550/527 2502/3557/909 2468/3511/908
f 2547/3619/934 2508/3563/935 2522/3586/769 2537/3606/768
f 2445/3476/529 2541/3613/515 2549/3621/936 2452/3485/937
f 2543/3615/768 2528/3594/773 2517/3578/773 2532/3600/768
f 2535/3604/563 2520/3583/564 2525/3591/565 2540/3612/515
f 1354/1905/306 1341/1887/306 1323/1862/311 1336/1881/311
f 2315/3307/856 2300/3287/544 1977/2776/938 2015/2844/569
f 2537/3607/768 2522/3585/769 2528/3594/773 2543/3615/768
f 2540/3612/515 2525/3591/565 2509/3564/939 2546/3618/940
f 2499/3554/922 2442/3471/921 2447/3479/941 2504/3559/942
f 2453/3486/943 2548/3620/944 2538/3608/919 2441/3469/918
f 2496/3551/533 2439/3466/532 2444/3475/945 2501/3556/946
f 2493/3546/947 2436/3460/948 1849/2619/786 1913/2702/785
f 1230/1730/514 1237/1743/516 1345/1893/515 1339/1884/515
f 2504/3559/942 2447/3479/941 2436/3459/948 2493/3547/947
f 2501/3556/946 2444/3475/945 2451/3484/949 2486/3533/950
f 115/117/27 118/120/951 119/122/952 121/127/953
f 116/118/289 120/125/954 119/123/952 118/121/951
f 117/119/955 121/128/953 119/124/952 120/126/954
f 128/137/24 131/140/956 132/142/957 134/147/958
f 129/138/8 133/146/959 132/143/957 131/141/956
f 130/139/30 134/148/958 132/144/957 133/145/959
f 138/155/203 142/160/960 143/162/961 146/171/962
f 139/156/48 144/166/963 143/163/961 142/161/960
f 140/157/156 145/169/964 143/164/961 144/167/963
f 141/158/202 146/171/962 143/165/961 145/168/964
f 153/180/15 156/184/965 157/186/966 159/192/967
f 154/181/21 158/191/968 157/187/966 156/185/965
f 155/182/154 159/193/967 157/188/966 158/189/968
f 166/204/25 170/208/969 171/210/970 174/216/971
f 167/205/283 172/213/972 171/211/970 170/209/969
f 168/206/242 173/215/973 171/212/970 172/214/972
f 169/207/9 174/217/971 171/212/970 173/215/973
f 175/218/39 178/222/974 179/223/975 181/228/976
f 176/219/3 180/226/977 179/224/975 178/221/974
f 177/220/159 181/229/976 179/225/975 180/227/977
f 191/242/187 195/247/978 196/250/979 199/254/980
f 192/243/366 197/251/981 196/248/979 195/246/978
f 193/244/105 198/252/982 196/249/979 197/251/981
f 194/245/197 199/254/980 196/250/979 198/253/982
f 200/255/54 204/259/983 205/261/984 208/268/985
f 201/256/241 206/265/986 205/262/984 204/260/983
f 202/257/126 207/267/987 205/263/984 206/265/986
f 203/258/61 208/268/985 205/264/984 207/266/987
f 209/269/114 212/273/988 213/274/989 215/279/990
f 210/270/180 214/278/991 213/275/989 212/272/988
f 211/271/233 215/279/990 213/276/989 214/277/991
f 216/280/225 219/283/992 220/285/993 222/290/994
f 217/281/97 221/289/995 220/286/993 219/284/992
f 218/282/43 222/290/994 220/287/993 221/288/995
f 223/291/140 227/296/996 228/298/997 231/302/998
f 224/292/65 229/299/999 228/297/997 227/295/996
f 225/293/191 230/300/1000 228/297/997 229/299/999
f 226/294/168 231/302/998 228/298/997 230/301/1000
f 232/303/67 236/307/1001 237/308/1002 240/313/1003
f 233/304/238 238/310/1004 237/308/1002 236/307/1001
f 234/305/217 239/312/1005 237/309/1002 238/311/1004
f 235/306/78 240/314/1003 237/309/1002 239/312/1005
f 241/315/137 245/320/1006 246/322/1007 249/326/1008
f 242/316/133 247/323/1009 246/321/1007 245/319/1006
f 243/317/239 248/324/1010 246/321/1007 247/323/1009
f 244/318/218 249/326/1008 246/322/1007 248/325/1010
f 250/327/135 254/332/1011 255/334/1012 258/338/1013
f 251/328/77 256/335/1014 255/333/1012 254/331/1011
f 252/329/195 257/336/1015 255/333/1012 256/335/1014
f 253/330/171 258/338/1013 255/334/1012 257/337/1015
f 259/339/190 262/343/1016 263/344/1017 265/350/1018
f 260/340/73 264/347/1019 263/345/1017 262/342/1016
f 261/341/188 265/349/1018 263/346/1017 264/348/1019
f 266/351/50 269/354/1020 270/356/1021 272/361/1022
f 267/352/234 271/360/1023 270/357/1021 269/355/1020
f 268/353/89 272/362/1022 270/358/1021 271/359/1023
f 273/363/86 276/367/1024 277/368/1025 279/374/1026
f 274/364/210 278/372/1027 277/369/1025 276/366/1024
f 275/365/236 279/373/1026 277/370/1025 278/371/1027
f 280/375/235 283/379/1028 284/380/1029 286/386/1030
f 281/376/199 285/383/1031 284/381/1029 283/378/1028
f 282/377/93 286/385/1030 284/382/1029 285/384/1031
f 347/476/169 351/481/1032 352/482/1033 355/489/1034
f 348/477/194 353/486/1035 352/483/1033 351/480/1032
f 349/478/110 354/487/1036 352/484/1033 353/486/1035
f 350/479/164 355/489/1034 352/485/1033 354/488/1036
f 356/490/219 360/495/1037 361/496/1038 364/503/1039
f 357/491/240 362/500/1040 361/497/1038 360/494/1037
f 358/492/150 363/501/1041 361/498/1038 362/500/1040
f 359/493/214 364/503/1039 361/499/1038 363/502/1041
f 365/504/172 369/509/1042 370/510/1043 373/517/1044
f 366/505/196 371/514/1045 370/511/1043 369/508/1042
f 367/506/146 372/515/1046 370/512/1043 371/514/1045
f 368/507/166 373/517/1044 370/513/1043 372/516/1046
f 374/518/68 378/522/1047 379/524/1048 382/531/1049
f 375/519/81 380/528/1050 379/525/1048 378/523/1047
f 376/520/142 381/530/1051 379/526/1048 380/528/1050
f 377/521/212 382/531/1049 379/527/1048 381/529/1051
f 383/532/179 387/536/1052 388/537/1053 391/545/1054
f 384/533/165 389/542/1055 388/538/1053 387/536/1052
f 385/534/113 390/543/1056 388/539/1053 389/541/1055
f 386/535/232 391/544/1054 388/540/1053 390/543/1056
f 392/546/125 396/550/1057 397/551/1058 400/559/1059
f 393/547/215 398/556/1060 397/552/1058 396/550/1057
f 394/548/153 399/557/1061 397/553/1058 398/555/1060
f 395/549/58 400/558/1059 397/554/1058 399/557/1061
f 401/560/186 405/564/1062 406/565/1063 409/573/1064
f 402/561/167 407/570/1065 406/566/1063 405/564/1062
f 403/562/149 408/571/1066 406/567/1063 407/569/1065
f 404/563/365 409/572/1064 406/568/1063 408/571/1066
f 410/574/213 414/578/1067 415/580/1068 418/587/1069
f 411/575/145 416/584/1070 415/581/1068 414/579/1067
f 412/576/94 417/586/1071 415/582/1068 416/584/1070
f 413/577/224 418/587/1069 415/583/1068 417/585/1071
f 419/588/40 423/592/1072 424/594/1073 427/601/1074
f 420/589/160 425/598/1075 424/595/1073 423/593/1072
f 421/590/216 426/600/1076 424/596/1073 425/598/1075
f 422/591/237 427/601/1074 424/597/1073 426/599/1076
f 428/602/139 432/606/1077 433/607/1078 436/615/1079
f 429/603/22 434/612/1080 433/608/1078 432/606/1077
f 430/604/18 435/613/1081 433/609/1078 434/611/1080
f 431/605/62 436/614/1079 433/610/1078 435/613/1081
f 437/616/136 441/620/1082 442/621/1083 445/629/1084
f 438/617/49 443/626/1085 442/622/1083 441/620/1082
f 439/618/206 444/627/1086 442/623/1083 443/625/1085
f 440/619/130 445/628/1084 442/624/1083 444/627/1086
f 446/630/134 450/634/1087 451/635/1088 454/643/1089
f 447/631/243 452/640/1090 451/636/1088 450/634/1087
f 448/632/284 453/641/1091 451/637/1088 452/639/1090
f 449/633/74 454/642/1089 451/638/1088 453/641/1091
f 575/793/31 579/797/1092 580/800/1093 583/804/1094
f 576/794/11 581/801/1095 580/799/1093 579/798/1092
f 577/795/258 582/803/1096 580/799/1093 581/801/1095
f 578/796/508 583/804/1094 580/800/1093 582/802/1096
f 626/861/279 630/866/1097 631/867/1098 634/876/1099
f 627/862/326 632/872/1100 631/868/1098 630/865/1097
f 628/863/535 633/873/1101 631/869/1098 632/871/1100
f 629/864/316 634/875/1099 631/870/1098 633/874/1101
f 656/901/26 660/905/1102 661/906/1103 664/912/1104
f 657/902/556 662/909/1105 661/907/1103 660/905/1102
f 658/903/294 663/911/1106 661/908/1103 662/910/1105
f 659/904/290 664/913/1104 661/908/1103 663/911/1106
f 665/914/282 669/918/1107 670/919/1108 673/927/1109
f 666/915/291 671/924/1110 670/920/1108 669/918/1107
f 667/916/555 672/925/1111 670/921/1108 671/923/1110
f 668/917/327 673/926/1109 670/922/1108 672/925/1111
f 695/952/257 699/956/1112 700/957/1113 703/965/1114
f 696/953/304 701/962/1115 700/958/1113 699/956/1112
f 697/954/314 702/963/1116 700/959/1113 701/961/1115
f 698/955/509 703/964/1114 700/960/1113 702/963/1116
f 746/1014/315 750/1018/1117 751/1020/1118 754/1027/1119
f 747/1015/303 752/1024/1120 751/1021/1118 750/1019/1117
f 748/1016/317 753/1026/1121 751/1022/1118 752/1024/1120
f 749/1017/534 754/1027/1119 751/1023/1118 753/1025/1121
f 755/1028/346 758/1032/1122 759/1033/1123 761/1039/1124
f 756/1029/567 760/1036/1125 759/1034/1123 758/1031/1122
f 757/1030/547 761/1038/1124 759/1035/1123 760/1037/1125
f 768/1048/798 771/1052/1126 772/1053/1127 774/1059/1128
f 769/1049/349 773/1057/1129 772/1054/1127 771/1051/1126
f 770/1050/333 774/1058/1128 772/1055/1127 773/1056/1129
f 778/1067/202 782/1071/1130 783/1073/970 786/1081/1131
f 779/1068/475 784/1077/969 783/1074/970 782/1072/1130
f 780/1069/283 785/1079/972 783/1075/970 784/1078/969
f 781/1070/476 786/1082/1131 783/1076/970 785/1080/972
f 793/1091/39 796/1097/974 797/1098/975 799/1104/1132
f 794/1093/436 798/1102/1133 797/1099/975 796/1095/974
f 795/1094/343 799/1103/1132 797/1100/975 798/1101/1133
f 806/1116/335 810/1120/1134 811/1121/961 814/1129/1135
f 807/1117/441 812/1125/960 811/1122/961 810/1120/1134
f 808/1118/542 813/1127/963 811/1123/961 812/1126/960
f 809/1119/799 814/1131/1135 811/1124/961 813/1128/963
f 815/1132/358 818/1136/1136 819/1137/966 821/1142/1137
f 816/1133/437 820/1140/1138 819/1138/966 818/1135/1136
f 817/1134/329 821/1143/1137 819/1139/966 820/1141/1138
f 825/1148/403 829/1152/1139 830/1153/1140 833/1159/1141
f 826/1149/471 831/1156/1142 830/1153/1140 829/1152/1139
f 827/1150/372 832/1158/1143 830/1154/1140 831/1157/1142
f 828/1151/353 833/1160/1141 830/1155/1140 832/1158/1143
f 834/1161/370 838/1165/1144 839/1166/1145 842/1174/1146
f 835/1162/464 840/1171/1147 839/1167/1145 838/1165/1144
f 836/1163/504 841/1172/1148 839/1168/1145 840/1170/1147
f 837/1164/497 842/1173/1146 839/1169/1145 841/1172/1148
f 843/1175/359 846/1178/1149 847/1179/1150 849/1184/1151
f 844/1176/419 848/1183/1152 847/1180/1150 846/1178/1149
f 845/1177/410 849/1185/1151 847/1181/1150 848/1182/1152
f 850/1186/490 853/1189/1153 854/1190/1154 856/1196/1155
f 851/1187/457 855/1194/1156 854/1191/1154 853/1189/1153
f 852/1188/377 856/1195/1155 854/1192/1154 855/1193/1156
f 857/1197/430 861/1201/1157 862/1202/1002 865/1207/1158
f 858/1198/448 863/1204/1159 862/1202/1002 861/1201/1157
f 859/1199/67 864/1206/1001 862/1203/1002 863/1205/1159
f 860/1200/507 865/1208/1158 862/1203/1002 864/1206/1001
f 866/1209/379 870/1214/1000 871/1216/1160 874/1220/999
f 867/1210/386 872/1217/1161 871/1215/1160 870/1213/1000
f 868/1211/484 873/1218/996 871/1215/1160 872/1217/1161
f 869/1212/65 874/1220/999 871/1216/1160 873/1219/996
f 875/1221/77 879/1225/1014 880/1226/1012 883/1231/1162
f 876/1222/486 881/1228/1015 880/1226/1012 879/1225/1014
f 877/1223/502 882/1230/1163 880/1227/1012 881/1229/1015
f 878/1224/425 883/1232/1162 880/1227/1012 882/1230/1163
f 884/1233/426 888/1237/1164 889/1238/1165 892/1243/1166
f 885/1234/450 890/1240/1010 889/1238/1165 888/1237/1164
f 886/1235/218 891/1242/1008 889/1239/1165 890/1241/1010
f 887/1236/137 892/1244/1166 889/1239/1165 891/1242/1008
f 893/1245/467 896/1248/1167 897/1250/1168 899/1255/1169
f 894/1246/466 898/1253/1170 897/1251/1168 896/1249/1167
f 895/1247/381 899/1256/1169 897/1252/1168 898/1254/1170
f 900/1257/367 903/1261/1171 904/1262/1172 906/1268/1173
f 901/1258/394 905/1266/1174 904/1263/1172 903/1260/1171
f 902/1259/498 906/1267/1173 904/1264/1172 905/1265/1174
f 907/1269/390 910/1272/1175 911/1274/1176 913/1279/1177
f 908/1270/500 912/1278/1178 911/1275/1176 910/1273/1175
f 909/1271/478 913/1280/1177 911/1276/1176 912/1277/1178
f 914/1281/499 917/1284/1179 918/1286/1180 920/1291/1181
f 915/1282/396 919/1289/1182 918/1287/1180 917/1285/1179
f 916/1283/472 920/1292/1181 918/1288/1180 919/1290/1182
f 981/1385/447 985/1389/1183 986/1390/1048 989/1397/1047
f 982/1386/444 987/1394/1184 986/1391/1048 985/1389/1183
f 983/1387/212 988/1396/1185 986/1392/1048 987/1395/1184
f 984/1388/468 989/1398/1047 986/1393/1048 988/1396/1185
f 990/1399/485 994/1403/1045 995/1404/1043 998/1411/1042
f 991/1400/482 996/1408/1186 995/1405/1043 994/1403/1045
f 992/1401/434 997/1410/1187 995/1406/1043 996/1409/1186
f 993/1402/503 998/1412/1042 995/1407/1043 997/1410/1187
f 999/1413/449 1003/1417/1188 1004/1418/1038 1007/1425/1037
f 1000/1414/446 1005/1422/1189 1004/1419/1038 1003/1417/1188
f 1001/1415/214 1006/1424/1039 1004/1420/1038 1005/1423/1189
f 1002/1416/470 1007/1426/1037 1004/1421/1038 1006/1424/1039
f 1008/1427/194 1012/1431/1190 1013/1432/1033 1016/1440/1032
f 1009/1428/110 1014/1437/1036 1013/1433/1033 1012/1431/1190
f 1010/1429/432 1015/1438/1191 1013/1434/1033 1014/1436/1036
f 1011/1430/387 1016/1439/1032 1013/1435/1033 1015/1438/1191
f 1017/1441/411 1021/1445/1192 1022/1447/1068 1025/1454/1193
f 1018/1442/418 1023/1451/1194 1022/1448/1068 1021/1446/1192
f 1019/1443/409 1024/1453/1067 1022/1449/1068 1023/1451/1194
f 1020/1444/443 1025/1454/1193 1022/1450/1068 1024/1452/1067
f 1026/1455/505 1030/1459/1195 1031/1461/1196 1034/1468/1197
f 1027/1456/463 1032/1465/1198 1031/1462/1196 1030/1460/1195
f 1028/1457/435 1033/1467/1199 1031/1463/1196 1032/1465/1198
f 1029/1458/481 1034/1468/1197 1031/1464/1196 1033/1466/1199
f 1035/1469/404 1039/1473/1200 1040/1475/1201 1043/1482/1202
f 1036/1470/352 1041/1479/1203 1040/1476/1201 1039/1474/1200
f 1037/1471/215 1042/1481/1060 1040/1477/1201 1041/1479/1203
f 1038/1472/445 1043/1482/1202 1040/1478/1201 1042/1480/1060
f 1044/1483/480 1048/1487/1204 1049/1488/1053 1052/1496/1055
f 1045/1484/491 1050/1493/1205 1049/1489/1053 1048/1487/1204
f 1046/1485/376 1051/1494/1206 1049/1490/1053 1050/1492/1205
f 1047/1486/433 1052/1495/1055 1049/1491/1053 1051/1494/1206
f 1053/1497/357 1057/1501/1081 1058/1502/1207 1061/1510/1080
f 1054/1498/501 1059/1507/1079 1058/1503/1207 1057/1501/1081
f 1055/1499/483 1060/1508/1208 1058/1504/1207 1059/1506/1079
f 1056/1500/438 1061/1509/1080 1058/1505/1207 1060/1508/1208
f 1062/1511/431 1066/1515/1076 1067/1517/1073 1070/1524/1209
f 1063/1512/237 1068/1521/1210 1067/1518/1073 1066/1516/1076
f 1064/1513/40 1069/1523/1072 1067/1519/1073 1068/1521/1210
f 1065/1514/342 1070/1524/1209 1067/1520/1073 1069/1522/1072
f 1071/1525/429 1075/1529/1089 1076/1531/1088 1079/1538/1211
f 1072/1526/424 1077/1535/1212 1076/1532/1088 1075/1530/1089
f 1073/1527/477 1078/1537/1213 1076/1533/1088 1077/1535/1212
f 1074/1528/284 1079/1538/1211 1076/1534/1088 1078/1536/1213
f 1080/1539/427 1084/1543/1084 1085/1545/1083 1088/1552/1214
f 1081/1540/384 1086/1549/1082 1085/1546/1083 1084/1544/1084
f 1082/1541/49 1087/1551/1215 1085/1547/1083 1086/1549/1082
f 1083/1542/440 1088/1552/1214 1085/1548/1083 1087/1550/1215
f 1203/1694/348 1207/1698/1216 1208/1699/1217 1211/1705/1218
f 1204/1695/512 1209/1702/1219 1208/1699/1217 1207/1698/1216
f 1205/1696/524 1210/1703/1220 1208/1700/1217 1209/1701/1219
f 1206/1697/334 1211/1704/1218 1208/1700/1217 1210/1703/1220
f 1248/1760/573 1252/1764/1221 1253/1766/1222 1256/1774/1223
f 1249/1761/540 1254/1770/1224 1253/1767/1222 1252/1765/1221
f 1250/1762/561 1255/1773/1225 1253/1768/1222 1254/1771/1224
f 1251/1763/586 1256/1775/1223 1253/1769/1222 1255/1772/1225
f 1275/1797/347 1279/1802/1226 1280/1803/1227 1283/1809/1228
f 1276/1798/548 1281/1806/1229 1280/1804/1227 1279/1801/1226
f 1277/1799/550 1282/1807/1230 1280/1804/1227 1281/1806/1229
f 1278/1800/519 1283/1809/1228 1280/1805/1227 1282/1808/1230
f 1284/1810/574 1288/1814/1231 1289/1816/1232 1292/1823/1233
f 1285/1811/585 1290/1820/1234 1289/1817/1232 1288/1815/1231
f 1286/1812/520 1291/1822/1235 1289/1818/1232 1290/1820/1234
f 1287/1813/549 1292/1823/1233 1289/1819/1232 1291/1821/1235
f 1311/1845/523 1315/1849/1236 1316/1851/1237 1319/1858/1238
f 1312/1846/511 1317/1855/1239 1316/1852/1237 1315/1850/1236
f 1313/1847/572 1318/1857/1240 1316/1853/1237 1317/1855/1239
f 1314/1848/560 1319/1858/1238 1316/1854/1237 1318/1856/1240
f 1356/1907/571 1360/1911/1241 1361/1912/1242 1364/1920/1243
f 1357/1908/562 1362/1917/1244 1361/1913/1242 1360/1911/1241
f 1358/1909/541 1363/1918/1245 1361/1914/1242 1362/1916/1244
f 1359/1910/559 1364/1919/1243 1361/1915/1242 1363/1918/1245
f 1365/1921/601 1368/1925/1246 1369/1926/1247 1371/1932/1248
f 1366/1922/570 1370/1929/1249 1369/1927/1247 1368/1924/1246
f 1367/1923/759 1371/1931/1248 1369/1928/1247 1370/1930/1249
f 1372/1933/757 1375/1937/1250 1376/1938/1251 1378/1944/1252
f 1373/1934/604 1377/1942/1253 1376/1939/1251 1375/1936/1250
f 1374/1935/589 1378/1943/1252 1376/1940/1251 1377/1941/1253
f 1382/1949/617 1386/1953/1254 1387/1957/1255 1390/1962/1256
f 1383/1950/594 1388/1958/1257 1387/1955/1255 1386/1954/1254
f 1384/1951/702 1389/1960/1258 1387/1956/1255 1388/1959/1257
f 1385/1952/698 1390/1962/1256 1387/1957/1255 1389/1961/1258
f 1397/1971/595 1400/1977/1259 1401/1978/1260 1403/1984/1261
f 1398/1973/668 1402/1982/1262 1401/1979/1260 1400/1975/1259
f 1399/1974/600 1403/1983/1261 1401/1980/1260 1402/1981/1262
f 1407/1991/592 1411/1995/1263 1412/1996/1264 1415/2004/1265
f 1408/1992/674 1413/2000/1266 1412/1997/1264 1411/1995/1263
f 1409/1993/755 1414/2002/1267 1412/1998/1264 1413/2001/1266
f 1410/1994/758 1415/2005/1265 1412/1999/1264 1414/2003/1267
f 1416/2006/612 1419/2010/1268 1420/2011/1269 1422/2016/1270
f 1417/2007/670 1421/2014/1271 1420/2012/1269 1419/2009/1268
f 1418/2008/587 1422/2017/1270 1420/2013/1269 1421/2015/1271
f 1432/2030/649 1436/2034/1272 1437/2035/1273 1440/2041/1274
f 1433/2031/692 1438/2038/1275 1437/2035/1273 1436/2034/1272
f 1434/2032/625 1439/2040/1276 1437/2036/1273 1438/2039/1275
f 1435/2033/812 1440/2042/1274 1437/2037/1273 1439/2040/1276
f 1441/2043/622 1445/2047/1277 1446/2048/1278 1449/2056/1279
f 1442/2044/684 1447/2053/1280 1446/2049/1278 1445/2047/1277
f 1443/2045/728 1448/2054/1281 1446/2050/1278 1447/2052/1280
f 1444/2046/720 1449/2055/1279 1446/2051/1278 1448/2054/1281
f 1450/2057/613 1453/2060/1282 1454/2061/1283 1456/2066/1284
f 1451/2058/661 1455/2065/1285 1454/2062/1283 1453/2060/1282
f 1452/2059/655 1456/2067/1284 1454/2063/1283 1455/2064/1285
f 1457/2068/713 1460/2071/1286 1461/2072/1287 1463/2078/1288
f 1458/2069/680 1462/2076/1289 1461/2073/1287 1460/2071/1286
f 1459/2070/629 1463/2077/1288 1461/2074/1287 1462/2075/1289
f 1464/2079/133 1468/2083/1009 1469/2084/1007 1472/2089/1290
f 1465/2080/239 1470/2086/1010 1469/2084/1007 1468/2083/1009
f 1466/2081/688 1471/2088/1291 1469/2085/1007 1470/2087/1010
f 1467/2082/731 1472/2090/1290 1469/2085/1007 1471/2088/1291
f 1473/2091/633 1477/2096/1015 1478/2098/1292 1481/2102/1293
f 1474/2092/171 1479/2099/1013 1478/2097/1292 1477/2095/1015
f 1475/2093/707 1480/2100/1011 1478/2097/1292 1479/2099/1013
f 1476/2094/724 1481/2102/1293 1478/2098/1292 1480/2101/1011
f 1482/2103/663 1486/2107/1294 1487/2108/997 1490/2113/1295
f 1483/2104/709 1488/2110/1000 1487/2108/997 1486/2107/1294
f 1484/2105/726 1489/2112/1296 1487/2109/997 1488/2111/1000
f 1485/2106/140 1490/2114/1295 1487/2109/997 1489/2112/1296
f 1491/2115/217 1495/2119/1297 1496/2120/1298 1499/2125/1299
f 1492/2116/78 1497/2122/1159 1496/2120/1298 1495/2119/1297
f 1493/2117/690 1498/2124/1300 1496/2121/1298 1497/2123/1159
f 1494/2118/638 1499/2126/1299 1496/2121/1298 1498/2124/1300
f 1500/2127/687 1503/2130/1030 1504/2132/1301 1506/2137/1302
f 1501/2128/686 1505/2135/1303 1504/2133/1301 1503/2131/1030
f 1502/2129/635 1506/2138/1302 1504/2134/1301 1505/2136/1303
f 1507/2139/619 1510/2143/1304 1511/2144/1305 1513/2150/1306
f 1508/2140/643 1512/2148/1307 1511/2145/1305 1510/2142/1304
f 1509/2141/721 1513/2149/1306 1511/2146/1305 1512/2147/1307
f 1514/2151/641 1517/2154/1308 1518/2156/1309 1520/2161/1310
f 1515/2152/723 1519/2160/1311 1518/2157/1309 1517/2155/1308
f 1516/2153/699 1520/2162/1310 1518/2158/1309 1519/2159/1311
f 1521/2163/722 1524/2166/1018 1525/2168/1312 1527/2173/1313
f 1522/2164/190 1526/2171/1314 1525/2169/1312 1524/2167/1018
f 1523/2165/693 1527/2174/1313 1525/2170/1312 1526/2172/1314
f 1588/2264/240 1592/2268/1040 1593/2269/1038 1596/2276/1037
f 1589/2265/150 1594/2273/1041 1593/2270/1038 1592/2268/1040
f 1590/2266/653 1595/2275/1315 1593/2271/1038 1594/2274/1041
f 1591/2267/689 1596/2277/1037 1593/2272/1038 1595/2275/1315
f 1597/2278/708 1601/2282/1316 1602/2283/1033 1605/2290/1032
f 1598/2279/706 1603/2287/1036 1602/2284/1033 1601/2282/1316
f 1599/2280/164 1604/2289/1034 1602/2285/1033 1603/2288/1036
f 1600/2281/727 1605/2291/1032 1602/2286/1033 1604/2289/1034
f 1606/2292/81 1610/2296/1050 1611/2297/1048 1614/2304/1047
f 1607/2293/142 1612/2301/1051 1611/2298/1048 1610/2296/1050
f 1608/2294/666 1613/2303/1317 1611/2299/1048 1612/2302/1051
f 1609/2295/691 1614/2305/1047 1611/2300/1048 1613/2303/1317
f 1615/2306/632 1619/2310/1318 1620/2311/1043 1623/2319/1042
f 1616/2307/704 1621/2316/1186 1620/2312/1043 1619/2310/1318
f 1617/2308/166 1622/2317/1044 1620/2313/1043 1621/2315/1186
f 1618/2309/172 1623/2318/1042 1620/2314/1043 1622/2317/1044
f 1624/2320/656 1628/2324/1319 1629/2326/1320 1632/2333/1321
f 1625/2321/660 1630/2330/1322 1629/2327/1320 1628/2325/1319
f 1626/2322/654 1631/2332/1323 1629/2328/1320 1630/2330/1322
f 1627/2323/153 1632/2333/1321 1629/2329/1320 1631/2331/1323
f 1633/2334/729 1637/2338/1324 1638/2340/1325 1641/2347/1326
f 1634/2335/683 1639/2344/1327 1638/2341/1325 1637/2339/1324
f 1635/2336/165 1640/2346/1328 1638/2342/1325 1639/2344/1327
f 1636/2337/705 1641/2347/1326 1638/2343/1325 1640/2345/1328
f 1642/2348/650 1646/2352/1329 1647/2354/1330 1650/2361/1331
f 1643/2349/811 1648/2358/1332 1647/2355/1330 1646/2353/1329
f 1644/2350/667 1649/2360/1333 1647/2356/1330 1648/2358/1332
f 1645/2351/677 1650/2361/1331 1647/2357/1330 1649/2359/1333
f 1651/2362/703 1655/2366/1334 1656/2367/1335 1659/2375/1336
f 1652/2363/714 1657/2372/1337 1656/2368/1335 1655/2366/1334
f 1653/2364/628 1658/2373/1338 1656/2369/1335 1657/2371/1337
f 1654/2365/167 1659/2374/1336 1656/2370/1335 1658/2373/1338
f 1660/2376/611 1664/2380/1339 1665/2381/1340 1668/2389/1090
f 1661/2377/725 1666/2386/1089 1665/2382/1340 1664/2380/1339
f 1662/2378/134 1667/2387/1341 1665/2383/1340 1666/2385/1089
f 1663/2379/671 1668/2388/1090 1665/2384/1340 1667/2387/1341
f 1669/2390/130 1673/2394/1084 1674/2396/1083 1677/2403/1342
f 1670/2391/730 1675/2400/1343 1674/2397/1083 1673/2395/1084
f 1671/2392/596 1676/2402/1215 1674/2398/1083 1675/2400/1343
f 1672/2393/599 1677/2403/1342 1674/2399/1083 1676/2401/1215
f 1678/2404/664 1682/2408/1079 1683/2410/1078 1686/2417/1344
f 1679/2405/139 1684/2414/1077 1683/2411/1078 1682/2409/1079
f 1680/2406/22 1685/2416/1345 1683/2412/1078 1684/2414/1077
f 1681/2407/701 1686/2417/1344 1683/2413/1078 1685/2415/1345
f 1687/2418/216 1691/2422/1076 1692/2424/1073 1695/2431/1075
f 1688/2419/637 1693/2428/1346 1692/2425/1073 1691/2423/1076
f 1689/2420/756 1694/2430/1072 1692/2426/1073 1693/2428/1346
f 1690/2421/673 1695/2431/1075 1692/2427/1073 1694/2429/1072
f 1813/2577/603 1817/2581/1347 1818/2582/1348 1821/2588/1349
f 1814/2578/903 1819/2585/1350 1818/2582/1348 1817/2581/1347
f 1815/2579/740 1820/2586/1351 1818/2583/1348 1819/2584/1350
f 1816/2580/590 1821/2587/1349 1818/2583/1348 1820/2586/1351
f 1858/2631/776 1862/2635/1352 1863/2637/1353 1866/2645/1354
f 1859/2632/753 1864/2641/1355 1863/2638/1353 1862/2636/1352
f 1860/2633/916 1865/2644/1356 1863/2639/1353 1864/2642/1355
f 1861/2634/789 1866/2646/1354 1863/2640/1353 1865/2643/1356
f 1885/2665/602 1889/2670/1357 1890/2671/1358 1893/2677/1359
f 1886/2666/760 1891/2674/1360 1890/2672/1358 1889/2669/1357
f 1887/2667/762 1892/2675/1361 1890/2672/1358 1891/2674/1360
f 1888/2668/932 1893/2677/1359 1890/2673/1358 1892/2676/1361
f 1894/2678/777 1898/2682/1362 1899/2684/1363 1902/2691/1364
f 1895/2679/788 1900/2688/1365 1899/2685/1363 1898/2683/1362
f 1896/2680/933 1901/2690/1366 1899/2686/1363 1900/2688/1365
f 1897/2681/761 1902/2691/1364 1899/2687/1363 1901/2689/1366
f 1921/2710/739 1925/2714/1367 1926/2716/1368 1929/2723/1369
f 1922/2711/902 1927/2720/1370 1926/2717/1368 1925/2715/1367
f 1923/2712/775 1928/2722/1371 1926/2718/1368 1927/2720/1370
f 1924/2713/770 1929/2723/1369 1926/2719/1368 1928/2721/1371
f 1966/2760/774 1970/2764/1372 1971/2765/1373 1974/2773/1374
f 1967/2761/917 1972/2770/1375 1971/2766/1373 1970/2764/1372
f 1968/2762/754 1973/2771/1376 1971/2767/1373 1972/2769/1375
f 1969/2763/767 1974/2772/1374 1971/2768/1373 1973/2771/1376
f 1975/2774/801 1978/2777/1377 1979/2779/1378 1981/2784/1379
f 1976/2775/926 1980/2782/1380 1979/2780/1378 1978/2778/1377
f 1977/2776/938 1981/2785/1379 1979/2781/1378 1980/2783/1380
f 1982/2786/924 1985/2789/1381 1986/2791/1382 1988/2796/1383
f 1983/2787/790 1987/2795/1384 1986/2792/1382 1985/2790/1381
f 1984/2788/802 1988/2797/1383 1986/2793/1382 1987/2794/1384
f 1992/2804/874 1996/2809/1266 1997/2811/1264 2000/2820/1385
f 1993/2805/879 1998/2815/1267 1997/2812/1264 1996/2810/1266
f 1994/2806/873 1999/2818/1386 1997/2813/1264 1998/2816/1267
f 1995/2807/617 2000/2820/1385 1997/2814/1264 1999/2817/1386
f 2007/2829/793 2010/2833/1387 2011/2835/1269 2013/2841/1388
f 2008/2830/796 2012/2840/1389 2011/2836/1269 2010/2834/1387
f 2009/2831/853 2013/2842/1388 2011/2837/1269 2012/2838/1389
f 2017/2849/925 2021/2854/1257 2022/2856/1255 2025/2864/1390
f 2018/2850/702 2023/2860/1258 2022/2857/1255 2021/2855/1257
f 2019/2851/900 2024/2863/1391 2022/2858/1255 2023/2861/1258
f 2020/2852/791 2025/2865/1390 2022/2859/1255 2024/2862/1391
f 2026/2866/595 2029/2870/1259 2030/2871/1260 2032/2876/1392
f 2027/2867/545 2031/2874/1393 2030/2872/1260 2029/2869/1259
f 2028/2868/854 2032/2877/1392 2030/2873/1260 2031/2875/1393
f 2036/2882/864 2040/2887/1394 2041/2890/1395 2044/2894/1396
f 2037/2883/805 2042/2891/1397 2041/2888/1395 2040/2886/1394
f 2038/2884/837 2043/2892/1398 2041/2889/1395 2042/2891/1397
f 2039/2885/870 2044/2894/1396 2041/2890/1395 2043/2893/1398
f 2045/2895/816 2049/2899/1399 2050/2901/1400 2053/2908/1401
f 2046/2896/898 2051/2905/1402 2050/2902/1400 2049/2900/1399
f 2047/2897/847 2052/2907/1403 2050/2903/1400 2051/2905/1402
f 2048/2898/818 2053/2908/1401 2050/2904/1400 2052/2906/1403
f 2054/2909/841 2057/2913/1404 2058/2914/1405 2060/2919/1406
f 2055/2910/861 2059/2918/1407 2058/2915/1405 2057/2912/1404
f 2056/2911/893 2060/2919/1406 2058/2916/1405 2059/2917/1407
f 2061/2920/886 2064/2923/1408 2065/2925/1409 2067/2930/1410
f 2062/2921/831 2066/2929/1411 2065/2926/1409 2064/2924/1408
f 2063/2922/806 2067/2930/1410 2065/2927/1409 2066/2928/1411
f 2068/2931/425 2072/2936/1011 2073/2938/1012 2076/2942/1412
f 2069/2932/724 2074/2939/1293 2073/2937/1012 2072/2935/1011
f 2070/2933/867 2075/2940/1015 2073/2937/1012 2074/2939/1293
f 2071/2934/857 2076/2942/1412 2073/2938/1012 2075/2941/1015
f 2077/2943/688 2081/2947/1291 2082/2948/1007 2085/2953/1413
f 2078/2944/897 2083/2950/1006 2082/2948/1007 2081/2947/1291
f 2079/2945/426 2084/2952/1414 2082/2949/1007 2083/2951/1006
f 2080/2946/450 2085/2954/1413 2082/2949/1007 2084/2952/1414
f 2086/2955/638 2090/2960/1004 2091/2962/1002 2094/2966/1300
f 2087/2956/430 2092/2963/1157 2091/2961/1002 2090/2959/1004
f 2088/2957/448 2093/2964/1159 2091/2961/1002 2092/2963/1157
f 2089/2958/690 2094/2966/1300 2091/2962/1002 2093/2965/1159
f 2095/2967/848 2099/2972/996 2100/2974/997 2103/2978/1161
f 2096/2968/663 2101/2975/1294 2100/2973/997 2099/2971/996
f 2097/2969/868 2102/2976/1000 2100/2973/997 2101/2975/1294
f 2098/2970/386 2103/2978/1161 2100/2974/997 2102/2977/1000
f 2104/2979/396 2107/2983/1415 2108/2984/1416 2110/2990/1179
f 2105/2980/823 2109/2987/1417 2108/2985/1416 2107/2982/1415
f 2106/2981/865 2110/2989/1179 2108/2986/1416 2109/2988/1417
f 2111/2991/813 2114/2994/1418 2115/2996/1419 2117/3001/1420
f 2112/2992/894 2116/3000/1421 2115/2997/1419 2114/2995/1418
f 2113/2993/828 2117/3002/1420 2115/2998/1419 2116/2999/1421
f 2118/3003/827 2121/3007/1422 2122/3008/1423 2124/3014/1424
f 2119/3004/878 2123/3012/1425 2122/3009/1423 2121/3006/1422
f 2120/3005/896 2124/3013/1424 2122/3010/1423 2123/3011/1425
f 2125/3015/895 2128/3019/1426 2129/3020/1427 2131/3026/1167
f 2126/3016/872 2130/3023/1428 2129/3021/1427 2128/3018/1426
f 2127/3017/829 2131/3025/1167 2129/3022/1427 2130/3024/1428
f 2192/3119/858 2196/3124/1042 2197/3125/1043 2200/3132/1187
f 2193/3120/632 2198/3129/1429 2197/3126/1043 2196/3123/1042
f 2194/3121/704 2199/3130/1186 2197/3127/1043 2198/3129/1429
f 2195/3122/434 2200/3132/1187 2197/3128/1043 2199/3131/1186
f 2201/3133/881 2205/3138/1047 2206/3139/1048 2209/3146/1317
f 2202/3134/447 2207/3143/1183 2206/3140/1048 2205/3137/1047
f 2203/3135/444 2208/3144/1184 2206/3141/1048 2207/3143/1183
f 2204/3136/666 2209/3146/1317 2206/3142/1048 2208/3145/1184
f 2210/3147/387 2214/3152/1032 2215/3153/1033 2218/3160/1191
f 2211/3148/869 2216/3157/1316 2215/3154/1033 2214/3151/1032
f 2212/3149/851 2217/3158/1430 2215/3155/1033 2216/3157/1316
f 2213/3150/432 2218/3160/1191 2215/3156/1033 2217/3159/1430
f 2219/3161/820 2223/3165/1037 2224/3167/1038 2227/3174/1431
f 2220/3162/449 2225/3171/1188 2224/3168/1038 2223/3166/1037
f 2221/3163/446 2226/3173/1189 2224/3169/1038 2225/3171/1188
f 2222/3164/653 2227/3174/1431 2224/3170/1038 2226/3172/1189
f 2228/3175/860 2232/3179/1432 2233/3180/1335 2236/3188/1433
f 2229/3176/435 2234/3185/1336 2233/3181/1335 2232/3179/1432
f 2230/3177/840 2235/3186/1434 2233/3182/1335 2234/3184/1336
f 2231/3178/892 2236/3187/1433 2233/3183/1335 2235/3186/1434
f 2237/3189/846 2241/3193/1435 2242/3194/1436 2245/3202/1437
f 2238/3190/667 2243/3199/1333 2242/3195/1436 2241/3193/1435
f 2239/3191/443 2244/3200/1438 2242/3196/1436 2243/3198/1333
f 2240/3192/817 2245/3201/1437 2242/3197/1436 2244/3200/1438
f 2246/3203/863 2250/3207/1439 2251/3208/1440 2254/3216/1441
f 2247/3204/433 2252/3213/1442 2251/3209/1440 2250/3207/1439
f 2248/3205/852 2253/3214/1443 2251/3210/1440 2252/3212/1442
f 2249/3206/804 2254/3215/1441 2251/3211/1440 2253/3214/1443
f 2255/3217/880 2259/3221/1323 2260/3223/1320 2263/3230/1444
f 2256/3218/850 2261/3227/1445 2260/3224/1320 2259/3222/1323
f 2257/3219/830 2262/3229/1446 2260/3225/1320 2261/3227/1445
f 2258/3220/885 2263/3230/1444 2260/3226/1320 2262/3228/1446
f 2264/3231/596 2268/3235/1215 2269/3237/1083 2272/3244/1447
f 2265/3232/855 2270/3241/1214 2269/3238/1083 2268/3236/1215
f 2266/3233/427 2271/3243/1084 2269/3239/1083 2270/3241/1214
f 2267/3234/730 2272/3244/1447 2269/3240/1083 2271/3242/1084
f 2273/3245/424 2277/3249/1212 2278/3250/1088 2281/3258/1089
f 2274/3246/477 2279/3255/1090 2278/3251/1088 2277/3249/1212
f 2275/3247/794 2280/3256/1339 2278/3252/1088 2279/3254/1090
f 2276/3248/819 2281/3257/1089 2278/3253/1088 2280/3256/1339
f 2282/3259/849 2286/3263/1346 2287/3264/1073 2290/3272/1076
f 2283/3260/756 2288/3269/1448 2287/3265/1073 2286/3263/1346
f 2284/3261/876 2289/3270/1449 2287/3266/1073 2288/3268/1448
f 2285/3262/431 2290/3271/1076 2287/3267/1073 2289/3270/1449
f 2291/3273/483 2295/3277/1450 2296/3278/1078 2299/3286/1079
f 2292/3274/901 2297/3283/1080 2296/3279/1078 2295/3277/1450
f 2293/3275/701 2298/3284/1451 2296/3280/1078 2297/3282/1080
f 2294/3276/824 2299/3285/1079 2296/3281/1078 2298/3284/1451
f 2411/3424/803 2415/3428/1452 2416/3431/1453 2419/3435/1454
f 2412/3425/792 2417/3432/1455 2416/3430/1453 2415/3429/1452
f 2413/3426/913 2418/3434/1456 2416/3430/1453 2417/3432/1455
f 2414/3427/904 2419/3435/1454 2416/3431/1453 2418/3433/1456
f 2450/3483/920 2454/3488/1457 2455/3489/1458 2458/3498/1459
f 2451/3484/949 2456/3494/1460 2455/3490/1458 2454/3487/1457
f 2452/3485/937 2457/3495/1461 2455/3491/1458 2456/3493/1460
f 2453/3486/943 2458/3497/1459 2455/3492/1458 2457/3496/1461
f 2474/3517/800 2478/3521/1462 2479/3522/1463 2482/3528/1464
f 2475/3518/911 2480/3525/1465 2479/3523/1463 2478/3521/1462
f 2476/3519/931 2481/3527/1466 2479/3524/1463 2480/3526/1465
f 2477/3520/927 2482/3529/1464 2479/3524/1463 2481/3527/1466
f 2483/3530/923 2487/3534/1467 2488/3535/1468 2491/3543/1469
f 2484/3531/928 2489/3540/1470 2488/3536/1468 2487/3534/1467
f 2485/3532/910 2490/3541/1471 2488/3537/1468 2489/3539/1470
f 2486/3533/950 2491/3542/1469 2488/3538/1468 2490/3541/1471
f 2507/3562/912 2511/3566/1472 2512/3567/1473 2515/3575/1474
f 2508/3563/935 2513/3572/1475 2512/3568/1473 2511/3566/1472
f 2509/3564/939 2514/3573/1476 2512/3569/1473 2513/3571/1475
f 2510/3565/905 2515/3574/1474 2512/3570/1473 2514/3573/1476
f 2546/3618/940 2550/3622/1477 2551/3624/1478 2554/3631/1479
f 2547/3619/934 2552/3628/1480 2551/3625/1478 2550/3623/1477
f 2548/3620/944 2553/3630/1481 2551/3626/1478 2552/3628/1480
f 2549/3621/936 2554/3631/1479 2551/3627/1478 2553/3629/1481
f 456/645/12 115/117/27 121/127/953 457/646/1482
f 457/647/1482 121/128/953 117/119/955 455/644/286
f 459/649/1 128/137/24 134/147/958 460/650/1483
f 460/651/1483 134/148/958 130/139/30 458/648/29
f 575/793/31 130/139/30 133/145/959 579/797/1092
f 579/798/1092 133/146/959 129/138/8 576/794/11
f 513/713/35 135/149/35 137/152/1484 514/714/1484
f 514/715/1484 137/154/1484 136/151/207 512/712/288
f 516/717/204 138/155/203 146/171/962 517/718/1485
f 517/718/1485 146/171/962 141/158/202 515/716/161
f 123/130/12 147/172/12 149/174/1482 124/132/1482
f 124/131/1482 149/175/1482 148/173/5 122/129/6
f 126/134/588 150/176/2 152/178/1483 127/136/1483
f 127/135/1483 152/179/1483 151/177/29 125/133/29
f 465/657/16 153/180/15 159/192/967 466/658/1486
f 466/659/1486 159/193/967 155/182/154 464/656/157
f 519/720/158 155/183/154 158/190/968 520/721/1487
f 520/722/1487 158/191/968 154/181/21 518/719/20
f 116/118/289 163/198/35 165/200/1484 120/125/954
f 120/126/954 165/201/1484 164/199/566 117/119/955
f 128/137/24 166/204/25 174/216/971 131/140/956
f 131/141/956 174/217/971 169/207/9 129/138/8
f 161/195/7 182/230/4 184/232/1488 162/197/1489
f 162/196/1489 184/233/1488 183/231/162 160/194/162
f 468/661/1 176/219/3 178/221/974 469/662/1490
f 469/663/1490 178/222/974 175/218/39 467/660/38
f 135/150/35 185/234/35 187/237/1484 137/153/1484
f 137/154/1484 187/236/1484 186/235/207 136/151/207
f 140/157/156 188/238/155 190/241/1491 145/169/964
f 145/170/964 190/240/1491 189/239/211 141/159/202
f 522/724/55 200/255/54 208/268/985 523/725/1492
f 523/725/1492 208/268/985 203/258/61 521/723/60
f 477/675/115 209/269/114 215/279/990 478/676/1493
f 478/676/1493 215/279/990 211/271/233 476/674/127
f 480/678/226 216/280/225 222/290/994 481/679/1494
f 481/679/1494 222/290/994 218/282/43 479/677/42
f 386/535/232 211/271/233 214/277/991 391/544/1054
f 391/545/1054 214/278/991 210/270/180 383/532/179
f 419/588/40 175/218/39 181/228/976 423/592/1072
f 423/593/1072 181/229/976 177/220/159 420/589/160
f 395/549/58 203/258/61 207/266/987 400/558/1059
f 400/559/1059 207/267/987 202/257/126 392/546/125
f 404/563/365 192/243/366 195/246/978 409/572/1064
f 409/573/1064 195/247/978 191/242/187 401/560/186
f 431/605/62 224/292/65 227/295/996 436/614/1079
f 436/615/1079 227/296/996 223/291/140 428/602/139
f 374/518/68 232/303/67 240/313/1003 378/522/1047
f 378/523/1047 240/314/1003 235/306/78 375/519/81
f 440/619/130 242/316/133 245/319/1006 445/628/1084
f 445/629/1084 245/320/1006 241/315/137 437/616/136
f 449/633/74 251/328/77 254/331/1011 454/642/1089
f 454/643/1089 254/332/1011 250/327/135 446/630/134
f 483/681/66 252/329/195 256/335/1014 484/682/1495
f 484/682/1495 256/335/1014 251/328/77 482/680/76
f 525/727/170 243/317/239 247/323/1009 526/728/1496
f 526/728/1496 247/323/1009 242/316/133 524/726/132
f 486/684/192 225/293/191 229/299/999 487/685/1497
f 487/685/1497 229/299/999 224/292/65 485/683/64
f 528/730/79 235/306/78 239/312/1005 529/731/1498
f 529/731/1498 239/312/1005 234/305/217 527/729/141
f 531/733/51 266/351/50 272/361/1022 532/734/1499
f 532/735/1499 272/362/1022 268/353/89 530/732/88
f 489/687/53 274/364/210 276/366/1024 490/688/1500
f 490/689/1500 276/367/1024 273/363/86 488/686/85
f 534/739/92 275/365/236 278/371/1027 535/740/1501
f 535/741/1501 278/372/1027 274/364/210 533/738/209
f 492/691/72 281/376/199 283/378/1028 493/692/1502
f 493/693/1502 283/379/1028 280/375/235 491/690/189
f 300/405/87 268/353/89 271/359/1023 301/407/1503
f 301/406/1503 271/360/1023 267/352/234 299/404/228
f 315/430/178 210/270/180 212/272/988 316/431/1504
f 316/432/1504 212/273/988 209/269/114 314/429/117
f 330/452/44 218/282/43 221/288/995 331/453/1505
f 331/454/1505 221/289/995 217/281/97 329/451/101
f 345/472/70 260/340/73 262/342/1016 346/473/1506
f 346/475/1506 262/343/1016 259/339/190 344/471/182
f 200/255/54 287/387/57 289/389/1507 204/259/983
f 204/260/983 289/390/1507 288/388/231 201/256/241
f 287/387/57 290/391/82 292/393/1508 289/389/1507
f 289/390/1507 292/394/1508 291/392/230 288/388/231
f 290/391/82 293/395/128 295/397/1509 292/393/1508
f 292/394/1508 295/398/1509 294/396/229 291/392/230
f 293/395/128 296/399/129 298/402/1510 295/397/1509
f 295/398/1509 298/401/1510 297/400/227 294/396/229
f 296/399/129 300/405/87 301/407/1503 298/402/1510
f 298/403/1510 301/408/1503 299/404/228 297/400/227
f 275/365/236 302/409/175 304/411/1511 279/373/1026
f 279/374/1026 304/412/1511 303/410/83 273/363/86
f 302/409/175 305/415/174 307/417/1512 304/413/1511
f 304/414/1511 307/418/1512 306/416/123 303/410/83
f 305/415/174 308/421/176 310/423/1513 307/419/1512
f 307/420/1512 310/424/1513 309/422/121 306/416/123
f 308/421/176 311/425/177 313/427/1514 310/423/1513
f 310/424/1513 313/428/1514 312/426/119 309/422/121
f 311/425/177 315/430/178 316/431/1504 313/427/1514
f 313/428/1514 316/432/1504 314/429/117 312/426/119
f 281/376/199 317/433/198 319/435/1515 285/383/1031
f 285/384/1031 319/436/1515 318/434/90 282/377/93
f 317/433/198 320/439/220 322/441/1516 319/437/1515
f 319/438/1515 322/442/1516 321/440/104 318/434/90
f 320/439/220 323/443/221 325/445/1517 322/441/1516
f 322/442/1516 325/446/1517 324/444/103 321/440/104
f 323/443/221 326/447/222 328/449/1518 325/445/1517
f 325/446/1517 328/450/1518 327/448/102 324/444/103
f 326/447/222 330/452/44 331/453/1505 328/449/1518
f 328/450/1518 331/454/1505 329/451/101 327/448/102
f 193/244/105 332/455/98 334/457/1519 198/252/982
f 198/253/982 334/458/1519 333/456/185 194/245/197
f 332/455/98 335/459/100 337/461/1520 334/457/1519
f 334/458/1519 337/462/1520 336/460/184 333/456/185
f 335/459/100 338/463/107 340/465/1521 337/461/1520
f 337/462/1520 340/466/1521 339/464/183 336/460/184
f 338/463/107 341/467/109 343/469/1522 340/465/1521
f 340/466/1521 343/470/1522 342/468/181 339/464/183
f 341/467/109 345/472/70 346/474/1506 343/469/1522
f 343/470/1522 346/475/1506 344/471/182 342/468/181
f 225/293/191 348/477/194 351/480/1032 230/300/1000
f 230/301/1000 351/481/1032 347/476/169 226/294/168
f 243/317/239 357/491/240 360/494/1037 248/324/1010
f 248/325/1010 360/495/1037 356/490/219 244/318/218
f 252/329/195 366/505/196 369/508/1042 257/336/1015
f 257/337/1015 369/509/1042 365/504/172 253/330/171
f 410/574/213 377/521/212 381/529/1051 414/578/1067
f 414/579/1067 381/530/1051 376/520/142 411/575/145
f 495/695/147 367/506/146 371/514/1045 496/696/1523
f 496/696/1523 371/514/1045 366/505/196 494/694/69
f 537/745/151 358/492/150 362/500/1040 538/746/1524
f 538/746/1524 362/500/1040 357/491/240 536/744/173
f 498/698/111 349/478/110 353/486/1035 499/699/1525
f 499/699/1525 353/486/1035 348/477/194 497/697/193
f 540/748/143 376/520/142 380/528/1050 541/749/1526
f 541/749/1526 380/528/1050 375/519/81 539/747/80
f 349/478/110 385/534/113 389/541/1055 354/487/1036
f 354/488/1036 389/542/1055 384/533/165 350/479/164
f 358/492/150 394/548/153 398/555/1060 363/501/1041
f 363/502/1041 398/556/1060 393/547/215 359/493/214
f 367/506/146 403/562/149 407/569/1065 372/515/1046
f 372/516/1046 407/570/1065 402/561/167 368/507/166
f 216/280/225 413/577/224 417/585/1071 219/283/992
f 219/284/992 417/586/1071 412/576/94 217/281/97
f 501/701/223 404/563/365 408/571/1066 502/702/1527
f 502/702/1527 408/571/1066 403/562/149 500/700/148
f 543/751/59 395/549/58 399/557/1061 544/752/1528
f 544/752/1528 399/557/1061 394/548/153 542/750/152
f 504/704/124 386/535/232 390/543/1056 505/705/1529
f 505/705/1529 390/543/1056 385/534/113 503/703/112
f 546/754/95 412/576/94 416/584/1070 547/755/1530
f 547/755/1530 416/584/1070 411/575/145 545/753/144
f 233/304/238 422/591/237 426/599/1076 238/310/1004
f 238/311/1004 426/600/1076 421/590/216 234/305/217
f 153/180/15 430/604/18 434/611/1080 156/184/965
f 156/185/965 434/612/1080 429/603/22 154/181/21
f 138/155/203 439/618/206 443/625/1085 142/160/960
f 142/161/960 443/626/1085 438/617/49 139/156/48
f 167/205/283 448/632/284 452/639/1090 172/213/972
f 172/214/972 452/640/1090 447/631/243 168/206/242
f 549/757/138 421/590/216 425/598/1075 550/758/1531
f 550/758/1531 425/598/1075 420/589/160 548/756/23
f 507/707/63 431/605/62 435/613/1081 508/708/1532
f 508/708/1532 435/613/1081 430/604/18 506/706/17
f 552/760/131 440/619/130 444/627/1086 553/761/1533
f 553/761/1533 444/627/1086 439/618/206 551/759/205
f 510/710/75 449/633/74 453/641/1091 511/711/1534
f 511/711/1534 453/641/1091 448/632/284 509/709/41
f 147/172/12 456/645/12 457/646/1482 149/174/1482
f 149/175/1482 457/647/1482 455/644/286 148/173/5
f 150/176/2 459/649/1 460/650/1483 152/178/1483
f 152/179/1483 460/651/1483 458/648/29 151/177/29
f 139/156/48 465/657/16 466/658/1486 144/166/963
f 144/167/963 466/659/1486 464/656/157 140/157/156
f 166/204/25 468/661/1 469/662/1490 170/208/969
f 170/209/969 469/663/1490 467/660/38 167/205/283
f 182/230/4 470/664/285 472/669/1535 184/232/1488
f 184/233/1488 472/667/1535 471/665/46 183/231/162
f 201/256/241 477/675/115 478/676/1493 206/265/986
f 206/265/986 478/676/1493 476/674/127 202/257/126
f 192/243/366 480/678/226 481/679/1494 197/251/981
f 197/251/981 481/679/1494 479/677/42 193/244/105
f 232/303/67 483/681/66 484/682/1495 236/307/1001
f 236/307/1001 484/682/1495 482/680/76 233/304/238
f 244/318/218 486/684/192 487/685/1497 249/326/1008
f 249/326/1008 487/685/1497 485/683/64 241/315/137
f 266/351/50 489/687/53 490/688/1500 269/354/1020
f 269/355/1020 490/689/1500 488/686/85 267/352/234
f 260/340/73 492/691/72 493/692/1502 264/347/1019
f 264/348/1019 493/693/1502 491/690/189 261/341/188
f 377/521/212 495/695/147 496/696/1523 382/531/1049
f 382/531/1049 496/696/1523 494/694/69 374/518/68
f 359/493/214 498/698/111 499/699/1525 364/503/1039
f 364/503/1039 499/699/1525 497/697/193 356/490/219
f 413/577/224 501/701/223 502/702/1527 418/587/1069
f 418/587/1069 502/702/1527 500/700/148 410/574/213
f 392/546/125 504/704/124 505/705/1529 396/550/1057
f 396/550/1057 505/705/1529 503/703/112 393/547/215
f 437/616/136 507/707/63 508/708/1532 441/620/1082
f 441/620/1082 508/708/1532 506/706/17 438/617/49
f 422/591/237 510/710/75 511/711/1534 427/601/1074
f 427/601/1074 511/711/1534 509/709/41 419/588/40
f 555/763/19 471/666/46 472/668/1535 556/764/1536
f 556/765/1536 472/669/1535 470/664/285 554/762/287
f 474/671/19 461/652/19 463/654/1537 475/673/1537
f 475/672/1537 463/655/1537 462/653/208 473/670/208
f 163/198/35 513/713/35 514/714/1484 165/202/1484
f 165/203/1484 514/715/1484 512/712/288 164/199/566
f 168/206/242 516/717/204 517/718/1485 173/215/973
f 173/215/973 517/718/1485 515/716/161 169/207/9
f 176/219/3 519/720/158 520/721/1487 180/226/977
f 180/227/977 520/722/1487 518/719/20 177/220/159
f 194/245/197 522/724/55 523/725/1492 199/254/980
f 199/254/980 523/725/1492 521/723/60 191/242/187
f 253/330/171 525/727/170 526/728/1496 258/338/1013
f 258/338/1013 526/728/1496 524/726/132 250/327/135
f 226/294/168 528/730/79 529/731/1498 231/302/998
f 231/302/998 529/731/1498 527/729/141 223/291/140
f 261/341/188 531/733/51 532/736/1499 265/349/1018
f 265/350/1018 532/737/1499 530/732/88 259/339/190
f 282/377/93 534/739/92 535/742/1501 286/385/1030
f 286/386/1030 535/743/1501 533/738/209 280/375/235
f 368/507/166 537/745/151 538/746/1524 373/517/1044
f 373/517/1044 538/746/1524 536/744/173 365/504/172
f 350/479/164 540/748/143 541/749/1526 355/489/1034
f 355/489/1034 541/749/1526 539/747/80 347/476/169
f 401/560/186 543/751/59 544/752/1528 405/564/1062
f 405/564/1062 544/752/1528 542/750/152 402/561/167
f 383/532/179 546/754/95 547/755/1530 387/536/1052
f 387/536/1052 547/755/1530 545/753/144 384/533/165
f 428/602/139 549/757/138 550/758/1531 432/606/1077
f 432/606/1077 550/758/1531 548/756/23 429/603/22
f 446/630/134 552/760/131 553/761/1533 450/634/1087
f 450/634/1087 553/761/1533 551/759/205 447/631/243
f 461/652/19 555/763/19 556/764/1536 463/654/1537
f 463/655/1537 556/765/1536 554/762/287 462/653/208
f 561/771/163 557/766/162 559/768/1538 562/773/1489
f 562/772/1489 559/769/1538 558/767/246 560/770/246
f 557/766/162 567/779/47 568/781/1539 559/768/1538
f 559/769/1538 568/782/1539 566/778/506 558/767/246
f 573/790/245 566/778/506 568/783/1539 574/791/1540
f 574/792/1540 568/784/1539 567/780/47 572/789/19
f 570/786/245 563/774/245 565/776/1537 571/788/1537
f 571/787/1537 565/777/1537 564/775/19 569/785/19
f 563/774/245 573/790/245 574/791/1540 565/776/1537
f 565/777/1537 574/792/1540 572/789/19 564/775/19
f 698/955/509 578/796/508 582/802/1096 703/964/1114
f 703/965/1114 582/803/1096 577/795/258 695/952/257
f 594/818/10 602/826/10 604/828/1541 595/819/1541
f 595/819/1541 604/828/1541 603/827/248 593/817/250
f 591/815/28 599/823/28 601/825/1542 592/816/1542
f 592/816/1542 601/825/1542 600/824/255 590/814/34
f 588/810/10 596/820/10 598/822/1541 589/812/1541
f 589/812/1541 598/822/1541 597/821/248 587/808/248
f 576/794/11 594/818/10 595/819/1541 581/801/1095
f 581/801/1095 595/819/1541 593/817/250 577/795/258
f 585/806/28 591/815/28 592/816/1542 586/807/1542
f 586/807/1542 592/816/1542 590/814/34 584/805/33
f 602/826/10 588/811/10 589/813/1541 604/828/1541
f 604/828/1541 589/813/1541 587/809/248 603/827/248
f 599/823/28 575/793/31 583/804/1094 601/825/1542
f 601/825/1542 583/804/1094 578/796/508 600/824/255
f 668/917/327 627/862/326 630/865/1097 673/926/1109
f 673/927/1109 630/866/1097 626/861/279 665/914/282
f 621/854/323 628/863/535 632/871/1100 622/855/1543
f 622/856/1543 632/872/1100 627/862/326 620/853/320
f 624/858/278 608/833/263 610/837/1544 625/859/1545
f 625/860/1545 610/838/1544 609/835/273 623/857/272
f 606/830/517 611/841/322 613/843/1546 607/832/1547
f 607/831/1547 613/844/1546 612/842/319 605/829/270
f 629/864/316 614/845/275 616/847/1548 634/875/1099
f 634/876/1099 616/848/1548 615/846/280 626/861/279
f 608/834/263 617/849/266 619/852/1549 610/839/1544
f 610/840/1544 619/851/1549 618/850/324 609/836/273
f 611/841/322 621/854/323 622/855/1543 613/843/1546
f 613/844/1546 622/856/1543 620/853/320 612/842/319
f 614/845/275 624/858/278 625/859/1545 616/847/1548
f 616/848/1548 625/860/1545 623/857/272 615/846/280
f 115/117/27 656/901/26 664/912/1104 118/120/951
f 118/121/951 664/913/1104 659/904/290 116/118/289
f 645/890/293 653/898/296 655/900/1550 646/891/1551
f 646/891/1551 655/900/1550 654/899/201 644/889/200
f 642/887/297 650/895/300 652/897/1552 643/888/1553
f 643/888/1553 652/897/1552 651/896/14 641/886/13
f 639/882/302 647/892/252 649/894/1554 640/884/1555
f 640/884/1555 649/894/1554 648/893/36 638/880/37
f 658/903/294 645/890/293 646/891/1551 663/911/1106
f 663/911/1106 646/891/1551 644/889/200 659/904/290
f 636/878/259 642/887/297 643/888/1553 637/879/1556
f 637/879/1556 643/888/1553 641/886/13 635/877/13
f 653/898/296 639/883/302 640/885/1555 655/900/1550
f 655/900/1550 640/885/1555 638/881/37 654/899/201
f 650/895/300 657/902/556 660/905/1102 652/897/1552
f 652/897/1552 660/905/1102 656/901/26 651/896/14
f 657/902/556 667/916/555 671/923/1110 662/909/1105
f 662/910/1105 671/924/1110 666/915/291 658/903/294
f 684/941/281 692/949/271 694/951/1557 685/942/1558
f 685/942/1558 694/951/1557 693/950/295 683/940/292
f 681/938/318 689/946/321 691/948/1559 682/939/1560
f 682/939/1560 691/948/1559 690/947/299 680/937/298
f 678/933/274 686/943/325 688/945/1561 679/935/1562
f 679/935/1562 688/945/1561 687/944/253 677/931/301
f 675/929/267 681/938/318 682/939/1560 676/930/1563
f 676/930/1563 682/939/1560 680/937/298 674/928/262
f 692/949/271 678/934/274 679/936/1562 694/951/1557
f 694/951/1557 679/936/1562 677/932/301 693/950/295
f 689/946/321 668/917/327 672/925/1111 691/948/1559
f 691/948/1559 672/925/1111 667/916/555 690/947/299
f 683/940/292 666/915/291 669/918/1107 685/942/1558
f 685/942/1558 669/918/1107 665/914/282 684/941/281
f 746/1014/315 697/954/314 701/961/1115 750/1018/1117
f 750/1019/1117 701/962/1115 696/953/304 747/1015/303
f 720/985/256 698/955/509 702/963/1116 721/986/1564
f 721/986/1564 702/963/1116 697/954/314 719/984/312
f 723/988/247 707/969/247 709/973/1565 724/989/1565
f 724/989/1565 709/973/1565 708/971/311 722/987/311
f 705/967/32 710/975/32 712/977/1564 706/968/1564
f 706/968/1564 712/977/1564 711/976/310 704/966/310
f 707/970/247 716/981/247 718/983/1565 709/974/1565
f 709/974/1565 718/983/1565 717/982/311 708/972/311
f 710/975/32 720/985/256 721/986/1564 712/977/1564
f 712/977/1564 721/986/1564 719/984/312 711/976/310
f 714/979/249 723/988/247 724/989/1565 715/980/1566
f 715/980/1566 724/989/1565 722/987/311 713/978/305
f 695/952/257 714/979/249 715/980/1566 699/956/1112
f 699/956/1112 715/980/1566 713/978/305 696/953/304
f 628/863/535 749/1017/534 753/1025/1121 633/873/1101
f 633/874/1101 753/1026/1121 748/1016/317 629/864/316
f 747/1015/303 734/1002/306 736/1004/306 752/1024/1120
f 752/1024/1120 736/1004/306 735/1003/276 748/1016/317
f 734/1002/306 743/1011/306 745/1013/306 736/1004/306
f 736/1004/306 745/1013/306 744/1012/277 735/1003/276
f 732/1000/309 740/1008/313 742/1010/309 733/1001/309
f 733/1001/309 742/1010/309 741/1009/313 731/999/313
f 729/995/306 737/1005/306 739/1007/306 730/997/306
f 730/997/306 739/1007/306 738/1006/265 728/993/264
f 726/991/309 732/1000/309 733/1001/309 727/992/309
f 727/992/309 733/1001/309 731/999/313 725/990/313
f 743/1011/306 729/996/306 730/998/306 745/1013/306
f 745/1013/306 730/998/306 728/994/264 744/1012/277
f 740/1008/313 746/1014/315 754/1027/1119 742/1010/309
f 742/1010/309 754/1027/1119 749/1017/534 741/1009/313
f 1090/1554/544 756/1029/567 758/1031/1122 1091/1555/1489
f 1091/1556/1489 758/1032/1122 755/1028/346 1089/1553/336
f 1093/1558/345 769/1049/349 771/1051/1126 1094/1559/1567
f 1094/1560/1567 771/1052/1126 768/1048/798 1092/1557/328
f 1206/1697/334 770/1050/333 773/1056/1129 1211/1704/1218
f 1211/1705/1218 773/1057/1129 769/1049/349 1203/1694/348
f 1144/1618/288 775/1060/207 777/1064/1484 1145/1619/1484
f 1145/1620/1484 777/1063/1484 776/1061/35 1143/1617/35
f 1147/1622/161 778/1066/202 786/1082/1131 1148/1623/1485
f 1148/1623/1485 786/1082/1131 781/1070/476 1146/1621/439
f 763/1041/7 787/1083/332 789/1085/1489 764/1043/1489
f 764/1042/1489 789/1086/1489 788/1084/336 762/1040/336
f 766/1045/345 790/1087/345 792/1089/1567 767/1047/1567
f 767/1046/1567 792/1090/1567 791/1088/330 765/1044/546
f 1099/1566/474 794/1092/436 796/1096/974 1100/1567/1490
f 1100/1568/1490 796/1097/974 793/1091/39 1098/1565/38
f 1150/1625/20 795/1094/343 798/1101/1133 1151/1626/1487
f 1151/1627/1487 798/1102/1133 794/1093/436 1149/1624/158
f 756/1029/567 803/1109/566 805/1111/1484 760/1036/1125
f 760/1037/1125 805/1112/1484 804/1110/35 757/1030/547
f 770/1050/333 806/1115/335 814/1130/1135 774/1058/1128
f 774/1059/1128 814/1131/1135 809/1119/799 768/1048/798
f 801/1106/442 822/1144/442 824/1146/1568 802/1108/1482
f 802/1107/1482 824/1147/1568 823/1145/331 800/1105/6
f 1102/1570/356 815/1132/358 821/1142/1137 1103/1571/1569
f 1103/1572/1569 821/1143/1137 817/1134/329 1101/1569/328
f 775/1060/207 186/235/207 187/236/1484 777/1064/1484
f 777/1065/1484 187/237/1484 185/234/35 776/1062/35
f 778/1067/202 189/239/211 190/240/1491 782/1071/1130
f 782/1072/1130 190/241/1491 188/238/155 779/1068/475
f 1153/1629/60 835/1162/464 838/1165/1144 1154/1630/1492
f 1154/1630/1492 838/1165/1144 834/1161/370 1152/1628/55
f 1108/1580/420 844/1176/419 846/1178/1149 1109/1581/1570
f 1109/1581/1570 846/1178/1149 843/1175/359 1107/1579/362
f 1111/1583/375 851/1187/457 853/1189/1153 1112/1584/1571
f 1112/1584/1571 853/1189/1153 850/1186/490 1110/1582/354
f 1017/1441/411 845/1177/410 848/1182/1152 1021/1445/1192
f 1021/1446/1192 848/1183/1152 844/1176/419 1018/1442/418
f 1056/1500/438 816/1133/437 818/1135/1136 1061/1509/1080
f 1061/1510/1080 818/1136/1136 815/1132/358 1053/1497/357
f 1026/1455/505 836/1163/504 840/1170/1147 1030/1459/1195
f 1030/1460/1195 840/1171/1147 835/1162/464 1027/1456/463
f 1035/1469/404 825/1148/403 833/1159/1141 1039/1473/1200
f 1039/1474/1200 833/1160/1141 828/1151/353 1036/1470/352
f 1062/1511/431 857/1197/430 865/1207/1158 1066/1515/1076
f 1066/1516/1076 865/1208/1158 860/1200/507 1063/1512/237
f 1011/1430/387 867/1210/386 870/1213/1000 1016/1439/1032
f 1016/1440/1032 870/1214/1000 866/1209/379 1008/1427/194
f 1071/1525/429 875/1221/77 883/1231/1162 1075/1529/1089
f 1075/1530/1089 883/1232/1162 878/1224/425 1072/1526/424
f 1080/1539/427 884/1233/426 892/1243/1166 1084/1543/1084
f 1084/1544/1084 892/1244/1166 887/1236/137 1081/1540/384
f 1114/1586/385 887/1236/137 891/1242/1008 1115/1587/1572
f 1115/1587/1572 891/1242/1008 886/1235/218 1113/1585/192
f 1156/1632/132 878/1224/425 882/1230/1163 1157/1633/1573
f 1157/1633/1573 882/1230/1163 877/1223/502 1155/1631/170
f 1117/1589/428 860/1200/507 864/1206/1001 1118/1590/1574
f 1118/1590/1574 864/1206/1001 859/1199/67 1116/1588/66
f 1159/1635/141 868/1211/484 872/1217/1161 1160/1636/1498
f 1160/1636/1498 872/1217/1161 867/1210/386 1158/1634/79
f 1162/1638/88 901/1258/394 903/1260/1171 1163/1639/1575
f 1163/1640/1575 903/1261/1171 900/1257/367 1161/1637/369
f 1120/1592/391 907/1269/390 913/1279/1177 1121/1593/1576
f 1121/1594/1576 913/1280/1177 909/1271/478 1119/1591/368
f 1165/1644/479 909/1271/478 912/1277/1178 1166/1645/1577
f 1166/1646/1577 912/1278/1178 908/1270/500 1164/1643/92
f 1123/1596/465 914/1281/499 920/1291/1181 1124/1597/1578
f 1124/1598/1578 920/1292/1181 916/1283/472 1122/1595/382
f 934/1312/492 902/1259/498 905/1265/1174 935/1313/1579
f 935/1314/1579 905/1266/1174 901/1258/394 933/1311/393
f 949/1338/360 843/1175/359 849/1184/1151 950/1339/1580
f 950/1340/1580 849/1185/1151 845/1177/410 948/1337/455
f 964/1360/397 852/1188/377 855/1193/1156 965/1361/1581
f 965/1362/1581 855/1194/1156 851/1187/457 963/1359/456
f 979/1380/458 893/1245/467 899/1255/1169 980/1381/1582
f 980/1382/1582 899/1256/1169 895/1247/381 978/1379/380
f 837/1164/497 921/1293/496 923/1295/1583 842/1173/1146
f 842/1174/1146 923/1296/1583 922/1294/371 834/1161/370
f 921/1293/496 924/1297/495 926/1299/1584 923/1295/1583
f 923/1296/1583 926/1300/1584 925/1298/388 922/1294/371
f 924/1297/495 927/1301/494 929/1303/1585 926/1299/1584
f 926/1300/1584 929/1304/1585 928/1302/422 925/1298/388
f 927/1301/494 930/1305/493 932/1307/1586 929/1303/1585
f 929/1304/1585 932/1308/1586 931/1306/423 928/1302/422
f 930/1305/493 934/1312/492 935/1315/1579 932/1309/1586
f 932/1310/1586 935/1316/1579 933/1311/393 931/1306/423
f 907/1269/390 936/1317/389 938/1319/1587 910/1272/1175
f 910/1273/1175 938/1320/1587 937/1318/451 908/1270/500
f 936/1317/389 939/1323/416 941/1325/1588 938/1321/1587
f 938/1322/1587 941/1326/1588 940/1324/452 937/1318/451
f 939/1323/416 942/1329/414 944/1331/1589 941/1327/1588
f 941/1328/1588 944/1332/1589 943/1330/453 940/1324/452
f 942/1329/414 945/1333/412 947/1335/1590 944/1331/1589
f 944/1332/1589 947/1336/1590 946/1334/454 943/1330/453
f 945/1333/412 949/1338/360 950/1339/1580 947/1335/1590
f 947/1336/1590 950/1340/1580 948/1337/455 946/1334/454
f 915/1282/396 951/1341/395 953/1343/1591 919/1289/1182
f 919/1290/1182 953/1344/1591 952/1342/473 916/1283/472
f 951/1341/395 954/1347/402 956/1349/1592 953/1345/1591
f 953/1346/1591 956/1350/1592 955/1348/487 952/1342/473
f 954/1347/402 957/1351/401 959/1353/1593 956/1349/1592
f 956/1350/1592 959/1354/1593 958/1352/488 955/1348/487
f 957/1351/401 960/1355/400 962/1357/1594 959/1353/1593
f 959/1354/1593 962/1358/1594 961/1356/489 958/1352/488
f 960/1355/400 964/1360/397 965/1361/1581 962/1357/1594
f 962/1358/1594 965/1362/1581 963/1359/456 961/1356/489
f 826/1149/471 966/1363/462 968/1365/1595 831/1156/1142
f 831/1157/1142 968/1366/1595 967/1364/373 827/1150/372
f 966/1363/462 969/1367/461 971/1369/1596 968/1365/1595
f 968/1366/1595 971/1370/1596 970/1368/398 967/1364/373
f 969/1367/461 972/1371/460 974/1373/1597 971/1369/1596
f 971/1370/1596 974/1374/1597 973/1372/405 970/1368/398
f 972/1371/460 975/1375/459 977/1377/1598 974/1373/1597
f 974/1374/1597 977/1378/1598 976/1376/407 973/1372/405
f 975/1375/459 979/1380/458 980/1383/1582 977/1377/1598
f 977/1378/1598 980/1384/1582 978/1379/380 976/1376/407
f 858/1198/448 981/1385/447 989/1397/1047 863/1204/1159
f 863/1205/1159 989/1398/1047 984/1388/468 859/1199/67
f 876/1222/486 990/1399/485 998/1411/1042 881/1228/1015
f 881/1229/1015 998/1412/1042 993/1402/503 877/1223/502
f 885/1234/450 999/1413/449 1007/1425/1037 890/1240/1010
f 890/1241/1010 1007/1426/1037 1002/1416/470 886/1235/218
f 1047/1486/433 1010/1429/432 1014/1436/1036 1052/1495/1055
f 1052/1496/1055 1014/1437/1036 1009/1428/110 1044/1483/480
f 1126/1600/378 1002/1416/470 1006/1424/1039 1127/1601/1599
f 1127/1601/1599 1006/1424/1039 1001/1415/214 1125/1599/111
f 1168/1650/173 993/1402/503 997/1410/1187 1169/1651/1524
f 1169/1651/1524 997/1410/1187 992/1401/434 1167/1649/151
f 1129/1603/469 984/1388/468 988/1396/1185 1130/1604/1523
f 1130/1604/1523 988/1396/1185 983/1387/212 1128/1602/147
f 1171/1653/80 1011/1430/387 1015/1438/1191 1172/1654/1600
f 1172/1654/1600 1015/1438/1191 1010/1429/432 1170/1652/143
f 982/1386/444 1020/1444/443 1024/1452/1067 987/1394/1184
f 987/1395/1184 1024/1453/1067 1019/1443/409 983/1387/212
f 991/1400/482 1029/1458/481 1033/1466/1199 996/1408/1186
f 996/1409/1186 1033/1467/1199 1028/1457/435 992/1401/434
f 1000/1414/446 1038/1472/445 1042/1480/1060 1005/1422/1189
f 1005/1423/1189 1042/1481/1060 1037/1471/215 1001/1415/214
f 852/1188/377 1046/1485/376 1050/1492/1205 856/1195/1155
f 856/1196/1155 1050/1493/1205 1045/1484/491 850/1186/490
f 1132/1606/112 1037/1471/215 1041/1479/1203 1133/1607/1601
f 1133/1607/1601 1041/1479/1203 1036/1470/352 1131/1605/355
f 1174/1656/152 1028/1457/435 1032/1465/1198 1175/1657/1602
f 1175/1657/1602 1032/1465/1198 1027/1456/463 1173/1655/59
f 1135/1609/148 1019/1443/409 1023/1451/1194 1136/1610/1603
f 1136/1610/1603 1023/1451/1194 1018/1442/418 1134/1608/421
f 1177/1659/144 1047/1486/433 1051/1494/1206 1178/1660/1604
f 1178/1660/1604 1051/1494/1206 1046/1485/376 1176/1658/95
f 868/1211/484 1055/1499/483 1059/1506/1079 873/1218/996
f 873/1219/996 1059/1507/1079 1054/1498/501 869/1212/65
f 795/1094/343 1065/1514/342 1069/1522/1072 799/1103/1132
f 799/1104/1132 1069/1523/1072 1064/1513/40 793/1091/39
f 780/1069/283 1074/1528/284 1078/1536/1213 785/1079/972
f 785/1080/972 1078/1537/1213 1073/1527/477 781/1070/476
f 807/1117/441 1083/1542/440 1087/1550/1215 812/1125/960
f 812/1126/960 1087/1551/1215 1082/1541/49 808/1118/542
f 1180/1662/341 1056/1500/438 1060/1508/1208 1181/1663/1605
f 1181/1663/1605 1060/1508/1208 1055/1499/483 1179/1661/138
f 1138/1612/41 1064/1513/40 1068/1521/1210 1139/1613/1606
f 1139/1613/1606 1068/1521/1210 1063/1512/237 1137/1611/75
f 1183/1665/205 1073/1527/477 1077/1535/1212 1184/1666/1533
f 1184/1666/1533 1077/1535/1212 1072/1526/424 1182/1664/131
f 1141/1615/17 1082/1541/49 1086/1549/1082 1142/1616/1607
f 1142/1616/1607 1086/1549/1082 1081/1540/384 1140/1614/63
f 787/1083/332 1090/1554/544 1091/1555/1489 789/1085/1489
f 789/1086/1489 1091/1556/1489 1089/1553/336 788/1084/336
f 790/1087/345 1093/1558/345 1094/1559/1567 792/1089/1567
f 792/1090/1567 1094/1560/1567 1092/1557/328 791/1088/330
f 779/1068/475 1099/1566/474 1100/1567/1490 784/1077/969
f 784/1078/969 1100/1568/1490 1098/1565/38 780/1069/283
f 808/1118/542 1102/1570/356 1103/1571/1569 813/1127/963
f 813/1128/963 1103/1572/1569 1101/1569/328 809/1119/799
f 822/1144/442 1104/1573/363 1106/1576/1608 824/1146/1568
f 824/1147/1568 1106/1577/1608 1105/1575/543 823/1145/331
f 836/1163/504 1108/1580/420 1109/1581/1570 841/1172/1148
f 841/1172/1148 1109/1581/1570 1107/1579/362 837/1164/497
f 827/1150/372 1111/1583/375 1112/1584/1571 832/1158/1143
f 832/1158/1143 1112/1584/1571 1110/1582/354 828/1151/353
f 869/1212/65 1114/1586/385 1115/1587/1572 874/1220/999
f 874/1220/999 1115/1587/1572 1113/1585/192 866/1209/379
f 875/1221/77 1117/1589/428 1118/1590/1574 879/1225/1014
f 879/1225/1014 1118/1590/1574 1116/1588/66 876/1222/486
f 902/1259/498 1120/1592/391 1121/1593/1576 906/1267/1173
f 906/1268/1173 1121/1594/1576 1119/1591/368 900/1257/367
f 894/1246/466 1123/1596/465 1124/1597/1578 898/1253/1170
f 898/1254/1170 1124/1598/1578 1122/1595/382 895/1247/381
f 1008/1427/194 1126/1600/378 1127/1601/1599 1012/1431/1190
f 1012/1431/1190 1127/1601/1599 1125/1599/111 1009/1428/110
f 990/1399/485 1129/1603/469 1130/1604/1523 994/1403/1045
f 994/1403/1045 1130/1604/1523 1128/1602/147 991/1400/482
f 1044/1483/480 1132/1606/112 1133/1607/1601 1048/1487/1204
f 1048/1487/1204 1133/1607/1601 1131/1605/355 1045/1484/491
f 1029/1458/481 1135/1609/148 1136/1610/1603 1034/1468/1197
f 1034/1468/1197 1136/1610/1603 1134/1608/421 1026/1455/505
f 1074/1528/284 1138/1612/41 1139/1613/1606 1079/1538/1211
f 1079/1538/1211 1139/1613/1606 1137/1611/75 1071/1525/429
f 1053/1497/357 1141/1615/17 1142/1616/1607 1057/1501/1081
f 1057/1501/1081 1142/1616/1607 1140/1614/63 1054/1498/501
f 1186/1668/287 1105/1575/543 1106/1577/1608 1187/1669/1536
f 1187/1670/1536 1106/1578/1608 1104/1574/363 1185/1667/19
f 473/670/208 1095/1561/208 1097/1563/1537 475/672/1537
f 475/673/1537 1097/1564/1537 1096/1562/19 474/671/19
f 803/1109/566 1144/1618/288 1145/1619/1484 805/1113/1484
f 805/1114/1484 1145/1620/1484 1143/1617/35 804/1110/35
f 806/1116/335 1147/1622/161 1148/1623/1485 810/1120/1134
f 810/1120/1134 1148/1623/1485 1146/1621/439 807/1117/441
f 816/1133/437 1150/1625/20 1151/1626/1487 820/1140/1138
f 820/1141/1138 1151/1627/1487 1149/1624/158 817/1134/329
f 825/1148/403 1153/1629/60 1154/1630/1492 829/1152/1139
f 829/1152/1139 1154/1630/1492 1152/1628/55 826/1149/471
f 884/1233/426 1156/1632/132 1157/1633/1573 888/1237/1164
f 888/1237/1164 1157/1633/1573 1155/1631/170 885/1234/450
f 857/1197/430 1159/1635/141 1160/1636/1498 861/1201/1157
f 861/1201/1157 1160/1636/1498 1158/1634/79 858/1198/448
f 893/1245/467 1162/1638/88 1163/1641/1575 896/1248/1167
f 896/1249/1167 1163/1642/1575 1161/1637/369 894/1246/466
f 914/1281/499 1165/1644/479 1166/1647/1577 917/1284/1179
f 917/1285/1179 1166/1648/1577 1164/1643/92 915/1282/396
f 999/1413/449 1168/1650/173 1169/1651/1524 1003/1417/1188
f 1003/1417/1188 1169/1651/1524 1167/1649/151 1000/1414/446
f 981/1385/447 1171/1653/80 1172/1654/1600 985/1389/1183
f 985/1389/1183 1172/1654/1600 1170/1652/143 982/1386/444
f 1038/1472/445 1174/1656/152 1175/1657/1602 1043/1482/1202
f 1043/1482/1202 1175/1657/1602 1173/1655/59 1035/1469/404
f 1020/1444/443 1177/1659/144 1178/1660/1604 1025/1454/1193
f 1025/1454/1193 1178/1660/1604 1176/1658/95 1017/1441/411
f 1065/1514/342 1180/1662/341 1181/1663/1605 1070/1524/1209
f 1070/1524/1209 1181/1663/1605 1179/1661/138 1062/1511/431
f 1083/1542/440 1183/1665/205 1184/1666/1533 1088/1552/1214
f 1088/1552/1214 1184/1666/1533 1182/1664/131 1080/1539/427
f 1095/1561/208 1186/1668/287 1187/1669/1536 1097/1563/1537
f 1097/1564/1537 1187/1670/1536 1185/1667/19 1096/1562/19
f 1192/1676/340 1188/1671/340 1190/1673/1609 1193/1678/1482
f 1193/1677/1482 1190/1674/1609 1189/1672/442 1191/1675/442
f 1188/1671/340 1197/1683/339 1199/1686/1610 1190/1673/1609
f 1190/1674/1609 1199/1687/1610 1198/1684/364 1189/1672/442
f 1201/1691/19 1198/1685/364 1199/1688/1610 1202/1692/1540
f 1202/1693/1540 1199/1689/1610 1197/1683/339 1200/1690/245
f 569/785/19 1194/1679/19 1196/1681/1537 571/787/1537
f 571/788/1537 1196/1682/1537 1195/1680/245 570/786/245
f 1194/1679/19 1201/1691/19 1202/1692/1540 1196/1681/1537
f 1196/1682/1537 1202/1693/1540 1200/1690/245 1195/1680/245
f 1311/1845/523 1205/1696/524 1209/1701/1219 1315/1849/1236
f 1315/1850/1236 1209/1702/1219 1204/1695/512 1312/1846/511
f 1222/1720/250 1227/1727/248 1229/1729/1541 1223/1722/1541
f 1223/1722/1541 1229/1729/1541 1228/1728/10 1221/1718/10
f 1219/1716/351 1224/1724/513 1226/1726/1611 1220/1717/1611
f 1220/1717/1611 1226/1726/1611 1225/1725/344 1218/1715/344
f 1216/1711/248 597/821/248 598/822/1541 1217/1713/1541
f 1217/1713/1541 598/822/1541 596/820/10 1215/1709/10
f 1205/1696/524 1222/1721/250 1223/1723/1541 1210/1703/1220
f 1210/1703/1220 1223/1723/1541 1221/1719/10 1206/1697/334
f 1213/1707/351 1219/1716/351 1220/1717/1611 1214/1708/1611
f 1214/1708/1611 1220/1717/1611 1218/1715/344 1212/1706/344
f 1227/1727/248 1216/1712/248 1217/1714/1541 1229/1729/1541
f 1229/1729/1541 1217/1714/1541 1215/1710/10 1228/1728/10
f 1224/1724/513 1204/1695/512 1207/1698/1216 1226/1726/1611
f 1226/1726/1611 1207/1698/1216 1203/1694/348 1225/1725/344
f 1284/1810/574 1248/1760/573 1256/1774/1223 1288/1814/1231
f 1288/1815/1231 1256/1775/1223 1251/1763/586 1285/1811/585
f 1243/1753/581 1251/1763/586 1255/1772/1225 1244/1754/1612
f 1244/1755/1612 1255/1773/1225 1250/1762/561 1242/1752/529
f 1246/1757/578 1233/1734/584 1235/1738/1613 1247/1758/1614
f 1247/1759/1614 1235/1739/1613 1234/1736/307 1245/1756/537
f 1231/1731/531 1236/1742/582 1238/1744/1615 1232/1733/1616
f 1232/1732/1616 1238/1745/1615 1237/1743/516 1230/1730/514
f 1248/1760/573 1239/1746/576 1241/1750/1617 1252/1764/1221
f 1252/1765/1221 1241/1749/1617 1240/1747/536 1249/1761/540
f 1233/1735/584 618/850/324 619/851/1549 1235/1740/1613
f 1235/1741/1613 619/852/1549 617/849/266 1234/1737/307
f 1236/1742/582 1243/1753/581 1244/1754/1612 1238/1744/1615
f 1238/1745/1615 1244/1755/1612 1242/1752/529 1237/1743/516
f 1239/1746/576 1246/1757/578 1247/1758/1614 1241/1750/1617
f 1241/1751/1617 1247/1759/1614 1245/1756/537 1240/1748/536
f 757/1030/547 1276/1798/548 1279/1801/1226 761/1038/1124
f 761/1039/1124 1279/1802/1226 1275/1797/347 755/1028/346
f 1267/1789/200 1272/1794/201 1274/1796/1618 1268/1790/1619
f 1268/1790/1619 1274/1796/1618 1273/1795/553 1266/1788/551
f 1264/1786/338 1269/1791/337 1271/1793/1620 1265/1787/1621
f 1265/1787/1621 1271/1793/1620 1270/1792/518 1263/1785/557
f 1261/1781/37 648/893/36 649/894/1554 1262/1783/1622
f 1262/1783/1622 649/894/1554 647/892/252 1260/1779/251
f 1276/1798/548 1267/1789/200 1268/1790/1619 1281/1806/1229
f 1281/1806/1229 1268/1790/1619 1266/1788/551 1277/1799/550
f 1258/1777/338 1264/1786/338 1265/1787/1621 1259/1778/1623
f 1259/1778/1623 1265/1787/1621 1263/1785/557 1257/1776/525
f 1272/1794/201 1261/1782/37 1262/1784/1622 1274/1796/1618
f 1274/1796/1618 1262/1784/1622 1260/1780/251 1273/1795/553
f 1269/1791/337 1275/1797/347 1283/1809/1228 1271/1793/1620
f 1271/1793/1620 1283/1809/1228 1278/1800/519 1270/1792/518
f 1277/1799/550 1287/1813/549 1291/1821/1235 1282/1807/1230
f 1282/1808/1230 1291/1822/1235 1286/1812/520 1278/1800/519
f 1303/1837/552 1308/1842/554 1310/1844/1624 1304/1838/1625
f 1304/1838/1625 1310/1844/1624 1309/1843/577 1302/1836/575
f 1300/1834/558 1305/1839/521 1307/1841/1626 1301/1835/1627
f 1301/1835/1627 1307/1841/1626 1306/1840/580 1299/1833/579
f 1297/1829/254 687/944/253 688/945/1561 1298/1831/1628
f 1298/1831/1628 688/945/1561 686/943/325 1296/1827/583
f 1294/1825/526 1300/1834/558 1301/1835/1627 1295/1826/1629
f 1295/1826/1629 1301/1835/1627 1299/1833/579 1293/1824/530
f 1308/1842/554 1297/1830/254 1298/1832/1628 1310/1844/1624
f 1310/1844/1624 1298/1832/1628 1296/1828/583 1309/1843/577
f 1305/1839/521 1286/1812/520 1290/1820/1234 1307/1841/1626
f 1307/1841/1626 1290/1820/1234 1285/1811/585 1306/1840/580
f 1302/1836/575 1284/1810/574 1292/1823/1233 1304/1838/1625
f 1304/1838/1625 1292/1823/1233 1287/1813/549 1303/1837/552
f 1359/1910/559 1314/1848/560 1318/1856/1240 1364/1919/1243
f 1364/1920/1243 1318/1857/1240 1313/1847/572 1356/1907/571
f 1333/1878/565 1313/1847/572 1317/1855/1239 1334/1879/1630
f 1334/1879/1630 1317/1855/1239 1312/1846/511 1332/1877/510
f 1336/1881/311 1323/1862/311 1325/1866/1565 1337/1882/1565
f 1337/1882/1565 1325/1866/1565 1324/1864/247 1335/1880/247
f 1321/1860/564 1326/1868/564 1328/1870/1631 1322/1861/1631
f 1322/1861/1631 1328/1870/1631 1327/1869/350 1320/1859/350
f 1323/1863/311 717/982/311 718/983/1565 1325/1867/1565
f 1325/1867/1565 718/983/1565 716/981/247 1324/1865/247
f 1326/1868/564 1333/1878/565 1334/1879/1630 1328/1870/1631
f 1328/1870/1631 1334/1879/1630 1332/1877/510 1327/1869/350
f 1330/1873/305 1336/1881/311 1337/1882/1565 1331/1875/1632
f 1331/1875/1632 1337/1882/1565 1335/1880/247 1329/1871/249
f 1314/1848/560 1330/1874/305 1331/1876/1632 1319/1858/1238
f 1319/1858/1238 1331/1876/1632 1329/1872/249 1311/1845/523
f 1249/1761/540 1358/1909/541 1362/1916/1244 1254/1770/1224
f 1254/1771/1224 1362/1917/1244 1357/1908/562 1250/1762/561
f 1358/1909/541 1347/1895/539 1349/1899/306 1363/1918/1245
f 1363/1918/1245 1349/1899/306 1348/1897/306 1359/1910/559
f 1347/1896/539 1353/1904/538 1355/1906/306 1349/1900/306
f 1349/1900/306 1355/1906/306 1354/1905/306 1348/1898/306
f 1345/1893/515 1350/1901/515 1352/1903/563 1346/1894/563
f 1346/1894/563 1352/1903/563 1351/1902/515 1344/1892/563
f 1342/1888/308 738/1006/265 739/1007/306 1343/1890/306
f 1343/1890/306 739/1007/306 737/1005/306 1341/1886/306
f 1339/1884/515 1345/1893/515 1346/1894/563 1340/1885/563
f 1340/1885/563 1346/1894/563 1344/1892/563 1338/1883/563
f 1353/1904/538 1342/1889/308 1343/1891/306 1355/1906/306
f 1355/1906/306 1343/1891/306 1341/1887/306 1354/1905/306
f 1350/1901/515 1357/1908/562 1360/1911/1241 1352/1903/563
f 1352/1903/563 1360/1911/1241 1356/1907/571 1351/1902/515
f 1697/2433/286 1366/1922/570 1368/1924/1246 1698/2434/1482
f 1698/2435/1482 1368/1925/1246 1365/1921/601 1696/2432/12
f 1700/2437/29 1373/1934/604 1375/1936/1250 1701/2438/1483
f 1701/2439/1483 1375/1937/1250 1372/1933/757 1699/2436/1
f 1816/2580/590 1374/1935/589 1377/1941/1253 1821/2587/1349
f 1821/2588/1349 1377/1942/1253 1373/1934/604 1813/2577/603
f 1754/2501/675 1379/1945/208 1381/1947/1537 1755/2502/1537
f 1755/2503/1537 1381/1948/1537 1380/1946/607 1753/2500/607
f 1757/2505/618 1382/1949/617 1390/1962/1256 1758/2506/1633
f 1758/2506/1633 1390/1962/1256 1385/1952/698 1756/2504/672
f 122/129/6 1391/1963/5 1393/1965/1482 124/131/1482
f 124/132/1482 1393/1966/1482 1392/1964/12 123/130/12
f 125/133/29 1394/1967/29 1396/1969/1483 127/135/1483
f 127/136/1483 1396/1970/1483 1395/1968/2 126/134/588
f 1706/2445/157 1398/1972/668 1400/1976/1259 1707/2446/1486
f 1707/2447/1486 1400/1977/1259 1397/1971/595 1705/2444/16
f 1760/2508/598 1399/1974/600 1402/1981/1262 1761/2509/1634
f 1761/2510/1634 1402/1982/1262 1398/1973/668 1759/2507/697
f 1366/1922/570 1404/1985/569 1406/1987/1537 1370/1929/1249
f 1370/1930/1249 1406/1988/1537 1405/1986/607 1367/1923/759
f 1374/1935/589 1407/1991/592 1415/2004/1265 1378/1943/1252
f 1378/1944/1252 1415/2005/1265 1410/1994/758 1372/1933/757
f 160/194/162 1423/2018/162 1425/2020/1488 162/196/1489
f 162/197/1489 1425/2021/1488 1424/2019/4 161/195/7
f 1709/2449/610 1416/2006/612 1422/2016/1270 1710/2450/1635
f 1710/2451/1635 1422/2017/1270 1418/2008/587 1708/2448/1
f 1379/1945/208 1426/2022/208 1428/2025/1537 1381/1947/1537
f 1381/1948/1537 1428/2024/1537 1427/2023/607 1380/1946/607
f 1382/1949/617 1429/2026/669 1431/2029/1636 1386/1953/1254
f 1386/1954/1254 1431/2028/1636 1430/2027/593 1383/1950/594
f 1763/2512/648 1442/2044/684 1445/2047/1277 1764/2513/1637
f 1764/2513/1637 1445/2047/1277 1441/2043/622 1762/2511/624
f 1718/2463/127 1451/2058/661 1453/2060/1282 1719/2464/1493
f 1719/2464/1493 1453/2060/1282 1450/2057/613 1717/2462/115
f 1721/2466/42 1458/2069/680 1460/2071/1286 1722/2467/1494
f 1722/2467/1494 1460/2071/1286 1457/2068/713 1720/2465/226
f 1624/2320/656 1452/2059/655 1455/2064/1285 1628/2324/1319
f 1628/2325/1319 1455/2065/1285 1451/2058/661 1625/2321/660
f 1663/2379/671 1417/2007/670 1419/2009/1268 1668/2388/1090
f 1668/2389/1090 1419/2010/1268 1416/2006/612 1660/2376/611
f 1633/2334/729 1443/2045/728 1447/2052/1280 1637/2338/1324
f 1637/2339/1324 1447/2053/1280 1442/2044/684 1634/2335/683
f 1642/2348/650 1432/2030/649 1440/2041/1274 1646/2352/1329
f 1646/2353/1329 1440/2042/1274 1435/2033/812 1643/2349/811
f 1669/2390/130 1464/2079/133 1472/2089/1290 1673/2394/1084
f 1673/2395/1084 1472/2090/1290 1467/2082/731 1670/2391/730
f 1618/2309/172 1474/2092/171 1477/2095/1015 1623/2318/1042
f 1623/2319/1042 1477/2096/1015 1473/2091/633 1615/2306/632
f 1678/2404/664 1482/2103/663 1490/2113/1295 1682/2408/1079
f 1682/2409/1079 1490/2114/1295 1485/2106/140 1679/2405/139
f 1687/2418/216 1491/2115/217 1499/2125/1299 1691/2422/1076
f 1691/2423/1076 1499/2126/1299 1494/2118/638 1688/2419/637
f 1724/2469/76 1494/2118/638 1498/2124/1300 1725/2470/1574
f 1725/2470/1574 1498/2124/1300 1493/2117/690 1723/2468/66
f 1766/2515/141 1485/2106/140 1489/2112/1296 1767/2516/1638
f 1767/2516/1638 1489/2112/1296 1484/2105/726 1765/2514/678
f 1727/2472/64 1467/2082/731 1471/2088/1291 1728/2473/1572
f 1728/2473/1572 1471/2088/1291 1466/2081/688 1726/2471/192
f 1769/2518/132 1475/2093/707 1479/2099/1013 1770/2519/1496
f 1770/2519/1496 1479/2099/1013 1474/2092/171 1768/2517/639
f 1772/2521/92 1508/2140/643 1510/2142/1304 1773/2522/1639
f 1773/2523/1639 1510/2143/1304 1507/2139/619 1771/2520/621
f 1730/2475/642 1514/2151/641 1520/2161/1310 1731/2476/1500
f 1731/2477/1500 1520/2162/1310 1516/2153/699 1729/2474/620
f 1775/2527/700 1516/2153/699 1519/2159/1311 1776/2528/1499
f 1776/2529/1499 1519/2160/1311 1515/2152/723 1774/2526/88
f 1733/2479/685 1521/2163/722 1527/2173/1313 1734/2480/1502
f 1734/2481/1502 1527/2174/1313 1523/2165/693 1732/2478/636
f 1541/2193/715 1509/2141/721 1512/2147/1307 1542/2194/1640
f 1542/2196/1640 1512/2148/1307 1508/2140/643 1540/2192/175
f 1556/2218/614 1450/2057/613 1456/2066/1284 1557/2219/1641
f 1557/2220/1641 1456/2067/1284 1452/2059/655 1555/2217/57
f 1571/2240/185 1459/2070/629 1462/2075/1289 1572/2241/1642
f 1572/2242/1642 1462/2076/1289 1458/2069/680 1570/2239/679
f 1586/2260/90 1500/2127/687 1506/2137/1302 1587/2262/1643
f 1587/2261/1643 1506/2138/1302 1502/2129/635 1585/2259/634
f 1444/2046/720 1528/2175/719 1530/2177/1644 1449/2055/1279
f 1449/2056/1279 1530/2178/1644 1529/2176/623 1441/2043/622
f 1528/2175/719 1531/2179/718 1533/2181/1645 1530/2177/1644
f 1530/2178/1644 1533/2182/1645 1532/2180/177 1529/2176/623
f 1531/2179/718 1534/2183/717 1536/2185/1646 1533/2181/1645
f 1533/2182/1645 1536/2186/1646 1535/2184/176 1532/2180/177
f 1534/2183/717 1537/2187/716 1539/2189/1647 1536/2185/1646
f 1536/2186/1646 1539/2191/1647 1538/2188/174 1535/2184/176
f 1537/2187/716 1541/2193/715 1542/2195/1640 1539/2190/1647
f 1539/2191/1647 1542/2196/1640 1540/2192/175 1538/2188/174
f 1514/2151/641 1543/2197/640 1545/2199/1648 1517/2154/1308
f 1517/2155/1308 1545/2200/1648 1544/2198/87 1515/2152/723
f 1543/2197/640 1546/2203/659 1548/2205/1649 1545/2201/1648
f 1545/2202/1648 1548/2206/1649 1547/2204/129 1544/2198/87
f 1546/2203/659 1549/2209/658 1551/2211/1650 1548/2207/1649
f 1548/2208/1649 1551/2212/1650 1550/2210/128 1547/2204/129
f 1549/2209/658 1552/2213/657 1554/2215/1651 1551/2211/1650
f 1551/2212/1650 1554/2216/1651 1553/2214/82 1550/2210/128
f 1552/2213/657 1556/2218/614 1557/2219/1641 1554/2215/1651
f 1554/2216/1651 1557/2220/1641 1555/2217/57 1553/2214/82
f 1522/2164/190 1558/2221/182 1560/2223/1652 1526/2171/1314
f 1526/2172/1314 1560/2224/1652 1559/2222/694 1523/2165/693
f 1558/2221/182 1561/2227/646 1563/2229/1653 1560/2225/1652
f 1560/2226/1652 1563/2230/1653 1562/2228/710 1559/2222/694
f 1561/2227/646 1564/2231/183 1566/2233/1654 1563/2229/1653
f 1563/2230/1653 1566/2234/1654 1565/2232/711 1562/2228/710
f 1564/2231/183 1567/2235/184 1569/2237/1655 1566/2233/1654
f 1566/2234/1654 1569/2238/1655 1568/2236/712 1565/2232/711
f 1567/2235/184 1571/2240/185 1572/2241/1642 1569/2237/1655
f 1569/2238/1655 1572/2242/1642 1570/2239/679 1568/2236/712
f 1433/2031/692 1573/2243/682 1575/2245/1656 1438/2038/1275
f 1438/2039/1275 1575/2246/1656 1574/2244/626 1434/2032/625
f 1573/2243/682 1576/2247/102 1578/2249/1657 1575/2245/1656
f 1575/2246/1656 1578/2250/1657 1577/2248/644 1574/2244/626
f 1576/2247/102 1579/2251/103 1581/2253/1658 1578/2249/1657
f 1578/2250/1657 1581/2254/1658 1580/2252/651 1577/2248/644
f 1579/2251/103 1582/2255/681 1584/2257/1659 1581/2253/1658
f 1581/2254/1658 1584/2258/1659 1583/2256/652 1580/2252/651
f 1582/2255/681 1586/2260/90 1587/2262/1643 1584/2257/1659
f 1584/2258/1659 1587/2263/1643 1585/2259/634 1583/2256/652
f 1465/2080/239 1588/2264/240 1596/2276/1037 1470/2086/1010
f 1470/2087/1010 1596/2277/1037 1591/2267/689 1466/2081/688
f 1483/2104/709 1597/2278/708 1605/2290/1032 1488/2110/1000
f 1488/2111/1000 1605/2291/1032 1600/2281/727 1484/2105/726
f 1492/2116/78 1606/2292/81 1614/2304/1047 1497/2122/1159
f 1497/2123/1159 1614/2305/1047 1609/2295/691 1493/2117/690
f 1654/2365/167 1617/2308/166 1621/2315/1186 1659/2374/1336
f 1659/2375/1336 1621/2316/1186 1616/2307/704 1651/2362/703
f 1736/2483/69 1609/2295/691 1613/2303/1317 1737/2484/1660
f 1737/2484/1660 1613/2303/1317 1608/2294/666 1735/2482/147
f 1778/2533/80 1600/2281/727 1604/2289/1034 1779/2534/1526
f 1779/2534/1526 1604/2289/1034 1599/2280/164 1777/2532/143
f 1739/2486/193 1591/2267/689 1595/2275/1315 1740/2487/1661
f 1740/2487/1661 1595/2275/1315 1590/2266/653 1738/2485/111
f 1781/2536/173 1618/2309/172 1622/2317/1044 1782/2537/1662
f 1782/2537/1662 1622/2317/1044 1617/2308/166 1780/2535/151
f 1589/2265/150 1627/2323/153 1631/2331/1323 1594/2273/1041
f 1594/2274/1041 1631/2332/1323 1626/2322/654 1590/2266/653
f 1598/2279/706 1636/2337/705 1640/2345/1328 1603/2287/1036
f 1603/2288/1036 1640/2346/1328 1635/2336/165 1599/2280/164
f 1607/2293/142 1645/2351/677 1649/2359/1333 1612/2301/1051
f 1612/2302/1051 1649/2360/1333 1644/2350/667 1608/2294/666
f 1459/2070/629 1653/2364/628 1657/2371/1337 1463/2077/1288
f 1463/2078/1288 1657/2372/1337 1652/2363/714 1457/2068/713
f 1742/2489/148 1644/2350/667 1648/2358/1332 1743/2490/1527
f 1743/2490/1527 1648/2358/1332 1643/2349/811 1741/2488/223
f 1784/2539/144 1635/2336/165 1639/2344/1327 1785/2540/1663
f 1785/2540/1663 1639/2344/1327 1634/2335/683 1783/2538/647
f 1745/2492/112 1626/2322/654 1630/2330/1322 1746/2493/1664
f 1746/2493/1664 1630/2330/1322 1625/2321/660 1744/2491/124
f 1787/2542/152 1654/2365/167 1658/2373/1338 1788/2543/1665
f 1788/2543/1665 1658/2373/1338 1653/2364/628 1786/2541/631
f 1475/2093/707 1662/2378/134 1666/2385/1089 1480/2100/1011
f 1480/2101/1011 1666/2386/1089 1661/2377/725 1476/2094/724
f 1399/1974/600 1672/2393/599 1676/2401/1215 1403/1983/1261
f 1403/1984/1261 1676/2402/1215 1671/2392/596 1397/1971/595
f 1384/1951/702 1681/2407/701 1685/2415/1345 1389/1960/1258
f 1389/1961/1258 1685/2416/1345 1680/2406/22 1385/1952/698
f 1408/1992/674 1690/2421/673 1694/2429/1072 1413/2000/1266
f 1413/2001/1266 1694/2430/1072 1689/2420/756 1409/1993/755
f 1790/2545/205 1663/2379/671 1667/2387/1341 1791/2546/1666
f 1791/2546/1666 1667/2387/1341 1662/2378/134 1789/2544/665
f 1748/2495/17 1671/2392/596 1675/2400/1343 1749/2496/1667
f 1749/2496/1667 1675/2400/1343 1670/2391/730 1747/2494/63
f 1793/2548/341 1680/2406/22 1684/2414/1077 1794/2549/1531
f 1794/2549/1531 1684/2414/1077 1679/2405/139 1792/2547/662
f 1751/2498/41 1689/2420/756 1693/2428/1346 1752/2499/1668
f 1752/2499/1668 1693/2428/1346 1688/2419/637 1750/2497/75
f 1391/1963/5 1697/2433/286 1698/2434/1482 1393/1965/1482
f 1393/1966/1482 1698/2435/1482 1696/2432/12 1392/1964/12
f 1394/1967/29 1700/2437/29 1701/2438/1483 1396/1969/1483
f 1396/1970/1483 1701/2439/1483 1699/2436/1 1395/1968/2
f 1383/1950/594 1706/2445/157 1707/2446/1486 1388/1958/1257
f 1388/1959/1257 1707/2447/1486 1705/2444/16 1384/1951/702
f 1409/1993/755 1709/2449/610 1710/2450/1635 1414/2002/1267
f 1414/2003/1267 1710/2451/1635 1708/2448/1 1410/1994/758
f 1423/2018/162 1711/2452/615 1713/2455/1669 1425/2020/1488
f 1425/2021/1488 1713/2456/1669 1712/2454/568 1424/2019/4
f 1443/2045/728 1718/2463/127 1719/2464/1493 1448/2054/1281
f 1448/2054/1281 1719/2464/1493 1717/2462/115 1444/2046/720
f 1434/2032/625 1721/2466/42 1722/2467/1494 1439/2040/1276
f 1439/2040/1276 1722/2467/1494 1720/2465/226 1435/2033/812
f 1476/2094/724 1724/2469/76 1725/2470/1574 1481/2102/1293
f 1481/2102/1293 1725/2470/1574 1723/2468/66 1473/2091/633
f 1482/2103/663 1727/2472/64 1728/2473/1572 1486/2107/1294
f 1486/2107/1294 1728/2473/1572 1726/2471/192 1483/2104/709
f 1509/2141/721 1730/2475/642 1731/2476/1500 1513/2149/1306
f 1513/2150/1306 1731/2477/1500 1729/2474/620 1507/2139/619
f 1501/2128/686 1733/2479/685 1734/2480/1502 1505/2135/1303
f 1505/2136/1303 1734/2481/1502 1732/2478/636 1502/2129/635
f 1615/2306/632 1736/2483/69 1737/2484/1660 1619/2310/1318
f 1619/2310/1318 1737/2484/1660 1735/2482/147 1616/2307/704
f 1597/2278/708 1739/2486/193 1740/2487/1661 1601/2282/1316
f 1601/2282/1316 1740/2487/1661 1738/2485/111 1598/2279/706
f 1651/2362/703 1742/2489/148 1743/2490/1527 1655/2366/1334
f 1655/2366/1334 1743/2490/1527 1741/2488/223 1652/2363/714
f 1636/2337/705 1745/2492/112 1746/2493/1664 1641/2347/1326
f 1641/2347/1326 1746/2493/1664 1744/2491/124 1633/2334/729
f 1681/2407/701 1748/2495/17 1749/2496/1667 1686/2417/1344
f 1686/2417/1344 1749/2496/1667 1747/2494/63 1678/2404/664
f 1660/2376/611 1751/2498/41 1752/2499/1668 1664/2380/1339
f 1664/2380/1339 1752/2499/1668 1750/2497/75 1661/2377/725
f 1796/2551/676 1712/2454/568 1713/2456/1669 1797/2552/1670
f 1797/2553/1670 1713/2457/1669 1711/2453/615 1795/2550/597
f 1715/2459/207 1702/2440/207 1704/2442/1484 1716/2461/1484
f 1716/2460/1484 1704/2443/1484 1703/2441/597 1714/2458/597
f 1404/1985/569 1754/2501/675 1755/2502/1537 1406/1989/1537
f 1406/1990/1537 1755/2503/1537 1753/2500/607 1405/1986/607
f 1407/1991/592 1757/2505/618 1758/2506/1633 1411/1995/1263
f 1411/1995/1263 1758/2506/1633 1756/2504/672 1408/1992/674
f 1417/2007/670 1760/2508/598 1761/2509/1634 1421/2014/1271
f 1421/2015/1271 1761/2510/1634 1759/2507/697 1418/2008/587
f 1432/2030/649 1763/2512/648 1764/2513/1637 1436/2034/1272
f 1436/2034/1272 1764/2513/1637 1762/2511/624 1433/2031/692
f 1491/2115/217 1766/2515/141 1767/2516/1638 1495/2119/1297
f 1495/2119/1297 1767/2516/1638 1765/2514/678 1492/2116/78
f 1464/2079/133 1769/2518/132 1770/2519/1496 1468/2083/1009
f 1468/2083/1009 1770/2519/1496 1768/2517/639 1465/2080/239
f 1500/2127/687 1772/2521/92 1773/2524/1639 1503/2130/1030
f 1503/2131/1030 1773/2525/1639 1771/2520/621 1501/2128/686
f 1521/2163/722 1775/2527/700 1776/2530/1499 1524/2166/1018
f 1524/2167/1018 1776/2531/1499 1774/2526/88 1522/2164/190
f 1606/2292/81 1778/2533/80 1779/2534/1526 1610/2296/1050
f 1610/2296/1050 1779/2534/1526 1777/2532/143 1607/2293/142
f 1588/2264/240 1781/2536/173 1782/2537/1662 1592/2268/1040
f 1592/2268/1040 1782/2537/1662 1780/2535/151 1589/2265/150
f 1645/2351/677 1784/2539/144 1785/2540/1663 1650/2361/1331
f 1650/2361/1331 1785/2540/1663 1783/2538/647 1642/2348/650
f 1627/2323/153 1787/2542/152 1788/2543/1665 1632/2333/1321
f 1632/2333/1321 1788/2543/1665 1786/2541/631 1624/2320/656
f 1672/2393/599 1790/2545/205 1791/2546/1666 1677/2403/1342
f 1677/2403/1342 1791/2546/1666 1789/2544/665 1669/2390/130
f 1690/2421/673 1793/2548/341 1794/2549/1531 1695/2431/1075
f 1695/2431/1075 1794/2549/1531 1792/2547/662 1687/2418/216
f 1702/2440/207 1796/2551/676 1797/2552/1670 1704/2442/1484
f 1704/2443/1484 1797/2553/1670 1795/2550/597 1703/2441/597
f 560/770/246 1798/2554/246 1800/2556/1671 562/772/1489
f 562/773/1489 1800/2557/1671 1799/2555/162 561/771/163
f 1798/2554/246 1804/2562/899 1806/2565/1672 1800/2556/1671
f 1800/2557/1671 1806/2566/1672 1805/2563/616 1799/2555/162
f 1811/2574/597 1805/2564/616 1806/2567/1672 1812/2575/1673
f 1812/2576/1673 1806/2568/1672 1804/2562/899 1810/2573/732
f 1808/2570/597 1801/2558/597 1803/2560/1484 1809/2572/1484
f 1809/2571/1484 1803/2561/1484 1802/2559/732 1807/2569/732
f 1801/2558/597 1811/2574/597 1812/2575/1673 1803/2560/1484
f 1803/2561/1484 1812/2576/1673 1810/2573/732 1802/2559/732
f 1921/2710/739 1815/2579/740 1819/2584/1350 1925/2714/1367
f 1925/2715/1367 1819/2585/1350 1814/2578/903 1922/2711/902
f 1829/2596/734 1837/2604/606 1839/2606/1674 1830/2597/1674
f 1830/2597/1674 1839/2606/1674 1838/2605/591 1828/2595/591
f 1826/2593/33 1834/2601/255 1836/2603/1542 1827/2594/1542
f 1827/2594/1542 1836/2603/1542 1835/2602/28 1825/2592/28
f 1823/2590/606 1831/2598/606 1833/2600/1674 1824/2591/1674
f 1824/2591/1674 1833/2600/1674 1832/2599/591 1822/2589/591
f 1815/2579/740 1829/2596/734 1830/2597/1674 1820/2586/1351
f 1820/2586/1351 1830/2597/1674 1828/2595/591 1816/2580/590
f 584/805/33 1826/2593/33 1827/2594/1542 586/807/1542
f 586/807/1542 1827/2594/1542 1825/2592/28 585/806/28
f 1837/2604/606 1823/2590/606 1824/2591/1674 1839/2606/1674
f 1839/2606/1674 1824/2591/1674 1822/2589/591 1838/2605/591
f 1834/2601/255 1814/2578/903 1817/2581/1347 1836/2603/1542
f 1836/2603/1542 1817/2581/1347 1813/2577/603 1835/2602/28
f 1894/2678/777 1858/2631/776 1866/2645/1354 1898/2682/1362
f 1898/2683/1362 1866/2646/1354 1861/2634/789 1895/2679/788
f 1853/2624/783 1861/2634/789 1865/2643/1356 1854/2625/1675
f 1854/2626/1675 1865/2644/1356 1860/2633/916 1852/2623/323
f 1856/2628/781 1840/2607/787 1842/2609/1676 1857/2629/1677
f 1857/2630/1677 1842/2610/1676 1841/2608/745 1855/2627/750
f 605/829/270 1843/2611/269 1845/2613/1678 607/831/1547
f 607/832/1547 1845/2614/1678 1844/2612/322 606/830/517
f 1858/2631/776 1846/2615/779 1848/2617/1679 1862/2635/1352
f 1862/2636/1352 1848/2618/1679 1847/2616/749 1859/2632/753
f 1840/2607/787 1849/2619/786 1851/2622/1680 1842/2609/1676
f 1842/2610/1676 1851/2621/1680 1850/2620/746 1841/2608/745
f 1843/2611/269 1853/2624/783 1854/2625/1675 1845/2613/1678
f 1845/2614/1678 1854/2626/1675 1852/2623/323 1844/2612/322
f 1846/2615/779 1856/2628/781 1857/2629/1677 1848/2617/1679
f 1848/2618/1679 1857/2630/1677 1855/2627/750 1847/2616/749
f 1367/1923/759 1886/2666/760 1889/2669/1357 1371/1931/1248
f 1371/1932/1248 1889/2670/1357 1885/2665/602 1365/1921/601
f 1874/2654/696 1882/2662/695 1884/2664/1681 1875/2655/1682
f 1875/2655/1682 1884/2664/1681 1883/2663/741 1873/2653/763
f 1871/2651/13 1879/2659/14 1881/2661/1683 1872/2652/1553
f 1872/2652/1553 1881/2661/1683 1880/2660/765 1870/2650/260
f 1868/2648/608 1876/2656/609 1878/2658/1684 1869/2649/1685
f 1869/2649/1685 1878/2658/1684 1877/2657/738 1867/2647/742
f 1886/2666/760 1874/2654/696 1875/2655/1682 1891/2674/1360
f 1891/2674/1360 1875/2655/1682 1873/2653/763 1887/2667/762
f 635/877/13 1871/2651/13 1872/2652/1553 637/879/1556
f 637/879/1556 1872/2652/1553 1870/2650/260 636/878/259
f 1882/2662/695 1868/2648/608 1869/2649/1685 1884/2664/1681
f 1884/2664/1681 1869/2649/1685 1867/2647/742 1883/2663/741
f 1879/2659/14 1885/2665/602 1893/2677/1359 1881/2661/1683
f 1881/2661/1683 1893/2677/1359 1888/2668/932 1880/2660/765
f 1887/2667/762 1897/2681/761 1901/2689/1366 1892/2675/1361
f 1892/2676/1361 1901/2690/1366 1896/2680/933 1888/2668/932
f 1910/2699/764 1918/2707/744 1920/2709/1686 1911/2700/1687
f 1911/2700/1687 1920/2709/1686 1919/2708/780 1909/2698/778
f 1907/2696/261 1915/2704/766 1917/2706/1688 1908/2697/1689
f 1908/2697/1689 1917/2706/1688 1916/2705/782 1906/2695/268
f 1904/2693/743 1912/2701/737 1914/2703/1690 1905/2694/1691
f 1905/2694/1691 1914/2703/1690 1913/2702/785 1903/2692/784
f 674/928/262 1907/2696/261 1908/2697/1689 676/930/1563
f 676/930/1563 1908/2697/1689 1906/2695/268 675/929/267
f 1918/2707/744 1904/2693/743 1905/2694/1691 1920/2709/1686
f 1920/2709/1686 1905/2694/1691 1903/2692/784 1919/2708/780
f 1915/2704/766 1896/2680/933 1900/2688/1365 1917/2706/1688
f 1917/2706/1688 1900/2688/1365 1895/2679/788 1916/2705/782
f 1909/2698/778 1894/2678/777 1902/2691/1364 1911/2700/1687
f 1911/2700/1687 1902/2691/1364 1897/2681/761 1910/2699/764
f 1969/2763/767 1924/2713/770 1928/2721/1371 1974/2772/1374
f 1974/2773/1374 1928/2722/1371 1923/2712/775 1966/2760/774
f 1943/2737/312 1923/2712/775 1927/2720/1370 1944/2738/1692
f 1944/2738/1692 1927/2720/1370 1922/2711/902 1942/2736/256
f 1946/2740/773 1930/2724/773 1932/2726/1693 1947/2741/1693
f 1947/2741/1693 1932/2726/1693 1931/2725/605 1945/2739/605
f 704/966/310 1933/2727/310 1935/2729/1564 706/968/1564
f 706/968/1564 1935/2729/1564 1934/2728/32 705/967/32
f 1930/2724/773 1939/2733/773 1941/2735/1693 1932/2726/1693
f 1932/2726/1693 1941/2735/1693 1940/2734/605 1931/2725/605
f 1933/2727/310 1943/2737/312 1944/2738/1692 1935/2729/1564
f 1935/2729/1564 1944/2738/1692 1942/2736/256 1934/2728/32
f 1937/2731/769 1946/2740/773 1947/2741/1693 1938/2732/1694
f 1938/2732/1694 1947/2741/1693 1945/2739/605 1936/2730/733
f 1924/2713/770 1937/2731/769 1938/2732/1694 1929/2723/1369
f 1929/2723/1369 1938/2732/1694 1936/2730/733 1921/2710/739
f 1859/2632/753 1968/2762/754 1972/2769/1375 1864/2641/1355
f 1864/2642/1355 1972/2770/1375 1967/2761/917 1860/2633/916
f 1968/2762/754 1954/2748/752 1956/2750/768 1973/2771/1376
f 1973/2771/1376 1956/2750/768 1955/2749/768 1969/2763/767
f 1954/2748/752 1963/2757/751 1965/2759/768 1956/2750/768
f 1956/2750/768 1965/2759/768 1964/2758/768 1955/2749/768
f 1952/2746/313 1960/2754/313 1962/2756/309 1953/2747/309
f 1953/2747/309 1962/2756/309 1961/2755/313 1951/2745/309
f 1949/2743/748 1957/2751/747 1959/2753/768 1950/2744/768
f 1950/2744/768 1959/2753/768 1958/2752/768 1948/2742/768
f 725/990/313 1952/2746/313 1953/2747/309 727/992/309
f 727/992/309 1953/2747/309 1951/2745/309 726/991/309
f 1963/2757/751 1949/2743/748 1950/2744/768 1965/2759/768
f 1965/2759/768 1950/2744/768 1948/2742/768 1964/2758/768
f 1960/2754/313 1967/2761/917 1970/2764/1372 1962/2756/309
f 1962/2756/309 1970/2764/1372 1966/2760/774 1961/2755/313
f 2301/3288/336 1975/2774/801 1981/2784/1379 2302/3289/1489
f 2302/3290/1489 1981/2785/1379 1977/2776/938 2300/3287/544
f 2304/3292/328 1982/2786/924 1988/2796/1383 2305/3293/1567
f 2305/3294/1567 1988/2797/1383 1984/2788/802 2303/3291/345
f 2411/3424/803 1984/2788/802 1987/2794/1384 2415/3428/1452
f 2415/3429/1452 1987/2795/1384 1983/2787/790 2412/3425/792
f 2355/3352/607 1989/2798/607 1991/2801/1537 2356/3353/1537
f 2356/3354/1537 1991/2803/1537 1990/2800/208 2354/3351/675
f 2358/3356/875 1992/2804/874 2000/2820/1385 2359/3357/1633
f 2359/3357/1633 2000/2820/1385 1995/2807/617 2357/3355/618
f 762/1040/336 2001/2821/336 2003/2823/1489 764/1042/1489
f 764/1043/1489 2003/2824/1489 2002/2822/332 763/1041/7
f 765/1044/546 2004/2825/330 2006/2827/1567 767/1046/1567
f 767/1047/1567 2006/2828/1567 2005/2826/345 766/1045/345
f 2310/3300/38 2007/2829/793 2013/2841/1388 2311/3301/1490
f 2311/3302/1490 2013/2842/1388 2009/2831/853 2309/3299/474
f 2361/3359/697 2009/2832/853 2012/2839/1389 2362/3360/1634
f 2362/3361/1634 2012/2840/1389 2008/2830/796 2360/3358/598
f 1976/2775/926 2014/2843/607 2016/2845/1537 1980/2782/1380
f 1980/2783/1380 2016/2846/1537 2015/2844/569 1977/2776/938
f 1982/2786/924 2017/2849/925 2025/2864/1390 1985/2789/1381
f 1985/2790/1381 2025/2865/1390 2020/2852/791 1983/2787/790
f 800/1105/6 2033/2878/331 2035/2880/1568 802/1107/1482
f 802/1108/1482 2035/2881/1568 2034/2879/442 801/1106/442
f 2313/3304/328 2027/2867/545 2029/2869/1259 2314/3305/1486
f 2314/3306/1486 2029/2870/1259 2026/2866/595 2312/3303/16
f 1989/2799/607 1427/2023/607 1428/2024/1537 1991/2802/1537
f 1991/2803/1537 1428/2025/1537 1426/2022/208 1990/2800/208
f 1994/2806/873 1430/2027/593 1431/2028/1636 1999/2818/1386
f 1999/2819/1386 1431/2029/1636 1429/2026/669 1995/2808/617
f 2364/3363/624 2045/2895/816 2053/2908/1401 2365/3364/1637
f 2365/3364/1637 2053/2908/1401 2048/2898/818 2363/3362/648
f 2319/3314/362 2054/2909/841 2060/2919/1406 2320/3315/1570
f 2320/3315/1570 2060/2919/1406 2056/2911/893 2318/3313/420
f 2322/3317/354 2061/2920/886 2067/2930/1410 2323/3318/1571
f 2323/3318/1571 2067/2930/1410 2063/2922/806 2321/3316/375
f 2231/3178/892 2056/2911/893 2059/2917/1407 2236/3187/1433
f 2236/3188/1433 2059/2918/1407 2055/2910/861 2228/3175/860
f 2264/3231/596 2026/2866/595 2032/2876/1392 2268/3235/1215
f 2268/3236/1215 2032/2877/1392 2028/2868/854 2265/3232/855
f 2240/3192/817 2048/2898/818 2052/2906/1403 2245/3201/1437
f 2245/3202/1437 2052/2907/1403 2047/2897/847 2237/3189/846
f 2249/3206/804 2037/2883/805 2040/2886/1394 2254/3215/1441
f 2254/3216/1441 2040/2887/1394 2036/2882/864 2246/3203/863
f 2276/3248/819 2069/2932/724 2072/2935/1011 2281/3257/1089
f 2281/3258/1089 2072/2936/1011 2068/2931/425 2273/3245/424
f 2219/3161/820 2077/2943/688 2085/2953/1413 2223/3165/1037
f 2223/3166/1037 2085/2954/1413 2080/2946/450 2220/3162/449
f 2285/3262/431 2087/2956/430 2090/2959/1004 2290/3271/1076
f 2290/3272/1076 2090/2960/1004 2086/2955/638 2282/3259/849
f 2294/3276/824 2096/2968/663 2099/2971/996 2299/3285/1079
f 2299/3286/1079 2099/2972/996 2095/2967/848 2291/3273/483
f 2325/3320/192 2097/2969/868 2101/2975/1294 2326/3321/1695
f 2326/3321/1695 2101/2975/1294 2096/2968/663 2324/3319/385
f 2367/3366/678 2088/2957/448 2092/2963/1157 2368/3367/1498
f 2368/3367/1498 2092/2963/1157 2087/2956/430 2366/3365/141
f 2328/3323/66 2070/2933/867 2074/2939/1293 2329/3324/1696
f 2329/3324/1696 2074/2939/1293 2069/2932/724 2327/3322/428
f 2370/3369/639 2080/2946/450 2084/2952/1414 2371/3370/1496
f 2371/3370/1496 2084/2952/1414 2079/2945/426 2369/3368/132
f 2373/3372/814 2111/2991/813 2117/3001/1420 2374/3373/1577
f 2374/3374/1577 2117/3002/1420 2113/2993/828 2372/3371/92
f 2331/3326/815 2119/3004/878 2121/3006/1422 2332/3327/1576
f 2332/3328/1576 2121/3007/1422 2118/3003/827 2330/3325/826
f 2376/3378/88 2120/3005/896 2123/3011/1425 2377/3379/1697
f 2377/3380/1697 2123/3012/1425 2119/3004/878 2375/3377/877
f 2334/3330/822 2126/3016/872 2128/3018/1426 2335/3331/1578
f 2335/3332/1578 2128/3019/1426 2125/3015/895 2333/3329/866
f 2145/3046/451 2113/2993/828 2116/2999/1421 2146/3047/1698
f 2146/3048/1698 2116/3000/1421 2112/2992/894 2144/3045/888
f 2160/3072/859 2055/2910/861 2057/2912/1404 2161/3073/1699
f 2161/3074/1699 2057/2913/1404 2054/2909/841 2159/3071/842
f 2175/3094/807 2063/2922/806 2066/2928/1411 2176/3095/1700
f 2176/3096/1700 2066/2929/1411 2062/2921/831 2174/3093/835
f 2190/3114/821 2105/2980/823 2107/2982/1415 2191/3115/1701
f 2191/3116/1701 2107/2983/1415 2104/2979/396 2189/3113/395
f 2045/2895/816 2132/3027/455 2134/3029/1702 2049/2899/1399
f 2049/2900/1399 2134/3030/1702 2133/3028/891 2046/2896/898
f 2132/3027/455 2135/3031/454 2137/3033/1703 2134/3029/1702
f 2134/3030/1702 2137/3034/1703 2136/3032/890 2133/3028/891
f 2135/3031/454 2138/3035/453 2140/3037/1704 2137/3033/1703
f 2137/3034/1703 2140/3038/1704 2139/3036/889 2136/3032/890
f 2138/3035/453 2141/3039/452 2143/3041/1705 2140/3037/1704
f 2140/3038/1704 2143/3042/1705 2142/3040/887 2139/3036/889
f 2141/3039/452 2145/3046/451 2146/3049/1698 2143/3043/1705
f 2143/3044/1705 2146/3050/1698 2144/3045/888 2142/3040/887
f 2120/3005/896 2147/3051/393 2149/3053/1706 2124/3013/1424
f 2124/3014/1424 2149/3054/1706 2148/3052/825 2118/3003/827
f 2147/3051/393 2150/3057/423 2152/3059/1707 2149/3055/1706
f 2149/3056/1706 2152/3060/1707 2151/3058/845 2148/3052/825
f 2150/3057/423 2153/3063/422 2155/3065/1708 2152/3061/1707
f 2152/3062/1707 2155/3066/1708 2154/3064/844 2151/3058/845
f 2153/3063/422 2156/3067/388 2158/3069/1709 2155/3065/1708
f 2155/3066/1708 2158/3070/1709 2157/3068/843 2154/3064/844
f 2156/3067/388 2160/3072/859 2161/3073/1699 2158/3069/1709
f 2158/3070/1709 2161/3074/1699 2159/3071/842 2157/3068/843
f 2126/3016/872 2162/3075/871 2164/3077/1710 2130/3023/1428
f 2130/3024/1428 2164/3078/1710 2163/3076/458 2127/3017/829
f 2162/3075/871 2165/3081/882 2167/3083/1711 2164/3079/1710
f 2164/3080/1710 2167/3084/1711 2166/3082/836 2163/3076/458
f 2165/3081/882 2168/3085/883 2170/3087/1712 2167/3083/1711
f 2167/3084/1711 2170/3088/1712 2169/3086/460 2166/3082/836
f 2168/3085/883 2171/3089/884 2173/3091/1713 2170/3087/1712
f 2170/3088/1712 2173/3092/1713 2172/3090/461 2169/3086/460
f 2171/3089/884 2175/3094/807 2176/3095/1700 2173/3091/1713
f 2173/3092/1713 2176/3096/1700 2174/3093/835 2172/3090/461
f 2038/2884/837 2177/3097/832 2179/3099/1714 2043/2892/1398
f 2043/2893/1398 2179/3100/1714 2178/3098/397 2039/2885/870
f 2177/3097/832 2180/3101/834 2182/3103/1715 2179/3099/1714
f 2179/3100/1714 2182/3104/1715 2181/3102/400 2178/3098/397
f 2180/3101/834 2183/3105/838 2185/3107/1716 2182/3103/1715
f 2182/3104/1715 2185/3108/1716 2184/3106/401 2181/3102/400
f 2183/3105/838 2186/3109/839 2188/3111/1717 2185/3107/1716
f 2185/3108/1716 2188/3112/1717 2187/3110/862 2184/3106/401
f 2186/3109/839 2190/3114/821 2191/3117/1701 2188/3111/1717
f 2188/3112/1717 2191/3118/1701 2189/3113/395 2187/3110/862
f 2070/2933/867 2193/3120/632 2196/3123/1042 2075/2940/1015
f 2075/2941/1015 2196/3124/1042 2192/3119/858 2071/2934/857
f 2088/2957/448 2202/3134/447 2205/3137/1047 2093/2964/1159
f 2093/2965/1159 2205/3138/1047 2201/3133/881 2089/2958/690
f 2097/2969/868 2211/3148/869 2214/3151/1032 2102/2976/1000
f 2102/2977/1000 2214/3152/1032 2210/3147/387 2098/2970/386
f 2255/3217/880 2222/3164/653 2226/3172/1189 2259/3221/1323
f 2259/3222/1323 2226/3173/1189 2221/3163/446 2256/3218/850
f 2337/3334/111 2212/3149/851 2216/3157/1316 2338/3335/1661
f 2338/3335/1661 2216/3157/1316 2211/3148/869 2336/3333/378
f 2379/3384/143 2203/3135/444 2207/3143/1183 2380/3385/1526
f 2380/3385/1526 2207/3143/1183 2202/3134/447 2378/3383/80
f 2340/3337/147 2194/3121/704 2198/3129/1429 2341/3338/1718
f 2341/3338/1718 2198/3129/1429 2193/3120/632 2339/3336/469
f 2382/3387/151 2221/3163/446 2225/3171/1188 2383/3388/1524
f 2383/3388/1524 2225/3171/1188 2220/3162/449 2381/3386/173
f 2194/3121/704 2230/3177/840 2234/3184/1336 2199/3130/1186
f 2199/3131/1186 2234/3185/1336 2229/3176/435 2195/3122/434
f 2203/3135/444 2239/3191/443 2243/3198/1333 2208/3144/1184
f 2208/3145/1184 2243/3199/1333 2238/3190/667 2204/3136/666
f 2212/3149/851 2248/3205/852 2252/3212/1442 2217/3158/1430
f 2217/3159/1430 2252/3213/1442 2247/3204/433 2213/3150/432
f 2061/2920/886 2258/3220/885 2262/3228/1446 2064/2923/1408
f 2064/2924/1408 2262/3229/1446 2257/3219/830 2062/2921/831
f 2343/3340/355 2249/3206/804 2253/3214/1443 2344/3341/1601
f 2344/3341/1601 2253/3214/1443 2248/3205/852 2342/3339/112
f 2385/3390/647 2240/3192/817 2244/3200/1438 2386/3391/1719
f 2386/3391/1719 2244/3200/1438 2239/3191/443 2384/3389/144
f 2346/3343/421 2231/3178/892 2235/3186/1434 2347/3344/1720
f 2347/3344/1720 2235/3186/1434 2230/3177/840 2345/3342/148
f 2388/3393/631 2257/3219/830 2261/3227/1445 2389/3394/1721
f 2389/3394/1721 2261/3227/1445 2256/3218/850 2387/3392/152
f 2078/2944/897 2267/3234/730 2271/3242/1084 2083/2950/1006
f 2083/2951/1006 2271/3243/1084 2266/3233/427 2079/2945/426
f 2007/2829/793 2275/3247/794 2279/3254/1090 2010/2833/1387
f 2010/2834/1387 2279/3255/1090 2274/3246/477 2008/2830/796
f 1992/2804/874 2284/3261/876 2288/3268/1448 1996/2809/1266
f 1996/2810/1266 2288/3269/1448 2283/3260/756 1993/2805/879
f 2018/2850/702 2293/3275/701 2297/3282/1080 2023/2860/1258
f 2023/2861/1258 2297/3283/1080 2292/3274/901 2019/2851/900
f 2391/3396/665 2266/3233/427 2270/3241/1214 2392/3397/1533
f 2392/3397/1533 2270/3241/1214 2265/3232/855 2390/3395/797
f 2349/3346/75 2276/3248/819 2280/3256/1339 2350/3347/1722
f 2350/3347/1722 2280/3256/1339 2275/3247/794 2348/3345/41
f 2394/3399/662 2285/3262/431 2289/3270/1449 2395/3400/1531
f 2395/3400/1531 2289/3270/1449 2284/3261/876 2393/3398/341
f 2352/3349/63 2294/3276/824 2298/3284/1451 2353/3350/1723
f 2353/3350/1723 2298/3284/1451 2293/3275/701 2351/3348/17
f 2001/2821/336 2301/3288/336 2302/3289/1489 2003/2823/1489
f 2003/2824/1489 2302/3290/1489 2300/3287/544 2002/2822/332
f 2004/2825/330 2304/3292/328 2305/3293/1567 2006/2827/1567
f 2006/2828/1567 2305/3294/1567 2303/3291/345 2005/2826/345
f 1993/2805/879 2310/3300/38 2311/3301/1490 1998/2815/1267
f 1998/2816/1267 2311/3302/1490 2309/3299/474 1994/2806/873
f 2017/2849/925 2313/3304/328 2314/3305/1486 2021/2854/1257
f 2021/2855/1257 2314/3306/1486 2312/3303/16 2018/2850/702
f 2033/2878/331 2315/3307/856 2317/3312/1724 2035/2880/1568
f 2035/2881/1568 2317/3310/1724 2316/3308/809 2034/2879/442
f 2046/2896/898 2319/3314/362 2320/3315/1570 2051/2905/1402
f 2051/2905/1402 2320/3315/1570 2318/3313/420 2047/2897/847
f 2037/2883/805 2322/3317/354 2323/3318/1571 2042/2891/1397
f 2042/2891/1397 2323/3318/1571 2321/3316/375 2038/2884/837
f 2077/2943/688 2325/3320/192 2326/3321/1695 2081/2947/1291
f 2081/2947/1291 2326/3321/1695 2324/3319/385 2078/2944/897
f 2089/2958/690 2328/3323/66 2329/3324/1696 2094/2966/1300
f 2094/2966/1300 2329/3324/1696 2327/3322/428 2086/2955/638
f 2111/2991/813 2331/3326/815 2332/3327/1576 2114/2994/1418
f 2114/2995/1418 2332/3328/1576 2330/3325/826 2112/2992/894
f 2105/2980/823 2334/3330/822 2335/3331/1578 2109/2987/1417
f 2109/2988/1417 2335/3332/1578 2333/3329/866 2106/2981/865
f 2222/3164/653 2337/3334/111 2338/3335/1661 2227/3174/1431
f 2227/3174/1431 2338/3335/1661 2336/3333/378 2219/3161/820
f 2204/3136/666 2340/3337/147 2341/3338/1718 2209/3146/1317
f 2209/3146/1317 2341/3338/1718 2339/3336/469 2201/3133/881
f 2258/3220/885 2343/3340/355 2344/3341/1601 2263/3230/1444
f 2263/3230/1444 2344/3341/1601 2342/3339/112 2255/3217/880
f 2237/3189/846 2346/3343/421 2347/3344/1720 2241/3193/1435
f 2241/3193/1435 2347/3344/1720 2345/3342/148 2238/3190/667
f 2282/3259/849 2349/3346/75 2350/3347/1722 2286/3263/1346
f 2286/3263/1346 2350/3347/1722 2348/3345/41 2283/3260/756
f 2267/3234/730 2352/3349/63 2353/3350/1723 2272/3244/1447
f 2272/3244/1447 2353/3350/1723 2351/3348/17 2264/3231/596
f 2397/3402/597 2316/3309/809 2317/3311/1724 2398/3403/1670
f 2398/3404/1670 2317/3312/1724 2315/3307/856 2396/3401/676
f 1714/2458/597 2306/3295/597 2308/3297/1484 1716/2460/1484
f 1716/2461/1484 2308/3298/1484 2307/3296/207 1715/2459/207
f 2014/2843/607 2355/3352/607 2356/3353/1537 2016/2847/1537
f 2016/2848/1537 2356/3354/1537 2354/3351/675 2015/2844/569
f 2019/2851/900 2358/3356/875 2359/3357/1633 2024/2863/1391
f 2024/2863/1391 2359/3357/1633 2357/3355/618 2020/2853/791
f 2027/2867/545 2361/3359/697 2362/3360/1634 2031/2874/1393
f 2031/2875/1393 2362/3361/1634 2360/3358/598 2028/2868/854
f 2039/2885/870 2364/3363/624 2365/3364/1637 2044/2894/1396
f 2044/2894/1396 2365/3364/1637 2363/3362/648 2036/2882/864
f 2098/2970/386 2367/3366/678 2368/3367/1498 2103/2978/1161
f 2103/2978/1161 2368/3367/1498 2366/3365/141 2095/2967/848
f 2071/2934/857 2370/3369/639 2371/3370/1496 2076/2942/1412
f 2076/2942/1412 2371/3370/1496 2369/3368/132 2068/2931/425
f 2106/2981/865 2373/3372/814 2374/3375/1577 2110/2989/1179
f 2110/2990/1179 2374/3376/1577 2372/3371/92 2104/2979/396
f 2127/3017/829 2376/3378/88 2377/3381/1697 2131/3025/1167
f 2131/3026/1167 2377/3382/1697 2375/3377/877 2125/3015/895
f 2213/3150/432 2379/3384/143 2380/3385/1526 2218/3160/1191
f 2218/3160/1191 2380/3385/1526 2378/3383/80 2210/3147/387
f 2195/3122/434 2382/3387/151 2383/3388/1524 2200/3132/1187
f 2200/3132/1187 2383/3388/1524 2381/3386/173 2192/3119/858
f 2246/3203/863 2385/3390/647 2386/3391/1719 2250/3207/1439
f 2250/3207/1439 2386/3391/1719 2384/3389/144 2247/3204/433
f 2228/3175/860 2388/3393/631 2389/3394/1721 2232/3179/1432
f 2232/3179/1432 2389/3394/1721 2387/3392/152 2229/3176/435
f 2273/3245/424 2391/3396/665 2392/3397/1533 2277/3249/1212
f 2277/3249/1212 2392/3397/1533 2390/3395/797 2274/3246/477
f 2291/3273/483 2394/3399/662 2395/3400/1531 2295/3277/1450
f 2295/3277/1450 2395/3400/1531 2393/3398/341 2292/3274/901
f 2306/3295/597 2397/3402/597 2398/3403/1670 2308/3297/1484
f 2308/3298/1484 2398/3404/1670 2396/3401/676 2307/3296/207
f 1191/1675/442 2399/3405/442 2401/3407/1725 1193/1677/1482
f 1193/1678/1482 2401/3408/1725 2400/3406/340 1192/1676/340
f 2399/3405/442 2406/3414/810 2407/3416/1726 2401/3407/1725
f 2401/3408/1725 2407/3417/1726 2405/3413/795 2400/3406/340
f 2409/3421/732 2405/3413/795 2407/3418/1726 2410/3422/1673
f 2410/3423/1673 2407/3419/1726 2406/3415/810 2408/3420/597
f 1807/2569/732 2402/3409/732 2404/3411/1484 1809/2571/1484
f 1809/2572/1484 2404/3412/1484 2403/3410/597 1808/2570/597
f 2402/3409/732 2409/3421/732 2410/3422/1673 2404/3411/1484
f 2404/3412/1484 2410/3423/1673 2408/3420/597 2403/3410/597
f 2510/3565/905 2414/3427/904 2418/3433/1456 2515/3574/1474
f 2515/3575/1474 2418/3434/1456 2413/3426/913 2507/3562/912
f 2427/3447/591 2432/3454/591 2434/3456/1674 2428/3449/1674
f 2428/3449/1674 2434/3456/1674 2433/3455/606 2426/3445/734
f 2424/3443/344 2429/3451/344 2431/3453/1611 2425/3444/1611
f 2425/3444/1611 2431/3453/1611 2430/3452/513 2423/3442/522
f 2421/3438/591 1832/2599/591 1833/2600/1674 2422/3440/1674
f 2422/3440/1674 1833/2600/1674 1831/2598/606 2420/3436/606
f 2412/3425/792 2427/3448/591 2428/3450/1674 2417/3432/1455
f 2417/3432/1455 2428/3450/1674 2426/3446/734 2413/3426/913
f 1212/1706/344 2424/3443/344 2425/3444/1611 1214/1708/1611
f 1214/1708/1611 2425/3444/1611 2423/3442/522 1213/1707/351
f 2432/3454/591 2421/3439/591 2422/3441/1674 2434/3456/1674
f 2434/3456/1674 2422/3441/1674 2420/3437/606 2433/3455/606
f 2429/3451/344 2411/3424/803 2419/3435/1454 2431/3453/1611
f 2431/3453/1611 2419/3435/1454 2414/3427/904 2430/3452/513
f 2486/3533/950 2451/3484/949 2454/3487/1457 2491/3542/1469
f 2491/3543/1469 2454/3488/1457 2450/3483/920 2483/3530/923
f 2445/3476/529 2452/3485/937 2456/3493/1460 2446/3477/1727
f 2446/3478/1727 2456/3494/1460 2451/3484/949 2444/3475/945
f 2448/3480/906 2435/3457/771 2437/3461/1728 2449/3481/1729
f 2449/3482/1729 2437/3462/1728 2436/3459/948 2447/3479/941
f 1230/1730/514 2438/3465/516 2440/3467/1730 1232/1732/1616
f 1232/1733/1616 2440/3468/1730 2439/3466/532 1231/1731/531
f 2453/3486/943 2441/3469/918 2443/3472/1731 2458/3497/1459
f 2458/3498/1459 2443/3474/1731 2442/3471/921 2450/3483/920
f 2435/3458/771 1850/2620/746 1851/2621/1680 2437/3463/1728
f 2437/3464/1728 1851/2622/1680 1849/2619/786 2436/3460/948
f 2438/3465/516 2445/3476/529 2446/3477/1727 2440/3467/1730
f 2440/3468/1730 2446/3478/1727 2444/3475/945 2439/3466/532
f 2441/3470/918 2448/3480/906 2449/3481/1729 2443/3473/1731
f 2443/3474/1731 2449/3482/1729 2447/3479/941 2442/3471/921
f 1975/2774/801 2474/3517/800 2482/3528/1464 1978/2777/1377
f 1978/2778/1377 2482/3529/1464 2477/3520/927 1976/2775/926
f 2466/3509/930 2471/3514/914 2473/3516/1732 2467/3510/1733
f 2467/3510/1733 2473/3516/1732 2472/3515/695 2465/3508/696
f 2463/3506/528 2468/3511/908 2470/3513/1734 2464/3507/1621
f 2464/3507/1621 2470/3513/1734 2469/3512/337 2462/3505/338
f 2460/3501/735 1877/2657/738 1878/2658/1684 2461/3503/1735
f 2461/3503/1735 1878/2658/1684 1876/2656/609 2459/3499/608
f 2476/3519/931 2466/3509/930 2467/3510/1733 2481/3527/1466
f 2481/3527/1466 2467/3510/1733 2465/3508/696 2477/3520/927
f 1257/1776/525 2463/3506/528 2464/3507/1621 1259/1778/1623
f 1259/1778/1623 2464/3507/1621 2462/3505/338 1258/1777/338
f 2471/3514/914 2460/3502/735 2461/3504/1735 2473/3516/1732
f 2473/3516/1732 2461/3504/1735 2459/3500/608 2472/3515/695
f 2468/3511/908 2475/3518/911 2478/3521/1462 2470/3513/1734
f 2470/3513/1734 2478/3521/1462 2474/3517/800 2469/3512/337
f 2475/3518/911 2485/3532/910 2489/3539/1470 2480/3525/1465
f 2480/3526/1465 2489/3540/1470 2484/3531/928 2476/3519/931
f 2499/3554/922 2504/3559/942 2506/3561/1736 2500/3555/1737
f 2500/3555/1737 2506/3561/1736 2505/3560/915 2498/3553/929
f 2496/3551/533 2501/3556/946 2503/3558/1738 2497/3552/1739
f 2497/3552/1739 2503/3558/1738 2502/3557/909 2495/3550/527
f 2493/3546/947 1913/2702/785 1914/2703/1690 2494/3548/1740
f 2494/3548/1740 1914/2703/1690 1912/2701/737 2492/3544/736
f 1293/1824/530 2496/3551/533 2497/3552/1739 1295/1826/1629
f 1295/1826/1629 2497/3552/1739 2495/3550/527 1294/1825/526
f 2504/3559/942 2493/3547/947 2494/3549/1740 2506/3561/1736
f 2506/3561/1736 2494/3549/1740 2492/3545/736 2505/3560/915
f 2501/3556/946 2486/3533/950 2490/3541/1471 2503/3558/1738
f 2503/3558/1738 2490/3541/1471 2485/3532/910 2502/3557/909
f 2498/3553/929 2484/3531/928 2487/3534/1467 2500/3555/1737
f 2500/3555/1737 2487/3534/1467 2483/3530/923 2499/3554/922
f 2546/3618/940 2509/3564/939 2513/3571/1475 2550/3622/1477
f 2550/3623/1477 2513/3572/1475 2508/3563/935 2547/3619/934
f 2526/3592/510 2510/3565/905 2514/3573/1476 2527/3593/1631
f 2527/3593/1631 2514/3573/1476 2509/3564/939 2525/3591/565
f 2529/3595/605 2516/3576/605 2518/3580/1693 2530/3596/1693
f 2530/3596/1693 2518/3580/1693 2517/3578/773 2528/3594/773
f 1320/1859/350 2519/3582/350 2521/3584/1631 1322/1861/1631
f 1322/1861/1631 2521/3584/1631 2520/3583/564 1321/1860/564
f 2516/3577/605 1940/2734/605 1941/2735/1693 2518/3581/1693
f 2518/3581/1693 1941/2735/1693 1939/2733/773 2517/3579/773
f 2519/3582/350 2526/3592/510 2527/3593/1631 2521/3584/1631
f 2521/3584/1631 2527/3593/1631 2525/3591/565 2520/3583/564
f 2523/3587/733 2529/3595/605 2530/3596/1693 2524/3589/1741
f 2524/3589/1741 2530/3596/1693 2528/3594/773 2522/3585/769
f 2507/3562/912 2523/3588/733 2524/3590/1741 2511/3566/1472
f 2511/3566/1472 2524/3590/1741 2522/3586/769 2508/3563/935
f 2452/3485/937 2549/3621/936 2553/3629/1481 2457/3495/1461
f 2457/3496/1461 2553/3630/1481 2548/3620/944 2453/3486/943
f 2547/3619/934 2537/3606/768 2539/3610/768 2552/3628/1480
f 2552/3628/1480 2539/3610/768 2538/3608/919 2548/3620/944
f 2537/3607/768 2543/3615/768 2545/3617/768 2539/3611/768
f 2539/3611/768 2545/3617/768 2544/3616/907 2538/3609/919
f 2535/3604/563 2540/3612/515 2542/3614/563 2536/3605/563
f 2536/3605/563 2542/3614/563 2541/3613/515 2534/3603/515
f 2532/3599/768 1958/2752/768 1959/2753/768 2533/3601/768
f 2533/3601/768 1959/2753/768 1957/2751/747 2531/3597/772
f 1338/1883/563 2535/3604/563 2536/3605/563 1340/1885/563
f 1340/1885/563 2536/3605/563 2534/3603/515 1339/1884/515
f 2543/3615/768 2532/3600/768 2533/3602/768 2545/3617/768
f 2545/3617/768 2533/3602/768 2531/3598/772 2544/3616/907
f 2540/3612/515 2546/3618/940 2554/3631/1479 2542/3614/563
f 2542/3614/563 2554/3631/1479 2549/3621/936 2541/3613/515
f 470/664/285 455/644/286 117/119/955 164/199/566
