# Blender 3.5.1
# www.blender.org
mtllib MA06_Temp_Sacred_Item_Altar_Incense_v2.mtl
o DA01_Atlar_Incense_Base_Low
v -44.947308 10.054116 15.608101
v -44.947308 10.054116 16.117382
v -46.041950 10.162011 15.608101
v -46.041950 10.162011 16.007267
v -44.947308 11.189422 15.608101
v -44.947308 11.189422 16.117382
v -46.041950 11.098730 16.007267
v -46.041950 11.098730 15.608101
v -45.915710 10.162011 16.101273
v -45.073551 10.162011 16.115282
v -45.073551 11.093997 16.115282
v -45.915710 11.093997 16.101273
v -44.947308 10.162011 15.991118
v -44.947308 11.093242 15.991118
v -44.947308 11.093243 15.608101
v -44.947308 10.162011 15.608101
v -46.041950 10.054116 16.099173
v -46.041950 10.054116 15.608101
v -46.041950 11.189422 16.099173
v -46.041950 11.189422 15.608101
v -45.948513 11.030906 15.608101
v -45.948513 10.195541 15.608101
v -45.071999 10.195541 16.021856
v -45.914154 10.195541 16.007847
v -45.914154 11.053349 16.007847
v -45.071999 11.053349 16.021856
v -45.040745 10.195541 15.991118
v -45.040745 11.049808 15.991118
v -45.040745 10.195541 15.608101
v -45.040745 11.049809 15.608101
v -45.948513 10.195541 16.007267
v -45.948513 11.030906 16.007267
v -44.722828 11.235877 15.608101
v -44.722828 11.235877 16.223688
v -46.266434 11.235877 16.198013
v -46.266434 11.235877 15.608101
v -44.954628 11.470351 15.608101
v -44.954628 11.470351 16.021326
v -46.034634 11.470351 16.003361
v -46.034634 11.470351 15.608101
v -44.722828 11.470351 15.608101
v -44.722828 11.470351 16.223688
v -46.266434 11.470351 16.198013
v -46.266434 11.470351 15.608101
v -44.954628 11.399441 15.608101
v -46.034634 11.399441 15.608101
v -44.954628 11.399441 16.021326
v -46.034634 11.399441 16.003361
v -44.722828 11.252111 15.608101
v -44.722828 11.252111 16.223688
v -46.266434 11.252111 16.198013
v -46.266434 11.252111 15.608101
v -44.722828 11.413306 15.608101
v -46.266434 11.413306 16.198013
v -44.722828 11.413306 16.223688
v -46.266434 11.413306 15.608101
v -44.722828 11.378630 16.223688
v -46.266434 11.378630 15.608101
v -44.722828 11.378630 15.608101
v -46.266434 11.378630 16.198013
v -44.627388 11.315371 16.272116
v -46.361870 11.315371 15.608101
v -44.627388 11.315371 15.608101
v -46.361870 11.315371 16.243265
v -44.947308 10.054116 15.098821
v -46.041950 10.162011 15.208936
v -44.947308 11.189422 15.098821
v -46.041950 11.098730 15.208936
v -45.915710 10.195541 15.114928
v -45.073551 10.195541 15.100921
v -45.073551 11.093997 15.100921
v -45.915710 11.093997 15.114928
v -44.947308 10.162011 15.225083
v -44.947308 11.093242 15.225083
v -46.041950 10.054116 15.117028
v -46.041950 11.189422 15.117028
v -45.071999 10.195541 15.194345
v -45.914154 10.195541 15.208354
v -45.914154 11.053349 15.208354
v -45.071999 11.053349 15.194345
v -45.040745 10.195541 15.225083
v -45.040745 11.049808 15.225083
v -45.948513 10.195541 15.208936
v -45.948513 11.030906 15.208936
v -44.722828 11.235877 14.992513
v -46.266434 11.235877 15.018188
v -44.954628 11.470351 15.194876
v -46.034634 11.470351 15.212841
v -44.722828 11.470351 14.992513
v -46.266434 11.470351 15.018188
v -44.954628 11.399441 15.194876
v -46.034634 11.399441 15.212841
v -44.722828 11.252111 14.992513
v -46.266434 11.252111 15.018188
v -46.266434 11.413306 15.018188
v -44.722828 11.413306 14.992513
v -44.722828 11.378630 14.992513
v -46.266434 11.378630 15.018188
v -44.627388 11.315371 14.944085
v -46.361870 11.315371 14.972937
v -46.102432 11.452487 16.140079
v -46.209667 11.452487 16.095675
v -46.191277 11.452487 16.140087
v -46.084068 11.452487 16.095663
v -46.156597 11.786237 16.139790
v -46.137150 11.786236 16.139797
v -46.137150 11.786236 16.159264
v -46.156628 11.786236 16.159258
v -46.101620 11.444798 16.049328
v -46.109558 11.531115 16.070524
v -46.115417 11.587902 16.087749
v -46.120136 11.638396 16.103413
v -46.123711 11.674938 16.114494
v -46.123711 11.674938 16.160835
v -46.120136 11.638396 16.156858
v -46.115417 11.587902 16.150644
v -46.109558 11.531115 16.145144
v -46.101608 11.444798 16.139839
v -46.192154 11.444798 16.049337
v -46.184177 11.531116 16.070528
v -46.178318 11.587901 16.087753
v -46.173615 11.638397 16.103422
v -46.170036 11.674938 16.114498
v -46.192116 11.444798 16.139849
v -46.184177 11.531115 16.145147
v -46.178333 11.587902 16.150648
v -46.173599 11.638396 16.156866
v -46.170036 11.674938 16.160839
v -46.146889 11.786235 16.135761
v -46.146873 11.786236 16.163292
v -46.102459 11.452487 16.051252
v -46.146847 11.452487 16.158480
v -46.146873 11.444798 16.158588
v -46.146873 11.531115 16.160599
v -46.146862 11.587902 16.163673
v -46.146862 11.638396 16.167931
v -46.146873 11.674938 16.170433
v -46.146873 11.444798 16.030586
v -46.146873 11.531116 16.055073
v -46.146862 11.587902 16.074726
v -46.146873 11.638396 16.092348
v -46.146862 11.674937 16.104898
v -46.191288 11.452486 16.051260
v -46.146873 11.452489 16.032858
v -46.133133 11.786236 16.149532
v -46.160645 11.786236 16.149523
v -46.210888 11.444798 16.094593
v -46.199654 11.531115 16.107838
v -46.191345 11.587902 16.119202
v -46.184673 11.638396 16.130146
v -46.179653 11.674938 16.137671
v -46.082874 11.444798 16.094582
v -46.094124 11.531115 16.107834
v -46.102390 11.587902 16.119196
v -46.109077 11.638396 16.130135
v -46.114098 11.674938 16.137663
v -46.146889 11.828538 16.150364
v -46.132072 11.744940 16.132021
v -46.161674 11.744940 16.132015
v -46.161690 11.744940 16.161617
v -46.132088 11.744940 16.161623
v -46.146862 11.744940 16.125887
v -46.146873 11.744940 16.167751
v -46.167809 11.744940 16.146814
v -46.125965 11.744940 16.146822
v -46.105747 11.478681 16.058327
v -46.105747 11.478681 16.140558
v -46.188000 11.478681 16.058332
v -46.187973 11.478681 16.140564
v -46.146873 11.478680 16.041300
v -46.146862 11.478681 16.157591
v -46.088718 11.478681 16.099442
v -46.205017 11.478681 16.099449
v -46.127522 11.707610 16.162128
v -46.127522 11.707609 16.123423
v -46.166214 11.707610 16.123421
v -46.166214 11.707610 16.162127
v -46.146873 11.707609 16.115404
v -46.146873 11.707610 16.170143
v -46.174232 11.707610 16.142773
v -46.119514 11.707610 16.142775
v -44.886829 11.452488 16.140079
v -44.779610 11.452487 16.095675
v -44.798000 11.452487 16.140087
v -44.905231 11.452487 16.095663
v -44.832676 11.786237 16.139790
v -44.852154 11.786237 16.139797
v -44.852139 11.786237 16.159264
v -44.832661 11.786237 16.159258
v -44.887653 11.444798 16.049328
v -44.879730 11.531116 16.070524
v -44.873886 11.587902 16.087749
v -44.869156 11.638396 16.103413
v -44.865593 11.674938 16.114494
v -44.865578 11.674938 16.160835
v -44.869156 11.638396 16.156858
v -44.873886 11.587902 16.150644
v -44.879730 11.531116 16.145144
v -44.887680 11.444798 16.139839
v -44.797146 11.444798 16.049337
v -44.805096 11.531116 16.070528
v -44.810959 11.587901 16.087753
v -44.815674 11.638397 16.103422
v -44.819237 11.674938 16.114498
v -44.797161 11.444798 16.139849
v -44.805111 11.531116 16.145147
v -44.810986 11.587902 16.150648
v -44.815704 11.638396 16.156866
v -44.819252 11.674938 16.160839
v -44.842415 11.786235 16.135761
v -44.842400 11.786237 16.163292
v -44.886814 11.452488 16.051252
v -44.842430 11.452488 16.158480
v -44.842415 11.444798 16.158588
v -44.842415 11.531116 16.160599
v -44.842430 11.587902 16.163673
v -44.842415 11.638396 16.167931
v -44.842415 11.674938 16.170433
v -44.842400 11.444798 16.030586
v -44.842400 11.531116 16.055073
v -44.842430 11.587902 16.074726
v -44.842400 11.638395 16.092348
v -44.842400 11.674938 16.104898
v -44.798000 11.452487 16.051260
v -44.842388 11.452489 16.032858
v -44.856155 11.786237 16.149532
v -44.828617 11.786237 16.149523
v -44.778400 11.444798 16.094593
v -44.789639 11.531116 16.107838
v -44.797932 11.587902 16.119202
v -44.804604 11.638396 16.130146
v -44.809635 11.674938 16.137671
v -44.906418 11.444798 16.094582
v -44.895164 11.531116 16.107834
v -44.886883 11.587902 16.119196
v -44.880199 11.638396 16.130135
v -44.875179 11.674938 16.137663
v -44.842430 11.828538 16.150364
v -44.857216 11.744940 16.132021
v -44.827599 11.744940 16.132015
v -44.827599 11.744940 16.161617
v -44.857201 11.744940 16.161623
v -44.842400 11.744940 16.125887
v -44.842400 11.744940 16.167751
v -44.821480 11.744940 16.146814
v -44.863323 11.744940 16.146822
v -44.883541 11.478681 16.058327
v -44.883530 11.478681 16.140558
v -44.801300 11.478680 16.058332
v -44.801300 11.478681 16.140564
v -44.842400 11.478679 16.041300
v -44.842430 11.478681 16.157591
v -44.900570 11.478681 16.099442
v -44.784271 11.478681 16.099449
v -44.861767 11.707609 16.162128
v -44.861767 11.707610 16.123423
v -44.823063 11.707609 16.123421
v -44.823063 11.707609 16.162127
v -44.842400 11.707609 16.115404
v -44.842400 11.707609 16.170143
v -44.815029 11.707609 16.142773
v -44.869774 11.707609 16.142775
v -46.102432 11.452488 15.076122
v -46.209679 11.452487 15.120527
v -46.191288 11.452487 15.076115
v -46.084057 11.452487 15.120538
v -46.156597 11.786237 15.076411
v -46.137135 11.786237 15.076405
v -46.137165 11.786237 15.056938
v -46.156612 11.786237 15.056944
v -46.101620 11.444798 15.166874
v -46.109558 11.531116 15.145677
v -46.115417 11.587902 15.128452
v -46.120148 11.638396 15.112788
v -46.123711 11.674938 15.101707
v -46.123695 11.674938 15.055367
v -46.120148 11.638396 15.059343
v -46.115417 11.587902 15.065557
v -46.109558 11.531116 15.071057
v -46.101608 11.444798 15.076363
v -46.192154 11.444798 15.166865
v -46.184177 11.531116 15.145675
v -46.178318 11.587901 15.128448
v -46.173615 11.638397 15.112780
v -46.170036 11.674938 15.101703
v -46.192116 11.444798 15.076354
v -46.184177 11.531116 15.071055
v -46.178318 11.587902 15.065554
v -46.173588 11.638396 15.059336
v -46.170036 11.674938 15.055363
v -46.146873 11.786235 15.080440
v -46.146889 11.786237 15.052909
v -46.102459 11.452488 15.164950
v -46.146862 11.452488 15.057722
v -46.146862 11.444798 15.057612
v -46.146873 11.531116 15.055602
v -46.146862 11.587902 15.052529
v -46.146873 11.638396 15.048271
v -46.146873 11.674938 15.045768
v -46.146873 11.444798 15.185615
v -46.146873 11.531116 15.161130
v -46.146862 11.587902 15.141477
v -46.146873 11.638395 15.123853
v -46.146862 11.674938 15.111302
v -46.191288 11.452487 15.164943
v -46.146873 11.452489 15.183343
v -46.133133 11.786237 15.066670
v -46.160629 11.786237 15.066679
v -46.210888 11.444798 15.121608
v -46.199654 11.531116 15.108364
v -46.191345 11.587902 15.097000
v -46.184685 11.638396 15.086056
v -46.179638 11.674938 15.078532
v -46.082874 11.444798 15.121620
v -46.094109 11.531116 15.108368
v -46.102390 11.587902 15.097005
v -46.109077 11.638396 15.086068
v -46.114098 11.674938 15.078538
v -46.146889 11.828538 15.065838
v -46.132072 11.744940 15.084181
v -46.161659 11.744940 15.084187
v -46.161674 11.744940 15.054585
v -46.132072 11.744940 15.054579
v -46.146873 11.744940 15.090315
v -46.146873 11.744940 15.048451
v -46.167809 11.744940 15.069386
v -46.125954 11.744940 15.069379
v -46.105747 11.478681 15.157874
v -46.105747 11.478681 15.075644
v -46.188000 11.478680 15.157869
v -46.187988 11.478681 15.075639
v -46.146873 11.478679 15.174902
v -46.146862 11.478681 15.058611
v -46.088718 11.478681 15.116760
v -46.205029 11.478681 15.116753
v -46.127506 11.707609 15.054073
v -46.127522 11.707610 15.092780
v -46.166229 11.707609 15.092781
v -46.166214 11.707609 15.054075
v -46.146873 11.707609 15.100797
v -46.146889 11.707609 15.046058
v -46.174248 11.707609 15.073428
v -46.119514 11.707609 15.073426
v -44.886829 11.452487 15.076122
v -44.779610 11.452487 15.120527
v -44.798012 11.452487 15.076115
v -44.905205 11.452487 15.120538
v -44.832691 11.786237 15.076411
v -44.852139 11.786236 15.076405
v -44.852139 11.786236 15.056938
v -44.832661 11.786236 15.056944
v -44.887653 11.444798 15.166874
v -44.879730 11.531115 15.145677
v -44.873886 11.587902 15.128452
v -44.869141 11.638396 15.112788
v -44.865578 11.674938 15.101707
v -44.865578 11.674938 15.055367
v -44.869156 11.638396 15.059343
v -44.873886 11.587902 15.065557
v -44.879730 11.531115 15.071057
v -44.887695 11.444798 15.076363
v -44.797146 11.444798 15.166865
v -44.805111 11.531116 15.145675
v -44.810970 11.587901 15.128448
v -44.815674 11.638397 15.112780
v -44.819237 11.674938 15.101703
v -44.797161 11.444798 15.076354
v -44.805096 11.531115 15.071055
v -44.810986 11.587902 15.065554
v -44.815689 11.638396 15.059336
v -44.819237 11.674938 15.055363
v -44.842415 11.786235 15.080440
v -44.842388 11.786236 15.052909
v -44.886829 11.452487 15.164950
v -44.842430 11.452487 15.057722
v -44.842415 11.444798 15.057612
v -44.842415 11.531115 15.055602
v -44.842415 11.587902 15.052529
v -44.842430 11.638396 15.048271
v -44.842415 11.674938 15.045768
v -44.842400 11.444798 15.185615
v -44.842415 11.531116 15.161130
v -44.842415 11.587902 15.141477
v -44.842400 11.638396 15.123853
v -44.842415 11.674937 15.111302
v -44.798000 11.452486 15.164943
v -44.842400 11.452489 15.183343
v -44.856155 11.786236 15.066670
v -44.828632 11.786236 15.066679
v -44.778400 11.444798 15.121608
v -44.789639 11.531115 15.108364
v -44.797916 11.587902 15.097000
v -44.804615 11.638396 15.086056
v -44.809635 11.674938 15.078532
v -44.906418 11.444798 15.121620
v -44.895164 11.531115 15.108368
v -44.886898 11.587902 15.097005
v -44.880215 11.638396 15.086068
v -44.875179 11.674938 15.078538
v -44.842430 11.828538 15.065838
v -44.857216 11.744940 15.084181
v -44.827599 11.744940 15.084187
v -44.827599 11.744940 15.054585
v -44.857201 11.744940 15.054579
v -44.842415 11.744940 15.090315
v -44.842415 11.744940 15.048451
v -44.821480 11.744940 15.069386
v -44.863335 11.744940 15.069379
v -44.883541 11.478681 15.157875
v -44.883541 11.478681 15.075644
v -44.801300 11.478681 15.157869
v -44.801300 11.478681 15.075639
v -44.842400 11.478680 15.174902
v -44.842430 11.478681 15.058611
v -44.900570 11.478681 15.116760
v -44.784271 11.478681 15.116753
v -44.861767 11.707610 15.054073
v -44.861767 11.707609 15.092780
v -44.823063 11.707610 15.092781
v -44.823063 11.707610 15.054075
v -44.842415 11.707609 15.100797
v -44.842400 11.707610 15.046058
v -44.815029 11.707610 15.073428
v -44.869774 11.707610 15.073426
v -46.154053 11.821042 16.150288
v -46.152073 11.828507 16.150362
v -46.152447 11.828304 16.150360
v -46.150562 11.828507 16.146692
v -46.151962 11.821042 16.145216
v -46.150806 11.828305 16.146431
v -46.141674 11.828507 16.150366
v -46.139694 11.821042 16.150293
v -46.141331 11.828305 16.150364
v -46.141811 11.821042 16.145220
v -46.143215 11.828507 16.146696
v -46.142941 11.828305 16.146435
v -46.146873 11.821042 16.157463
v -46.146873 11.828507 16.155556
v -46.146889 11.828304 16.155920
v -46.150562 11.828507 16.154034
v -46.151962 11.821042 16.155361
v -46.150806 11.828304 16.154289
v -46.146873 11.821043 16.143118
v -46.146873 11.828507 16.145174
v -46.146873 11.828304 16.144804
v -46.141827 11.821042 16.155365
v -46.143215 11.828507 16.154036
v -46.142956 11.828304 16.154293
v -46.151882 11.828538 16.150362
v -46.150314 11.828539 16.150364
v -46.151344 11.828538 16.150362
v -46.149296 11.828539 16.147943
v -46.150421 11.828538 16.146828
v -46.150024 11.828538 16.147209
v -46.143448 11.828539 16.150366
v -46.141880 11.828538 16.150366
v -46.142418 11.828538 16.150366
v -46.143341 11.828538 16.146830
v -46.144466 11.828539 16.147945
v -46.143723 11.828538 16.147211
v -46.146873 11.828538 16.155365
v -46.146889 11.828539 16.153788
v -46.146873 11.828538 16.154827
v -46.149307 11.828539 16.152782
v -46.150421 11.828538 16.153898
v -46.150024 11.828538 16.153519
v -46.146873 11.828538 16.145365
v -46.146873 11.828539 16.146942
v -46.146873 11.828538 16.145903
v -46.143353 11.828538 16.153902
v -46.144482 11.828539 16.152784
v -46.143723 11.828538 16.153521
v -44.837215 11.828507 16.150362
v -44.835236 11.821043 16.150288
v -44.836845 11.828305 16.150360
v -44.837326 11.821043 16.145216
v -44.838741 11.828507 16.146692
v -44.838482 11.828305 16.146431
v -44.849579 11.821043 16.150293
v -44.847599 11.828507 16.150366
v -44.847958 11.828304 16.150364
v -44.846088 11.828507 16.146696
v -44.847488 11.821043 16.145220
v -44.846336 11.828304 16.146435
v -44.842400 11.828507 16.155556
v -44.842415 11.821043 16.157463
v -44.842400 11.828305 16.155920
v -44.837337 11.821043 16.155361
v -44.838715 11.828507 16.154034
v -44.838467 11.828305 16.154289
v -44.842415 11.828507 16.145174
v -44.842388 11.821042 16.143118
v -44.842415 11.828305 16.144804
v -44.846088 11.828507 16.154036
v -44.847462 11.821043 16.155365
v -44.846321 11.828305 16.154293
v -44.838974 11.828539 16.150364
v -44.837395 11.828538 16.150362
v -44.837944 11.828538 16.150362
v -44.838867 11.828538 16.146828
v -44.839981 11.828539 16.147943
v -44.839252 11.828538 16.147209
v -44.847408 11.828538 16.150366
v -44.845825 11.828539 16.150366
v -44.846870 11.828538 16.150366
v -44.844822 11.828539 16.147945
v -44.845963 11.828538 16.146830
v -44.845577 11.828538 16.147211
v -44.842400 11.828539 16.153788
v -44.842400 11.828538 16.155365
v -44.842400 11.828538 16.154827
v -44.838852 11.828538 16.153898
v -44.839981 11.828539 16.152782
v -44.839252 11.828538 16.153519
v -44.842415 11.828539 16.146942
v -44.842415 11.828538 16.145365
v -44.842415 11.828538 16.145903
v -44.844807 11.828539 16.152784
v -44.845951 11.828538 16.153902
v -44.845566 11.828538 16.153521
v -46.152073 11.828507 15.065840
v -46.154053 11.821043 15.065914
v -46.152447 11.828305 15.065843
v -46.151951 11.821043 15.070985
v -46.150547 11.828507 15.069509
v -46.150822 11.828305 15.069771
v -46.139709 11.821043 15.065908
v -46.141689 11.828507 15.065836
v -46.141331 11.828304 15.065838
v -46.143200 11.828507 15.069507
v -46.141800 11.821043 15.070981
v -46.142941 11.828304 15.069768
v -46.146889 11.828507 15.060647
v -46.146873 11.821043 15.058739
v -46.146889 11.828305 15.060282
v -46.151951 11.821043 15.060842
v -46.150562 11.828507 15.062169
v -46.150806 11.828305 15.061912
v -46.146873 11.828507 15.071028
v -46.146873 11.821042 15.073084
v -46.146873 11.828305 15.071398
v -46.143215 11.828507 15.062165
v -46.141827 11.821043 15.060838
v -46.142956 11.828305 15.061909
v -46.150314 11.828539 15.065839
v -46.151894 11.828538 15.065839
v -46.151344 11.828538 15.065839
v -46.150421 11.828538 15.069373
v -46.149296 11.828539 15.068258
v -46.150040 11.828538 15.068993
v -46.141880 11.828538 15.065836
v -46.143448 11.828539 15.065837
v -46.142418 11.828538 15.065836
v -46.144455 11.828539 15.068256
v -46.143353 11.828538 15.069371
v -46.143711 11.828538 15.068991
v -46.146900 11.828539 15.062415
v -46.146873 11.828538 15.060837
v -46.146873 11.828538 15.061376
v -46.150421 11.828538 15.062304
v -46.149296 11.828539 15.063418
v -46.150040 11.828538 15.062684
v -46.146873 11.828539 15.069260
v -46.146873 11.828538 15.070837
v -46.146873 11.828538 15.070299
v -46.144466 11.828539 15.063416
v -46.143341 11.828538 15.062301
v -46.143738 11.828538 15.062681
v -44.835236 11.821042 15.065914
v -44.837215 11.828507 15.065840
v -44.836830 11.828304 15.065843
v -44.838730 11.828507 15.069509
v -44.837326 11.821042 15.070985
v -44.838482 11.828305 15.069771
v -44.847599 11.828507 15.065836
v -44.849579 11.821042 15.065908
v -44.847973 11.828305 15.065838
v -44.847477 11.821042 15.070981
v -44.846073 11.828507 15.069507
v -44.846321 11.828305 15.069768
v -44.842400 11.821042 15.058739
v -44.842400 11.828507 15.060647
v -44.842400 11.828304 15.060282
v -44.838730 11.828507 15.062169
v -44.837326 11.821042 15.060842
v -44.838467 11.828304 15.061912
v -44.842400 11.821043 15.073084
v -44.842415 11.828507 15.071028
v -44.842430 11.828304 15.071398
v -44.847462 11.821042 15.060838
v -44.846073 11.828507 15.062165
v -44.846321 11.828304 15.061909
v -44.837406 11.828538 15.065839
v -44.838974 11.828539 15.065839
v -44.837944 11.828538 15.065839
v -44.839981 11.828539 15.068258
v -44.838852 11.828538 15.069373
v -44.839264 11.828538 15.068993
v -44.845814 11.828539 15.065837
v -44.847408 11.828538 15.065836
v -44.846870 11.828538 15.065836
v -44.845951 11.828538 15.069371
v -44.844822 11.828539 15.068256
v -44.845566 11.828538 15.068991
v -44.842400 11.828538 15.060837
v -44.842400 11.828539 15.062415
v -44.842400 11.828538 15.061376
v -44.839981 11.828539 15.063418
v -44.838852 11.828538 15.062304
v -44.839252 11.828538 15.062683
v -44.842415 11.828538 15.070837
v -44.842400 11.828539 15.069260
v -44.842415 11.828538 15.070299
v -44.845936 11.828538 15.062301
v -44.844807 11.828539 15.063416
v -44.845551 11.828538 15.062681
v -46.210613 11.447453 16.094967
v -46.204838 11.452487 16.071665
v -46.083122 11.447453 16.094955
v -46.088898 11.452487 16.119673
v -46.141594 11.786238 16.136826
v -46.152157 11.786239 16.162228
v -46.134193 11.786239 16.144270
v -46.159599 11.786239 16.144262
v -46.134563 11.765347 16.136076
v -46.170849 11.452487 16.153633
v -46.159184 11.765346 16.136068
v -46.159225 11.765347 16.160734
v -46.146847 11.447453 16.158720
v -46.107479 11.502787 16.063715
v -46.112392 11.559850 16.078859
v -46.118031 11.614622 16.096109
v -46.121990 11.658030 16.109428
v -46.125542 11.691031 16.161758
v -46.121990 11.658030 16.159222
v -46.118004 11.614622 16.153820
v -46.112392 11.559850 16.147818
v -46.101772 11.447453 16.140041
v -46.101788 11.447453 16.049873
v -46.186256 11.502787 16.063719
v -46.181343 11.559850 16.078861
v -46.175732 11.614620 16.096115
v -46.171772 11.658031 16.109434
v -46.122887 11.452489 16.037704
v -46.186256 11.502787 16.142488
v -46.181343 11.559850 16.147820
v -46.175747 11.614622 16.153828
v -46.171772 11.658030 16.159229
v -46.171329 11.444798 16.153652
v -46.167027 11.531115 16.156528
v -46.163849 11.587901 16.160242
v -46.161316 11.638398 16.165016
v -46.159405 11.674937 16.167906
v -46.205936 11.444798 16.070129
v -46.195568 11.531114 16.087669
v -46.187920 11.587901 16.102201
v -46.181755 11.638398 16.115700
v -46.177120 11.674937 16.125145
v -46.122417 11.444798 16.035524
v -46.126698 11.531115 16.059143
v -46.129860 11.587903 16.078157
v -46.132431 11.638396 16.095264
v -46.134342 11.674938 16.107428
v -46.087811 11.444798 16.119047
v -46.098194 11.531115 16.128002
v -46.105831 11.587901 16.136196
v -46.112007 11.638398 16.144581
v -46.116653 11.674937 16.150188
v -46.152130 11.786237 16.136822
v -46.141632 11.786239 16.162231
v -46.146873 11.447453 16.031202
v -46.088913 11.452487 16.071655
v -46.122406 11.444798 16.153646
v -46.126682 11.531115 16.156527
v -46.129845 11.587901 16.160238
v -46.132431 11.638398 16.165012
v -46.134357 11.674937 16.167904
v -46.171345 11.444798 16.035528
v -46.167027 11.531115 16.059145
v -46.163860 11.587901 16.078159
v -46.161331 11.638397 16.095268
v -46.159389 11.674938 16.107430
v -46.146873 11.658031 16.099119
v -46.146889 11.614621 16.084160
v -46.146862 11.559852 16.064577
v -46.146862 11.502788 16.047403
v -46.191948 11.447453 16.140049
v -46.146873 11.658030 16.169537
v -46.146862 11.614622 16.165775
v -46.146873 11.559850 16.162100
v -46.146862 11.502787 16.158800
v -46.170891 11.452486 16.037708
v -46.146862 11.765346 16.130964
v -46.146889 11.765347 16.165846
v -46.204838 11.452487 16.119684
v -46.122845 11.452487 16.153629
v -46.134205 11.786239 16.154793
v -46.159611 11.786239 16.154785
v -46.205936 11.444798 16.119057
v -46.195580 11.531115 16.128006
v -46.187931 11.587901 16.136202
v -46.181770 11.638398 16.144590
v -46.177135 11.674937 16.150194
v -46.087811 11.444798 16.070118
v -46.098194 11.531115 16.087666
v -46.105831 11.587901 16.102198
v -46.112007 11.638398 16.115688
v -46.116642 11.674937 16.125139
v -46.111660 11.658030 16.134323
v -46.106064 11.614622 16.124964
v -46.098114 11.559850 16.113337
v -46.091167 11.502787 16.103098
v -46.103947 11.462215 16.139982
v -46.182087 11.658030 16.134333
v -46.187672 11.614622 16.124971
v -46.195637 11.559850 16.113340
v -46.202583 11.502787 16.103104
v -46.191963 11.447453 16.049881
v -46.164330 11.765347 16.148401
v -46.129448 11.765347 16.148409
v -46.129707 11.725589 16.127762
v -46.164055 11.725590 16.127758
v -46.164066 11.725590 16.162071
v -46.134563 11.765347 16.160742
v -46.146873 11.725588 16.120653
v -46.146889 11.725590 16.169178
v -46.171124 11.725590 16.144913
v -46.122639 11.725590 16.144918
v -46.127575 11.744941 16.154823
v -46.166187 11.744941 16.138815
v -46.154907 11.744941 16.166134
v -46.138855 11.744939 16.127504
v -46.138882 11.744941 16.166136
v -46.166199 11.744941 16.154816
v -46.154865 11.744940 16.127501
v -46.127590 11.744941 16.138821
v -46.103916 11.462215 16.054108
v -46.107479 11.502787 16.142485
v -46.189831 11.462214 16.054115
v -46.189816 11.462215 16.139990
v -46.146889 11.462214 16.036327
v -46.146862 11.462215 16.157770
v -46.086147 11.462215 16.097044
v -46.207588 11.462214 16.097054
v -46.200531 11.478680 16.077223
v -46.093216 11.478681 16.121668
v -46.169102 11.478681 16.153105
v -46.124676 11.478681 16.045786
v -46.093216 11.478681 16.077215
v -46.169102 11.478681 16.045790
v -46.200546 11.478681 16.121675
v -46.124634 11.478681 16.153101
v -46.129734 11.725590 16.162075
v -46.125542 11.691031 16.119062
v -46.168209 11.691030 16.119064
v -46.168236 11.691031 16.161760
v -46.146873 11.691030 16.110220
v -46.146873 11.691031 16.170601
v -46.177078 11.691031 16.140411
v -46.116684 11.691031 16.140409
v -46.121620 11.707612 16.132313
v -46.157330 11.707609 16.117517
v -46.172157 11.707612 16.153234
v -46.136433 11.707612 16.168032
v -46.136421 11.707610 16.117517
v -46.157341 11.707612 16.168032
v -46.172142 11.707612 16.132311
v -46.121620 11.707612 16.153236
v -44.778648 11.447453 16.094967
v -44.784451 11.452487 16.071665
v -44.906170 11.447453 16.094955
v -44.900379 11.452487 16.119673
v -44.847683 11.786237 16.136826
v -44.837132 11.786238 16.162228
v -44.855095 11.786238 16.144270
v -44.829693 11.786239 16.144262
v -44.854740 11.765346 16.136076
v -44.818413 11.452487 16.153633
v -44.830078 11.765345 16.136068
v -44.830078 11.765346 16.160734
v -44.842430 11.447453 16.158720
v -44.881794 11.502786 16.063715
v -44.876900 11.559850 16.078859
v -44.871273 11.614621 16.096109
v -44.867310 11.658030 16.109428
v -44.863747 11.691031 16.161758
v -44.867310 11.658030 16.159222
v -44.871273 11.614621 16.153820
v -44.876911 11.559850 16.147818
v -44.887505 11.447453 16.140041
v -44.887489 11.447453 16.049873
v -44.803047 11.502786 16.063719
v -44.807945 11.559850 16.078861
v -44.813557 11.614620 16.096115
v -44.817505 11.658031 16.109434
v -44.866417 11.452488 16.037704
v -44.803020 11.502786 16.142488
v -44.807945 11.559850 16.147820
v -44.813541 11.614621 16.153826
v -44.817516 11.658030 16.159229
v -44.817959 11.444798 16.153652
v -44.822262 11.531116 16.156528
v -44.825428 11.587903 16.160242
v -44.827984 11.638396 16.165016
v -44.829899 11.674937 16.167906
v -44.783352 11.444798 16.070129
v -44.793720 11.531116 16.087669
v -44.801384 11.587903 16.102201
v -44.807533 11.638396 16.115700
v -44.812168 11.674937 16.125145
v -44.866871 11.444798 16.035524
v -44.862595 11.531116 16.059143
v -44.859417 11.587902 16.078157
v -44.856857 11.638396 16.095264
v -44.854946 11.674937 16.107428
v -44.901463 11.444798 16.119047
v -44.891106 11.531116 16.128002
v -44.883461 11.587903 16.136196
v -44.877296 11.638396 16.144579
v -44.872646 11.674937 16.150188
v -44.837147 11.786237 16.136822
v -44.847656 11.786238 16.162231
v -44.842400 11.447453 16.031202
v -44.900364 11.452487 16.071655
v -44.866886 11.444798 16.153646
v -44.862606 11.531116 16.156527
v -44.859428 11.587903 16.160238
v -44.856884 11.638396 16.165012
v -44.854931 11.674937 16.167904
v -44.817944 11.444798 16.035528
v -44.822250 11.531116 16.059145
v -44.825413 11.587901 16.078159
v -44.827946 11.638396 16.095268
v -44.829868 11.674938 16.107430
v -44.842400 11.658031 16.099119
v -44.842400 11.614622 16.084160
v -44.842430 11.559851 16.064577
v -44.842415 11.502788 16.047403
v -44.797340 11.447453 16.140049
v -44.842400 11.658030 16.169537
v -44.842430 11.614621 16.165775
v -44.842430 11.559850 16.162100
v -44.842415 11.502786 16.158800
v -44.818398 11.452487 16.037708
v -44.842415 11.765345 16.130964
v -44.842388 11.765346 16.165846
v -44.784466 11.452487 16.119684
v -44.866432 11.452487 16.153629
v -44.855095 11.786238 16.154793
v -44.829678 11.786238 16.154785
v -44.783363 11.444798 16.119057
v -44.793694 11.531116 16.128006
v -44.801342 11.587903 16.136202
v -44.807518 11.638396 16.144590
v -44.812153 11.674937 16.150194
v -44.901478 11.444798 16.070118
v -44.891094 11.531116 16.087666
v -44.883446 11.587903 16.102198
v -44.877285 11.638396 16.115688
v -44.872635 11.674937 16.125139
v -44.877628 11.658030 16.134323
v -44.883240 11.614621 16.124964
v -44.891174 11.559850 16.113337
v -44.898109 11.502786 16.103098
v -44.885357 11.462214 16.139982
v -44.807190 11.658030 16.134333
v -44.801605 11.614621 16.124971
v -44.793640 11.559850 16.113340
v -44.786709 11.502785 16.103104
v -44.797314 11.447453 16.049881
v -44.824959 11.765346 16.148401
v -44.859840 11.765346 16.148409
v -44.859554 11.725588 16.127762
v -44.825249 11.725590 16.127758
v -44.825249 11.725590 16.162071
v -44.854725 11.765346 16.160742
v -44.842415 11.725588 16.120653
v -44.842388 11.725590 16.169178
v -44.818150 11.725590 16.144913
v -44.866650 11.725590 16.144918
v -44.861713 11.744940 16.154823
v -44.823116 11.744940 16.138815
v -44.834408 11.744940 16.166134
v -44.850407 11.744940 16.127504
v -44.850407 11.744940 16.166136
v -44.823074 11.744940 16.154816
v -44.834408 11.744940 16.127501
v -44.861698 11.744940 16.138821
v -44.885357 11.462215 16.054108
v -44.881809 11.502786 16.142485
v -44.799458 11.462213 16.054115
v -44.799484 11.462214 16.139990
v -44.842400 11.462214 16.036327
v -44.842430 11.462214 16.157770
v -44.903130 11.462214 16.097044
v -44.781700 11.462214 16.097054
v -44.788757 11.478680 16.077223
v -44.896057 11.478680 16.121668
v -44.820202 11.478680 16.153105
v -44.864643 11.478681 16.045786
v -44.896057 11.478680 16.077215
v -44.820187 11.478680 16.045790
v -44.788742 11.478680 16.121675
v -44.864643 11.478680 16.153101
v -44.859566 11.725590 16.162075
v -44.863762 11.691031 16.119062
v -44.821053 11.691031 16.119064
v -44.821068 11.691031 16.161760
v -44.842415 11.691031 16.110220
v -44.842388 11.691031 16.170601
v -44.812210 11.691031 16.140411
v -44.872593 11.691031 16.140409
v -44.867641 11.707611 16.132313
v -44.831947 11.707610 16.117517
v -44.817146 11.707611 16.153234
v -44.852867 11.707611 16.168032
v -44.852867 11.707611 16.117517
v -44.831947 11.707611 16.168032
v -44.817162 11.707611 16.132311
v -44.867668 11.707611 16.153236
v -46.210613 11.447453 15.121235
v -46.204838 11.452487 15.144536
v -46.083122 11.447453 15.121246
v -46.088898 11.452487 15.096528
v -46.141594 11.786237 15.079375
v -46.152157 11.786238 15.053973
v -46.134205 11.786238 15.071932
v -46.159599 11.786239 15.071940
v -46.134579 11.765346 15.080126
v -46.170864 11.452487 15.062568
v -46.159184 11.765345 15.080132
v -46.159241 11.765346 15.055467
v -46.146847 11.447453 15.057482
v -46.107510 11.502786 15.152487
v -46.112392 11.559850 15.137343
v -46.118031 11.614621 15.120093
v -46.122005 11.658030 15.106774
v -46.125526 11.691031 15.054443
v -46.121979 11.658030 15.056981
v -46.118004 11.614621 15.062382
v -46.112377 11.559850 15.068385
v -46.101772 11.447453 15.076160
v -46.101772 11.447453 15.166328
v -46.186256 11.502786 15.152483
v -46.181343 11.559850 15.137341
v -46.175732 11.614620 15.120087
v -46.171772 11.658031 15.106767
v -46.122887 11.452488 15.178497
v -46.186256 11.502786 15.073714
v -46.181343 11.559850 15.068382
v -46.175732 11.614621 15.062375
v -46.171783 11.658030 15.056973
v -46.171318 11.444798 15.062551
v -46.167027 11.531116 15.059674
v -46.163860 11.587903 15.055961
v -46.161316 11.638396 15.051186
v -46.159405 11.674937 15.048296
v -46.205936 11.444798 15.146072
v -46.195568 11.531116 15.128532
v -46.187920 11.587903 15.114000
v -46.181744 11.638396 15.100502
v -46.177120 11.674937 15.091057
v -46.122417 11.444798 15.180677
v -46.126698 11.531116 15.157058
v -46.129860 11.587902 15.138044
v -46.132431 11.638396 15.120938
v -46.134342 11.674937 15.108774
v -46.087795 11.444798 15.097156
v -46.098183 11.531116 15.088199
v -46.105816 11.587903 15.080006
v -46.111992 11.638396 15.071622
v -46.116642 11.674937 15.066013
v -46.152130 11.786237 15.079379
v -46.141632 11.786238 15.053970
v -46.146862 11.447453 15.184999
v -46.088898 11.452487 15.144547
v -46.122406 11.444798 15.062554
v -46.126682 11.531116 15.059675
v -46.129860 11.587903 15.055963
v -46.132420 11.638396 15.051189
v -46.134357 11.674937 15.048298
v -46.171345 11.444798 15.180673
v -46.167038 11.531116 15.157057
v -46.163876 11.587901 15.138042
v -46.161343 11.638396 15.120934
v -46.159389 11.674938 15.108772
v -46.146873 11.658031 15.117084
v -46.146889 11.614622 15.132042
v -46.146847 11.559851 15.151624
v -46.146873 11.502788 15.168798
v -46.191948 11.447453 15.076152
v -46.146873 11.658030 15.046664
v -46.146873 11.614621 15.050426
v -46.146862 11.559850 15.054102
v -46.146862 11.502786 15.057403
v -46.170891 11.452487 15.178493
v -46.146873 11.765345 15.085238
v -46.146889 11.765346 15.050355
v -46.204838 11.452487 15.096519
v -46.122829 11.452487 15.062572
v -46.134193 11.786238 15.061409
v -46.159611 11.786238 15.061417
v -46.205936 11.444798 15.097144
v -46.195595 11.531116 15.088196
v -46.187931 11.587903 15.080001
v -46.181755 11.638396 15.071610
v -46.177135 11.674937 15.066007
v -46.087811 11.444798 15.146083
v -46.098209 11.531116 15.128536
v -46.105843 11.587903 15.114005
v -46.112007 11.638396 15.100513
v -46.116653 11.674937 15.091063
v -46.111660 11.658030 15.081879
v -46.106064 11.614621 15.091239
v -46.098114 11.559850 15.102864
v -46.091167 11.502786 15.113103
v -46.103931 11.462214 15.076220
v -46.182072 11.658030 15.081868
v -46.187672 11.614621 15.091229
v -46.195637 11.559850 15.102861
v -46.202595 11.502785 15.113098
v -46.191963 11.447453 15.166321
v -46.164314 11.765346 15.067801
v -46.129448 11.765346 15.067792
v -46.129696 11.725588 15.088440
v -46.164055 11.725590 15.088444
v -46.164066 11.725590 15.054132
v -46.134548 11.765346 15.055460
v -46.146873 11.725588 15.095549
v -46.146889 11.725590 15.047023
v -46.171124 11.725590 15.071288
v -46.122623 11.725590 15.071283
v -46.127575 11.744940 15.061378
v -46.166172 11.744940 15.077387
v -46.154892 11.744940 15.050068
v -46.138855 11.744940 15.088697
v -46.138882 11.744940 15.050065
v -46.166214 11.744940 15.061385
v -46.154881 11.744940 15.088700
v -46.127590 11.744940 15.077380
v -46.103916 11.462215 15.162093
v -46.107479 11.502786 15.073718
v -46.189846 11.462213 15.162086
v -46.189804 11.462214 15.076213
v -46.146889 11.462214 15.179875
v -46.146862 11.462214 15.058431
v -46.086147 11.462214 15.119158
v -46.207615 11.462214 15.119148
v -46.200531 11.478680 15.138979
v -46.093216 11.478680 15.094534
v -46.169090 11.478680 15.063097
v -46.124660 11.478681 15.170416
v -46.093231 11.478680 15.138986
v -46.169102 11.478680 15.170413
v -46.200562 11.478680 15.094527
v -46.124645 11.478680 15.063100
v -46.129723 11.725590 15.054128
v -46.125553 11.691031 15.097139
v -46.168209 11.691031 15.097138
v -46.168236 11.691031 15.054442
v -46.146873 11.691031 15.105982
v -46.146873 11.691031 15.045600
v -46.177067 11.691031 15.075789
v -46.116684 11.691031 15.075792
v -46.121647 11.707611 15.083888
v -46.157330 11.707610 15.098684
v -46.172157 11.707611 15.062966
v -46.136421 11.707611 15.048170
v -46.136421 11.707611 15.098684
v -46.157341 11.707611 15.048171
v -46.172127 11.707611 15.083890
v -46.121620 11.707611 15.062964
v -44.778648 11.447453 15.121235
v -44.784466 11.452487 15.144536
v -44.906170 11.447453 15.121246
v -44.900364 11.452487 15.096528
v -44.847683 11.786238 15.079376
v -44.837132 11.786239 15.053973
v -44.855110 11.786239 15.071932
v -44.829704 11.786239 15.071940
v -44.854740 11.765347 15.080126
v -44.818413 11.452487 15.062568
v -44.830078 11.765346 15.080132
v -44.830063 11.765347 15.055467
v -44.842430 11.447453 15.057482
v -44.881809 11.502787 15.152487
v -44.876911 11.559850 15.137343
v -44.871284 11.614622 15.120093
v -44.867310 11.658030 15.106774
v -44.863747 11.691031 15.054443
v -44.867310 11.658030 15.056981
v -44.871284 11.614622 15.062382
v -44.876911 11.559850 15.068385
v -44.887516 11.447453 15.076160
v -44.887489 11.447453 15.166328
v -44.803047 11.502787 15.152483
v -44.807945 11.559850 15.137341
v -44.813572 11.614620 15.120087
v -44.817516 11.658031 15.106767
v -44.866417 11.452489 15.178497
v -44.803036 11.502787 15.073714
v -44.807945 11.559850 15.068382
v -44.813557 11.614622 15.062375
v -44.817532 11.658030 15.056973
v -44.817959 11.444798 15.062551
v -44.822250 11.531115 15.059674
v -44.825428 11.587901 15.055961
v -44.827972 11.638398 15.051186
v -44.829884 11.674937 15.048296
v -44.783352 11.444798 15.146072
v -44.793720 11.531114 15.128533
v -44.801369 11.587901 15.114000
v -44.807533 11.638398 15.100502
v -44.812153 11.674937 15.091057
v -44.866871 11.444798 15.180677
v -44.862579 11.531115 15.157058
v -44.859417 11.587903 15.138044
v -44.856857 11.638396 15.120938
v -44.854931 11.674938 15.108774
v -44.901493 11.444798 15.097156
v -44.891106 11.531115 15.088199
v -44.883446 11.587901 15.080006
v -44.877285 11.638398 15.071622
v -44.872635 11.674937 15.066013
v -44.837147 11.786237 15.079379
v -44.847668 11.786239 15.053970
v -44.842415 11.447453 15.184999
v -44.900379 11.452487 15.144547
v -44.866898 11.444798 15.062554
v -44.862606 11.531115 15.059675
v -44.859417 11.587901 15.055963
v -44.856873 11.638398 15.051189
v -44.854946 11.674937 15.048298
v -44.817944 11.444798 15.180673
v -44.822262 11.531115 15.157057
v -44.825413 11.587901 15.138042
v -44.827957 11.638397 15.120934
v -44.829868 11.674938 15.108772
v -44.842415 11.658031 15.117084
v -44.842400 11.614621 15.132042
v -44.842415 11.559852 15.151624
v -44.842415 11.502788 15.168798
v -44.797325 11.447453 15.076152
v -44.842415 11.658030 15.046664
v -44.842430 11.614622 15.050426
v -44.842430 11.559850 15.054102
v -44.842430 11.502787 15.057403
v -44.818398 11.452486 15.178493
v -44.842415 11.765346 15.085238
v -44.842388 11.765347 15.050355
v -44.784466 11.452487 15.096519
v -44.866432 11.452487 15.062572
v -44.855095 11.786239 15.061409
v -44.829693 11.786239 15.061417
v -44.783352 11.444798 15.097144
v -44.793709 11.531115 15.088196
v -44.801369 11.587901 15.080001
v -44.807518 11.638398 15.071610
v -44.812153 11.674937 15.066007
v -44.901478 11.444798 15.146083
v -44.891094 11.531115 15.128536
v -44.883461 11.587901 15.114005
v -44.877285 11.638398 15.100513
v -44.872635 11.674937 15.091063
v -44.877628 11.658030 15.081879
v -44.883224 11.614622 15.091239
v -44.891174 11.559850 15.102864
v -44.898109 11.502787 15.113103
v -44.885357 11.462215 15.076220
v -44.807190 11.658030 15.081868
v -44.801605 11.614622 15.091229
v -44.793640 11.559850 15.102861
v -44.786709 11.502787 15.113098
v -44.797325 11.447453 15.166321
v -44.824959 11.765347 15.067801
v -44.859829 11.765347 15.067792
v -44.859566 11.725589 15.088440
v -44.825264 11.725590 15.088444
v -44.825233 11.725590 15.054132
v -44.854725 11.765347 15.055460
v -44.842415 11.725588 15.095549
v -44.842400 11.725590 15.047023
v -44.818165 11.725590 15.071288
v -44.866665 11.725590 15.071283
v -44.861698 11.744941 15.061378
v -44.823101 11.744941 15.077387
v -44.834396 11.744941 15.050068
v -44.850391 11.744939 15.088697
v -44.850418 11.744941 15.050065
v -44.823074 11.744941 15.061385
v -44.834396 11.744940 15.088700
v -44.861698 11.744941 15.077380
v -44.885357 11.462215 15.162093
v -44.881794 11.502787 15.073718
v -44.799473 11.462214 15.162086
v -44.799473 11.462215 15.076213
v -44.842400 11.462214 15.179875
v -44.842430 11.462215 15.058431
v -44.903130 11.462215 15.119158
v -44.781700 11.462214 15.119148
v -44.788757 11.478680 15.138979
v -44.896072 11.478681 15.094534
v -44.820187 11.478681 15.063097
v -44.864628 11.478681 15.170416
v -44.896057 11.478681 15.138986
v -44.820171 11.478681 15.170413
v -44.788742 11.478681 15.094527
v -44.864643 11.478681 15.063100
v -44.859554 11.725590 15.054128
v -44.863747 11.691031 15.097139
v -44.821053 11.691030 15.097138
v -44.821068 11.691031 15.054442
v -44.842415 11.691030 15.105982
v -44.842388 11.691031 15.045600
v -44.812210 11.691031 15.075789
v -44.872593 11.691031 15.075792
v -44.867641 11.707612 15.083888
v -44.831963 11.707609 15.098684
v -44.817146 11.707612 15.062966
v -44.852856 11.707612 15.048170
v -44.852867 11.707610 15.098684
v -44.831932 11.707612 15.048171
v -44.817162 11.707612 15.083890
v -44.867641 11.707612 15.062964
v -46.152252 11.828435 16.150360
v -46.151676 11.828507 16.148378
v -46.150642 11.828435 16.146574
v -46.152004 11.828306 16.148235
v -46.152760 11.827258 16.150349
v -46.151028 11.827259 16.146183
v -46.153519 11.821041 16.147547
v -46.140987 11.827258 16.150354
v -46.140285 11.821041 16.147551
v -46.142708 11.827259 16.146187
v -46.141743 11.828306 16.148239
v -46.141510 11.828435 16.150366
v -46.143078 11.828436 16.146578
v -46.142101 11.828507 16.148382
v -46.146873 11.828435 16.155720
v -46.148869 11.828507 16.155153
v -46.150658 11.828435 16.154148
v -46.148994 11.828305 16.155491
v -46.146873 11.827258 16.156244
v -46.151054 11.827258 16.154516
v -46.149639 11.821040 16.156908
v -46.146873 11.828435 16.145008
v -46.144909 11.828507 16.145575
v -46.144756 11.828307 16.145235
v -46.146889 11.827261 16.144459
v -46.144123 11.821042 16.143673
v -46.148869 11.828507 16.145575
v -46.148979 11.828307 16.145233
v -46.149597 11.821042 16.143669
v -46.143093 11.828435 16.154152
v -46.144920 11.828507 16.155155
v -46.144772 11.828305 16.155493
v -46.142719 11.827258 16.154520
v -46.144165 11.821040 16.156910
v -46.140285 11.821040 16.153034
v -46.141743 11.828304 16.152489
v -46.142117 11.828507 16.152349
v -46.151703 11.828507 16.152346
v -46.152020 11.828305 16.152483
v -46.153519 11.821040 16.153030
v -46.150974 11.828538 16.150362
v -46.150078 11.828538 16.149038
v -46.149776 11.828538 16.147472
v -46.151001 11.828538 16.148657
v -46.151676 11.828541 16.150362
v -46.150284 11.828541 16.146990
v -46.151508 11.828540 16.148453
v -46.142117 11.828541 16.150366
v -46.142281 11.828540 16.148455
v -46.143532 11.828541 16.146992
v -46.142776 11.828540 16.148661
v -46.142776 11.828538 16.150366
v -46.143970 11.828538 16.147472
v -46.143684 11.828538 16.149040
v -46.146889 11.828538 16.154455
v -46.148193 11.828538 16.153561
v -46.149776 11.828538 16.153255
v -46.148579 11.828538 16.154482
v -46.146900 11.828541 16.155136
v -46.150257 11.828541 16.153736
v -46.148815 11.828540 16.154978
v -46.146889 11.828538 16.146275
v -46.145538 11.828538 16.147167
v -46.145168 11.828538 16.146248
v -46.146889 11.828541 16.145594
v -46.144978 11.828540 16.145752
v -46.148193 11.828538 16.147167
v -46.148567 11.828538 16.146246
v -46.148800 11.828540 16.145750
v -46.144001 11.828538 16.153257
v -46.145569 11.828538 16.153563
v -46.145168 11.828538 16.154482
v -46.143517 11.828541 16.153740
v -46.144978 11.828540 16.154980
v -46.142296 11.828540 16.152277
v -46.142761 11.828540 16.152071
v -46.143696 11.828538 16.151690
v -46.150078 11.828538 16.151688
v -46.151001 11.828538 16.152069
v -46.151508 11.828540 16.152273
v -44.836498 11.827258 16.150349
v -44.835785 11.821042 16.147547
v -44.838234 11.827259 16.146183
v -44.837299 11.828306 16.148235
v -44.837051 11.828435 16.150360
v -44.838631 11.828436 16.146574
v -44.837585 11.828508 16.148378
v -44.847778 11.828435 16.150366
v -44.847187 11.828508 16.148382
v -44.846195 11.828435 16.146578
v -44.847530 11.828306 16.148239
v -44.848289 11.827258 16.150354
v -44.846581 11.827259 16.146187
v -44.849003 11.821042 16.147551
v -44.842400 11.827257 16.156244
v -44.839664 11.821041 16.156908
v -44.838234 11.827257 16.154516
v -44.840298 11.828304 16.155491
v -44.842400 11.828435 16.155720
v -44.838619 11.828435 16.154148
v -44.840435 11.828508 16.155153
v -44.842400 11.827259 16.144459
v -44.845150 11.821043 16.143673
v -44.844559 11.828306 16.145235
v -44.842415 11.828436 16.145008
v -44.844395 11.828508 16.145575
v -44.839664 11.821042 16.143671
v -44.840309 11.828306 16.145233
v -44.840420 11.828508 16.145575
v -44.846554 11.827257 16.154520
v -44.845139 11.821041 16.156910
v -44.844547 11.828304 16.155491
v -44.846195 11.828435 16.154152
v -44.844383 11.828508 16.155155
v -44.847176 11.828508 16.152349
v -44.847519 11.828305 16.152489
v -44.849018 11.821041 16.153034
v -44.835770 11.821041 16.153030
v -44.837299 11.828304 16.152483
v -44.837612 11.828508 16.152346
v -44.837643 11.828541 16.150362
v -44.837780 11.828541 16.148453
v -44.839016 11.828541 16.146990
v -44.838276 11.828540 16.148659
v -44.838303 11.828538 16.150362
v -44.839497 11.828538 16.147472
v -44.839211 11.828538 16.149038
v -44.846485 11.828538 16.150366
v -44.845604 11.828538 16.149040
v -44.845291 11.828538 16.147472
v -44.846542 11.828538 16.148661
v -44.847176 11.828541 16.150366
v -44.845783 11.828541 16.146992
v -44.847023 11.828541 16.148455
v -44.842415 11.828541 16.155136
v -44.840488 11.828541 16.154978
v -44.839016 11.828541 16.153736
v -44.840683 11.828540 16.154482
v -44.842415 11.828538 16.154455
v -44.839497 11.828538 16.153255
v -44.841080 11.828538 16.153561
v -44.842415 11.828541 16.145594
v -44.844326 11.828541 16.145752
v -44.844120 11.828540 16.146248
v -44.842430 11.828538 16.146275
v -44.843735 11.828538 16.147167
v -44.840488 11.828541 16.145750
v -44.840694 11.828540 16.146246
v -44.841106 11.828538 16.147167
v -44.845772 11.828541 16.153740
v -44.844299 11.828541 16.154980
v -44.844120 11.828540 16.154482
v -44.845303 11.828538 16.153257
v -44.843719 11.828538 16.153563
v -44.845604 11.828538 16.151690
v -44.846527 11.828538 16.152071
v -44.847008 11.828541 16.152277
v -44.837765 11.828541 16.152273
v -44.838276 11.828540 16.152069
v -44.839211 11.828538 16.151688
v -46.152760 11.827258 15.065852
v -46.153503 11.821042 15.068656
v -46.151043 11.827259 15.070018
v -46.152020 11.828306 15.067966
v -46.152237 11.828435 15.065841
v -46.150658 11.828436 15.069627
v -46.151688 11.828508 15.067823
v -46.141525 11.828435 15.065837
v -46.142101 11.828508 15.067820
v -46.143078 11.828435 15.069624
v -46.141758 11.828306 15.067963
v -46.140972 11.827258 15.065848
v -46.142708 11.827259 15.070015
v -46.140270 11.821042 15.068650
v -46.146873 11.827257 15.059958
v -46.149654 11.821041 15.059293
v -46.151043 11.827257 15.061686
v -46.148994 11.828304 15.060712
v -46.146873 11.828435 15.060482
v -46.150669 11.828435 15.062053
v -46.148869 11.828508 15.061049
v -46.146873 11.827259 15.071743
v -46.144138 11.821043 15.072530
v -46.144741 11.828306 15.070968
v -46.146873 11.828436 15.071195
v -46.144894 11.828508 15.070626
v -46.149612 11.821042 15.072532
v -46.148994 11.828306 15.070970
v -46.148884 11.828508 15.070628
v -46.142735 11.827257 15.061682
v -46.144150 11.821041 15.059291
v -46.144756 11.828304 15.060710
v -46.143093 11.828435 15.062050
v -46.144920 11.828508 15.061047
v -46.142117 11.828508 15.063851
v -46.141758 11.828305 15.063714
v -46.140285 11.821041 15.063168
v -46.153530 11.821041 15.063172
v -46.152004 11.828304 15.063718
v -46.151703 11.828508 15.063855
v -46.151661 11.828541 15.065839
v -46.151524 11.828541 15.067750
v -46.150284 11.828541 15.069211
v -46.151016 11.828540 15.067544
v -46.150974 11.828538 15.065839
v -46.149776 11.828538 15.068730
v -46.150078 11.828538 15.067163
v -46.142788 11.828538 15.065836
v -46.143669 11.828538 15.067161
v -46.143986 11.828538 15.068728
v -46.142761 11.828538 15.067541
v -46.142128 11.828541 15.065836
v -46.143505 11.828541 15.069209
v -46.142265 11.828541 15.067747
v -46.146900 11.828541 15.061067
v -46.148800 11.828541 15.061224
v -46.150272 11.828541 15.062466
v -46.148621 11.828540 15.061721
v -46.146873 11.828538 15.061747
v -46.149776 11.828538 15.062946
v -46.148193 11.828538 15.062641
v -46.146889 11.828541 15.070608
v -46.144947 11.828541 15.070450
v -46.145184 11.828540 15.069954
v -46.146873 11.828538 15.069927
v -46.145554 11.828538 15.069034
v -46.148800 11.828541 15.070452
v -46.148609 11.828540 15.069955
v -46.148193 11.828538 15.069035
v -46.143532 11.828541 15.062463
v -46.144989 11.828541 15.061222
v -46.145184 11.828540 15.061719
v -46.143986 11.828538 15.062944
v -46.145569 11.828538 15.062640
v -46.143684 11.828538 15.064512
v -46.142776 11.828538 15.064131
v -46.142296 11.828541 15.063925
v -46.151508 11.828541 15.063928
v -46.151016 11.828540 15.064134
v -46.150078 11.828538 15.064514
v -44.837051 11.828435 15.065841
v -44.837601 11.828507 15.067823
v -44.838619 11.828435 15.069627
v -44.837269 11.828306 15.067966
v -44.836529 11.827258 15.065852
v -44.838245 11.827259 15.070018
v -44.835785 11.821041 15.068656
v -44.848301 11.827258 15.065848
v -44.849018 11.821041 15.068650
v -44.846569 11.827259 15.070015
v -44.847546 11.828306 15.067963
v -44.847767 11.828435 15.065837
v -44.846195 11.828436 15.069624
v -44.847187 11.828507 15.067820
v -44.842430 11.828435 15.060482
v -44.840420 11.828507 15.061049
v -44.838619 11.828435 15.062053
v -44.840267 11.828305 15.060712
v -44.842400 11.827258 15.059958
v -44.838234 11.827258 15.061686
v -44.839664 11.821040 15.059293
v -44.842430 11.828435 15.071195
v -44.844395 11.828507 15.070626
v -44.844547 11.828307 15.070968
v -44.842415 11.827261 15.071743
v -44.845150 11.821042 15.072530
v -44.840405 11.828507 15.070628
v -44.840267 11.828307 15.070970
v -44.839676 11.821042 15.072532
v -44.846184 11.828435 15.062050
v -44.844383 11.828507 15.061047
v -44.844547 11.828305 15.060710
v -44.846569 11.827258 15.061682
v -44.845139 11.821040 15.059291
v -44.849018 11.821040 15.063168
v -44.847530 11.828304 15.063714
v -44.847187 11.828507 15.063851
v -44.837601 11.828507 15.063855
v -44.837269 11.828305 15.063718
v -44.835770 11.821040 15.063172
v -44.838303 11.828538 15.065839
v -44.839211 11.828538 15.067163
v -44.839512 11.828538 15.068730
v -44.838287 11.828538 15.067544
v -44.837627 11.828541 15.065839
v -44.839031 11.828541 15.069212
v -44.837765 11.828540 15.067750
v -44.847176 11.828541 15.065836
v -44.847023 11.828540 15.067747
v -44.845783 11.828541 15.069209
v -44.846512 11.828540 15.067541
v -44.846512 11.828538 15.065836
v -44.845318 11.828538 15.068728
v -44.845604 11.828538 15.067161
v -44.842400 11.828538 15.061747
v -44.841095 11.828538 15.062641
v -44.839497 11.828538 15.062946
v -44.840694 11.828538 15.061721
v -44.842373 11.828541 15.061067
v -44.839016 11.828541 15.062466
v -44.840504 11.828540 15.061224
v -44.842415 11.828538 15.069927
v -44.843735 11.828538 15.069034
v -44.844135 11.828538 15.069954
v -44.842400 11.828541 15.070608
v -44.844326 11.828540 15.070451
v -44.841106 11.828538 15.069035
v -44.840710 11.828538 15.069955
v -44.840473 11.828540 15.070452
v -44.845291 11.828538 15.062944
v -44.843719 11.828538 15.062640
v -44.844105 11.828538 15.061719
v -44.845783 11.828541 15.062463
v -44.844315 11.828540 15.061222
v -44.847008 11.828540 15.063925
v -44.846512 11.828540 15.064131
v -44.845592 11.828538 15.064512
v -44.839211 11.828538 15.064514
v -44.838287 11.828538 15.064134
v -44.837765 11.828540 15.063928
v -46.152020 11.828536 16.150362
v -46.150505 11.828536 16.146753
v -46.153999 11.806245 16.142986
v -46.156929 11.806244 16.150087
v -46.150505 11.828536 16.153973
v -46.153999 11.806244 16.157190
v -46.146900 11.828536 16.145260
v -46.146862 11.806246 16.140047
v -46.143284 11.828536 16.146755
v -46.141785 11.828536 16.150366
v -46.139790 11.806244 16.157196
v -46.136860 11.806244 16.150095
v -46.139778 11.806244 16.142992
v -46.143272 11.828536 16.153976
v -46.146900 11.828536 16.155470
v -46.146915 11.806244 16.160135
v -46.149101 11.828537 16.150364
v -46.148430 11.828537 16.148798
v -46.148430 11.828537 16.151930
v -46.146873 11.828537 16.148149
v -46.145306 11.828537 16.148798
v -46.144661 11.828538 16.150364
v -46.145306 11.828537 16.151932
v -46.146889 11.828537 16.152580
v -44.837284 11.828536 16.150362
v -44.838783 11.828536 16.146753
v -44.832359 11.806245 16.150087
v -44.835304 11.806245 16.157190
v -44.835304 11.806245 16.142986
v -44.838799 11.828536 16.153973
v -44.842400 11.828536 16.145260
v -44.842400 11.806245 16.140047
v -44.846046 11.828536 16.146755
v -44.847519 11.828536 16.150366
v -44.852440 11.806245 16.150095
v -44.849510 11.806245 16.142992
v -44.846020 11.828536 16.153976
v -44.849499 11.806245 16.157196
v -44.842373 11.828536 16.155470
v -44.842373 11.806245 16.160135
v -44.840847 11.828537 16.148798
v -44.840172 11.828537 16.150364
v -44.840847 11.828537 16.151930
v -44.842400 11.828537 16.148149
v -44.844616 11.828537 16.150364
v -44.843983 11.828537 16.148798
v -44.843967 11.828538 16.151932
v -44.842388 11.828537 16.152580
v -46.152004 11.828536 15.065840
v -46.150520 11.828536 15.069448
v -46.156929 11.806245 15.066113
v -46.154015 11.806245 15.059011
v -46.153984 11.806245 15.073215
v -46.150494 11.828536 15.062228
v -46.146889 11.828536 15.070943
v -46.146862 11.806245 15.076154
v -46.143272 11.828536 15.069447
v -46.141785 11.828536 15.065835
v -46.136848 11.806245 15.066107
v -46.139805 11.806245 15.073210
v -46.143299 11.828536 15.062225
v -46.139790 11.806245 15.059006
v -46.146915 11.828536 15.060731
v -46.146900 11.806245 15.056067
v -46.148430 11.828537 15.067405
v -46.149090 11.828537 15.065839
v -46.148430 11.828537 15.064272
v -46.146873 11.828537 15.068053
v -46.144661 11.828537 15.065837
v -46.145306 11.828537 15.067404
v -46.145306 11.828538 15.064270
v -46.146873 11.828537 15.063622
v -44.837284 11.828536 15.065839
v -44.838799 11.828536 15.069448
v -44.835316 11.806245 15.073215
v -44.832359 11.806244 15.066113
v -44.838799 11.828536 15.062228
v -44.835304 11.806244 15.059011
v -44.842400 11.828536 15.070943
v -44.842400 11.806246 15.076154
v -44.846031 11.828536 15.069447
v -44.847504 11.828536 15.065835
v -44.849510 11.806244 15.059006
v -44.852440 11.806244 15.066107
v -44.849510 11.806244 15.073210
v -44.846020 11.828536 15.062225
v -44.842373 11.828536 15.060731
v -44.842373 11.806244 15.056067
v -44.840172 11.828537 15.065838
v -44.840847 11.828537 15.067405
v -44.840832 11.828537 15.064272
v -44.842400 11.828537 15.068053
v -44.843983 11.828537 15.067404
v -44.844616 11.828538 15.065837
v -44.843983 11.828537 15.064270
v -44.842388 11.828537 15.063622
v -46.148842 11.828535 16.145653
v -46.130795 11.765347 16.141743
v -46.153530 11.765346 16.132309
v -46.162983 11.765347 16.155067
v -46.140232 11.765347 16.164501
v -46.205719 11.447453 16.070595
v -46.125580 11.502785 16.154499
v -46.128235 11.559850 16.158335
v -46.131275 11.614623 16.162624
v -46.133396 11.658032 16.166819
v -46.088032 11.447453 16.119328
v -46.198277 11.502785 16.124393
v -46.191879 11.559850 16.131979
v -46.184547 11.614623 16.140570
v -46.179379 11.658032 16.147791
v -46.122475 11.447453 16.153797
v -46.168167 11.502787 16.051702
v -46.165485 11.559851 16.068342
v -46.162472 11.614620 16.087311
v -46.160339 11.658031 16.101839
v -46.171261 11.447453 16.036125
v -46.095486 11.502785 16.081808
v -46.101883 11.559850 16.094698
v -46.109215 11.614623 16.109365
v -46.114372 11.658032 16.120865
v -46.142155 11.828535 16.148415
v -46.133423 11.658031 16.101833
v -46.131275 11.614620 16.087307
v -46.128208 11.559851 16.068340
v -46.125580 11.502787 16.051701
v -46.205719 11.447453 16.119339
v -46.160339 11.658032 16.166822
v -46.162472 11.614623 16.162628
v -46.165512 11.559850 16.158337
v -46.168152 11.502785 16.154501
v -46.171234 11.447453 16.153801
v -46.140202 11.765347 16.132313
v -46.153545 11.765347 16.164499
v -46.144947 11.828535 16.155077
v -46.114372 11.658032 16.147781
v -46.109200 11.614623 16.140562
v -46.101883 11.559850 16.131975
v -46.095470 11.502785 16.124390
v -46.122501 11.447453 16.036121
v -46.179390 11.658032 16.120874
v -46.184536 11.614623 16.109373
v -46.191868 11.559850 16.094702
v -46.198277 11.502785 16.081814
v -46.088032 11.447453 16.070585
v -46.162968 11.765347 16.141735
v -46.130795 11.765347 16.155077
v -46.137619 11.806245 16.146255
v -46.142170 11.828535 16.152317
v -46.148842 11.828535 16.155075
v -46.149254 11.828539 16.149384
v -46.151592 11.828535 16.152315
v -46.124508 11.725589 16.154192
v -46.169266 11.725589 16.135639
v -46.156158 11.725589 16.167305
v -46.137604 11.725589 16.122526
v -46.137604 11.725589 16.167307
v -46.169266 11.725589 16.154188
v -46.156143 11.725588 16.122524
v -46.124508 11.725589 16.135645
v -46.202911 11.462214 16.073843
v -46.090824 11.462215 16.120255
v -46.170078 11.462215 16.153086
v -46.123684 11.462215 16.041012
v -46.090836 11.462215 16.073833
v -46.170078 11.462214 16.041016
v -46.202896 11.462215 16.120264
v -46.123642 11.462215 16.153082
v -46.156143 11.806244 16.146250
v -46.137630 11.806244 16.153934
v -46.150726 11.806244 16.159359
v -46.143036 11.806247 16.140825
v -46.150700 11.806244 16.140821
v -46.143051 11.806244 16.159361
v -46.144936 11.828535 16.145655
v -46.156158 11.806244 16.153927
v -46.149254 11.828539 16.151342
v -46.144508 11.828539 16.151344
v -46.145897 11.828539 16.152731
v -46.147850 11.828539 16.152729
v -46.144493 11.828539 16.149385
v -44.837685 11.828535 16.148411
v -46.145885 11.828540 16.147999
v -46.147839 11.828540 16.147999
v -46.119022 11.691031 16.128870
v -46.158401 11.691031 16.112551
v -46.174728 11.691031 16.151953
v -46.135334 11.691031 16.168270
v -46.135349 11.691031 16.112551
v -46.158413 11.691031 16.168272
v -46.174744 11.691031 16.128872
v -46.119007 11.691031 16.151951
v -44.833145 11.806244 16.146250
v -44.858494 11.765347 16.141743
v -44.835758 11.765345 16.132309
v -44.826309 11.765347 16.155067
v -44.849056 11.765347 16.164501
v -44.783569 11.447453 16.070595
v -44.863693 11.502786 16.154499
v -44.861065 11.559851 16.158335
v -44.858040 11.614621 16.162624
v -44.855865 11.658031 16.166819
v -44.901257 11.447453 16.119328
v -44.791000 11.502786 16.124393
v -44.797409 11.559851 16.131979
v -44.804752 11.614621 16.140570
v -44.809925 11.658031 16.147791
v -44.866817 11.447453 16.153797
v -44.821136 11.502787 16.051702
v -44.823792 11.559850 16.068342
v -44.826817 11.614620 16.087311
v -44.828934 11.658030 16.101839
v -44.818027 11.447453 16.036125
v -44.893818 11.502786 16.081808
v -44.887421 11.559851 16.094698
v -44.880074 11.614621 16.109365
v -44.874905 11.658031 16.120865
v -44.847134 11.828535 16.148415
v -44.855865 11.658031 16.101833
v -44.858013 11.614620 16.087307
v -44.861053 11.559851 16.068340
v -44.863678 11.502786 16.051701
v -44.783569 11.447453 16.119339
v -44.828949 11.658031 16.166822
v -44.826832 11.614621 16.162628
v -44.823776 11.559851 16.158337
v -44.821121 11.502786 16.154501
v -44.818054 11.447453 16.153801
v -44.849087 11.765346 16.132313
v -44.835716 11.765347 16.164499
v -44.844341 11.828535 16.155077
v -44.874905 11.658031 16.147781
v -44.880089 11.614621 16.140562
v -44.887421 11.559851 16.131975
v -44.893803 11.502786 16.124390
v -44.866787 11.447453 16.036121
v -44.809925 11.658031 16.120874
v -44.804741 11.614621 16.109373
v -44.797409 11.559851 16.094702
v -44.791012 11.502786 16.081814
v -44.901245 11.447453 16.070585
v -44.826294 11.765347 16.141735
v -44.858479 11.765347 16.155077
v -44.844353 11.828535 16.145655
v -44.847103 11.828535 16.152317
v -44.840446 11.828535 16.155075
v -44.838551 11.806244 16.159359
v -44.837685 11.828535 16.152315
v -44.864792 11.725588 16.154192
v -44.820023 11.725588 16.135639
v -44.833130 11.725588 16.167305
v -44.851685 11.725588 16.122526
v -44.851658 11.725588 16.167307
v -44.820007 11.725588 16.154188
v -44.833145 11.725588 16.122524
v -44.864792 11.725588 16.135645
v -44.786350 11.462214 16.073843
v -44.898426 11.462215 16.120255
v -44.819183 11.462215 16.153086
v -44.865593 11.462214 16.041012
v -44.898453 11.462215 16.073833
v -44.819195 11.462214 16.041016
v -44.786377 11.462215 16.120264
v -44.865631 11.462215 16.153082
v -44.833130 11.806244 16.153927
v -44.851658 11.806245 16.146255
v -44.846226 11.806244 16.159361
v -44.846252 11.806246 16.140825
v -44.838593 11.806244 16.140821
v -44.840019 11.828539 16.149384
v -44.851673 11.806244 16.153934
v -44.840446 11.828535 16.145653
v -44.840008 11.828540 16.151342
v -44.844753 11.828539 16.151344
v -44.843365 11.828539 16.152731
v -44.841412 11.828540 16.152729
v -44.844765 11.828539 16.149385
v -46.151608 11.828535 15.067791
v -44.843376 11.828539 16.147999
v -44.841396 11.828539 16.147999
v -44.870270 11.691032 16.128870
v -44.830887 11.691031 16.112551
v -44.814548 11.691032 16.151953
v -44.853954 11.691032 16.168270
v -44.853943 11.691032 16.112551
v -44.830875 11.691032 16.168272
v -44.814560 11.691032 16.128872
v -44.870270 11.691032 16.151951
v -46.156132 11.806244 15.069953
v -46.130810 11.765347 15.074459
v -46.153519 11.765345 15.083894
v -46.162968 11.765347 15.061134
v -46.140232 11.765347 15.051700
v -46.205719 11.447453 15.145606
v -46.125568 11.502786 15.061703
v -46.128235 11.559851 15.057866
v -46.131275 11.614621 15.053577
v -46.133408 11.658031 15.049384
v -46.088017 11.447453 15.096874
v -46.198277 11.502786 15.091808
v -46.191868 11.559851 15.084223
v -46.184547 11.614621 15.075631
v -46.179379 11.658031 15.068411
v -46.122475 11.447453 15.062405
v -46.168152 11.502787 15.164499
v -46.165497 11.559850 15.147860
v -46.162472 11.614620 15.128891
v -46.160328 11.658030 15.114364
v -46.171261 11.447453 15.180076
v -46.095470 11.502786 15.134394
v -46.101883 11.559851 15.121503
v -46.109200 11.614621 15.106836
v -46.114372 11.658031 15.095337
v -46.142170 11.828535 15.067787
v -46.133408 11.658031 15.114367
v -46.131275 11.614620 15.128894
v -46.128223 11.559851 15.147861
v -46.125580 11.502786 15.164501
v -46.205719 11.447453 15.096864
v -46.160328 11.658031 15.049380
v -46.162472 11.614621 15.053574
v -46.165512 11.559851 15.057865
v -46.168152 11.502786 15.061701
v -46.171234 11.447453 15.062401
v -46.140202 11.765346 15.083890
v -46.153561 11.765347 15.051703
v -46.144947 11.828535 15.061125
v -46.114384 11.658031 15.068420
v -46.109215 11.614621 15.075640
v -46.101883 11.559851 15.084226
v -46.095470 11.502786 15.091813
v -46.122501 11.447453 15.180080
v -46.179379 11.658031 15.095327
v -46.184521 11.614621 15.106829
v -46.191868 11.559851 15.121500
v -46.198277 11.502786 15.134388
v -46.088032 11.447453 15.145617
v -46.162983 11.765347 15.074468
v -46.130795 11.765347 15.061126
v -46.144936 11.828535 15.070548
v -46.142170 11.828535 15.063884
v -46.148827 11.828535 15.061127
v -46.150726 11.806244 15.056843
v -46.151592 11.828535 15.063888
v -46.124496 11.725588 15.062009
v -46.169266 11.725588 15.080563
v -46.156158 11.725588 15.048897
v -46.137604 11.725588 15.093675
v -46.137604 11.725588 15.048895
v -46.169266 11.725588 15.062014
v -46.156143 11.725588 15.093677
v -46.124496 11.725588 15.080558
v -46.202911 11.462214 15.142359
v -46.090836 11.462215 15.095947
v -46.170078 11.462215 15.063116
v -46.123669 11.462214 15.175190
v -46.090836 11.462215 15.142368
v -46.170094 11.462214 15.175186
v -46.202896 11.462215 15.095938
v -46.123657 11.462215 15.063120
v -46.156158 11.806244 15.062275
v -46.137619 11.806245 15.069946
v -46.143051 11.806244 15.056840
v -46.143024 11.806246 15.075377
v -46.150700 11.806244 15.075380
v -46.149239 11.828539 15.066818
v -46.137619 11.806244 15.062267
v -46.148842 11.828535 15.070549
v -46.149227 11.828540 15.064858
v -46.144508 11.828539 15.064857
v -46.145897 11.828539 15.063472
v -46.147839 11.828540 15.063472
v -46.144508 11.828539 15.066816
v -44.837696 11.828535 15.067791
v -46.145885 11.828539 15.068203
v -46.147839 11.828539 15.068203
v -46.119022 11.691032 15.087332
v -46.158386 11.691031 15.103651
v -46.174744 11.691032 15.064250
v -46.135349 11.691032 15.047931
v -46.135349 11.691032 15.103651
v -46.158413 11.691032 15.047931
v -46.174744 11.691032 15.087330
v -46.119007 11.691032 15.064252
v -44.840446 11.828535 15.070549
v -44.858494 11.765347 15.074459
v -44.835732 11.765346 15.083894
v -44.826309 11.765347 15.061134
v -44.849056 11.765347 15.051700
v -44.783558 11.447453 15.145606
v -44.863708 11.502785 15.061703
v -44.861080 11.559850 15.057866
v -44.858025 11.614623 15.053577
v -44.855881 11.658032 15.049384
v -44.901245 11.447453 15.096874
v -44.791012 11.502785 15.091808
v -44.797409 11.559850 15.084223
v -44.804752 11.614623 15.075631
v -44.809910 11.658032 15.068411
v -44.866802 11.447453 15.062405
v -44.821121 11.502787 15.164499
v -44.823792 11.559851 15.147860
v -44.826817 11.614620 15.128891
v -44.828949 11.658031 15.114364
v -44.818027 11.447453 15.180076
v -44.893818 11.502785 15.134394
v -44.887405 11.559850 15.121503
v -44.880089 11.614623 15.106836
v -44.874889 11.658032 15.095337
v -44.847103 11.828535 15.067787
v -44.855865 11.658031 15.114367
v -44.858013 11.614620 15.128894
v -44.861053 11.559851 15.147861
v -44.863693 11.502787 15.164501
v -44.783569 11.447453 15.096864
v -44.828960 11.658032 15.049380
v -44.826843 11.614623 15.053574
v -44.823776 11.559850 15.057865
v -44.821136 11.502785 15.061701
v -44.818039 11.447453 15.062401
v -44.849072 11.765347 15.083890
v -44.835732 11.765347 15.051703
v -44.844353 11.828535 15.061125
v -44.874889 11.658032 15.068420
v -44.880104 11.614623 15.075640
v -44.887421 11.559850 15.084226
v -44.893818 11.502785 15.091813
v -44.866776 11.447453 15.180080
v -44.809925 11.658032 15.095327
v -44.804752 11.614623 15.106829
v -44.797409 11.559850 15.121500
v -44.791027 11.502785 15.134388
v -44.901245 11.447453 15.145617
v -44.826321 11.765347 15.074468
v -44.858494 11.765347 15.061126
v -44.851658 11.806245 15.069946
v -44.847103 11.828535 15.063884
v -44.840446 11.828535 15.061127
v -44.840008 11.828539 15.066818
v -44.837711 11.828535 15.063888
v -44.864780 11.725589 15.062009
v -44.820007 11.725589 15.080563
v -44.833115 11.725589 15.048897
v -44.851685 11.725589 15.093675
v -44.851658 11.725589 15.048895
v -44.820007 11.725589 15.062014
v -44.833145 11.725588 15.093677
v -44.864780 11.725589 15.080558
v -44.786362 11.462214 15.142359
v -44.898453 11.462215 15.095947
v -44.819210 11.462215 15.063116
v -44.865593 11.462215 15.175190
v -44.898438 11.462215 15.142368
v -44.819195 11.462214 15.175186
v -44.786362 11.462215 15.095938
v -44.865631 11.462215 15.063120
v -44.833145 11.806244 15.069953
v -44.851673 11.806244 15.062267
v -44.838562 11.806244 15.056843
v -44.846252 11.806247 15.075377
v -44.838577 11.806244 15.075380
v -44.846237 11.806244 15.056840
v -44.844353 11.828535 15.070548
v -44.833130 11.806244 15.062275
v -44.840019 11.828539 15.064858
v -44.844753 11.828539 15.064857
v -44.843365 11.828539 15.063472
v -44.841396 11.828539 15.063472
v -44.844753 11.828539 15.066816
v -44.843365 11.828540 15.068203
v -44.841412 11.828540 15.068203
v -44.870255 11.691031 15.087332
v -44.830875 11.691031 15.103651
v -44.814518 11.691031 15.064250
v -44.853943 11.691031 15.047931
v -44.853943 11.691031 15.103651
v -44.830875 11.691031 15.047931
v -44.814548 11.691031 15.087330
v -44.870270 11.691031 15.064252
v -46.151814 11.828435 16.148314
v -46.152321 11.827258 16.148098
v -46.141457 11.827260 16.148102
v -46.141922 11.828436 16.148317
v -46.148911 11.828435 16.155306
v -46.149132 11.827257 16.155788
v -46.144810 11.828435 16.145422
v -46.144619 11.827259 16.144915
v -46.148911 11.828436 16.145420
v -46.149132 11.827261 16.144913
v -46.144825 11.828435 16.155308
v -46.144630 11.827257 16.155790
v -46.141457 11.827259 16.152605
v -46.141922 11.828436 16.152412
v -46.151814 11.828435 16.152409
v -46.152306 11.827257 16.152601
v -46.150669 11.828538 16.148798
v -46.151291 11.828538 16.148540
v -46.142487 11.828538 16.148542
v -46.143093 11.828538 16.148800
v -46.148441 11.828538 16.154142
v -46.148716 11.828538 16.154766
v -46.145306 11.828538 16.146585
v -46.145058 11.828538 16.145962
v -46.148430 11.828538 16.146585
v -46.148716 11.828538 16.145962
v -46.145321 11.828538 16.154144
v -46.145058 11.828538 16.154768
v -46.142487 11.828538 16.152189
v -46.143105 11.828538 16.151932
v -46.150669 11.828538 16.151928
v -46.151291 11.828538 16.152185
v -44.836952 11.827260 16.148098
v -44.837448 11.828436 16.148314
v -44.847366 11.828436 16.148317
v -44.847836 11.827258 16.148102
v -44.840145 11.827259 16.155788
v -44.840351 11.828436 16.155306
v -44.844669 11.827261 16.144915
v -44.844452 11.828436 16.145422
v -44.840145 11.827260 16.144913
v -44.840351 11.828436 16.145420
v -44.844658 11.827259 16.155790
v -44.844437 11.828436 16.155308
v -44.847351 11.828435 16.152412
v -44.847836 11.827257 16.152605
v -44.836952 11.827259 16.152601
v -44.837448 11.828436 16.152409
v -44.837997 11.828538 16.148540
v -44.838604 11.828538 16.148798
v -44.846184 11.828538 16.148800
v -44.846802 11.828538 16.148542
v -44.840584 11.828538 16.154766
v -44.840832 11.828538 16.154142
v -44.844231 11.828538 16.145962
v -44.843983 11.828538 16.146585
v -44.840584 11.828538 16.145962
v -44.840847 11.828538 16.146585
v -44.844231 11.828538 16.154768
v -44.843967 11.828538 16.154144
v -44.846169 11.828538 16.151932
v -44.846790 11.828538 16.152189
v -44.837997 11.828538 16.152185
v -44.838604 11.828538 16.151928
v -46.152321 11.827260 15.068105
v -46.151840 11.828436 15.067887
v -46.141922 11.828436 15.067883
v -46.141441 11.827258 15.068100
v -46.149132 11.827259 15.060413
v -46.148937 11.828436 15.060896
v -46.144630 11.827261 15.071287
v -46.144810 11.828436 15.070780
v -46.149101 11.827260 15.071288
v -46.148922 11.828436 15.070782
v -46.144630 11.827259 15.060411
v -46.144825 11.828436 15.060895
v -46.141937 11.828435 15.063789
v -46.141457 11.827257 15.063596
v -46.152321 11.827259 15.063601
v -46.151840 11.828436 15.063793
v -46.151291 11.828538 15.067662
v -46.150658 11.828538 15.067404
v -46.143078 11.828538 15.067402
v -46.142471 11.828538 15.067659
v -46.148705 11.828538 15.061436
v -46.148441 11.828538 15.062058
v -46.145046 11.828538 15.070239
v -46.145306 11.828538 15.069616
v -46.148705 11.828538 15.070240
v -46.148430 11.828538 15.069617
v -46.145058 11.828538 15.061434
v -46.145321 11.828538 15.062057
v -46.143120 11.828538 15.064271
v -46.142487 11.828538 15.064013
v -46.151276 11.828538 15.064015
v -46.150669 11.828538 15.064274
v -44.837448 11.828436 15.067887
v -44.836983 11.827258 15.068105
v -44.847836 11.827260 15.068100
v -44.847324 11.828436 15.067884
v -44.840378 11.828435 15.060896
v -44.840160 11.827257 15.060413
v -44.844463 11.828435 15.070780
v -44.844658 11.827259 15.071287
v -44.840378 11.828435 15.070782
v -44.840160 11.827261 15.071288
v -44.844452 11.828435 15.060895
v -44.844658 11.827257 15.060411
v -44.847820 11.827259 15.063596
v -44.847324 11.828436 15.063789
v -44.837448 11.828435 15.063793
v -44.836967 11.827257 15.063601
v -44.838619 11.828538 15.067404
v -44.837986 11.828538 15.067662
v -44.846802 11.828538 15.067659
v -44.846195 11.828538 15.067402
v -44.840847 11.828538 15.062058
v -44.840572 11.828538 15.061436
v -44.843983 11.828538 15.069616
v -44.844242 11.828538 15.070239
v -44.840847 11.828538 15.069617
v -44.840584 11.828538 15.070240
v -44.843967 11.828538 15.062057
v -44.844215 11.828538 15.061434
v -44.846802 11.828538 15.064013
v -44.846184 11.828538 15.064271
v -44.838619 11.828538 15.064274
v -44.837986 11.828538 15.064015
v -46.151592 11.828535 16.148411
v -45.935501 11.110000 16.117228
v -45.936852 11.111066 16.116995
v -45.935902 11.110754 16.117064
v -45.936863 11.067426 16.126497
v -45.935516 11.065587 16.124580
v -45.935917 11.066879 16.125929
v -45.935516 11.039164 16.270321
v -45.936863 11.039465 16.269072
v -45.935917 11.039380 16.269442
v -45.936852 11.060665 16.302408
v -45.935501 11.060676 16.300980
v -45.935902 11.060668 16.301991
v -45.936863 11.079589 16.254097
v -45.935516 11.079892 16.255350
v -45.935917 11.079681 16.254463
v -45.935516 11.060942 16.265924
v -45.936863 11.060936 16.264627
v -45.935917 11.060945 16.265007
v -45.935501 10.945625 16.226683
v -45.936852 10.944325 16.226748
v -45.935902 10.944707 16.226728
v -45.936863 10.982948 16.244053
v -45.935516 10.981836 16.244562
v -45.935917 10.982624 16.244207
v -45.935501 11.087283 16.286734
v -45.936852 11.087604 16.288095
v -45.935902 11.087510 16.287699
v -45.935516 10.970366 16.225426
v -45.936863 10.971601 16.225349
v -45.935917 10.971240 16.225378
v -45.935516 11.028730 16.120270
v -45.936863 11.029086 16.121920
v -45.935917 11.028977 16.121431
v -45.935501 11.107568 16.264328
v -45.936852 11.108145 16.265568
v -45.935902 11.107976 16.265203
v -45.935501 11.120014 16.236933
v -45.936852 11.120803 16.237978
v -45.935902 11.120572 16.237673
v -45.935501 11.124902 16.208038
v -45.936852 11.125848 16.208830
v -45.935902 11.125570 16.208597
v -45.935501 11.125122 16.180517
v -45.936852 11.126167 16.180929
v -45.935902 11.125861 16.180809
v -45.936863 11.105606 16.172836
v -45.935516 11.106586 16.173201
v -45.935917 11.105894 16.172934
v -45.936863 11.108947 16.194715
v -45.935516 11.109877 16.195457
v -45.935917 11.109224 16.194923
v -45.935516 11.106215 16.218660
v -45.936863 11.105441 16.217672
v -45.935917 11.105675 16.217955
v -45.936863 11.095235 16.237850
v -45.935516 11.095791 16.239008
v -45.935917 11.095403 16.238186
v -45.936852 11.003950 16.104092
v -45.935501 11.004247 16.105761
v -45.935902 11.004037 16.104580
v -45.935501 10.983148 16.118452
v -45.936852 10.982675 16.116848
v -45.935902 10.982813 16.117319
v -45.935501 10.964269 16.138378
v -45.936852 10.963494 16.137011
v -45.935902 10.963722 16.137413
v -45.935501 10.950778 16.164961
v -45.936852 10.949716 16.164003
v -45.935902 10.950027 16.164286
v -45.935516 10.966404 16.179056
v -45.936863 10.967489 16.180014
v -45.935917 10.967167 16.179737
v -45.935516 10.974900 16.157135
v -45.936863 10.975708 16.158525
v -45.935917 10.975465 16.158119
v -45.935516 10.989314 16.139359
v -45.936863 10.989817 16.140995
v -45.935917 10.989662 16.140518
v -45.936863 11.008310 16.128521
v -45.935516 11.007991 16.126827
v -45.935917 11.008209 16.128023
v -45.936852 10.973400 16.282042
v -45.935501 10.974407 16.281105
v -45.935902 10.973695 16.281767
v -45.936852 10.999757 16.299366
v -45.935501 11.000460 16.298143
v -45.935902 10.999963 16.299007
v -45.935516 11.017962 16.267708
v -45.936863 11.018579 16.266609
v -45.935917 11.018402 16.266935
v -45.936863 10.999121 16.258076
v -45.935516 10.998226 16.258928
v -45.935917 10.998861 16.258331
v -45.935501 10.955611 16.256237
v -45.936852 10.954394 16.256779
v -45.935902 10.954752 16.256620
v -45.935501 11.030510 16.305031
v -45.936852 11.030164 16.306416
v -45.935902 11.030266 16.306009
v -45.936852 10.943039 16.194933
v -45.935501 10.944287 16.195381
v -45.935902 10.943404 16.195065
v -45.936863 10.966158 16.203209
v -45.935516 10.964925 16.202782
v -45.935917 10.965794 16.203089
v -45.935516 11.048217 16.119768
v -45.936863 11.049001 16.121395
v -45.935917 11.048769 16.120913
v -45.936852 11.023683 16.096300
v -45.935501 11.027416 16.096598
v -45.935902 11.024776 16.096388
v -45.936852 11.055766 16.088863
v -45.935501 11.055876 16.090242
v -45.935902 11.055799 16.089268
v -45.936852 11.044448 16.088657
v -45.935501 11.043700 16.090019
v -45.936852 11.042241 16.089668
v -45.935886 11.044252 16.089123
v -45.936054 11.043331 16.089149
v -45.935886 11.042692 16.089838
v -45.936836 11.043221 16.088875
v -45.935501 11.121321 16.155731
v -45.936852 11.122397 16.155848
v -45.935902 11.122082 16.155813
v -45.935501 11.116850 16.134426
v -45.936852 11.117936 16.134325
v -45.935902 11.117619 16.134356
v -45.936863 11.096778 16.153111
v -45.935516 11.097736 16.153189
v -45.935917 11.097056 16.153124
v -45.936863 11.084181 16.137486
v -45.935516 11.085075 16.137377
v -45.935917 11.084440 16.137444
v -46.020645 11.068441 16.127413
v -46.021992 11.068881 16.126759
v -46.021595 11.068578 16.127226
v -46.020687 11.111073 16.116953
v -46.022034 11.109982 16.117220
v -46.021637 11.110755 16.117031
v -46.020645 11.030171 16.306374
v -46.021992 11.030499 16.304966
v -46.021595 11.030268 16.305962
v -46.020645 11.038989 16.268505
v -46.021992 11.038683 16.269779
v -46.021595 11.038896 16.268875
v -46.021992 11.000447 16.298071
v -46.020645 10.999764 16.299324
v -46.021595 10.999965 16.298958
v -46.020603 11.117942 16.134283
v -46.021954 11.116836 16.134439
v -46.021553 11.117617 16.134329
v -46.021992 11.079434 16.255590
v -46.020645 11.079116 16.254293
v -46.021595 11.079206 16.254675
v -46.020645 11.060010 16.264523
v -46.021992 11.060019 16.265852
v -46.021595 11.060006 16.264912
v -46.021992 11.060646 16.300926
v -46.020645 11.060672 16.302368
v -46.021595 11.060664 16.301945
v -46.020630 11.087610 16.288055
v -46.021980 11.087265 16.286682
v -46.021580 11.087509 16.287653
v -46.020645 10.954401 16.256737
v -46.021992 10.955617 16.256159
v -46.021595 10.954757 16.256567
v -46.021992 10.981703 16.243744
v -46.020645 10.982847 16.243214
v -46.021595 10.982512 16.243362
v -46.021980 10.944308 16.195293
v -46.020630 10.943043 16.194891
v -46.021580 10.943415 16.195007
v -46.020630 10.944331 16.226706
v -46.021980 10.945640 16.226597
v -46.021580 10.944715 16.226675
v -46.020645 10.971740 16.224442
v -46.021992 10.970469 16.224533
v -46.021595 10.971370 16.224463
v -46.020630 11.108151 16.265526
v -46.021980 11.107533 16.264307
v -46.021580 11.107970 16.265169
v -46.021992 10.997776 16.258261
v -46.020645 10.998697 16.257380
v -46.021595 10.998425 16.257633
v -46.021992 11.009159 16.127140
v -46.020645 11.009521 16.128830
v -46.021595 11.009423 16.128338
v -46.020645 11.029776 16.122755
v -46.021992 11.029440 16.121262
v -46.021595 11.029682 16.122324
v -46.021992 11.095073 16.239767
v -46.020645 11.094485 16.238575
v -46.021595 11.094652 16.238930
v -46.020630 11.120810 16.237936
v -46.021980 11.119972 16.236944
v -46.021580 11.120564 16.237646
v -46.020660 11.125853 16.208788
v -46.022007 11.124863 16.208090
v -46.021610 11.125562 16.208584
v -46.021992 11.109241 16.197104
v -46.020645 11.108250 16.196371
v -46.021595 11.108536 16.196596
v -46.020645 11.104554 16.218668
v -46.021992 11.105372 16.219669
v -46.021595 11.104788 16.218967
v -46.020645 11.126172 16.180887
v -46.021992 11.125093 16.180542
v -46.021595 11.125856 16.180786
v -46.021992 11.106557 16.174606
v -46.020645 11.105479 16.174238
v -46.021595 11.105795 16.174355
v -46.021980 11.004324 16.105656
v -46.020630 11.003963 16.104053
v -46.021580 11.004069 16.104523
v -46.020660 10.982685 16.116810
v -46.022007 10.983219 16.118343
v -46.021610 10.982841 16.117258
v -46.020660 10.963501 16.136971
v -46.022007 10.964318 16.138275
v -46.021610 10.963740 16.137352
v -46.020630 10.949721 16.163961
v -46.021980 10.950811 16.164867
v -46.021580 10.950041 16.164227
v -46.021992 10.965283 16.201981
v -46.020645 10.966558 16.202404
v -46.021595 10.966187 16.202274
v -46.020645 10.968211 16.179356
v -46.021992 10.967084 16.178400
v -46.021595 10.967885 16.179071
v -46.020645 10.976694 16.158072
v -46.021992 10.975845 16.156683
v -46.021595 10.976452 16.157661
v -46.020645 10.991004 16.140783
v -46.021992 10.990457 16.139151
v -46.021595 10.990851 16.140305
v -46.021992 10.974403 16.281029
v -46.020645 10.973407 16.282000
v -46.021595 10.973700 16.281715
v -46.020645 11.017954 16.266031
v -46.021992 11.017323 16.267160
v -46.021595 11.017765 16.266357
v -46.020645 11.049285 16.122221
v -46.021992 11.047484 16.120937
v -46.021595 11.048759 16.121851
v -46.021912 11.027041 16.096672
v -46.020576 11.023695 16.096262
v -46.021511 11.024674 16.096382
v -46.021854 11.055881 16.090199
v -46.020508 11.055773 16.088821
v -46.021458 11.055804 16.089224
v -46.020508 11.044454 16.088615
v -46.020508 11.042247 16.089626
v -46.021854 11.043706 16.089975
v -46.020508 11.043250 16.088902
v -46.021294 11.043322 16.089071
v -46.021458 11.042763 16.089622
v -46.021458 11.044089 16.089010
v -46.021992 11.085507 16.138885
v -46.020645 11.084470 16.139008
v -46.021595 11.084775 16.138983
v -46.020603 11.122404 16.155806
v -46.021954 11.121303 16.155756
v -46.021553 11.122082 16.155790
v -46.021992 11.097993 16.154726
v -46.020645 11.096920 16.154655
v -46.021595 11.097236 16.154686
v -45.935501 11.104009 16.095766
v -45.936852 11.103708 16.094442
v -45.936852 11.105394 16.095745
v -45.935902 11.103859 16.094831
v -45.936081 11.104632 16.094984
v -45.936852 11.104760 16.094826
v -45.935886 11.104970 16.095686
v -45.936852 11.089310 16.094442
v -45.935501 11.087736 16.095766
v -45.936852 11.086637 16.094213
v -45.935902 11.088517 16.094831
v -45.936081 11.087918 16.094618
v -45.935902 11.087234 16.094717
v -45.936852 11.087970 16.094376
v -46.020977 11.089315 16.094402
v -46.020962 11.086642 16.094172
v -46.022297 11.087742 16.095722
v -46.020977 11.087975 16.094336
v -46.021732 11.087921 16.094576
v -46.021896 11.087228 16.094671
v -46.021923 11.088520 16.094790
v -46.022297 11.104014 16.095724
v -46.020947 11.105401 16.095705
v -46.020977 11.103714 16.094402
v -46.021885 11.104986 16.095715
v -46.021732 11.104628 16.094955
v -46.020947 11.104775 16.094780
v -46.021912 11.103794 16.094793
v -45.935501 11.043738 16.089972
v -45.935501 11.041123 16.092535
v -45.936852 11.039703 16.091551
v -45.936852 11.041854 16.090134
v -45.935501 11.042153 16.091707
v -45.935902 11.041354 16.091105
v -45.935902 11.040333 16.091776
v -45.936852 11.040868 16.090977
v -45.935886 11.042583 16.089876
v -45.935501 11.055701 16.093445
v -45.935501 11.055914 16.090731
v -45.935501 11.055897 16.092096
v -46.021854 11.043744 16.089930
v -46.020523 11.041861 16.090092
v -46.020523 11.039709 16.091511
v -46.021885 11.041130 16.092491
v -46.021458 11.042585 16.089836
v -46.021484 11.041360 16.091061
v -46.020523 11.040874 16.090937
v -46.021500 11.040350 16.091730
v -46.021870 11.042162 16.091663
v -46.021870 11.055920 16.090689
v -46.021870 11.055729 16.093403
v -46.021870 11.055908 16.092052
v -45.935501 11.105371 16.099998
v -45.935501 11.104403 16.097279
v -45.936852 11.105836 16.097441
v -45.936852 11.106524 16.100044
v -45.935501 11.104887 16.098639
v -45.935902 11.105797 16.098690
v -45.935902 11.105387 16.097290
v -45.936852 11.106180 16.098743
v -45.935902 11.106160 16.099949
v -45.935501 11.086596 16.098640
v -45.935501 11.087684 16.096071
v -45.935501 11.087270 16.097370
v -46.022255 11.086668 16.098606
v -46.022297 11.087689 16.096029
v -46.022270 11.087296 16.097330
v -46.022282 11.104409 16.097237
v -46.022240 11.105347 16.099957
v -46.020893 11.106530 16.100002
v -46.020920 11.105843 16.097401
v -46.022255 11.104878 16.098597
v -46.021854 11.105798 16.098648
v -46.021843 11.106159 16.099911
v -46.020908 11.106187 16.098701
v -46.021870 11.105399 16.097254
v -45.052410 11.111066 16.116995
v -45.053757 11.110000 16.117228
v -45.053360 11.110754 16.117064
v -45.053745 11.065587 16.124580
v -45.052399 11.067426 16.126497
v -45.053345 11.066879 16.125929
v -45.052399 11.039465 16.269072
v -45.053745 11.039164 16.270321
v -45.053345 11.039380 16.269442
v -45.053757 11.060676 16.300980
v -45.052410 11.060665 16.302408
v -45.053360 11.060668 16.301991
v -45.053745 11.079892 16.255350
v -45.052399 11.079589 16.254097
v -45.053345 11.079681 16.254463
v -45.052399 11.060936 16.264627
v -45.053745 11.060942 16.265924
v -45.053345 11.060945 16.265007
v -45.052410 10.944325 16.226748
v -45.053757 10.945625 16.226683
v -45.053360 10.944707 16.226728
v -45.053745 10.981836 16.244562
v -45.052399 10.982948 16.244053
v -45.053345 10.982624 16.244207
v -45.052410 11.087604 16.288095
v -45.053757 11.087283 16.286734
v -45.053360 11.087510 16.287699
v -45.052399 10.971601 16.225349
v -45.053745 10.970366 16.225426
v -45.053345 10.971240 16.225378
v -45.052399 11.029086 16.121920
v -45.053745 11.028730 16.120270
v -45.053345 11.028977 16.121431
v -45.052410 11.108145 16.265568
v -45.053757 11.107568 16.264328
v -45.053360 11.107976 16.265203
v -45.052410 11.120803 16.237978
v -45.053757 11.120014 16.236933
v -45.053360 11.120572 16.237673
v -45.052410 11.125848 16.208830
v -45.053757 11.124902 16.208038
v -45.053360 11.125570 16.208597
v -45.052410 11.126167 16.180929
v -45.053757 11.125122 16.180517
v -45.053360 11.125861 16.180809
v -45.053745 11.106586 16.173201
v -45.052399 11.105606 16.172836
v -45.053345 11.105894 16.172934
v -45.053745 11.109877 16.195457
v -45.052399 11.108947 16.194715
v -45.053345 11.109224 16.194923
v -45.052399 11.105441 16.217672
v -45.053745 11.106215 16.218660
v -45.053345 11.105675 16.217955
v -45.053745 11.095791 16.239008
v -45.052399 11.095235 16.237850
v -45.053345 11.095403 16.238186
v -45.053757 11.004247 16.105761
v -45.052410 11.003950 16.104092
v -45.053360 11.004037 16.104580
v -45.052410 10.982675 16.116848
v -45.053757 10.983148 16.118452
v -45.053360 10.982813 16.117319
v -45.052410 10.963494 16.137011
v -45.053757 10.964269 16.138378
v -45.053360 10.963722 16.137413
v -45.052410 10.949716 16.164003
v -45.053757 10.950778 16.164961
v -45.053360 10.950027 16.164286
v -45.052399 10.967489 16.180014
v -45.053745 10.966404 16.179056
v -45.053345 10.967167 16.179737
v -45.052399 10.975708 16.158525
v -45.053745 10.974900 16.157135
v -45.053345 10.975465 16.158119
v -45.052399 10.989817 16.140995
v -45.053745 10.989314 16.139359
v -45.053345 10.989662 16.140518
v -45.053745 11.007991 16.126827
v -45.052399 11.008310 16.128521
v -45.053345 11.008209 16.128023
v -45.053757 10.974407 16.281105
v -45.052410 10.973400 16.282042
v -45.053360 10.973695 16.281767
v -45.053757 11.000460 16.298143
v -45.052410 10.999757 16.299366
v -45.053360 10.999963 16.299007
v -45.052399 11.018579 16.266609
v -45.053745 11.017962 16.267708
v -45.053345 11.018402 16.266935
v -45.053745 10.998226 16.258928
v -45.052399 10.999121 16.258076
v -45.053345 10.998861 16.258331
v -45.052410 10.954394 16.256779
v -45.053757 10.955611 16.256237
v -45.053360 10.954752 16.256620
v -45.052410 11.030164 16.306416
v -45.053757 11.030510 16.305031
v -45.053360 11.030266 16.306009
v -45.053757 10.944287 16.195381
v -45.052410 10.943039 16.194933
v -45.053360 10.943404 16.195065
v -45.053745 10.964925 16.202782
v -45.052399 10.966158 16.203209
v -45.053345 10.965794 16.203089
v -45.052399 11.049001 16.121395
v -45.053745 11.048217 16.119768
v -45.053345 11.048769 16.120913
v -45.053757 11.027416 16.096598
v -45.052410 11.023683 16.096300
v -45.053360 11.024776 16.096388
v -45.053757 11.055876 16.090242
v -45.052410 11.055766 16.088863
v -45.053360 11.055799 16.089268
v -45.052410 11.044448 16.088657
v -45.052410 11.042241 16.089668
v -45.053757 11.043700 16.090019
v -45.052410 11.043242 16.088943
v -45.053207 11.043314 16.089113
v -45.053360 11.042757 16.089666
v -45.053360 11.044084 16.089054
v -45.052410 11.122397 16.155848
v -45.053757 11.121321 16.155731
v -45.053360 11.122082 16.155813
v -45.052410 11.117936 16.134325
v -45.053757 11.116850 16.134426
v -45.053360 11.117619 16.134356
v -45.053745 11.097736 16.153189
v -45.052399 11.096778 16.153111
v -45.053345 11.097056 16.153124
v -45.053745 11.085075 16.137377
v -45.052399 11.084181 16.137486
v -45.053345 11.084440 16.137444
v -44.967255 11.069019 16.126539
v -44.968616 11.068441 16.127413
v -44.967667 11.068617 16.127163
v -44.967228 11.109982 16.117220
v -44.968575 11.111073 16.116953
v -44.967625 11.110755 16.117031
v -44.967266 11.030499 16.304966
v -44.968616 11.030171 16.306374
v -44.967667 11.030268 16.305962
v -44.967266 11.038685 16.269768
v -44.968616 11.038989 16.268505
v -44.967667 11.038897 16.268871
v -44.968616 10.999764 16.299324
v -44.967266 11.000447 16.298071
v -44.967667 10.999965 16.298958
v -44.967308 11.116836 16.134439
v -44.968658 11.117942 16.134283
v -44.967709 11.117617 16.134329
v -44.968616 11.079116 16.254293
v -44.967266 11.079431 16.255577
v -44.967667 11.079206 16.254671
v -44.967266 11.060019 16.265839
v -44.968616 11.060010 16.264523
v -44.967667 11.060006 16.264908
v -44.968616 11.060672 16.302368
v -44.967266 11.060646 16.300926
v -44.967667 11.060664 16.301945
v -44.967281 11.087265 16.286682
v -44.968628 11.087610 16.288055
v -44.967682 11.087509 16.287653
v -44.967266 10.955617 16.256159
v -44.968616 10.954401 16.256737
v -44.967667 10.954757 16.256567
v -44.968616 10.982847 16.243214
v -44.967266 10.981715 16.243738
v -44.967667 10.982514 16.243362
v -44.968628 10.943043 16.194891
v -44.967281 10.944308 16.195293
v -44.967682 10.943415 16.195007
v -44.967281 10.945640 16.226597
v -44.968628 10.944331 16.226706
v -44.967682 10.944715 16.226675
v -44.967266 10.970485 16.224531
v -44.968616 10.971740 16.224442
v -44.967667 10.971374 16.224463
v -44.967281 11.107533 16.264307
v -44.968628 11.108151 16.265526
v -44.967682 11.107970 16.265169
v -44.968616 10.998697 16.257380
v -44.967266 10.997784 16.258253
v -44.967667 10.998426 16.257631
v -44.968616 11.009521 16.128830
v -44.967266 11.009175 16.127209
v -44.967667 11.009428 16.128357
v -44.967266 11.029421 16.121174
v -44.968616 11.029776 16.122755
v -44.967667 11.029675 16.122297
v -44.968616 11.094485 16.238575
v -44.967266 11.095065 16.239752
v -44.967667 11.094649 16.238924
v -44.967281 11.119972 16.236944
v -44.968628 11.120810 16.237936
v -44.967682 11.120564 16.237646
v -44.967255 11.124863 16.208090
v -44.968601 11.125853 16.208788
v -44.967651 11.125562 16.208584
v -44.968616 11.108250 16.196371
v -44.967266 11.109218 16.197086
v -44.967667 11.108528 16.196590
v -44.967266 11.105358 16.219652
v -44.968616 11.104554 16.218668
v -44.967667 11.104783 16.218962
v -44.967266 11.125093 16.180542
v -44.968616 11.126172 16.180887
v -44.967667 11.125856 16.180786
v -44.968616 11.105479 16.174238
v -44.967266 11.106520 16.174595
v -44.967667 11.105783 16.174353
v -44.968628 11.003963 16.104053
v -44.967281 11.004324 16.105656
v -44.967682 11.004069 16.104523
v -44.967255 10.983219 16.118343
v -44.968601 10.982685 16.116810
v -44.967651 10.982841 16.117258
v -44.967255 10.964318 16.138275
v -44.968601 10.963501 16.136971
v -44.967651 10.963740 16.137352
v -44.967281 10.950811 16.164867
v -44.968628 10.949721 16.163961
v -44.967682 10.950041 16.164227
v -44.968616 10.966558 16.202404
v -44.967266 10.965304 16.201988
v -44.967667 10.966192 16.202276
v -44.967266 10.967109 16.178419
v -44.968616 10.968211 16.179356
v -44.967667 10.967893 16.179077
v -44.967266 10.975867 16.156719
v -44.968616 10.976694 16.158072
v -44.967667 10.976459 16.157673
v -44.967266 10.990475 16.139204
v -44.968616 10.991004 16.140783
v -44.967667 10.990857 16.140320
v -44.968616 10.973407 16.282000
v -44.967266 10.974403 16.281029
v -44.967667 10.973700 16.281715
v -44.967266 11.017327 16.267151
v -44.968616 11.017954 16.266031
v -44.967667 11.017767 16.266356
v -44.967266 11.048620 16.120657
v -44.968616 11.049285 16.122221
v -44.967667 11.049091 16.121769
v -44.968685 11.023695 16.096262
v -44.967350 11.027041 16.096672
v -44.967751 11.024674 16.096382
v -44.968754 11.055773 16.088821
v -44.967403 11.055881 16.090199
v -44.967804 11.055804 16.089224
v -44.968754 11.044454 16.088615
v -44.967392 11.043706 16.089975
v -44.968754 11.042247 16.089626
v -44.967819 11.044259 16.089081
v -44.967999 11.043337 16.089108
v -44.967819 11.042698 16.089796
v -44.968781 11.043227 16.088833
v -44.968616 11.084470 16.139008
v -44.967266 11.085426 16.138897
v -44.967667 11.084751 16.138987
v -44.967308 11.121303 16.155756
v -44.968658 11.122404 16.155806
v -44.967709 11.122082 16.155790
v -44.968616 11.096920 16.154655
v -44.967266 11.097938 16.154724
v -44.967667 11.097219 16.154686
v -45.053757 11.104009 16.095766
v -45.052410 11.105394 16.095747
v -45.052410 11.103708 16.094442
v -45.053345 11.104979 16.095757
v -45.053181 11.104619 16.094999
v -45.052399 11.104767 16.094820
v -45.053345 11.103787 16.094835
v -45.052410 11.089310 16.094442
v -45.052410 11.086637 16.094213
v -45.053757 11.087736 16.095766
v -45.052410 11.087970 16.094376
v -45.053207 11.087920 16.094618
v -45.053360 11.087234 16.094717
v -45.053360 11.088518 16.094831
v -44.966965 11.087742 16.095722
v -44.968300 11.086642 16.094172
v -44.968285 11.089315 16.094402
v -44.967365 11.087228 16.094671
v -44.967514 11.087922 16.094576
v -44.968285 11.087975 16.094336
v -44.967350 11.088520 16.094790
v -44.966949 11.104014 16.095724
v -44.968285 11.103714 16.094402
v -44.968311 11.105400 16.095705
v -44.967323 11.103868 16.094791
v -44.967514 11.104639 16.094942
v -44.968300 11.104765 16.094784
v -44.967365 11.104979 16.095650
v -45.053757 11.043738 16.089972
v -45.052410 11.041854 16.090134
v -45.052410 11.039703 16.091551
v -45.053757 11.041123 16.092535
v -45.053360 11.042582 16.089876
v -45.053345 11.041354 16.091105
v -45.052410 11.040868 16.090977
v -45.053360 11.040333 16.091776
v -45.053757 11.042154 16.091707
v -45.053757 11.055914 16.090731
v -45.053757 11.055701 16.093445
v -45.053757 11.055897 16.092096
v -44.967403 11.043744 16.089930
v -44.967377 11.041130 16.092491
v -44.968739 11.039709 16.091511
v -44.968739 11.041861 16.090092
v -44.967392 11.042162 16.091663
v -44.967777 11.041361 16.091061
v -44.967762 11.040350 16.091730
v -44.968739 11.040874 16.090937
v -44.967804 11.042584 16.089836
v -44.967392 11.055729 16.093403
v -44.967392 11.055920 16.090689
v -44.967392 11.055908 16.092052
v -45.053757 11.105371 16.099998
v -45.052410 11.106524 16.100044
v -45.052410 11.105836 16.097441
v -45.053757 11.104403 16.097279
v -45.053360 11.106159 16.099949
v -45.053345 11.105797 16.098690
v -45.052410 11.106180 16.098743
v -45.053360 11.105387 16.097290
v -45.053757 11.104887 16.098639
v -45.053757 11.087684 16.096071
v -45.053757 11.086596 16.098640
v -45.053757 11.087270 16.097370
v -44.966965 11.087689 16.096029
v -44.967007 11.086668 16.098606
v -44.966991 11.087296 16.097330
v -44.966980 11.104409 16.097237
v -44.968342 11.105843 16.097401
v -44.968369 11.106530 16.100002
v -44.967022 11.105347 16.099957
v -44.967392 11.105398 16.097254
v -44.967392 11.105798 16.098648
v -44.968353 11.106187 16.098701
v -44.967419 11.106160 16.099911
v -44.967007 11.104878 16.098597
v -45.936852 11.111066 15.099207
v -45.935501 11.110000 15.098974
v -45.935902 11.110754 15.099139
v -45.935516 11.065587 15.091621
v -45.936863 11.067426 15.089705
v -45.935917 11.066879 15.090273
v -45.936863 11.039465 14.947130
v -45.935516 11.039164 14.945881
v -45.935917 11.039380 14.946760
v -45.935501 11.060676 14.915221
v -45.936852 11.060665 14.913793
v -45.935902 11.060668 14.914211
v -45.935516 11.079892 14.960852
v -45.936863 11.079589 14.962104
v -45.935917 11.079681 14.961739
v -45.936863 11.060936 14.951574
v -45.935516 11.060942 14.950278
v -45.935917 11.060945 14.951194
v -45.936852 10.944325 14.989454
v -45.935501 10.945625 14.989519
v -45.935902 10.944707 14.989473
v -45.935516 10.981836 14.971639
v -45.936863 10.982948 14.972149
v -45.935917 10.982624 14.971993
v -45.936852 11.087604 14.928106
v -45.935501 11.087283 14.929468
v -45.935902 11.087510 14.928504
v -45.936863 10.971601 14.990852
v -45.935516 10.970366 14.990775
v -45.935917 10.971240 14.990824
v -45.936863 11.029086 15.094282
v -45.935516 11.028730 15.095932
v -45.935917 11.028977 15.094771
v -45.936852 11.108145 14.950634
v -45.935501 11.107568 14.951874
v -45.935902 11.107976 14.950997
v -45.936852 11.120803 14.978224
v -45.935501 11.120014 14.979268
v -45.935902 11.120572 14.978529
v -45.936852 11.125848 15.007373
v -45.935501 11.124902 15.008163
v -45.935902 11.125570 15.007604
v -45.936852 11.126167 15.035273
v -45.935501 11.125122 15.035685
v -45.935902 11.125861 15.035393
v -45.935516 11.106586 15.043002
v -45.936863 11.105606 15.043365
v -45.935917 11.105894 15.043268
v -45.935516 11.109877 15.020744
v -45.936863 11.108947 15.021486
v -45.935917 11.109224 15.021278
v -45.936863 11.105441 14.998530
v -45.935516 11.106215 14.997540
v -45.935917 11.105675 14.998247
v -45.935516 11.095791 14.977195
v -45.936863 11.095235 14.978351
v -45.935917 11.095403 14.978017
v -45.935501 11.004247 15.110442
v -45.936852 11.003950 15.112110
v -45.935902 11.004037 15.111622
v -45.936852 10.982675 15.099353
v -45.935501 10.983148 15.097750
v -45.935902 10.982813 15.098884
v -45.936852 10.963494 15.079190
v -45.935501 10.964269 15.077824
v -45.935902 10.963722 15.078789
v -45.936852 10.949716 15.052198
v -45.935501 10.950778 15.051240
v -45.935902 10.950027 15.051917
v -45.936863 10.967489 15.036188
v -45.935516 10.966404 15.037146
v -45.935917 10.967167 15.036464
v -45.936863 10.975708 15.057676
v -45.935516 10.974900 15.059067
v -45.935917 10.975465 15.058082
v -45.936863 10.989817 15.075206
v -45.935516 10.989314 15.076842
v -45.935917 10.989662 15.075684
v -45.935516 11.007991 15.089374
v -45.936863 11.008310 15.087681
v -45.935917 11.008209 15.088179
v -45.935501 10.974407 14.935097
v -45.936852 10.973400 14.934160
v -45.935902 10.973695 14.934435
v -45.935501 11.000460 14.918058
v -45.936852 10.999757 14.916837
v -45.935902 10.999963 14.917194
v -45.936863 11.018579 14.949592
v -45.935516 11.017962 14.948495
v -45.935917 11.018402 14.949266
v -45.935516 10.998226 14.957274
v -45.936863 10.999121 14.958125
v -45.935917 10.998861 14.957871
v -45.936852 10.954394 14.959424
v -45.935501 10.955611 14.959965
v -45.935902 10.954752 14.959582
v -45.936852 11.030164 14.909786
v -45.935501 11.030510 14.911172
v -45.935902 11.030266 14.910192
v -45.935501 10.944287 15.020822
v -45.936852 10.943039 15.021270
v -45.935902 10.943404 15.021138
v -45.935516 10.964925 15.013420
v -45.936863 10.966158 15.012993
v -45.935917 10.965794 15.013113
v -45.936863 11.049001 15.094808
v -45.935516 11.048217 15.096434
v -45.935917 11.048769 15.095289
v -45.935501 11.027416 15.119604
v -45.936852 11.023683 15.119902
v -45.935902 11.024776 15.119814
v -45.935501 11.055876 15.125960
v -45.936852 11.055766 15.127338
v -45.935902 11.055799 15.126935
v -45.936852 11.044448 15.127545
v -45.936852 11.042241 15.126534
v -45.935501 11.043700 15.126184
v -45.936852 11.043242 15.127259
v -45.936081 11.043314 15.127089
v -45.935902 11.042757 15.126535
v -45.935902 11.044084 15.127149
v -45.936852 11.122397 15.060354
v -45.935501 11.121321 15.060471
v -45.935902 11.122082 15.060389
v -45.936852 11.117936 15.081877
v -45.935501 11.116850 15.081776
v -45.935902 11.117619 15.081847
v -45.935516 11.097736 15.063012
v -45.936863 11.096778 15.063091
v -45.935917 11.097056 15.063079
v -45.935516 11.085075 15.078825
v -45.936863 11.084181 15.078716
v -45.935917 11.084440 15.078758
v -46.022007 11.069019 15.089664
v -46.020645 11.068441 15.088789
v -46.021595 11.068617 15.089039
v -46.022034 11.109982 15.098981
v -46.020687 11.111073 15.099249
v -46.021637 11.110755 15.099171
v -46.021992 11.030499 14.911236
v -46.020645 11.030171 14.909828
v -46.021595 11.030268 14.910240
v -46.021992 11.038685 14.946433
v -46.020645 11.038989 14.947696
v -46.021595 11.038897 14.947330
v -46.020645 10.999764 14.916878
v -46.021992 11.000447 14.918131
v -46.021595 10.999965 14.917245
v -46.021954 11.116836 15.081762
v -46.020603 11.117942 15.081919
v -46.021553 11.117617 15.081873
v -46.020645 11.079116 14.961908
v -46.021992 11.079431 14.960625
v -46.021595 11.079206 14.961531
v -46.021992 11.060019 14.950362
v -46.020645 11.060010 14.951679
v -46.021595 11.060006 14.951294
v -46.020645 11.060672 14.913835
v -46.021992 11.060646 14.915276
v -46.021595 11.060664 14.914257
v -46.021980 11.087265 14.929520
v -46.020630 11.087610 14.928147
v -46.021580 11.087509 14.928550
v -46.021992 10.955617 14.960044
v -46.020645 10.954401 14.959465
v -46.021595 10.954757 14.959635
v -46.020645 10.982847 14.972988
v -46.021992 10.981715 14.972464
v -46.021595 10.982514 14.972839
v -46.020630 10.943043 15.021312
v -46.021980 10.944308 15.020908
v -46.021580 10.943415 15.021194
v -46.021980 10.945640 14.989605
v -46.020630 10.944331 14.989495
v -46.021580 10.944715 14.989528
v -46.021992 10.970485 14.991671
v -46.020645 10.971740 14.991760
v -46.021595 10.971374 14.991740
v -46.021980 11.107533 14.951896
v -46.020630 11.108151 14.950676
v -46.021580 11.107970 14.951033
v -46.020645 10.998697 14.958821
v -46.021992 10.997784 14.957950
v -46.021595 10.998426 14.958570
v -46.020645 11.009521 15.087372
v -46.021992 11.009175 15.088994
v -46.021595 11.009428 15.087844
v -46.021992 11.029421 15.095027
v -46.020645 11.029776 15.093446
v -46.021595 11.029675 15.093904
v -46.020645 11.094485 14.977626
v -46.021992 11.095065 14.976450
v -46.021595 11.094649 14.977278
v -46.021980 11.119972 14.979257
v -46.020630 11.120810 14.978265
v -46.021580 11.120564 14.978556
v -46.022007 11.124863 15.008111
v -46.020660 11.125853 15.007414
v -46.021610 11.125562 15.007619
v -46.020645 11.108250 15.019831
v -46.021992 11.109218 15.019115
v -46.021595 11.108528 15.019610
v -46.021992 11.105358 14.996550
v -46.020645 11.104554 14.997534
v -46.021595 11.104783 14.997239
v -46.021992 11.125093 15.035660
v -46.020645 11.126172 15.035314
v -46.021595 11.125856 15.035416
v -46.020645 11.105479 15.041964
v -46.021992 11.106520 15.041607
v -46.021595 11.105783 15.041850
v -46.020630 11.003963 15.112148
v -46.021980 11.004324 15.110547
v -46.021580 11.004069 15.111679
v -46.022007 10.983219 15.097858
v -46.020660 10.982685 15.099392
v -46.021610 10.982841 15.098944
v -46.022007 10.964318 15.077926
v -46.020660 10.963501 15.079231
v -46.021610 10.963740 15.078850
v -46.021980 10.950811 15.051334
v -46.020630 10.949721 15.052240
v -46.021580 10.950041 15.051975
v -46.020645 10.966558 15.013799
v -46.021992 10.965304 15.014214
v -46.021595 10.966192 15.013926
v -46.021992 10.967109 15.037783
v -46.020645 10.968211 15.036845
v -46.021595 10.967893 15.037125
v -46.021992 10.975867 15.059483
v -46.020645 10.976694 15.058130
v -46.021595 10.976459 15.058529
v -46.021992 10.990475 15.076997
v -46.020645 10.991004 15.075418
v -46.021595 10.990857 15.075882
v -46.020645 10.973407 14.934201
v -46.021992 10.974403 14.935173
v -46.021595 10.973700 14.934486
v -46.021992 11.017327 14.949051
v -46.020645 11.017954 14.950171
v -46.021595 11.017767 14.949846
v -46.021992 11.048620 15.095544
v -46.020645 11.049285 15.093981
v -46.021595 11.049091 15.094433
v -46.020576 11.023695 15.119940
v -46.021912 11.027041 15.119530
v -46.021511 11.024674 15.119821
v -46.020508 11.055773 15.127380
v -46.021854 11.055881 15.126003
v -46.021458 11.055804 15.126977
v -46.020508 11.044454 15.127586
v -46.021870 11.043706 15.126225
v -46.020508 11.042247 15.126575
v -46.021469 11.044259 15.127121
v -46.021294 11.043337 15.127094
v -46.021469 11.042698 15.126406
v -46.020508 11.043227 15.127368
v -46.020645 11.084470 15.077193
v -46.021992 11.085426 15.077304
v -46.021595 11.084751 15.077215
v -46.021954 11.121303 15.060446
v -46.020603 11.122404 15.060396
v -46.021553 11.122082 15.060410
v -46.020645 11.096920 15.061547
v -46.021992 11.097938 15.061478
v -46.021595 11.097219 15.061517
v -45.935501 11.104009 15.120435
v -45.936852 11.105394 15.120456
v -45.936852 11.103708 15.121758
v -45.935886 11.104979 15.120445
v -45.936054 11.104619 15.121203
v -45.936836 11.104767 15.121381
v -45.935886 11.103787 15.121367
v -45.936852 11.089310 15.121758
v -45.936852 11.086637 15.121988
v -45.935501 11.087736 15.120436
v -45.936852 11.087970 15.121826
v -45.936081 11.087920 15.121584
v -45.935886 11.087234 15.121485
v -45.935902 11.088518 15.121370
v -46.022297 11.087742 15.120479
v -46.020962 11.086642 15.122029
v -46.020977 11.089315 15.121799
v -46.021896 11.087228 15.121531
v -46.021748 11.087922 15.121627
v -46.020977 11.087975 15.121867
v -46.021923 11.088520 15.121413
v -46.022308 11.104014 15.120478
v -46.020977 11.103714 15.121799
v -46.020947 11.105400 15.120497
v -46.021954 11.103868 15.121410
v -46.021748 11.104639 15.121259
v -46.020962 11.104765 15.121418
v -46.021896 11.104979 15.120552
v -45.935501 11.043738 15.126229
v -45.936852 11.041854 15.126068
v -45.936852 11.039703 15.124651
v -45.935501 11.041123 15.123667
v -45.935902 11.042582 15.126326
v -45.935902 11.041354 15.125097
v -45.936852 11.040868 15.125224
v -45.935902 11.040333 15.124425
v -45.935501 11.042154 15.124495
v -45.935501 11.055914 15.125471
v -45.935501 11.055701 15.122757
v -45.935501 11.055897 15.124106
v -46.021854 11.043744 15.126272
v -46.021885 11.041130 15.123710
v -46.020523 11.039709 15.124691
v -46.020523 11.041861 15.126110
v -46.021870 11.042162 15.124537
v -46.021484 11.041361 15.125140
v -46.021500 11.040350 15.124471
v -46.020523 11.040874 15.125265
v -46.021458 11.042584 15.126367
v -46.021870 11.055729 15.122799
v -46.021870 11.055920 15.125513
v -46.021870 11.055908 15.124148
v -45.935501 11.105371 15.116202
v -45.936852 11.106524 15.116158
v -45.936852 11.105836 15.118761
v -45.935501 11.104403 15.118923
v -45.935902 11.106159 15.116252
v -45.935902 11.105797 15.117512
v -45.936852 11.106180 15.117459
v -45.935902 11.105387 15.118912
v -45.935501 11.104887 15.117562
v -45.935501 11.087684 15.120131
v -45.935501 11.086596 15.117561
v -45.935501 11.087270 15.118832
v -46.022297 11.087689 15.120173
v -46.022255 11.086668 15.117596
v -46.022270 11.087296 15.118872
v -46.022282 11.104409 15.118965
v -46.020920 11.105843 15.118802
v -46.020893 11.106530 15.116199
v -46.022240 11.105347 15.116244
v -46.021870 11.105398 15.118948
v -46.021854 11.105798 15.117553
v -46.020908 11.106187 15.117500
v -46.021843 11.106160 15.116291
v -46.022255 11.104878 15.117605
v -45.053757 11.110000 15.098974
v -45.052410 11.111066 15.099207
v -45.053360 11.110754 15.099139
v -45.052399 11.067426 15.089705
v -45.053745 11.065587 15.091621
v -45.053345 11.066879 15.090273
v -45.053745 11.039164 14.945881
v -45.052399 11.039465 14.947130
v -45.053345 11.039380 14.946760
v -45.052410 11.060665 14.913793
v -45.053757 11.060676 14.915221
v -45.053360 11.060668 14.914211
v -45.052399 11.079589 14.962104
v -45.053745 11.079892 14.960852
v -45.053345 11.079681 14.961739
v -45.053745 11.060942 14.950278
v -45.052399 11.060936 14.951574
v -45.053345 11.060945 14.951194
v -45.053757 10.945625 14.989519
v -45.052410 10.944325 14.989454
v -45.053360 10.944707 14.989473
v -45.052399 10.982948 14.972149
v -45.053745 10.981836 14.971639
v -45.053345 10.982624 14.971993
v -45.053757 11.087283 14.929468
v -45.052410 11.087604 14.928106
v -45.053360 11.087510 14.928504
v -45.053745 10.970366 14.990775
v -45.052399 10.971601 14.990852
v -45.053345 10.971240 14.990824
v -45.053745 11.028730 15.095932
v -45.052399 11.029086 15.094282
v -45.053345 11.028977 15.094771
v -45.053757 11.107568 14.951874
v -45.052410 11.108145 14.950634
v -45.053360 11.107976 14.950997
v -45.053757 11.120014 14.979268
v -45.052410 11.120803 14.978224
v -45.053360 11.120572 14.978529
v -45.053757 11.124902 15.008163
v -45.052410 11.125848 15.007373
v -45.053360 11.125570 15.007604
v -45.053757 11.125122 15.035685
v -45.052410 11.126167 15.035273
v -45.053360 11.125861 15.035393
v -45.052399 11.105606 15.043365
v -45.053745 11.106586 15.043002
v -45.053345 11.105894 15.043268
v -45.052399 11.108947 15.021486
v -45.053745 11.109877 15.020744
v -45.053345 11.109224 15.021278
v -45.053745 11.106215 14.997540
v -45.052399 11.105441 14.998530
v -45.053345 11.105675 14.998247
v -45.052399 11.095235 14.978351
v -45.053745 11.095791 14.977195
v -45.053345 11.095403 14.978017
v -45.052410 11.003950 15.112110
v -45.053757 11.004247 15.110442
v -45.053360 11.004037 15.111622
v -45.053757 10.983148 15.097750
v -45.052410 10.982675 15.099353
v -45.053360 10.982813 15.098884
v -45.053757 10.964269 15.077824
v -45.052410 10.963494 15.079190
v -45.053360 10.963722 15.078789
v -45.053757 10.950778 15.051240
v -45.052410 10.949716 15.052198
v -45.053360 10.950027 15.051917
v -45.053745 10.966404 15.037146
v -45.052399 10.967489 15.036188
v -45.053345 10.967167 15.036464
v -45.053745 10.974900 15.059067
v -45.052399 10.975708 15.057676
v -45.053345 10.975465 15.058082
v -45.053745 10.989314 15.076842
v -45.052399 10.989817 15.075206
v -45.053345 10.989662 15.075684
v -45.052399 11.008310 15.087681
v -45.053745 11.007991 15.089374
v -45.053345 11.008209 15.088179
v -45.052410 10.973400 14.934160
v -45.053757 10.974407 14.935097
v -45.053360 10.973695 14.934435
v -45.052410 10.999757 14.916837
v -45.053757 11.000460 14.918058
v -45.053360 10.999963 14.917194
v -45.053745 11.017962 14.948495
v -45.052399 11.018579 14.949592
v -45.053345 11.018402 14.949266
v -45.052399 10.999121 14.958125
v -45.053745 10.998226 14.957274
v -45.053345 10.998861 14.957871
v -45.053757 10.955611 14.959965
v -45.052410 10.954394 14.959424
v -45.053360 10.954752 14.959582
v -45.053757 11.030510 14.911172
v -45.052410 11.030164 14.909786
v -45.053360 11.030266 14.910192
v -45.052410 10.943039 15.021270
v -45.053757 10.944287 15.020822
v -45.053360 10.943404 15.021138
v -45.052399 10.966158 15.012993
v -45.053745 10.964925 15.013420
v -45.053345 10.965794 15.013113
v -45.053745 11.048217 15.096434
v -45.052399 11.049001 15.094808
v -45.053345 11.048769 15.095289
v -45.052410 11.023683 15.119902
v -45.053757 11.027416 15.119604
v -45.053360 11.024776 15.119814
v -45.052410 11.055766 15.127338
v -45.053757 11.055876 15.125960
v -45.053360 11.055799 15.126935
v -45.052410 11.044448 15.127545
v -45.053757 11.043700 15.126184
v -45.052410 11.042241 15.126534
v -45.053345 11.044252 15.127078
v -45.053181 11.043331 15.127052
v -45.053345 11.042692 15.126364
v -45.052399 11.043221 15.127327
v -45.053757 11.121321 15.060471
v -45.052410 11.122397 15.060354
v -45.053360 11.122082 15.060389
v -45.053757 11.116850 15.081776
v -45.052410 11.117936 15.081877
v -45.053360 11.117619 15.081847
v -45.052399 11.096778 15.063091
v -45.053745 11.097736 15.063012
v -45.053345 11.097056 15.063079
v -45.052399 11.084181 15.078716
v -45.053745 11.085075 15.078825
v -45.053345 11.084440 15.078758
v -44.968616 11.068441 15.088789
v -44.967266 11.068881 15.089444
v -44.967667 11.068578 15.088975
v -44.968575 11.111073 15.099249
v -44.967228 11.109982 15.098981
v -44.967625 11.110755 15.099171
v -44.968616 11.030171 14.909828
v -44.967266 11.030499 14.911236
v -44.967667 11.030268 14.910240
v -44.968616 11.038989 14.947696
v -44.967266 11.038683 14.946423
v -44.967667 11.038896 14.947327
v -44.967266 11.000447 14.918131
v -44.968616 10.999764 14.916878
v -44.967667 10.999965 14.917245
v -44.968658 11.117942 15.081919
v -44.967308 11.116836 15.081762
v -44.967709 11.117617 15.081873
v -44.967266 11.079434 14.960610
v -44.968616 11.079116 14.961908
v -44.967667 11.079206 14.961527
v -44.968616 11.060010 14.951679
v -44.967266 11.060019 14.950351
v -44.967667 11.060006 14.951290
v -44.967266 11.060646 14.915276
v -44.968616 11.060672 14.913835
v -44.967667 11.060664 14.914257
v -44.968628 11.087610 14.928147
v -44.967281 11.087265 14.929520
v -44.967682 11.087509 14.928550
v -44.968616 10.954401 14.959465
v -44.967266 10.955617 14.960044
v -44.967667 10.954757 14.959635
v -44.967266 10.981703 14.972458
v -44.968616 10.982847 14.972988
v -44.967667 10.982512 14.972838
v -44.967281 10.944308 15.020908
v -44.968628 10.943043 15.021312
v -44.967682 10.943415 15.021194
v -44.968628 10.944331 14.989495
v -44.967281 10.945640 14.989605
v -44.967682 10.944715 14.989528
v -44.968616 10.971740 14.991760
v -44.967266 10.970469 14.991669
v -44.967667 10.971370 14.991739
v -44.968628 11.108151 14.950676
v -44.967281 11.107533 14.951896
v -44.967682 11.107970 14.951033
v -44.967266 10.997776 14.957941
v -44.968616 10.998697 14.958821
v -44.967667 10.998425 14.958569
v -44.967266 11.009159 15.089062
v -44.968616 11.009521 15.087372
v -44.967667 11.009423 15.087865
v -44.968616 11.029776 15.093446
v -44.967266 11.029440 15.094940
v -44.967667 11.029682 15.093878
v -44.967266 11.095073 14.976434
v -44.968616 11.094485 14.977626
v -44.967667 11.094652 14.977273
v -44.968628 11.120810 14.978265
v -44.967281 11.119972 14.979257
v -44.967682 11.120564 14.978556
v -44.968601 11.125853 15.007414
v -44.967255 11.124863 15.008111
v -44.967651 11.125562 15.007619
v -44.967266 11.109241 15.019098
v -44.968616 11.108250 15.019831
v -44.967667 11.108536 15.019606
v -44.968616 11.104554 14.997534
v -44.967266 11.105372 14.996532
v -44.967667 11.104788 14.997234
v -44.968616 11.126172 15.035314
v -44.967266 11.125093 15.035660
v -44.967667 11.125856 15.035416
v -44.967266 11.106557 15.041595
v -44.968616 11.105479 15.041964
v -44.967667 11.105795 15.041846
v -44.967281 11.004324 15.110547
v -44.968628 11.003963 15.112148
v -44.967682 11.004069 15.111679
v -44.968601 10.982685 15.099392
v -44.967255 10.983219 15.097858
v -44.967651 10.982841 15.098944
v -44.968601 10.963501 15.079231
v -44.967255 10.964318 15.077926
v -44.967651 10.963740 15.078850
v -44.968628 10.949721 15.052240
v -44.967281 10.950811 15.051334
v -44.967682 10.950041 15.051975
v -44.967266 10.965283 15.014220
v -44.968616 10.966558 15.013799
v -44.967667 10.966187 15.013927
v -44.968616 10.968211 15.036845
v -44.967266 10.967084 15.037803
v -44.967667 10.967885 15.037130
v -44.968616 10.976694 15.058130
v -44.967266 10.975845 15.059519
v -44.967667 10.976452 15.058540
v -44.968616 10.991004 15.075418
v -44.967266 10.990457 15.077050
v -44.967667 10.990851 15.075897
v -44.967266 10.974403 14.935173
v -44.968616 10.973407 14.934201
v -44.967667 10.973700 14.934486
v -44.968616 11.017954 14.950171
v -44.967266 11.017323 14.949041
v -44.967667 11.017765 14.949843
v -44.968616 11.049285 15.093981
v -44.967266 11.047484 15.095264
v -44.967667 11.048759 15.094352
v -44.967350 11.027041 15.119530
v -44.968685 11.023695 15.119940
v -44.967751 11.024674 15.119820
v -44.967403 11.055881 15.126003
v -44.968754 11.055773 15.127380
v -44.967804 11.055804 15.126977
v -44.968754 11.044454 15.127586
v -44.968754 11.042247 15.126575
v -44.967403 11.043706 15.126225
v -44.968754 11.043250 15.127300
v -44.967983 11.043322 15.127131
v -44.967804 11.042763 15.126579
v -44.967804 11.044089 15.127191
v -44.967266 11.085507 15.077315
v -44.968616 11.084470 15.077193
v -44.967667 11.084775 15.077219
v -44.968658 11.122404 15.060396
v -44.967308 11.121303 15.060446
v -44.967709 11.122082 15.060410
v -44.967266 11.097993 15.061475
v -44.968616 11.096920 15.061547
v -44.967667 11.097236 15.061516
v -45.053757 11.104009 15.120435
v -45.052410 11.103708 15.121758
v -45.052410 11.105394 15.120456
v -45.053360 11.103859 15.121369
v -45.053196 11.104632 15.121218
v -45.052410 11.104760 15.121377
v -45.053345 11.104970 15.120515
v -45.052410 11.089310 15.121758
v -45.053757 11.087736 15.120436
v -45.052410 11.086637 15.121988
v -45.053360 11.088517 15.121370
v -45.053207 11.087918 15.121584
v -45.053360 11.087234 15.121485
v -45.052410 11.087970 15.121826
v -44.968285 11.089315 15.121799
v -44.968300 11.086642 15.122029
v -44.966965 11.087742 15.120479
v -44.968285 11.087975 15.121867
v -44.967514 11.087921 15.121627
v -44.967365 11.087228 15.121531
v -44.967335 11.088520 15.121413
v -44.966965 11.104014 15.120478
v -44.968311 11.105401 15.120498
v -44.968285 11.103714 15.121799
v -44.967350 11.104986 15.120487
v -44.967503 11.104628 15.121245
v -44.968285 11.104775 15.121423
v -44.967323 11.103794 15.121408
v -45.053757 11.043738 15.126229
v -45.053757 11.041123 15.123667
v -45.052410 11.039703 15.124651
v -45.052410 11.041854 15.126068
v -45.053757 11.042153 15.124495
v -45.053360 11.041354 15.125098
v -45.053360 11.040333 15.124425
v -45.052410 11.040868 15.125224
v -45.053360 11.042583 15.126326
v -45.053757 11.055701 15.122757
v -45.053757 11.055914 15.125471
v -45.053757 11.055897 15.124106
v -44.967403 11.043744 15.126272
v -44.968739 11.041861 15.126110
v -44.968739 11.039709 15.124691
v -44.967377 11.041130 15.123710
v -44.967804 11.042585 15.126367
v -44.967777 11.041360 15.125140
v -44.968739 11.040874 15.125265
v -44.967762 11.040350 15.124471
v -44.967392 11.042162 15.124537
v -44.967392 11.055920 15.125513
v -44.967392 11.055729 15.122799
v -44.967392 11.055908 15.124148
v -45.053757 11.105371 15.116202
v -45.053757 11.104403 15.118923
v -45.052410 11.105836 15.118761
v -45.052410 11.106524 15.116158
v -45.053757 11.104887 15.117562
v -45.053360 11.105797 15.117512
v -45.053360 11.105387 15.118912
v -45.052410 11.106180 15.117459
v -45.053360 11.106160 15.116252
v -45.053757 11.086596 15.117561
v -45.053757 11.087684 15.120131
v -45.053757 11.087270 15.118832
v -44.967007 11.086668 15.117596
v -44.966965 11.087689 15.120173
v -44.966991 11.087296 15.118872
v -44.966980 11.104409 15.118965
v -44.967022 11.105347 15.116244
v -44.968369 11.106530 15.116199
v -44.968342 11.105843 15.118802
v -44.967007 11.104878 15.117605
v -44.967392 11.105798 15.117553
v -44.967403 11.106159 15.116291
v -44.968353 11.106187 15.117500
v -44.967392 11.105399 15.118948
v -45.494629 11.067410 16.126482
v -45.494629 11.039473 16.269081
v -45.494629 11.079597 16.254095
v -45.494629 11.060951 16.264629
v -45.494629 10.982950 16.244066
v -45.494629 10.971600 16.225365
v -45.494629 11.029075 16.121906
v -45.494629 11.105608 16.172813
v -45.494629 11.108958 16.194689
v -45.494629 11.105456 16.217655
v -45.494629 11.095247 16.237839
v -45.494629 10.967478 16.180025
v -45.494629 10.975692 16.158533
v -45.494629 10.989798 16.140999
v -45.494629 11.008290 16.128515
v -45.494629 11.018589 16.266619
v -45.494629 10.999128 16.258087
v -45.494629 10.966151 16.203222
v -45.494629 11.048996 16.121382
v -45.494629 11.096776 16.153086
v -45.494629 11.084176 16.137461
v -48.506901 11.037754 16.194637
v -42.482361 11.037754 16.194637
v -45.494629 11.067410 15.089719
v -45.494629 11.039473 14.947121
v -45.494629 11.079597 14.962108
v -45.494629 11.060951 14.951572
v -45.494629 10.982950 14.972136
v -45.494629 10.971600 14.990838
v -45.494629 11.029075 15.094296
v -45.494629 11.105608 15.043388
v -45.494629 11.108958 15.021513
v -45.494629 11.105456 14.998547
v -45.494629 11.095247 14.978362
v -45.494629 10.967478 15.036178
v -45.494629 10.975692 15.057670
v -45.494629 10.989798 15.075203
v -45.494629 11.008290 15.087686
v -45.494629 11.018589 14.949583
v -45.494629 10.999128 14.958114
v -45.494629 10.966151 15.012980
v -45.494629 11.048996 15.094821
v -45.494629 11.096776 15.063116
v -45.494629 11.084176 15.078741
v -48.506901 11.037754 15.021564
v -42.482361 11.037754 15.021564
v -45.970371 10.971600 16.225365
v -45.970371 10.982950 16.244066
v -45.970371 11.105608 16.172813
v -45.970371 11.096776 16.153086
v -45.970371 10.989798 16.140999
v -45.970371 10.975692 16.158533
v -45.970371 10.999128 16.258087
v -45.970371 11.084176 16.137461
v -45.970371 11.008290 16.128515
v -45.970371 11.029075 16.121906
v -45.970371 11.067410 16.126482
v -45.970371 11.018589 16.266619
v -45.970371 11.039473 16.269081
v -45.970371 11.079597 16.254095
v -45.970371 11.095247 16.237839
v -45.970371 11.048996 16.121382
v -45.970371 11.105456 16.217655
v -45.970371 11.108958 16.194689
v -45.970371 10.966151 16.203222
v -45.970371 11.060951 16.264629
v -45.970371 10.967478 16.180025
v -45.006908 10.971600 16.225365
v -45.006908 10.982950 16.244066
v -45.006908 11.105608 16.172813
v -45.006908 11.096776 16.153086
v -45.006908 10.989798 16.140999
v -45.006908 10.975692 16.158533
v -45.006908 10.999128 16.258087
v -45.006908 11.084176 16.137461
v -45.006908 11.008290 16.128515
v -45.006908 11.029075 16.121906
v -45.006908 11.067410 16.126482
v -45.006908 11.018589 16.266619
v -45.006908 11.039473 16.269081
v -45.006908 11.079597 16.254095
v -45.006908 11.095247 16.237839
v -45.006908 11.048996 16.121382
v -45.006908 11.105456 16.217655
v -45.006908 11.108958 16.194689
v -45.006908 10.966151 16.203222
v -45.006908 11.060951 16.264629
v -45.006908 10.967478 16.180025
v -45.018738 10.971600 14.990838
v -45.018738 10.982950 14.972136
v -45.018738 11.105608 15.043388
v -45.018738 11.096776 15.063116
v -45.018738 10.989798 15.075203
v -45.018738 10.975692 15.057670
v -45.018738 10.999128 14.958114
v -45.018738 11.084176 15.078741
v -45.018738 11.008290 15.087686
v -45.018738 11.029075 15.094296
v -45.018738 11.067410 15.089719
v -45.018738 11.018589 14.949583
v -45.018738 11.039473 14.947121
v -45.018738 11.079597 14.962108
v -45.018738 11.095247 14.978362
v -45.018738 11.048996 15.094821
v -45.018738 11.105456 14.998547
v -45.018738 11.108958 15.021513
v -45.018738 10.966151 15.012980
v -45.018738 11.060951 14.951572
v -45.018738 10.967478 15.036178
v -45.973232 10.971600 14.990838
v -45.973232 10.982950 14.972136
v -45.973232 11.105608 15.043388
v -45.973232 11.096776 15.063116
v -45.973232 10.989798 15.075203
v -45.973232 10.975692 15.057670
v -45.973232 10.999128 14.958114
v -45.973232 11.084176 15.078741
v -45.973232 11.008290 15.087686
v -45.973232 11.029075 15.094296
v -45.973232 11.067410 15.089719
v -45.973232 11.018589 14.949583
v -45.973232 11.039473 14.947121
v -45.973232 11.079597 14.962108
v -45.973232 11.095247 14.978362
v -45.973232 11.048996 15.094821
v -45.973232 11.105456 14.998547
v -45.973232 11.108958 15.021513
v -45.973232 10.966151 15.012980
v -45.973232 11.060951 14.951572
v -45.973232 10.967478 15.036178
v -48.304825 11.067410 16.126482
v -48.311977 11.069140 16.122480
v -48.308926 11.067917 16.125311
v -48.311966 11.039549 16.273478
v -48.304825 11.039473 16.269081
v -48.308937 11.039495 16.270369
v -48.304825 11.079597 16.254095
v -48.311977 11.082041 16.257631
v -48.308926 11.080313 16.255131
v -48.311966 11.062291 16.268776
v -48.304825 11.060951 16.264629
v -48.308937 11.061344 16.265842
v -48.304825 10.982950 16.244066
v -48.311966 10.979711 16.246998
v -48.308937 10.982001 16.244925
v -48.311966 10.967685 16.227201
v -48.304825 10.971600 16.225365
v -48.308937 10.970451 16.225903
v -48.311977 11.028538 16.117634
v -48.304825 11.029075 16.121906
v -48.308926 11.028917 16.120655
v -48.304825 11.105608 16.172813
v -48.311993 11.109614 16.171549
v -48.308910 11.106782 16.172443
v -48.304825 11.108958 16.194689
v -48.311993 11.113163 16.194723
v -48.308910 11.110190 16.194698
v -48.311993 11.109447 16.219051
v -48.304825 11.105456 16.217655
v -48.308910 11.106626 16.218065
v -48.304825 11.095247 16.237839
v -48.311977 11.098625 16.240425
v -48.308926 11.096236 16.238598
v -48.311977 10.963304 16.179192
v -48.304825 10.967478 16.180025
v -48.308926 10.966255 16.179781
v -48.311977 10.971998 16.156427
v -48.304825 10.975692 16.158533
v -48.308926 10.974610 16.157917
v -48.311977 10.986936 16.137856
v -48.304825 10.989798 16.140999
v -48.308926 10.988960 16.140079
v -48.304825 11.008290 16.128515
v -48.311977 11.006523 16.124634
v -48.308926 11.007772 16.127378
v -48.311966 11.017442 16.270866
v -48.304825 11.018589 16.266619
v -48.308937 11.018252 16.267862
v -48.304825 10.999128 16.258087
v -48.311966 10.996840 16.261837
v -48.308937 10.998457 16.259186
v -48.304825 10.966151 16.203222
v -48.311977 10.961907 16.203758
v -48.308926 10.964909 16.203379
v -48.311977 11.049637 16.117079
v -48.304825 11.048996 16.121382
v -48.308926 11.049184 16.120121
v -48.304825 11.096776 16.153086
v -48.311993 11.100254 16.150650
v -48.308910 11.097795 16.152372
v -48.304825 11.084176 16.137461
v -48.311977 11.086903 16.134104
v -48.308926 11.084974 16.136478
v -48.325443 11.096316 16.278296
v -48.332596 11.098761 16.281832
v -48.328499 11.098044 16.280796
v -48.332596 11.071490 16.297239
v -48.325459 11.070150 16.293093
v -48.328510 11.071098 16.296026
v -48.332596 11.040079 16.303751
v -48.325459 11.040003 16.299353
v -48.328510 11.040056 16.302462
v -48.325459 10.960654 16.264236
v -48.332596 10.957415 16.267166
v -48.328510 10.958364 16.266308
v -48.332596 10.940813 16.239815
v -48.325459 10.944727 16.237976
v -48.328510 10.941959 16.239277
v -48.325459 10.983361 16.283924
v -48.332596 10.981073 16.287672
v -48.328510 10.981744 16.286575
v -48.325443 10.996242 16.102055
v -48.332596 10.994474 16.098173
v -48.328499 10.994992 16.099310
v -48.332596 11.024872 16.088505
v -48.325443 11.025410 16.092777
v -48.328499 11.025029 16.089758
v -48.325443 11.118272 16.255472
v -48.332596 11.121650 16.258059
v -48.328499 11.120660 16.257301
v -48.325432 11.137497 16.194918
v -48.332596 11.141702 16.194952
v -48.328484 11.140470 16.194942
v -48.332596 11.136580 16.228540
v -48.325432 11.132588 16.227144
v -48.328484 11.135409 16.228132
v -48.325443 10.937090 16.206894
v -48.332596 10.932846 16.207430
v -48.328499 10.934089 16.207273
v -48.332596 10.934785 16.173504
v -48.325443 10.938960 16.174337
v -48.328499 10.936007 16.173748
v -48.332596 10.946799 16.142073
v -48.325443 10.950493 16.144176
v -48.328499 10.947882 16.142689
v -48.332596 10.967429 16.116428
v -48.325443 10.970291 16.119574
v -48.328499 10.968266 16.117350
v -48.332596 11.009535 16.300150
v -48.325459 11.010682 16.295902
v -48.328510 11.009871 16.298906
v -48.332596 11.054008 16.087738
v -48.325443 11.053367 16.092039
v -48.328499 11.053820 16.088997
v -48.325432 11.132796 16.164225
v -48.332596 11.136803 16.162958
v -48.328484 11.135629 16.163330
v -48.325432 11.120407 16.136541
v -48.332596 11.123885 16.134106
v -48.328484 11.122867 16.134819
v -48.325443 11.102732 16.114611
v -48.332596 11.105457 16.111254
v -48.328499 11.104659 16.112238
v -48.325443 11.079206 16.099201
v -48.332596 11.080937 16.095200
v -48.328499 11.080430 16.096371
v -48.431866 11.098761 16.281832
v -48.440807 11.097247 16.279734
v -48.436489 11.098317 16.281218
v -48.440807 11.070644 16.294765
v -48.431866 11.071490 16.297237
v -48.436489 11.071242 16.296515
v -48.440807 11.040007 16.301117
v -48.431866 11.040079 16.303749
v -48.436489 11.040057 16.302979
v -48.431866 10.957415 16.267166
v -48.440807 10.959378 16.265432
v -48.436489 10.957990 16.266659
v -48.440807 10.943184 16.238749
v -48.431866 10.940813 16.239813
v -48.436489 10.941507 16.239500
v -48.431866 10.981073 16.287672
v -48.440807 10.982455 16.285435
v -48.436489 10.981479 16.287016
v -48.431866 10.994474 16.098171
v -48.440819 10.995557 16.100506
v -48.436501 10.994792 16.098856
v -48.440819 11.025230 16.091070
v -48.431866 11.024872 16.088505
v -48.436501 11.024977 16.089256
v -48.431866 11.121650 16.258059
v -48.440819 11.119588 16.256527
v -48.436501 11.121045 16.257610
v -48.431866 11.141702 16.194950
v -48.440819 11.139153 16.194941
v -48.436501 11.140956 16.194948
v -48.440819 11.134156 16.227722
v -48.431866 11.136580 16.228539
v -48.436501 11.135870 16.228300
v -48.431866 10.932846 16.207430
v -48.440807 10.935409 16.207140
v -48.436489 10.933596 16.207344
v -48.440819 10.937304 16.174023
v -48.431866 10.934785 16.173504
v -48.436501 10.935522 16.173655
v -48.440819 10.949027 16.143349
v -48.431866 10.946799 16.142071
v -48.436501 10.947452 16.142445
v -48.440819 10.969158 16.118326
v -48.431866 10.967429 16.116428
v -48.436501 10.967937 16.116983
v -48.440807 11.010221 16.297607
v -48.431866 11.009535 16.300148
v -48.436489 11.009736 16.299404
v -48.440819 11.053644 16.090321
v -48.431866 11.054008 16.087736
v -48.436501 11.053901 16.088493
v -48.431866 11.136803 16.162958
v -48.440819 11.134372 16.163710
v -48.436501 11.136089 16.163177
v -48.431866 11.123885 16.134106
v -48.440819 11.121756 16.135530
v -48.436501 11.123260 16.134523
v -48.431866 11.105457 16.111254
v -48.440819 11.103782 16.113239
v -48.436501 11.104968 16.111834
v -48.431866 11.080937 16.095198
v -48.440819 11.079885 16.097591
v -48.436501 11.080628 16.095900
v -48.493652 11.077756 16.252731
v -48.500198 11.073662 16.247303
v -48.497269 11.075931 16.250273
v -48.500198 11.057401 16.256491
v -48.493652 11.059731 16.262913
v -48.497269 11.058698 16.260008
v -48.500198 11.038821 16.260342
v -48.493652 11.039078 16.267193
v -48.497269 11.038973 16.264095
v -48.493652 10.984686 16.243088
v -48.500198 10.989874 16.238634
v -48.497269 10.987019 16.241066
v -48.500198 10.979987 16.222343
v -48.493652 10.973721 16.225025
v -48.497269 10.976539 16.223799
v -48.493652 11.000264 16.256590
v -48.500198 11.003899 16.250790
v -48.497269 11.001901 16.253965
v -48.493641 11.009482 16.130535
v -48.500198 11.012400 16.136662
v -48.497284 11.010784 16.133297
v -48.500198 11.030896 16.130779
v -48.493641 11.029838 16.124063
v -48.497284 11.030295 16.127092
v -48.493641 11.093079 16.236818
v -48.500198 11.087580 16.232847
v -48.497284 11.090614 16.235022
v -48.493641 11.106415 16.194817
v -48.500198 11.099650 16.194807
v -48.497284 11.103379 16.194809
v -48.500198 11.096556 16.215101
v -48.493641 11.103000 16.217205
v -48.497284 11.100109 16.216249
v -48.493652 10.968399 16.203402
v -48.500198 10.975160 16.202723
v -48.497269 10.971440 16.203083
v -48.500198 10.976338 16.182100
v -48.493641 10.969697 16.180698
v -48.497284 10.972685 16.181324
v -48.500198 10.983578 16.163160
v -48.493641 10.977690 16.159782
v -48.497284 10.980336 16.161301
v -48.500198 10.995981 16.147743
v -48.493641 10.991399 16.142742
v -48.497284 10.993458 16.144995
v -48.500198 11.020858 16.258224
v -48.493652 11.019068 16.264833
v -48.497269 11.019876 16.261845
v -48.500198 11.048097 16.130325
v -48.493641 11.048973 16.123558
v -48.497284 11.048566 16.126610
v -48.493641 11.103130 16.173370
v -48.500198 11.096664 16.175310
v -48.497284 11.100230 16.174250
v -48.493641 11.094387 16.153843
v -48.500198 11.088675 16.157463
v -48.497284 11.091833 16.155495
v -48.493641 11.082236 16.138775
v -48.500198 11.077727 16.143888
v -48.497284 11.080222 16.141096
v -48.493641 11.066346 16.128372
v -48.500198 11.063554 16.134607
v -48.497284 11.065093 16.131189
v -48.504410 11.069246 16.241606
v -48.506859 11.063965 16.234201
v -48.506142 11.066629 16.238056
v -48.506859 11.051926 16.241028
v -48.504410 11.054862 16.249731
v -48.506142 11.053388 16.245546
v -48.506859 11.038271 16.243877
v -48.504410 11.038507 16.253122
v -48.506142 11.038363 16.248667
v -48.504410 10.995391 16.233976
v -48.506859 11.002246 16.227858
v -48.506142 10.998734 16.231056
v -48.506859 10.994943 16.215790
v -48.504410 10.986652 16.219578
v -48.506142 10.990694 16.217798
v -48.504410 11.007752 16.244690
v -48.506859 11.012572 16.236824
v -48.506142 11.010098 16.240910
v -48.504410 11.015540 16.143147
v -48.506859 11.019283 16.151405
v -48.506142 11.017397 16.147137
v -48.506859 11.033259 16.146950
v -48.504410 11.032095 16.137882
v -48.506142 11.032726 16.142258
v -48.504410 11.081697 16.228672
v -48.506859 11.074461 16.223269
v -48.506142 11.078155 16.226078
v -48.504410 11.092434 16.194809
v -48.506859 11.083462 16.194796
v -48.506142 11.088058 16.194805
v -48.506859 11.081147 16.210014
v -48.504410 11.089677 16.212898
v -48.506142 11.085511 16.211519
v -48.504410 10.982342 16.202061
v -48.506859 10.991326 16.201015
v -48.506142 10.986712 16.201593
v -48.506859 10.992229 16.185448
v -48.504410 10.983397 16.183613
v -48.506142 10.987694 16.184517
v -48.506859 10.997651 16.171278
v -48.504410 10.989840 16.166758
v -48.506142 10.993644 16.168953
v -48.506859 11.006910 16.159765
v -48.504410 11.000864 16.153053
v -48.506142 11.003818 16.156305
v -48.506859 11.025139 16.242336
v -48.504410 11.022749 16.251265
v -48.506142 11.023908 16.246964
v -48.506859 11.045873 16.146608
v -48.504410 11.047220 16.137484
v -48.506142 11.046614 16.141890
v -48.504410 11.089760 16.177345
v -48.506859 11.081207 16.180050
v -48.506142 11.085584 16.178629
v -48.504410 11.082542 16.161222
v -48.506859 11.075089 16.166349
v -48.506142 11.078875 16.163633
v -48.504410 11.072881 16.149240
v -48.506859 11.067026 16.156322
v -48.506142 11.069992 16.152611
v -48.504410 11.060578 16.141186
v -48.506859 11.056871 16.149658
v -48.506142 11.058772 16.145260
v -48.493599 11.077772 16.252752
v -48.485401 11.080799 16.256947
v -48.489498 11.079286 16.254848
v -48.485401 11.061434 16.267885
v -48.493599 11.059741 16.262941
v -48.489498 11.060588 16.265413
v -48.485401 11.039223 16.272488
v -48.493599 11.039078 16.267225
v -48.489498 11.039150 16.269857
v -48.493599 10.984661 16.243111
v -48.485401 10.980735 16.246576
v -48.489498 10.982698 16.244844
v -48.485401 10.968953 16.227167
v -48.493599 10.973694 16.225037
v -48.489498 10.971323 16.226103
v -48.493599 11.000245 16.256618
v -48.485401 10.997483 16.261093
v -48.489498 10.998864 16.258856
v -48.493610 11.009473 16.130514
v -48.485386 11.007308 16.125847
v -48.489498 11.008390 16.128181
v -48.485386 11.029118 16.118910
v -48.493610 11.029835 16.124039
v -48.489498 11.029476 16.121475
v -48.493610 11.093097 16.236834
v -48.485386 11.097219 16.239897
v -48.489498 11.095157 16.238365
v -48.493610 11.106434 16.194817
v -48.485386 11.111528 16.194836
v -48.489498 11.108981 16.194826
v -48.485386 11.107865 16.218847
v -48.493610 11.103020 16.217213
v -48.489498 11.105442 16.218029
v -48.493599 10.968373 16.203403
v -48.485401 10.963248 16.203985
v -48.489498 10.965811 16.203695
v -48.485386 10.964638 16.179655
v -48.493610 10.969672 16.180693
v -48.489498 10.967155 16.180174
v -48.485386 10.973214 16.157215
v -48.493610 10.977671 16.159771
v -48.489498 10.975443 16.158493
v -48.485386 10.987926 16.138929
v -48.493610 10.991384 16.142725
v -48.489498 10.989655 16.140827
v -48.485401 11.017687 16.269949
v -48.493599 11.019059 16.264866
v -48.489498 11.018373 16.267408
v -48.485386 11.049702 16.118368
v -48.493610 11.048977 16.123533
v -48.489498 11.049339 16.120951
v -48.493610 11.103148 16.173365
v -48.485386 11.108010 16.171862
v -48.489498 11.105579 16.172613
v -48.493610 11.094404 16.153831
v -48.485386 11.098661 16.150984
v -48.489498 11.096533 16.152407
v -48.493610 11.082251 16.138758
v -48.485386 11.085601 16.134787
v -48.489498 11.083926 16.136772
v -48.493610 11.066356 16.128349
v -48.485386 11.068460 16.123566
v -48.489498 11.067409 16.125957
v -42.677284 11.069140 16.122480
v -42.684437 11.067410 16.126482
v -42.680336 11.067917 16.125311
v -42.684437 11.039473 16.269081
v -42.677296 11.039549 16.273478
v -42.680325 11.039495 16.270369
v -42.677284 11.082041 16.257631
v -42.684437 11.079597 16.254095
v -42.680336 11.080313 16.255131
v -42.684437 11.060951 16.264629
v -42.677296 11.062291 16.268776
v -42.680325 11.061344 16.265842
v -42.677296 10.979711 16.246998
v -42.684437 10.982950 16.244066
v -42.680325 10.982001 16.244925
v -42.684437 10.971600 16.225365
v -42.677296 10.967685 16.227201
v -42.680325 10.970451 16.225903
v -42.684437 11.029075 16.121906
v -42.677284 11.028538 16.117634
v -42.680336 11.028917 16.120655
v -42.677269 11.109614 16.171549
v -42.684437 11.105608 16.172813
v -42.680351 11.106782 16.172443
v -42.677269 11.113163 16.194723
v -42.684437 11.108958 16.194689
v -42.680351 11.110190 16.194698
v -42.684437 11.105456 16.217655
v -42.677269 11.109447 16.219051
v -42.680351 11.106626 16.218065
v -42.677284 11.098625 16.240425
v -42.684437 11.095247 16.237839
v -42.680336 11.096236 16.238598
v -42.684437 10.967478 16.180025
v -42.677284 10.963304 16.179192
v -42.680336 10.966255 16.179781
v -42.684437 10.975692 16.158533
v -42.677284 10.971998 16.156427
v -42.680336 10.974610 16.157917
v -42.684437 10.989798 16.140999
v -42.677284 10.986936 16.137856
v -42.680336 10.988960 16.140079
v -42.677284 11.006523 16.124634
v -42.684437 11.008290 16.128515
v -42.680336 11.007772 16.127378
v -42.684437 11.018589 16.266619
v -42.677296 11.017442 16.270866
v -42.680325 11.018252 16.267862
v -42.677296 10.996840 16.261837
v -42.684437 10.999128 16.258087
v -42.680325 10.998457 16.259186
v -42.677284 10.961907 16.203758
v -42.684437 10.966151 16.203222
v -42.680336 10.964909 16.203379
v -42.684437 11.048996 16.121382
v -42.677284 11.049637 16.117079
v -42.680336 11.049184 16.120121
v -42.677269 11.100254 16.150650
v -42.684437 11.096776 16.153086
v -42.680351 11.097795 16.152372
v -42.677284 11.086903 16.134104
v -42.684437 11.084176 16.137461
v -42.680336 11.084974 16.136478
v -42.656666 11.098761 16.281832
v -42.663818 11.096316 16.278296
v -42.660763 11.098044 16.280796
v -42.663803 11.070150 16.293093
v -42.656666 11.071490 16.297239
v -42.660751 11.071098 16.296026
v -42.663803 11.040003 16.299353
v -42.656666 11.040079 16.303751
v -42.660751 11.040056 16.302462
v -42.656666 10.957415 16.267166
v -42.663803 10.960654 16.264236
v -42.660751 10.958364 16.266308
v -42.663803 10.944727 16.237976
v -42.656666 10.940813 16.239815
v -42.660751 10.941959 16.239277
v -42.656666 10.981073 16.287672
v -42.663803 10.983361 16.283924
v -42.660751 10.981744 16.286575
v -42.656666 10.994474 16.098173
v -42.663818 10.996242 16.102055
v -42.660763 10.994992 16.099310
v -42.663818 11.025410 16.092777
v -42.656666 11.024872 16.088505
v -42.660763 11.025029 16.089758
v -42.656666 11.121650 16.258059
v -42.663818 11.118272 16.255472
v -42.660763 11.120660 16.257301
v -42.656666 11.141702 16.194952
v -42.663830 11.137497 16.194918
v -42.660778 11.140470 16.194942
v -42.663830 11.132588 16.227144
v -42.656666 11.136580 16.228540
v -42.660778 11.135409 16.228132
v -42.656666 10.932846 16.207430
v -42.663818 10.937090 16.206894
v -42.660763 10.934089 16.207273
v -42.663818 10.938960 16.174337
v -42.656666 10.934785 16.173504
v -42.660763 10.936007 16.173748
v -42.663818 10.950493 16.144176
v -42.656666 10.946799 16.142073
v -42.660763 10.947882 16.142689
v -42.663818 10.970291 16.119574
v -42.656666 10.967429 16.116428
v -42.660763 10.968266 16.117350
v -42.663803 11.010682 16.295902
v -42.656666 11.009535 16.300150
v -42.660751 11.009871 16.298906
v -42.663818 11.053367 16.092039
v -42.656666 11.054008 16.087738
v -42.660763 11.053820 16.088997
v -42.656666 11.136803 16.162958
v -42.663830 11.132796 16.164225
v -42.660778 11.135629 16.163330
v -42.656666 11.123885 16.134106
v -42.663830 11.120407 16.136541
v -42.660778 11.122867 16.134819
v -42.656666 11.105457 16.111254
v -42.663818 11.102732 16.114611
v -42.660763 11.104659 16.112238
v -42.656666 11.080937 16.095200
v -42.663818 11.079206 16.099201
v -42.660763 11.080430 16.096371
v -42.548454 11.097247 16.279734
v -42.557396 11.098761 16.281832
v -42.552773 11.098317 16.281218
v -42.557396 11.071490 16.297237
v -42.548454 11.070644 16.294765
v -42.552773 11.071242 16.296515
v -42.557396 11.040079 16.303749
v -42.548454 11.040007 16.301117
v -42.552773 11.040057 16.302979
v -42.548454 10.959378 16.265432
v -42.557396 10.957415 16.267166
v -42.552773 10.957990 16.266659
v -42.557396 10.940813 16.239813
v -42.548454 10.943184 16.238749
v -42.552773 10.941507 16.239500
v -42.548454 10.982455 16.285435
v -42.557396 10.981073 16.287672
v -42.552773 10.981479 16.287016
v -42.548439 10.995557 16.100506
v -42.557396 10.994474 16.098171
v -42.552761 10.994792 16.098856
v -42.557396 11.024872 16.088505
v -42.548439 11.025230 16.091070
v -42.552761 11.024977 16.089256
v -42.548439 11.119588 16.256527
v -42.557396 11.121650 16.258059
v -42.552761 11.121045 16.257610
v -42.548439 11.139153 16.194941
v -42.557396 11.141702 16.194950
v -42.552761 11.140956 16.194948
v -42.557396 11.136580 16.228539
v -42.548439 11.134156 16.227722
v -42.552761 11.135870 16.228300
v -42.548454 10.935409 16.207140
v -42.557396 10.932846 16.207430
v -42.552773 10.933596 16.207344
v -42.557396 10.934785 16.173504
v -42.548439 10.937304 16.174023
v -42.552761 10.935522 16.173655
v -42.557396 10.946799 16.142071
v -42.548439 10.949027 16.143349
v -42.552761 10.947452 16.142445
v -42.557396 10.967429 16.116428
v -42.548439 10.969158 16.118326
v -42.552761 10.967937 16.116983
v -42.557396 11.009535 16.300148
v -42.548454 11.010221 16.297607
v -42.552773 11.009736 16.299404
v -42.557396 11.054008 16.087736
v -42.548439 11.053644 16.090321
v -42.552761 11.053901 16.088493
v -42.548439 11.134372 16.163710
v -42.557396 11.136803 16.162958
v -42.552761 11.136089 16.163177
v -42.548439 11.121756 16.135530
v -42.557396 11.123885 16.134106
v -42.552761 11.123260 16.134523
v -42.548439 11.103782 16.113239
v -42.557396 11.105457 16.111254
v -42.552761 11.104968 16.111834
v -42.548439 11.079885 16.097591
v -42.557396 11.080937 16.095198
v -42.552761 11.080628 16.095900
v -42.489059 11.073662 16.247303
v -42.495609 11.077756 16.252731
v -42.491989 11.075931 16.250273
v -42.495609 11.059731 16.262913
v -42.489059 11.057401 16.256491
v -42.491989 11.058698 16.260008
v -42.495609 11.039078 16.267193
v -42.489059 11.038821 16.260342
v -42.491989 11.038973 16.264095
v -42.489059 10.989874 16.238634
v -42.495609 10.984686 16.243088
v -42.491989 10.987019 16.241066
v -42.495609 10.973721 16.225025
v -42.489059 10.979987 16.222343
v -42.491989 10.976539 16.223799
v -42.489059 11.003899 16.250790
v -42.495609 11.000264 16.256590
v -42.491989 11.001901 16.253965
v -42.489059 11.012400 16.136662
v -42.495621 11.009482 16.130535
v -42.491978 11.010784 16.133297
v -42.495621 11.029838 16.124063
v -42.489059 11.030896 16.130779
v -42.491978 11.030295 16.127092
v -42.489059 11.087580 16.232847
v -42.495621 11.093079 16.236818
v -42.491978 11.090614 16.235022
v -42.489059 11.099650 16.194807
v -42.495621 11.106415 16.194817
v -42.491978 11.103379 16.194809
v -42.495621 11.103000 16.217205
v -42.489059 11.096556 16.215101
v -42.491978 11.100109 16.216249
v -42.489059 10.975160 16.202723
v -42.495609 10.968399 16.203402
v -42.491989 10.971440 16.203083
v -42.495621 10.969697 16.180698
v -42.489059 10.976338 16.182100
v -42.491978 10.972685 16.181324
v -42.495621 10.977690 16.159782
v -42.489059 10.983578 16.163160
v -42.491978 10.980336 16.161301
v -42.495621 10.991399 16.142742
v -42.489059 10.995981 16.147743
v -42.491978 10.993458 16.144995
v -42.495609 11.019068 16.264833
v -42.489059 11.020858 16.258224
v -42.491989 11.019876 16.261845
v -42.495621 11.048973 16.123558
v -42.489059 11.048097 16.130325
v -42.491978 11.048566 16.126610
v -42.489059 11.096664 16.175310
v -42.495621 11.103130 16.173370
v -42.491978 11.100230 16.174250
v -42.489059 11.088675 16.157463
v -42.495621 11.094387 16.153843
v -42.491978 11.091833 16.155495
v -42.489059 11.077727 16.143888
v -42.495621 11.082236 16.138775
v -42.491978 11.080222 16.141096
v -42.489059 11.063554 16.134607
v -42.495621 11.066346 16.128372
v -42.491978 11.065093 16.131189
v -42.482403 11.063965 16.234201
v -42.484852 11.069246 16.241606
v -42.483120 11.066629 16.238056
v -42.484852 11.054862 16.249731
v -42.482403 11.051926 16.241028
v -42.483120 11.053388 16.245546
v -42.484852 11.038507 16.253122
v -42.482403 11.038271 16.243877
v -42.483120 11.038363 16.248667
v -42.482403 11.002246 16.227858
v -42.484852 10.995391 16.233976
v -42.483120 10.998734 16.231056
v -42.484852 10.986652 16.219578
v -42.482403 10.994943 16.215790
v -42.483120 10.990694 16.217798
v -42.482403 11.012572 16.236824
v -42.484852 11.007752 16.244690
v -42.483120 11.010098 16.240910
v -42.482403 11.019283 16.151405
v -42.484852 11.015540 16.143147
v -42.483120 11.017397 16.147137
v -42.484852 11.032095 16.137882
v -42.482403 11.033259 16.146950
v -42.483120 11.032726 16.142258
v -42.482403 11.074461 16.223269
v -42.484852 11.081697 16.228672
v -42.483120 11.078155 16.226078
v -42.482403 11.083462 16.194796
v -42.484852 11.092434 16.194809
v -42.483120 11.088058 16.194805
v -42.484852 11.089677 16.212898
v -42.482403 11.081147 16.210014
v -42.483120 11.085511 16.211519
v -42.482403 10.991326 16.201015
v -42.484852 10.982342 16.202061
v -42.483120 10.986712 16.201593
v -42.484852 10.983397 16.183613
v -42.482403 10.992229 16.185448
v -42.483120 10.987694 16.184517
v -42.484852 10.989840 16.166758
v -42.482403 10.997651 16.171278
v -42.483120 10.993644 16.168953
v -42.484852 11.000864 16.153053
v -42.482403 11.006910 16.159765
v -42.483120 11.003818 16.156305
v -42.484852 11.022749 16.251265
v -42.482403 11.025139 16.242336
v -42.483120 11.023908 16.246964
v -42.484852 11.047220 16.137484
v -42.482403 11.045873 16.146608
v -42.483120 11.046614 16.141890
v -42.482403 11.081207 16.180050
v -42.484852 11.089760 16.177345
v -42.483120 11.085584 16.178629
v -42.482403 11.075089 16.166349
v -42.484852 11.082542 16.161222
v -42.483120 11.078875 16.163633
v -42.482403 11.067026 16.156322
v -42.484852 11.072881 16.149240
v -42.483120 11.069992 16.152611
v -42.482403 11.056871 16.149658
v -42.484852 11.060578 16.141186
v -42.483120 11.058772 16.145260
v -42.503860 11.080799 16.256947
v -42.495663 11.077772 16.252752
v -42.499763 11.079286 16.254848
v -42.495663 11.059741 16.262941
v -42.503860 11.061434 16.267885
v -42.499763 11.060588 16.265413
v -42.495663 11.039078 16.267225
v -42.503860 11.039223 16.272488
v -42.499763 11.039150 16.269857
v -42.503860 10.980735 16.246576
v -42.495663 10.984661 16.243111
v -42.499763 10.982698 16.244844
v -42.495663 10.973694 16.225037
v -42.503860 10.968953 16.227167
v -42.499763 10.971323 16.226103
v -42.503860 10.997483 16.261093
v -42.495663 11.000245 16.256618
v -42.499763 10.998864 16.258856
v -42.503876 11.007308 16.125847
v -42.495651 11.009473 16.130514
v -42.499763 11.008390 16.128181
v -42.495651 11.029835 16.124039
v -42.503876 11.029118 16.118910
v -42.499763 11.029476 16.121475
v -42.503876 11.097219 16.239897
v -42.495651 11.093097 16.236834
v -42.499763 11.095157 16.238365
v -42.503876 11.111528 16.194836
v -42.495651 11.106434 16.194817
v -42.499763 11.108981 16.194826
v -42.495651 11.103020 16.217213
v -42.503876 11.107865 16.218847
v -42.499763 11.105442 16.218029
v -42.503860 10.963248 16.203985
v -42.495663 10.968373 16.203403
v -42.499763 10.965811 16.203695
v -42.495651 10.969672 16.180693
v -42.503876 10.964638 16.179655
v -42.499763 10.967155 16.180174
v -42.495651 10.977671 16.159771
v -42.503876 10.973214 16.157215
v -42.499763 10.975443 16.158493
v -42.495651 10.991384 16.142725
v -42.503876 10.987926 16.138929
v -42.499763 10.989655 16.140827
v -42.495663 11.019059 16.264866
v -42.503860 11.017687 16.269949
v -42.499763 11.018373 16.267408
v -42.495651 11.048977 16.123533
v -42.503876 11.049702 16.118368
v -42.499763 11.049339 16.120951
v -42.503876 11.108010 16.171862
v -42.495651 11.103148 16.173365
v -42.499763 11.105579 16.172613
v -42.503876 11.098661 16.150984
v -42.495651 11.094404 16.153831
v -42.499763 11.096533 16.152407
v -42.503876 11.085601 16.134787
v -42.495651 11.082251 16.138758
v -42.499763 11.083926 16.136772
v -42.503876 11.068460 16.123566
v -42.495651 11.066356 16.128349
v -42.499763 11.067409 16.125957
v -48.311977 11.069140 15.093720
v -48.304825 11.067410 15.089719
v -48.308926 11.067917 15.090891
v -48.304825 11.039473 14.947121
v -48.311966 11.039549 14.942723
v -48.308937 11.039495 14.945833
v -48.311977 11.082041 14.958570
v -48.304825 11.079597 14.962108
v -48.308926 11.080313 14.961071
v -48.304825 11.060951 14.951572
v -48.311966 11.062291 14.947427
v -48.308937 11.061344 14.950358
v -48.311966 10.979711 14.969204
v -48.304825 10.982950 14.972136
v -48.308937 10.982001 14.971276
v -48.304825 10.971600 14.990838
v -48.311966 10.967685 14.989000
v -48.308937 10.970451 14.990299
v -48.304825 11.029075 15.094296
v -48.311977 11.028538 15.098567
v -48.308926 11.028917 15.095547
v -48.311993 11.109614 15.044654
v -48.304825 11.105608 15.043388
v -48.308910 11.106782 15.043758
v -48.311993 11.113163 15.021479
v -48.304825 11.108958 15.021513
v -48.308910 11.110190 15.021502
v -48.304825 11.105456 14.998547
v -48.311993 11.109447 14.997150
v -48.308910 11.106626 14.998137
v -48.311977 11.098625 14.975776
v -48.304825 11.095247 14.978362
v -48.308926 11.096236 14.977604
v -48.304825 10.967478 15.036178
v -48.311977 10.963304 15.037010
v -48.308926 10.966255 15.036421
v -48.304825 10.975692 15.057670
v -48.311977 10.971998 15.059774
v -48.308926 10.974610 15.058286
v -48.304825 10.989798 15.075203
v -48.311977 10.986936 15.078346
v -48.308926 10.988960 15.076123
v -48.311977 11.006523 15.091568
v -48.304825 11.008290 15.087686
v -48.308926 11.007772 15.088823
v -48.304825 11.018589 14.949583
v -48.311966 11.017442 14.945334
v -48.308937 11.018252 14.948339
v -48.311966 10.996840 14.954366
v -48.304825 10.999128 14.958114
v -48.308937 10.998457 14.957016
v -48.311977 10.961907 15.012444
v -48.304825 10.966151 15.012980
v -48.308926 10.964909 15.012823
v -48.304825 11.048996 15.094821
v -48.311977 11.049637 15.099122
v -48.308926 11.049184 15.096081
v -48.311993 11.100254 15.065551
v -48.304825 11.096776 15.063116
v -48.308910 11.097795 15.063829
v -48.311977 11.086903 15.082098
v -48.304825 11.084176 15.078741
v -48.308926 11.084974 15.079723
v -48.332596 11.098761 14.934369
v -48.325443 11.096316 14.937906
v -48.328499 11.098044 14.935406
v -48.325459 11.070150 14.923108
v -48.332596 11.071490 14.918962
v -48.328510 11.071098 14.920177
v -48.325459 11.040003 14.916849
v -48.332596 11.040079 14.912452
v -48.328510 11.040056 14.913739
v -48.332596 10.957415 14.949035
v -48.325459 10.960654 14.951965
v -48.328510 10.958364 14.949894
v -48.325459 10.944727 14.978225
v -48.332596 10.940813 14.976388
v -48.328510 10.941959 14.976926
v -48.332596 10.981073 14.928529
v -48.325459 10.983361 14.932278
v -48.328510 10.981744 14.929626
v -48.332596 10.994474 15.118030
v -48.325443 10.996242 15.114147
v -48.328499 10.994992 15.116892
v -48.325443 11.025410 15.123425
v -48.332596 11.024872 15.127696
v -48.328499 11.025029 15.126445
v -48.332596 11.121650 14.958142
v -48.325443 11.118272 14.960729
v -48.328499 11.120660 14.958900
v -48.332596 11.141702 15.021250
v -48.325432 11.137497 15.021284
v -48.328484 11.140470 15.021259
v -48.325432 11.132588 14.989058
v -48.332596 11.136580 14.987661
v -48.328484 11.135409 14.988070
v -48.332596 10.932846 15.008771
v -48.325443 10.937090 15.009308
v -48.328499 10.934089 15.008928
v -48.325443 10.938960 15.041864
v -48.332596 10.934785 15.042698
v -48.328499 10.936007 15.042454
v -48.325443 10.950493 15.072024
v -48.332596 10.946799 15.074129
v -48.328499 10.947882 15.073513
v -48.325443 10.970291 15.096629
v -48.332596 10.967429 15.099772
v -48.328499 10.968266 15.098852
v -48.325459 11.010682 14.920300
v -48.332596 11.009535 14.916052
v -48.328510 11.009871 14.917296
v -48.325443 11.053367 15.124163
v -48.332596 11.054008 15.128464
v -48.328499 11.053820 15.127204
v -48.332596 11.136803 15.053244
v -48.325432 11.132796 15.051977
v -48.328484 11.135629 15.052873
v -48.332596 11.123885 15.082095
v -48.325432 11.120407 15.079660
v -48.328484 11.122867 15.081382
v -48.332596 11.105457 15.104947
v -48.325443 11.102732 15.101590
v -48.328499 11.104659 15.103964
v -48.332596 11.080937 15.121003
v -48.325443 11.079206 15.117001
v -48.328499 11.080430 15.119830
v -48.440807 11.097247 14.936468
v -48.431866 11.098761 14.934370
v -48.436489 11.098317 14.934984
v -48.431866 11.071490 14.918963
v -48.440807 11.070644 14.921436
v -48.436489 11.071242 14.919688
v -48.431866 11.040079 14.912453
v -48.440807 11.040007 14.915085
v -48.436489 11.040057 14.913223
v -48.440807 10.959378 14.950769
v -48.431866 10.957415 14.949036
v -48.436489 10.957990 14.949544
v -48.431866 10.940813 14.976389
v -48.440807 10.943184 14.977454
v -48.436489 10.941507 14.976701
v -48.440807 10.982455 14.930767
v -48.431866 10.981073 14.928530
v -48.436489 10.981479 14.929186
v -48.440819 10.995557 15.115696
v -48.431866 10.994474 15.118031
v -48.436501 10.994792 15.117346
v -48.431866 11.024872 15.127697
v -48.440819 11.025230 15.125133
v -48.436501 11.024977 15.126945
v -48.440819 11.119588 14.959676
v -48.431866 11.121650 14.958143
v -48.436501 11.121045 14.958592
v -48.440819 11.139153 15.021261
v -48.431866 11.141702 15.021251
v -48.436501 11.140956 15.021254
v -48.431866 11.136580 14.987662
v -48.440819 11.134156 14.988481
v -48.436501 11.135870 14.987903
v -48.440807 10.935409 15.009063
v -48.431866 10.932846 15.008772
v -48.436489 10.933596 15.008857
v -48.431866 10.934785 15.042699
v -48.440819 10.937304 15.042180
v -48.436501 10.935522 15.042547
v -48.431866 10.946799 15.074131
v -48.440819 10.949027 15.072853
v -48.436501 10.947452 15.073756
v -48.431866 10.967429 15.099773
v -48.440819 10.969158 15.097876
v -48.436501 10.967937 15.099217
v -48.431866 11.009535 14.916053
v -48.440807 11.010221 14.918595
v -48.436489 11.009736 14.916798
v -48.431866 11.054008 15.128466
v -48.440819 11.053644 15.125882
v -48.436501 11.053901 15.127708
v -48.440819 11.134372 15.052492
v -48.431866 11.136803 15.053245
v -48.436501 11.136089 15.053024
v -48.440819 11.121756 15.080672
v -48.431866 11.123885 15.082097
v -48.436501 11.123260 15.081679
v -48.440819 11.103782 15.102962
v -48.431866 11.105457 15.104948
v -48.436501 11.104968 15.104367
v -48.440819 11.079885 15.118611
v -48.431866 11.080937 15.121004
v -48.436501 11.080628 15.120303
v -48.500198 11.073662 14.968899
v -48.493652 11.077756 14.963471
v -48.497269 11.075931 14.965929
v -48.493652 11.059731 14.953289
v -48.500198 11.057401 14.959712
v -48.497269 11.058698 14.956195
v -48.493652 11.039078 14.949010
v -48.500198 11.038821 14.955861
v -48.497269 11.038973 14.952106
v -48.500198 10.989874 14.977569
v -48.493652 10.984686 14.973113
v -48.497269 10.987019 14.975136
v -48.493652 10.973721 14.991177
v -48.500198 10.979987 14.993858
v -48.497269 10.976539 14.992403
v -48.500198 11.003899 14.965413
v -48.493652 11.000264 14.959612
v -48.497269 11.001901 14.962237
v -48.500198 11.012400 15.079540
v -48.493641 11.009482 15.085666
v -48.497284 11.010784 15.082905
v -48.493641 11.029838 15.092139
v -48.500198 11.030896 15.085423
v -48.497284 11.030295 15.089109
v -48.500198 11.087580 14.983355
v -48.493641 11.093079 14.979383
v -48.497284 11.090614 14.981181
v -48.500198 11.099650 15.021395
v -48.493641 11.106415 15.021386
v -48.497284 11.103379 15.021393
v -48.493641 11.103000 14.998996
v -48.500198 11.096556 15.001101
v -48.497284 11.100109 14.999951
v -48.500198 10.975160 15.013478
v -48.493652 10.968399 15.012800
v -48.497269 10.971440 15.013120
v -48.493641 10.969697 15.035503
v -48.500198 10.976338 15.034101
v -48.497284 10.972685 15.034878
v -48.493641 10.977690 15.056419
v -48.500198 10.983578 15.053041
v -48.497284 10.980336 15.054901
v -48.493641 10.991399 15.073459
v -48.500198 10.995981 15.068458
v -48.497284 10.993458 15.071208
v -48.493652 11.019068 14.951369
v -48.500198 11.020858 14.957978
v -48.497269 11.019876 14.954357
v -48.493641 11.048973 15.092643
v -48.500198 11.048097 15.085876
v -48.497284 11.048566 15.089591
v -48.500198 11.096664 15.040891
v -48.493641 11.103130 15.042831
v -48.497284 11.100230 15.041951
v -48.500198 11.088675 15.058738
v -48.493641 11.094387 15.062359
v -48.497284 11.091833 15.060708
v -48.500198 11.077727 15.072313
v -48.493641 11.082236 15.077427
v -48.497284 11.080222 15.075107
v -48.500198 11.063554 15.081594
v -48.493641 11.066346 15.087830
v -48.497284 11.065093 15.085012
v -48.506859 11.063965 14.982001
v -48.504410 11.069246 14.974597
v -48.506142 11.066629 14.978146
v -48.504410 11.054862 14.966470
v -48.506859 11.051926 14.975173
v -48.506142 11.053388 14.970655
v -48.504410 11.038507 14.963080
v -48.506859 11.038271 14.972325
v -48.506142 11.038363 14.967536
v -48.506859 11.002246 14.988344
v -48.504410 10.995391 14.982225
v -48.506142 10.998734 14.985146
v -48.504410 10.986652 14.996624
v -48.506859 10.994943 15.000412
v -48.506142 10.990694 14.998404
v -48.506859 11.012572 14.979378
v -48.504410 11.007752 14.971512
v -48.506142 11.010098 14.975291
v -48.506859 11.019283 15.064797
v -48.504410 11.015540 15.073054
v -48.506142 11.017397 15.069065
v -48.504410 11.032095 15.078320
v -48.506859 11.033259 15.069253
v -48.506142 11.032726 15.073944
v -48.506859 11.074461 14.992934
v -48.504410 11.081697 14.987531
v -48.506142 11.078155 14.990124
v -48.506859 11.083462 15.021407
v -48.504410 11.092434 15.021392
v -48.506142 11.088058 15.021396
v -48.504410 11.089677 15.003304
v -48.506859 11.081147 15.006187
v -48.506142 11.085511 15.004682
v -48.506859 10.991326 15.015186
v -48.504410 10.982342 15.014142
v -48.506142 10.986712 15.014608
v -48.504410 10.983397 15.032588
v -48.506859 10.992229 15.030754
v -48.506142 10.987694 15.031685
v -48.504410 10.989840 15.049444
v -48.506859 10.997651 15.044925
v -48.506142 10.993644 15.047250
v -48.504410 11.000864 15.063148
v -48.506859 11.006910 15.056436
v -48.506142 11.003818 15.059896
v -48.504410 11.022749 14.964937
v -48.506859 11.025139 14.973866
v -48.506142 11.023908 14.969237
v -48.504410 11.047220 15.078718
v -48.506859 11.045873 15.069592
v -48.506142 11.046614 15.074312
v -48.506859 11.081207 15.036152
v -48.504410 11.089760 15.038857
v -48.506142 11.085584 15.037573
v -48.506859 11.075089 15.049852
v -48.504410 11.082542 15.054979
v -48.506142 11.078875 15.052568
v -48.506859 11.067026 15.059879
v -48.504410 11.072881 15.066961
v -48.506142 11.069992 15.063592
v -48.506859 11.056871 15.066544
v -48.504410 11.060578 15.075017
v -48.506142 11.058772 15.070943
v -48.485401 11.080799 14.959255
v -48.493599 11.077772 14.963449
v -48.489498 11.079286 14.961352
v -48.493599 11.059741 14.953260
v -48.485401 11.061434 14.948317
v -48.489498 11.060588 14.950788
v -48.493599 11.039078 14.948977
v -48.485401 11.039223 14.943713
v -48.489498 11.039150 14.946345
v -48.485401 10.980735 14.969625
v -48.493599 10.984661 14.973091
v -48.489498 10.982698 14.971358
v -48.493599 10.973694 14.991164
v -48.485401 10.968953 14.989034
v -48.489498 10.971323 14.990099
v -48.485401 10.997483 14.955109
v -48.493599 11.000245 14.959582
v -48.489498 10.998864 14.957346
v -48.485386 11.007308 15.090356
v -48.493610 11.009473 15.085687
v -48.489498 11.008390 15.088021
v -48.493610 11.029835 15.092163
v -48.485386 11.029118 15.097291
v -48.489498 11.029476 15.094727
v -48.485386 11.097219 14.976305
v -48.493610 11.093097 14.979369
v -48.489498 11.095157 14.977837
v -48.485386 11.111528 15.021366
v -48.493610 11.106434 15.021386
v -48.489498 11.108981 15.021377
v -48.493610 11.103020 14.998990
v -48.485386 11.107865 14.997354
v -48.489498 11.105442 14.998172
v -48.485401 10.963248 15.012217
v -48.493599 10.968373 15.012797
v -48.489498 10.965811 15.012507
v -48.493610 10.969672 15.035508
v -48.485386 10.964638 15.036546
v -48.489498 10.967155 15.036027
v -48.493610 10.977671 15.056431
v -48.485386 10.973214 15.058986
v -48.489498 10.975443 15.057709
v -48.493610 10.991384 15.073476
v -48.485386 10.987926 15.077272
v -48.489498 10.989655 15.075374
v -48.493599 11.019059 14.951336
v -48.485401 11.017687 14.946253
v -48.489498 11.018373 14.948794
v -48.493610 11.048977 15.092668
v -48.485386 11.049702 15.097834
v -48.489498 11.049339 15.095250
v -48.485386 11.108010 15.044340
v -48.493610 11.103148 15.042837
v -48.489498 11.105579 15.043589
v -48.485386 11.098661 15.065219
v -48.493610 11.094404 15.062370
v -48.489498 11.096533 15.063794
v -48.485386 11.085601 15.081414
v -48.493610 11.082251 15.077444
v -48.489498 11.083926 15.079430
v -48.485386 11.068460 15.092637
v -48.493610 11.066356 15.087852
v -48.489498 11.067409 15.090244
v -42.684437 11.067410 15.089719
v -42.677284 11.069140 15.093720
v -42.680336 11.067917 15.090891
v -42.677296 11.039549 14.942723
v -42.684437 11.039473 14.947121
v -42.680325 11.039495 14.945833
v -42.684437 11.079597 14.962108
v -42.677284 11.082041 14.958570
v -42.680336 11.080313 14.961071
v -42.677296 11.062291 14.947427
v -42.684437 11.060951 14.951572
v -42.680325 11.061344 14.950358
v -42.684437 10.982950 14.972136
v -42.677296 10.979711 14.969204
v -42.680325 10.982001 14.971276
v -42.677296 10.967685 14.989000
v -42.684437 10.971600 14.990838
v -42.680325 10.970451 14.990299
v -42.677284 11.028538 15.098567
v -42.684437 11.029075 15.094296
v -42.680336 11.028917 15.095547
v -42.684437 11.105608 15.043388
v -42.677269 11.109614 15.044654
v -42.680351 11.106782 15.043758
v -42.684437 11.108958 15.021513
v -42.677269 11.113163 15.021479
v -42.680351 11.110190 15.021502
v -42.677269 11.109447 14.997150
v -42.684437 11.105456 14.998547
v -42.680351 11.106626 14.998137
v -42.684437 11.095247 14.978362
v -42.677284 11.098625 14.975776
v -42.680336 11.096236 14.977604
v -42.677284 10.963304 15.037010
v -42.684437 10.967478 15.036178
v -42.680336 10.966255 15.036421
v -42.677284 10.971998 15.059774
v -42.684437 10.975692 15.057670
v -42.680336 10.974610 15.058286
v -42.677284 10.986936 15.078346
v -42.684437 10.989798 15.075203
v -42.680336 10.988960 15.076123
v -42.684437 11.008290 15.087686
v -42.677284 11.006523 15.091568
v -42.680336 11.007772 15.088823
v -42.677296 11.017442 14.945334
v -42.684437 11.018589 14.949583
v -42.680325 11.018252 14.948339
v -42.684437 10.999128 14.958114
v -42.677296 10.996840 14.954366
v -42.680325 10.998457 14.957016
v -42.684437 10.966151 15.012980
v -42.677284 10.961907 15.012444
v -42.680336 10.964909 15.012823
v -42.677284 11.049637 15.099122
v -42.684437 11.048996 15.094821
v -42.680336 11.049184 15.096081
v -42.684437 11.096776 15.063116
v -42.677269 11.100254 15.065551
v -42.680351 11.097795 15.063829
v -42.684437 11.084176 15.078741
v -42.677284 11.086903 15.082098
v -42.680336 11.084974 15.079723
v -42.663818 11.096316 14.937906
v -42.656666 11.098761 14.934369
v -42.660763 11.098044 14.935406
v -42.656666 11.071490 14.918962
v -42.663803 11.070150 14.923108
v -42.660751 11.071098 14.920177
v -42.656666 11.040079 14.912452
v -42.663803 11.040003 14.916849
v -42.660751 11.040056 14.913739
v -42.663803 10.960654 14.951965
v -42.656666 10.957415 14.949035
v -42.660751 10.958364 14.949894
v -42.656666 10.940813 14.976388
v -42.663803 10.944727 14.978225
v -42.660751 10.941959 14.976926
v -42.663803 10.983361 14.932278
v -42.656666 10.981073 14.928529
v -42.660751 10.981744 14.929626
v -42.663818 10.996242 15.114147
v -42.656666 10.994474 15.118030
v -42.660763 10.994992 15.116892
v -42.656666 11.024872 15.127696
v -42.663818 11.025410 15.123425
v -42.660763 11.025029 15.126445
v -42.663818 11.118272 14.960729
v -42.656666 11.121650 14.958142
v -42.660763 11.120660 14.958900
v -42.663830 11.137497 15.021284
v -42.656666 11.141702 15.021250
v -42.660778 11.140470 15.021259
v -42.656666 11.136580 14.987661
v -42.663830 11.132588 14.989058
v -42.660778 11.135409 14.988070
v -42.663818 10.937090 15.009308
v -42.656666 10.932846 15.008771
v -42.660763 10.934089 15.008928
v -42.656666 10.934785 15.042698
v -42.663818 10.938960 15.041864
v -42.660763 10.936007 15.042454
v -42.656666 10.946799 15.074129
v -42.663818 10.950493 15.072024
v -42.660763 10.947882 15.073513
v -42.656666 10.967429 15.099772
v -42.663818 10.970291 15.096629
v -42.660763 10.968266 15.098852
v -42.656666 11.009535 14.916052
v -42.663803 11.010682 14.920300
v -42.660751 11.009871 14.917296
v -42.656666 11.054008 15.128464
v -42.663818 11.053367 15.124163
v -42.660763 11.053820 15.127204
v -42.663830 11.132796 15.051977
v -42.656666 11.136803 15.053244
v -42.660778 11.135629 15.052873
v -42.663830 11.120407 15.079660
v -42.656666 11.123885 15.082095
v -42.660778 11.122867 15.081382
v -42.663818 11.102732 15.101590
v -42.656666 11.105457 15.104947
v -42.660763 11.104659 15.103964
v -42.663818 11.079206 15.117001
v -42.656666 11.080937 15.121003
v -42.660763 11.080430 15.119830
v -42.557396 11.098761 14.934370
v -42.548454 11.097247 14.936468
v -42.552773 11.098317 14.934984
v -42.548454 11.070644 14.921436
v -42.557396 11.071490 14.918963
v -42.552773 11.071242 14.919688
v -42.548454 11.040007 14.915085
v -42.557396 11.040079 14.912453
v -42.552773 11.040057 14.913223
v -42.557396 10.957415 14.949036
v -42.548454 10.959378 14.950769
v -42.552773 10.957990 14.949544
v -42.548454 10.943184 14.977454
v -42.557396 10.940813 14.976389
v -42.552773 10.941507 14.976701
v -42.557396 10.981073 14.928530
v -42.548454 10.982455 14.930767
v -42.552773 10.981479 14.929186
v -42.557396 10.994474 15.118031
v -42.548439 10.995557 15.115696
v -42.552761 10.994792 15.117346
v -42.548439 11.025230 15.125133
v -42.557396 11.024872 15.127697
v -42.552761 11.024977 15.126945
v -42.557396 11.121650 14.958143
v -42.548439 11.119588 14.959676
v -42.552761 11.121045 14.958592
v -42.557396 11.141702 15.021251
v -42.548439 11.139153 15.021261
v -42.552761 11.140956 15.021254
v -42.548439 11.134156 14.988481
v -42.557396 11.136580 14.987662
v -42.552761 11.135870 14.987903
v -42.557396 10.932846 15.008772
v -42.548454 10.935409 15.009063
v -42.552773 10.933596 15.008857
v -42.548439 10.937304 15.042180
v -42.557396 10.934785 15.042699
v -42.552761 10.935522 15.042547
v -42.548439 10.949027 15.072853
v -42.557396 10.946799 15.074131
v -42.552761 10.947452 15.073756
v -42.548439 10.969158 15.097876
v -42.557396 10.967429 15.099773
v -42.552761 10.967937 15.099217
v -42.548454 11.010221 14.918595
v -42.557396 11.009535 14.916053
v -42.552773 11.009736 14.916798
v -42.548439 11.053644 15.125882
v -42.557396 11.054008 15.128466
v -42.552761 11.053901 15.127708
v -42.557396 11.136803 15.053245
v -42.548439 11.134372 15.052492
v -42.552761 11.136089 15.053024
v -42.557396 11.123885 15.082097
v -42.548439 11.121756 15.080672
v -42.552761 11.123260 15.081679
v -42.557396 11.105457 15.104948
v -42.548439 11.103782 15.102962
v -42.552761 11.104968 15.104367
v -42.557396 11.080937 15.121004
v -42.548439 11.079885 15.118611
v -42.552761 11.080628 15.120303
v -42.495609 11.077756 14.963471
v -42.489059 11.073662 14.968899
v -42.491989 11.075931 14.965929
v -42.489059 11.057401 14.959712
v -42.495609 11.059731 14.953289
v -42.491989 11.058698 14.956195
v -42.489059 11.038821 14.955861
v -42.495609 11.039078 14.949010
v -42.491989 11.038973 14.952106
v -42.495609 10.984686 14.973113
v -42.489059 10.989874 14.977569
v -42.491989 10.987019 14.975136
v -42.489059 10.979987 14.993858
v -42.495609 10.973721 14.991177
v -42.491989 10.976539 14.992403
v -42.495609 11.000264 14.959612
v -42.489059 11.003899 14.965413
v -42.491989 11.001901 14.962237
v -42.495621 11.009482 15.085666
v -42.489059 11.012400 15.079540
v -42.491978 11.010784 15.082905
v -42.489059 11.030896 15.085423
v -42.495621 11.029838 15.092139
v -42.491978 11.030295 15.089109
v -42.495621 11.093079 14.979383
v -42.489059 11.087580 14.983355
v -42.491978 11.090614 14.981181
v -42.495621 11.106415 15.021386
v -42.489059 11.099650 15.021395
v -42.491978 11.103379 15.021393
v -42.489059 11.096556 15.001101
v -42.495621 11.103000 14.998996
v -42.491978 11.100109 14.999951
v -42.495609 10.968399 15.012800
v -42.489059 10.975160 15.013478
v -42.491989 10.971440 15.013120
v -42.489059 10.976338 15.034101
v -42.495621 10.969697 15.035503
v -42.491978 10.972685 15.034878
v -42.489059 10.983578 15.053041
v -42.495621 10.977690 15.056419
v -42.491978 10.980336 15.054901
v -42.489059 10.995981 15.068458
v -42.495621 10.991399 15.073459
v -42.491978 10.993458 15.071208
v -42.489059 11.020858 14.957978
v -42.495609 11.019068 14.951369
v -42.491989 11.019876 14.954357
v -42.489059 11.048097 15.085876
v -42.495621 11.048973 15.092643
v -42.491978 11.048566 15.089591
v -42.495621 11.103130 15.042831
v -42.489059 11.096664 15.040891
v -42.491978 11.100230 15.041951
v -42.495621 11.094387 15.062359
v -42.489059 11.088675 15.058738
v -42.491978 11.091833 15.060708
v -42.495621 11.082236 15.077427
v -42.489059 11.077727 15.072313
v -42.491978 11.080222 15.075107
v -42.495621 11.066346 15.087830
v -42.489059 11.063554 15.081594
v -42.491978 11.065093 15.085012
v -42.484852 11.069246 14.974597
v -42.482403 11.063965 14.982001
v -42.483120 11.066629 14.978146
v -42.482403 11.051926 14.975173
v -42.484852 11.054862 14.966470
v -42.483120 11.053388 14.970655
v -42.482403 11.038271 14.972325
v -42.484852 11.038507 14.963080
v -42.483120 11.038363 14.967536
v -42.484852 10.995391 14.982225
v -42.482403 11.002246 14.988344
v -42.483120 10.998734 14.985146
v -42.482403 10.994943 15.000412
v -42.484852 10.986652 14.996624
v -42.483120 10.990694 14.998404
v -42.484852 11.007752 14.971512
v -42.482403 11.012572 14.979378
v -42.483120 11.010098 14.975291
v -42.484852 11.015540 15.073054
v -42.482403 11.019283 15.064797
v -42.483120 11.017397 15.069065
v -42.482403 11.033259 15.069253
v -42.484852 11.032095 15.078320
v -42.483120 11.032726 15.073944
v -42.484852 11.081697 14.987531
v -42.482403 11.074461 14.992934
v -42.483120 11.078155 14.990124
v -42.484852 11.092434 15.021392
v -42.482403 11.083462 15.021407
v -42.483120 11.088058 15.021396
v -42.482403 11.081147 15.006187
v -42.484852 11.089677 15.003304
v -42.483120 11.085511 15.004682
v -42.484852 10.982342 15.014142
v -42.482403 10.991326 15.015186
v -42.483120 10.986712 15.014608
v -42.482403 10.992229 15.030754
v -42.484852 10.983397 15.032588
v -42.483120 10.987694 15.031685
v -42.482403 10.997651 15.044925
v -42.484852 10.989840 15.049444
v -42.483120 10.993644 15.047250
v -42.482403 11.006910 15.056436
v -42.484852 11.000864 15.063148
v -42.483120 11.003818 15.059896
v -42.482403 11.025139 14.973866
v -42.484852 11.022749 14.964937
v -42.483120 11.023908 14.969237
v -42.482403 11.045873 15.069592
v -42.484852 11.047220 15.078718
v -42.483120 11.046614 15.074312
v -42.484852 11.089760 15.038857
v -42.482403 11.081207 15.036152
v -42.483120 11.085584 15.037573
v -42.484852 11.082542 15.054979
v -42.482403 11.075089 15.049852
v -42.483120 11.078875 15.052568
v -42.484852 11.072881 15.066961
v -42.482403 11.067026 15.059879
v -42.483120 11.069992 15.063592
v -42.484852 11.060578 15.075017
v -42.482403 11.056871 15.066544
v -42.483120 11.058772 15.070943
v -42.495663 11.077772 14.963449
v -42.503860 11.080799 14.959255
v -42.499763 11.079286 14.961352
v -42.503860 11.061434 14.948317
v -42.495663 11.059741 14.953260
v -42.499763 11.060588 14.950788
v -42.503860 11.039223 14.943713
v -42.495663 11.039078 14.948977
v -42.499763 11.039150 14.946345
v -42.495663 10.984661 14.973091
v -42.503860 10.980735 14.969625
v -42.499763 10.982698 14.971358
v -42.503860 10.968953 14.989034
v -42.495663 10.973694 14.991164
v -42.499763 10.971323 14.990099
v -42.495663 11.000245 14.959582
v -42.503860 10.997483 14.955109
v -42.499763 10.998864 14.957346
v -42.495651 11.009473 15.085687
v -42.503876 11.007308 15.090356
v -42.499763 11.008390 15.088021
v -42.503876 11.029118 15.097291
v -42.495651 11.029835 15.092163
v -42.499763 11.029476 15.094727
v -42.495651 11.093097 14.979369
v -42.503876 11.097219 14.976305
v -42.499763 11.095157 14.977837
v -42.495651 11.106434 15.021386
v -42.503876 11.111528 15.021366
v -42.499763 11.108981 15.021377
v -42.503876 11.107865 14.997354
v -42.495651 11.103020 14.998990
v -42.499763 11.105442 14.998172
v -42.495663 10.968373 15.012797
v -42.503860 10.963248 15.012217
v -42.499763 10.965811 15.012507
v -42.503876 10.964638 15.036546
v -42.495651 10.969672 15.035508
v -42.499763 10.967155 15.036027
v -42.503876 10.973214 15.058986
v -42.495651 10.977671 15.056431
v -42.499763 10.975443 15.057709
v -42.503876 10.987926 15.077272
v -42.495651 10.991384 15.073476
v -42.499763 10.989655 15.075374
v -42.503860 11.017687 14.946253
v -42.495663 11.019059 14.951336
v -42.499763 11.018373 14.948794
v -42.503876 11.049702 15.097834
v -42.495651 11.048977 15.092668
v -42.499763 11.049339 15.095250
v -42.495651 11.103148 15.042837
v -42.503876 11.108010 15.044340
v -42.499763 11.105579 15.043589
v -42.495651 11.094404 15.062370
v -42.503876 11.098661 15.065219
v -42.499763 11.096533 15.063794
v -42.495651 11.082251 15.077444
v -42.503876 11.085601 15.081414
v -42.499763 11.083926 15.079430
v -42.495651 11.066356 15.087852
v -42.503876 11.068460 15.092637
v -42.499763 11.067409 15.090244
vn 0.0851 -0.9664 0.2426
vn 0.2027 -0.9793 -0.0000
vn 0.1454 -0.9818 0.1220
vn -0.0000 -1.0000 -0.0000
vn -0.5874 -0.8093 -0.0000
vn -0.0056 0.9412 0.3377
vn -0.0066 -0.9170 0.3989
vn -0.0166 -0.0000 0.9999
vn 1.0000 -0.0000 -0.0000
vn -1.0000 -0.0000 -0.0000
vn 0.3378 0.9412 -0.0000
vn -0.0000 -0.0000 -1.0000
vn 0.9999 -0.0000 0.0166
vn 0.4215 -0.9068 -0.0000
vn -0.9999 -0.0000 -0.0166
vn -0.3378 0.9412 -0.0000
vn -0.2027 -0.9793 -0.0000
vn -0.0926 -0.9655 0.2436
vn -0.1498 -0.9813 0.1210
vn -0.0000 1.0000 -0.0000
vn 0.0166 -0.0000 -0.9999
vn 0.5525 0.8335 -0.0000
vn -0.5525 0.8335 -0.0000
vn -0.0134 0.5950 0.8036
vn -0.0134 -0.5950 0.8036
vn -0.5525 -0.8335 -0.0000
vn 0.5525 -0.8335 -0.0000
vn 0.0851 -0.9664 -0.2426
vn 0.1454 -0.9818 -0.1220
vn -0.0066 -0.9170 -0.3989
vn -0.0166 -0.0000 -0.9999
vn -0.0000 -0.0000 1.0000
vn 0.9999 -0.0000 -0.0166
vn -0.9999 -0.0000 0.0166
vn -0.1498 -0.9813 -0.1210
vn -0.0926 -0.9655 -0.2436
vn 0.0166 -0.0000 0.9999
vn -0.0134 0.5950 -0.8036
vn -0.0134 -0.5950 -0.8036
vn -0.0136 0.9998 -0.0136
vn -0.0072 0.9998 -0.0173
vn -0.0768 0.9800 -0.1836
vn -0.1398 0.9804 -0.1386
vn 0.0007 0.9998 -0.0192
vn -0.0077 0.9806 -0.1957
vn 0.0050 0.9326 -0.3609
vn -0.1475 0.9260 -0.3474
vn -0.2769 0.9218 -0.2714
vn 0.9857 0.1686 0.0014
vn 0.9061 0.2007 -0.3726
vn 0.9070 0.1944 -0.3735
vn 0.9853 0.1707 0.0019
vn 0.6906 0.2279 -0.6863
vn 0.6926 0.2148 -0.6886
vn 0.6942 0.2053 -0.6899
vn 0.9076 0.1926 -0.3730
vn 0.9840 0.1780 0.0028
vn 0.0003 0.2516 -0.9678
vn -0.3712 0.2454 -0.8955
vn -0.3733 0.2280 -0.8993
vn 0.0002 0.2329 -0.9725
vn -0.6892 0.2282 -0.6877
vn -0.6908 0.2148 -0.6904
vn -0.6918 0.2052 -0.6923
vn -0.3741 0.2136 -0.9025
vn -0.0003 0.2169 -0.9762
vn -0.9857 0.1686 0.0011
vn -0.9151 0.1361 0.3796
vn -0.9136 0.1460 0.3795
vn -0.9854 0.1704 0.0009
vn -0.7025 0.1087 0.7033
vn -0.7006 0.1256 0.7024
vn -0.6979 0.1498 0.7004
vn -0.9114 0.1626 0.3779
vn -0.9841 0.1778 0.0006
vn 0.0001 0.0832 0.9965
vn 0.3807 0.0897 0.9203
vn 0.3795 0.1117 0.9184
vn -0.0000 0.1070 0.9943
vn 0.7022 0.1085 0.7036
vn 0.7006 0.1258 0.7024
vn 0.6987 0.1500 0.6996
vn 0.3778 0.1411 0.9151
vn -0.0000 0.1383 0.9904
vn -0.6865 0.1902 -0.7018
vn -0.9077 0.1493 -0.3921
vn -0.9075 0.1907 -0.3742
vn -0.6885 0.2321 -0.6871
vn -0.9950 0.0987 -0.0171
vn -0.9901 0.1402 0.0010
vn -0.9804 0.1972 0.0011
vn -0.8959 0.2468 -0.3694
vn -0.6779 0.2881 -0.6764
vn 0.0001 -0.0196 0.9998
vn 0.3830 -0.0084 0.9237
vn 0.3827 -0.0448 0.9228
vn 0.0001 -0.0568 0.9984
vn 0.7072 0.0240 0.7066
vn 0.7078 -0.0099 0.7064
vn 0.7081 -0.0050 0.7061
vn 0.3831 -0.0442 0.9227
vn -0.0001 -0.0577 0.9983
vn 0.3828 -0.0390 0.9230
vn -0.0001 -0.0541 0.9985
vn 0.7079 0.0047 0.7063
vn 0.7075 -0.0052 0.7067
vn 0.3827 -0.0513 0.9225
vn 0.0001 -0.0673 0.9977
vn 0.3819 -0.0681 0.9217
vn 0.0002 -0.0844 0.9964
vn 0.7072 -0.0210 0.7067
vn 0.7070 -0.0229 0.7068
vn 0.3819 -0.0698 0.9216
vn 0.0003 -0.0859 0.9963
vn 0.3825 -0.0517 0.9225
vn 0.0001 -0.0671 0.9977
vn 0.7067 -0.0071 0.7075
vn 0.7061 0.0218 0.7077
vn 0.3823 -0.0178 0.9239
vn 0.0001 -0.0316 0.9995
vn 0.7159 -0.0093 0.6981
vn 0.9292 0.0388 0.3676
vn 0.9206 0.0839 0.3814
vn 0.7067 0.0383 0.7065
vn 0.9955 0.0936 -0.0172
vn 0.9905 0.1374 0.0009
vn 0.9805 0.1967 0.0009
vn 0.9140 0.1450 0.3789
vn 0.7035 0.1012 0.7034
vn -0.9918 0.1280 0.0002
vn -0.9215 0.0718 0.3817
vn -0.9232 0.0415 0.3821
vn -0.9948 0.1021 -0.0005
vn -0.7068 0.0241 0.7070
vn -0.7074 -0.0100 0.7068
vn -0.7076 -0.0051 0.7066
vn -0.9229 0.0529 0.3815
vn -0.9927 0.1207 -0.0008
vn -0.9218 0.0693 0.3814
vn -0.9895 0.1448 -0.0002
vn -0.7073 0.0045 0.7069
vn -0.7070 -0.0054 0.7072
vn -0.9221 0.0635 0.3816
vn -0.9896 0.1437 0.0004
vn -0.9229 0.0489 0.3820
vn -0.9914 0.1307 0.0005
vn -0.7067 -0.0213 0.7072
vn -0.7065 -0.0231 0.7073
vn -0.9227 0.0465 0.3826
vn -0.9918 0.1275 0.0011
vn -0.9217 0.0586 0.3834
vn -0.9907 0.1359 0.0021
vn -0.7063 -0.0075 0.7079
vn -0.7057 0.0218 0.7081
vn -0.9200 0.0808 0.3836
vn -0.9887 0.1496 0.0026
vn -0.0012 -0.0497 0.9988
vn 0.3876 -0.0410 0.9209
vn 0.3833 0.0084 0.9236
vn 0.0007 -0.0009 1.0000
vn 0.3816 0.0708 0.9216
vn 0.0002 0.0602 0.9982
vn -0.0000 0.2681 -0.9634
vn -0.3700 0.2578 -0.8926
vn -0.3715 0.2421 -0.8963
vn 0.0001 0.2531 -0.9674
vn -0.6888 0.2286 -0.6880
vn -0.6914 0.2105 -0.6911
vn -0.6864 0.2403 -0.6863
vn -0.3681 0.2749 -0.8882
vn -0.0002 0.2869 -0.9580
vn -0.3637 0.3136 -0.8771
vn -0.0001 0.3266 -0.9452
vn -0.6800 0.2760 -0.6793
vn -0.6789 0.2831 -0.6775
vn -0.3628 0.3228 -0.8742
vn -0.0001 0.3367 -0.9416
vn -0.3640 0.3151 -0.8765
vn -0.0003 0.3295 -0.9442
vn -0.6810 0.2741 -0.6791
vn -0.6820 0.2706 -0.6795
vn -0.3646 0.3116 -0.8775
vn -0.0001 0.3258 -0.9454
vn -0.3648 0.3114 -0.8775
vn -0.0001 0.3248 -0.9458
vn -0.6816 0.2724 -0.6791
vn -0.6818 0.2717 -0.6792
vn -0.3655 0.3067 -0.8788
vn 0.0001 0.3190 -0.9478
vn -0.0000 0.2256 -0.9742
vn -0.3676 0.2166 -0.9044
vn -0.3705 0.2587 -0.8921
vn -0.0000 0.2680 -0.9634
vn -0.3638 0.3145 -0.8767
vn -0.0000 0.3239 -0.9461
vn 0.9917 0.1285 0.0001
vn 0.9084 0.1832 -0.3758
vn 0.9118 0.1616 -0.3776
vn 0.9947 0.1026 -0.0004
vn 0.6886 0.2286 -0.6881
vn 0.6916 0.2103 -0.6910
vn 0.6869 0.2400 -0.6859
vn 0.9078 0.1862 -0.3759
vn 0.9927 0.1207 -0.0006
vn 0.9022 0.2167 -0.3729
vn 0.9895 0.1443 0.0001
vn 0.6805 0.2758 -0.6788
vn 0.6792 0.2832 -0.6771
vn 0.9015 0.2206 -0.3723
vn 0.9897 0.1435 0.0006
vn 0.9038 0.2099 -0.3730
vn 0.9914 0.1310 0.0007
vn 0.6809 0.2743 -0.6791
vn 0.6819 0.2707 -0.6795
vn 0.9045 0.2065 -0.3730
vn 0.9918 0.1278 0.0012
vn 0.9038 0.2110 -0.3723
vn 0.9907 0.1360 0.0022
vn 0.6816 0.2723 -0.6791
vn 0.6821 0.2716 -0.6790
vn 0.9027 0.2168 -0.3716
vn 0.9887 0.1498 0.0028
vn 0.0140 0.9998 -0.0136
vn 0.0170 0.9998 -0.0072
vn 0.1838 0.9801 -0.0752
vn 0.1397 0.9801 -0.1410
vn 0.0181 0.9998 0.0001
vn 0.1903 0.9817 0.0008
vn 0.3438 0.9391 0.0002
vn 0.3204 0.9372 -0.1380
vn 0.2453 0.9379 -0.2454
vn 0.3643 0.3117 -0.8776
vn 0.3647 0.3113 -0.8776
vn 0.3657 0.3067 -0.8788
vn 0.3629 0.3231 -0.8740
vn 0.3638 0.3153 -0.8765
vn 0.3682 0.2747 -0.8882
vn 0.3640 0.3135 -0.8770
vn 0.3696 0.2577 -0.8927
vn 0.3714 0.2419 -0.8964
vn -0.9289 0.0416 0.3680
vn -0.9203 0.0860 0.3817
vn -0.7155 -0.0079 0.6986
vn -0.7063 0.0401 0.7068
vn -0.7029 0.1011 0.7040
vn -0.9138 0.1457 0.3791
vn -0.3816 -0.0698 0.9217
vn -0.3820 -0.0518 0.9227
vn -0.3821 -0.0179 0.9240
vn -0.3820 -0.0515 0.9227
vn -0.3817 -0.0683 0.9218
vn -0.3828 -0.0442 0.9228
vn -0.3828 -0.0390 0.9230
vn -0.3828 -0.0084 0.9238
vn -0.3826 -0.0447 0.9228
vn -0.3886 -0.0380 0.9206
vn -0.3827 0.0104 0.9238
vn -0.3810 0.0705 0.9219
vn 0.3723 0.2453 -0.8951
vn 0.3742 0.2281 -0.8988
vn 0.3756 0.2137 -0.9018
vn -0.3807 0.0897 0.9203
vn -0.3795 0.1117 0.9184
vn -0.3783 0.1411 0.9149
vn 0.0126 0.9998 0.0131
vn 0.0076 0.9998 0.0181
vn 0.0758 0.9807 0.1801
vn 0.1503 0.9777 0.1467
vn 0.0007 0.9998 0.0195
vn -0.0078 0.9804 0.1969
vn 0.0048 0.9313 0.3642
vn 0.1319 0.9338 0.3326
vn 0.2531 0.9332 0.2550
vn 0.9227 0.0466 0.3827
vn 0.9217 0.0589 0.3835
vn 0.9198 0.0806 0.3839
vn 0.9221 0.0634 0.3818
vn 0.9228 0.0490 0.3822
vn 0.9230 0.0530 0.3810
vn 0.9219 0.0691 0.3812
vn 0.9215 0.0721 0.3817
vn 0.9234 0.0419 0.3817
vn 0.6861 0.1869 -0.7031
vn 0.3677 0.2153 -0.9047
vn 0.3706 0.2582 -0.8922
vn 0.6888 0.2305 -0.6873
vn 0.3633 0.3148 -0.8769
vn 0.6776 0.2883 -0.6765
vn -0.9048 0.2062 -0.3727
vn -0.9040 0.2110 -0.3719
vn -0.9028 0.2167 -0.3715
vn -0.9016 0.2205 -0.3722
vn -0.9040 0.2097 -0.3726
vn -0.9076 0.1864 -0.3763
vn -0.9020 0.2171 -0.3732
vn -0.9085 0.1830 -0.3756
vn -0.9117 0.1613 -0.3778
vn 0.9082 0.1448 -0.3926
vn 0.9078 0.1884 -0.3746
vn 0.8958 0.2468 -0.3697
vn -0.9056 0.2009 -0.3735
vn -0.9063 0.1944 -0.3752
vn -0.9069 0.1925 -0.3747
vn 0.9148 0.1360 0.3803
vn 0.9133 0.1464 0.3800
vn 0.9112 0.1627 0.3786
vn 0.9072 0.1938 -0.3734
vn 0.9825 0.1861 0.0023
vn 0.6949 0.2007 -0.6905
vn 0.6950 0.2034 -0.6896
vn 0.9052 0.1994 -0.3753
vn 0.9806 0.1958 0.0008
vn 0.0160 0.9999 0.0067
vn 0.1884 0.9790 0.0783
vn 0.3234 0.9355 0.1420
vn -0.0077 0.9998 0.0176
vn -0.0774 0.9797 0.1851
vn -0.0139 0.9998 0.0138
vn -0.1316 0.9822 0.1341
vn -0.2730 0.9227 0.2720
vn -0.1477 0.9254 0.3491
vn -0.0000 1.0000 0.0001
vn 0.0001 1.0000 0.0003
vn 0.0004 1.0000 0.0002
vn 0.0003 1.0000 -0.0000
vn -0.0002 1.0000 -0.0001
vn -0.0002 1.0000 -0.0000
vn -0.0175 0.9998 0.0073
vn -0.1678 0.9833 0.0703
vn -0.0179 0.9998 -0.0000
vn -0.2071 0.9783 -0.0035
vn -0.3827 0.9239 -0.0019
vn -0.3561 0.9234 0.1432
vn 0.7039 0.0786 0.7059
vn 0.9165 0.1205 0.3814
vn 0.9156 0.1296 0.3806
vn 0.7032 0.0951 0.7046
vn 0.9856 0.1692 0.0021
vn 0.9854 0.1701 0.0018
vn -0.6845 0.2549 -0.6830
vn -0.9030 0.2158 -0.3716
vn -0.9045 0.2089 -0.3718
vn -0.6871 0.2419 -0.6851
vn -0.9856 0.1688 0.0021
vn -0.9855 0.1697 0.0015
vn -0.7037 0.0781 0.7062
vn -0.3816 0.0501 0.9230
vn -0.3810 0.0713 0.9218
vn -0.7035 0.0947 0.7044
vn 0.0001 0.0405 0.9992
vn -0.0001 0.0635 0.9980
vn 0.6851 0.2551 -0.6823
vn 0.3681 0.2805 -0.8864
vn 0.3699 0.2632 -0.8910
vn 0.6879 0.2420 -0.6842
vn -0.0000 0.2897 -0.9571
vn 0.0001 0.2710 -0.9626
vn 0.3814 0.0502 0.9230
vn 0.3813 0.0715 0.9217
vn -0.9167 0.1200 0.3810
vn -0.9160 0.1293 0.3798
vn -0.3682 0.2804 -0.8865
vn -0.3695 0.2633 -0.8911
vn 0.9031 0.2160 -0.3712
vn 0.9046 0.2093 -0.3714
vn -0.8987 0.2338 -0.3710
vn -0.6802 0.2764 -0.6789
vn -0.9832 0.1826 0.0007
vn 0.9160 0.1300 0.3796
vn 0.7044 0.0844 0.7047
vn 0.9832 0.1827 0.0004
vn -0.3821 0.0523 0.9226
vn -0.7045 0.0836 0.7047
vn -0.0000 0.0419 0.9991
vn 0.3646 0.3038 -0.8802
vn 0.6800 0.2765 -0.6791
vn -0.0002 0.3135 -0.9496
vn 0.8986 0.2339 -0.3713
vn -0.3648 0.3038 -0.8801
vn -0.9160 0.1293 0.3797
vn 0.3824 0.0529 0.9225
vn -0.9070 0.1937 -0.3740
vn -0.6920 0.2005 -0.6935
vn -0.9825 0.1864 -0.0002
vn -0.9804 0.1969 0.0004
vn -0.9056 0.2010 -0.3736
vn -0.6904 0.2045 -0.6939
vn 0.9086 0.1784 0.3776
vn 0.6965 0.1727 0.6965
vn 0.9058 0.1908 0.3784
vn 0.6947 0.1877 0.6944
vn -0.3770 0.1679 0.9109
vn -0.6958 0.1725 0.6972
vn -0.0007 0.1666 0.9860
vn 0.0005 0.1849 0.9828
vn -0.3760 0.1858 0.9078
vn -0.6945 0.1888 0.6942
vn 0.3759 0.2047 -0.9037
vn 0.0001 0.2064 -0.9785
vn -0.0002 0.2069 -0.9784
vn 0.3758 0.2059 -0.9035
vn -0.3731 0.2046 -0.9050
vn -0.3727 0.2058 -0.9049
vn 0.3765 0.1680 0.9111
vn 0.3757 0.1851 0.9081
vn 0.0077 0.9998 -0.0183
vn 0.0743 0.9816 -0.1761
vn 0.1287 0.9366 -0.3258
vn -0.9092 0.1789 0.3759
vn -0.9073 0.1928 0.3736
vn 0.0004 1.0000 -0.0002
vn 0.0002 1.0000 -0.0002
vn -0.0002 1.0000 0.0001
vn -0.0001 1.0000 0.0001
vn -0.0003 1.0000 -0.0001
vn -0.0004 1.0000 0.0001
vn -0.0003 1.0000 -0.0000
vn 0.0001 1.0000 0.0001
vn 0.0002 1.0000 0.0002
vn -0.0000 1.0000 -0.0003
vn -0.0002 1.0000 -0.0004
vn -0.0000 1.0000 0.0002
vn 0.0001 1.0000 0.0002
vn 0.0002 1.0000 -0.0004
vn -0.0001 1.0000 0.0002
vn -0.0002 1.0000 0.0002
vn 0.0003 1.0000 -0.0002
vn 0.0002 1.0000 -0.0001
vn 0.0213 0.9998 0.0001
vn 0.2071 0.9783 0.0038
vn 0.1766 0.9814 -0.0749
vn 0.0188 0.9998 -0.0077
vn 0.3731 0.9278 0.0021
vn 0.3428 0.9289 -0.1400
vn 0.2594 0.9285 -0.2656
vn 0.1421 0.9800 -0.1396
vn 0.0143 0.9998 -0.0143
vn -0.0001 1.0000 0.0003
vn -0.0000 1.0000 0.0003
vn 0.0001 1.0000 -0.0003
vn -0.0000 1.0000 -0.0004
vn 0.0002 1.0000 0.0003
vn -0.0001 1.0000 -0.0003
vn 0.9023 0.2190 -0.3714
vn 0.9867 0.1623 0.0026
vn 0.6831 0.2657 -0.6802
vn -0.3667 0.2958 -0.8820
vn -0.0001 0.3065 -0.9519
vn -0.6827 0.2658 -0.6806
vn -0.9180 0.1040 0.3828
vn -0.9867 0.1625 0.0027
vn -0.7049 0.0540 0.7072
vn 0.3822 0.0202 0.9239
vn 0.0001 0.0086 1.0000
vn 0.7049 0.0537 0.7073
vn 0.3666 0.2960 -0.8820
vn -0.3819 0.0203 0.9240
vn -0.9022 0.2190 -0.3716
vn 0.9180 0.1036 0.3828
vn 0.6919 0.2056 -0.6921
vn 0.6926 0.2005 -0.6929
vn 0.9064 0.1941 -0.3751
vn 0.9067 0.1930 -0.3751
vn 0.6921 0.2033 -0.6926
vn 0.9056 0.1991 -0.3745
vn 0.9808 0.1951 -0.0013
vn 0.9824 0.1870 -0.0006
vn 0.9840 0.1780 0.0011
vn -0.9856 0.1689 0.0016
vn -0.9853 0.1706 0.0022
vn -0.9073 0.1943 -0.3729
vn -0.9060 0.2007 -0.3726
vn -0.9841 0.1778 0.0018
vn -0.9078 0.1926 -0.3726
vn -0.6943 0.2055 -0.6897
vn -0.6925 0.2147 -0.6887
vn -0.6902 0.2277 -0.6869
vn -0.0000 0.2516 -0.9678
vn -0.0001 0.2329 -0.9725
vn 0.3727 0.2281 -0.8995
vn 0.3713 0.2453 -0.8955
vn -0.0001 0.2169 -0.9762
vn 0.3740 0.2137 -0.9025
vn 0.6909 0.2148 -0.6903
vn 0.6896 0.2277 -0.6874
vn 0.9857 0.1687 0.0006
vn 0.9854 0.1701 0.0014
vn 0.9132 0.1460 0.3804
vn 0.9148 0.1362 0.3802
vn 0.9108 0.1625 0.3796
vn 0.6982 0.1499 0.7001
vn 0.7006 0.1255 0.7025
vn 0.7019 0.1084 0.7039
vn 0.0002 0.0831 0.9965
vn 0.0003 0.1069 0.9943
vn -0.3793 0.1117 0.9185
vn -0.3804 0.0895 0.9205
vn 0.0002 0.1383 0.9904
vn -0.3776 0.1412 0.9152
vn -0.6981 0.1499 0.7001
vn -0.7007 0.1258 0.7023
vn -0.7021 0.1087 0.7037
vn 0.6863 0.1869 -0.7029
vn 0.6891 0.2307 -0.6870
vn 0.9077 0.1889 -0.3746
vn 0.9083 0.1447 -0.3926
vn 0.6777 0.2882 -0.6765
vn 0.8957 0.2470 -0.3697
vn 0.9802 0.1979 0.0013
vn 0.9905 0.1379 0.0011
vn 0.9956 0.0924 -0.0170
vn -0.0002 -0.0196 0.9998
vn -0.0000 -0.0568 0.9984
vn -0.3826 -0.0449 0.9228
vn -0.3829 -0.0084 0.9238
vn 0.0001 -0.0578 0.9983
vn -0.3830 -0.0443 0.9227
vn -0.7080 -0.0052 0.7062
vn -0.7078 -0.0101 0.7064
vn -0.7073 0.0240 0.7066
vn -0.0001 -0.0673 0.9977
vn -0.3825 -0.0513 0.9225
vn -0.7075 -0.0050 0.7067
vn -0.7078 0.0047 0.7064
vn -0.0000 -0.0844 0.9964
vn -0.3823 -0.0682 0.9215
vn -0.0000 -0.0859 0.9963
vn -0.3821 -0.0695 0.9215
vn -0.7071 -0.0228 0.7067
vn -0.7072 -0.0211 0.7067
vn -0.3819 -0.0516 0.9227
vn -0.0001 -0.0316 0.9995
vn -0.3821 -0.0179 0.9239
vn -0.7060 0.0219 0.7079
vn -0.7067 -0.0070 0.7075
vn -0.7163 -0.0085 0.6978
vn -0.7065 0.0397 0.7066
vn -0.9205 0.0838 0.3815
vn -0.9291 0.0374 0.3680
vn -0.7033 0.1017 0.7035
vn -0.9137 0.1461 0.3792
vn -0.9804 0.1972 0.0010
vn -0.9906 0.1369 0.0008
vn -0.9954 0.0938 -0.0171
vn 0.9917 0.1282 0.0001
vn 0.9948 0.1020 -0.0007
vn 0.9233 0.0414 0.3818
vn 0.9215 0.0717 0.3816
vn 0.9927 0.1206 -0.0010
vn 0.9229 0.0530 0.3815
vn 0.7074 -0.0050 0.7068
vn 0.7073 -0.0101 0.7069
vn 0.7069 0.0239 0.7069
vn 0.9895 0.1448 -0.0003
vn 0.9216 0.0693 0.3818
vn 0.9896 0.1437 0.0002
vn 0.9219 0.0635 0.3823
vn 0.7068 -0.0053 0.7074
vn 0.7072 0.0046 0.7070
vn 0.9914 0.1307 0.0007
vn 0.9226 0.0488 0.3827
vn 0.9225 0.0464 0.3833
vn 0.7064 -0.0232 0.7074
vn 0.7067 -0.0213 0.7072
vn 0.9907 0.1361 0.0019
vn 0.9215 0.0585 0.3839
vn 0.9887 0.1496 0.0023
vn 0.9199 0.0805 0.3838
vn 0.7056 0.0218 0.7083
vn 0.7063 -0.0076 0.7078
vn 0.0006 -0.0497 0.9988
vn -0.0004 -0.0009 1.0000
vn -0.3835 0.0094 0.9235
vn -0.3877 -0.0400 0.9209
vn -0.0001 0.0601 0.9982
vn -0.3815 0.0709 0.9216
vn 0.0001 0.2681 -0.9634
vn -0.0000 0.2531 -0.9674
vn 0.3716 0.2420 -0.8963
vn 0.3701 0.2579 -0.8925
vn 0.0002 0.2868 -0.9580
vn 0.3682 0.2748 -0.8882
vn 0.6866 0.2401 -0.6863
vn 0.6913 0.2103 -0.6912
vn 0.6886 0.2290 -0.6881
vn -0.0000 0.3266 -0.9452
vn 0.3637 0.3136 -0.8771
vn -0.0000 0.3367 -0.9416
vn 0.3628 0.3229 -0.8741
vn 0.6790 0.2831 -0.6773
vn 0.6801 0.2760 -0.6792
vn 0.0002 0.3294 -0.9442
vn 0.3639 0.3152 -0.8765
vn 0.0002 0.3258 -0.9454
vn 0.3647 0.3115 -0.8775
vn 0.6821 0.2706 -0.6793
vn 0.6810 0.2741 -0.6790
vn 0.0002 0.3248 -0.9458
vn 0.3649 0.3112 -0.8775
vn 0.0002 0.3190 -0.9478
vn 0.3656 0.3068 -0.8788
vn 0.6824 0.2715 -0.6787
vn 0.6823 0.2721 -0.6786
vn 0.0001 0.2256 -0.9742
vn -0.0000 0.2679 -0.9634
vn 0.3706 0.2581 -0.8922
vn 0.3678 0.2153 -0.9046
vn 0.0004 0.3238 -0.9461
vn 0.3638 0.3146 -0.8767
vn -0.9918 0.1281 0.0005
vn -0.9947 0.1024 -0.0002
vn -0.9118 0.1614 -0.3775
vn -0.9084 0.1831 -0.3758
vn -0.9927 0.1205 -0.0006
vn -0.9078 0.1861 -0.3758
vn -0.6867 0.2400 -0.6862
vn -0.6914 0.2104 -0.6911
vn -0.6887 0.2285 -0.6880
vn -0.9895 0.1445 -0.0001
vn -0.9023 0.2168 -0.3727
vn -0.9897 0.1435 0.0004
vn -0.9016 0.2205 -0.3720
vn -0.6792 0.2832 -0.6772
vn -0.6803 0.2759 -0.6790
vn -0.9914 0.1309 0.0006
vn -0.9039 0.2098 -0.3728
vn -0.9918 0.1281 0.0010
vn -0.9046 0.2066 -0.3727
vn -0.6820 0.2708 -0.6794
vn -0.6810 0.2743 -0.6789
vn -0.9907 0.1362 0.0018
vn -0.9040 0.2110 -0.3718
vn -0.9887 0.1499 0.0025
vn -0.9030 0.2166 -0.3710
vn -0.6825 0.2715 -0.6786
vn -0.6820 0.2722 -0.6788
vn -0.0141 0.9998 -0.0144
vn -0.1604 0.9757 -0.1490
vn -0.2103 0.9740 -0.0842
vn -0.0179 0.9998 -0.0073
vn -0.2639 0.9271 -0.2661
vn -0.3434 0.9274 -0.1485
vn -0.3565 0.9343 0.0004
vn -0.2129 0.9771 -0.0002
vn -0.0201 0.9998 0.0002
vn -0.3644 0.3112 -0.8777
vn -0.3641 0.3117 -0.8776
vn -0.3653 0.3067 -0.8789
vn -0.3636 0.3153 -0.8766
vn -0.3626 0.3229 -0.8742
vn -0.3637 0.3135 -0.8771
vn -0.3682 0.2747 -0.8883
vn -0.3712 0.2421 -0.8964
vn -0.3699 0.2577 -0.8926
vn 0.9203 0.0849 0.3818
vn 0.9289 0.0373 0.3685
vn 0.9136 0.1461 0.3794
vn 0.7033 0.1007 0.7037
vn 0.7062 0.0399 0.7069
vn 0.7160 -0.0072 0.6981
vn 0.3821 -0.0518 0.9227
vn 0.3816 -0.0699 0.9217
vn 0.3821 -0.0179 0.9240
vn 0.3817 -0.0683 0.9218
vn 0.3823 -0.0514 0.9226
vn 0.3829 -0.0389 0.9230
vn 0.3828 -0.0441 0.9228
vn 0.3827 -0.0447 0.9228
vn 0.3826 -0.0084 0.9239
vn 0.3824 0.0098 0.9239
vn 0.3886 -0.0375 0.9207
vn 0.3815 0.0701 0.9217
vn -0.3736 0.2280 -0.8991
vn -0.3718 0.2452 -0.8953
vn -0.3748 0.2137 -0.9021
vn 0.3804 0.1116 0.9181
vn 0.3808 0.0895 0.9203
vn 0.3790 0.1412 0.9146
vn -0.0153 0.9998 0.0149
vn -0.1344 0.9818 0.1343
vn -0.0689 0.9825 0.1728
vn -0.0080 0.9998 0.0194
vn -0.2545 0.9337 0.2519
vn -0.1396 0.9328 0.3321
vn -0.0048 0.9321 0.3621
vn 0.0087 0.9804 0.1967
vn -0.0007 0.9998 0.0207
vn -0.9218 0.0589 0.3831
vn -0.9227 0.0467 0.3826
vn -0.9201 0.0809 0.3834
vn -0.9228 0.0490 0.3823
vn -0.9220 0.0693 0.3809
vn -0.9231 0.0527 0.3808
vn -0.9234 0.0416 0.3816
vn -0.6860 0.1879 -0.7029
vn -0.6888 0.2309 -0.6872
vn -0.3706 0.2581 -0.8922
vn -0.3677 0.2153 -0.9047
vn -0.6778 0.2881 -0.6765
vn -0.3637 0.3147 -0.8767
vn 0.9039 0.2110 -0.3722
vn 0.9046 0.2066 -0.3729
vn 0.9030 0.2165 -0.3712
vn 0.9039 0.2097 -0.3729
vn 0.9015 0.2206 -0.3724
vn 0.9020 0.2171 -0.3733
vn 0.9076 0.1862 -0.3764
vn 0.9117 0.1612 -0.3779
vn 0.9084 0.1835 -0.3758
vn -0.9075 0.1893 -0.3750
vn -0.9079 0.1471 -0.3925
vn -0.8957 0.2465 -0.3700
vn 0.9068 0.1940 -0.3744
vn 0.9058 0.2005 -0.3733
vn -0.9133 0.1462 0.3801
vn -0.9148 0.1364 0.3802
vn -0.9111 0.1624 0.3788
vn -0.0004 0.9998 -0.0208
vn 0.0039 0.9812 -0.1932
vn -0.0726 0.9811 -0.1792
vn -0.0081 0.9998 -0.0193
vn -0.0030 0.9334 -0.3588
vn -0.1428 0.9314 -0.3348
vn -0.1851 0.9799 0.0749
vn -0.0193 0.9998 0.0080
vn -0.3260 0.9353 0.1379
vn 0.0784 0.9804 0.1809
vn 0.0083 0.9998 0.0192
vn 0.1333 0.9307 0.3408
vn 0.2583 0.9327 0.2517
vn 0.1310 0.9819 0.1370
vn 0.0168 0.9997 0.0158
vn 0.6957 0.1726 0.6973
vn 0.3780 0.1681 0.9104
vn 0.6935 0.1877 0.6955
vn 0.3767 0.1854 0.9076
vn -0.0002 0.1848 0.9828
vn 0.0007 0.1666 0.9860
vn 0.1907 0.9788 0.0746
vn 0.0213 0.9997 0.0088
vn 0.3401 0.9299 0.1401
vn -0.7039 0.0784 0.7059
vn -0.7029 0.0951 0.7049
vn -0.9158 0.1296 0.3802
vn -0.9167 0.1200 0.3812
vn -0.9855 0.1700 0.0014
vn -0.9856 0.1688 0.0017
vn 0.6850 0.2551 -0.6824
vn 0.6874 0.2419 -0.6848
vn 0.9042 0.2091 -0.3725
vn 0.9028 0.2158 -0.3720
vn 0.9855 0.1699 0.0009
vn 0.9857 0.1687 0.0017
vn 0.7038 0.0782 0.7061
vn 0.7028 0.0947 0.7050
vn 0.3814 0.0715 0.9217
vn 0.3818 0.0502 0.9229
vn 0.0003 0.0635 0.9980
vn 0.0002 0.0406 0.9992
vn -0.6853 0.2554 -0.6820
vn -0.6876 0.2420 -0.6846
vn -0.3701 0.2634 -0.8909
vn -0.3681 0.2807 -0.8864
vn -0.0001 0.2710 -0.9626
vn 0.0001 0.2897 -0.9571
vn -0.3806 0.0715 0.9220
vn -0.3814 0.0503 0.9231
vn 0.9156 0.1292 0.3807
vn 0.9164 0.1198 0.3820
vn 0.3697 0.2633 -0.8911
vn 0.3682 0.2806 -0.8864
vn -0.9044 0.2090 -0.3719
vn -0.9030 0.2161 -0.3714
vn 0.6801 0.2764 -0.6790
vn 0.8987 0.2339 -0.3710
vn 0.9832 0.1825 0.0009
vn -0.7048 0.0842 0.7044
vn -0.9159 0.1301 0.3798
vn -0.9831 0.1833 0.0008
vn 0.7045 0.0837 0.7048
vn 0.3824 0.0527 0.9225
vn -0.0002 0.0420 0.9991
vn -0.6800 0.2763 -0.6791
vn -0.3645 0.3038 -0.8803
vn -0.0000 0.3135 -0.9496
vn -0.8985 0.2340 -0.3714
vn 0.3650 0.3038 -0.8800
vn 0.9161 0.1292 0.3797
vn -0.3823 0.0527 0.9225
vn 0.9085 0.1791 0.3776
vn 0.9066 0.1912 0.3761
vn -0.9825 0.1864 -0.0003
vn -0.9073 0.1937 -0.3732
vn -0.9805 0.1963 -0.0013
vn -0.9060 0.1995 -0.3733
vn -0.6952 0.2036 -0.6894
vn -0.6952 0.2007 -0.6902
vn -0.3762 0.1679 0.9112
vn -0.3763 0.1854 0.9078
vn -0.6938 0.1882 0.6951
vn -0.6953 0.1726 0.6977
vn -0.3748 0.2047 -0.9042
vn -0.3740 0.2057 -0.9043
vn 0.0010 0.2068 -0.9784
vn 0.0005 0.2064 -0.9785
vn 0.3741 0.2045 -0.9046
vn 0.3740 0.2056 -0.9043
vn -0.0000 1.0000 -0.0001
vn -0.0004 1.0000 0.0002
vn 0.0003 1.0000 -0.0001
vn 0.0001 1.0000 -0.0001
vn -0.9085 0.1787 0.3777
vn -0.9059 0.1919 0.3774
vn 0.0788 0.9795 -0.1851
vn 0.0078 0.9998 -0.0187
vn 0.1392 0.9308 -0.3380
vn -0.0002 1.0000 -0.0002
vn 0.0003 1.0000 0.0003
vn 0.0003 1.0000 0.0001
vn 0.0002 1.0000 -0.0003
vn -0.0003 1.0000 0.0001
vn -0.0000 1.0000 -0.0002
vn -0.0001 1.0000 -0.0001
vn -0.0220 0.9998 -0.0001
vn -0.1937 0.9811 0.0023
vn -0.1952 0.9773 0.0825
vn -0.0196 0.9998 0.0077
vn -0.3664 0.9305 0.0015
vn -0.3483 0.9261 0.1452
vn -0.2639 0.9249 0.2736
vn -0.1574 0.9768 0.1450
vn -0.0139 0.9998 0.0141
vn 0.0001 1.0000 0.0004
vn -0.0001 1.0000 -0.0002
vn -0.0002 1.0000 0.0004
vn 0.0001 1.0000 -0.0002
vn -0.9867 0.1624 0.0023
vn -0.9026 0.2190 -0.3706
vn -0.6835 0.2659 -0.6798
vn -0.0000 0.3065 -0.9519
vn 0.3664 0.2959 -0.8822
vn 0.6834 0.2658 -0.6800
vn 0.9867 0.1624 0.0021
vn 0.9178 0.1038 0.3832
vn 0.7047 0.0539 0.7074
vn 0.0004 0.0086 1.0000
vn -0.3820 0.0202 0.9239
vn -0.7050 0.0538 0.7072
vn -0.3663 0.2960 -0.8821
vn 0.3821 0.0201 0.9239
vn 0.9023 0.2190 -0.3713
vn -0.9181 0.1038 0.3825
vn -0.6917 0.2054 0.6924
vn -0.6926 0.2006 0.6928
vn -0.9066 0.1938 0.3749
vn -0.9071 0.1928 0.3741
vn -0.6911 0.2040 0.6934
vn -0.9053 0.2000 0.3748
vn -0.9805 0.1966 0.0030
vn -0.9825 0.1863 0.0020
vn -0.9841 0.1777 -0.0008
vn 0.9856 0.1691 -0.0012
vn 0.9853 0.1710 -0.0010
vn 0.9068 0.1946 0.3740
vn 0.9057 0.2012 0.3731
vn 0.9841 0.1778 -0.0010
vn 0.9074 0.1924 0.3737
vn 0.6949 0.2052 0.6892
vn 0.6930 0.2148 0.6882
vn 0.6906 0.2283 0.6863
vn -0.0000 0.2516 0.9678
vn -0.0001 0.2329 0.9725
vn -0.3733 0.2281 0.8992
vn -0.3717 0.2455 0.8953
vn -0.0001 0.2168 0.9762
vn -0.3742 0.2136 0.9024
vn -0.6906 0.2147 0.6907
vn -0.6893 0.2282 0.6876
vn -0.9857 0.1687 -0.0008
vn -0.9853 0.1706 -0.0015
vn -0.9138 0.1463 -0.3788
vn -0.9151 0.1363 -0.3795
vn -0.9118 0.1624 -0.3771
vn -0.6981 0.1498 -0.7002
vn -0.7010 0.1256 -0.7020
vn -0.7022 0.1086 -0.7036
vn 0.0001 0.0832 -0.9965
vn -0.0000 0.1070 -0.9943
vn 0.3792 0.1118 -0.9185
vn 0.3803 0.0896 -0.9205
vn -0.0002 0.1383 -0.9904
vn 0.3779 0.1412 -0.9150
vn 0.6979 0.1500 -0.7003
vn 0.7005 0.1260 -0.7024
vn 0.7023 0.1086 -0.7036
vn -0.6865 0.1902 0.7018
vn -0.6885 0.2321 0.6871
vn -0.9075 0.1904 0.3743
vn -0.9077 0.1493 0.3921
vn -0.6779 0.2878 0.6764
vn -0.8960 0.2462 0.3696
vn -0.9806 0.1962 -0.0011
vn -0.9902 0.1396 -0.0010
vn -0.9950 0.0987 0.0171
vn 0.0001 -0.0197 -0.9998
vn -0.0000 -0.0568 -0.9984
vn 0.3828 -0.0448 -0.9227
vn 0.3828 -0.0085 -0.9238
vn -0.0001 -0.0577 -0.9983
vn 0.3830 -0.0442 -0.9227
vn 0.7081 -0.0050 -0.7061
vn 0.7077 -0.0100 -0.7064
vn 0.7072 0.0240 -0.7066
vn 0.0001 -0.0541 -0.9985
vn 0.3828 -0.0390 -0.9230
vn 0.0001 -0.0673 -0.9977
vn 0.3825 -0.0513 -0.9225
vn 0.7074 -0.0051 -0.7068
vn 0.7078 0.0047 -0.7064
vn 0.0001 -0.0844 -0.9964
vn 0.3819 -0.0681 -0.9217
vn 0.0001 -0.0859 -0.9963
vn 0.3820 -0.0697 -0.9215
vn 0.7070 -0.0230 -0.7069
vn 0.7072 -0.0210 -0.7067
vn 0.0001 -0.0671 -0.9977
vn 0.3821 -0.0517 -0.9227
vn 0.0001 -0.0316 -0.9995
vn 0.3820 -0.0179 -0.9240
vn 0.7061 0.0218 -0.7078
vn 0.7068 -0.0074 -0.7074
vn 0.7157 -0.0093 -0.6983
vn 0.7066 0.0384 -0.7066
vn 0.9206 0.0842 -0.3814
vn 0.9292 0.0388 -0.3676
vn 0.7035 0.1013 -0.7034
vn 0.9139 0.1456 -0.3790
vn 0.9805 0.1968 -0.0010
vn 0.9906 0.1367 -0.0007
vn 0.9955 0.0936 0.0174
vn -0.9918 0.1282 -0.0000
vn -0.9948 0.1022 0.0006
vn -0.9231 0.0416 -0.3822
vn -0.9214 0.0717 -0.3819
vn -0.9927 0.1209 0.0008
vn -0.9228 0.0530 -0.3815
vn -0.7075 -0.0051 -0.7067
vn -0.7072 -0.0100 -0.7069
vn -0.7068 0.0239 -0.7070
vn -0.9895 0.1448 0.0001
vn -0.9217 0.0695 -0.3815
vn -0.9896 0.1437 -0.0004
vn -0.9221 0.0634 -0.3818
vn -0.7070 -0.0053 -0.7072
vn -0.7073 0.0046 -0.7069
vn -0.9914 0.1308 -0.0003
vn -0.9227 0.0488 -0.3825
vn -0.9918 0.1278 -0.0009
vn -0.9226 0.0464 -0.3830
vn -0.7065 -0.0233 -0.7073
vn -0.7067 -0.0212 -0.7072
vn -0.9907 0.1361 -0.0019
vn -0.9219 0.0586 -0.3831
vn -0.9888 0.1495 -0.0024
vn -0.9202 0.0808 -0.3830
vn -0.7056 0.0218 -0.7083
vn -0.7063 -0.0076 -0.7078
vn -0.0005 -0.0500 -0.9988
vn 0.0006 -0.0011 -1.0000
vn 0.3832 0.0084 -0.9236
vn 0.3876 -0.0408 -0.9209
vn -0.0001 0.0602 -0.9982
vn 0.3819 0.0708 -0.9215
vn -0.0000 0.2681 0.9634
vn -0.0001 0.2531 0.9674
vn -0.3714 0.2421 0.8963
vn -0.3699 0.2579 0.8925
vn -0.0001 0.2868 0.9580
vn -0.3682 0.2748 0.8882
vn -0.6865 0.2402 0.6863
vn -0.6914 0.2104 0.6912
vn -0.6888 0.2288 0.6879
vn 0.0001 0.3266 0.9452
vn -0.3638 0.3136 0.8771
vn -0.0000 0.3367 0.9416
vn -0.3629 0.3228 0.8741
vn -0.6790 0.2831 0.6773
vn -0.6801 0.2760 0.6792
vn -0.0002 0.3295 0.9442
vn -0.3640 0.3152 0.8765
vn -0.0001 0.3258 0.9454
vn -0.3647 0.3117 0.8774
vn -0.6823 0.2706 0.6792
vn -0.6812 0.2741 0.6788
vn -0.0001 0.3248 0.9458
vn -0.3647 0.3114 0.8775
vn -0.0000 0.3190 0.9478
vn -0.3655 0.3067 0.8788
vn -0.6818 0.2716 0.6792
vn -0.6818 0.2723 0.6790
vn -0.0006 0.2256 0.9742
vn 0.0005 0.2680 0.9634
vn -0.3705 0.2588 0.8920
vn -0.3676 0.2169 0.9044
vn -0.0001 0.3238 0.9461
vn -0.3638 0.3143 0.8769
vn 0.9917 0.1283 -0.0001
vn 0.9947 0.1024 0.0005
vn 0.9117 0.1615 0.3778
vn 0.9083 0.1833 0.3759
vn 0.9927 0.1208 0.0009
vn 0.9076 0.1863 0.3761
vn 0.6869 0.2400 0.6860
vn 0.6915 0.2104 0.6911
vn 0.6888 0.2288 0.6879
vn 0.9895 0.1445 0.0002
vn 0.9021 0.2168 0.3730
vn 0.9897 0.1435 -0.0004
vn 0.9015 0.2205 0.3724
vn 0.6792 0.2832 0.6771
vn 0.6806 0.2758 0.6788
vn 0.9914 0.1309 -0.0009
vn 0.9037 0.2099 0.3731
vn 0.9918 0.1278 -0.0013
vn 0.9044 0.2067 0.3733
vn 0.6818 0.2708 0.6796
vn 0.6808 0.2743 0.6791
vn 0.9907 0.1361 -0.0020
vn 0.9037 0.2112 0.3725
vn 0.9887 0.1497 -0.0025
vn 0.9026 0.2169 0.3719
vn 0.6823 0.2716 0.6788
vn 0.6817 0.2722 0.6791
vn 0.0147 0.9998 0.0149
vn 0.1338 0.9820 0.1337
vn 0.1787 0.9812 0.0727
vn 0.0197 0.9998 0.0078
vn 0.2460 0.9381 0.2439
vn 0.3196 0.9380 0.1338
vn 0.3522 0.9359 -0.0023
vn 0.1981 0.9802 -0.0016
vn 0.0209 0.9998 0.0002
vn 0.3650 0.3112 0.8775
vn 0.3645 0.3116 0.8775
vn 0.3658 0.3067 0.8787
vn 0.3639 0.3153 0.8764
vn 0.3629 0.3230 0.8740
vn 0.3639 0.3135 0.8771
vn 0.3683 0.2747 0.8882
vn 0.3715 0.2420 0.8963
vn 0.3698 0.2578 0.8926
vn -0.9203 0.0853 -0.3817
vn -0.9289 0.0416 -0.3680
vn -0.9138 0.1451 -0.3793
vn -0.7032 0.1011 -0.7038
vn -0.7062 0.0390 -0.7069
vn -0.7155 -0.0086 -0.6986
vn -0.3818 -0.0519 -0.9228
vn -0.3817 -0.0698 -0.9216
vn -0.3820 -0.0179 -0.9240
vn -0.3819 -0.0682 -0.9217
vn -0.3823 -0.0514 -0.9226
vn -0.3829 -0.0390 -0.9230
vn -0.3828 -0.0442 -0.9228
vn -0.3826 -0.0447 -0.9228
vn -0.3827 -0.0084 -0.9238
vn -0.3828 0.0092 -0.9238
vn -0.3880 -0.0393 -0.9208
vn -0.3813 0.0704 -0.9218
vn 0.3743 0.2281 0.8988
vn 0.3722 0.2454 0.8951
vn 0.3760 0.2137 0.9017
vn -0.3798 0.1116 -0.9183
vn -0.3806 0.0896 -0.9204
vn -0.3784 0.1411 -0.9148
vn 0.0162 0.9998 -0.0151
vn 0.1320 0.9818 -0.1364
vn 0.0724 0.9821 -0.1736
vn 0.0086 0.9998 -0.0202
vn 0.2473 0.9379 -0.2433
vn 0.1281 0.9369 -0.3254
vn 0.0027 0.9329 -0.3601
vn -0.0081 0.9809 -0.1943
vn 0.0010 0.9998 -0.0209
vn 0.9217 0.0587 -0.3834
vn 0.9227 0.0466 -0.3828
vn 0.9201 0.0805 -0.3834
vn 0.9227 0.0490 -0.3823
vn 0.9221 0.0636 -0.3817
vn 0.9219 0.0692 -0.3811
vn 0.9230 0.0530 -0.3811
vn 0.9233 0.0417 -0.3817
vn 0.9215 0.0720 -0.3817
vn 0.6860 0.1853 0.7036
vn 0.6892 0.2298 0.6872
vn 0.3706 0.2580 0.8923
vn 0.3677 0.2144 0.9049
vn 0.6775 0.2885 0.6766
vn 0.3632 0.3149 0.8769
vn -0.9040 0.2109 0.3719
vn -0.9047 0.2063 0.3729
vn -0.9030 0.2165 0.3711
vn -0.9039 0.2098 0.3728
vn -0.9016 0.2206 0.3722
vn -0.9020 0.2171 0.3732
vn -0.9075 0.1864 0.3764
vn -0.9116 0.1614 0.3780
vn -0.9084 0.1832 0.3759
vn 0.9080 0.1873 0.3747
vn 0.9084 0.1436 0.3926
vn 0.8959 0.2466 0.3696
vn -0.9066 0.1943 0.3746
vn -0.9055 0.2009 0.3738
vn 0.9134 0.1465 -0.3798
vn 0.9148 0.1362 -0.3802
vn 0.9110 0.1626 -0.3790
vn 0.0005 0.9998 0.0209
vn -0.0035 0.9814 0.1917
vn 0.0691 0.9823 0.1739
vn 0.0088 0.9998 0.0197
vn 0.0025 0.9338 0.3578
vn 0.1327 0.9367 0.3239
vn 0.1863 0.9797 -0.0738
vn 0.0186 0.9998 -0.0080
vn 0.3253 0.9354 -0.1385
vn -0.0706 0.9815 -0.1780
vn -0.0086 0.9998 -0.0191
vn -0.1386 0.9323 -0.3341
vn -0.2511 0.9349 -0.2506
vn -0.1226 0.9842 -0.1277
vn -0.0159 0.9998 -0.0155
vn -0.6958 0.1723 -0.6972
vn -0.3770 0.1678 -0.9109
vn -0.6936 0.1890 -0.6951
vn -0.3771 0.1861 -0.9073
vn 0.0006 0.1849 -0.9828
vn -0.0004 0.1665 -0.9860
vn -0.1593 0.9849 -0.0671
vn -0.0207 0.9998 -0.0084
vn -0.3320 0.9338 -0.1334
vn 0.7040 0.0785 -0.7058
vn 0.7032 0.0951 -0.7046
vn 0.9157 0.1295 -0.3805
vn 0.9167 0.1202 -0.3811
vn 0.9855 0.1698 -0.0014
vn 0.9856 0.1690 -0.0015
vn -0.6848 0.2548 0.6828
vn -0.6874 0.2421 0.6848
vn -0.9044 0.2091 0.3720
vn -0.9030 0.2157 0.3715
vn -0.9855 0.1698 -0.0010
vn -0.9857 0.1688 -0.0016
vn -0.7036 0.0782 -0.7062
vn -0.7032 0.0948 -0.7046
vn -0.3811 0.0714 -0.9218
vn -0.3817 0.0501 -0.9229
vn -0.0002 0.0635 -0.9980
vn -0.0002 0.0405 -0.9992
vn 0.6854 0.2548 0.6821
vn 0.6881 0.2418 0.6841
vn 0.3697 0.2632 0.8911
vn 0.3681 0.2804 0.8865
vn 0.0001 0.2710 0.9626
vn -0.0000 0.2897 0.9571
vn 0.3809 0.0715 -0.9219
vn 0.3812 0.0501 -0.9231
vn -0.9159 0.1293 -0.3801
vn -0.9167 0.1200 -0.3812
vn -0.3696 0.2633 0.8911
vn -0.3680 0.2803 0.8866
vn 0.9046 0.2088 0.3716
vn 0.9030 0.2157 0.3715
vn -0.6804 0.2763 0.6788
vn -0.8986 0.2337 0.3713
vn -0.9832 0.1824 -0.0006
vn 0.7045 0.0846 -0.7046
vn 0.9159 0.1302 -0.3796
vn 0.9830 0.1834 -0.0005
vn -0.7043 0.0838 -0.7049
vn -0.3821 0.0527 -0.9226
vn 0.0001 0.0420 -0.9991
vn 0.6800 0.2766 0.6790
vn 0.3648 0.3037 0.8802
vn -0.0002 0.3135 0.9496
vn 0.8984 0.2346 0.3713
vn -0.3649 0.3037 0.8801
vn -0.9159 0.1292 -0.3801
vn 0.3821 0.0531 -0.9226
vn -0.9094 0.1787 -0.3756
vn -0.9070 0.1929 -0.3743
vn 0.9825 0.1863 -0.0012
vn 0.9068 0.1935 0.3744
vn 0.9808 0.1951 -0.0021
vn 0.9054 0.1990 0.3750
vn 0.6936 0.2033 0.6910
vn 0.6947 0.2004 0.6908
vn 0.3769 0.1679 -0.9109
vn 0.3766 0.1855 -0.9076
vn 0.6947 0.1882 -0.6942
vn 0.6959 0.1725 -0.6971
vn 0.3767 0.2048 0.9034
vn 0.3753 0.2059 0.9038
vn 0.0001 0.2070 0.9783
vn 0.0003 0.2064 0.9785
vn -0.3738 0.2046 0.9047
vn -0.3733 0.2061 0.9045
vn 0.9084 0.1788 -0.3780
vn 0.9055 0.1910 -0.3789
vn -0.0754 0.9800 0.1841
vn -0.0076 0.9998 0.0184
vn -0.1482 0.9284 0.3407
vn -0.0003 1.0000 -0.0003
vn -0.0002 1.0000 0.0003
vn 0.0002 1.0000 -0.0000
vn -0.0003 1.0000 0.0002
vn -0.0004 1.0000 -0.0002
vn 0.0002 1.0000 0.0001
vn 0.0209 0.9998 -0.0002
vn 0.0202 0.9998 0.0083
vn 0.1701 0.9829 0.0709
vn 0.1880 0.9822 0.0006
vn 0.0163 0.9997 0.0153
vn 0.1267 0.9834 0.1300
vn 0.2542 0.9329 0.2551
vn 0.3306 0.9342 0.1341
vn 0.3580 0.9337 0.0005
vn -0.0001 1.0000 -0.0004
vn 0.9867 0.1627 -0.0020
vn 0.9022 0.2192 0.3716
vn 0.6832 0.2658 0.6801
vn -0.0001 0.3065 0.9519
vn -0.3665 0.2958 0.8822
vn -0.6827 0.2657 0.6807
vn -0.9868 0.1622 -0.0022
vn -0.9181 0.1038 -0.3825
vn -0.7048 0.0540 -0.7074
vn 0.0001 0.0086 -1.0000
vn 0.3817 0.0201 -0.9241
vn 0.7048 0.0538 -0.7073
vn 0.3668 0.2960 0.8820
vn -0.3819 0.0202 -0.9240
vn -0.9024 0.2189 0.3712
vn 0.9182 0.1039 -0.3824
vn 0.0081 0.9998 0.0184
vn 0.0701 0.9818 0.1767
vn -0.0004 0.9998 0.0194
vn 0.0036 0.9813 0.1924
vn -0.0004 0.9319 0.3626
vn 0.1475 0.9291 0.3391
vn -0.9856 0.1690 -0.0019
vn -0.9059 0.2007 0.3729
vn -0.9073 0.1943 0.3728
vn -0.9853 0.1706 -0.0022
vn -0.6901 0.2278 0.6869
vn -0.6921 0.2147 0.6891
vn -0.6937 0.2054 0.6903
vn -0.9077 0.1926 0.3727
vn -0.9841 0.1777 -0.0021
vn -0.0005 0.2516 0.9678
vn 0.3716 0.2451 0.8954
vn 0.3733 0.2282 0.8992
vn -0.0006 0.2329 0.9725
vn 0.6898 0.2277 0.6873
vn 0.6919 0.2150 0.6892
vn 0.6927 0.2056 0.6913
vn 0.3747 0.2138 0.9022
vn -0.0003 0.2169 0.9762
vn 0.9857 0.1687 -0.0007
vn 0.9150 0.1362 -0.3797
vn 0.9135 0.1462 -0.3797
vn 0.9853 0.1706 -0.0007
vn 0.7021 0.1086 -0.7037
vn 0.7007 0.1257 -0.7022
vn 0.6983 0.1500 -0.6999
vn 0.9110 0.1626 -0.3789
vn 0.9840 0.1779 -0.0006
vn -0.0001 0.0831 -0.9965
vn -0.3808 0.0895 -0.9203
vn -0.3794 0.1117 -0.9185
vn 0.0005 0.1070 -0.9943
vn -0.7025 0.1084 -0.7034
vn -0.7008 0.1257 -0.7022
vn -0.6984 0.1498 -0.6999
vn -0.3776 0.1411 -0.9151
vn 0.0009 0.1383 -0.9904
vn 0.6865 0.1876 0.7025
vn 0.9083 0.1436 0.3929
vn 0.9078 0.1891 0.3745
vn 0.6887 0.2311 0.6872
vn 0.9956 0.0922 0.0171
vn 0.9903 0.1387 -0.0011
vn 0.9801 0.1984 -0.0012
vn 0.8954 0.2481 0.3698
vn 0.6778 0.2885 0.6762
vn -0.0002 -0.0196 -0.9998
vn -0.3829 -0.0084 -0.9238
vn -0.3828 -0.0448 -0.9227
vn -0.0001 -0.0568 -0.9984
vn -0.7071 0.0241 -0.7067
vn -0.7076 -0.0100 -0.7065
vn -0.7081 -0.0053 -0.7061
vn -0.3831 -0.0443 -0.9226
vn 0.0001 -0.0578 -0.9983
vn -0.3829 -0.0389 -0.9230
vn -0.0000 -0.0540 -0.9985
vn -0.7079 0.0048 -0.7063
vn -0.3823 -0.0513 -0.9226
vn -0.3820 -0.0682 -0.9216
vn -0.0001 -0.0845 -0.9964
vn -0.7071 -0.0211 -0.7068
vn -0.7072 -0.0227 -0.7066
vn -0.3820 -0.0697 -0.9216
vn -0.0002 -0.0859 -0.9963
vn -0.3822 -0.0517 -0.9226
vn -0.0001 -0.0671 -0.9977
vn -0.7071 -0.0071 -0.7071
vn -0.7064 0.0220 -0.7075
vn -0.3823 -0.0177 -0.9239
vn -0.0001 -0.0316 -0.9995
vn -0.7163 -0.0037 -0.6978
vn -0.9291 0.0447 -0.3670
vn -0.9201 0.0883 -0.3815
vn -0.7066 0.0423 -0.7064
vn -0.9951 0.0973 0.0173
vn -0.9902 0.1399 -0.0009
vn -0.9803 0.1974 -0.0011
vn -0.9139 0.1458 -0.3789
vn -0.7033 0.1015 -0.7036
vn 0.9917 0.1284 -0.0000
vn 0.9215 0.0722 -0.3816
vn 0.9233 0.0415 -0.3819
vn 0.9948 0.1021 0.0006
vn 0.7068 0.0242 -0.7070
vn 0.7074 -0.0100 -0.7068
vn 0.7077 -0.0051 -0.7065
vn 0.9229 0.0528 -0.3815
vn 0.9927 0.1205 0.0008
vn 0.9216 0.0694 -0.3818
vn 0.9895 0.1446 -0.0000
vn 0.7074 0.0049 -0.7068
vn 0.7070 -0.0052 -0.7072
vn 0.9217 0.0635 -0.3826
vn 0.9896 0.1438 -0.0007
vn 0.9226 0.0486 -0.3827
vn 0.7067 -0.0215 -0.7072
vn 0.7064 -0.0232 -0.7074
vn 0.9226 0.0463 -0.3830
vn 0.9918 0.1277 -0.0010
vn 0.9216 0.0585 -0.3837
vn 0.9907 0.1359 -0.0017
vn 0.7061 -0.0077 -0.7081
vn 0.7055 0.0214 -0.7083
vn 0.9200 0.0803 -0.3837
vn 0.9888 0.1495 -0.0024
vn 0.0006 -0.0494 -0.9988
vn -0.3886 -0.0380 -0.9206
vn -0.3827 0.0102 -0.9238
vn -0.0004 -0.0008 -1.0000
vn -0.3816 0.0709 -0.9216
vn 0.0001 0.2680 0.9634
vn 0.3703 0.2578 0.8924
vn 0.3717 0.2422 0.8962
vn -0.0000 0.2532 0.9674
vn 0.6888 0.2287 0.6879
vn 0.6865 0.2400 0.6863
vn 0.3682 0.2748 0.8882
vn 0.0001 0.2869 0.9580
vn 0.6800 0.2759 0.6793
vn 0.6789 0.2832 0.6774
vn 0.3630 0.3229 0.8741
vn 0.0001 0.3367 0.9416
vn 0.3641 0.3152 0.8764
vn 0.0002 0.3295 0.9442
vn 0.6809 0.2741 0.6791
vn 0.6821 0.2706 0.6794
vn 0.3647 0.3116 0.8774
vn 0.0002 0.3258 0.9454
vn 0.3648 0.3112 0.8775
vn -0.0000 0.3248 0.9458
vn 0.6820 0.2720 0.6789
vn 0.6823 0.2712 0.6790
vn 0.3656 0.3066 0.8788
vn -0.0001 0.3189 0.9478
vn 0.0007 0.2258 0.9742
vn 0.3678 0.2161 0.9045
vn 0.3706 0.2584 0.8921
vn -0.0004 0.2680 0.9634
vn 0.3639 0.3145 0.8768
vn 0.0002 0.3238 0.9461
vn -0.9085 0.1828 0.3758
vn -0.9119 0.1614 0.3774
vn -0.9947 0.1024 0.0004
vn -0.6888 0.2283 0.6881
vn -0.6915 0.2103 0.6911
vn -0.6867 0.2401 0.6861
vn -0.9078 0.1862 0.3757
vn -0.9927 0.1206 0.0008
vn -0.9023 0.2166 0.3727
vn -0.9895 0.1444 0.0001
vn -0.6804 0.2758 0.6790
vn -0.6791 0.2831 0.6773
vn -0.9017 0.2203 0.3720
vn -0.9897 0.1434 -0.0007
vn -0.9039 0.2100 0.3727
vn -0.9914 0.1309 -0.0009
vn -0.6809 0.2745 0.6790
vn -0.6818 0.2710 0.6795
vn -0.9045 0.2069 0.3729
vn -0.9917 0.1283 -0.0011
vn -0.9038 0.2112 0.3722
vn -0.9907 0.1363 -0.0021
vn -0.6820 0.2723 0.6788
vn -0.6824 0.2716 0.6786
vn -0.9029 0.2167 0.3713
vn -0.9887 0.1498 -0.0026
vn -0.0140 0.9998 0.0139
vn -0.0196 0.9998 0.0076
vn -0.1783 0.9810 0.0765
vn -0.1480 0.9789 0.1407
vn -0.0211 0.9998 0.0001
vn -0.1812 0.9834 -0.0000
vn -0.3611 0.9325 -0.0001
vn -0.3400 0.9298 0.1410
vn -0.2584 0.9301 0.2610
vn -0.3642 0.3117 0.8776
vn -0.3646 0.3113 0.8776
vn -0.3654 0.3067 0.8789
vn -0.3625 0.3230 0.8742
vn -0.3635 0.3154 0.8766
vn -0.3680 0.2748 0.8883
vn -0.3636 0.3135 0.8772
vn -0.3698 0.2576 0.8927
vn -0.3712 0.2420 0.8964
vn 0.9290 0.0388 -0.3681
vn 0.9202 0.0860 -0.3818
vn 0.7156 -0.0086 -0.6984
vn 0.7065 0.0403 -0.7066
vn 0.7030 0.1014 -0.7040
vn 0.9136 0.1461 -0.3794
vn 0.3817 -0.0698 -0.9217
vn 0.3819 -0.0519 -0.9228
vn 0.3821 -0.0180 -0.9239
vn 0.3824 -0.0513 -0.9226
vn 0.3816 -0.0684 -0.9218
vn 0.3828 -0.0442 -0.9228
vn 0.3829 -0.0389 -0.9230
vn 0.3827 -0.0084 -0.9238
vn 0.3826 -0.0448 -0.9228
vn 0.3880 -0.0392 -0.9208
vn 0.3828 0.0097 -0.9238
vn 0.3814 0.0708 -0.9217
vn -0.3715 0.2453 0.8954
vn -0.3735 0.2279 0.8992
vn -0.3751 0.2137 0.9020
vn 0.3807 0.0896 -0.9204
vn 0.3799 0.1116 -0.9183
vn 0.3788 0.1412 -0.9146
vn -0.0131 0.9998 -0.0133
vn -0.0072 0.9998 -0.0178
vn -0.0760 0.9808 -0.1798
vn -0.1398 0.9804 -0.1391
vn -0.0006 0.9998 -0.0191
vn 0.0082 0.9805 -0.1966
vn -0.0002 0.9305 -0.3664
vn -0.1384 0.9315 -0.3364
vn -0.2638 0.9281 -0.2627
vn -0.9227 0.0469 -0.3827
vn -0.9218 0.0589 -0.3833
vn -0.9201 0.0807 -0.3834
vn -0.9221 0.0634 -0.3816
vn -0.9228 0.0490 -0.3820
vn -0.9231 0.0528 -0.3809
vn -0.9220 0.0693 -0.3810
vn -0.9215 0.0720 -0.3816
vn -0.9234 0.0418 -0.3816
vn -0.6859 0.1887 0.7029
vn -0.3682 0.2159 0.9043
vn -0.3701 0.2581 0.8924
vn -0.6888 0.2304 0.6874
vn -0.3638 0.3144 0.8768
vn -0.6779 0.2877 0.6765
vn 0.9046 0.2065 0.3729
vn 0.9039 0.2107 0.3723
vn 0.9030 0.2163 0.3712
vn 0.9013 0.2208 0.3728
vn 0.9037 0.2099 0.3732
vn 0.9075 0.1861 0.3765
vn 0.9019 0.2170 0.3735
vn 0.9084 0.1834 0.3758
vn 0.9116 0.1613 0.3780
vn -0.9079 0.1471 0.3925
vn -0.9076 0.1891 0.3749
vn -0.8959 0.2467 0.3695
vn 0.9058 0.2007 0.3731
vn 0.9066 0.1944 0.3745
vn 0.9066 0.1927 0.3755
vn -0.9146 0.1361 -0.3807
vn -0.9135 0.1462 -0.3798
vn -0.9113 0.1624 -0.3782
vn -0.9070 0.1938 0.3738
vn -0.9825 0.1863 -0.0006
vn -0.6946 0.2007 0.6908
vn -0.6938 0.2039 0.6907
vn -0.9052 0.1997 0.3750
vn -0.9806 0.1962 -0.0005
vn -0.0180 0.9998 -0.0073
vn -0.1722 0.9823 -0.0733
vn -0.3403 0.9295 -0.1419
vn 0.0071 0.9998 -0.0175
vn 0.0759 0.9805 -0.1813
vn 0.0168 0.9997 -0.0153
vn 0.1263 0.9833 -0.1313
vn 0.2534 0.9330 -0.2555
vn 0.1450 0.9270 -0.3460
vn 0.0218 0.9997 -0.0087
vn 0.1615 0.9845 -0.0686
vn 0.3260 0.9361 -0.1322
vn -0.7042 0.0786 -0.7056
vn -0.9165 0.1201 -0.3816
vn -0.9155 0.1292 -0.3811
vn -0.7033 0.0950 -0.7045
vn -0.9857 0.1688 -0.0021
vn -0.9855 0.1697 -0.0020
vn 0.6847 0.2553 0.6826
vn 0.9027 0.2160 0.3720
vn 0.9043 0.2090 0.3723
vn 0.6870 0.2418 0.6853
vn 0.9856 0.1690 -0.0017
vn 0.7038 0.0782 -0.7060
vn 0.3819 0.0501 -0.9228
vn 0.3813 0.0715 -0.9217
vn 0.7032 0.0947 -0.7046
vn -0.0001 0.0405 -0.9992
vn -0.0001 0.0635 -0.9980
vn -0.6855 0.2551 0.6819
vn -0.3682 0.2806 0.8864
vn -0.3699 0.2634 0.8909
vn -0.6878 0.2420 0.6844
vn -0.0001 0.2897 0.9571
vn -0.0002 0.2710 0.9626
vn -0.3813 0.0502 -0.9231
vn -0.3809 0.0714 -0.9219
vn 0.9164 0.1202 -0.3817
vn 0.9159 0.1292 -0.3801
vn 0.3680 0.2807 0.8865
vn 0.3698 0.2632 0.8911
vn -0.9030 0.2158 0.3715
vn -0.9043 0.2089 0.3723
vn 0.8987 0.2337 0.3712
vn 0.6802 0.2763 0.6790
vn 0.9832 0.1823 -0.0005
vn -0.9162 0.1289 -0.3795
vn -0.7047 0.0837 -0.7046
vn -0.9832 0.1824 -0.0004
vn 0.3820 0.0526 -0.9227
vn 0.7045 0.0834 -0.7048
vn -0.0001 0.0420 -0.9991
vn -0.3644 0.3039 0.8802
vn -0.6799 0.2768 0.6790
vn 0.0001 0.3135 0.9496
vn -0.8985 0.2342 0.3712
vn 0.3651 0.3037 0.8800
vn 0.9161 0.1289 -0.3796
vn -0.3823 0.0527 -0.9226
vn 0.9062 0.1938 0.3757
vn 0.6927 0.2003 0.6928
vn 0.9824 0.1866 0.0006
vn 0.9804 0.1968 0.0020
vn 0.9054 0.2007 0.3742
vn 0.6921 0.2041 0.6923
vn -0.9088 0.1787 -0.3770
vn -0.6960 0.1727 -0.6969
vn -0.9061 0.1919 -0.3772
vn -0.6945 0.1883 -0.6944
vn 0.3775 0.1679 -0.9106
vn 0.6956 0.1724 -0.6974
vn 0.0013 0.1666 -0.9860
vn 0.0008 0.1849 -0.9828
vn 0.3761 0.1856 -0.9078
vn 0.6937 0.1883 -0.6952
vn -0.3754 0.2048 0.9040
vn 0.0003 0.2069 0.9784
vn -0.3752 0.2060 0.9038
vn 0.3749 0.2046 0.9042
vn 0.3738 0.2059 0.9044
vn -0.3760 0.1680 -0.9113
vn -0.3756 0.1854 -0.9081
vn -0.0077 0.9998 0.0180
vn -0.0730 0.9810 0.1798
vn -0.1392 0.9330 0.3317
vn 0.9088 0.1788 -0.3770
vn 0.9073 0.1923 -0.3740
vn 0.0004 1.0000 -0.0001
vn 0.0002 1.0000 0.0004
vn -0.0000 1.0000 0.0004
vn -0.9024 0.2190 0.3710
vn -0.9867 0.1625 -0.0024
vn -0.6835 0.2657 0.6799
vn 0.3665 0.2960 0.8821
vn 0.6831 0.2660 0.6801
vn 0.9179 0.1040 -0.3829
vn 0.9867 0.1624 -0.0019
vn 0.7045 0.0540 -0.7077
vn -0.3818 0.0203 -0.9240
vn 0.0003 0.0086 -1.0000
vn -0.7052 0.0541 -0.7070
vn -0.3666 0.2959 0.8821
vn 0.3821 0.0202 -0.9239
vn 0.9023 0.2191 0.3712
vn -0.9181 0.1039 -0.3825
vn -0.3583 0.9217 -0.1487
vn -0.4455 0.8751 -0.1889
vn -0.4853 0.8744 -0.0002
vn -0.3384 0.8741 -0.3485
vn -0.3713 0.8524 -0.3683
vn -0.4901 0.8477 -0.2028
vn -0.5374 0.8433 -0.0022
vn -0.9557 0.2942 0.0014
vn -0.8800 0.3038 -0.3653
vn -0.8934 0.2545 -0.3702
vn -0.9687 0.2481 0.0009
vn -0.6722 0.3097 -0.6725
vn -0.6805 0.2586 -0.6856
vn 0.8942 0.2514 -0.3704
vn 0.9683 0.2498 0.0002
vn 0.6859 0.2561 -0.6811
vn 0.6750 0.3074 -0.6708
vn 0.8826 0.3011 -0.3610
vn 0.9539 0.3001 0.0012
vn 0.5726 0.8198 -0.0000
vn 0.5191 0.8277 -0.2132
vn 0.4425 0.8787 -0.1793
vn 0.4844 0.8748 0.0001
vn 0.3893 0.8338 -0.3914
vn 0.3341 0.8824 -0.3314
vn -0.1832 0.8739 0.4502
vn 0.0018 0.8754 0.4834
vn -0.3456 0.8703 0.3510
vn -0.3744 0.8483 0.3745
vn -0.2080 0.8416 0.4984
vn -0.0039 0.8374 0.5466
vn -0.0020 0.2969 0.9549
vn -0.3634 0.2985 0.8825
vn -0.3708 0.2448 0.8959
vn 0.0010 0.2434 0.9699
vn -0.6734 0.2995 0.6759
vn -0.6858 0.2468 0.6847
vn 0.1874 0.8802 -0.4361
vn -0.0004 0.8784 -0.4779
vn 0.2038 0.8371 -0.5077
vn -0.0001 0.8411 -0.5408
vn 0.0011 0.3148 -0.9492
vn 0.3627 0.3127 -0.8779
vn 0.3703 0.2601 -0.8918
vn -0.0014 0.2615 -0.9652
vn -0.1834 0.8758 -0.4465
vn -0.2015 0.8443 -0.4965
vn -0.3616 0.3147 -0.8776
vn -0.3703 0.2610 -0.8915
vn 0.1908 0.8755 0.4439
vn 0.3369 0.8787 0.3383
vn 0.2074 0.8310 0.5162
vn 0.3932 0.8294 0.3967
vn 0.6744 0.2955 0.6766
vn 0.3638 0.2981 0.8825
vn 0.3717 0.2438 0.8957
vn 0.6857 0.2434 0.6860
vn 0.8947 0.2449 0.3735
vn 0.8825 0.2950 0.3662
vn 0.5227 0.8248 0.2158
vn 0.4427 0.8781 0.1813
vn -0.4530 0.8700 0.1947
vn -0.4885 0.8493 0.2004
vn -0.8842 0.2914 0.3650
vn -0.8963 0.2449 0.3697
vn 0.0016 1.0000 0.0016
vn 0.0019 1.0000 0.0008
vn 0.0023 1.0000 -0.0000
vn 0.0006 1.0000 -0.0000
vn 0.0004 1.0000 0.0005
vn -0.0174 0.9998 -0.0073
vn 0.0005 1.0000 -0.0002
vn 0.0005 1.0000 -0.0000
vn -0.0017 1.0000 0.0014
vn -0.0019 1.0000 0.0007
vn -0.0019 1.0000 -0.0000
vn -0.0010 1.0000 0.0004
vn -0.0010 1.0000 -0.0000
vn -0.0005 1.0000 0.0001
vn 0.0017 1.0000 -0.0017
vn 0.0008 1.0000 -0.0021
vn -0.0000 1.0000 -0.0024
vn 0.0002 1.0000 -0.0006
vn -0.0000 1.0000 -0.0009
vn 0.0005 1.0000 -0.0006
vn -0.0009 1.0000 0.0021
vn -0.0000 1.0000 0.0024
vn -0.0002 1.0000 0.0007
vn -0.0000 1.0000 0.0009
vn 0.0008 1.0000 0.0020
vn 0.0002 1.0000 0.0006
vn -0.0004 1.0000 -0.0001
vn -0.0009 1.0000 -0.0021
vn -0.0016 1.0000 -0.0014
vn -0.0002 1.0000 -0.0007
vn 0.0006 1.0000 0.0002
vn -0.0017 1.0000 -0.0007
vn -0.0009 1.0000 -0.0004
vn 0.0020 1.0000 -0.0009
vn 0.0006 1.0000 -0.0003
vn 0.8915 0.2626 -0.3692
vn 0.9656 0.2601 -0.0005
vn 0.6817 0.2647 -0.6821
vn 0.6682 0.3244 -0.6695
vn 0.8730 0.3244 -0.3641
vn 0.9464 0.3230 0.0012
vn 0.5722 0.8201 -0.0000
vn 0.5216 0.8238 -0.2222
vn 0.4637 0.8651 -0.1912
vn 0.4990 0.8666 -0.0002
vn 0.3965 0.8291 -0.3942
vn 0.3473 0.8701 -0.3497
vn -0.4519 0.8728 -0.1845
vn -0.4915 0.8709 0.0020
vn -0.3399 0.8773 -0.3388
vn -0.3864 0.8389 -0.3834
vn -0.5300 0.8186 -0.2212
vn -0.5866 0.8098 0.0014
vn -0.9530 0.3029 0.0026
vn -0.8811 0.3058 -0.3608
vn -0.8945 0.2540 -0.3680
vn -0.9679 0.2514 0.0001
vn -0.6751 0.3106 -0.6691
vn -0.6865 0.2580 -0.6799
vn 0.3721 0.2448 0.8953
vn 0.0006 0.2431 0.9700
vn 0.6844 0.2492 0.6852
vn 0.6731 0.3068 0.6729
vn 0.3621 0.2997 0.8826
vn 0.0012 0.2964 0.9551
vn 0.0015 0.8381 0.5456
vn 0.2058 0.8333 0.5131
vn 0.1914 0.8735 0.4475
vn 0.0007 0.8758 0.4826
vn 0.3992 0.8281 0.3935
vn 0.3471 0.8700 0.3501
vn -0.3692 0.2589 -0.8926
vn 0.0013 0.2611 -0.9653
vn -0.3673 0.3104 -0.8768
vn -0.0008 0.3140 -0.9494
vn 0.0012 0.8414 -0.5404
vn -0.2109 0.8481 -0.4860
vn -0.1774 0.8802 -0.4401
vn 0.0004 0.8785 -0.4778
vn 0.3701 0.2636 -0.8908
vn 0.3585 0.3198 -0.8771
vn 0.2013 0.8344 -0.5130
vn 0.1911 0.8750 -0.4449
vn -0.3721 0.2421 0.8961
vn -0.6861 0.2447 0.6851
vn -0.3692 0.2936 0.8818
vn -0.6764 0.2967 0.6741
vn -0.3937 0.8304 0.3942
vn -0.2150 0.8418 0.4952
vn -0.1794 0.8762 0.4473
vn -0.3479 0.8721 0.3441
vn -0.4568 0.8695 0.1882
vn -0.5373 0.8127 0.2254
vn -0.8795 0.3023 0.3676
vn -0.8940 0.2492 0.3724
vn 0.8933 0.2551 0.3701
vn 0.8755 0.3155 0.3660
vn 0.5265 0.8207 0.2218
vn 0.4602 0.8678 0.1876
vn -0.0007 1.0000 0.0002
vn -0.0008 1.0000 -0.0000
vn -0.0005 1.0000 0.0004
vn -0.0013 1.0000 0.0013
vn -0.0018 1.0000 0.0007
vn -0.0009 1.0000 0.0004
vn -0.0009 1.0000 -0.0000
vn -0.0006 1.0000 0.0007
vn 0.0001 1.0000 0.0005
vn 0.0015 1.0000 0.0016
vn 0.0024 1.0000 0.0009
vn 0.0026 1.0000 -0.0000
vn 0.0018 1.0000 0.0007
vn 0.0019 1.0000 -0.0000
vn 0.0010 1.0000 0.0009
vn -0.0002 1.0000 -0.0005
vn -0.0000 1.0000 -0.0006
vn -0.0005 1.0000 -0.0004
vn -0.0013 1.0000 -0.0013
vn -0.0007 1.0000 -0.0017
vn -0.0000 1.0000 -0.0018
vn -0.0004 1.0000 -0.0010
vn -0.0000 1.0000 -0.0010
vn -0.0007 1.0000 -0.0007
vn 0.0003 1.0000 0.0005
vn -0.0000 1.0000 0.0006
vn 0.0007 1.0000 0.0017
vn -0.0000 1.0000 0.0018
vn 0.0004 1.0000 0.0010
vn -0.0000 1.0000 0.0010
vn -0.0002 1.0000 0.0005
vn -0.0007 1.0000 0.0017
vn -0.0004 1.0000 0.0010
vn 0.0003 1.0000 -0.0005
vn 0.0010 1.0000 -0.0009
vn 0.0007 1.0000 -0.0017
vn 0.0014 1.0000 -0.0017
vn 0.0004 1.0000 -0.0010
vn 0.0001 1.0000 -0.0005
vn 0.0022 1.0000 -0.0009
vn 0.0017 1.0000 -0.0007
vn -0.0006 1.0000 -0.0002
vn -0.0010 1.0000 -0.0004
vn -0.8946 0.2511 0.3697
vn -0.9684 0.2492 0.0006
vn -0.6810 0.2547 0.6866
vn -0.6728 0.3029 0.6750
vn -0.8827 0.2986 0.3628
vn -0.9548 0.2972 -0.0026
vn -0.5519 0.8339 -0.0020
vn -0.4953 0.8441 0.2054
vn -0.4421 0.8782 0.1824
vn -0.4902 0.8716 -0.0019
vn -0.3772 0.8473 0.3739
vn -0.3342 0.8784 0.3415
vn 0.4492 0.8749 0.1811
vn 0.4839 0.8751 -0.0007
vn 0.3404 0.8779 0.3367
vn 0.3932 0.8318 0.3918
vn 0.5240 0.8234 0.2178
vn 0.5657 0.8246 0.0007
vn 0.9493 0.3143 -0.0028
vn 0.8776 0.3142 0.3620
vn 0.8929 0.2576 0.3692
vn 0.9668 0.2557 -0.0023
vn 0.6744 0.3092 0.6705
vn 0.6843 0.2574 0.6823
vn -0.3720 0.2444 -0.8955
vn 0.0009 0.2432 -0.9700
vn -0.6843 0.2472 -0.6860
vn -0.6736 0.3002 -0.6754
vn -0.3644 0.2970 -0.8826
vn -0.0022 0.2964 -0.9551
vn -0.0045 0.8355 -0.5495
vn -0.2077 0.8319 -0.5146
vn -0.1915 0.8721 -0.4503
vn 0.0035 0.8753 -0.4835
vn -0.3985 0.8255 -0.3997
vn -0.3524 0.8670 -0.3524
vn 0.3687 0.2585 0.8929
vn -0.0001 0.2602 0.9656
vn 0.3660 0.3092 0.8778
vn -0.0003 0.3118 0.9501
vn -0.0001 0.8406 0.5416
vn 0.2070 0.8386 0.5040
vn 0.1859 0.8790 0.4391
vn -0.0003 0.8781 0.4785
vn -0.3671 0.2579 0.8937
vn -0.3639 0.3073 0.8793
vn -0.2022 0.8431 0.4983
vn -0.1819 0.8771 0.4445
vn 0.3723 0.2425 -0.8959
vn 0.6861 0.2422 -0.6860
vn 0.3668 0.2946 -0.8824
vn 0.6771 0.2920 -0.6754
vn 0.3909 0.8329 -0.3917
vn 0.2097 0.8335 -0.5112
vn 0.1879 0.8772 -0.4419
vn 0.3387 0.8786 -0.3367
vn 0.4434 0.8777 -0.1816
vn 0.5143 0.8309 -0.2125
vn 0.8796 0.3001 -0.3690
vn 0.8935 0.2471 -0.3749
vn -0.8949 0.2491 -0.3702
vn -0.8809 0.2997 -0.3663
vn -0.5200 0.8257 -0.2189
vn -0.4629 0.8654 -0.1919
vn 0.0007 1.0000 -0.0002
vn 0.0008 1.0000 -0.0000
vn 0.0005 1.0000 -0.0004
vn 0.0013 1.0000 -0.0012
vn 0.0018 1.0000 -0.0000
vn 0.0009 1.0000 -0.0004
vn 0.0009 1.0000 -0.0000
vn 0.0006 1.0000 -0.0007
vn -0.0001 1.0000 -0.0005
vn -0.0015 1.0000 -0.0016
vn -0.0023 1.0000 -0.0009
vn -0.0026 1.0000 -0.0000
vn -0.0010 1.0000 -0.0009
vn 0.0002 1.0000 0.0005
vn 0.0005 1.0000 0.0004
vn 0.0013 1.0000 0.0013
vn 0.0007 1.0000 0.0016
vn 0.0007 1.0000 0.0007
vn -0.0003 1.0000 -0.0005
vn 0.0002 1.0000 -0.0005
vn 0.0007 1.0000 -0.0016
vn -0.0003 1.0000 0.0005
vn -0.0010 1.0000 0.0009
vn -0.0014 1.0000 0.0016
vn -0.0001 1.0000 0.0005
vn -0.0021 1.0000 0.0009
vn -0.0017 1.0000 0.0007
vn 0.0017 1.0000 0.0007
vn 0.0009 1.0000 0.0004
vn 0.4434 0.8770 0.1850
vn 0.4751 0.8799 -0.0004
vn 0.3410 0.8755 0.3424
vn 0.3788 0.8442 0.3791
vn 0.4982 0.8411 0.2106
vn 0.5322 0.8466 0.0002
vn 0.9583 0.2857 0.0004
vn 0.8836 0.2925 0.3656
vn 0.8947 0.2488 0.3709
vn 0.9699 0.2437 0.0020
vn 0.6748 0.3041 0.6724
vn 0.6837 0.2556 0.6836
vn -0.8933 0.2519 0.3723
vn -0.9689 0.2473 -0.0022
vn -0.6845 0.2569 0.6823
vn -0.6731 0.3079 0.6724
vn -0.8807 0.3009 0.3657
vn -0.9556 0.2947 -0.0042
vn -0.5132 0.8583 -0.0020
vn -0.4786 0.8553 0.1982
vn -0.4330 0.8825 0.1836
vn -0.4703 0.8825 -0.0016
vn -0.3770 0.8430 0.3836
vn -0.3393 0.8795 0.3337
vn 0.1763 0.8775 -0.4461
vn -0.0079 0.8768 -0.4807
vn 0.3386 0.8766 -0.3419
vn 0.3796 0.8458 -0.3750
vn 0.2093 0.8488 -0.4855
vn 0.0075 0.8417 -0.5399
vn 0.0010 0.2945 -0.9557
vn 0.3672 0.2932 -0.8827
vn 0.3703 0.2420 -0.8968
vn 0.0008 0.2422 -0.9702
vn 0.6757 0.2946 -0.6758
vn 0.6854 0.2440 -0.6861
vn -0.1835 0.8793 0.4395
vn -0.0023 0.8795 0.4760
vn -0.2102 0.8410 0.4985
vn -0.0012 0.8457 0.5337
vn -0.0032 0.3119 0.9501
vn -0.3685 0.3100 0.8764
vn -0.3704 0.2589 0.8921
vn -0.0003 0.2601 0.9656
vn 0.1742 0.8782 0.4454
vn 0.2080 0.8502 0.4836
vn 0.3661 0.3100 0.8774
vn 0.3686 0.2589 0.8928
vn -0.1826 0.8772 -0.4440
vn -0.3414 0.8765 -0.3395
vn -0.2129 0.8403 -0.4985
vn -0.3792 0.8441 -0.3790
vn -0.6761 0.2963 -0.6746
vn -0.3682 0.2950 -0.8817
vn -0.3711 0.2425 -0.8963
vn -0.6873 0.2443 -0.6841
vn -0.8943 0.2453 -0.3741
vn -0.8816 0.2943 -0.3690
vn -0.4880 0.8489 -0.2030
vn -0.4418 0.8772 -0.1879
vn 0.4438 0.8770 -0.1844
vn 0.4967 0.8427 -0.2075
vn 0.8840 0.2914 -0.3655
vn 0.8966 0.2444 -0.3693
vn -0.0016 1.0000 -0.0017
vn -0.0019 1.0000 -0.0008
vn -0.0023 1.0000 -0.0000
vn -0.0007 1.0000 -0.0000
vn -0.0005 1.0000 -0.0006
vn -0.0005 1.0000 0.0002
vn -0.0004 1.0000 -0.0000
vn 0.0017 1.0000 -0.0014
vn 0.0019 1.0000 -0.0007
vn 0.0010 1.0000 -0.0004
vn 0.0010 1.0000 -0.0000
vn 0.0005 1.0000 -0.0001
vn -0.0017 1.0000 0.0017
vn -0.0008 1.0000 0.0021
vn -0.0002 1.0000 0.0006
vn -0.0005 1.0000 0.0006
vn 0.0009 1.0000 -0.0021
vn 0.0002 1.0000 -0.0007
vn -0.0008 1.0000 -0.0021
vn 0.0004 1.0000 0.0001
vn 0.0009 1.0000 0.0021
vn 0.0016 1.0000 0.0013
vn 0.0002 1.0000 0.0007
vn -0.0020 1.0000 0.0008
vn -0.0006 1.0000 0.0002
vn -0.1917 0.9784 -0.0778
vn 0.1863 0.2552 -0.9488
vn -0.1833 0.2576 -0.9487
vn -0.1840 -0.0406 -0.9821
vn 0.1886 -0.0452 -0.9810
vn 0.1931 0.2927 0.9365
vn -0.1967 0.2930 0.9357
vn -0.2014 -0.0513 0.9782
vn 0.1981 -0.0517 0.9788
vn 0.1804 0.7511 -0.6350
vn -0.1782 0.7559 -0.6299
vn -0.1813 0.5303 -0.8282
vn 0.1827 0.5248 -0.8314
vn 0.9799 0.1113 -0.1654
vn 0.9769 -0.1454 0.1568
vn 0.9758 -0.1931 0.1028
vn 0.9795 0.1579 -0.1250
vn 0.9891 0.0248 0.1452
vn 0.9804 -0.0581 -0.1882
vn 0.9875 -0.0121 0.1568
vn 1.0000 -0.0007 0.0002
vn 0.9646 0.2627 -0.0237
vn 0.9645 0.2636 0.0164
vn 1.0000 -0.0008 -0.0000
vn 0.1494 0.9842 0.0950
vn -0.1545 0.9835 0.0943
vn -0.1605 0.9404 0.2997
vn 0.1566 0.9408 0.3005
vn 0.1846 -0.9789 -0.0881
vn -0.1865 -0.9786 -0.0875
vn -0.1911 -0.9229 -0.3342
vn 0.1904 -0.9228 -0.3349
vn 0.9799 0.1994 -0.0099
vn 0.9751 -0.2211 -0.0146
vn 0.9762 -0.2067 -0.0662
vn 0.9823 0.1812 0.0483
vn -0.2024 -0.7953 -0.5714
vn 0.2034 -0.7946 -0.5720
vn 0.2291 -0.4278 -0.8743
vn -0.2255 -0.4283 -0.8751
vn -0.2191 -0.3261 -0.9196
vn 0.2233 -0.3270 -0.9183
vn 0.9807 -0.0618 -0.1853
vn 0.9761 0.0738 0.2046
vn 0.9775 -0.0056 0.2107
vn 0.9813 -0.0022 -0.1926
vn 0.1947 -0.6722 0.7143
vn -0.1975 -0.6715 0.7142
vn -0.1920 -0.8689 0.4561
vn 0.1898 -0.8695 0.4560
vn 0.1780 -0.6048 -0.7762
vn -0.1813 -0.5986 -0.7803
vn -0.1727 -0.8060 -0.5661
vn 0.1705 -0.8076 -0.5646
vn -0.1874 -0.9664 0.1762
vn 0.1854 -0.9668 0.1758
vn 0.1874 -0.6906 -0.6986
vn -0.1897 -0.6972 -0.6913
vn -0.1704 -0.6907 -0.7028
vn 0.1882 -0.6776 -0.7109
vn 0.2254 -0.1300 0.9655
vn -0.1420 -0.1429 0.9795
vn -0.2157 0.1544 0.9642
vn 0.2503 0.1582 0.9552
vn 0.1534 0.9729 -0.1732
vn -0.1584 0.9720 -0.1733
vn -0.1547 0.9858 -0.0653
vn 0.1493 0.9867 -0.0647
vn 0.1566 0.9466 -0.2818
vn -0.1612 0.9459 -0.2816
vn 0.9776 -0.0805 0.1944
vn 0.9805 0.0567 -0.1880
vn -0.9819 0.0553 -0.1812
vn -0.9815 0.1085 -0.1580
vn -0.9774 -0.1443 0.1548
vn -0.9782 -0.0800 0.1919
vn -0.9799 -0.1565 -0.1236
vn -0.9813 -0.1091 -0.1583
vn -0.9738 0.1475 0.1729
vn -0.9699 0.2096 0.1240
vn -0.9809 0.1829 -0.0670
vn -0.9817 0.1905 -0.0078
vn -0.9755 -0.2197 -0.0151
vn -0.9755 -0.2161 0.0414
vn -0.9810 0.1532 -0.1190
vn -0.9763 -0.1915 0.1012
vn -0.9884 0.0968 0.1171
vn -0.9889 0.0594 0.1359
vn -0.9840 -0.0794 -0.1596
vn -0.9816 -0.1235 -0.1455
vn -1.0000 0.0007 -0.0009
vn -0.9739 -0.2264 -0.0167
vn -0.9665 0.2561 0.0171
vn -0.9666 0.2553 -0.0231
vn -0.9873 0.0245 0.1572
vn -0.9804 -0.0569 -0.1885
vn -0.9774 -0.1972 -0.0760
vn -0.9663 0.2489 0.0654
vn -0.9825 -0.0094 0.1861
vn -1.0000 -0.0048 -0.0023
vn -0.9864 -0.0734 -0.1468
vn -0.9838 0.1729 0.0481
vn -0.9863 0.1376 0.0905
vn -0.9786 -0.1725 -0.1122
vn -0.9764 -0.2057 -0.0663
vn -0.9820 -0.0567 -0.1802
vn -0.9821 -0.0011 -0.1883
vn -0.9781 -0.0059 0.2081
vn -0.9767 0.0724 0.2019
vn -1.0000 0.0008 0.0015
vn -1.0000 0.0014 -0.0009
vn -0.9696 0.2404 -0.0448
vn -0.9690 0.2367 -0.0712
vn -0.9999 -0.0062 -0.0114
vn -1.0000 -0.0061 0.0052
vn -0.9806 0.0094 -0.1955
vn -0.9767 0.0151 -0.2142
vn -0.1657 0.9365 -0.3091
vn 0.1616 0.9366 -0.3108
vn 0.1670 0.9522 -0.2560
vn -0.1705 0.9521 -0.2537
vn 0.1830 0.5963 0.7816
vn -0.1866 0.5961 0.7809
vn -1.0000 -0.0035 0.0025
vn -0.9748 0.2138 -0.0631
vn -0.9734 0.2223 -0.0550
vn -1.0000 -0.0048 0.0057
vn 1.0000 -0.0004 0.0003
vn 0.9673 0.2421 -0.0752
vn 0.9682 0.2461 -0.0454
vn 1.0000 -0.0006 0.0002
vn 0.9751 -0.2178 0.0425
vn 0.9792 0.1900 -0.0710
vn 0.9977 -0.0495 -0.0462
vn 0.9364 -0.1002 -0.3362
vn 0.9786 0.0210 -0.2049
vn -0.1840 -0.3366 -0.9235
vn 0.1850 -0.3463 -0.9197
vn 0.9877 0.1012 0.1194
vn 0.9819 -0.1236 -0.1436
vn 0.9847 -0.0794 -0.1550
vn 0.9890 0.0614 0.1349
vn -0.2158 -0.6058 -0.7658
vn 0.2186 -0.6049 -0.7657
vn 0.1699 0.8167 0.5515
vn -0.1732 0.8165 0.5507
vn 0.9863 -0.0781 -0.1452
vn 1.0000 -0.0000 0.0002
vn 0.9853 0.1436 0.0923
vn 0.9785 -0.1731 -0.1120
vn 0.1823 0.9787 -0.0941
vn -0.1801 0.9797 -0.0876
vn -0.1769 0.9104 -0.3741
vn 0.1794 0.9078 -0.3792
vn -0.9802 0.1936 -0.0419
vn -0.9624 0.1735 -0.2091
vn 0.2105 0.8513 0.4806
vn -0.2059 0.8483 0.4878
vn -0.1896 0.9596 0.2076
vn 0.1926 0.9607 0.2000
vn 0.2308 0.6623 0.7128
vn -0.2244 0.6565 0.7202
vn -0.2012 -0.3875 0.8996
vn 0.1980 -0.3882 0.9001
vn 0.2468 0.4229 0.8719
vn -0.2319 0.4148 0.8798
vn 0.9753 -0.2059 -0.0793
vn 0.9646 0.2554 0.0654
vn 0.9688 0.2137 0.1254
vn 0.9780 -0.1641 -0.1288
vn 0.9809 -0.0621 0.1842
vn 1.0000 -0.0001 0.0002
vn 0.9731 0.1497 0.1751
vn 0.9795 -0.1170 -0.1642
vn 0.1323 -0.9499 0.2830
vn -0.1363 -0.9520 0.2743
vn -0.1264 -0.8453 0.5191
vn 0.1231 -0.8436 0.5227
vn -0.1591 -0.9415 -0.2972
vn 0.1604 -0.9426 -0.2929
vn -0.1460 -0.9893 -0.0063
vn 0.1456 -0.9893 0.0055
vn -0.1149 -0.6757 0.7281
vn 0.1078 -0.6658 0.7383
vn -0.1955 0.0902 -0.9765
vn -0.1973 0.1369 -0.9707
vn 0.1957 0.1394 -0.9707
vn 0.2031 0.0909 -0.9749
vn 0.9733 0.2183 -0.0716
vn -0.9732 0.2183 -0.0716
vn -0.9710 0.2285 -0.0697
vn -1.0000 -0.0001 0.0002
vn -0.9809 -0.0621 0.1842
vn -0.1772 0.1555 -0.9718
vn 0.1714 0.1528 -0.9733
vn 0.1950 0.0275 -0.9804
vn -0.1955 0.0271 -0.9803
vn 0.9809 0.1874 -0.0526
vn 0.9801 0.0176 -0.1976
vn 0.9628 0.1621 -0.2163
vn -0.1917 0.9489 -0.2506
vn 0.1902 0.9487 -0.2526
vn 0.1726 0.9034 -0.3925
vn -0.1811 0.9021 -0.3918
vn -0.1112 -0.4224 0.8995
vn 0.1316 -0.4418 0.8874
vn 0.2025 -0.0727 -0.9766
vn -0.1748 -0.0784 -0.9815
vn -0.9398 -0.1596 -0.3021
vn -0.9918 -0.0880 -0.0924
vn -0.2011 -0.3555 -0.9128
vn 0.2046 -0.3555 -0.9120
vn -0.1886 -0.0452 -0.9810
vn -0.1850 -0.3463 -0.9197
vn 0.1824 -0.3366 -0.9238
vn 0.1825 -0.0406 -0.9824
vn -0.1931 0.2927 0.9365
vn -0.1981 -0.0517 0.9788
vn 0.2014 -0.0513 0.9782
vn 0.1967 0.2930 0.9357
vn -0.1804 0.7511 -0.6350
vn -0.1827 0.5248 -0.8313
vn 0.1800 0.5304 -0.8284
vn 0.1769 0.7561 -0.6300
vn -0.9792 0.1900 -0.0710
vn -0.9799 0.1994 -0.0099
vn -0.9751 -0.2211 -0.0146
vn -0.9751 -0.2178 0.0425
vn -0.9891 0.0248 0.1452
vn -0.9876 -0.0121 0.1568
vn -0.9804 -0.0581 -0.1882
vn -1.0000 -0.0007 0.0002
vn -1.0000 -0.0008 -0.0000
vn -0.9645 0.2637 0.0164
vn -0.9646 0.2627 -0.0237
vn -0.1494 0.9842 0.0950
vn -0.1566 0.9408 0.3005
vn 0.1605 0.9404 0.2997
vn 0.1545 0.9835 0.0943
vn -0.1846 -0.9789 -0.0881
vn -0.1904 -0.9228 -0.3349
vn 0.1911 -0.9229 -0.3342
vn 0.1865 -0.9786 -0.0875
vn -0.9823 0.1812 0.0483
vn -0.9762 -0.2067 -0.0662
vn -0.2034 -0.7946 -0.5720
vn 0.2024 -0.7953 -0.5714
vn -0.2291 -0.4278 -0.8743
vn -0.2233 -0.3270 -0.9183
vn 0.2191 -0.3262 -0.9196
vn 0.2255 -0.4283 -0.8751
vn -0.1863 0.2552 -0.9488
vn 0.1818 0.2577 -0.9490
vn -0.1947 -0.6722 0.7143
vn -0.1898 -0.8695 0.4560
vn 0.1920 -0.8689 0.4561
vn 0.1975 -0.6715 0.7142
vn -0.1780 -0.6048 -0.7762
vn -0.1705 -0.8076 -0.5646
vn 0.1703 -0.8064 -0.5664
vn 0.1795 -0.5988 -0.7805
vn -0.1854 -0.9668 0.1758
vn 0.1874 -0.9663 0.1762
vn -0.1907 -0.6991 -0.6892
vn -0.1723 -0.6921 -0.7010
vn 0.1899 -0.6732 -0.7147
vn 0.1885 -0.6872 -0.7016
vn -0.2254 -0.1300 0.9655
vn -0.2503 0.1582 0.9552
vn 0.2274 0.1550 0.9614
vn 0.1937 -0.1293 0.9725
vn -0.1534 0.9729 -0.1732
vn -0.1493 0.9867 -0.0647
vn 0.1547 0.9858 -0.0653
vn 0.1584 0.9720 -0.1733
vn -0.1566 0.9466 -0.2818
vn 0.1612 0.9459 -0.2816
vn -1.0000 -0.0000 0.0002
vn 0.9816 0.0557 -0.1825
vn 0.9781 -0.0800 0.1919
vn 0.9774 -0.1443 0.1548
vn 0.9811 0.1095 -0.1593
vn 0.9794 -0.1583 -0.1249
vn 0.9699 0.2096 0.1240
vn 0.9738 0.1475 0.1728
vn 0.9810 -0.1102 -0.1598
vn 0.9803 0.1853 -0.0678
vn 0.9755 -0.2161 0.0413
vn 0.9755 -0.2197 -0.0151
vn 0.9811 0.1936 -0.0079
vn 0.9763 -0.1915 0.1012
vn 0.9806 0.1549 -0.1202
vn 0.9877 0.0998 0.1208
vn 0.9816 -0.1235 -0.1455
vn 0.9840 -0.0794 -0.1596
vn 0.9886 0.0609 0.1376
vn 1.0000 0.0007 -0.0009
vn 0.9666 0.2553 -0.0231
vn 0.9665 0.2561 0.0171
vn 0.9728 -0.2310 -0.0168
vn 0.9804 -0.0569 -0.1886
vn 0.9886 0.0248 0.1485
vn 0.9767 -0.2001 -0.0770
vn 0.9663 0.2489 0.0654
vn 0.9859 -0.0170 0.1662
vn 0.9864 -0.0734 -0.1469
vn 1.0000 -0.0048 -0.0024
vn 0.9831 0.1764 0.0491
vn 0.9764 -0.2057 -0.0663
vn 0.9786 -0.1725 -0.1122
vn 0.9857 0.1410 0.0928
vn 0.9817 -0.0572 -0.1817
vn 0.9767 0.0724 0.2019
vn 0.9781 -0.0059 0.2081
vn 0.9819 -0.0012 -0.1896
vn 1.0000 0.0009 0.0017
vn 0.9690 0.2367 -0.0711
vn 0.9696 0.2404 -0.0448
vn 1.0000 0.0014 -0.0009
vn 1.0000 -0.0064 -0.0044
vn 0.9771 0.0148 -0.2120
vn 0.9814 0.0105 -0.1917
vn 1.0000 -0.0063 0.0070
vn 0.1656 0.9365 -0.3091
vn 0.1699 0.9523 -0.2535
vn -0.1676 0.9520 -0.2563
vn -0.1617 0.9366 -0.3108
vn -0.1830 0.5963 0.7816
vn 0.1866 0.5961 0.7809
vn 0.9730 -0.1097 0.2030
vn 1.0000 -0.0048 0.0055
vn 0.9739 0.2205 -0.0531
vn 0.9748 0.2138 -0.0630
vn -1.0000 -0.0004 0.0003
vn -1.0000 -0.0006 0.0002
vn -0.9682 0.2462 -0.0454
vn -0.9673 0.2421 -0.0752
vn -0.9799 0.1113 -0.1654
vn -0.9795 0.1579 -0.1250
vn -0.9758 -0.1931 0.1028
vn -0.9769 -0.1455 0.1568
vn -0.9805 0.0567 -0.1880
vn -0.9776 -0.0805 0.1944
vn -0.9789 0.0211 -0.2034
vn -0.9421 -0.1587 -0.2954
vn -0.9927 -0.0903 -0.0797
vn -0.9807 -0.0618 -0.1853
vn -0.9813 -0.0022 -0.1925
vn -0.9775 -0.0056 0.2108
vn -0.9761 0.0738 0.2046
vn -0.9877 0.1012 0.1194
vn -0.9890 0.0614 0.1349
vn -0.9847 -0.0794 -0.1550
vn -0.9819 -0.1236 -0.1436
vn -0.2186 -0.6049 -0.7657
vn 0.2158 -0.6058 -0.7658
vn -0.1699 0.8167 0.5515
vn 0.1732 0.8165 0.5508
vn -0.9860 -0.0780 -0.1475
vn -0.9853 0.1436 0.0923
vn -0.9785 -0.1732 -0.1120
vn -0.1823 0.9787 -0.0941
vn -0.1794 0.9078 -0.3792
vn 0.1752 0.9107 -0.3741
vn 0.1777 0.9802 -0.0876
vn 0.9650 0.1709 -0.1991
vn 0.9806 0.1922 -0.0381
vn -0.2105 0.8513 0.4806
vn -0.1926 0.9607 0.2000
vn 0.1861 0.9603 0.2080
vn 0.2007 0.8491 0.4886
vn -0.2308 0.6623 0.7128
vn 0.2176 0.6573 0.7215
vn -0.1980 -0.3882 0.9001
vn 0.2012 -0.3875 0.8996
vn -0.2468 0.4229 0.8719
vn 0.2282 0.4156 0.8805
vn -0.9753 -0.2059 -0.0793
vn -0.9780 -0.1641 -0.1287
vn -0.9688 0.2137 0.1254
vn -0.9646 0.2554 0.0654
vn -0.1316 -0.4418 0.8874
vn 0.1492 -0.4221 0.8942
vn -0.9795 -0.1170 -0.1642
vn -0.9731 0.1497 0.1751
vn -0.1323 -0.9499 0.2830
vn -0.1231 -0.8436 0.5227
vn 0.1189 -0.8462 0.5194
vn 0.1310 -0.9527 0.2743
vn -0.1604 -0.9426 -0.2929
vn 0.1560 -0.9419 -0.2974
vn -0.1456 -0.9893 0.0055
vn 0.1422 -0.9898 -0.0064
vn -0.1078 -0.6658 0.7383
vn 0.1194 -0.6765 0.7267
vn 0.2037 0.0895 -0.9749
vn -0.1964 0.0914 -0.9763
vn -0.1951 0.1385 -0.9710
vn 0.1970 0.1365 -0.9709
vn 0.9732 0.2183 0.0716
vn 0.9716 0.2267 0.0677
vn 1.0000 -0.0001 -0.0002
vn 0.9809 -0.0621 -0.1842
vn 0.1701 0.1537 -0.9734
vn 0.1946 0.0276 -0.9805
vn -0.1959 0.0285 -0.9802
vn -0.1777 0.1548 -0.9718
vn -0.9797 0.1923 -0.0558
vn -0.9597 0.1706 -0.2236
vn -0.9806 0.0174 -0.1954
vn 0.1898 0.9493 -0.2506
vn 0.1730 0.9042 -0.3905
vn -0.1814 0.9009 -0.3943
vn -0.1927 0.9480 -0.2532
vn -0.1755 -0.0780 -0.9814
vn 0.2061 -0.0745 -0.9757
vn 0.9975 -0.0490 -0.0506
vn 0.9284 -0.1063 -0.3560
vn -0.2049 -0.3551 -0.9121
vn 0.2011 -0.3554 -0.9128
vn 0.1886 -0.0452 0.9810
vn 0.1850 -0.3463 0.9197
vn -0.1824 -0.3366 0.9238
vn -0.1825 -0.0406 0.9824
vn 0.1931 0.2927 -0.9365
vn 0.1981 -0.0517 -0.9788
vn -0.2014 -0.0513 -0.9782
vn -0.1967 0.2930 -0.9357
vn 0.1804 0.7511 0.6350
vn 0.1827 0.5248 0.8314
vn -0.1800 0.5304 0.8284
vn -0.1769 0.7561 0.6300
vn 0.9792 0.1900 0.0710
vn 0.9799 0.1994 0.0100
vn 0.9751 -0.2211 0.0146
vn 0.9751 -0.2178 -0.0425
vn 0.9891 0.0248 -0.1452
vn 0.9875 -0.0121 -0.1568
vn 0.9804 -0.0581 0.1882
vn 1.0000 -0.0007 -0.0002
vn 0.9645 0.2636 -0.0164
vn 0.9646 0.2627 0.0237
vn 0.1494 0.9842 -0.0950
vn 0.1566 0.9408 -0.3005
vn -0.1605 0.9404 -0.2997
vn -0.1545 0.9835 -0.0943
vn 0.1846 -0.9789 0.0881
vn 0.1904 -0.9228 0.3349
vn -0.1911 -0.9229 0.3342
vn -0.1865 -0.9786 0.0875
vn 0.9823 0.1812 -0.0483
vn 0.9762 -0.2067 0.0662
vn 0.2034 -0.7946 0.5720
vn -0.2024 -0.7953 0.5714
vn 0.2291 -0.4278 0.8743
vn 0.2233 -0.3270 0.9183
vn -0.2191 -0.3261 0.9196
vn -0.2255 -0.4283 0.8751
vn 0.1863 0.2552 0.9488
vn -0.1818 0.2577 0.9490
vn 0.1947 -0.6722 -0.7143
vn 0.1898 -0.8695 -0.4560
vn -0.1920 -0.8689 -0.4561
vn -0.1975 -0.6715 -0.7142
vn 0.1780 -0.6048 0.7762
vn 0.1705 -0.8076 0.5646
vn -0.1703 -0.8063 0.5664
vn -0.1795 -0.5988 0.7806
vn 0.1854 -0.9668 -0.1758
vn -0.1874 -0.9664 -0.1762
vn 0.1896 -0.6988 0.6897
vn 0.1730 -0.6915 0.7014
vn -0.1879 -0.6771 0.7115
vn -0.1887 -0.6889 0.6999
vn 0.2254 -0.1300 -0.9655
vn 0.2503 0.1582 -0.9552
vn -0.2274 0.1550 -0.9614
vn -0.1936 -0.1293 -0.9725
vn 0.1534 0.9729 0.1732
vn 0.1493 0.9867 0.0647
vn -0.1547 0.9858 0.0653
vn -0.1584 0.9720 0.1733
vn 0.1566 0.9466 0.2818
vn -0.1612 0.9459 0.2816
vn 1.0000 -0.0000 -0.0002
vn -0.9816 0.0557 0.1825
vn -0.9782 -0.0800 -0.1919
vn -0.9774 -0.1443 -0.1548
vn -0.9811 0.1095 0.1593
vn -0.9794 -0.1583 0.1249
vn -0.9699 0.2096 -0.1240
vn -0.9738 0.1475 -0.1729
vn -0.9810 -0.1102 0.1598
vn -0.9803 0.1853 0.0678
vn -0.9755 -0.2161 -0.0414
vn -0.9755 -0.2197 0.0151
vn -0.9811 0.1936 0.0079
vn -0.9763 -0.1915 -0.1012
vn -0.9806 0.1549 0.1202
vn -0.9877 0.0998 -0.1208
vn -0.9816 -0.1235 0.1455
vn -0.9840 -0.0794 0.1596
vn -0.9886 0.0609 -0.1376
vn -1.0000 0.0007 0.0009
vn -0.9666 0.2553 0.0231
vn -0.9665 0.2561 -0.0171
vn -0.9728 -0.2310 0.0168
vn -0.9804 -0.0569 0.1886
vn -0.9886 0.0248 -0.1485
vn -0.9767 -0.2001 0.0770
vn -0.9663 0.2489 -0.0654
vn -0.9859 -0.0170 -0.1662
vn -0.9864 -0.0734 0.1469
vn -1.0000 -0.0048 0.0024
vn -0.9831 0.1764 -0.0491
vn -0.9764 -0.2057 0.0663
vn -0.9786 -0.1725 0.1122
vn -0.9857 0.1410 -0.0928
vn -0.9817 -0.0572 0.1817
vn -0.9767 0.0724 -0.2019
vn -0.9781 -0.0059 -0.2081
vn -0.9819 -0.0012 0.1896
vn -1.0000 0.0009 -0.0017
vn -0.9690 0.2367 0.0711
vn -0.9696 0.2404 0.0448
vn -1.0000 0.0014 0.0009
vn -1.0000 -0.0064 0.0044
vn -0.9778 0.0150 0.2091
vn -0.9817 0.0088 0.1901
vn -1.0000 -0.0063 -0.0070
vn -0.1656 0.9365 0.3091
vn -0.1703 0.9521 0.2538
vn 0.1672 0.9521 0.2559
vn 0.1617 0.9366 0.3108
vn 0.1830 0.5963 -0.7816
vn -0.1866 0.5961 -0.7809
vn -0.9730 -0.1097 -0.2030
vn -1.0000 -0.0048 -0.0055
vn -0.9734 0.2222 0.0551
vn -0.9748 0.2138 0.0630
vn 1.0000 -0.0004 -0.0003
vn 1.0000 -0.0006 -0.0002
vn 0.9682 0.2461 0.0454
vn 0.9673 0.2421 0.0752
vn 0.9799 0.1113 0.1654
vn 0.9795 0.1579 0.1250
vn 0.9758 -0.1931 -0.1028
vn 0.9769 -0.1454 -0.1568
vn 0.9805 0.0567 0.1880
vn 0.9776 -0.0805 -0.1944
vn 0.9792 0.0207 0.2017
vn 0.9402 -0.1610 0.3002
vn 0.9928 -0.0895 0.0795
vn 0.9807 -0.0618 0.1853
vn 0.9813 -0.0022 0.1926
vn 0.9775 -0.0056 -0.2107
vn 0.9761 0.0738 -0.2046
vn 0.9877 0.1012 -0.1194
vn 0.9890 0.0614 -0.1349
vn 0.9847 -0.0794 0.1550
vn 0.9819 -0.1236 0.1436
vn 0.2186 -0.6049 0.7657
vn -0.2158 -0.6058 0.7658
vn 0.1699 0.8167 -0.5515
vn -0.1732 0.8165 -0.5507
vn 0.9863 -0.0781 0.1452
vn 0.9853 0.1436 -0.0923
vn 0.9785 -0.1731 0.1120
vn 0.1823 0.9787 0.0941
vn 0.1794 0.9078 0.3792
vn -0.1752 0.9107 0.3741
vn -0.1777 0.9802 0.0876
vn -0.9655 0.1726 0.1949
vn -0.9804 0.1934 0.0376
vn 0.2105 0.8513 -0.4806
vn 0.1926 0.9607 -0.2000
vn -0.1861 0.9603 -0.2080
vn -0.2007 0.8491 -0.4886
vn 0.2308 0.6623 -0.7128
vn -0.2176 0.6573 -0.7216
vn 0.1980 -0.3882 -0.9001
vn -0.2012 -0.3875 -0.8996
vn 0.2468 0.4229 -0.8719
vn -0.2282 0.4156 -0.8805
vn 0.9753 -0.2059 0.0793
vn 0.9780 -0.1641 0.1288
vn 0.9688 0.2137 -0.1254
vn 0.9646 0.2554 -0.0654
vn 0.1316 -0.4418 -0.8874
vn -0.1492 -0.4221 -0.8942
vn 0.9795 -0.1170 0.1642
vn 0.9731 0.1497 -0.1751
vn 0.1323 -0.9499 -0.2830
vn 0.1231 -0.8436 -0.5227
vn -0.1189 -0.8462 -0.5194
vn -0.1310 -0.9527 -0.2743
vn 0.1604 -0.9426 0.2929
vn -0.1560 -0.9419 0.2974
vn 0.1456 -0.9893 -0.0055
vn -0.1422 -0.9898 0.0064
vn 0.1078 -0.6658 -0.7383
vn -0.1194 -0.6765 -0.7267
vn -0.2023 0.0896 0.9752
vn 0.1958 0.0914 0.9764
vn 0.1943 0.1397 0.9709
vn -0.1970 0.1365 0.9709
vn -0.9733 0.2183 0.0716
vn -0.9809 -0.0621 -0.1842
vn -1.0000 -0.0001 -0.0002
vn -0.9716 0.2266 0.0678
vn -0.1683 0.1542 0.9736
vn -0.1923 0.0273 0.9810
vn 0.1945 0.0275 0.9805
vn 0.1741 0.1541 0.9726
vn 0.9808 0.1878 0.0530
vn 0.9626 0.1651 0.2147
vn 0.9805 0.0190 0.1956
vn -0.1906 0.9493 0.2500
vn -0.1730 0.9042 0.3905
vn 0.1780 0.9021 0.3931
vn 0.1910 0.9484 0.2531
vn 0.1761 -0.0787 0.9812
vn -0.2022 -0.0736 0.9766
vn -0.9940 -0.1002 0.0441
vn -0.9534 -0.1919 0.2329
vn 0.2046 -0.3555 0.9120
vn -0.2011 -0.3554 0.9128
vn -0.1863 0.2552 0.9488
vn 0.1833 0.2576 0.9487
vn 0.1840 -0.0406 0.9821
vn -0.1886 -0.0452 0.9810
vn -0.1931 0.2927 -0.9365
vn 0.1967 0.2930 -0.9357
vn 0.2014 -0.0513 -0.9782
vn -0.1981 -0.0517 -0.9788
vn -0.1804 0.7511 0.6350
vn 0.1782 0.7559 0.6299
vn 0.1814 0.5303 0.8282
vn -0.1827 0.5248 0.8313
vn -0.9799 0.1113 0.1654
vn -0.9769 -0.1455 -0.1568
vn -0.9758 -0.1931 -0.1028
vn -0.9795 0.1579 0.1250
vn -0.9891 0.0248 -0.1452
vn -0.9804 -0.0581 0.1882
vn -0.9876 -0.0121 -0.1568
vn -1.0000 -0.0007 -0.0002
vn -0.9646 0.2627 0.0237
vn -0.9645 0.2637 -0.0164
vn -0.1494 0.9842 -0.0950
vn 0.1545 0.9835 -0.0943
vn 0.1605 0.9404 -0.2997
vn -0.1566 0.9408 -0.3005
vn -0.1846 -0.9789 0.0881
vn 0.1865 -0.9786 0.0875
vn 0.1911 -0.9229 0.3342
vn -0.1904 -0.9228 0.3349
vn -0.9799 0.1994 0.0099
vn -0.9751 -0.2211 0.0146
vn -0.9762 -0.2067 0.0662
vn -0.9823 0.1812 -0.0483
vn 0.2024 -0.7953 0.5714
vn -0.2034 -0.7946 0.5720
vn -0.2291 -0.4278 0.8743
vn 0.2255 -0.4283 0.8751
vn 0.2191 -0.3262 0.9196
vn -0.2233 -0.3270 0.9183
vn -0.9807 -0.0618 0.1853
vn -0.9761 0.0738 -0.2046
vn -0.9775 -0.0056 -0.2108
vn -0.9813 -0.0022 0.1925
vn -0.1947 -0.6722 -0.7143
vn 0.1975 -0.6715 -0.7142
vn 0.1920 -0.8689 -0.4561
vn -0.1898 -0.8695 -0.4560
vn -0.1780 -0.6048 0.7762
vn 0.1813 -0.5986 0.7803
vn 0.1727 -0.8060 0.5661
vn -0.1705 -0.8076 0.5646
vn 0.1874 -0.9663 -0.1762
vn -0.1854 -0.9668 -0.1758
vn -0.1886 -0.6891 0.6997
vn 0.1897 -0.6972 0.6913
vn 0.1707 -0.6904 0.7030
vn -0.1917 -0.6750 0.7125
vn -0.2254 -0.1300 -0.9655
vn 0.1420 -0.1429 -0.9795
vn 0.2157 0.1544 -0.9642
vn -0.2503 0.1582 -0.9552
vn -0.1534 0.9729 0.1732
vn 0.1584 0.9720 0.1733
vn 0.1547 0.9858 0.0653
vn -0.1493 0.9867 0.0647
vn -0.1566 0.9466 0.2818
vn 0.1612 0.9459 0.2816
vn -0.9776 -0.0805 -0.1944
vn -0.9805 0.0567 0.1880
vn 0.9819 0.0553 0.1812
vn 0.9815 0.1085 0.1580
vn 0.9774 -0.1443 -0.1548
vn 0.9781 -0.0800 -0.1919
vn 0.9799 -0.1565 0.1236
vn 0.9813 -0.1091 0.1583
vn 0.9738 0.1475 -0.1728
vn 0.9699 0.2096 -0.1240
vn 0.9809 0.1829 0.0670
vn 0.9817 0.1905 0.0078
vn 0.9755 -0.2197 0.0151
vn 0.9755 -0.2161 -0.0413
vn 0.9810 0.1532 0.1190
vn 0.9763 -0.1915 -0.1012
vn 0.9884 0.0968 -0.1171
vn 0.9889 0.0594 -0.1359
vn 0.9840 -0.0794 0.1596
vn 0.9816 -0.1235 0.1455
vn 1.0000 0.0007 0.0009
vn 0.9739 -0.2264 0.0167
vn 0.9665 0.2561 -0.0171
vn 0.9666 0.2553 0.0231
vn 0.9873 0.0245 -0.1572
vn 0.9804 -0.0569 0.1886
vn 0.9774 -0.1972 0.0760
vn 0.9663 0.2489 -0.0654
vn 0.9825 -0.0094 -0.1861
vn 1.0000 -0.0048 0.0023
vn 0.9864 -0.0734 0.1469
vn 0.9838 0.1729 -0.0481
vn 0.9863 0.1376 -0.0905
vn 0.9786 -0.1725 0.1122
vn 0.9764 -0.2057 0.0663
vn 0.9820 -0.0567 0.1802
vn 0.9821 -0.0011 0.1883
vn 0.9781 -0.0059 -0.2081
vn 0.9767 0.0724 -0.2019
vn 1.0000 0.0008 -0.0015
vn 1.0000 0.0014 0.0009
vn 0.9696 0.2404 0.0448
vn 0.9690 0.2367 0.0712
vn 0.9999 -0.0062 0.0114
vn 1.0000 -0.0061 -0.0052
vn 0.9813 0.0091 0.1922
vn 0.9767 0.0151 0.2143
vn 0.1651 0.9366 0.3091
vn -0.1616 0.9366 0.3108
vn -0.1670 0.9522 0.2560
vn 0.1689 0.9524 0.2538
vn -0.1830 0.5963 -0.7816
vn 0.1866 0.5961 -0.7809
vn 1.0000 -0.0035 -0.0025
vn 0.9752 0.2122 0.0625
vn 0.9747 0.2172 0.0534
vn 1.0000 -0.0048 -0.0057
vn -1.0000 -0.0004 -0.0003
vn -0.9673 0.2421 0.0752
vn -0.9682 0.2462 0.0454
vn -1.0000 -0.0006 -0.0002
vn -0.9751 -0.2178 -0.0425
vn -0.9792 0.1900 0.0710
vn -0.9976 -0.0501 0.0476
vn -0.9318 -0.1036 0.3478
vn -0.9779 0.0208 0.2078
vn 0.1840 -0.3366 0.9235
vn -0.1850 -0.3463 0.9197
vn -0.9877 0.1012 -0.1194
vn -0.9819 -0.1236 0.1436
vn -0.9847 -0.0794 0.1550
vn -0.9890 0.0614 -0.1349
vn 0.2158 -0.6058 0.7658
vn -0.2186 -0.6049 0.7657
vn -0.1699 0.8167 -0.5515
vn 0.1732 0.8165 -0.5508
vn -0.9863 -0.0781 0.1452
vn -1.0000 -0.0000 -0.0002
vn -0.9853 0.1436 -0.0923
vn -0.9785 -0.1732 0.1120
vn -0.1823 0.9787 0.0941
vn 0.1801 0.9797 0.0876
vn 0.1769 0.9104 0.3741
vn -0.1794 0.9078 0.3792
vn 0.9812 0.1891 0.0390
vn 0.9653 0.1680 0.2001
vn -0.2105 0.8513 -0.4806
vn 0.2059 0.8483 -0.4878
vn 0.1896 0.9596 -0.2076
vn -0.1926 0.9607 -0.2000
vn -0.2308 0.6623 -0.7128
vn 0.2244 0.6565 -0.7202
vn 0.2012 -0.3875 -0.8996
vn -0.1980 -0.3882 -0.9001
vn -0.2468 0.4229 -0.8719
vn 0.2319 0.4148 -0.8798
vn -0.9753 -0.2059 0.0793
vn -0.9646 0.2554 -0.0654
vn -0.9688 0.2137 -0.1254
vn -0.9780 -0.1641 0.1287
vn -0.9731 0.1497 -0.1751
vn -0.9795 -0.1170 0.1642
vn -0.1323 -0.9499 -0.2830
vn 0.1363 -0.9520 -0.2743
vn 0.1264 -0.8453 -0.5191
vn -0.1231 -0.8436 -0.5227
vn 0.1591 -0.9415 0.2972
vn -0.1604 -0.9426 0.2929
vn 0.1460 -0.9893 0.0063
vn -0.1456 -0.9893 -0.0055
vn 0.1149 -0.6757 -0.7281
vn -0.1078 -0.6658 -0.7383
vn 0.1956 0.0902 0.9765
vn 0.1970 0.1364 0.9709
vn -0.1951 0.1385 0.9709
vn -0.2045 0.0908 0.9746
vn 0.1737 0.1547 0.9726
vn -0.1709 0.1524 0.9734
vn -0.1945 0.0284 0.9805
vn 0.1935 0.0274 0.9807
vn -0.9801 0.1906 0.0558
vn -0.9808 0.0173 0.1945
vn -0.9625 0.1663 0.2141
vn 0.1899 0.9493 0.2506
vn -0.1911 0.9484 0.2532
vn -0.1744 0.9034 0.3918
vn 0.1777 0.9032 0.3906
vn 0.1112 -0.4224 -0.8995
vn -0.1316 -0.4418 -0.8874
vn -0.2064 -0.0736 0.9757
vn 0.1752 -0.0788 0.9814
vn 0.9389 -0.1608 0.3045
vn 0.9918 -0.0880 0.0924
vn 0.2011 -0.3555 0.9128
vn -0.2046 -0.3555 0.9120
vn 0.3985 -0.0637 -0.9150
vn 0.3817 -0.1311 -0.9149
vn 0.1943 -0.4064 -0.8928
vn 0.8639 -0.2098 -0.4578
vn 0.9080 -0.0692 -0.4131
vn 0.3736 -0.6069 -0.7015
vn 0.3744 -0.6303 -0.6801
vn -0.1399 -0.4116 -0.9005
vn -0.2811 -0.4003 -0.8722
vn -0.3253 -0.1038 -0.9399
vn -0.3214 -0.6441 -0.6941
vn -0.9084 -0.0783 -0.4107
vn -0.8674 -0.2083 -0.4519
vn -0.9061 -0.2635 -0.3310
vn 0.9064 0.1323 -0.4011
vn 0.8660 0.2979 -0.4016
vn 0.9109 0.3426 -0.2298
vn 0.1413 0.3202 -0.9368
vn 0.2868 0.2944 -0.9117
vn 0.3345 0.1565 -0.9293
vn 0.3362 0.8588 -0.3866
vn 0.2866 0.8068 -0.5167
vn 0.1415 0.8254 -0.5465
vn 0.3830 0.0654 -0.9214
vn 0.3823 0.0800 -0.9206
vn 0.1959 0.0848 -0.9770
vn 0.9119 0.0559 -0.4067
vn 0.8951 0.0397 -0.4441
vn 0.9110 0.0149 -0.4122
vn 0.3815 0.0966 -0.9193
vn -0.1972 0.0830 -0.9768
vn -0.3846 0.0767 -0.9199
vn -0.3840 0.0633 -0.9211
vn -0.3853 0.0917 -0.9182
vn -0.9168 0.0080 -0.3994
vn -0.8986 0.0206 -0.4382
vn -0.9147 0.0405 -0.4022
vn -0.9071 0.3618 -0.2153
vn -0.8673 0.3168 -0.3841
vn -0.9136 0.1335 -0.3840
vn -0.1567 0.8271 -0.5398
vn -0.3177 0.8056 -0.5001
vn -0.3561 0.8564 -0.3740
vn -0.3496 0.1496 -0.9249
vn -0.3104 0.2921 -0.9046
vn -0.1494 0.3202 -0.9355
vn 0.9836 -0.1213 -0.1335
vn 0.9290 -0.2425 -0.2794
vn 0.9249 -0.2779 -0.2596
vn 0.9277 -0.1521 -0.3408
vn 0.2039 -0.5513 -0.8090
vn 0.3830 -0.5658 -0.7302
vn 0.4040 -0.3851 -0.8298
vn 0.3701 -0.6536 -0.6602
vn -0.9229 -0.2804 -0.2637
vn -0.9301 -0.2330 -0.2839
vn -0.9833 -0.1167 -0.1393
vn -0.2008 -0.5506 -0.8103
vn -0.3796 -0.5629 -0.7342
vn -0.3761 -0.6855 -0.6235
vn -0.3976 -0.3853 -0.8328
vn -0.9298 -0.1459 -0.3378
vn 0.9716 0.2266 -0.0678
vn 0.9764 0.2054 -0.0665
vn 0.9032 0.4083 -0.1322
vn 0.8922 0.4335 -0.1267
vn 0.9180 0.3806 -0.1117
vn 0.1783 0.9498 -0.2570
vn 0.3534 0.9014 -0.2503
vn 0.3759 0.8953 -0.2391
vn 0.3308 0.9105 -0.2483
vn -0.9773 0.2054 -0.0514
vn -0.9063 0.4061 -0.1171
vn -0.9152 0.3896 -0.1032
vn -0.8976 0.4261 -0.1129
vn -0.1803 0.9502 -0.2542
vn -0.3573 0.9014 -0.2444
vn -0.3378 0.9092 -0.2435
vn -0.3804 0.8942 -0.2360
vn -0.1403 -0.4119 -0.9004
vn -0.2810 -0.4009 -0.8720
vn -0.3251 -0.1030 -0.9401
vn -0.3217 -0.6468 -0.6915
vn -0.9103 -0.0765 -0.4069
vn -0.8728 -0.2047 -0.4430
vn -0.9077 -0.2617 -0.3279
vn 0.4025 -0.0691 -0.9128
vn 0.3939 -0.3835 -0.8354
vn 0.1914 -0.4068 -0.8933
vn 0.8416 -0.2249 -0.4910
vn 0.8962 -0.0759 -0.4371
vn 0.3773 -0.6213 -0.6867
vn -0.9057 0.3562 -0.2298
vn -0.8618 0.3102 -0.4012
vn -0.9051 0.1308 -0.4047
vn -0.1559 0.8255 -0.5424
vn -0.3181 0.8029 -0.5041
vn -0.3572 0.8544 -0.3772
vn -0.3505 0.1482 -0.9248
vn -0.3116 0.2883 -0.9054
vn -0.1518 0.3184 -0.9357
vn -0.1941 0.0849 -0.9773
vn -0.3789 0.0802 -0.9219
vn -0.3821 0.0698 -0.9215
vn -0.3792 0.0927 -0.9207
vn -0.9123 0.0145 -0.4093
vn -0.9035 0.0381 -0.4268
vn -0.9150 0.0554 -0.3997
vn 0.9162 0.0438 -0.3983
vn 0.9032 0.0292 -0.4283
vn 0.9184 0.0102 -0.3956
vn 0.1973 0.0836 -0.9768
vn 0.3847 0.0778 -0.9198
vn 0.3841 0.0898 -0.9189
vn 0.3843 0.0671 -0.9207
vn 0.9143 0.1419 -0.3794
vn 0.8710 0.3201 -0.3726
vn 0.9083 0.3614 -0.2108
vn 0.1372 0.3227 -0.9365
vn 0.2816 0.2989 -0.9118
vn 0.3318 0.1582 -0.9300
vn 0.3358 0.8603 -0.3835
vn 0.2865 0.8110 -0.5100
vn 0.1423 0.8273 -0.5434
vn -0.9208 -0.2895 -0.2613
vn -0.9257 -0.2459 -0.2873
vn -0.9828 -0.1235 -0.1375
vn -0.2054 -0.5505 -0.8092
vn -0.3864 -0.5641 -0.7297
vn -0.3784 -0.6885 -0.6187
vn -0.4050 -0.3834 -0.8301
vn -0.9266 -0.1521 -0.3440
vn 0.9833 -0.1167 -0.1393
vn 0.9301 -0.2330 -0.2839
vn 0.9231 -0.2726 -0.2713
vn 0.9298 -0.1458 -0.3379
vn 0.2008 -0.5506 -0.8103
vn 0.3797 -0.5630 -0.7341
vn 0.3976 -0.3851 -0.8328
vn 0.3710 -0.6442 -0.6688
vn -0.8905 0.4361 -0.1295
vn -0.9002 0.4140 -0.1349
vn -0.9757 0.2085 -0.0670
vn -0.1796 0.9496 -0.2569
vn -0.3559 0.9006 -0.2497
vn -0.3322 0.9098 -0.2489
vn -0.3814 0.8924 -0.2410
vn -0.9140 0.3889 -0.1154
vn 0.9169 0.3862 -0.1010
vn 0.9091 0.4004 -0.1144
vn 0.9780 0.2024 -0.0510
vn 0.1791 0.9504 -0.2543
vn 0.3550 0.9022 -0.2451
vn 0.3764 0.8961 -0.2351
vn 0.3364 0.9099 -0.2429
vn 0.8992 0.4235 -0.1101
vn 0.1419 -0.4118 0.9002
vn 0.2841 -0.4005 0.8711
vn 0.3275 -0.1044 0.9391
vn 0.3241 -0.6452 0.6918
vn 0.9067 -0.0803 0.4140
vn 0.8623 -0.2123 0.4597
vn 0.9041 -0.2648 0.3355
vn -0.3976 -0.0660 0.9152
vn -0.3896 -0.3842 0.8370
vn -0.1918 -0.4067 0.8932
vn -0.9360 -0.3155 0.1561
vn -0.8527 -0.2175 0.4749
vn -0.9031 -0.0721 0.4234
vn -0.3751 -0.6266 0.6831
vn 0.9133 0.3452 0.2163
vn 0.8723 0.2990 0.3868
vn 0.9116 0.1249 0.3916
vn 0.1563 0.8270 0.5400
vn 0.3140 0.8067 0.5007
vn 0.3528 0.8574 0.3746
vn 0.3459 0.1457 0.9269
vn 0.3074 0.2842 0.9081
vn 0.1521 0.3159 0.9365
vn 0.1950 0.0853 0.9771
vn 0.3805 0.0811 0.9212
vn 0.3825 0.0654 0.9216
vn 0.3785 0.0985 0.9203
vn 0.9126 0.0182 0.4084
vn 0.8954 0.0491 0.4426
vn 0.9135 0.0589 0.4027
vn -0.9162 0.0402 0.3988
vn -0.9028 0.0197 0.4296
vn -0.9213 0.0066 0.3888
vn -0.1963 0.0830 0.9770
vn -0.3829 0.0769 0.9206
vn -0.3841 0.0898 0.9189
vn -0.3804 0.0652 0.9225
vn -0.9175 0.1450 0.3705
vn -0.8709 0.3267 0.3672
vn -0.9078 0.3641 0.2084
vn -0.1361 0.3235 0.9364
vn -0.2794 0.3007 0.9119
vn -0.3287 0.1582 0.9311
vn -0.3358 0.8603 0.3835
vn -0.2865 0.8110 0.5100
vn -0.1423 0.8273 0.5434
vn 0.9221 -0.2858 0.2607
vn 0.9279 -0.2437 0.2823
vn 0.9832 -0.1220 0.1354
vn 0.2041 -0.5510 0.8091
vn 0.3838 -0.5647 0.7306
vn 0.3774 -0.6883 0.6195
vn 0.4040 -0.3851 0.8297
vn 0.9277 -0.1521 0.3408
vn -0.9833 -0.1167 0.1393
vn -0.9301 -0.2330 0.2839
vn -0.9305 -0.2869 0.2278
vn -0.9298 -0.1458 0.3379
vn -0.2008 -0.5506 0.8103
vn -0.3797 -0.5630 0.7341
vn -0.3977 -0.3851 0.8328
vn -0.3723 -0.6516 0.6609
vn 0.8921 0.4337 0.1267
vn 0.9032 0.4084 0.1322
vn 0.9764 0.2055 0.0665
vn 0.1784 0.9498 0.2569
vn 0.3535 0.9014 0.2501
vn 0.3312 0.9104 0.2481
vn 0.3778 0.8941 0.2403
vn 0.9176 0.3812 0.1124
vn -0.9157 0.3895 0.0994
vn -0.9063 0.4061 0.1173
vn -0.9773 0.2054 0.0515
vn -0.1803 0.9502 0.2543
vn -0.3573 0.9014 0.2447
vn -0.3775 0.8959 0.2342
vn -0.3374 0.9093 0.2437
vn -0.8977 0.4259 0.1129
vn -0.4034 -0.0668 0.9126
vn -0.3955 -0.3832 0.8347
vn -0.1939 -0.4065 0.8928
vn -0.8529 -0.2175 0.4746
vn -0.9013 -0.0730 0.4271
vn -0.3788 -0.6256 0.6820
vn 0.1407 -0.4116 0.9004
vn 0.2826 -0.4001 0.8718
vn 0.3265 -0.1045 0.9394
vn 0.3227 -0.6433 0.6943
vn 0.9066 -0.0802 0.4143
vn 0.8622 -0.2120 0.4601
vn 0.9043 -0.2650 0.3346
vn -0.9093 0.1355 0.3935
vn -0.8713 0.3058 0.3839
vn -0.9082 0.3514 0.2272
vn -0.1404 0.3192 0.9372
vn -0.2849 0.2924 0.9129
vn -0.3333 0.1562 0.9298
vn -0.3388 0.8579 0.3864
vn -0.2893 0.8093 0.5112
vn -0.1430 0.8269 0.5439
vn -0.3810 0.0697 0.9219
vn -0.3790 0.0801 0.9219
vn -0.1941 0.0849 0.9773
vn -0.9150 0.0554 0.3997
vn -0.9035 0.0381 0.4268
vn -0.9140 0.0142 0.4055
vn -0.3792 0.0927 0.9206
vn 0.1963 0.0831 0.9770
vn 0.3829 0.0768 0.9206
vn 0.3815 0.0653 0.9221
vn 0.3841 0.0898 0.9189
vn 0.9213 0.0072 0.3889
vn 0.9028 0.0197 0.4296
vn 0.9161 0.0402 0.3988
vn 0.9145 0.3508 0.2016
vn 0.8776 0.3056 0.3694
vn 0.9200 0.1276 0.3707
vn 0.1571 0.8285 0.5374
vn 0.3135 0.8093 0.4968
vn 0.3517 0.8593 0.3714
vn 0.3450 0.1471 0.9270
vn 0.3063 0.2879 0.9073
vn 0.1498 0.3177 0.9363
vn -0.9832 -0.1221 0.1355
vn -0.9278 -0.2438 0.2824
vn -0.9220 -0.2807 0.2666
vn -0.9277 -0.1521 0.3408
vn -0.2042 -0.5510 0.8092
vn -0.3839 -0.5646 0.7306
vn -0.4040 -0.3851 0.8298
vn -0.3732 -0.6484 0.6635
vn 0.9230 -0.2804 0.2636
vn 0.9301 -0.2330 0.2839
vn 0.9833 -0.1167 0.1393
vn 0.2008 -0.5506 0.8103
vn 0.3796 -0.5629 0.7342
vn 0.3761 -0.6855 0.6234
vn 0.3976 -0.3852 0.8328
vn 0.9298 -0.1459 0.3378
vn -0.9764 0.2054 0.0665
vn -0.9032 0.4083 0.1322
vn -0.8922 0.4335 0.1267
vn -0.9156 0.3849 0.1162
vn -0.1783 0.9498 0.2570
vn -0.3534 0.9014 0.2503
vn -0.3782 0.8939 0.2406
vn -0.3308 0.9105 0.2483
vn 0.9782 0.2011 0.0515
vn 0.9106 0.3968 0.1160
vn 0.9187 0.3820 0.1002
vn 0.9019 0.4177 0.1102
vn 0.1784 0.9504 0.2547
vn 0.3539 0.9024 0.2457
vn 0.3344 0.9103 0.2438
vn 0.3769 0.8959 0.2353
vn 0.9278 -0.0259 0.3722
vn 0.9276 -0.1516 0.3414
vn 0.3969 -0.3569 0.8456
vn 0.3968 -0.0362 0.9172
vn 0.9063 -0.1596 -0.3913
vn 0.9010 -0.2764 -0.3343
vn 0.3436 -0.5643 -0.7507
vn 0.3539 -0.3172 -0.8798
vn 0.9157 0.2331 0.3274
vn 0.9242 0.1045 0.3673
vn 0.3859 0.2940 0.8744
vn 0.3645 0.5845 0.7249
vn 0.9160 -0.3953 0.0680
vn 0.9153 -0.4006 -0.0422
vn 0.3678 -0.9271 -0.0725
vn 0.3706 -0.9127 0.1722
vn 0.9089 -0.0269 -0.4161
vn 0.3586 -0.0301 -0.9330
vn 0.9202 -0.3479 0.1796
vn 0.3800 -0.8176 0.4327
vn 0.9003 0.3979 -0.1763
vn 0.9016 0.3253 -0.2850
vn 0.3440 0.7237 -0.5983
vn 0.3421 0.8721 -0.3498
vn 0.9023 0.3478 0.2546
vn 0.3368 0.7958 0.5032
vn 0.9043 0.2224 -0.3643
vn 0.3488 0.5080 -0.7876
vn 0.9481 0.0511 0.3139
vn 0.9465 0.1472 0.2870
vn 0.4624 0.3777 0.8022
vn 0.4667 0.1486 0.8718
vn 0.8917 -0.3794 -0.2467
vn 0.3301 -0.7602 -0.5596
vn 0.8856 0.4371 0.1572
vn 0.3100 0.9132 0.2646
vn 0.8730 0.4843 0.0574
vn 0.2972 0.9517 0.0769
vn 0.8581 -0.5125 -0.0315
vn 0.8739 -0.4702 -0.1234
vn 0.8469 -0.5309 0.0304
vn 0.2815 -0.9594 -0.0195
vn 0.3100 -0.8994 -0.3083
vn 0.9407 -0.2043 -0.2707
vn 0.9455 -0.1402 -0.2939
vn 0.4496 -0.4007 -0.7983
vn 0.4306 -0.5752 -0.6955
vn 0.9310 -0.2903 -0.2212
vn 0.4014 -0.7568 -0.5159
vn 0.9205 -0.3642 -0.1416
vn 0.3774 -0.8764 -0.2992
vn 0.9107 0.4075 0.0683
vn 0.9025 0.4274 -0.0537
vn 0.3483 0.9346 -0.0720
vn 0.3687 0.9049 0.2127
vn 0.9243 0.3400 0.1735
vn 0.4022 0.7837 0.4733
vn 0.9378 0.2454 0.2456
vn 0.4374 0.5962 0.6732
vn 0.9247 -0.2628 0.2753
vn 0.3902 -0.6282 0.6731
vn 0.9074 0.1039 -0.4071
vn 0.3550 0.2532 -0.8999
vn 0.9227 0.0332 -0.3841
vn 0.3996 0.0892 -0.9123
vn 0.0294 0.1167 -0.9927
vn 0.9437 -0.1175 -0.3093
vn 0.4030 -0.2795 -0.8715
vn 0.9322 -0.0650 0.3561
vn 0.4344 -0.0884 0.8964
vn 0.8724 0.4881 -0.0242
vn 0.2976 0.9519 -0.0729
vn 0.8307 -0.5415 0.1294
vn 0.8232 -0.5367 0.1849
vn 0.2546 -0.9319 0.2585
vn 0.8084 -0.5158 0.2834
vn 0.7999 -0.4978 0.3352
vn 0.2357 -0.8355 0.4965
vn 0.8769 0.4735 -0.0830
vn 0.3046 0.9373 -0.1693
vn 0.8834 0.4501 -0.1303
vn 0.3117 0.9092 -0.2758
vn 0.7725 -0.4529 0.4452
vn 0.7452 -0.4158 0.5214
vn 0.2083 -0.6687 0.7137
vn -0.4023 -0.0367 0.9148
vn -0.4022 -0.3569 0.8431
vn -0.9295 -0.1489 0.3375
vn -0.9297 -0.0249 0.3675
vn -0.3600 -0.2985 -0.8839
vn -0.3540 -0.5496 -0.7567
vn -0.9086 -0.2612 -0.3260
vn -0.9128 -0.1452 -0.3818
vn -0.3708 0.5827 0.7232
vn -0.3921 0.2923 0.8722
vn -0.9263 0.1043 0.3622
vn -0.9182 0.2305 0.3222
vn -0.3741 -0.9115 0.1708
vn -0.3715 -0.9255 -0.0735
vn -0.9167 -0.3975 -0.0408
vn -0.9178 -0.3911 0.0682
vn -0.3608 -0.0223 -0.9324
vn -0.9138 -0.0217 -0.4055
vn -0.3837 -0.8167 0.4310
vn -0.9221 -0.3436 0.1782
vn -0.3478 0.8741 -0.3392
vn -0.3493 0.7302 -0.5872
vn -0.9085 0.3185 -0.2704
vn -0.9076 0.3860 -0.1651
vn -0.3431 0.7933 0.5030
vn -0.9055 0.3432 0.2497
vn -0.3547 0.5169 -0.7791
vn -0.9108 0.2198 -0.3494
vn -0.4238 0.1430 0.8944
vn -0.4502 0.3649 0.8150
vn -0.9467 0.1386 0.2906
vn -0.9382 0.0484 0.3427
vn -0.3397 -0.7543 -0.5618
vn -0.9001 -0.3641 -0.2393
vn -0.3182 0.9101 0.2654
vn -0.8904 0.4288 0.1527
vn -0.3073 0.9484 0.0781
vn -0.8800 0.4718 0.0545
vn -0.3178 -0.8948 -0.3137
vn -0.2947 -0.9548 -0.0389
vn -0.8712 -0.4908 0.0129
vn -0.8869 -0.4453 -0.1233
vn -0.4265 -0.5746 -0.6985
vn -0.4434 -0.4003 -0.8019
vn -0.9430 -0.1420 -0.3010
vn -0.9394 -0.2069 -0.2733
vn -0.4006 -0.7561 -0.5176
vn -0.9309 -0.2916 -0.2201
vn -0.3796 -0.8751 -0.3002
vn -0.9213 -0.3631 -0.1393
vn -0.3751 0.8992 0.2251
vn -0.3551 0.9329 -0.0598
vn -0.9101 0.4118 -0.0458
vn -0.9179 0.3901 0.0726
vn -0.4066 0.7755 0.4830
vn -0.9299 0.3244 0.1731
vn -0.4395 0.5840 0.6825
vn -0.9416 0.2328 0.2432
vn -0.3949 -0.6275 0.6710
vn -0.9265 -0.2592 0.2728
vn -0.3589 0.2578 -0.8971
vn -0.9129 0.1028 -0.3951
vn -0.3889 0.0878 -0.9171
vn -0.9248 0.0274 -0.3795
vn -0.3996 -0.2807 -0.8727
vn -0.9409 -0.1176 -0.3177
vn -0.3428 -0.0697 0.9368
vn -0.8351 -0.1236 0.5361
vn -0.3081 0.9486 -0.0720
vn -0.8801 0.4742 -0.0257
vn -0.8069 -0.2628 0.5290
vn -0.8072 -0.2497 0.5349
vn -0.2259 -0.4247 0.8767
vn -0.2756 -0.9315 0.2373
vn -0.8559 -0.4921 0.1587
vn -0.8609 -0.4969 0.1093
vn -0.2581 -0.8357 0.4847
vn -0.8405 -0.4528 0.2977
vn -0.8454 -0.4699 0.2539
vn -0.3144 0.9342 -0.1686
vn -0.8840 0.4603 -0.0819
vn -0.3216 0.9065 -0.2736
vn -0.8897 0.4387 -0.1261
vn -0.2374 -0.6837 0.6900
vn -0.8138 -0.3802 0.4395
vn -0.8258 -0.4104 0.3868
vn 0.8861 0.4393 -0.1477
vn 0.3172 0.9006 -0.2972
vn 0.7609 -0.3391 0.5532
vn 0.3339 -0.3368 0.8804
vn -0.3260 0.8986 -0.2936
vn -0.8926 0.4297 -0.1367
vn -1.0000 -0.0070 -0.0000
vn -0.9999 -0.0067 0.0101
vn -0.3968 -0.0362 0.9172
vn -0.3969 -0.3569 0.8456
vn -0.9276 -0.1516 0.3414
vn -0.9278 -0.0259 0.3722
vn -0.3539 -0.3172 -0.8798
vn -0.3436 -0.5643 -0.7507
vn -0.9010 -0.2764 -0.3343
vn -0.9063 -0.1596 -0.3913
vn -0.3645 0.5845 0.7249
vn -0.3859 0.2940 0.8744
vn -0.9242 0.1045 0.3674
vn -0.9157 0.2332 0.3274
vn -0.3706 -0.9127 0.1722
vn -0.3679 -0.9271 -0.0725
vn -0.9153 -0.4006 -0.0422
vn -0.9160 -0.3953 0.0680
vn -0.3586 -0.0301 -0.9330
vn -0.9089 -0.0269 -0.4161
vn -0.3800 -0.8176 0.4327
vn -0.9201 -0.3480 0.1796
vn -0.3421 0.8721 -0.3498
vn -0.3440 0.7237 -0.5983
vn -0.9016 0.3253 -0.2850
vn -0.9003 0.3979 -0.1763
vn -0.3368 0.7958 0.5033
vn -0.9023 0.3478 0.2546
vn -0.3489 0.5080 -0.7876
vn -0.9044 0.2224 -0.3642
vn -0.4667 0.1486 0.8718
vn -0.4624 0.3777 0.8022
vn -0.9466 0.1472 0.2870
vn -0.9481 0.0511 0.3139
vn -0.3301 -0.7602 -0.5596
vn -0.8918 -0.3794 -0.2466
vn -0.3100 0.9132 0.2646
vn -0.8855 0.4371 0.1572
vn -0.2972 0.9517 0.0769
vn -0.8730 0.4844 0.0574
vn -0.3100 -0.8994 -0.3083
vn -0.2815 -0.9594 -0.0195
vn -0.8469 -0.5308 0.0304
vn -0.8739 -0.4702 -0.1234
vn -0.8581 -0.5125 -0.0315
vn -0.4306 -0.5752 -0.6955
vn -0.4496 -0.4007 -0.7983
vn -0.9455 -0.1402 -0.2940
vn -0.9407 -0.2043 -0.2707
vn -0.4014 -0.7568 -0.5159
vn -0.9310 -0.2903 -0.2212
vn -0.3774 -0.8764 -0.2992
vn -0.9205 -0.3643 -0.1416
vn -0.3687 0.9049 0.2127
vn -0.3483 0.9346 -0.0720
vn -0.9025 0.4274 -0.0537
vn -0.9107 0.4074 0.0683
vn -0.4022 0.7837 0.4733
vn -0.9243 0.3400 0.1735
vn -0.4374 0.5962 0.6732
vn -0.9378 0.2453 0.2456
vn -0.3902 -0.6282 0.6731
vn -0.9247 -0.2628 0.2753
vn -0.3550 0.2533 -0.8999
vn -0.9075 0.1039 -0.4071
vn -0.3878 0.0905 -0.9173
vn -0.9240 0.0334 -0.3809
vn -0.4030 -0.2795 -0.8715
vn -0.9437 -0.1175 -0.3093
vn -0.4344 -0.0884 0.8964
vn -0.9322 -0.0650 0.3560
vn -0.2976 0.9519 -0.0729
vn -0.8724 0.4881 -0.0242
vn -0.2546 -0.9319 0.2585
vn -0.8233 -0.5367 0.1849
vn -0.8307 -0.5415 0.1293
vn -0.2357 -0.8355 0.4965
vn -0.7999 -0.4978 0.3351
vn -0.8085 -0.5158 0.2834
vn -0.3046 0.9373 -0.1693
vn -0.8769 0.4735 -0.0830
vn -0.3117 0.9092 -0.2758
vn -0.8834 0.4501 -0.1303
vn -0.2083 -0.6687 0.7137
vn -0.7452 -0.4158 0.5213
vn -0.7725 -0.4529 0.4451
vn 0.9297 -0.0249 0.3675
vn 0.9294 -0.1489 0.3376
vn 0.4022 -0.3568 0.8431
vn 0.4023 -0.0367 0.9148
vn 0.9113 -0.1464 -0.3849
vn 0.9068 -0.2637 -0.3290
vn 0.3507 -0.5505 -0.7576
vn 0.3571 -0.2990 -0.8849
vn 0.9182 0.2305 0.3222
vn 0.9263 0.1043 0.3621
vn 0.3921 0.2923 0.8722
vn 0.3708 0.5827 0.7232
vn 0.9178 -0.3911 0.0682
vn 0.9167 -0.3975 -0.0408
vn 0.3715 -0.9255 -0.0735
vn 0.3741 -0.9115 0.1708
vn 0.9126 -0.0218 -0.4083
vn 0.3580 -0.0225 -0.9335
vn 0.9221 -0.3436 0.1782
vn 0.3837 -0.8167 0.4310
vn 0.9053 0.3907 -0.1669
vn 0.9067 0.3216 -0.2730
vn 0.3470 0.7308 -0.5878
vn 0.3447 0.8751 -0.3397
vn 0.9055 0.3432 0.2496
vn 0.3431 0.7933 0.5030
vn 0.9093 0.2216 -0.3521
vn 0.3523 0.5173 -0.7799
vn 0.9451 0.0495 0.3231
vn 0.9449 0.1423 0.2947
vn 0.4447 0.3672 0.8169
vn 0.4440 0.1436 0.8845
vn 0.8977 -0.3683 -0.2419
vn 0.3355 -0.7557 -0.5625
vn 0.8904 0.4288 0.1526
vn 0.3182 0.9101 0.2654
vn 0.8800 0.4718 0.0545
vn 0.3073 0.9484 0.0781
vn 0.8832 -0.4519 -0.1250
vn 0.8653 -0.5011 0.0134
vn 0.2876 -0.9570 -0.0386
vn 0.3122 -0.8966 -0.3140
vn 0.9394 -0.2069 -0.2733
vn 0.9430 -0.1420 -0.3010
vn 0.4434 -0.4003 -0.8019
vn 0.4265 -0.5746 -0.6985
vn 0.9309 -0.2916 -0.2202
vn 0.4006 -0.7561 -0.5175
vn 0.9213 -0.3631 -0.1393
vn 0.3796 -0.8751 -0.3002
vn 0.9148 0.3970 0.0741
vn 0.9073 0.4179 -0.0463
vn 0.3505 0.9346 -0.0600
vn 0.3682 0.9020 0.2256
vn 0.9267 0.3315 0.1772
vn 0.3969 0.7792 0.4850
vn 0.9381 0.2392 0.2503
vn 0.4269 0.5881 0.6870
vn 0.9265 -0.2592 0.2728
vn 0.3949 -0.6275 0.6710
vn 0.9116 0.1035 -0.3978
vn 0.3562 0.2580 -0.8981
vn 0.9194 0.0271 -0.3923
vn 0.4031 0.0863 -0.9111
vn 0.1111 0.0828 -0.9904
vn 0.9409 -0.1176 -0.3176
vn 0.3995 -0.2807 -0.8727
vn 0.9164 -0.0745 0.3934
vn 0.3965 -0.0922 0.9134
vn 0.8801 0.4742 -0.0257
vn 0.3081 0.9486 -0.0720
vn 0.2951 -0.4212 0.8576
vn 0.8718 -0.2206 0.4373
vn 0.8528 -0.5098 0.1129
vn 0.8466 -0.5065 0.1638
vn 0.2660 -0.9340 0.2386
vn 0.8323 -0.4872 0.2645
vn 0.8251 -0.4717 0.3111
vn 0.2443 -0.8383 0.4873
vn 0.8840 0.4603 -0.0819
vn 0.3144 0.9342 -0.1686
vn 0.8897 0.4387 -0.1261
vn 0.3216 0.9065 -0.2736
vn 0.8222 -0.4171 0.3874
vn 0.8281 -0.3728 0.4186
vn 0.2405 -0.6834 0.6892
vn -0.3174 0.9005 -0.2972
vn -0.8861 0.4394 -0.1478
vn -0.3339 -0.3368 0.8804
vn -0.7609 -0.3391 0.5532
vn 0.8926 0.4296 -0.1366
vn 0.3258 0.8987 -0.2936
vn 1.0000 -0.0070 -0.0000
vn 0.9999 -0.0067 0.0102
vn 0.3968 -0.0362 -0.9172
vn 0.3969 -0.3569 -0.8456
vn 0.9276 -0.1516 -0.3414
vn 0.9278 -0.0259 -0.3722
vn 0.3539 -0.3172 0.8798
vn 0.3436 -0.5643 0.7507
vn 0.9010 -0.2764 0.3343
vn 0.9063 -0.1596 0.3913
vn 0.3645 0.5845 -0.7249
vn 0.3859 0.2940 -0.8744
vn 0.9242 0.1045 -0.3673
vn 0.9157 0.2331 -0.3274
vn 0.3706 -0.9127 -0.1721
vn 0.3678 -0.9271 0.0725
vn 0.9153 -0.4006 0.0422
vn 0.9160 -0.3953 -0.0680
vn 0.3586 -0.0301 0.9330
vn 0.9089 -0.0269 0.4161
vn 0.3800 -0.8176 -0.4327
vn 0.9202 -0.3479 -0.1796
vn 0.3421 0.8721 0.3498
vn 0.3440 0.7237 0.5983
vn 0.9016 0.3253 0.2850
vn 0.9003 0.3979 0.1763
vn 0.3368 0.7958 -0.5032
vn 0.9023 0.3478 -0.2546
vn 0.3488 0.5080 0.7876
vn 0.9043 0.2224 0.3643
vn 0.4667 0.1486 -0.8718
vn 0.4624 0.3777 -0.8022
vn 0.9465 0.1472 -0.2870
vn 0.9481 0.0511 -0.3139
vn 0.3301 -0.7602 0.5596
vn 0.8917 -0.3794 0.2467
vn 0.3100 0.9132 -0.2646
vn 0.8856 0.4371 -0.1572
vn 0.2972 0.9517 -0.0769
vn 0.8730 0.4843 -0.0574
vn 0.3100 -0.8994 0.3083
vn 0.2815 -0.9594 0.0195
vn 0.8469 -0.5309 -0.0304
vn 0.8739 -0.4702 0.1234
vn 0.8581 -0.5125 0.0315
vn 0.4306 -0.5752 0.6955
vn 0.4496 -0.4007 0.7983
vn 0.9455 -0.1402 0.2939
vn 0.9407 -0.2043 0.2707
vn 0.4014 -0.7568 0.5159
vn 0.9310 -0.2903 0.2212
vn 0.3774 -0.8764 0.2992
vn 0.9205 -0.3642 0.1416
vn 0.3687 0.9049 -0.2127
vn 0.3483 0.9346 0.0720
vn 0.9025 0.4274 0.0537
vn 0.9107 0.4075 -0.0683
vn 0.4022 0.7837 -0.4733
vn 0.9243 0.3400 -0.1735
vn 0.4374 0.5962 -0.6732
vn 0.9378 0.2454 -0.2456
vn 0.3902 -0.6282 -0.6731
vn 0.9247 -0.2628 -0.2753
vn 0.3550 0.2532 0.8999
vn 0.9074 0.1039 0.4071
vn 0.3866 0.0905 0.9178
vn 0.9251 0.0329 0.3783
vn 0.4030 -0.2795 0.8715
vn 0.9437 -0.1175 0.3093
vn 0.4344 -0.0884 -0.8964
vn 0.9322 -0.0650 -0.3560
vn 0.2976 0.9519 0.0729
vn 0.8724 0.4881 0.0242
vn 0.2546 -0.9319 -0.2585
vn 0.8232 -0.5367 -0.1849
vn 0.8307 -0.5415 -0.1294
vn 0.2357 -0.8355 -0.4965
vn 0.7999 -0.4978 -0.3352
vn 0.8084 -0.5158 -0.2834
vn 0.3046 0.9373 0.1693
vn 0.8769 0.4735 0.0830
vn 0.3117 0.9092 0.2758
vn 0.8834 0.4501 0.1303
vn 0.2083 -0.6687 -0.7137
vn 0.7452 -0.4158 -0.5214
vn 0.7725 -0.4529 -0.4452
vn -0.9297 -0.0249 -0.3675
vn -0.9295 -0.1489 -0.3375
vn -0.4022 -0.3569 -0.8431
vn -0.4023 -0.0367 -0.9148
vn -0.9113 -0.1464 0.3849
vn -0.9068 -0.2637 0.3290
vn -0.3507 -0.5505 0.7576
vn -0.3571 -0.2990 0.8849
vn -0.9182 0.2305 -0.3222
vn -0.9263 0.1043 -0.3622
vn -0.3921 0.2923 -0.8722
vn -0.3708 0.5827 -0.7232
vn -0.9178 -0.3911 -0.0682
vn -0.9167 -0.3975 0.0408
vn -0.3715 -0.9255 0.0735
vn -0.3741 -0.9115 -0.1708
vn -0.9126 -0.0218 0.4084
vn -0.3580 -0.0225 0.9335
vn -0.9221 -0.3436 -0.1782
vn -0.3837 -0.8167 -0.4310
vn -0.9053 0.3907 0.1670
vn -0.9067 0.3216 0.2730
vn -0.3470 0.7308 0.5878
vn -0.3447 0.8751 0.3397
vn -0.9055 0.3432 -0.2497
vn -0.3431 0.7933 -0.5030
vn -0.9093 0.2216 0.3522
vn -0.3523 0.5173 0.7799
vn -0.9451 0.0495 -0.3231
vn -0.9449 0.1423 -0.2947
vn -0.4447 0.3672 -0.8169
vn -0.4440 0.1436 -0.8845
vn -0.8977 -0.3683 0.2419
vn -0.3355 -0.7557 0.5625
vn -0.8904 0.4288 -0.1527
vn -0.3182 0.9101 -0.2654
vn -0.8800 0.4718 -0.0545
vn -0.3073 0.9484 -0.0781
vn -0.8832 -0.4519 0.1250
vn -0.8653 -0.5011 -0.0134
vn -0.2876 -0.9570 0.0386
vn -0.3122 -0.8966 0.3140
vn -0.9394 -0.2069 0.2733
vn -0.9430 -0.1420 0.3010
vn -0.4434 -0.4003 0.8019
vn -0.4265 -0.5746 0.6985
vn -0.9309 -0.2916 0.2201
vn -0.4006 -0.7561 0.5176
vn -0.9213 -0.3631 0.1393
vn -0.3796 -0.8751 0.3002
vn -0.9148 0.3970 -0.0741
vn -0.9073 0.4179 0.0463
vn -0.3505 0.9346 0.0600
vn -0.3682 0.9020 -0.2256
vn -0.9267 0.3315 -0.1772
vn -0.3969 0.7792 -0.4850
vn -0.9381 0.2392 -0.2503
vn -0.4269 0.5881 -0.6870
vn -0.9265 -0.2592 -0.2728
vn -0.3949 -0.6275 -0.6710
vn -0.9116 0.1035 0.3978
vn -0.3562 0.2580 0.8981
vn -0.9221 0.0276 0.3859
vn -0.4007 0.0865 0.9121
vn -0.9409 -0.1176 0.3177
vn -0.3995 -0.2807 0.8727
vn -0.9164 -0.0745 -0.3934
vn -0.3965 -0.0922 -0.9134
vn -0.8801 0.4742 0.0257
vn -0.3081 0.9486 0.0720
vn -0.2951 -0.4212 -0.8576
vn -0.8718 -0.2206 -0.4373
vn -0.8528 -0.5098 -0.1129
vn -0.8466 -0.5065 -0.1638
vn -0.2660 -0.9340 -0.2386
vn -0.8323 -0.4872 -0.2645
vn -0.8251 -0.4717 -0.3111
vn -0.2443 -0.8384 -0.4873
vn -0.8840 0.4603 0.0819
vn -0.3144 0.9342 0.1686
vn -0.8897 0.4387 0.1261
vn -0.3216 0.9065 0.2736
vn -0.8222 -0.4171 -0.3874
vn -0.8281 -0.3728 -0.4186
vn -0.2405 -0.6834 -0.6892
vn 0.3174 0.9005 0.2972
vn 0.8861 0.4394 0.1478
vn 0.3339 -0.3368 -0.8804
vn 0.7609 -0.3391 -0.5532
vn -0.8926 0.4296 0.1366
vn -0.3258 0.8987 0.2936
vn -0.9999 -0.0067 -0.0101
vn -0.9278 -0.0259 -0.3722
vn -0.9276 -0.1516 -0.3414
vn -0.3969 -0.3569 -0.8456
vn -0.3968 -0.0362 -0.9172
vn -0.9063 -0.1596 0.3913
vn -0.9010 -0.2764 0.3343
vn -0.3436 -0.5643 0.7507
vn -0.3539 -0.3172 0.8798
vn -0.9157 0.2332 -0.3274
vn -0.9242 0.1045 -0.3674
vn -0.3859 0.2940 -0.8744
vn -0.3645 0.5845 -0.7249
vn -0.9160 -0.3953 -0.0680
vn -0.9153 -0.4006 0.0422
vn -0.3679 -0.9271 0.0725
vn -0.3706 -0.9127 -0.1721
vn -0.9089 -0.0269 0.4161
vn -0.3586 -0.0301 0.9330
vn -0.9201 -0.3480 -0.1796
vn -0.3800 -0.8176 -0.4327
vn -0.9003 0.3979 0.1763
vn -0.9016 0.3253 0.2850
vn -0.3440 0.7237 0.5983
vn -0.3421 0.8721 0.3498
vn -0.9023 0.3478 -0.2546
vn -0.3368 0.7958 -0.5033
vn -0.9044 0.2224 0.3642
vn -0.3489 0.5080 0.7876
vn -0.9481 0.0511 -0.3139
vn -0.9466 0.1472 -0.2870
vn -0.4624 0.3777 -0.8022
vn -0.4667 0.1486 -0.8718
vn -0.8918 -0.3794 0.2466
vn -0.3301 -0.7602 0.5596
vn -0.8855 0.4371 -0.1572
vn -0.3100 0.9132 -0.2646
vn -0.8730 0.4844 -0.0574
vn -0.2972 0.9517 -0.0769
vn -0.8581 -0.5125 0.0315
vn -0.8739 -0.4702 0.1234
vn -0.8469 -0.5308 -0.0304
vn -0.2815 -0.9594 0.0195
vn -0.3100 -0.8994 0.3083
vn -0.9407 -0.2043 0.2707
vn -0.9455 -0.1402 0.2940
vn -0.4496 -0.4007 0.7983
vn -0.4306 -0.5752 0.6955
vn -0.9310 -0.2903 0.2212
vn -0.4014 -0.7568 0.5159
vn -0.9205 -0.3643 0.1416
vn -0.3774 -0.8764 0.2992
vn -0.9107 0.4074 -0.0683
vn -0.9025 0.4274 0.0537
vn -0.3483 0.9346 0.0720
vn -0.3687 0.9049 -0.2127
vn -0.9243 0.3400 -0.1735
vn -0.4022 0.7837 -0.4733
vn -0.9378 0.2453 -0.2456
vn -0.4374 0.5962 -0.6732
vn -0.9247 -0.2628 -0.2753
vn -0.3902 -0.6282 -0.6731
vn -0.9075 0.1039 0.4071
vn -0.3550 0.2533 0.8999
vn -0.9200 0.0328 0.3906
vn -0.4020 0.0890 0.9113
vn -0.0185 0.1208 0.9925
vn -0.9437 -0.1175 0.3093
vn -0.4030 -0.2795 0.8715
vn -0.9322 -0.0650 -0.3560
vn -0.4344 -0.0884 -0.8964
vn -0.8724 0.4881 0.0242
vn -0.2976 0.9519 0.0729
vn -0.8307 -0.5415 -0.1293
vn -0.8233 -0.5367 -0.1849
vn -0.2546 -0.9319 -0.2585
vn -0.8085 -0.5158 -0.2834
vn -0.7999 -0.4978 -0.3352
vn -0.2357 -0.8355 -0.4965
vn -0.8769 0.4735 0.0830
vn -0.3046 0.9373 0.1693
vn -0.8834 0.4501 0.1303
vn -0.3117 0.9092 0.2758
vn -0.7725 -0.4529 -0.4451
vn -0.7452 -0.4158 -0.5213
vn -0.2083 -0.6687 -0.7137
vn 0.4023 -0.0367 -0.9148
vn 0.4022 -0.3568 -0.8431
vn 0.9294 -0.1489 -0.3376
vn 0.9297 -0.0249 -0.3675
vn 0.3600 -0.2985 0.8839
vn 0.3540 -0.5497 0.7567
vn 0.9086 -0.2612 0.3260
vn 0.9127 -0.1452 0.3818
vn 0.3708 0.5827 -0.7232
vn 0.3921 0.2923 -0.8722
vn 0.9263 0.1043 -0.3621
vn 0.9182 0.2305 -0.3222
vn 0.3741 -0.9115 -0.1708
vn 0.3715 -0.9255 0.0735
vn 0.9167 -0.3975 0.0408
vn 0.9178 -0.3911 -0.0682
vn 0.3608 -0.0223 0.9324
vn 0.9138 -0.0217 0.4055
vn 0.3837 -0.8167 -0.4310
vn 0.9221 -0.3436 -0.1782
vn 0.3478 0.8740 0.3393
vn 0.3493 0.7302 0.5872
vn 0.9085 0.3185 0.2704
vn 0.9076 0.3860 0.1651
vn 0.3431 0.7933 -0.5030
vn 0.9055 0.3432 -0.2496
vn 0.3547 0.5169 0.7791
vn 0.9108 0.2198 0.3494
vn 0.4238 0.1430 -0.8944
vn 0.4502 0.3649 -0.8150
vn 0.9467 0.1386 -0.2906
vn 0.9382 0.0484 -0.3427
vn 0.3397 -0.7543 0.5617
vn 0.9001 -0.3641 0.2393
vn 0.3182 0.9101 -0.2654
vn 0.8904 0.4288 -0.1526
vn 0.3073 0.9484 -0.0781
vn 0.8800 0.4718 -0.0545
vn 0.3178 -0.8948 0.3137
vn 0.2947 -0.9548 0.0389
vn 0.8712 -0.4908 -0.0129
vn 0.8869 -0.4453 0.1233
vn 0.4265 -0.5746 0.6985
vn 0.4434 -0.4003 0.8019
vn 0.9430 -0.1420 0.3010
vn 0.9394 -0.2069 0.2733
vn 0.4006 -0.7561 0.5175
vn 0.9309 -0.2916 0.2202
vn 0.3796 -0.8751 0.3002
vn 0.9213 -0.3631 0.1393
vn 0.3751 0.8992 -0.2251
vn 0.3551 0.9329 0.0598
vn 0.9101 0.4118 0.0458
vn 0.9179 0.3901 -0.0726
vn 0.4066 0.7755 -0.4830
vn 0.9299 0.3244 -0.1731
vn 0.4395 0.5840 -0.6825
vn 0.9416 0.2329 -0.2432
vn 0.3949 -0.6275 -0.6710
vn 0.9265 -0.2592 -0.2728
vn 0.3589 0.2578 0.8971
vn 0.9129 0.1028 0.3951
vn 0.3889 0.0878 0.9171
vn 0.9248 0.0274 0.3795
vn 0.3996 -0.2807 0.8727
vn 0.9409 -0.1176 0.3176
vn 0.3428 -0.0697 -0.9368
vn 0.8351 -0.1236 -0.5361
vn 0.3081 0.9486 0.0720
vn 0.8801 0.4742 0.0257
vn 0.8069 -0.2628 -0.5290
vn 0.8072 -0.2497 -0.5349
vn 0.2259 -0.4247 -0.8767
vn 0.2756 -0.9315 -0.2373
vn 0.8559 -0.4921 -0.1587
vn 0.8609 -0.4969 -0.1093
vn 0.2581 -0.8357 -0.4847
vn 0.8405 -0.4527 -0.2977
vn 0.8454 -0.4699 -0.2539
vn 0.3144 0.9342 0.1686
vn 0.8840 0.4603 0.0819
vn 0.3216 0.9065 0.2736
vn 0.8897 0.4387 0.1261
vn 0.2374 -0.6838 -0.6900
vn 0.8138 -0.3802 -0.4395
vn 0.8258 -0.4104 -0.3868
vn -0.8861 0.4393 0.1477
vn -0.3172 0.9006 0.2972
vn -0.7609 -0.3391 -0.5532
vn -0.3339 -0.3368 -0.8804
vn 0.3249 0.8990 0.2936
vn 0.8941 0.4268 0.1357
vn 0.9999 -0.0067 -0.0102
vn 0.8151 -0.4427 0.3736
vn 0.8166 -0.3084 0.4878
vn 0.8020 -0.3193 0.5048
vn 0.8000 -0.4587 0.3866
vn -0.0000 0.9593 -0.2826
vn 0.1476 0.9488 -0.2792
vn 0.1480 0.9890 -0.0004
vn 0.8058 -0.2581 -0.5330
vn 0.8053 -0.4014 -0.4364
vn 0.7918 -0.4134 -0.4495
vn 0.7930 -0.2657 -0.5482
vn 0.8077 -0.5871 0.0541
vn 0.8115 -0.5398 0.2239
vn 0.7970 -0.5581 0.2310
vn 0.7940 -0.6053 0.0555
vn 0.1484 0.3472 0.9260
vn 0.1465 0.6054 0.7823
vn -0.0805 0.6104 0.7880
vn -0.0813 0.3503 0.9331
vn 0.8171 -0.1511 0.5563
vn 0.8027 -0.1563 0.5755
vn 0.8006 0.5992 -0.0002
vn 0.7996 0.5761 -0.1697
vn 0.7887 0.5898 -0.1735
vn 0.7882 0.6154 -0.0003
vn 0.8123 0.2405 -0.5313
vn 0.8114 0.0710 -0.5802
vn 0.7983 0.0730 -0.5979
vn 0.7986 0.2484 -0.5482
vn -0.0000 0.0435 0.9991
vn -0.0000 0.3516 0.9361
vn 0.1521 0.3481 0.9250
vn 0.1535 0.0434 0.9872
vn -0.0000 0.6126 0.7904
vn 0.1502 0.6061 0.7810
vn 0.8173 0.0251 0.5757
vn 0.8137 0.2045 0.5441
vn 0.7989 0.2120 0.5628
vn 0.8018 0.0264 0.5971
vn 0.8022 0.5091 -0.3118
vn 0.8093 0.3945 -0.4352
vn 0.7957 0.4070 -0.4485
vn 0.7916 0.5213 -0.3189
vn 0.8050 0.4838 0.3434
vn 0.8029 0.5678 0.1816
vn 0.7896 0.5845 0.1868
vn 0.7919 0.4982 0.3532
vn 0.8081 -0.0981 -0.5808
vn 0.7956 -0.1012 -0.5973
vn 0.8061 -0.5786 -0.1240
vn 0.7923 -0.5966 -0.1281
vn 0.8085 0.3606 0.4651
vn 0.7952 0.3719 0.4789
vn 0.8057 -0.5137 -0.2949
vn 0.7917 -0.5298 -0.3043
vn -0.0000 0.8154 0.5789
vn -0.0000 0.9524 0.3049
vn 0.1487 0.9419 0.3012
vn 0.1491 0.8065 0.5721
vn 0.1489 -0.7553 0.6382
vn 0.1498 -0.5281 0.8359
vn -0.0819 -0.5324 0.8425
vn -0.0815 -0.7615 0.6430
vn -0.0000 -0.1664 -0.9861
vn -0.0000 -0.4357 -0.9001
vn 0.1493 -0.4311 -0.8899
vn 0.1505 -0.1650 -0.9747
vn -0.0000 -0.8672 -0.4980
vn -0.0000 -0.9778 -0.2095
vn 0.1492 -0.9668 -0.2074
vn 0.1490 -0.8575 -0.4925
vn -0.0000 -0.2621 0.9650
vn 0.1535 -0.2591 0.9536
vn -0.0000 0.8526 -0.5225
vn 0.1486 0.8435 -0.5161
vn -0.0000 -0.9958 0.0919
vn 0.1497 -0.9846 0.0905
vn -0.0000 -0.9236 0.3833
vn -0.0000 -0.7641 0.6451
vn 0.1525 -0.7555 0.6371
vn 0.1510 -0.9133 0.3784
vn -0.0000 -0.6769 -0.7361
vn 0.1489 -0.6694 -0.7278
vn -0.0000 -0.5343 0.8453
vn 0.1532 -0.5281 0.8352
vn -0.0000 0.6713 -0.7412
vn 0.1514 0.6641 -0.7321
vn -0.0000 0.1217 -0.9926
vn 0.1522 0.1199 -0.9811
vn -0.0000 0.4123 -0.9110
vn 0.1527 0.4077 -0.9003
vn 0.1445 0.8433 -0.5176
vn 0.1469 0.6635 -0.7336
vn -0.0806 0.6689 -0.7390
vn -0.0796 0.8498 -0.5211
vn 0.1483 0.4076 -0.9010
vn 0.1480 0.1207 -0.9816
vn -0.0810 0.1214 -0.9893
vn -0.0811 0.4109 -0.9081
vn 0.1458 -0.9851 0.0914
vn 0.1474 -0.9133 0.3797
vn -0.0809 -0.9205 0.3823
vn -0.0802 -0.9925 0.0918
vn 0.1467 -0.1641 -0.9755
vn -0.0804 -0.1656 -0.9829
vn 0.1454 -0.4308 -0.8906
vn 0.1449 -0.6697 -0.7284
vn -0.0798 -0.6747 -0.7338
vn -0.0799 -0.4342 -0.8973
vn -0.5331 0.5184 0.6686
vn -0.5373 0.2967 0.7895
vn -0.4635 0.3116 0.8295
vn -0.4599 0.5439 0.7019
vn 0.1498 0.0427 0.9878
vn -0.0819 0.0432 0.9957
vn 0.1431 0.9493 -0.2799
vn -0.0791 0.9562 -0.2818
vn 0.1430 0.9897 -0.0002
vn -0.0791 0.9969 -0.0003
vn 0.1501 -0.2592 0.9541
vn -0.0820 -0.2612 0.9618
vn 0.1438 0.9424 0.3020
vn -0.0794 0.9494 0.3040
vn 0.1449 0.8065 0.5731
vn -0.0798 0.8127 0.5772
vn 0.1448 -0.8581 -0.4927
vn 0.1450 -0.9675 -0.2071
vn -0.0798 -0.9747 -0.2088
vn -0.0797 -0.8644 -0.4964
vn -0.5300 0.6915 0.4908
vn -0.4572 0.7252 0.5149
vn -0.5403 0.0367 0.8406
vn -0.5404 -0.2206 0.8120
vn -0.4666 -0.2319 0.8535
vn -0.4662 0.0385 0.8838
vn -0.5399 -0.4498 0.7115
vn -0.5383 -0.6441 0.5435
vn -0.4644 -0.6767 0.5713
vn -0.4660 -0.4727 0.7479
vn -0.5351 -0.7803 0.3237
vn -0.5320 -0.8431 0.0777
vn -0.4589 -0.8847 0.0817
vn -0.4616 -0.8193 0.3400
vn -0.5299 -0.5741 -0.6242
vn -0.5307 -0.3694 -0.7628
vn -0.4581 -0.3873 -0.8001
vn -0.4573 -0.6020 -0.6546
vn -0.5262 0.8157 -0.2402
vn -0.5267 0.8501 -0.0003
vn -0.4543 0.8909 -0.0003
vn -0.4541 0.8546 -0.2517
vn -0.5283 0.8087 0.2588
vn -0.4556 0.8478 0.2714
vn -0.5305 -0.8289 -0.1777
vn -0.5300 -0.7353 -0.4223
vn -0.4573 -0.7712 -0.4429
vn -0.4577 -0.8694 -0.1863
vn -0.5359 0.1026 -0.8380
vn -0.5367 0.3480 -0.7687
vn -0.4635 0.3654 -0.8072
vn -0.4629 0.1079 -0.8798
vn -0.5330 -0.1409 -0.8343
vn -0.4604 -0.1477 -0.8754
vn -0.5341 0.5677 -0.6265
vn -0.5286 0.7239 -0.4434
vn -0.4565 0.7586 -0.4649
vn -0.4611 0.5957 -0.6577
vn -0.5657 0.5040 0.6526
vn -0.5629 0.2922 0.7732
vn -0.5109 0.3031 0.8044
vn -0.5120 0.5258 0.6793
vn -0.5798 0.0363 0.8139
vn -0.5276 0.0376 0.8486
vn -0.5876 -0.2119 0.7809
vn -0.5347 -0.2209 0.8157
vn -0.5588 -0.7665 0.3165
vn -0.5685 -0.8191 0.0771
vn -0.5142 -0.8539 0.0803
vn -0.5064 -0.7968 0.3297
vn -0.5875 -0.4317 0.6845
vn -0.5775 -0.6242 0.5262
vn -0.5248 -0.6510 0.5485
vn -0.5345 -0.4516 0.7144
vn -0.6524 -0.1276 -0.7471
vn -0.6582 0.0914 -0.7473
vn -0.6008 0.0972 -0.7935
vn -0.5952 -0.1335 -0.7924
vn -0.6049 0.6476 0.4634
vn -0.5483 0.6798 0.4870
vn -0.6202 -0.7677 -0.1610
vn -0.5631 -0.8087 -0.1698
vn -0.6115 0.7913 -0.0008
vn -0.6236 0.7446 0.2382
vn -0.5664 0.7850 0.2509
vn -0.5548 0.8320 -0.0006
vn -0.6459 -0.6621 -0.3800
vn -0.5876 -0.7015 -0.4032
vn -0.6400 -0.5214 -0.5644
vn -0.5824 -0.5505 -0.5982
vn -0.6535 0.3131 -0.6892
vn -0.5965 0.3311 -0.7312
vn -0.6437 -0.3343 -0.6885
vn -0.5862 -0.3531 -0.7292
vn -0.6064 0.7628 -0.2248
vn -0.5500 0.8011 -0.2362
vn -0.6384 0.5183 -0.5690
vn -0.6166 0.6723 -0.4097
vn -0.5607 0.7064 -0.4319
vn -0.5819 0.5470 -0.6018
vn -0.9966 0.0295 0.0770
vn -0.9965 0.0513 0.0654
vn -0.9965 0.0687 0.0484
vn -0.9967 -0.0214 0.0785
vn -0.9966 0.0038 0.0819
vn -0.9966 -0.0633 0.0529
vn -0.9967 -0.0438 0.0689
vn -0.9965 -0.0836 0.0074
vn -0.9965 -0.0770 0.0314
vn -0.9965 -0.0366 -0.0748
vn -0.9965 -0.0570 -0.0618
vn -0.9964 0.0849 -0.0001
vn -0.9965 0.0807 -0.0235
vn -0.9964 0.0810 0.0256
vn -0.9964 -0.0733 -0.0420
vn -0.9964 -0.0825 -0.0178
vn -0.9967 0.0338 -0.0743
vn -0.9967 0.0096 -0.0811
vn -0.9966 -0.0142 -0.0811
vn -0.9966 0.0710 -0.0428
vn -0.9966 0.0559 -0.0608
vn -0.8093 0.3944 -0.4352
vn -0.7957 0.4070 -0.4485
vn -0.7986 0.2484 -0.5482
vn -0.8123 0.2405 -0.5313
vn -0.8976 0.0538 -0.4375
vn -0.8977 0.1816 -0.4015
vn -0.8254 0.2328 -0.5143
vn -0.8253 0.0686 -0.5606
vn -0.8974 0.2959 -0.3273
vn -0.8253 0.3793 -0.4184
vn -0.8967 0.3772 -0.2315
vn -0.8245 0.4826 -0.2955
vn -0.8964 0.4251 -0.1254
vn -0.8244 0.5430 -0.1599
vn -0.8964 0.4431 -0.0001
vn -0.8966 0.4217 0.1351
vn -0.8248 0.5385 0.1723
vn -0.8246 0.5657 -0.0002
vn -0.8972 -0.0732 -0.4355
vn -0.8249 -0.0942 -0.5573
vn -0.8971 -0.4080 0.1696
vn -0.8967 -0.4406 0.0409
vn -0.8244 -0.5636 0.0520
vn -0.8245 -0.5227 0.2168
vn -0.8977 -0.1155 0.4253
vn -0.8976 -0.2354 0.3727
vn -0.8248 -0.3021 0.4779
vn -0.8249 -0.1482 0.5456
vn -0.8977 0.0190 0.4402
vn -0.8251 0.0247 0.5645
vn -0.8969 -0.1926 -0.3982
vn -0.8248 -0.2465 -0.5089
vn -0.8967 -0.3838 -0.2205
vn -0.8967 -0.2995 -0.3258
vn -0.8248 -0.3827 -0.4162
vn -0.8249 -0.4901 -0.2815
vn -0.8967 -0.4329 -0.0927
vn -0.8247 -0.5530 -0.1184
vn -0.8967 0.3608 0.2564
vn -0.8246 0.4612 0.3275
vn -0.8970 0.2706 0.3496
vn -0.8974 0.1549 0.4131
vn -0.8247 0.1990 0.5294
vn -0.8244 0.3467 0.4473
vn -0.8974 -0.3370 0.2847
vn -0.8248 -0.4322 0.3646
vn -0.8151 -0.4427 0.3736
vn -0.8001 -0.4587 0.3866
vn -0.8020 -0.3193 0.5048
vn -0.8166 -0.3084 0.4879
vn -0.7996 0.5761 -0.1697
vn -0.7887 0.5898 -0.1735
vn -0.7916 0.5213 -0.3189
vn -0.8022 0.5091 -0.3118
vn -0.8058 -0.2581 -0.5330
vn -0.7930 -0.2657 -0.5482
vn -0.7918 -0.4135 -0.4495
vn -0.8053 -0.4014 -0.4364
vn -0.1510 -0.9133 0.3784
vn -0.1525 -0.7555 0.6371
vn -0.1484 0.3472 0.9260
vn 0.0813 0.3503 0.9331
vn 0.0805 0.6104 0.7880
vn -0.1465 0.6054 0.7823
vn -0.8027 -0.1563 0.5755
vn -0.8171 -0.1511 0.5563
vn -0.8114 0.0710 -0.5802
vn -0.7982 0.0730 -0.5979
vn -0.7956 -0.1012 -0.5973
vn -0.8081 -0.0981 -0.5808
vn -0.8137 0.2045 0.5442
vn -0.7989 0.2120 0.5628
vn -0.7952 0.3719 0.4788
vn -0.8085 0.3606 0.4650
vn -0.7919 0.4982 0.3532
vn -0.8050 0.4838 0.3434
vn -0.1514 0.6641 -0.7322
vn -0.1527 0.4077 -0.9003
vn -0.7896 0.5845 0.1868
vn -0.8029 0.5678 0.1816
vn -0.8061 -0.5786 -0.1240
vn -0.7923 -0.5966 -0.1281
vn -0.7940 -0.6053 0.0555
vn -0.8077 -0.5870 0.0541
vn -0.8115 -0.5398 0.2239
vn -0.7970 -0.5581 0.2310
vn -0.1505 -0.1650 -0.9747
vn -0.1493 -0.4311 -0.8899
vn -0.8057 -0.5136 -0.2949
vn -0.7917 -0.5298 -0.3043
vn -0.8018 0.0264 0.5971
vn -0.8173 0.0251 0.5757
vn -0.7882 0.6154 -0.0003
vn -0.8006 0.5991 -0.0002
vn -0.1492 -0.9668 -0.2074
vn -0.1497 -0.9846 0.0905
vn -0.1491 0.8065 0.5721
vn -0.1487 0.9419 0.3012
vn -0.1489 -0.7553 0.6382
vn 0.0815 -0.7615 0.6430
vn 0.0819 -0.5324 0.8425
vn -0.1498 -0.5281 0.8359
vn -0.1502 0.6061 0.7810
vn -0.1490 -0.8575 -0.4925
vn -0.1535 0.0434 0.9872
vn -0.1521 0.3481 0.9250
vn -0.1475 0.9488 -0.2792
vn -0.1486 0.8435 -0.5161
vn -0.1532 -0.5281 0.8352
vn -0.1479 0.9890 -0.0004
vn -0.1489 -0.6694 -0.7278
vn -0.1522 0.1199 -0.9811
vn -0.1535 -0.2591 0.9536
vn -0.1445 0.8433 -0.5176
vn 0.0796 0.8498 -0.5211
vn 0.0806 0.6689 -0.7390
vn -0.1469 0.6635 -0.7336
vn -0.1483 0.4076 -0.9010
vn 0.0811 0.4109 -0.9081
vn 0.0810 0.1214 -0.9893
vn -0.1480 0.1207 -0.9816
vn -0.1458 -0.9851 0.0914
vn 0.0802 -0.9925 0.0918
vn 0.0809 -0.9205 0.3823
vn -0.1474 -0.9133 0.3797
vn 0.0804 -0.1656 -0.9829
vn -0.1467 -0.1641 -0.9755
vn -0.1454 -0.4308 -0.8906
vn 0.0799 -0.4342 -0.8973
vn 0.0798 -0.6747 -0.7338
vn -0.1449 -0.6697 -0.7283
vn 0.5331 0.5184 0.6686
vn 0.4599 0.5439 0.7019
vn 0.4635 0.3116 0.8295
vn 0.5373 0.2967 0.7895
vn -0.1498 0.0427 0.9878
vn 0.0819 0.0432 0.9957
vn -0.1431 0.9493 -0.2799
vn 0.0791 0.9562 -0.2818
vn -0.1430 0.9897 -0.0002
vn 0.0791 0.9969 -0.0003
vn 0.0820 -0.2612 0.9618
vn -0.1501 -0.2591 0.9541
vn -0.1438 0.9424 0.3020
vn 0.0794 0.9494 0.3040
vn 0.0798 0.8127 0.5772
vn -0.1449 0.8065 0.5731
vn -0.1448 -0.8581 -0.4927
vn 0.0797 -0.8644 -0.4964
vn 0.0798 -0.9747 -0.2088
vn -0.1450 -0.9675 -0.2071
vn 0.5300 0.6916 0.4908
vn 0.4572 0.7252 0.5149
vn 0.5403 0.0367 0.8406
vn 0.4662 0.0385 0.8838
vn 0.4666 -0.2319 0.8535
vn 0.5405 -0.2206 0.8119
vn 0.5399 -0.4498 0.7115
vn 0.4660 -0.4727 0.7479
vn 0.4644 -0.6767 0.5713
vn 0.5383 -0.6441 0.5435
vn 0.5351 -0.7803 0.3237
vn 0.4616 -0.8193 0.3400
vn 0.4589 -0.8847 0.0817
vn 0.5320 -0.8431 0.0777
vn 0.5299 -0.5741 -0.6242
vn 0.4572 -0.6020 -0.6546
vn 0.4581 -0.3873 -0.8001
vn 0.5307 -0.3694 -0.7629
vn 0.5262 0.8157 -0.2402
vn 0.4541 0.8546 -0.2517
vn 0.4543 0.8909 -0.0003
vn 0.5267 0.8500 -0.0003
vn 0.4556 0.8478 0.2714
vn 0.5283 0.8087 0.2588
vn 0.5305 -0.8289 -0.1777
vn 0.4577 -0.8694 -0.1863
vn 0.4573 -0.7712 -0.4429
vn 0.5300 -0.7353 -0.4223
vn 0.5360 0.1026 -0.8380
vn 0.4629 0.1079 -0.8798
vn 0.4635 0.3654 -0.8072
vn 0.5367 0.3480 -0.7687
vn 0.5330 -0.1409 -0.8343
vn 0.4603 -0.1477 -0.8754
vn 0.5341 0.5677 -0.6265
vn 0.4611 0.5957 -0.6577
vn 0.4565 0.7586 -0.4649
vn 0.5286 0.7239 -0.4434
vn 0.5658 0.5035 0.6530
vn 0.5121 0.5254 0.6795
vn 0.5115 0.3029 0.8041
vn 0.5635 0.2919 0.7728
vn 0.6040 0.6483 0.4636
vn 0.5476 0.6803 0.4872
vn 0.5805 0.0362 0.8134
vn 0.5283 0.0375 0.8482
vn 0.5357 -0.2208 0.8150
vn 0.5887 -0.2119 0.7801
vn 0.5884 -0.4315 0.6839
vn 0.5354 -0.4514 0.7139
vn 0.5253 -0.6503 0.5487
vn 0.5780 -0.6235 0.5264
vn 0.8974 -0.3370 0.2847
vn 0.8248 -0.4322 0.3646
vn 0.8245 -0.5227 0.2168
vn 0.8971 -0.4080 0.1696
vn 0.6380 -0.5220 -0.5661
vn 0.5804 -0.5510 -0.5996
vn 0.5842 -0.3534 -0.7306
vn 0.6416 -0.3347 -0.6902
vn 0.8970 0.2706 0.3496
vn 0.8244 0.3467 0.4473
vn 0.8247 0.1990 0.5294
vn 0.8974 0.1549 0.4131
vn 0.6047 0.7640 -0.2252
vn 0.5484 0.8021 -0.2365
vn 0.5532 0.8331 -0.0007
vn 0.6098 0.7926 -0.0009
vn 0.5649 0.7862 0.2506
vn 0.6221 0.7460 0.2379
vn 0.6194 -0.7684 -0.1613
vn 0.5623 -0.8093 -0.1700
vn 0.5858 -0.7024 -0.4042
vn 0.6440 -0.6633 -0.3812
vn 0.6559 0.0916 -0.7493
vn 0.5987 0.0973 -0.7950
vn 0.5945 0.3313 -0.7326
vn 0.6514 0.3134 -0.6910
vn 0.8969 -0.1926 -0.3982
vn 0.8248 -0.2465 -0.5089
vn 0.8249 -0.0942 -0.5573
vn 0.8972 -0.0732 -0.4355
vn 0.5070 -0.7962 0.3301
vn 0.5595 -0.7659 0.3168
vn 0.5928 -0.1336 -0.7942
vn 0.6498 -0.1277 -0.7493
vn 0.8964 0.4431 -0.0001
vn 0.8246 0.5657 -0.0002
vn 0.8248 0.5385 0.1723
vn 0.8966 0.4217 0.1351
vn 0.6363 0.5189 -0.5709
vn 0.5799 0.5475 -0.6033
vn 0.5590 0.7073 -0.4328
vn 0.6148 0.6733 -0.4107
vn 0.9965 0.0513 0.0654
vn 0.9966 0.0295 0.0771
vn 0.9965 0.0687 0.0484
vn 0.9966 0.0038 0.0819
vn 0.9967 -0.0214 0.0785
vn 0.9967 -0.0438 0.0690
vn 0.9966 -0.0633 0.0529
vn 0.9965 -0.0770 0.0314
vn 0.9965 -0.0836 0.0074
vn 0.9965 -0.0570 -0.0618
vn 0.9965 -0.0366 -0.0748
vn 0.9965 0.0807 -0.0235
vn 0.9964 0.0849 -0.0001
vn 0.9964 0.0810 0.0256
vn 0.9964 -0.0825 -0.0178
vn 0.9964 -0.0733 -0.0420
vn 0.9967 0.0096 -0.0811
vn 0.9967 0.0338 -0.0743
vn 0.9966 -0.0142 -0.0811
vn 0.9966 0.0559 -0.0608
vn 0.9966 0.0710 -0.0428
vn 0.8093 0.3945 0.4352
vn 0.7957 0.4070 0.4485
vn 0.7986 0.2484 0.5482
vn 0.8123 0.2405 0.5313
vn 0.8976 0.0538 -0.4375
vn 0.8253 0.0686 -0.5606
vn 0.8254 0.2328 -0.5143
vn 0.8977 0.1816 -0.4014
vn 0.8253 0.3793 -0.4185
vn 0.8974 0.2959 -0.3273
vn 0.8245 0.4826 -0.2955
vn 0.8967 0.3772 -0.2315
vn 0.8243 0.5430 -0.1599
vn 0.8964 0.4251 -0.1254
vn 0.5688 -0.8188 0.0771
vn 0.5146 -0.8537 0.0802
vn 0.8244 -0.5636 0.0520
vn 0.8967 -0.4406 0.0409
vn 0.8977 -0.1155 0.4252
vn 0.8249 -0.1482 0.5456
vn 0.8248 -0.3021 0.4779
vn 0.8976 -0.2354 0.3727
vn 0.8977 0.0190 0.4402
vn 0.8251 0.0247 0.5645
vn 0.8967 -0.3838 -0.2205
vn 0.8249 -0.4902 -0.2815
vn 0.8248 -0.3827 -0.4162
vn 0.8967 -0.2995 -0.3258
vn 0.8967 -0.4329 -0.0927
vn 0.8247 -0.5530 -0.1184
vn 0.8246 0.4613 0.3275
vn 0.8967 0.3608 0.2564
vn 0.8151 -0.4427 -0.3736
vn 0.8000 -0.4587 -0.3866
vn 0.8020 -0.3193 -0.5048
vn 0.8166 -0.3084 -0.4878
vn 0.7996 0.5761 0.1697
vn 0.7887 0.5898 0.1735
vn 0.7916 0.5213 0.3189
vn 0.8022 0.5091 0.3118
vn 0.8058 -0.2581 0.5330
vn 0.7930 -0.2657 0.5482
vn 0.7918 -0.4135 0.4495
vn 0.8053 -0.4014 0.4364
vn -0.0000 -0.9236 -0.3833
vn 0.1510 -0.9133 -0.3784
vn 0.1525 -0.7555 -0.6371
vn -0.0000 -0.7641 -0.6451
vn 0.1484 0.3472 -0.9260
vn -0.0813 0.3503 -0.9331
vn -0.0805 0.6104 -0.7880
vn 0.1465 0.6054 -0.7823
vn 0.8027 -0.1563 -0.5755
vn 0.8171 -0.1511 -0.5563
vn 0.8114 0.0710 0.5802
vn 0.7983 0.0730 0.5979
vn 0.7956 -0.1012 0.5973
vn 0.8081 -0.0981 0.5808
vn 0.8137 0.2045 -0.5442
vn 0.7989 0.2120 -0.5628
vn 0.7952 0.3719 -0.4789
vn 0.8085 0.3606 -0.4651
vn 0.7919 0.4982 -0.3532
vn 0.8050 0.4838 -0.3434
vn -0.0000 0.6713 0.7412
vn 0.1514 0.6641 0.7321
vn 0.1527 0.4077 0.9003
vn -0.0000 0.4123 0.9110
vn 0.7896 0.5845 -0.1868
vn 0.8029 0.5678 -0.1816
vn 0.8061 -0.5786 0.1240
vn 0.7923 -0.5966 0.1281
vn 0.7940 -0.6053 -0.0555
vn 0.8077 -0.5871 -0.0541
vn 0.8115 -0.5398 -0.2239
vn 0.7970 -0.5581 -0.2310
vn -0.0000 -0.1664 0.9861
vn 0.1505 -0.1650 0.9747
vn 0.1493 -0.4311 0.8899
vn -0.0000 -0.4357 0.9001
vn 0.8057 -0.5137 0.2949
vn 0.7917 -0.5298 0.3043
vn 0.8018 0.0264 -0.5971
vn 0.8173 0.0251 -0.5757
vn 0.7882 0.6154 0.0003
vn 0.8006 0.5992 0.0002
vn -0.0000 -0.9778 0.2095
vn 0.1492 -0.9668 0.2074
vn 0.1497 -0.9846 -0.0905
vn -0.0000 -0.9958 -0.0919
vn -0.0000 0.8154 -0.5789
vn 0.1491 0.8065 -0.5721
vn 0.1487 0.9419 -0.3012
vn -0.0000 0.9524 -0.3049
vn 0.1489 -0.7553 -0.6382
vn -0.0815 -0.7615 -0.6430
vn -0.0819 -0.5324 -0.8425
vn 0.1498 -0.5281 -0.8359
vn -0.0000 0.6126 -0.7904
vn 0.1502 0.6061 -0.7810
vn -0.0000 -0.8672 0.4980
vn 0.1490 -0.8575 0.4925
vn -0.0000 0.0435 -0.9991
vn 0.1535 0.0434 -0.9872
vn 0.1521 0.3481 -0.9250
vn -0.0000 0.3516 -0.9361
vn -0.0000 0.9593 0.2826
vn 0.1476 0.9488 0.2792
vn 0.1486 0.8435 0.5161
vn -0.0000 0.8526 0.5225
vn 0.1532 -0.5281 -0.8352
vn -0.0000 -0.5343 -0.8453
vn 0.1480 0.9890 0.0004
vn -0.0000 -0.6769 0.7361
vn 0.1489 -0.6694 0.7278
vn -0.0000 0.1217 0.9926
vn 0.1522 0.1199 0.9811
vn -0.0000 -0.2621 -0.9650
vn 0.1535 -0.2591 -0.9536
vn 0.1445 0.8433 0.5176
vn -0.0796 0.8498 0.5211
vn -0.0806 0.6689 0.7390
vn 0.1469 0.6635 0.7336
vn 0.1483 0.4076 0.9010
vn -0.0811 0.4109 0.9081
vn -0.0810 0.1214 0.9893
vn 0.1480 0.1207 0.9816
vn 0.1458 -0.9851 -0.0914
vn -0.0802 -0.9925 -0.0918
vn -0.0809 -0.9205 -0.3823
vn 0.1474 -0.9133 -0.3797
vn -0.0804 -0.1656 0.9829
vn 0.1467 -0.1641 0.9755
vn 0.1454 -0.4308 0.8906
vn -0.0799 -0.4342 0.8973
vn -0.0798 -0.6747 0.7338
vn 0.1449 -0.6697 0.7284
vn -0.5331 0.5184 -0.6686
vn -0.4599 0.5439 -0.7019
vn -0.4635 0.3116 -0.8295
vn -0.5373 0.2967 -0.7895
vn 0.1498 0.0427 -0.9878
vn -0.0819 0.0432 -0.9957
vn 0.1431 0.9493 0.2799
vn -0.0791 0.9562 0.2818
vn 0.1430 0.9897 0.0002
vn -0.0791 0.9969 0.0003
vn -0.0820 -0.2612 -0.9618
vn 0.1501 -0.2592 -0.9541
vn 0.1438 0.9424 -0.3020
vn -0.0794 0.9494 -0.3040
vn -0.0798 0.8127 -0.5772
vn 0.1449 0.8065 -0.5731
vn 0.1448 -0.8581 0.4927
vn -0.0797 -0.8644 0.4964
vn -0.0798 -0.9747 0.2088
vn 0.1450 -0.9675 0.2071
vn -0.5300 0.6915 -0.4908
vn -0.4572 0.7252 -0.5149
vn -0.5403 0.0367 -0.8406
vn -0.4662 0.0385 -0.8838
vn -0.4666 -0.2319 -0.8535
vn -0.5404 -0.2206 -0.8120
vn -0.5399 -0.4497 -0.7115
vn -0.4660 -0.4727 -0.7479
vn -0.4644 -0.6767 -0.5713
vn -0.5383 -0.6441 -0.5435
vn -0.5351 -0.7803 -0.3237
vn -0.4616 -0.8193 -0.3400
vn -0.4589 -0.8847 -0.0817
vn -0.5320 -0.8431 -0.0777
vn -0.5299 -0.5741 0.6242
vn -0.4573 -0.6020 0.6546
vn -0.4581 -0.3873 0.8001
vn -0.5307 -0.3694 0.7628
vn -0.5262 0.8157 0.2402
vn -0.4541 0.8546 0.2517
vn -0.4543 0.8909 0.0003
vn -0.5267 0.8501 0.0003
vn -0.4556 0.8478 -0.2714
vn -0.5283 0.8087 -0.2588
vn -0.5305 -0.8289 0.1777
vn -0.4577 -0.8694 0.1863
vn -0.4573 -0.7712 0.4429
vn -0.5300 -0.7353 0.4223
vn -0.5359 0.1026 0.8380
vn -0.4629 0.1079 0.8798
vn -0.4635 0.3654 0.8072
vn -0.5367 0.3480 0.7687
vn -0.5330 -0.1409 0.8343
vn -0.4604 -0.1477 0.8754
vn -0.5341 0.5677 0.6265
vn -0.4611 0.5957 0.6577
vn -0.4565 0.7586 0.4649
vn -0.5286 0.7239 0.4434
vn -0.5657 0.5040 -0.6527
vn -0.5120 0.5258 -0.6793
vn -0.5108 0.3031 -0.8045
vn -0.5627 0.2921 -0.7733
vn -0.6050 0.6478 -0.4630
vn -0.5485 0.6799 -0.4867
vn -0.5798 0.0363 -0.8140
vn -0.5276 0.0376 -0.8487
vn -0.5349 -0.2209 -0.8155
vn -0.5878 -0.2120 -0.7807
vn -0.5876 -0.4319 -0.6842
vn -0.5347 -0.4517 -0.7142
vn -0.5248 -0.6510 -0.5484
vn -0.5775 -0.6243 -0.5261
vn -0.8974 -0.3370 -0.2847
vn -0.8248 -0.4322 -0.3646
vn -0.8245 -0.5227 -0.2168
vn -0.8971 -0.4080 -0.1696
vn -0.6399 -0.5213 0.5646
vn -0.5823 -0.5504 0.5984
vn -0.5866 -0.3533 0.7288
vn -0.6440 -0.3344 0.6880
vn -0.8970 0.2706 -0.3496
vn -0.8244 0.3467 -0.4473
vn -0.8247 0.1990 -0.5294
vn -0.8974 0.1549 -0.4131
vn -0.6063 0.7627 0.2252
vn -0.5499 0.8010 0.2366
vn -0.5548 0.8320 0.0008
vn -0.6115 0.7913 0.0010
vn -0.5665 0.7850 -0.2506
vn -0.6237 0.7446 -0.2378
vn -0.6202 -0.7677 0.1612
vn -0.5631 -0.8087 0.1699
vn -0.5874 -0.7014 0.4038
vn -0.6457 -0.6620 0.3806
vn -0.6582 0.0915 0.7473
vn -0.6009 0.0972 0.7934
vn -0.5969 0.3313 0.7307
vn -0.6539 0.3133 0.6886
vn -0.8969 -0.1926 0.3982
vn -0.8248 -0.2465 0.5089
vn -0.8249 -0.0942 0.5573
vn -0.8972 -0.0732 0.4355
vn -0.5064 -0.7968 -0.3297
vn -0.5588 -0.7665 -0.3164
vn -0.5953 -0.1336 0.7923
vn -0.6525 -0.1277 0.7470
vn -0.8964 0.4431 0.0001
vn -0.8246 0.5657 0.0002
vn -0.8248 0.5385 -0.1723
vn -0.8966 0.4217 -0.1351
vn -0.6386 0.5184 0.5688
vn -0.5821 0.5471 0.6015
vn -0.5606 0.7063 0.4323
vn -0.6165 0.6721 0.4101
vn -0.9965 0.0513 -0.0654
vn -0.9966 0.0295 -0.0770
vn -0.9965 0.0687 -0.0484
vn -0.9966 0.0038 -0.0819
vn -0.9967 -0.0214 -0.0785
vn -0.9967 -0.0438 -0.0689
vn -0.9966 -0.0633 -0.0529
vn -0.9965 -0.0770 -0.0314
vn -0.9965 -0.0836 -0.0074
vn -0.9965 -0.0570 0.0618
vn -0.9965 -0.0366 0.0748
vn -0.9965 0.0807 0.0235
vn -0.9964 0.0849 0.0001
vn -0.9964 0.0810 -0.0256
vn -0.9964 -0.0825 0.0178
vn -0.9964 -0.0733 0.0420
vn -0.9967 0.0096 0.0811
vn -0.9967 0.0338 0.0743
vn -0.9966 -0.0142 0.0811
vn -0.9966 0.0559 0.0608
vn -0.9966 0.0710 0.0428
vn -0.8093 0.3944 0.4352
vn -0.8123 0.2405 0.5313
vn -0.7986 0.2484 0.5482
vn -0.7957 0.4070 0.4485
vn -0.8976 0.0538 0.4375
vn -0.8253 0.0686 0.5606
vn -0.8254 0.2328 0.5143
vn -0.8977 0.1816 0.4014
vn -0.8253 0.3793 0.4184
vn -0.8974 0.2959 0.3273
vn -0.8245 0.4826 0.2955
vn -0.8967 0.3772 0.2315
vn -0.8244 0.5430 0.1599
vn -0.8964 0.4251 0.1254
vn -0.5685 -0.8191 -0.0771
vn -0.5142 -0.8539 -0.0802
vn -0.8244 -0.5636 -0.0520
vn -0.8967 -0.4406 -0.0409
vn -0.8977 -0.1155 -0.4253
vn -0.8249 -0.1482 -0.5456
vn -0.8249 -0.3021 -0.4779
vn -0.8976 -0.2354 -0.3727
vn -0.8977 0.0190 -0.4402
vn -0.8251 0.0247 -0.5645
vn -0.8967 -0.3838 0.2205
vn -0.8249 -0.4901 0.2815
vn -0.8248 -0.3827 0.4162
vn -0.8967 -0.2995 0.3258
vn -0.8967 -0.4329 0.0927
vn -0.8247 -0.5530 0.1184
vn -0.8246 0.4612 -0.3275
vn -0.8967 0.3608 -0.2564
vn -0.8151 -0.4427 -0.3736
vn -0.8166 -0.3084 -0.4879
vn -0.8020 -0.3193 -0.5048
vn -0.8001 -0.4587 -0.3866
vn -0.1475 0.9488 0.2792
vn -0.1479 0.9890 0.0004
vn -0.8058 -0.2581 0.5330
vn -0.8053 -0.4014 0.4364
vn -0.7918 -0.4135 0.4495
vn -0.7930 -0.2657 0.5482
vn -0.8077 -0.5870 -0.0541
vn -0.8115 -0.5398 -0.2239
vn -0.7970 -0.5581 -0.2310
vn -0.7940 -0.6053 -0.0555
vn -0.1484 0.3472 -0.9260
vn -0.1465 0.6054 -0.7823
vn 0.0805 0.6104 -0.7880
vn 0.0813 0.3503 -0.9331
vn -0.8171 -0.1511 -0.5563
vn -0.8027 -0.1563 -0.5755
vn -0.8006 0.5991 0.0002
vn -0.7996 0.5761 0.1696
vn -0.7887 0.5898 0.1735
vn -0.7882 0.6154 0.0003
vn -0.8114 0.0710 0.5802
vn -0.7982 0.0730 0.5979
vn -0.1521 0.3481 -0.9250
vn -0.1535 0.0434 -0.9872
vn -0.1502 0.6061 -0.7810
vn -0.8173 0.0251 -0.5757
vn -0.8137 0.2045 -0.5441
vn -0.7989 0.2120 -0.5628
vn -0.8018 0.0264 -0.5971
vn -0.8022 0.5091 0.3118
vn -0.7916 0.5213 0.3189
vn -0.8050 0.4838 -0.3434
vn -0.8029 0.5678 -0.1816
vn -0.7896 0.5845 -0.1868
vn -0.7919 0.4982 -0.3532
vn -0.8081 -0.0981 0.5808
vn -0.7956 -0.1012 0.5973
vn -0.8061 -0.5786 0.1240
vn -0.7923 -0.5966 0.1281
vn -0.8085 0.3606 -0.4650
vn -0.7952 0.3719 -0.4789
vn -0.8057 -0.5136 0.2949
vn -0.7917 -0.5298 0.3043
vn -0.1487 0.9419 -0.3012
vn -0.1491 0.8065 -0.5721
vn -0.1489 -0.7553 -0.6382
vn -0.1498 -0.5281 -0.8359
vn 0.0819 -0.5324 -0.8425
vn 0.0815 -0.7615 -0.6430
vn -0.1493 -0.4311 0.8899
vn -0.1505 -0.1650 0.9747
vn -0.1492 -0.9668 0.2074
vn -0.1490 -0.8575 0.4925
vn -0.1535 -0.2591 -0.9536
vn -0.1486 0.8435 0.5161
vn -0.1497 -0.9846 -0.0905
vn -0.1525 -0.7555 -0.6371
vn -0.1510 -0.9133 -0.3784
vn -0.1489 -0.6694 0.7278
vn -0.1532 -0.5281 -0.8352
vn -0.1514 0.6641 0.7322
vn -0.1522 0.1199 0.9811
vn -0.1527 0.4077 0.9003
vn -0.1445 0.8433 0.5176
vn -0.1469 0.6635 0.7336
vn 0.0806 0.6689 0.7390
vn 0.0796 0.8498 0.5211
vn -0.1483 0.4076 0.9010
vn -0.1480 0.1207 0.9816
vn 0.0810 0.1214 0.9893
vn 0.0811 0.4109 0.9081
vn -0.1458 -0.9851 -0.0914
vn -0.1474 -0.9133 -0.3797
vn 0.0809 -0.9205 -0.3823
vn 0.0802 -0.9925 -0.0918
vn -0.1467 -0.1641 0.9755
vn 0.0804 -0.1656 0.9829
vn -0.1454 -0.4308 0.8906
vn -0.1449 -0.6697 0.7283
vn 0.0798 -0.6747 0.7337
vn 0.0799 -0.4342 0.8973
vn 0.5331 0.5184 -0.6686
vn 0.5373 0.2967 -0.7895
vn 0.4635 0.3116 -0.8295
vn 0.4599 0.5439 -0.7019
vn -0.1498 0.0427 -0.9878
vn 0.0819 0.0432 -0.9957
vn -0.1431 0.9493 0.2799
vn 0.0791 0.9562 0.2818
vn -0.1430 0.9897 0.0002
vn 0.0791 0.9969 0.0003
vn -0.1501 -0.2591 -0.9541
vn 0.0820 -0.2612 -0.9618
vn -0.1438 0.9424 -0.3020
vn 0.0794 0.9493 -0.3040
vn -0.1449 0.8065 -0.5731
vn 0.0798 0.8127 -0.5772
vn -0.1448 -0.8581 0.4927
vn -0.1450 -0.9675 0.2071
vn 0.0798 -0.9747 0.2088
vn 0.0797 -0.8644 0.4964
vn 0.5300 0.6916 -0.4908
vn 0.4572 0.7252 -0.5149
vn 0.5403 0.0367 -0.8406
vn 0.5405 -0.2206 -0.8119
vn 0.4666 -0.2319 -0.8535
vn 0.4662 0.0385 -0.8838
vn 0.5399 -0.4498 -0.7115
vn 0.5383 -0.6441 -0.5435
vn 0.4644 -0.6767 -0.5713
vn 0.4660 -0.4727 -0.7479
vn 0.5351 -0.7803 -0.3237
vn 0.5320 -0.8431 -0.0777
vn 0.4589 -0.8847 -0.0817
vn 0.4616 -0.8193 -0.3400
vn 0.5299 -0.5741 0.6242
vn 0.5307 -0.3694 0.7629
vn 0.4581 -0.3873 0.8001
vn 0.4572 -0.6020 0.6546
vn 0.5262 0.8157 0.2402
vn 0.5267 0.8500 0.0003
vn 0.4543 0.8909 0.0003
vn 0.4541 0.8546 0.2517
vn 0.5283 0.8087 -0.2588
vn 0.4556 0.8478 -0.2714
vn 0.5305 -0.8289 0.1777
vn 0.5300 -0.7353 0.4223
vn 0.4573 -0.7712 0.4429
vn 0.4577 -0.8694 0.1863
vn 0.5360 0.1026 0.8380
vn 0.5367 0.3480 0.7687
vn 0.4635 0.3654 0.8072
vn 0.4629 0.1079 0.8798
vn 0.5330 -0.1409 0.8343
vn 0.4603 -0.1477 0.8754
vn 0.5341 0.5677 0.6265
vn 0.5286 0.7239 0.4434
vn 0.4565 0.7586 0.4649
vn 0.4611 0.5957 0.6577
vn 0.5657 0.5034 -0.6530
vn 0.5635 0.2919 -0.7728
vn 0.5115 0.3029 -0.8041
vn 0.5120 0.5253 -0.6796
vn 0.5808 0.0362 -0.8133
vn 0.5285 0.0375 -0.8481
vn 0.5889 -0.2120 -0.7799
vn 0.5359 -0.2209 -0.8148
vn 0.5595 -0.7659 -0.3166
vn 0.5688 -0.8188 -0.0769
vn 0.5146 -0.8537 -0.0801
vn 0.5071 -0.7963 -0.3299
vn 0.5885 -0.4316 -0.6837
vn 0.5781 -0.6236 -0.5262
vn 0.5254 -0.6504 -0.5486
vn 0.5355 -0.4515 -0.7138
vn 0.6497 -0.1277 0.7494
vn 0.6560 0.0916 0.7492
vn 0.5988 0.0974 0.7950
vn 0.5926 -0.1335 0.7943
vn 0.6040 0.6483 -0.4636
vn 0.5475 0.6803 -0.4873
vn 0.6194 -0.7684 0.1613
vn 0.5623 -0.8092 0.1701
vn 0.6098 0.7926 0.0008
vn 0.6220 0.7460 -0.2379
vn 0.5649 0.7862 -0.2506
vn 0.5532 0.8331 0.0007
vn 0.6441 -0.6634 0.3809
vn 0.5859 -0.7025 0.4039
vn 0.6383 -0.5223 0.5654
vn 0.5807 -0.5513 0.5990
vn 0.6512 0.3133 0.6912
vn 0.5944 0.3312 0.7328
vn 0.6416 -0.3348 0.6901
vn 0.5843 -0.3535 0.7305
vn 0.6047 0.7640 0.2251
vn 0.5484 0.8021 0.2365
vn 0.6361 0.5188 0.5712
vn 0.6148 0.6734 0.4106
vn 0.5590 0.7073 0.4327
vn 0.5797 0.5474 0.6036
vn 0.9966 0.0295 -0.0771
vn 0.9965 0.0513 -0.0654
vn 0.9965 0.0687 -0.0484
vn 0.9967 -0.0214 -0.0785
vn 0.9966 0.0038 -0.0819
vn 0.9966 -0.0633 -0.0529
vn 0.9967 -0.0438 -0.0690
vn 0.9965 -0.0836 -0.0074
vn 0.9965 -0.0770 -0.0314
vn 0.9965 -0.0366 0.0748
vn 0.9965 -0.0570 0.0617
vn 0.9964 0.0849 0.0001
vn 0.9965 0.0807 0.0235
vn 0.9964 0.0810 -0.0256
vn 0.9964 -0.0733 0.0420
vn 0.9964 -0.0825 0.0178
vn 0.9967 0.0338 0.0743
vn 0.9967 0.0096 0.0811
vn 0.9966 -0.0142 0.0811
vn 0.9966 0.0710 0.0428
vn 0.9966 0.0559 0.0608
vn 0.8976 0.0538 0.4375
vn 0.8977 0.1816 0.4014
vn 0.8254 0.2328 0.5143
vn 0.8253 0.0686 0.5606
vn 0.8974 0.2959 0.3273
vn 0.8252 0.3793 0.4185
vn 0.8967 0.3772 0.2315
vn 0.8245 0.4826 0.2955
vn 0.8964 0.4251 0.1254
vn 0.8243 0.5430 0.1599
vn 0.8964 0.4431 0.0001
vn 0.8966 0.4217 -0.1351
vn 0.8248 0.5385 -0.1723
vn 0.8246 0.5657 0.0002
vn 0.8972 -0.0732 0.4355
vn 0.8249 -0.0942 0.5573
vn 0.8971 -0.4080 -0.1696
vn 0.8967 -0.4406 -0.0409
vn 0.8244 -0.5636 -0.0520
vn 0.8245 -0.5227 -0.2168
vn 0.8977 -0.1155 -0.4252
vn 0.8976 -0.2354 -0.3727
vn 0.8248 -0.3021 -0.4779
vn 0.8249 -0.1482 -0.5456
vn 0.8977 0.0190 -0.4402
vn 0.8251 0.0247 -0.5645
vn 0.8969 -0.1926 0.3982
vn 0.8248 -0.2465 0.5089
vn 0.8967 -0.3838 0.2205
vn 0.8967 -0.2995 0.3259
vn 0.8248 -0.3827 0.4162
vn 0.8249 -0.4902 0.2815
vn 0.8967 -0.4329 0.0927
vn 0.8247 -0.5530 0.1184
vn 0.8967 0.3608 -0.2564
vn 0.8246 0.4613 -0.3275
vn 0.8970 0.2706 -0.3496
vn 0.8974 0.1549 -0.4131
vn 0.8247 0.1990 -0.5294
vn 0.8244 0.3467 -0.4473
vn 0.8974 -0.3370 -0.2847
vn 0.8248 -0.4322 -0.3646
vn 0.5309 0.2986 0.7931
vn 0.5245 0.5220 0.6726
vn 0.5353 0.0371 0.8439
vn 0.5281 -0.7846 0.3250
vn 0.5325 -0.6471 0.5457
vn 0.5341 -0.4519 0.7146
vn 0.5245 -0.1422 -0.8394
vn 0.5217 -0.3720 -0.7677
vn 0.5207 0.6964 0.4939
vn 0.5184 0.8145 0.2604
vn 0.5157 0.8568 -0.0004
vn 0.5218 -0.8341 -0.1789
vn 0.5234 -0.8485 0.0779
vn 0.5216 -0.7399 -0.4249
vn 0.5211 -0.5778 -0.6282
vn 0.5346 -0.2216 0.8155
vn 0.5288 0.1028 -0.8425
vn 0.5142 0.8228 -0.2421
vn 0.5172 0.7301 -0.4466
vn 0.5265 0.5713 -0.6296
vn 0.5302 0.3498 -0.7724
vn 0.5089 0.3024 0.8060
vn 0.5048 0.5285 0.6825
vn 0.5120 0.0373 0.8582
vn 0.5065 -0.7963 0.3308
vn 0.5100 -0.6572 0.5550
vn 0.5122 -0.4588 0.7261
vn 0.5056 -0.1433 -0.8508
vn 0.5026 -0.3766 -0.7782
vn 0.5011 0.7055 0.5012
vn 0.4984 0.8256 0.2645
vn 0.4970 0.8678 -0.0002
vn 0.5012 -0.8461 -0.1813
vn 0.5032 -0.8605 0.0797
vn 0.5007 -0.7506 -0.4311
vn 0.5011 -0.5858 -0.6370
vn 0.5131 -0.2250 0.8283
vn 0.5087 0.1049 -0.8545
vn 0.4977 0.8320 -0.2452
vn 0.5012 0.7376 -0.4525
vn 0.5058 0.5788 -0.6397
vn 0.5091 0.3548 -0.7841
vn -0.2772 0.3376 0.8995
vn -0.2748 0.5887 0.7602
vn -0.2790 0.0416 0.9594
vn -0.2759 -0.8877 0.3686
vn -0.2778 -0.7339 0.6198
vn -0.2789 -0.5130 0.8118
vn -0.2750 -0.1597 -0.9481
vn -0.2735 -0.4190 -0.8658
vn -0.2729 0.7843 0.5571
vn -0.2717 0.9165 0.2935
vn -0.2709 0.9626 -0.0003
vn -0.2731 -0.9407 -0.2015
vn -0.2740 -0.9576 0.0886
vn -0.2728 -0.8343 -0.4791
vn -0.2729 -0.6512 -0.7082
vn -0.2793 -0.2517 0.9266
vn -0.2767 0.1170 -0.9538
vn -0.2709 0.9233 -0.2721
vn -0.2725 0.8202 -0.5029
vn -0.2754 0.6451 -0.7127
vn -0.2771 0.3961 -0.8754
vn -0.7170 0.2455 0.6524
vn -0.7154 0.4283 0.5521
vn -0.7181 0.0305 0.6953
vn -0.7162 -0.6447 0.2672
vn -0.7174 -0.5326 0.4492
vn -0.7179 -0.3720 0.5884
vn -0.7151 -0.1166 -0.6892
vn -0.7142 -0.3051 -0.6299
vn -0.7141 0.5709 0.4051
vn -0.7134 0.6675 0.2135
vn -0.7128 0.7014 -0.0003
vn -0.7142 -0.6844 -0.1467
vn -0.7150 -0.6962 0.0641
vn -0.7140 -0.6072 -0.3487
vn -0.7139 -0.4740 -0.5154
vn -0.7181 -0.1824 0.6716
vn -0.7162 0.0847 -0.6928
vn -0.7127 0.6729 -0.1980
vn -0.7136 0.5975 -0.3657
vn -0.7155 0.4693 -0.5175
vn -0.7164 0.2878 -0.6355
vn -0.9634 0.0945 0.2510
vn -0.9630 0.1654 0.2130
vn -0.9637 0.0118 0.2669
vn -0.9630 -0.2491 0.1031
vn -0.9634 -0.2050 0.1728
vn -0.9637 -0.1427 0.2257
vn -0.9633 -0.0448 -0.2646
vn -0.9628 -0.1178 -0.2430
vn -0.9625 0.2212 0.1568
vn -0.9622 0.2594 0.0829
vn -0.9621 0.2726 -0.0001
vn -0.9624 -0.2656 -0.0570
vn -0.9626 -0.2698 0.0248
vn -0.9624 -0.2356 -0.1353
vn -0.9625 -0.1836 -0.1995
vn -0.9638 -0.0699 0.2572
vn -0.9637 0.0324 -0.2650
vn -0.9624 0.2607 -0.0767
vn -0.9629 0.2303 -0.1408
vn -0.9633 0.1803 -0.1987
vn -0.9638 0.1101 -0.2430
vn -0.5355 0.1027 -0.8383
vn -0.5363 0.3481 -0.7689
vn -0.5338 0.5678 -0.6266
vn -0.5283 0.7240 -0.4435
vn -0.5260 0.8158 -0.2403
vn -0.5265 0.8502 -0.0003
vn -0.5326 -0.1409 -0.8345
vn -0.5353 -0.7802 0.3236
vn -0.5321 -0.8431 0.0777
vn -0.5404 0.0367 0.8406
vn -0.5295 -0.5742 -0.6244
vn -0.5303 -0.3695 -0.7630
vn -0.5296 -0.7355 -0.4224
vn -0.5302 -0.8290 -0.1777
vn -0.5280 0.8088 0.2588
vn -0.5298 0.6916 0.4909
vn -0.5383 -0.6440 0.5435
vn -0.5374 0.2967 0.7894
vn -0.5309 0.2986 0.7931
vn -0.5245 0.5220 0.6726
vn -0.5352 0.0371 0.8439
vn -0.5281 -0.7846 0.3249
vn -0.5325 -0.6471 0.5457
vn -0.5341 -0.4519 0.7146
vn -0.5245 -0.1422 -0.8394
vn -0.5217 -0.3720 -0.7677
vn -0.5207 0.6964 0.4939
vn -0.5184 0.8145 0.2604
vn -0.5157 0.8568 -0.0004
vn -0.5218 -0.8341 -0.1789
vn -0.5234 -0.8485 0.0779
vn -0.5216 -0.7399 -0.4249
vn -0.5211 -0.5778 -0.6282
vn -0.5346 -0.2216 0.8155
vn -0.5288 0.1028 -0.8425
vn -0.5142 0.8228 -0.2421
vn -0.5172 0.7301 -0.4466
vn -0.5265 0.5713 -0.6296
vn -0.5302 0.3498 -0.7724
vn -0.5089 0.3024 0.8060
vn -0.5049 0.5285 0.6825
vn -0.5120 0.0373 0.8582
vn -0.5065 -0.7963 0.3308
vn -0.5100 -0.6572 0.5550
vn -0.5122 -0.4588 0.7261
vn -0.5056 -0.1433 -0.8508
vn -0.5026 -0.3766 -0.7782
vn -0.5011 0.7055 0.5012
vn -0.4984 0.8256 0.2645
vn -0.4970 0.8678 -0.0002
vn -0.5012 -0.8461 -0.1813
vn -0.5032 -0.8605 0.0797
vn -0.5007 -0.7506 -0.4311
vn -0.5011 -0.5858 -0.6370
vn -0.5131 -0.2250 0.8283
vn -0.5086 0.1049 -0.8546
vn -0.4977 0.8320 -0.2452
vn -0.5012 0.7376 -0.4525
vn -0.5058 0.5788 -0.6397
vn -0.5091 0.3548 -0.7841
vn 0.2772 0.3376 0.8995
vn 0.2748 0.5888 0.7602
vn 0.2790 0.0417 0.9594
vn 0.2759 -0.8877 0.3686
vn 0.2778 -0.7339 0.6198
vn 0.2789 -0.5130 0.8118
vn 0.2750 -0.1597 -0.9481
vn 0.2735 -0.4190 -0.8658
vn 0.2729 0.7843 0.5571
vn 0.2717 0.9165 0.2935
vn 0.2709 0.9626 -0.0003
vn 0.2731 -0.9407 -0.2015
vn 0.2740 -0.9576 0.0886
vn 0.2728 -0.8343 -0.4791
vn 0.2729 -0.6512 -0.7082
vn 0.2793 -0.2517 0.9266
vn 0.2767 0.1170 -0.9538
vn 0.2709 0.9233 -0.2721
vn 0.2725 0.8202 -0.5029
vn 0.2754 0.6451 -0.7127
vn 0.2771 0.3961 -0.8754
vn 0.7170 0.2454 0.6524
vn 0.7154 0.4283 0.5521
vn 0.7181 0.0305 0.6953
vn 0.7162 -0.6447 0.2672
vn 0.7173 -0.5326 0.4492
vn 0.7179 -0.3720 0.5884
vn 0.7151 -0.1166 -0.6892
vn 0.7142 -0.3051 -0.6299
vn 0.7141 0.5709 0.4051
vn 0.7134 0.6675 0.2135
vn 0.7128 0.7014 -0.0003
vn 0.7142 -0.6844 -0.1467
vn 0.7150 -0.6962 0.0641
vn 0.7140 -0.6072 -0.3487
vn 0.7139 -0.4740 -0.5154
vn 0.7181 -0.1824 0.6716
vn 0.7162 0.0847 -0.6928
vn 0.7127 0.6729 -0.1981
vn 0.7136 0.5975 -0.3657
vn 0.7155 0.4693 -0.5175
vn 0.7164 0.2878 -0.6355
vn 0.9634 0.0945 0.2510
vn 0.9630 0.1654 0.2130
vn 0.9637 0.0118 0.2669
vn 0.9630 -0.2491 0.1031
vn 0.9634 -0.2050 0.1728
vn 0.9637 -0.1427 0.2257
vn 0.9633 -0.0448 -0.2646
vn 0.9628 -0.1178 -0.2430
vn 0.9625 0.2212 0.1569
vn 0.9622 0.2594 0.0829
vn 0.9621 0.2726 -0.0001
vn 0.9624 -0.2656 -0.0570
vn 0.9626 -0.2698 0.0248
vn 0.9624 -0.2356 -0.1353
vn 0.9625 -0.1836 -0.1995
vn 0.9638 -0.0699 0.2571
vn 0.9637 0.0324 -0.2650
vn 0.9624 0.2607 -0.0767
vn 0.9629 0.2303 -0.1408
vn 0.9633 0.1803 -0.1987
vn 0.9638 0.1101 -0.2430
vn 0.5355 0.1027 -0.8382
vn 0.5363 0.3481 -0.7689
vn 0.5338 0.5678 -0.6266
vn 0.5283 0.7240 -0.4435
vn 0.5260 0.8158 -0.2403
vn 0.5265 0.8502 -0.0003
vn 0.5326 -0.1409 -0.8346
vn 0.5353 -0.7802 0.3236
vn 0.5321 -0.8431 0.0777
vn 0.5404 -0.2206 0.8120
vn 0.5404 0.0367 0.8406
vn 0.5295 -0.5742 -0.6244
vn 0.5303 -0.3695 -0.7631
vn 0.5296 -0.7355 -0.4224
vn 0.5302 -0.8290 -0.1777
vn 0.5280 0.8088 0.2588
vn 0.5298 0.6916 0.4908
vn 0.5374 0.2967 0.7894
vn 0.5309 0.2985 -0.7931
vn 0.5245 0.5220 -0.6726
vn 0.5352 0.0371 -0.8439
vn 0.5281 -0.7846 -0.3250
vn 0.5325 -0.6471 -0.5457
vn 0.5341 -0.4519 -0.7146
vn 0.5245 -0.1422 0.8394
vn 0.5217 -0.3720 0.7677
vn 0.5207 0.6964 -0.4939
vn 0.5184 0.8145 -0.2604
vn 0.5157 0.8568 0.0004
vn 0.5218 -0.8341 0.1789
vn 0.5234 -0.8485 -0.0779
vn 0.5216 -0.7399 0.4249
vn 0.5211 -0.5778 0.6282
vn 0.5346 -0.2216 -0.8155
vn 0.5288 0.1028 0.8425
vn 0.5142 0.8228 0.2421
vn 0.5172 0.7301 0.4466
vn 0.5265 0.5713 0.6296
vn 0.5302 0.3498 0.7724
vn 0.5089 0.3024 -0.8060
vn 0.5048 0.5285 -0.6825
vn 0.5120 0.0373 -0.8582
vn 0.5065 -0.7963 -0.3308
vn 0.5100 -0.6572 -0.5550
vn 0.5122 -0.4588 -0.7261
vn 0.5056 -0.1433 0.8508
vn 0.5026 -0.3766 0.7782
vn 0.5011 0.7055 -0.5012
vn 0.4984 0.8256 -0.2645
vn 0.4970 0.8678 0.0002
vn 0.5012 -0.8461 0.1813
vn 0.5032 -0.8605 -0.0797
vn 0.5008 -0.7506 0.4310
vn 0.5011 -0.5858 0.6370
vn 0.5131 -0.2250 -0.8283
vn 0.5087 0.1049 0.8545
vn 0.4977 0.8320 0.2452
vn 0.5012 0.7376 0.4525
vn 0.5058 0.5788 0.6397
vn 0.5091 0.3548 0.7841
vn -0.2772 0.3376 -0.8995
vn -0.2748 0.5887 -0.7602
vn -0.2790 0.0416 -0.9594
vn -0.2759 -0.8877 -0.3686
vn -0.2778 -0.7339 -0.6198
vn -0.2789 -0.5130 -0.8118
vn -0.2750 -0.1597 0.9481
vn -0.2735 -0.4190 0.8658
vn -0.2729 0.7843 -0.5571
vn -0.2717 0.9165 -0.2935
vn -0.2709 0.9626 0.0003
vn -0.2731 -0.9407 0.2015
vn -0.2740 -0.9576 -0.0886
vn -0.2728 -0.8343 0.4791
vn -0.2729 -0.6512 0.7082
vn -0.2793 -0.2517 -0.9266
vn -0.2767 0.1170 0.9538
vn -0.2709 0.9233 0.2721
vn -0.2725 0.8202 0.5029
vn -0.2754 0.6451 0.7127
vn -0.2771 0.3961 0.8754
vn -0.7170 0.2454 -0.6524
vn -0.7154 0.4283 -0.5521
vn -0.7181 0.0305 -0.6953
vn -0.7162 -0.6447 -0.2672
vn -0.7174 -0.5326 -0.4492
vn -0.7179 -0.3720 -0.5884
vn -0.7151 -0.1166 0.6892
vn -0.7142 -0.3051 0.6299
vn -0.7141 0.5709 -0.4051
vn -0.7134 0.6675 -0.2135
vn -0.7128 0.7014 0.0003
vn -0.7142 -0.6844 0.1467
vn -0.7150 -0.6962 -0.0641
vn -0.7140 -0.6072 0.3487
vn -0.7139 -0.4740 0.5154
vn -0.7181 -0.1824 -0.6716
vn -0.7162 0.0847 0.6928
vn -0.7127 0.6729 0.1981
vn -0.7136 0.5975 0.3657
vn -0.7155 0.4693 0.5175
vn -0.7164 0.2878 0.6355
vn -0.9634 0.0945 -0.2510
vn -0.9630 0.1654 -0.2130
vn -0.9637 0.0118 -0.2669
vn -0.9630 -0.2491 -0.1031
vn -0.9634 -0.2050 -0.1728
vn -0.9637 -0.1427 -0.2257
vn -0.9633 -0.0448 0.2646
vn -0.9628 -0.1178 0.2430
vn -0.9625 0.2212 -0.1568
vn -0.9622 0.2594 -0.0829
vn -0.9621 0.2726 0.0001
vn -0.9624 -0.2656 0.0570
vn -0.9626 -0.2698 -0.0248
vn -0.9624 -0.2356 0.1353
vn -0.9625 -0.1836 0.1995
vn -0.9638 -0.0699 -0.2572
vn -0.9637 0.0324 0.2650
vn -0.9624 0.2607 0.0767
vn -0.9629 0.2303 0.1408
vn -0.9633 0.1803 0.1987
vn -0.9638 0.1101 0.2430
vn -0.5355 0.1027 0.8383
vn -0.5363 0.3481 0.7689
vn -0.5338 0.5678 0.6266
vn -0.5283 0.7240 0.4435
vn -0.5260 0.8158 0.2403
vn -0.5265 0.8502 0.0003
vn -0.5326 -0.1409 0.8345
vn -0.5353 -0.7802 -0.3236
vn -0.5321 -0.8431 -0.0777
vn -0.5399 -0.4498 -0.7115
vn -0.5404 0.0367 -0.8406
vn -0.5295 -0.5742 0.6244
vn -0.5303 -0.3695 0.7630
vn -0.5296 -0.7355 0.4224
vn -0.5302 -0.8290 0.1777
vn -0.5280 0.8088 -0.2588
vn -0.5298 0.6916 -0.4909
vn -0.5383 -0.6440 -0.5435
vn -0.5374 0.2967 -0.7894
vn -0.5309 0.2986 -0.7931
vn -0.5245 0.5220 -0.6726
vn -0.5353 0.0371 -0.8439
vn -0.5281 -0.7846 -0.3249
vn -0.5324 -0.6471 -0.5457
vn -0.5341 -0.4519 -0.7146
vn -0.5245 -0.1422 0.8394
vn -0.5217 -0.3720 0.7677
vn -0.5207 0.6964 -0.4939
vn -0.5184 0.8145 -0.2604
vn -0.5157 0.8568 0.0004
vn -0.5218 -0.8341 0.1789
vn -0.5234 -0.8485 -0.0779
vn -0.5216 -0.7399 0.4249
vn -0.5211 -0.5778 0.6282
vn -0.5346 -0.2216 -0.8155
vn -0.5288 0.1028 0.8425
vn -0.5142 0.8228 0.2421
vn -0.5172 0.7301 0.4466
vn -0.5265 0.5713 0.6296
vn -0.5302 0.3498 0.7724
vn -0.5089 0.3024 -0.8060
vn -0.5049 0.5285 -0.6825
vn -0.5120 0.0373 -0.8582
vn -0.5065 -0.7963 -0.3308
vn -0.5100 -0.6572 -0.5550
vn -0.5122 -0.4588 -0.7261
vn -0.5056 -0.1433 0.8508
vn -0.5026 -0.3766 0.7782
vn -0.5011 0.7055 -0.5012
vn -0.4984 0.8256 -0.2645
vn -0.4970 0.8678 0.0002
vn -0.5012 -0.8461 0.1813
vn -0.5032 -0.8605 -0.0797
vn -0.5007 -0.7506 0.4311
vn -0.5011 -0.5858 0.6370
vn -0.5131 -0.2250 -0.8283
vn -0.5086 0.1049 0.8546
vn -0.4977 0.8320 0.2452
vn -0.5012 0.7376 0.4525
vn -0.5058 0.5788 0.6397
vn -0.5091 0.3548 0.7841
vn 0.2772 0.3376 -0.8995
vn 0.2748 0.5888 -0.7602
vn 0.2790 0.0417 -0.9594
vn 0.2759 -0.8877 -0.3686
vn 0.2778 -0.7339 -0.6198
vn 0.2789 -0.5130 -0.8118
vn 0.2750 -0.1597 0.9481
vn 0.2735 -0.4190 0.8658
vn 0.2729 0.7843 -0.5571
vn 0.2717 0.9165 -0.2935
vn 0.2709 0.9626 0.0003
vn 0.2731 -0.9407 0.2015
vn 0.2740 -0.9576 -0.0886
vn 0.2728 -0.8343 0.4791
vn 0.2729 -0.6512 0.7082
vn 0.2793 -0.2517 -0.9266
vn 0.2767 0.1170 0.9538
vn 0.2709 0.9233 0.2721
vn 0.2725 0.8202 0.5029
vn 0.2754 0.6451 0.7127
vn 0.2771 0.3961 0.8754
vn 0.7170 0.2454 -0.6524
vn 0.7154 0.4283 -0.5521
vn 0.7181 0.0305 -0.6953
vn 0.7162 -0.6447 -0.2672
vn 0.7173 -0.5326 -0.4492
vn 0.7179 -0.3720 -0.5884
vn 0.7151 -0.1166 0.6892
vn 0.7142 -0.3051 0.6299
vn 0.7141 0.5709 -0.4051
vn 0.7134 0.6675 -0.2135
vn 0.7128 0.7014 0.0003
vn 0.7142 -0.6844 0.1467
vn 0.7150 -0.6962 -0.0641
vn 0.7140 -0.6072 0.3487
vn 0.7139 -0.4740 0.5154
vn 0.7181 -0.1824 -0.6716
vn 0.7162 0.0847 0.6928
vn 0.7127 0.6729 0.1981
vn 0.7136 0.5975 0.3657
vn 0.7155 0.4693 0.5175
vn 0.7164 0.2878 0.6355
vn 0.9634 0.0945 -0.2510
vn 0.9630 0.1654 -0.2130
vn 0.9637 0.0118 -0.2669
vn 0.9630 -0.2491 -0.1031
vn 0.9634 -0.2050 -0.1728
vn 0.9637 -0.1427 -0.2257
vn 0.9633 -0.0448 0.2646
vn 0.9628 -0.1178 0.2430
vn 0.9625 0.2212 -0.1569
vn 0.9622 0.2594 -0.0829
vn 0.9621 0.2726 0.0001
vn 0.9624 -0.2656 0.0570
vn 0.9626 -0.2698 -0.0248
vn 0.9624 -0.2356 0.1353
vn 0.9625 -0.1836 0.1995
vn 0.9638 -0.0699 -0.2571
vn 0.9637 0.0324 0.2650
vn 0.9624 0.2607 0.0767
vn 0.9629 0.2303 0.1408
vn 0.9633 0.1803 0.1987
vn 0.9638 0.1101 0.2430
vn 0.5355 0.1027 0.8382
vn 0.5363 0.3481 0.7689
vn 0.5338 0.5678 0.6266
vn 0.5283 0.7240 0.4435
vn 0.5260 0.8158 0.2403
vn 0.5265 0.8502 0.0003
vn 0.5326 -0.1409 0.8346
vn 0.5353 -0.7802 -0.3236
vn 0.5321 -0.8431 -0.0777
vn 0.5404 -0.2206 -0.8120
vn 0.5404 0.0367 -0.8406
vn 0.5295 -0.5742 0.6244
vn 0.5303 -0.3695 0.7631
vn 0.5296 -0.7355 0.4224
vn 0.5302 -0.8290 0.1777
vn 0.5280 0.8088 -0.2588
vn 0.5298 0.6916 -0.4909
vn 0.5383 -0.6440 -0.5435
vn 0.5374 0.2967 -0.7894
vt 0.862417 0.229804
vt 0.838711 0.245295
vt 0.747972 0.228228
vt 0.990930 0.459614
vt 0.724250 0.245295
vt 0.069001 0.662757
vt 0.342322 0.899719
vt 0.069001 0.588493
vt 0.505773 0.507978
vt 0.342322 0.973983
vt 0.164110 0.568295
vt 0.838711 0.456516
vt 0.278571 0.568295
vt 0.724250 0.456516
vt 0.990930 0.670835
vt 0.613171 0.288256
vt 0.348153 0.973983
vt 0.279529 0.588493
vt 0.505773 0.333704
vt 0.348153 0.899719
vt 0.279529 0.662756
vt 0.264880 0.757218
vt 0.773252 0.479688
vt 0.554628 0.516301
vt 0.264880 0.913921
vt 0.962553 0.479688
vt 0.558371 0.525370
vt 0.293367 0.913921
vt 0.962553 0.653082
vt 0.558371 0.351977
vt 0.293367 0.757218
vt 0.773252 0.653082
vt 0.554628 0.342907
vt 0.752627 0.265369
vt 0.397526 0.967972
vt 0.978232 0.408110
vt 0.752627 0.438622
vt 0.978232 0.234857
vt 0.651520 0.954852
vt 0.838711 0.438622
vt 0.651520 0.883593
vt 0.838711 0.265369
vt 0.397526 0.896712
vt 0.756155 0.024657
vt 0.744875 0.459614
vt 0.044752 0.571394
vt 0.866509 0.026177
vt 0.044752 0.662757
vt 0.299912 0.571394
vt 0.744875 0.670835
vt 0.744167 0.234282
vt 0.613171 0.084572
vt 0.299912 0.662756
vt 0.744167 0.142919
vt 0.374103 0.899719
vt 0.709248 0.706404
vt 0.521500 0.706404
vt 0.320011 0.899719
vt 0.242569 0.913921
vt 0.579371 0.519132
vt 0.014712 0.818665
vt 0.242569 0.757218
vt 0.533628 0.510063
vt 0.014712 0.975368
vt 0.316268 0.757218
vt 0.533628 0.350470
vt 0.207505 0.975368
vt 0.316268 0.913921
vt 0.579371 0.359539
vt 0.207505 0.818665
vt 0.776995 0.482787
vt 0.419837 0.967972
vt 0.957232 0.401871
vt 0.776995 0.641721
vt 0.957232 0.242937
vt 0.628362 0.954852
vt 0.863078 0.482787
vt 0.419837 0.896712
vt 0.863078 0.641721
vt 0.628362 0.883593
vt 0.521500 0.632140
vt 0.526773 0.501739
vt 0.320011 0.973983
vt 0.374103 0.973983
vt 0.709248 0.632140
vt 0.526773 0.346322
vt 0.164110 0.525646
vt 0.587867 0.330343
vt 0.302464 0.525646
vt 0.587867 0.043120
vt 0.692646 0.252671
vt 0.692646 0.142919
vt 0.649265 0.436989
vt 0.480728 0.682722
vt 0.649265 0.513868
vt 0.485917 0.358335
vt 0.480728 0.605843
vt 0.030649 0.743913
vt 0.393783 0.972528
vt 0.493991 0.559185
vt 0.030649 0.542952
vt 0.393783 0.898990
vt 0.582814 0.557962
vt 0.164110 0.462955
vt 0.597168 0.436989
vt 0.302464 0.462955
vt 0.597168 0.551517
vt 0.528224 0.330343
vt 0.439576 0.315842
vt 0.616915 0.252671
vt 0.528224 0.043120
vt 0.451116 0.602906
vt 0.616915 0.142919
vt 0.583681 0.601081
vt 0.464791 0.682722
vt 0.746451 0.750803
vt 0.377846 0.898990
vt 0.989149 0.747461
vt 0.464791 0.605843
vt 0.747995 0.827671
vt 0.014712 0.743913
vt 0.377846 0.972528
vt 0.990627 0.820988
vt 0.014712 0.542952
vt 0.164110 0.522626
vt 0.584218 0.330343
vt 0.302464 0.522626
vt 0.584218 0.043120
vt 0.688997 0.252671
vt 0.688997 0.142919
vt 0.164110 0.473568
vt 0.541045 0.043120
vt 0.629735 0.252671
vt 0.541045 0.330343
vt 0.302464 0.473568
vt 0.629735 0.142919
vt 0.302464 0.480020
vt 0.548838 0.330343
vt 0.637529 0.142919
vt 0.164110 0.480020
vt 0.637529 0.252671
vt 0.548838 0.043120
vt 0.566528 0.348247
vt 0.313348 0.501323
vt 0.663263 0.142919
vt 0.164110 0.501323
vt 0.566528 0.025506
vt 0.663263 0.261090
vt 0.976862 0.231380
vt 0.485972 0.809235
vt 0.953171 0.245295
vt 0.069001 0.737020
vt 0.459316 0.780431
vt 0.342322 0.825456
vt 0.049649 0.568295
vt 0.953172 0.456516
vt 0.741132 0.809235
vt 0.439533 0.288256
vt 0.348153 0.825455
vt 0.279529 0.737020
vt 0.459316 0.606157
vt 0.268623 0.757218
vt 0.517757 0.629041
vt 0.014712 0.798182
vt 0.268623 0.913921
vt 0.517757 0.785744
vt 0.014712 0.795084
vt 0.238826 0.965242
vt 0.719685 0.785744
vt 0.216640 0.795084
vt 0.238826 0.808539
vt 0.719685 0.629041
vt 0.216640 0.798182
vt 0.924794 0.265369
vt 0.397526 0.825453
vt 0.225069 0.774602
vt 0.924794 0.438622
vt 0.015774 0.774602
vt 0.651520 0.812333
vt 0.976862 0.027696
vt 0.485972 0.605551
vt 0.044752 0.754119
vt 0.299912 0.754119
vt 0.741132 0.605551
vt 0.744167 0.051556
vt 0.439533 0.084572
vt 0.289623 0.913921
vt 0.014712 0.777700
vt 0.624619 0.812333
vt 0.289623 0.757218
vt 0.014712 0.815567
vt 0.624619 0.969036
vt 0.215924 0.808539
vt 0.207504 0.815567
vt 0.431827 0.969036
vt 0.215924 0.965242
vt 0.207505 0.777700
vt 0.431827 0.812333
vt 0.949161 0.482787
vt 0.419837 0.825453
vt 0.217533 0.757218
vt 0.949161 0.641721
vt 0.025536 0.757218
vt 0.628362 0.812333
vt 0.521500 0.780667
vt 0.438315 0.774193
vt 0.320011 0.825456
vt 0.374103 0.825455
vt 0.709248 0.780667
vt 0.438315 0.618775
vt 0.464838 0.330343
vt 0.025757 0.525646
vt 0.464838 0.043120
vt 0.692646 0.033168
vt 0.649265 0.360109
vt 0.671637 0.355778
vt 0.480728 0.759602
vt 0.305940 0.728974
vt 0.393783 0.825453
vt 0.671637 0.556739
vt 0.305940 0.528013
vt 0.025757 0.462955
vt 0.597168 0.322460
vt 0.524481 0.330343
vt 0.716245 0.312032
vt 0.616915 0.033168
vt 0.524481 0.043120
vt 0.716245 0.599256
vt 0.464791 0.759602
vt 0.744906 0.673934
vt 0.321877 0.728974
vt 0.377846 0.825453
vt 0.987672 0.673934
vt 0.321877 0.528013
vt 0.468487 0.330343
vt 0.025757 0.522626
vt 0.468487 0.043120
vt 0.688997 0.033168
vt 0.511660 0.043120
vt 0.629735 0.033168
vt 0.511660 0.330343
vt 0.025757 0.473568
vt 0.025757 0.480020
vt 0.503866 0.330343
vt 0.637529 0.033168
vt 0.503866 0.043120
vt 0.486177 0.348247
vt 0.014873 0.501323
vt 0.486177 0.025506
vt 0.663263 0.024749
vt 0.826695 0.859169
vt 0.827166 0.889182
vt 0.826695 0.879191
vt 0.827167 0.849181
vt 0.901813 0.875330
vt 0.901810 0.863027
vt 0.900548 0.867108
vt 0.900548 0.871249
vt 0.826820 0.838792
vt 0.846538 0.844223
vt 0.859138 0.848147
vt 0.870273 0.851784
vt 0.878221 0.854481
vt 0.876794 0.864339
vt 0.868939 0.863407
vt 0.857704 0.862131
vt 0.844843 0.860777
vt 0.824855 0.859016
vt 0.826825 0.899574
vt 0.846543 0.894140
vt 0.859144 0.890214
vt 0.870277 0.886572
vt 0.878225 0.883876
vt 0.824855 0.879342
vt 0.844843 0.877582
vt 0.857705 0.876226
vt 0.868941 0.874948
vt 0.876796 0.874016
vt 0.903057 0.861049
vt 0.903060 0.877308
vt 0.900410 0.869178
vt 0.828939 0.839321
vt 0.826668 0.869179
vt 0.824920 0.869178
vt 0.844863 0.869179
vt 0.857735 0.869178
vt 0.868959 0.869177
vt 0.876771 0.869178
vt 0.830715 0.909316
vt 0.830706 0.829047
vt 0.849497 0.902287
vt 0.849487 0.836079
vt 0.861938 0.896847
vt 0.861931 0.841516
vt 0.873282 0.891956
vt 0.873280 0.846398
vt 0.880475 0.888699
vt 0.880471 0.849659
vt 0.828943 0.899044
vt 0.831677 0.829382
vt 0.831686 0.908980
vt 0.900992 0.865046
vt 0.900994 0.873311
vt 0.825170 0.889508
vt 0.845127 0.885930
vt 0.857918 0.883264
vt 0.869164 0.880764
vt 0.877110 0.878928
vt 0.825173 0.848855
vt 0.845125 0.852432
vt 0.857916 0.855095
vt 0.869161 0.857593
vt 0.877108 0.859428
vt 0.017482 0.748113
vt 0.893197 0.859759
vt 0.893200 0.878599
vt 0.891654 0.872322
vt 0.891653 0.866035
vt 0.894714 0.856655
vt 0.894717 0.881703
vt 0.891514 0.869178
vt 0.892155 0.875477
vt 0.892153 0.862881
vt 0.834917 0.840965
vt 0.832775 0.859693
vt 0.834922 0.897399
vt 0.832775 0.878667
vt 0.836998 0.831638
vt 0.837006 0.906722
vt 0.832716 0.869179
vt 0.833235 0.850246
vt 0.833236 0.888117
vt 0.883697 0.865126
vt 0.885258 0.856915
vt 0.885262 0.881442
vt 0.883698 0.873230
vt 0.887011 0.885573
vt 0.887007 0.852785
vt 0.883605 0.869179
vt 0.884135 0.877332
vt 0.884133 0.861025
vt 0.874351 0.944155
vt 0.874822 0.914142
vt 0.874350 0.924133
vt 0.874822 0.954143
vt 0.949468 0.927994
vt 0.949466 0.940297
vt 0.948203 0.936216
vt 0.948204 0.932075
vt 0.874476 0.964532
vt 0.894194 0.959101
vt 0.906794 0.955177
vt 0.917929 0.951540
vt 0.925877 0.948843
vt 0.924450 0.938985
vt 0.916595 0.939916
vt 0.905360 0.941193
vt 0.892499 0.942546
vt 0.872511 0.944307
vt 0.874481 0.903750
vt 0.894199 0.909184
vt 0.906800 0.913110
vt 0.917933 0.916752
vt 0.925881 0.919448
vt 0.872511 0.923981
vt 0.892499 0.925742
vt 0.905361 0.927098
vt 0.916597 0.928376
vt 0.924452 0.929308
vt 0.950713 0.942275
vt 0.950716 0.926016
vt 0.948066 0.934146
vt 0.876594 0.964003
vt 0.874324 0.934145
vt 0.872576 0.934145
vt 0.892519 0.934145
vt 0.905391 0.934146
vt 0.916615 0.934147
vt 0.924427 0.934146
vt 0.878371 0.894008
vt 0.878362 0.974277
vt 0.897153 0.901037
vt 0.897144 0.967245
vt 0.909595 0.906477
vt 0.909586 0.961807
vt 0.920938 0.911368
vt 0.920936 0.956926
vt 0.928131 0.914625
vt 0.928127 0.953665
vt 0.876598 0.904280
vt 0.879333 0.973942
vt 0.879342 0.894343
vt 0.948648 0.938278
vt 0.948650 0.930013
vt 0.872826 0.913815
vt 0.892783 0.917394
vt 0.905575 0.920059
vt 0.916820 0.922561
vt 0.924766 0.924396
vt 0.872828 0.954468
vt 0.892781 0.950892
vt 0.905572 0.948229
vt 0.916817 0.945731
vt 0.924764 0.943896
vt 0.016036 0.514927
vt 0.940852 0.943565
vt 0.940856 0.924725
vt 0.939310 0.931002
vt 0.939308 0.937289
vt 0.942369 0.946669
vt 0.942373 0.921621
vt 0.939170 0.934146
vt 0.939810 0.927847
vt 0.939809 0.940444
vt 0.882573 0.962359
vt 0.880431 0.943631
vt 0.882578 0.905925
vt 0.880431 0.924656
vt 0.884654 0.971686
vt 0.884662 0.896601
vt 0.880372 0.934145
vt 0.880891 0.953078
vt 0.880892 0.915207
vt 0.931353 0.938197
vt 0.932914 0.946409
vt 0.932918 0.921882
vt 0.931354 0.930094
vt 0.934667 0.917751
vt 0.934663 0.950539
vt 0.931261 0.934146
vt 0.931791 0.925992
vt 0.931788 0.942299
vt 0.800220 0.402618
vt 0.800691 0.372604
vt 0.800220 0.382596
vt 0.800692 0.412605
vt 0.875338 0.386456
vt 0.875335 0.398759
vt 0.874073 0.394678
vt 0.874073 0.390537
vt 0.800346 0.422994
vt 0.820063 0.417564
vt 0.832664 0.413639
vt 0.843799 0.410002
vt 0.851746 0.407305
vt 0.850320 0.397447
vt 0.842465 0.398379
vt 0.831229 0.399656
vt 0.818368 0.401009
vt 0.798381 0.402770
vt 0.800350 0.362212
vt 0.820068 0.367646
vt 0.832669 0.371572
vt 0.843802 0.375214
vt 0.851750 0.377910
vt 0.798381 0.382444
vt 0.818369 0.384204
vt 0.831231 0.385560
vt 0.842466 0.386838
vt 0.850321 0.387770
vt 0.876582 0.400737
vt 0.876585 0.384478
vt 0.873936 0.392608
vt 0.802464 0.422465
vt 0.800194 0.392608
vt 0.798446 0.392608
vt 0.818388 0.392608
vt 0.831261 0.392609
vt 0.842484 0.392609
vt 0.850296 0.392608
vt 0.804240 0.352470
vt 0.804232 0.432739
vt 0.823022 0.359499
vt 0.823013 0.425708
vt 0.835464 0.364940
vt 0.835456 0.420270
vt 0.846807 0.369830
vt 0.846806 0.415388
vt 0.854001 0.373088
vt 0.853996 0.412127
vt 0.802467 0.362743
vt 0.805203 0.432404
vt 0.805211 0.352806
vt 0.874518 0.396740
vt 0.874519 0.388475
vt 0.798695 0.372278
vt 0.818653 0.375857
vt 0.831444 0.378522
vt 0.842689 0.381023
vt 0.850636 0.382858
vt 0.798698 0.412931
vt 0.818651 0.409355
vt 0.831441 0.406692
vt 0.842687 0.404193
vt 0.850633 0.402358
vt 0.016035 0.753411
vt 0.866722 0.402027
vt 0.866725 0.383187
vt 0.865179 0.389465
vt 0.865178 0.395751
vt 0.868239 0.405131
vt 0.868242 0.380083
vt 0.865039 0.392608
vt 0.865680 0.386309
vt 0.865678 0.398906
vt 0.808443 0.420821
vt 0.806300 0.402093
vt 0.808447 0.364388
vt 0.806300 0.383119
vt 0.810524 0.430148
vt 0.810531 0.355064
vt 0.806241 0.392607
vt 0.806760 0.411541
vt 0.806761 0.373669
vt 0.857222 0.396660
vt 0.858784 0.404871
vt 0.858787 0.380344
vt 0.857223 0.388557
vt 0.860536 0.376213
vt 0.860532 0.409001
vt 0.857131 0.392608
vt 0.857660 0.384454
vt 0.857658 0.400761
vt 0.804730 0.299112
vt 0.805201 0.329125
vt 0.804729 0.319134
vt 0.805202 0.289125
vt 0.879847 0.315274
vt 0.879845 0.302971
vt 0.878582 0.307052
vt 0.878583 0.311193
vt 0.804855 0.278735
vt 0.824573 0.284166
vt 0.837173 0.288091
vt 0.848308 0.291728
vt 0.856256 0.294425
vt 0.854829 0.304283
vt 0.846974 0.303351
vt 0.835739 0.302074
vt 0.822877 0.300721
vt 0.802890 0.298960
vt 0.804859 0.339517
vt 0.824577 0.334084
vt 0.837178 0.330158
vt 0.848311 0.326516
vt 0.856259 0.323820
vt 0.802890 0.319286
vt 0.822878 0.317526
vt 0.835740 0.316170
vt 0.846976 0.314892
vt 0.854830 0.313960
vt 0.881092 0.300993
vt 0.881095 0.317252
vt 0.878445 0.309122
vt 0.806973 0.279264
vt 0.804703 0.309122
vt 0.802955 0.309122
vt 0.822898 0.309122
vt 0.835770 0.309121
vt 0.846994 0.309121
vt 0.854806 0.309122
vt 0.808749 0.349259
vt 0.808741 0.268991
vt 0.827532 0.342231
vt 0.827522 0.276022
vt 0.839973 0.336790
vt 0.839966 0.281460
vt 0.851317 0.331899
vt 0.851315 0.286342
vt 0.858510 0.328642
vt 0.858506 0.289603
vt 0.806977 0.338987
vt 0.809712 0.269326
vt 0.809720 0.348924
vt 0.879027 0.304990
vt 0.879029 0.313255
vt 0.803205 0.329452
vt 0.823162 0.325873
vt 0.835953 0.323208
vt 0.847199 0.320707
vt 0.855145 0.318872
vt 0.803208 0.288799
vt 0.823160 0.292375
vt 0.835951 0.295038
vt 0.847196 0.297536
vt 0.855142 0.299372
vt 0.016040 0.483394
vt 0.871232 0.299703
vt 0.871235 0.318543
vt 0.869688 0.312265
vt 0.869687 0.305979
vt 0.872748 0.296599
vt 0.872752 0.321647
vt 0.869548 0.309122
vt 0.870189 0.315421
vt 0.870188 0.302824
vt 0.812952 0.280909
vt 0.810810 0.299636
vt 0.812956 0.337342
vt 0.810810 0.318611
vt 0.815033 0.271582
vt 0.815040 0.346666
vt 0.810751 0.309122
vt 0.811270 0.290189
vt 0.811270 0.328061
vt 0.861732 0.305070
vt 0.863293 0.296859
vt 0.863297 0.321386
vt 0.861733 0.313173
vt 0.865045 0.325517
vt 0.865042 0.292729
vt 0.861640 0.309122
vt 0.862170 0.317276
vt 0.862167 0.300969
vt 0.908510 0.871381
vt 0.017031 0.747215
vt 0.016921 0.747023
vt 0.910095 0.870956
vt 0.016399 0.747739
vt 0.908993 0.872435
vt 0.016168 0.747646
vt 0.910508 0.871828
vt 0.017930 0.749009
vt 0.908509 0.866975
vt 0.910095 0.867399
vt 0.018041 0.749198
vt 0.908991 0.865921
vt 0.017031 0.749009
vt 0.016921 0.749201
vt 0.910507 0.866528
vt 0.908134 0.869176
vt 0.018564 0.747742
vt 0.018805 0.747671
vt 0.909776 0.869165
vt 0.017928 0.747216
vt 0.908227 0.870289
vt 0.018014 0.747016
vt 0.909862 0.870095
vt 0.910936 0.865684
vt 0.910939 0.872672
vt 0.016398 0.748483
vt 0.911051 0.865768
vt 0.016157 0.748552
vt 0.911054 0.872589
vt 0.908227 0.868067
vt 0.018563 0.748485
vt 0.909861 0.868260
vt 0.018794 0.748576
vt 0.017051 0.747252
vt 0.017187 0.747524
vt 0.017097 0.747345
vt 0.016771 0.747870
vt 0.016443 0.747756
vt 0.016555 0.747795
vt 0.017775 0.748701
vt 0.017911 0.748973
vt 0.017865 0.748881
vt 0.017051 0.748974
vt 0.017187 0.748703
vt 0.017097 0.748882
vt 0.018519 0.747756
vt 0.018193 0.747869
vt 0.018408 0.747795
vt 0.017776 0.747525
vt 0.017911 0.747253
vt 0.017865 0.747345
vt 0.016443 0.748470
vt 0.016771 0.748359
vt 0.016555 0.748433
vt 0.018519 0.748469
vt 0.018191 0.748355
vt 0.018407 0.748430
vt 0.015587 0.515826
vt 0.956166 0.931944
vt 0.957751 0.932369
vt 0.015502 0.516026
vt 0.956649 0.930890
vt 0.014953 0.515299
vt 0.958165 0.931496
vt 0.014712 0.515368
vt 0.956165 0.936349
vt 0.016484 0.514032
vt 0.016595 0.513840
vt 0.957750 0.935925
vt 0.015586 0.514032
vt 0.956647 0.937403
vt 0.958163 0.936796
vt 0.015476 0.513838
vt 0.017119 0.515297
vt 0.955790 0.934148
vt 0.957433 0.934162
vt 0.017361 0.515367
vt 0.955883 0.933035
vt 0.016483 0.515824
vt 0.957518 0.933229
vt 0.016569 0.516024
vt 0.014952 0.514556
vt 0.958592 0.937640
vt 0.958595 0.930652
vt 0.958707 0.937557
vt 0.958710 0.930735
vt 0.014712 0.514485
vt 0.017118 0.514555
vt 0.955883 0.935259
vt 0.017348 0.514463
vt 0.957517 0.935064
vt 0.015740 0.515518
vt 0.015604 0.515789
vt 0.015650 0.515697
vt 0.014997 0.515285
vt 0.015325 0.515172
vt 0.015108 0.515247
vt 0.016465 0.514068
vt 0.016329 0.514340
vt 0.016418 0.514162
vt 0.015741 0.514340
vt 0.015605 0.514068
vt 0.015651 0.514161
vt 0.016746 0.515171
vt 0.017074 0.515283
vt 0.016962 0.515245
vt 0.016465 0.515788
vt 0.016329 0.515516
vt 0.016418 0.515695
vt 0.015325 0.514684
vt 0.014998 0.514571
vt 0.015109 0.514610
vt 0.016746 0.514684
vt 0.017074 0.514571
vt 0.016962 0.514610
vt 0.016482 0.752512
vt 0.882035 0.390405
vt 0.883620 0.390831
vt 0.016567 0.752311
vt 0.882518 0.389351
vt 0.017119 0.753038
vt 0.884034 0.389958
vt 0.017362 0.752967
vt 0.882034 0.394811
vt 0.015589 0.754306
vt 0.015479 0.754496
vt 0.883620 0.394387
vt 0.016487 0.754306
vt 0.882516 0.395865
vt 0.884032 0.395258
vt 0.016598 0.754497
vt 0.014954 0.753041
vt 0.881659 0.392610
vt 0.883302 0.392622
vt 0.014712 0.752969
vt 0.881752 0.391497
vt 0.015588 0.752513
vt 0.883387 0.391691
vt 0.015502 0.752314
vt 0.017121 0.753781
vt 0.884461 0.396102
vt 0.884465 0.389114
vt 0.884576 0.396018
vt 0.884580 0.389197
vt 0.017362 0.753850
vt 0.014955 0.753784
vt 0.881752 0.393720
vt 0.014724 0.753875
vt 0.883386 0.393526
vt 0.016329 0.752820
vt 0.016465 0.752548
vt 0.016419 0.752641
vt 0.017074 0.753053
vt 0.016746 0.753167
vt 0.016962 0.753092
vt 0.015608 0.754271
vt 0.015743 0.754000
vt 0.015654 0.754179
vt 0.016331 0.754000
vt 0.016467 0.754271
vt 0.016421 0.754179
vt 0.015325 0.753168
vt 0.014998 0.753055
vt 0.015110 0.753094
vt 0.015605 0.752550
vt 0.015741 0.752821
vt 0.015652 0.752643
vt 0.016746 0.753655
vt 0.017075 0.753767
vt 0.016963 0.753729
vt 0.015326 0.753655
vt 0.014999 0.753768
vt 0.015111 0.753730
vt 0.886544 0.311324
vt 0.016488 0.484293
vt 0.016598 0.484483
vt 0.888130 0.310899
vt 0.017122 0.483770
vt 0.887028 0.312379
vt 0.017354 0.483860
vt 0.888543 0.311772
vt 0.015594 0.482498
vt 0.886544 0.306919
vt 0.888129 0.307343
vt 0.015484 0.482305
vt 0.887026 0.305865
vt 0.016493 0.482500
vt 0.016603 0.482308
vt 0.888542 0.306471
vt 0.886169 0.309120
vt 0.014956 0.483762
vt 0.014714 0.483830
vt 0.887812 0.309106
vt 0.015591 0.484290
vt 0.886262 0.310233
vt 0.015505 0.484491
vt 0.887897 0.310039
vt 0.888971 0.305628
vt 0.888974 0.312616
vt 0.017124 0.483026
vt 0.889086 0.305712
vt 0.017365 0.482954
vt 0.889089 0.312533
vt 0.886262 0.308010
vt 0.014959 0.483020
vt 0.887896 0.308204
vt 0.014729 0.482928
vt 0.016468 0.484257
vt 0.016333 0.483985
vt 0.016422 0.484165
vt 0.016750 0.483641
vt 0.017078 0.483754
vt 0.016966 0.483716
vt 0.015748 0.482807
vt 0.015613 0.482534
vt 0.015659 0.482628
vt 0.016473 0.482536
vt 0.016336 0.482808
vt 0.016426 0.482630
vt 0.015001 0.483748
vt 0.015329 0.483637
vt 0.015113 0.483711
vt 0.015744 0.483982
vt 0.015608 0.484253
vt 0.015654 0.484160
vt 0.017079 0.483040
vt 0.016751 0.483153
vt 0.016967 0.483080
vt 0.015003 0.483037
vt 0.015330 0.483151
vt 0.015115 0.483077
vt 0.825978 0.889387
vt 0.827834 0.894141
vt 0.825979 0.848976
vt 0.826826 0.854168
vt 0.902374 0.862048
vt 0.900444 0.870214
vt 0.901351 0.864027
vt 0.901353 0.874330
vt 0.897472 0.861353
vt 0.826665 0.874185
vt 0.897475 0.877005
vt 0.896027 0.871801
vt 0.825513 0.869179
vt 0.840274 0.842435
vt 0.852912 0.846165
vt 0.865046 0.850062
vt 0.874557 0.853227
vt 0.880193 0.864731
vt 0.873196 0.863912
vt 0.863683 0.862802
vt 0.851378 0.861442
vt 0.825523 0.859069
vt 0.827753 0.839000
vt 0.840279 0.895928
vt 0.852917 0.892198
vt 0.865050 0.888296
vt 0.874561 0.885130
vt 0.830472 0.834464
vt 0.838342 0.878183
vt 0.851379 0.876916
vt 0.863684 0.875554
vt 0.873197 0.874444
vt 0.824888 0.874260
vt 0.844850 0.873384
vt 0.857721 0.872702
vt 0.868948 0.872059
vt 0.876771 0.871591
vt 0.825997 0.894541
vt 0.845638 0.890062
vt 0.858353 0.886763
vt 0.869566 0.883681
vt 0.877533 0.881408
vt 0.828763 0.833920
vt 0.847884 0.840200
vt 0.860345 0.844773
vt 0.871389 0.848964
vt 0.879217 0.852050
vt 0.825014 0.853936
vt 0.844900 0.856594
vt 0.857737 0.858609
vt 0.868983 0.860506
vt 0.876885 0.861894
vt 0.902377 0.876310
vt 0.900444 0.868143
vt 0.831201 0.909148
vt 0.831192 0.829215
vt 0.827833 0.844223
vt 0.824888 0.864097
vt 0.844850 0.864974
vt 0.857721 0.865654
vt 0.868947 0.866296
vt 0.876770 0.866764
vt 0.828770 0.904445
vt 0.847891 0.898164
vt 0.860351 0.893589
vt 0.871393 0.889392
vt 0.879221 0.886307
vt 0.876879 0.890327
vt 0.876876 0.848029
vt 0.867610 0.894401
vt 0.867605 0.843957
vt 0.855718 0.899567
vt 0.855709 0.838798
vt 0.843252 0.904505
vt 0.843243 0.833858
vt 0.825523 0.879291
vt 0.873199 0.869177
vt 0.863710 0.869177
vt 0.851413 0.869178
vt 0.838318 0.869179
vt 0.830478 0.903900
vt 0.898889 0.879506
vt 0.898885 0.858852
vt 0.895881 0.869178
vt 0.826825 0.884193
vt 0.826665 0.864173
vt 0.900728 0.866075
vt 0.900729 0.872283
vt 0.825013 0.884425
vt 0.844901 0.881766
vt 0.857738 0.879749
vt 0.868986 0.877850
vt 0.876887 0.876462
vt 0.825996 0.843824
vt 0.845635 0.848300
vt 0.858350 0.851598
vt 0.869563 0.854676
vt 0.877530 0.856949
vt 0.873455 0.858581
vt 0.863891 0.856408
vt 0.851609 0.853746
vt 0.838718 0.851227
vt 0.828956 0.859364
vt 0.873458 0.879775
vt 0.863893 0.881950
vt 0.851611 0.884615
vt 0.838720 0.887135
vt 0.827757 0.899365
vt 0.896519 0.874424
vt 0.896518 0.863934
vt 0.889099 0.858274
vt 0.889102 0.880084
vt 0.887521 0.872798
vt 0.896026 0.866556
vt 0.890860 0.854720
vt 0.890864 0.883638
vt 0.887400 0.869179
vt 0.888001 0.876448
vt 0.887999 0.861909
vt 0.891847 0.864458
vt 0.892597 0.877049
vt 0.891547 0.870749
vt 0.893954 0.858234
vt 0.891546 0.867608
vt 0.891848 0.873899
vt 0.893957 0.880124
vt 0.892595 0.861309
vt 0.831186 0.839942
vt 0.838341 0.860177
vt 0.831190 0.898423
vt 0.828956 0.878996
vt 0.834338 0.830510
vt 0.834346 0.907851
vt 0.828905 0.869179
vt 0.829438 0.849578
vt 0.829438 0.888785
vt 0.833871 0.892794
vt 0.832910 0.854959
vt 0.832726 0.873924
vt 0.836326 0.836426
vt 0.833868 0.845569
vt 0.836332 0.901937
vt 0.832910 0.883402
vt 0.832726 0.864434
vt 0.887520 0.865559
vt 0.881695 0.855677
vt 0.881699 0.882681
vt 0.880194 0.873625
vt 0.883743 0.887136
vt 0.883739 0.851222
vt 0.880136 0.869178
vt 0.880571 0.878138
vt 0.880569 0.860218
vt 0.884586 0.858962
vt 0.886152 0.883466
vt 0.883854 0.875274
vt 0.883624 0.867157
vt 0.886148 0.854892
vt 0.883625 0.871200
vt 0.884589 0.879395
vt 0.883852 0.863082
vt 0.873634 0.913937
vt 0.875490 0.909183
vt 0.873635 0.954348
vt 0.874482 0.949156
vt 0.950030 0.941276
vt 0.948100 0.933111
vt 0.949006 0.939297
vt 0.949008 0.928994
vt 0.945127 0.941971
vt 0.874321 0.929139
vt 0.945130 0.926319
vt 0.943683 0.931523
vt 0.873169 0.934145
vt 0.887930 0.960888
vt 0.900568 0.957159
vt 0.912702 0.953261
vt 0.922213 0.950097
vt 0.927849 0.938593
vt 0.920852 0.939412
vt 0.911339 0.940522
vt 0.899034 0.941882
vt 0.873179 0.944255
vt 0.875409 0.964324
vt 0.887935 0.907396
vt 0.900574 0.911126
vt 0.912707 0.915028
vt 0.922217 0.918194
vt 0.878128 0.968860
vt 0.885998 0.925141
vt 0.899035 0.926408
vt 0.911340 0.927770
vt 0.920854 0.928880
vt 0.872544 0.929063
vt 0.892506 0.929940
vt 0.905377 0.930622
vt 0.916604 0.931265
vt 0.924427 0.931733
vt 0.873653 0.908783
vt 0.893294 0.913262
vt 0.906009 0.916561
vt 0.917222 0.919643
vt 0.925190 0.921916
vt 0.876419 0.969404
vt 0.895540 0.963124
vt 0.908001 0.958551
vt 0.919045 0.954360
vt 0.926873 0.951274
vt 0.872670 0.949388
vt 0.892556 0.946730
vt 0.905393 0.944715
vt 0.916639 0.942818
vt 0.924541 0.941430
vt 0.950033 0.927015
vt 0.948100 0.935181
vt 0.878857 0.894176
vt 0.878847 0.974109
vt 0.875489 0.959100
vt 0.872544 0.939226
vt 0.892506 0.938349
vt 0.905377 0.937670
vt 0.916603 0.937028
vt 0.924426 0.936560
vt 0.876426 0.898879
vt 0.895547 0.905160
vt 0.908007 0.909735
vt 0.919049 0.913931
vt 0.926877 0.917017
vt 0.924535 0.912997
vt 0.924532 0.955295
vt 0.915267 0.908923
vt 0.915261 0.959367
vt 0.903374 0.903757
vt 0.903365 0.964526
vt 0.890908 0.898819
vt 0.890899 0.969466
vt 0.873179 0.924033
vt 0.920855 0.934147
vt 0.911366 0.934146
vt 0.899069 0.934146
vt 0.885974 0.934145
vt 0.878134 0.899424
vt 0.946545 0.923819
vt 0.946541 0.944472
vt 0.943536 0.934146
vt 0.874481 0.919131
vt 0.874321 0.939151
vt 0.948384 0.937250
vt 0.948385 0.931042
vt 0.872669 0.918899
vt 0.892557 0.921558
vt 0.905395 0.923575
vt 0.916642 0.925474
vt 0.924543 0.926862
vt 0.873652 0.959500
vt 0.893291 0.955024
vt 0.906005 0.951726
vt 0.917219 0.948648
vt 0.925186 0.946375
vt 0.921111 0.944743
vt 0.911547 0.946916
vt 0.899265 0.949578
vt 0.886375 0.952097
vt 0.876612 0.943960
vt 0.921114 0.923549
vt 0.911550 0.921374
vt 0.899267 0.918709
vt 0.886376 0.916189
vt 0.875413 0.903958
vt 0.944175 0.928900
vt 0.944173 0.939391
vt 0.936755 0.945050
vt 0.936758 0.923240
vt 0.935177 0.930526
vt 0.943682 0.936769
vt 0.938516 0.948604
vt 0.938520 0.919686
vt 0.935056 0.934145
vt 0.935657 0.926876
vt 0.935655 0.941415
vt 0.939503 0.938866
vt 0.940253 0.926275
vt 0.939203 0.932575
vt 0.941609 0.945090
vt 0.939202 0.935716
vt 0.939504 0.929425
vt 0.941613 0.923200
vt 0.940250 0.942015
vt 0.878842 0.963382
vt 0.885998 0.943147
vt 0.878846 0.904901
vt 0.876612 0.924328
vt 0.881994 0.972814
vt 0.882002 0.895472
vt 0.876561 0.934145
vt 0.877094 0.953746
vt 0.877094 0.914538
vt 0.881527 0.910529
vt 0.880566 0.948364
vt 0.880382 0.929399
vt 0.883982 0.966898
vt 0.881524 0.957754
vt 0.883988 0.901386
vt 0.880566 0.919922
vt 0.880382 0.938890
vt 0.935176 0.937766
vt 0.929351 0.947647
vt 0.929355 0.920643
vt 0.927850 0.929699
vt 0.931399 0.916188
vt 0.931395 0.952102
vt 0.927792 0.934146
vt 0.928228 0.925186
vt 0.928225 0.943106
vt 0.932242 0.944362
vt 0.933808 0.919858
vt 0.931510 0.928050
vt 0.931280 0.936167
vt 0.933804 0.948432
vt 0.931281 0.932124
vt 0.932245 0.923929
vt 0.931508 0.940242
vt 0.799503 0.372399
vt 0.801359 0.367645
vt 0.799505 0.412810
vt 0.800352 0.407618
vt 0.875899 0.399738
vt 0.873969 0.391573
vt 0.874876 0.397759
vt 0.874878 0.387456
vt 0.870997 0.400433
vt 0.800190 0.387601
vt 0.871000 0.384781
vt 0.869552 0.389985
vt 0.799038 0.392608
vt 0.813799 0.419351
vt 0.826438 0.415621
vt 0.838571 0.411724
vt 0.848083 0.408560
vt 0.853718 0.397055
vt 0.846721 0.397875
vt 0.837208 0.398984
vt 0.824903 0.400344
vt 0.799048 0.402718
vt 0.801278 0.422787
vt 0.813804 0.365858
vt 0.826443 0.369589
vt 0.838576 0.373490
vt 0.848086 0.376657
vt 0.803997 0.427322
vt 0.811867 0.383603
vt 0.824904 0.384871
vt 0.837209 0.386232
vt 0.846723 0.387342
vt 0.798413 0.387526
vt 0.818376 0.388403
vt 0.831247 0.389084
vt 0.842473 0.389727
vt 0.850296 0.390195
vt 0.799522 0.367245
vt 0.819163 0.371724
vt 0.831878 0.375024
vt 0.843091 0.378106
vt 0.851059 0.380378
vt 0.802289 0.427867
vt 0.821410 0.421586
vt 0.833870 0.417013
vt 0.844915 0.412822
vt 0.852742 0.409736
vt 0.798539 0.407850
vt 0.818425 0.405192
vt 0.831262 0.403177
vt 0.842509 0.401280
vt 0.850411 0.399892
vt 0.875902 0.385477
vt 0.873969 0.393644
vt 0.804726 0.352638
vt 0.804717 0.432572
vt 0.801358 0.417563
vt 0.798413 0.397689
vt 0.818375 0.396812
vt 0.831246 0.396132
vt 0.842472 0.395490
vt 0.850296 0.395022
vt 0.802295 0.357341
vt 0.821416 0.363622
vt 0.833876 0.368197
vt 0.844918 0.372394
vt 0.852746 0.375479
vt 0.850404 0.371459
vt 0.850401 0.413758
vt 0.841135 0.367385
vt 0.841131 0.417829
vt 0.829243 0.362219
vt 0.829235 0.422989
vt 0.816777 0.357282
vt 0.816769 0.427928
vt 0.799048 0.382496
vt 0.846724 0.392609
vt 0.837235 0.392609
vt 0.824938 0.392608
vt 0.811843 0.392607
vt 0.804003 0.357886
vt 0.872414 0.382280
vt 0.872410 0.402934
vt 0.869406 0.392608
vt 0.800350 0.377593
vt 0.800190 0.397613
vt 0.874253 0.395712
vt 0.874254 0.389504
vt 0.798538 0.377361
vt 0.818426 0.380020
vt 0.831264 0.382038
vt 0.842511 0.383936
vt 0.850413 0.385325
vt 0.799522 0.417963
vt 0.819160 0.413486
vt 0.831875 0.410189
vt 0.843088 0.407110
vt 0.851056 0.404838
vt 0.846980 0.403205
vt 0.837416 0.405378
vt 0.825134 0.408041
vt 0.812244 0.410559
vt 0.802482 0.402422
vt 0.846983 0.382011
vt 0.837419 0.379837
vt 0.825136 0.377172
vt 0.812245 0.374651
vt 0.801282 0.362421
vt 0.870044 0.387362
vt 0.870043 0.397853
vt 0.862624 0.403512
vt 0.862627 0.381702
vt 0.861046 0.388988
vt 0.869551 0.395231
vt 0.864385 0.407066
vt 0.864389 0.378148
vt 0.860925 0.392608
vt 0.861526 0.385338
vt 0.861524 0.399877
vt 0.865372 0.397328
vt 0.866123 0.384737
vt 0.865072 0.391037
vt 0.867479 0.403553
vt 0.865071 0.394178
vt 0.865374 0.387887
vt 0.867482 0.381662
vt 0.866120 0.400477
vt 0.804712 0.421845
vt 0.811867 0.401609
vt 0.804715 0.363364
vt 0.802482 0.382790
vt 0.807864 0.431276
vt 0.807871 0.353935
vt 0.802431 0.392608
vt 0.802964 0.412209
vt 0.802963 0.373001
vt 0.807396 0.368992
vt 0.806435 0.406827
vt 0.806251 0.387862
vt 0.809851 0.425361
vt 0.807394 0.416217
vt 0.809857 0.359849
vt 0.806435 0.378384
vt 0.806251 0.397352
vt 0.861045 0.396228
vt 0.855220 0.406109
vt 0.855224 0.379105
vt 0.853719 0.388162
vt 0.857268 0.374650
vt 0.857264 0.410564
vt 0.853661 0.392608
vt 0.854097 0.383648
vt 0.854094 0.401568
vt 0.858111 0.402824
vt 0.859677 0.378320
vt 0.857379 0.386512
vt 0.857149 0.394629
vt 0.859673 0.406895
vt 0.857150 0.390586
vt 0.858114 0.382391
vt 0.857377 0.398704
vt 0.804013 0.329331
vt 0.805869 0.334084
vt 0.804014 0.288919
vt 0.804861 0.294112
vt 0.880409 0.301992
vt 0.878479 0.310157
vt 0.879385 0.303971
vt 0.879387 0.314274
vt 0.875506 0.301297
vt 0.804700 0.314128
vt 0.875509 0.316949
vt 0.874062 0.311745
vt 0.803548 0.309122
vt 0.818309 0.282379
vt 0.830947 0.286108
vt 0.843081 0.290006
vt 0.852592 0.293170
vt 0.858228 0.304675
vt 0.851231 0.303855
vt 0.841717 0.302746
vt 0.829413 0.301386
vt 0.803558 0.299012
vt 0.805788 0.278943
vt 0.818313 0.335871
vt 0.830952 0.332141
vt 0.843085 0.328240
vt 0.852595 0.325073
vt 0.808507 0.274407
vt 0.816377 0.318127
vt 0.829414 0.316859
vt 0.841719 0.315498
vt 0.851232 0.314388
vt 0.802923 0.314204
vt 0.822885 0.313327
vt 0.835756 0.312646
vt 0.846983 0.312003
vt 0.854806 0.311535
vt 0.804032 0.334485
vt 0.823673 0.330006
vt 0.836388 0.326706
vt 0.847601 0.323624
vt 0.855568 0.321352
vt 0.806798 0.273863
vt 0.825919 0.280143
vt 0.838380 0.284717
vt 0.849424 0.288908
vt 0.857252 0.291994
vt 0.803049 0.293879
vt 0.822934 0.296538
vt 0.835772 0.298553
vt 0.847018 0.300450
vt 0.854920 0.301838
vt 0.880412 0.316253
vt 0.878478 0.308086
vt 0.809235 0.349092
vt 0.809227 0.269158
vt 0.805868 0.284167
vt 0.802923 0.304041
vt 0.822885 0.304918
vt 0.835756 0.305598
vt 0.846982 0.306240
vt 0.854805 0.306708
vt 0.806804 0.344388
vt 0.825925 0.338107
vt 0.838386 0.333532
vt 0.849427 0.329336
vt 0.857255 0.326251
vt 0.854913 0.330271
vt 0.854911 0.287972
vt 0.845645 0.334345
vt 0.845640 0.283901
vt 0.833753 0.339511
vt 0.833744 0.278741
vt 0.821286 0.344448
vt 0.821278 0.273802
vt 0.803557 0.319234
vt 0.851234 0.309121
vt 0.841744 0.309121
vt 0.829448 0.309122
vt 0.816353 0.309122
vt 0.808513 0.343843
vt 0.876924 0.319450
vt 0.876920 0.298796
vt 0.873915 0.309122
vt 0.804860 0.324137
vt 0.804700 0.304117
vt 0.878762 0.306018
vt 0.878763 0.312226
vt 0.803047 0.324369
vt 0.822936 0.321710
vt 0.835773 0.319692
vt 0.847020 0.317794
vt 0.854922 0.316405
vt 0.804031 0.283767
vt 0.823670 0.288244
vt 0.836384 0.291541
vt 0.847597 0.294620
vt 0.855565 0.296892
vt 0.851489 0.298525
vt 0.841926 0.296352
vt 0.829644 0.293689
vt 0.816753 0.291171
vt 0.806991 0.299308
vt 0.851492 0.319718
vt 0.841928 0.321893
vt 0.829646 0.324558
vt 0.816755 0.327079
vt 0.805791 0.339309
vt 0.874554 0.314368
vt 0.874552 0.303877
vt 0.867134 0.298218
vt 0.867137 0.320028
vt 0.865556 0.312742
vt 0.874061 0.306499
vt 0.868895 0.294664
vt 0.868899 0.323582
vt 0.865434 0.309122
vt 0.866036 0.316392
vt 0.866034 0.301853
vt 0.869882 0.304402
vt 0.870632 0.316993
vt 0.869582 0.310692
vt 0.871988 0.298177
vt 0.869581 0.307552
vt 0.869883 0.313843
vt 0.871992 0.320068
vt 0.870630 0.301253
vt 0.809221 0.279885
vt 0.816376 0.300121
vt 0.809225 0.338366
vt 0.806991 0.318939
vt 0.812373 0.270454
vt 0.812380 0.347795
vt 0.806940 0.309122
vt 0.807473 0.289521
vt 0.807473 0.328729
vt 0.811905 0.332738
vt 0.810944 0.294903
vt 0.810761 0.313868
vt 0.814361 0.276369
vt 0.811903 0.285513
vt 0.814367 0.341881
vt 0.810944 0.323346
vt 0.810760 0.304378
vt 0.865555 0.305502
vt 0.859730 0.295620
vt 0.859734 0.322625
vt 0.858229 0.313568
vt 0.861778 0.327079
vt 0.861774 0.291166
vt 0.858170 0.309122
vt 0.858606 0.318082
vt 0.858604 0.300162
vt 0.862621 0.298906
vt 0.864187 0.323410
vt 0.861888 0.315218
vt 0.861659 0.307101
vt 0.864183 0.294835
vt 0.861660 0.311144
vt 0.862624 0.319339
vt 0.861887 0.303026
vt 0.017004 0.747168
vt 0.016653 0.747425
vt 0.016343 0.747715
vt 0.016544 0.747334
vt 0.910302 0.871392
vt 0.909868 0.871026
vt 0.910285 0.871908
vt 0.908726 0.871915
vt 0.909867 0.867330
vt 0.908724 0.866441
vt 0.910284 0.866448
vt 0.910301 0.866964
vt 0.017481 0.749200
vt 0.017956 0.749054
vt 0.017005 0.749054
vt 0.017481 0.749082
vt 0.018621 0.747726
vt 0.018308 0.747428
vt 0.017947 0.747168
vt 0.018410 0.747344
vt 0.909819 0.869630
vt 0.909538 0.869173
vt 0.909622 0.870115
vt 0.908157 0.869734
vt 0.016339 0.748498
vt 0.016652 0.748798
vt 0.016539 0.748877
vt 0.910779 0.866148
vt 0.910994 0.865726
vt 0.910997 0.872631
vt 0.909412 0.865482
vt 0.016311 0.748111
vt 0.016162 0.748099
vt 0.910781 0.872209
vt 0.909414 0.872875
vt 0.018619 0.748507
vt 0.018651 0.748114
vt 0.018800 0.748123
vt 0.909819 0.868712
vt 0.909622 0.868239
vt 0.908157 0.868620
vt 0.908344 0.867518
vt 0.909978 0.867830
vt 0.018417 0.748887
vt 0.018309 0.748798
vt 0.017479 0.747143
vt 0.017467 0.747019
vt 0.909979 0.870526
vt 0.908344 0.870838
vt 0.017129 0.747409
vt 0.016932 0.747658
vt 0.016633 0.747822
vt 0.016773 0.747526
vt 0.017071 0.747292
vt 0.016491 0.747773
vt 0.016688 0.747454
vt 0.017891 0.748934
vt 0.017481 0.749043
vt 0.017071 0.748935
vt 0.017481 0.748944
vt 0.017833 0.748816
vt 0.017129 0.748818
vt 0.017481 0.748757
vt 0.018331 0.747821
vt 0.018032 0.747657
vt 0.017833 0.747410
vt 0.018190 0.747526
vt 0.018472 0.747773
vt 0.017892 0.747292
vt 0.018275 0.747455
vt 0.016632 0.748406
vt 0.016932 0.748570
vt 0.016773 0.748702
vt 0.016491 0.748454
vt 0.016688 0.748772
vt 0.016704 0.748115
vt 0.016480 0.748114
vt 0.016359 0.748113
vt 0.018330 0.748403
vt 0.018259 0.748112
vt 0.018483 0.748113
vt 0.018471 0.748453
vt 0.018603 0.748113
vt 0.018275 0.748770
vt 0.018189 0.748699
vt 0.018031 0.748567
vt 0.017481 0.747469
vt 0.017481 0.747283
vt 0.017481 0.747182
vt 0.957524 0.932299
vt 0.956382 0.931410
vt 0.957941 0.931417
vt 0.957958 0.931933
vt 0.015107 0.515697
vt 0.015567 0.515873
vt 0.014895 0.515315
vt 0.015208 0.515614
vt 0.016510 0.513986
vt 0.016035 0.513959
vt 0.015559 0.513986
vt 0.016035 0.513839
vt 0.957957 0.936361
vt 0.957523 0.935995
vt 0.957939 0.936877
vt 0.956380 0.936883
vt 0.957195 0.934152
vt 0.955813 0.933591
vt 0.957278 0.933209
vt 0.957475 0.933696
vt 0.016965 0.515696
vt 0.017176 0.515313
vt 0.016504 0.515872
vt 0.016863 0.515612
vt 0.958649 0.937598
vt 0.958653 0.930693
vt 0.957067 0.937843
vt 0.958435 0.937177
vt 0.015094 0.514162
vt 0.014894 0.514540
vt 0.015207 0.514243
vt 0.957070 0.930449
vt 0.958438 0.931116
vt 0.014712 0.514927
vt 0.014865 0.514927
vt 0.957278 0.935086
vt 0.955813 0.934705
vt 0.957475 0.934613
vt 0.017355 0.514915
vt 0.017174 0.514532
vt 0.017206 0.514926
vt 0.016863 0.514242
vt 0.016971 0.514152
vt 0.957634 0.935495
vt 0.955999 0.935807
vt 0.956000 0.932486
vt 0.957635 0.932799
vt 0.016035 0.516025
vt 0.016035 0.515898
vt 0.015624 0.515750
vt 0.015241 0.515587
vt 0.015044 0.515269
vt 0.015326 0.515516
vt 0.015682 0.515633
vt 0.015186 0.515220
vt 0.015485 0.515385
vt 0.016386 0.514226
vt 0.016035 0.514285
vt 0.015683 0.514225
vt 0.016034 0.514099
vt 0.016445 0.514108
vt 0.015625 0.514107
vt 0.016035 0.513998
vt 0.017026 0.515267
vt 0.016829 0.515585
vt 0.016445 0.515748
vt 0.016743 0.515514
vt 0.016884 0.515219
vt 0.016387 0.515631
vt 0.016585 0.515383
vt 0.015045 0.514587
vt 0.015242 0.514270
vt 0.015327 0.514341
vt 0.015187 0.514636
vt 0.015486 0.514472
vt 0.014913 0.514928
vt 0.015034 0.514928
vt 0.015258 0.514928
vt 0.017026 0.514588
vt 0.017158 0.514927
vt 0.017037 0.514928
vt 0.016885 0.514637
vt 0.016813 0.514927
vt 0.016585 0.514473
vt 0.016743 0.514342
vt 0.016829 0.514271
vt 0.016034 0.515858
vt 0.016034 0.515759
vt 0.016035 0.515573
vt 0.883394 0.390761
vt 0.882251 0.389871
vt 0.883811 0.389878
vt 0.883827 0.390395
vt 0.016964 0.752639
vt 0.016503 0.752464
vt 0.017177 0.753021
vt 0.016862 0.752723
vt 0.015563 0.754352
vt 0.016038 0.754379
vt 0.016514 0.754351
vt 0.016039 0.754497
vt 0.883826 0.394823
vt 0.883393 0.394457
vt 0.883809 0.395339
vt 0.882250 0.395345
vt 0.883064 0.392614
vt 0.881682 0.392053
vt 0.883148 0.391671
vt 0.883344 0.392156
vt 0.015107 0.752642
vt 0.014896 0.753025
vt 0.015567 0.752466
vt 0.015209 0.752726
vt 0.884519 0.396060
vt 0.884522 0.389155
vt 0.882937 0.396305
vt 0.884304 0.395638
vt 0.016980 0.754174
vt 0.017180 0.753797
vt 0.016866 0.754095
vt 0.882940 0.388911
vt 0.884307 0.389578
vt 0.017362 0.753409
vt 0.017208 0.753410
vt 0.883147 0.393548
vt 0.881682 0.393167
vt 0.883344 0.393074
vt 0.014718 0.753423
vt 0.014899 0.753807
vt 0.014866 0.753413
vt 0.015210 0.754097
vt 0.015101 0.754186
vt 0.883503 0.393957
vt 0.881869 0.394269
vt 0.881869 0.390948
vt 0.883504 0.391261
vt 0.016035 0.752312
vt 0.016035 0.752439
vt 0.016445 0.752588
vt 0.016829 0.752751
vt 0.017026 0.753069
vt 0.016743 0.752822
vt 0.016387 0.752705
vt 0.016884 0.753119
vt 0.016585 0.752955
vt 0.015686 0.754115
vt 0.016037 0.754055
vt 0.016389 0.754115
vt 0.016038 0.754241
vt 0.015627 0.754232
vt 0.016448 0.754232
vt 0.016038 0.754341
vt 0.015046 0.753071
vt 0.015242 0.752753
vt 0.015625 0.752590
vt 0.015328 0.752824
vt 0.015187 0.753120
vt 0.015684 0.752706
vt 0.015486 0.752955
vt 0.017027 0.753751
vt 0.016831 0.754069
vt 0.016745 0.753999
vt 0.016886 0.753703
vt 0.016586 0.753867
vt 0.017159 0.753410
vt 0.017037 0.753411
vt 0.016813 0.753412
vt 0.015047 0.753752
vt 0.014915 0.753412
vt 0.015035 0.753412
vt 0.015188 0.753703
vt 0.015259 0.753412
vt 0.015487 0.753867
vt 0.015329 0.753998
vt 0.015244 0.754069
vt 0.016035 0.752479
vt 0.016035 0.752579
vt 0.016035 0.752765
vt 0.016516 0.484339
vt 0.016867 0.484083
vt 0.017179 0.483792
vt 0.016976 0.484172
vt 0.888337 0.311336
vt 0.887903 0.310969
vt 0.888320 0.311852
vt 0.886761 0.311859
vt 0.887902 0.307273
vt 0.886759 0.306385
vt 0.888318 0.306391
vt 0.888336 0.306907
vt 0.016044 0.482306
vt 0.015568 0.482451
vt 0.016519 0.482455
vt 0.016043 0.482426
vt 0.014899 0.483777
vt 0.015211 0.484077
vt 0.015571 0.484337
vt 0.015109 0.484160
vt 0.887854 0.309573
vt 0.887574 0.309116
vt 0.887657 0.310059
vt 0.886192 0.309677
vt 0.017183 0.483010
vt 0.016871 0.482712
vt 0.016984 0.482631
vt 0.888814 0.306092
vt 0.889028 0.305670
vt 0.889032 0.312575
vt 0.887447 0.305425
vt 0.017211 0.483398
vt 0.017360 0.483407
vt 0.888816 0.312152
vt 0.887449 0.312819
vt 0.014903 0.482997
vt 0.014870 0.483390
vt 0.014721 0.483379
vt 0.887854 0.308655
vt 0.887657 0.308182
vt 0.886192 0.308563
vt 0.886378 0.307461
vt 0.888013 0.307773
vt 0.015106 0.482616
vt 0.015214 0.482708
vt 0.016040 0.484364
vt 0.016052 0.484487
vt 0.888013 0.310469
vt 0.886379 0.310782
vt 0.016390 0.484101
vt 0.016589 0.483853
vt 0.016889 0.483689
vt 0.016747 0.483985
vt 0.016449 0.484218
vt 0.017030 0.483738
vt 0.016833 0.484055
vt 0.015633 0.482574
vt 0.016043 0.482465
vt 0.016453 0.482576
vt 0.016043 0.482567
vt 0.015691 0.482692
vt 0.016394 0.482694
vt 0.016042 0.482752
vt 0.015190 0.483685
vt 0.015489 0.483848
vt 0.015686 0.484096
vt 0.015330 0.483979
vt 0.015049 0.483732
vt 0.015628 0.484213
vt 0.015245 0.484049
vt 0.016890 0.483106
vt 0.016591 0.482941
vt 0.016750 0.482811
vt 0.017031 0.483057
vt 0.016835 0.482739
vt 0.016818 0.483397
vt 0.017042 0.483398
vt 0.017163 0.483397
vt 0.015192 0.483104
vt 0.015262 0.483394
vt 0.015039 0.483394
vt 0.015051 0.483054
vt 0.014918 0.483393
vt 0.015249 0.482736
vt 0.015334 0.482808
vt 0.015492 0.482940
vt 0.016039 0.484039
vt 0.016038 0.484225
vt 0.016038 0.484325
vt 0.017042 0.747233
vt 0.016421 0.747748
vt 0.905943 0.873679
vt 0.905304 0.872211
vt 0.017920 0.747234
vt 0.904943 0.870702
vt 0.016421 0.748478
vt 0.906997 0.863367
vt 0.907000 0.874991
vt 0.017042 0.748993
vt 0.017920 0.748991
vt 0.904942 0.867655
vt 0.905303 0.866146
vt 0.905940 0.864678
vt 0.018541 0.748477
vt 0.018542 0.747749
vt 0.904827 0.869178
vt 0.017291 0.747732
vt 0.017022 0.747956
vt 0.017672 0.747732
vt 0.017022 0.748272
vt 0.017291 0.748495
vt 0.017672 0.748493
vt 0.017941 0.748269
vt 0.017942 0.747955
vt 0.015595 0.515808
vt 0.014975 0.515292
vt 0.952960 0.931113
vt 0.952599 0.932623
vt 0.953598 0.929646
vt 0.016475 0.515806
vt 0.014975 0.514563
vt 0.954652 0.939957
vt 0.954656 0.928334
vt 0.015596 0.514049
vt 0.016474 0.514050
vt 0.952959 0.937179
vt 0.953596 0.938646
vt 0.017096 0.514564
vt 0.952598 0.935670
vt 0.017096 0.515291
vt 0.952483 0.934147
vt 0.015575 0.515086
vt 0.015844 0.515309
vt 0.016226 0.515308
vt 0.015576 0.514769
vt 0.016226 0.514547
vt 0.015845 0.514547
vt 0.016496 0.514770
vt 0.016496 0.515085
vt 0.016474 0.752530
vt 0.017097 0.753045
vt 0.878830 0.389575
vt 0.878468 0.391085
vt 0.879468 0.388107
vt 0.015596 0.752532
vt 0.017098 0.753774
vt 0.880522 0.398419
vt 0.880525 0.386796
vt 0.016477 0.754290
vt 0.015599 0.754289
vt 0.878829 0.395641
vt 0.879466 0.397108
vt 0.014977 0.753776
vt 0.878467 0.394132
vt 0.014976 0.753047
vt 0.878352 0.392609
vt 0.016495 0.753253
vt 0.016225 0.753029
vt 0.015844 0.753029
vt 0.016495 0.753569
vt 0.015845 0.753792
vt 0.016226 0.753792
vt 0.015576 0.753569
vt 0.015575 0.753253
vt 0.016478 0.484275
vt 0.017100 0.483761
vt 0.883977 0.313623
vt 0.883339 0.312155
vt 0.015598 0.484272
vt 0.882978 0.310645
vt 0.017102 0.483033
vt 0.885031 0.303311
vt 0.885035 0.314934
vt 0.016482 0.482517
vt 0.015604 0.482516
vt 0.882977 0.307598
vt 0.883338 0.306089
vt 0.883975 0.304622
vt 0.014981 0.483029
vt 0.014978 0.483756
vt 0.882862 0.309121
vt 0.016230 0.483776
vt 0.016500 0.483554
vt 0.015848 0.483774
vt 0.016500 0.483238
vt 0.016232 0.483014
vt 0.015851 0.483014
vt 0.015580 0.483236
vt 0.015579 0.483551
vt 0.016335 0.748113
vt 0.896929 0.862633
vt 0.898147 0.878259
vt 0.896223 0.873114
vt 0.895916 0.867867
vt 0.826657 0.894401
vt 0.838318 0.864675
vt 0.851397 0.865308
vt 0.863696 0.865991
vt 0.873191 0.866549
vt 0.825651 0.854016
vt 0.838441 0.882670
vt 0.851416 0.880773
vt 0.863719 0.878750
vt 0.873262 0.877100
vt 0.825504 0.864123
vt 0.841687 0.900219
vt 0.854189 0.895899
vt 0.866188 0.891382
vt 0.875595 0.887753
vt 0.829377 0.904262
vt 0.839294 0.846799
vt 0.852072 0.849930
vt 0.864302 0.853217
vt 0.873862 0.855896
vt 0.017481 0.749063
vt 0.875592 0.850603
vt 0.866183 0.846977
vt 0.854182 0.842465
vt 0.841680 0.838145
vt 0.825649 0.884345
vt 0.873192 0.871806
vt 0.863697 0.872364
vt 0.851397 0.873049
vt 0.838318 0.873684
vt 0.825504 0.874235
vt 0.898143 0.860099
vt 0.895916 0.870489
vt 0.018628 0.748113
vt 0.873259 0.861255
vt 0.863717 0.859607
vt 0.851415 0.857586
vt 0.838440 0.855691
vt 0.829370 0.834102
vt 0.873865 0.882460
vt 0.864306 0.885142
vt 0.852075 0.888431
vt 0.839297 0.891564
vt 0.826656 0.843964
vt 0.896932 0.875725
vt 0.896222 0.865243
vt 0.905585 0.865404
vt 0.018292 0.748784
vt 0.018292 0.747441
vt 0.017075 0.747776
vt 0.017481 0.747162
vt 0.887700 0.863737
vt 0.888457 0.878276
vt 0.887427 0.870986
vt 0.889936 0.856496
vt 0.887427 0.867371
vt 0.887701 0.874620
vt 0.889940 0.881862
vt 0.888454 0.860082
vt 0.830100 0.893637
vt 0.829097 0.854463
vt 0.828911 0.874088
vt 0.832708 0.835229
vt 0.830098 0.844727
vt 0.832714 0.903134
vt 0.829096 0.883899
vt 0.828911 0.864271
vt 0.905587 0.872953
vt 0.905090 0.866898
vt 0.904855 0.869940
vt 0.906392 0.863987
vt 0.906395 0.874370
vt 0.904855 0.868416
vt 0.016670 0.748786
vt 0.905091 0.871459
vt 0.017481 0.747636
vt 0.017888 0.748448
vt 0.018057 0.748112
vt 0.017889 0.747776
vt 0.017481 0.748589
vt 0.015224 0.515601
vt 0.017075 0.748451
vt 0.016907 0.748114
vt 0.881010 0.857941
vt 0.882649 0.884914
vt 0.880318 0.875872
vt 0.880145 0.866960
vt 0.882645 0.853443
vt 0.880145 0.871396
vt 0.881013 0.880416
vt 0.880316 0.862484
vt 0.953243 0.930372
vt 0.944585 0.940691
vt 0.945803 0.925066
vt 0.943879 0.930210
vt 0.943571 0.935457
vt 0.874313 0.908923
vt 0.885973 0.938649
vt 0.899052 0.938016
vt 0.911352 0.937333
vt 0.920847 0.936775
vt 0.873307 0.949308
vt 0.886097 0.920654
vt 0.899072 0.922551
vt 0.911376 0.924574
vt 0.920918 0.926224
vt 0.873160 0.939201
vt 0.889343 0.903105
vt 0.901845 0.907425
vt 0.913844 0.911942
vt 0.923251 0.915571
vt 0.877033 0.899062
vt 0.886950 0.956525
vt 0.899728 0.953394
vt 0.911958 0.950107
vt 0.921518 0.947428
vt 0.016035 0.513978
vt 0.923248 0.952721
vt 0.913839 0.956347
vt 0.901838 0.960859
vt 0.889336 0.965179
vt 0.873305 0.918979
vt 0.920848 0.931518
vt 0.911353 0.930960
vt 0.899053 0.930275
vt 0.885974 0.929640
vt 0.873160 0.929089
vt 0.945799 0.943225
vt 0.943572 0.932835
vt 0.017182 0.514927
vt 0.920915 0.942069
vt 0.911373 0.943718
vt 0.899071 0.945738
vt 0.886096 0.947633
vt 0.877026 0.969222
vt 0.921521 0.920864
vt 0.911962 0.918182
vt 0.899732 0.914893
vt 0.886953 0.911760
vt 0.874312 0.959360
vt 0.944588 0.927599
vt 0.943878 0.938081
vt 0.015225 0.514255
vt 0.016846 0.514256
vt 0.016846 0.515599
vt 0.952512 0.933384
vt 0.016035 0.515878
vt 0.935355 0.939587
vt 0.936113 0.925048
vt 0.935083 0.932338
vt 0.937592 0.946828
vt 0.935083 0.935953
vt 0.935357 0.928704
vt 0.937596 0.921462
vt 0.936110 0.943242
vt 0.877756 0.909686
vt 0.876753 0.948861
vt 0.876567 0.929236
vt 0.880364 0.968095
vt 0.877754 0.958597
vt 0.880370 0.900189
vt 0.876752 0.919425
vt 0.876567 0.939053
vt 0.952747 0.931865
vt 0.953241 0.937921
vt 0.952511 0.934909
vt 0.954048 0.939337
vt 0.954051 0.928954
vt 0.015628 0.515265
vt 0.952746 0.936427
vt 0.014889 0.514927
vt 0.016035 0.515405
vt 0.016442 0.514591
vt 0.016611 0.514927
vt 0.016443 0.515264
vt 0.016035 0.514452
vt 0.016846 0.752737
vt 0.015629 0.514590
vt 0.015460 0.514927
vt 0.928666 0.945383
vt 0.930306 0.918410
vt 0.927974 0.927452
vt 0.927800 0.936364
vt 0.930301 0.949881
vt 0.927801 0.931928
vt 0.928669 0.922908
vt 0.927972 0.940840
vt 0.879112 0.388833
vt 0.870454 0.399153
vt 0.871672 0.383528
vt 0.869748 0.388672
vt 0.869441 0.393919
vt 0.800182 0.367386
vt 0.811843 0.397111
vt 0.824922 0.396478
vt 0.837221 0.395795
vt 0.846717 0.395237
vt 0.799176 0.407770
vt 0.811966 0.379116
vt 0.824942 0.381013
vt 0.837245 0.383036
vt 0.846787 0.384686
vt 0.799029 0.397663
vt 0.815212 0.361568
vt 0.827714 0.365888
vt 0.839713 0.370404
vt 0.849120 0.374033
vt 0.802902 0.357524
vt 0.812819 0.414987
vt 0.825597 0.411856
vt 0.837828 0.408570
vt 0.847387 0.405890
vt 0.016038 0.754361
vt 0.849117 0.411183
vt 0.839708 0.414810
vt 0.827707 0.419322
vt 0.815206 0.423642
vt 0.799174 0.377441
vt 0.846717 0.389981
vt 0.837222 0.389423
vt 0.824922 0.388737
vt 0.811843 0.388103
vt 0.799029 0.387552
vt 0.871669 0.401687
vt 0.869441 0.391297
vt 0.014890 0.753412
vt 0.846785 0.400531
vt 0.837243 0.402180
vt 0.824940 0.404200
vt 0.811966 0.406095
vt 0.802896 0.427684
vt 0.847390 0.379326
vt 0.837831 0.376645
vt 0.825601 0.373355
vt 0.812822 0.370222
vt 0.800181 0.417823
vt 0.870457 0.386061
vt 0.869747 0.396543
vt 0.016848 0.754082
vt 0.015227 0.754083
vt 0.015225 0.752739
vt 0.878381 0.391846
vt 0.016035 0.752459
vt 0.861225 0.398049
vt 0.861982 0.383510
vt 0.860953 0.390801
vt 0.863462 0.405290
vt 0.860952 0.394415
vt 0.861226 0.387166
vt 0.863465 0.379924
vt 0.861979 0.401704
vt 0.803625 0.368149
vt 0.802622 0.407324
vt 0.802436 0.387698
vt 0.806233 0.426557
vt 0.803623 0.417060
vt 0.806239 0.358652
vt 0.802622 0.377887
vt 0.802436 0.397516
vt 0.878616 0.390327
vt 0.879111 0.396383
vt 0.878381 0.393371
vt 0.879918 0.397799
vt 0.879920 0.387416
vt 0.016442 0.753073
vt 0.878615 0.394889
vt 0.017183 0.753410
vt 0.016035 0.752933
vt 0.015629 0.753748
vt 0.015460 0.753411
vt 0.015628 0.753074
vt 0.016036 0.753888
vt 0.016850 0.484069
vt 0.016443 0.753748
vt 0.016611 0.753411
vt 0.854535 0.403845
vt 0.856175 0.376872
vt 0.853843 0.385914
vt 0.853670 0.394826
vt 0.856171 0.408343
vt 0.853670 0.390390
vt 0.854538 0.381370
vt 0.853841 0.399302
vt 0.017187 0.483397
vt 0.874964 0.302577
vt 0.876182 0.318202
vt 0.874258 0.313058
vt 0.873950 0.307811
vt 0.804692 0.334344
vt 0.816352 0.304619
vt 0.829431 0.305252
vt 0.841731 0.305935
vt 0.851226 0.306493
vt 0.803685 0.293960
vt 0.816476 0.322614
vt 0.829451 0.320717
vt 0.841754 0.318694
vt 0.851296 0.317044
vt 0.803539 0.304067
vt 0.819721 0.340162
vt 0.832223 0.335842
vt 0.844222 0.331326
vt 0.853630 0.327697
vt 0.807411 0.344205
vt 0.817329 0.286742
vt 0.830107 0.289874
vt 0.842337 0.293160
vt 0.851897 0.295839
vt 0.016043 0.482445
vt 0.853627 0.290547
vt 0.844218 0.286920
vt 0.832217 0.282408
vt 0.819715 0.278088
vt 0.803684 0.324289
vt 0.851227 0.311749
vt 0.841732 0.312307
vt 0.829432 0.312993
vt 0.816353 0.313627
vt 0.803538 0.314178
vt 0.876178 0.300043
vt 0.873951 0.310433
vt 0.014893 0.483392
vt 0.851294 0.301199
vt 0.841752 0.299550
vt 0.829449 0.297530
vt 0.816475 0.295635
vt 0.807405 0.274046
vt 0.851900 0.322404
vt 0.842340 0.325085
vt 0.830110 0.328375
vt 0.817331 0.331508
vt 0.804691 0.283907
vt 0.874966 0.315669
vt 0.874256 0.305187
vt 0.883620 0.305347
vt 0.015232 0.482722
vt 0.015227 0.484064
vt 0.016446 0.483733
vt 0.016038 0.484345
vt 0.865734 0.303681
vt 0.866492 0.318219
vt 0.865462 0.310929
vt 0.867971 0.296440
vt 0.865461 0.307315
vt 0.865736 0.314564
vt 0.867975 0.321806
vt 0.866489 0.300026
vt 0.808134 0.333581
vt 0.807132 0.294406
vt 0.806946 0.314031
vt 0.810743 0.275173
vt 0.808133 0.284670
vt 0.810749 0.343078
vt 0.807131 0.323843
vt 0.806946 0.304214
vt 0.883622 0.312897
vt 0.883125 0.306841
vt 0.882890 0.309884
vt 0.884427 0.303931
vt 0.884430 0.314314
vt 0.882890 0.308359
vt 0.016853 0.482725
vt 0.883126 0.311403
vt 0.016039 0.483871
vt 0.015634 0.483057
vt 0.015464 0.483394
vt 0.015632 0.483730
vt 0.016042 0.482919
vt 0.016448 0.483059
vt 0.016615 0.483396
vt 0.859045 0.297885
vt 0.860684 0.324858
vt 0.858353 0.315816
vt 0.858179 0.306904
vt 0.860680 0.293387
vt 0.858180 0.311340
vt 0.859047 0.320360
vt 0.858351 0.302427
vt 0.016612 0.747391
vt 0.910057 0.871473
vt 0.910056 0.866883
vt 0.017481 0.749125
vt 0.018345 0.747397
vt 0.909561 0.869646
vt 0.016610 0.748827
vt 0.910576 0.866050
vt 0.016256 0.748106
vt 0.910578 0.872306
vt 0.018706 0.748118
vt 0.909561 0.868703
vt 0.909725 0.867782
vt 0.018349 0.748831
vt 0.017474 0.747097
vt 0.909725 0.870574
vt 0.016831 0.747575
vt 0.016724 0.747485
vt 0.017481 0.749001
vt 0.017481 0.748875
vt 0.018132 0.747574
vt 0.018239 0.747485
vt 0.016831 0.748654
vt 0.016724 0.748742
vt 0.016563 0.748115
vt 0.016411 0.748113
vt 0.018401 0.748112
vt 0.018552 0.748113
vt 0.018238 0.748740
vt 0.018131 0.748650
vt 0.017481 0.747351
vt 0.017481 0.747225
vt 0.957713 0.931852
vt 0.015171 0.515644
vt 0.016035 0.513915
vt 0.957712 0.936442
vt 0.957217 0.933679
vt 0.016901 0.515643
vt 0.958231 0.937274
vt 0.015165 0.514213
vt 0.958234 0.931018
vt 0.014808 0.514927
vt 0.957217 0.934622
vt 0.017261 0.514921
vt 0.016903 0.514209
vt 0.957381 0.935543
vt 0.957381 0.932751
vt 0.016035 0.515945
vt 0.015277 0.515557
vt 0.015384 0.515468
vt 0.016034 0.514168
vt 0.016035 0.514041
vt 0.016792 0.515554
vt 0.016685 0.515466
vt 0.015278 0.514300
vt 0.015386 0.514390
vt 0.014965 0.514928
vt 0.015116 0.514928
vt 0.017107 0.514927
vt 0.016955 0.514928
vt 0.016685 0.514390
vt 0.016792 0.514301
vt 0.016034 0.515816
vt 0.016034 0.515691
vt 0.883582 0.390313
vt 0.016900 0.752692
vt 0.016038 0.754422
vt 0.883581 0.394904
vt 0.883086 0.392140
vt 0.015171 0.752695
vt 0.884101 0.395736
vt 0.016909 0.754124
vt 0.884103 0.389480
vt 0.017265 0.753409
vt 0.883086 0.393084
vt 0.014811 0.753417
vt 0.015169 0.754130
vt 0.883250 0.394005
vt 0.883251 0.391212
vt 0.016035 0.752392
vt 0.016792 0.752781
vt 0.016685 0.752871
vt 0.016037 0.754173
vt 0.016038 0.754299
vt 0.015279 0.752784
vt 0.015386 0.752872
vt 0.016794 0.754039
vt 0.016687 0.753950
vt 0.017107 0.753410
vt 0.016955 0.753411
vt 0.014966 0.753412
vt 0.015117 0.753412
vt 0.015387 0.753950
vt 0.015280 0.754039
vt 0.016035 0.752522
vt 0.016035 0.752647
vt 0.016908 0.484116
vt 0.888092 0.311417
vt 0.888091 0.306826
vt 0.016044 0.482382
vt 0.015174 0.484107
vt 0.887596 0.309589
vt 0.016913 0.482682
vt 0.888610 0.305994
vt 0.017266 0.483402
vt 0.888613 0.312250
vt 0.014815 0.483386
vt 0.887596 0.308646
vt 0.887760 0.307725
vt 0.015174 0.482674
vt 0.016044 0.484409
vt 0.887760 0.310518
vt 0.016689 0.483936
vt 0.016796 0.484025
vt 0.016043 0.482508
vt 0.016043 0.482635
vt 0.015388 0.483931
vt 0.015281 0.484019
vt 0.016692 0.482859
vt 0.016799 0.482770
vt 0.016959 0.483398
vt 0.017111 0.483398
vt 0.015121 0.483394
vt 0.014969 0.483393
vt 0.015285 0.482767
vt 0.015392 0.482857
vt 0.016038 0.484157
vt 0.016038 0.484282
vt 0.016670 0.747440
vt 0.951717 0.946527
vt 0.764613 0.931140
vt 0.764916 0.931142
vt 0.951622 0.946340
vt 0.772575 0.911427
vt 0.955048 0.954435
vt 0.955399 0.954041
vt 0.772272 0.911435
vt 0.955385 0.954163
vt 0.772275 0.911557
vt 0.988336 0.954656
vt 0.772210 0.875039
vt 0.988050 0.954648
vt 0.771907 0.875032
vt 0.764606 0.891180
vt 0.994301 0.949740
vt 0.994618 0.949696
vt 0.764909 0.891180
vt 0.772244 0.883104
vt 0.983460 0.947664
vt 0.983193 0.947759
vt 0.771941 0.883106
vt 0.986527 0.950803
vt 0.772224 0.879119
vt 0.986247 0.950857
vt 0.771921 0.879107
vt 0.982257 0.973188
vt 0.764574 0.862003
vt 0.982341 0.973415
vt 0.764877 0.862022
vt 0.772222 0.863191
vt 0.984829 0.965982
vt 0.984676 0.965794
vt 0.771919 0.863193
vt 0.990127 0.945314
vt 0.764607 0.896855
vt 0.990372 0.945189
vt 0.764910 0.896898
vt 0.981030 0.968692
vt 0.772241 0.859121
vt 0.980954 0.968473
vt 0.771940 0.859109
vt 0.955505 0.961329
vt 0.772563 0.833886
vt 0.955854 0.961214
vt 0.772260 0.833883
vt 0.984387 0.942306
vt 0.764607 0.902526
vt 0.984583 0.942148
vt 0.764910 0.902574
vt 0.977843 0.940894
vt 0.764608 0.908174
vt 0.977986 0.940716
vt 0.764911 0.908223
vt 0.971257 0.940914
vt 0.764608 0.913676
vt 0.971345 0.940723
vt 0.764911 0.913718
vt 0.965154 0.941747
vt 0.764609 0.918866
vt 0.965170 0.941552
vt 0.764912 0.918897
vt 0.772383 0.899945
vt 0.964244 0.945377
vt 0.964196 0.945569
vt 0.772080 0.899952
vt 0.772334 0.895827
vt 0.969047 0.944068
vt 0.968912 0.944261
vt 0.772031 0.895835
vt 0.974326 0.944003
vt 0.772295 0.891507
vt 0.974168 0.944183
vt 0.771992 0.891481
vt 0.772268 0.887300
vt 0.979231 0.945268
vt 0.978993 0.945405
vt 0.771965 0.887304
vt 0.764545 0.834764
vt 0.953230 0.966278
vt 0.952873 0.966385
vt 0.764848 0.834764
vt 0.956850 0.969743
vt 0.764550 0.839379
vt 0.956559 0.969906
vt 0.764853 0.839424
vt 0.961986 0.972572
vt 0.764553 0.844555
vt 0.961768 0.972771
vt 0.764856 0.844602
vt 0.968391 0.974202
vt 0.764561 0.850193
vt 0.968266 0.974428
vt 0.764865 0.850232
vt 0.970913 0.970890
vt 0.772307 0.850557
vt 0.971052 0.970657
vt 0.772004 0.850528
vt 0.965733 0.970028
vt 0.772354 0.846277
vt 0.965977 0.969822
vt 0.772052 0.846244
vt 0.961244 0.967949
vt 0.772413 0.842091
vt 0.961564 0.967787
vt 0.772110 0.842061
vt 0.772482 0.837941
vt 0.957753 0.964923
vt 0.958115 0.964814
vt 0.772179 0.837940
vt 0.764589 0.873778
vt 0.993206 0.966185
vt 0.993446 0.966346
vt 0.764892 0.873770
vt 0.764598 0.879649
vt 0.995981 0.960869
vt 0.996276 0.960963
vt 0.764901 0.879644
vt 0.988570 0.958625
vt 0.772208 0.871127
vt 0.988302 0.958553
vt 0.771905 0.871121
vt 0.772211 0.867174
vt 0.987382 0.962522
vt 0.987161 0.962383
vt 0.771909 0.867176
vt 0.988419 0.970420
vt 0.764586 0.867898
vt 0.988599 0.970614
vt 0.764889 0.867914
vt 0.996354 0.955141
vt 0.764601 0.885455
vt 0.996664 0.955133
vt 0.764904 0.885483
vt 0.764568 0.856080
vt 0.975376 0.974426
vt 0.975325 0.974669
vt 0.764871 0.856080
vt 0.772269 0.854879
vt 0.976224 0.970408
vt 0.976274 0.970169
vt 0.771966 0.854880
vt 0.954647 0.957772
vt 0.772651 0.830180
vt 0.772654 0.914983
vt 0.772347 0.830215
vt 0.954975 0.957578
vt 0.772351 0.914989
vt 0.764538 0.830816
vt 0.014712 0.535405
vt 0.950313 0.962321
vt 0.950391 0.963015
vt 0.764841 0.830816
vt 0.014942 0.535656
vt 0.950288 0.962844
vt 0.034392 0.637818
vt 0.110235 0.731711
vt 0.947815 0.957305
vt 0.034392 0.637567
vt 0.110258 0.731962
vt 0.947514 0.957350
vt 0.036937 0.637818
vt 0.948232 0.959544
vt 0.019209 0.535405
vt 0.947908 0.959485
vt 0.036979 0.637567
vt 0.037186 0.637567
vt 0.947997 0.959721
vt 0.019512 0.535553
vt 0.019244 0.535655
vt 0.948180 0.959808
vt 0.019512 0.535407
vt 0.037240 0.637815
vt 0.959811 0.943230
vt 0.764608 0.923585
vt 0.959775 0.943036
vt 0.764911 0.923603
vt 0.955264 0.944726
vt 0.764611 0.927672
vt 0.955182 0.944538
vt 0.764914 0.927689
vt 0.772439 0.903966
vt 0.960151 0.947634
vt 0.960165 0.947814
vt 0.772136 0.903973
vt 0.772500 0.907699
vt 0.957135 0.950457
vt 0.957188 0.950619
vt 0.772197 0.907707
vt 0.791397 0.910914
vt 0.908493 0.414595
vt 0.791700 0.910906
vt 0.908328 0.414651
vt 0.745774 0.931152
vt 0.912179 0.407363
vt 0.745472 0.931152
vt 0.912281 0.407171
vt 0.745766 0.885463
vt 0.867556 0.415980
vt 0.745463 0.885491
vt 0.867242 0.415969
vt 0.791040 0.874931
vt 0.875662 0.415596
vt 0.791343 0.874921
vt 0.875957 0.415589
vt 0.867932 0.421708
vt 0.745763 0.879656
vt 0.745460 0.879650
vt 0.867632 0.421799
vt 0.745790 0.927684
vt 0.908629 0.405560
vt 0.745488 0.927698
vt 0.908720 0.405369
vt 0.880366 0.408575
vt 0.791073 0.882943
vt 0.791376 0.882941
vt 0.880640 0.408675
vt 0.791053 0.878911
vt 0.877350 0.411809
vt 0.791356 0.878896
vt 0.877639 0.411866
vt 0.869606 0.410581
vt 0.745771 0.891187
vt 0.745468 0.891187
vt 0.869288 0.410531
vt 0.745776 0.896863
vt 0.873780 0.406153
vt 0.745473 0.896905
vt 0.873533 0.406023
vt 0.745751 0.867906
vt 0.875497 0.431256
vt 0.745448 0.867921
vt 0.875310 0.431449
vt 0.879245 0.426867
vt 0.791053 0.863107
vt 0.791356 0.863106
vt 0.879410 0.426675
vt 0.888543 0.435258
vt 0.745737 0.856089
vt 0.745434 0.856089
vt 0.888584 0.435503
vt 0.745746 0.862012
vt 0.881661 0.434022
vt 0.745443 0.862029
vt 0.881569 0.434250
vt 0.791071 0.859049
vt 0.883070 0.429535
vt 0.791374 0.859039
vt 0.883152 0.429309
vt 0.745779 0.902537
vt 0.879512 0.403147
vt 0.745476 0.902583
vt 0.879320 0.402983
vt 0.876646 0.423460
vt 0.791042 0.867063
vt 0.791345 0.867061
vt 0.876879 0.423321
vt 0.906121 0.425531
vt 0.791314 0.838001
vt 0.791617 0.838002
vt 0.905760 0.425407
vt 0.791393 0.834067
vt 0.908200 0.421999
vt 0.791696 0.834070
vt 0.907879 0.421888
vt 0.884469 0.406210
vt 0.791097 0.887033
vt 0.791400 0.887029
vt 0.884707 0.406357
vt 0.745777 0.908181
vt 0.886048 0.401734
vt 0.745474 0.908227
vt 0.885915 0.401549
vt 0.745772 0.913685
vt 0.892625 0.401753
vt 0.745470 0.913722
vt 0.892554 0.401555
vt 0.894460 0.404965
vt 0.791160 0.895388
vt 0.791464 0.895381
vt 0.894578 0.405172
vt 0.791123 0.891183
vt 0.889314 0.404959
vt 0.791426 0.891152
vt 0.889470 0.405151
vt 0.745781 0.918879
vt 0.898735 0.402585
vt 0.745478 0.918907
vt 0.898731 0.402384
vt 0.899339 0.406171
vt 0.791209 0.899538
vt 0.791511 0.899531
vt 0.899375 0.406380
vt 0.910694 0.427099
vt 0.745710 0.834770
vt 0.745407 0.834770
vt 0.911035 0.427216
vt 0.745711 0.839386
vt 0.907075 0.430566
vt 0.745408 0.839427
vt 0.907354 0.430735
vt 0.745718 0.844564
vt 0.901937 0.433398
vt 0.745415 0.844607
vt 0.902145 0.433602
vt 0.745730 0.850202
vt 0.895530 0.435031
vt 0.745427 0.850238
vt 0.895646 0.435261
vt 0.887865 0.431201
vt 0.791100 0.854837
vt 0.791403 0.854837
vt 0.887824 0.430953
vt 0.791137 0.850539
vt 0.893157 0.431619
vt 0.791441 0.850514
vt 0.893019 0.431375
vt 0.791186 0.846276
vt 0.898302 0.430701
vt 0.791486 0.846249
vt 0.898057 0.430486
vt 0.791244 0.842101
vt 0.902744 0.428579
vt 0.791548 0.842080
vt 0.902422 0.428408
vt 0.870709 0.427023
vt 0.745754 0.873785
vt 0.745451 0.873776
vt 0.870464 0.427182
vt 0.791037 0.870990
vt 0.875424 0.419594
vt 0.791341 0.870983
vt 0.875702 0.419521
vt 0.791479 0.830437
vt 0.791479 0.914606
vt 0.908961 0.418703
vt 0.791780 0.830537
vt 0.908743 0.418330
vt 0.791782 0.914600
vt 0.913553 0.423219
vt 0.745718 0.830822
vt 0.014712 0.519828
vt 0.745415 0.830822
vt 0.913516 0.423845
vt 0.913607 0.423694
vt 0.014916 0.519577
vt 0.916090 0.418139
vt 0.034392 0.653381
vt 0.110235 0.716147
vt 0.034392 0.653631
vt 0.110256 0.715896
vt 0.916391 0.418185
vt 0.036937 0.653381
vt 0.019207 0.519841
vt 0.915675 0.420376
vt 0.019510 0.519840
vt 0.037240 0.653381
vt 0.037240 0.653526
vt 0.019458 0.519589
vt 0.915967 0.420489
vt 0.915762 0.420624
vt 0.019282 0.519589
vt 0.037017 0.653631
vt 0.915993 0.420348
vt 0.906443 0.411162
vt 0.791324 0.907234
vt 0.791627 0.907226
vt 0.906371 0.411347
vt 0.745788 0.923595
vt 0.904079 0.404065
vt 0.745485 0.923610
vt 0.904127 0.403867
vt 0.903414 0.408371
vt 0.791263 0.903514
vt 0.791566 0.903507
vt 0.903383 0.408569
vt 0.947194 0.948306
vt 0.121118 0.731708
vt 0.764616 0.935232
vt 0.121152 0.731959
vt 0.946907 0.948375
vt 0.946877 0.948234
vt 0.121421 0.731852
vt 0.764916 0.935404
vt 0.121421 0.731708
vt 0.764612 0.935482
vt 0.764919 0.935263
vt 0.947103 0.948065
vt 0.117882 0.731708
vt 0.947818 0.951289
vt 0.117277 0.731708
vt 0.117704 0.731959
vt 0.947495 0.951188
vt 0.117579 0.731959
vt 0.947516 0.951292
vt 0.117579 0.731852
vt 0.117428 0.731959
vt 0.947516 0.951415
vt 0.117579 0.731708
vt 0.117882 0.716057
vt 0.117277 0.716060
vt 0.916089 0.412122
vt 0.117579 0.716057
vt 0.117579 0.715917
vt 0.117573 0.715807
vt 0.916390 0.412122
vt 0.117424 0.715808
vt 0.916390 0.412250
vt 0.916411 0.412021
vt 0.117703 0.715806
vt 0.916712 0.409138
vt 0.745718 0.935243
vt 0.121118 0.716057
vt 0.745411 0.935260
vt 0.916787 0.408892
vt 0.916956 0.408955
vt 0.745540 0.935494
vt 0.121323 0.715806
vt 0.121421 0.716062
vt 0.745716 0.935494
vt 0.916996 0.409221
vt 0.121136 0.715806
vt 0.948220 0.959539
vt 0.948888 0.959937
vt 0.018467 0.535405
vt 0.019073 0.535405
vt 0.948561 0.959784
vt 0.948591 0.960004
vt 0.018833 0.535655
vt 0.018589 0.535655
vt 0.948671 0.960138
vt 0.018770 0.535405
vt 0.019222 0.535655
vt 0.948199 0.959817
vt 0.948531 0.957235
vt 0.947922 0.957282
vt 0.948224 0.957231
vt 0.915687 0.420371
vt 0.019071 0.519839
vt 0.018466 0.519840
vt 0.915019 0.420769
vt 0.915708 0.420650
vt 0.019220 0.519589
vt 0.018768 0.519589
vt 0.915325 0.420770
vt 0.018768 0.519840
vt 0.915237 0.420968
vt 0.018590 0.519588
vt 0.915346 0.420615
vt 0.915985 0.418115
vt 0.915377 0.418064
vt 0.915682 0.418063
vt 0.948079 0.947922
vt 0.947514 0.948186
vt 0.764616 0.934908
vt 0.764615 0.934408
vt 0.947800 0.948054
vt 0.947740 0.947826
vt 0.764919 0.934658
vt 0.764918 0.934956
vt 0.947442 0.947938
vt 0.764616 0.934658
vt 0.764919 0.934442
vt 0.948007 0.947724
vt 0.948498 0.951407
vt 0.947887 0.951289
vt 0.948189 0.951307
vt 0.915409 0.412227
vt 0.916019 0.412122
vt 0.915718 0.412137
vt 0.916392 0.409018
vt 0.915825 0.408760
vt 0.745728 0.934417
vt 0.745723 0.934918
vt 0.916106 0.408889
vt 0.916135 0.408647
vt 0.745421 0.934694
vt 0.745425 0.934450
vt 0.915897 0.408556
vt 0.745725 0.934667
vt 0.745416 0.934963
vt 0.916461 0.408769
vt 0.715486 0.912661
vt 0.925817 0.873867
vt 0.925591 0.873788
vt 0.715183 0.912664
vt 0.935371 0.876624
vt 0.640791 0.267614
vt 0.640489 0.267605
vt 0.934894 0.876915
vt 0.640491 0.267483
vt 0.935042 0.876903
vt 0.640426 0.304001
vt 0.935638 0.904180
vt 0.640123 0.304009
vt 0.935628 0.903943
vt 0.929699 0.909118
vt 0.715493 0.872695
vt 0.715190 0.872695
vt 0.929646 0.909381
vt 0.927192 0.900144
vt 0.640460 0.295937
vt 0.640157 0.295934
vt 0.927305 0.899923
vt 0.640440 0.299922
vt 0.930983 0.902683
vt 0.640137 0.299934
vt 0.931048 0.902451
vt 0.715527 0.843520
vt 0.958025 0.899146
vt 0.715224 0.843539
vt 0.958299 0.899217
vt 0.949321 0.901276
vt 0.640438 0.315849
vt 0.640135 0.315848
vt 0.949093 0.901150
vt 0.715493 0.878370
vt 0.924352 0.905663
vt 0.715190 0.878412
vt 0.924201 0.905866
vt 0.640457 0.319919
vt 0.952594 0.898132
vt 0.640157 0.319932
vt 0.952330 0.898069
vt 0.640779 0.345155
vt 0.943698 0.877003
vt 0.640476 0.345158
vt 0.943559 0.877292
vt 0.715491 0.884042
vt 0.920718 0.900912
vt 0.715188 0.884090
vt 0.920528 0.901074
vt 0.715487 0.889690
vt 0.919012 0.895495
vt 0.715185 0.889739
vt 0.918797 0.895612
vt 0.715489 0.895194
vt 0.919037 0.890042
vt 0.715186 0.895236
vt 0.918805 0.890116
vt 0.715487 0.900384
vt 0.920042 0.884990
vt 0.715185 0.900415
vt 0.919807 0.885003
vt 0.924428 0.884237
vt 0.640599 0.279095
vt 0.640296 0.279089
vt 0.924659 0.884197
vt 0.922846 0.888213
vt 0.640551 0.283213
vt 0.640247 0.283206
vt 0.923079 0.888101
vt 0.640511 0.287533
vt 0.922768 0.892583
vt 0.640208 0.287559
vt 0.922986 0.892452
vt 0.924297 0.896643
vt 0.640484 0.291740
vt 0.640181 0.291736
vt 0.924462 0.896446
vt 0.949676 0.875120
vt 0.715560 0.816279
vt 0.715258 0.816279
vt 0.949805 0.874823
vt 0.715557 0.820893
vt 0.953862 0.878116
vt 0.715254 0.820938
vt 0.954058 0.877875
vt 0.715549 0.826072
vt 0.957279 0.882367
vt 0.715246 0.826119
vt 0.957520 0.882186
vt 0.715542 0.831709
vt 0.959249 0.887668
vt 0.715239 0.831748
vt 0.959522 0.887565
vt 0.640523 0.328483
vt 0.955248 0.889757
vt 0.640220 0.328512
vt 0.954966 0.889871
vt 0.640571 0.332763
vt 0.954206 0.885468
vt 0.640268 0.332797
vt 0.953958 0.885671
vt 0.640629 0.336950
vt 0.951695 0.881753
vt 0.640326 0.336979
vt 0.951500 0.882018
vt 0.948040 0.878863
vt 0.640698 0.341100
vt 0.640395 0.341101
vt 0.947908 0.879163
vt 0.949566 0.908211
vt 0.715512 0.855293
vt 0.715209 0.855285
vt 0.949760 0.908409
vt 0.943143 0.910508
vt 0.715504 0.861164
vt 0.715201 0.861159
vt 0.943257 0.910753
vt 0.640424 0.307914
vt 0.940433 0.904373
vt 0.640121 0.307920
vt 0.940346 0.904152
vt 0.945140 0.903389
vt 0.640428 0.311867
vt 0.640125 0.311865
vt 0.944973 0.903207
vt 0.715516 0.849414
vt 0.954681 0.904248
vt 0.715213 0.849430
vt 0.954915 0.904397
vt 0.715499 0.866972
vt 0.936225 0.910817
vt 0.715196 0.867000
vt 0.936215 0.911074
vt 0.959520 0.893451
vt 0.715532 0.837596
vt 0.715230 0.837596
vt 0.959814 0.893408
vt 0.954667 0.894153
vt 0.640485 0.324161
vt 0.640182 0.324160
vt 0.954378 0.894195
vt 0.640867 0.348861
vt 0.640870 0.264057
vt 0.939402 0.876293
vt 0.640563 0.348825
vt 0.640567 0.264051
vt 0.939168 0.876564
vt 0.944895 0.872705
vt 0.715566 0.812334
vt 0.019511 0.478788
vt 0.715263 0.812334
vt 0.945734 0.872769
vt 0.945527 0.872685
vt 0.019281 0.479039
vt 0.938838 0.870637
vt 0.072744 0.607409
vt 0.174161 0.730609
vt 0.072744 0.607659
vt 0.938892 0.870388
vt 0.174138 0.730860
vt 0.075289 0.607409
vt 0.015015 0.478788
vt 0.941541 0.870983
vt 0.075591 0.607409
vt 0.014712 0.478788
vt 0.075591 0.607557
vt 0.014765 0.479039
vt 0.941678 0.870742
vt 0.941841 0.870912
vt 0.014940 0.479039
vt 0.075369 0.607659
vt 0.941507 0.870720
vt 0.715487 0.905104
vt 0.921834 0.880567
vt 0.715185 0.905123
vt 0.921599 0.880537
vt 0.715484 0.909195
vt 0.923641 0.876803
vt 0.715181 0.909212
vt 0.923415 0.876736
vt 0.927155 0.880849
vt 0.640655 0.275075
vt 0.640352 0.275067
vt 0.927371 0.880860
vt 0.930564 0.878352
vt 0.640716 0.271341
vt 0.640413 0.271333
vt 0.930760 0.878396
vt 0.972651 0.445809
vt 0.659614 0.268126
vt 0.972742 0.445628
vt 0.659917 0.268135
vt 0.963937 0.448817
vt 0.734331 0.912672
vt 0.963706 0.448900
vt 0.734634 0.912672
vt 0.974347 0.411878
vt 0.734332 0.866982
vt 0.974333 0.411618
vt 0.734635 0.867010
vt 0.973883 0.418590
vt 0.659257 0.304110
vt 0.973875 0.418832
vt 0.659559 0.304119
vt 0.734334 0.861175
vt 0.981266 0.412189
vt 0.981377 0.411940
vt 0.734637 0.861169
vt 0.961760 0.445877
vt 0.734310 0.909204
vt 0.961529 0.445953
vt 0.734613 0.909218
vt 0.659290 0.296097
vt 0.965403 0.422484
vt 0.965523 0.422708
vt 0.659593 0.296100
vt 0.969308 0.419987
vt 0.659269 0.300129
vt 0.969377 0.420224
vt 0.659572 0.300144
vt 0.734329 0.872703
vt 0.967825 0.413574
vt 0.967764 0.413311
vt 0.734632 0.872703
vt 0.962476 0.417030
vt 0.734321 0.878382
vt 0.962319 0.416825
vt 0.734624 0.878424
vt 0.992801 0.418451
vt 0.734351 0.849425
vt 0.993035 0.418296
vt 0.734654 0.849439
vt 0.659268 0.315933
vt 0.987496 0.421555
vt 0.987266 0.421690
vt 0.659571 0.315934
vt 0.734364 0.837606
vt 0.997636 0.429250
vt 0.997932 0.429284
vt 0.734667 0.837607
vt 0.996142 0.423554
vt 0.734355 0.843532
vt 0.996418 0.423477
vt 0.734658 0.843549
vt 0.990719 0.424720
vt 0.659288 0.319991
vt 0.990449 0.424788
vt 0.659591 0.320002
vt 0.958845 0.421775
vt 0.734321 0.884051
vt 0.958647 0.421616
vt 0.734624 0.884098
vt 0.659258 0.311978
vt 0.983382 0.419404
vt 0.983215 0.419595
vt 0.659561 0.311980
vt 0.659530 0.341040
vt 0.985879 0.443789
vt 0.985736 0.443502
vt 0.659833 0.341039
vt 0.981627 0.445537
vt 0.659609 0.344973
vt 0.981485 0.445256
vt 0.659912 0.344970
vt 0.659313 0.292007
vt 0.962546 0.425881
vt 0.962722 0.426076
vt 0.659616 0.292012
vt 0.957138 0.427185
vt 0.734319 0.889699
vt 0.956914 0.427076
vt 0.734622 0.889745
vt 0.957160 0.432630
vt 0.734325 0.895203
vt 0.956922 0.432571
vt 0.734628 0.895240
vt 0.659376 0.283652
vt 0.961047 0.434151
vt 0.961290 0.434247
vt 0.659680 0.283659
vt 0.961037 0.429892
vt 0.659339 0.287857
vt 0.961265 0.430019
vt 0.659642 0.287888
vt 0.958165 0.437688
vt 0.734321 0.900395
vt 0.957923 0.437685
vt 0.734624 0.900422
vt 0.659425 0.279502
vt 0.962506 0.438189
vt 0.962749 0.438217
vt 0.659728 0.279509
vt 0.734387 0.816291
vt 0.987779 0.447586
vt 0.987921 0.447869
vt 0.734690 0.816292
vt 0.991967 0.444591
vt 0.734390 0.820905
vt 0.992171 0.444822
vt 0.734693 0.820946
vt 0.995389 0.440337
vt 0.734383 0.826083
vt 0.995636 0.440510
vt 0.734686 0.826126
vt 0.997362 0.435034
vt 0.734370 0.831721
vt 0.997640 0.435130
vt 0.734673 0.831757
vt 0.659316 0.324203
vt 0.992730 0.428689
vt 0.992435 0.428655
vt 0.659619 0.324204
vt 0.993233 0.433067
vt 0.659354 0.328502
vt 0.992945 0.432955
vt 0.659657 0.328526
vt 0.992125 0.437323
vt 0.659402 0.332764
vt 0.991871 0.437126
vt 0.659702 0.332791
vt 0.989561 0.440997
vt 0.659461 0.336939
vt 0.989361 0.440739
vt 0.659764 0.336960
vt 0.734344 0.855305
vt 0.987687 0.414487
vt 0.987879 0.414284
vt 0.734647 0.855296
vt 0.978713 0.418393
vt 0.659254 0.308050
vt 0.978625 0.418620
vt 0.659557 0.308057
vt 0.977395 0.446240
vt 0.659695 0.348603
vt 0.659695 0.264435
vt 0.659997 0.348565
vt 0.659998 0.264440
vt 0.977186 0.445972
vt 0.734383 0.812343
vt 0.019510 0.463209
vt 0.983093 0.449954
vt 0.983849 0.449923
vt 0.734686 0.812343
vt 0.019307 0.462959
vt 0.983667 0.449998
vt 0.072744 0.591847
vt 0.174157 0.715043
vt 0.976954 0.452054
vt 0.072744 0.591596
vt 0.977010 0.452303
vt 0.174136 0.714792
vt 0.075289 0.591844
vt 0.979658 0.451710
vt 0.015015 0.463223
vt 0.979586 0.451978
vt 0.075331 0.591593
vt 0.075538 0.591593
vt 0.979872 0.451905
vt 0.014712 0.463081
vt 0.014979 0.462971
vt 0.979977 0.451753
vt 0.075591 0.591849
vt 0.014712 0.463227
vt 0.659541 0.271807
vt 0.968544 0.444064
vt 0.968750 0.444009
vt 0.659843 0.271814
vt 0.959953 0.442111
vt 0.734310 0.905115
vt 0.959714 0.442151
vt 0.734613 0.905130
vt 0.659480 0.275526
vt 0.965168 0.441559
vt 0.965394 0.441535
vt 0.659783 0.275534
vt 0.927966 0.870123
vt 0.715483 0.916754
vt 0.163276 0.730610
vt 0.927669 0.870059
vt 0.715180 0.916772
vt 0.927746 0.869920
vt 0.715313 0.917005
vt 0.163071 0.730861
vt 0.715489 0.917005
vt 0.162974 0.730608
vt 0.928066 0.869888
vt 0.163259 0.730861
vt 0.166515 0.730610
vt 0.167120 0.730610
vt 0.931570 0.870639
vt 0.166818 0.730610
vt 0.166818 0.730758
vt 0.166821 0.730861
vt 0.931570 0.870390
vt 0.931721 0.870390
vt 0.166969 0.730861
vt 0.931447 0.870372
vt 0.166693 0.730861
vt 0.969686 0.452053
vt 0.167117 0.714962
vt 0.166511 0.714959
vt 0.969842 0.452302
vt 0.166969 0.714710
vt 0.969692 0.452302
vt 0.166814 0.714816
vt 0.166814 0.714709
vt 0.166814 0.714959
vt 0.166690 0.714709
vt 0.969564 0.452320
vt 0.966082 0.452568
vt 0.163276 0.714960
vt 0.734383 0.916764
vt 0.163242 0.714709
vt 0.966165 0.452806
vt 0.965994 0.452831
vt 0.162974 0.714817
vt 0.734694 0.916936
vt 0.734387 0.917015
vt 0.162974 0.714963
vt 0.965790 0.452642
vt 0.734690 0.916793
vt 0.941535 0.870973
vt 0.015151 0.478788
vt 0.015756 0.478788
vt 0.942016 0.871526
vt 0.941871 0.870956
vt 0.015002 0.479039
vt 0.015453 0.479039
vt 0.942017 0.871273
vt 0.015453 0.478788
vt 0.942259 0.871346
vt 0.015635 0.479039
vt 0.941831 0.871256
vt 0.938809 0.870726
vt 0.938753 0.871230
vt 0.938747 0.870976
vt 0.979652 0.451719
vt 0.980133 0.451167
vt 0.015756 0.463221
vt 0.015151 0.463221
vt 0.979947 0.451437
vt 0.980214 0.451413
vt 0.015390 0.462971
vt 0.015632 0.462970
vt 0.980374 0.451347
vt 0.015453 0.463222
vt 0.015002 0.462971
vt 0.979988 0.451737
vt 0.976865 0.451463
vt 0.976926 0.451966
vt 0.976863 0.451716
vt 0.927502 0.870856
vt 0.715484 0.915926
vt 0.715483 0.916428
vt 0.927821 0.870388
vt 0.927263 0.870796
vt 0.715181 0.915961
vt 0.715181 0.916204
vt 0.927458 0.870607
vt 0.715484 0.916177
vt 0.927521 0.870328
vt 0.715182 0.916476
vt 0.927661 0.870624
vt 0.931570 0.870697
vt 0.931712 0.871202
vt 0.931591 0.870946
vt 0.969686 0.451995
vt 0.969813 0.451490
vt 0.969704 0.451746
vt 0.965937 0.452303
vt 0.734379 0.916438
vt 0.734375 0.915937
vt 0.965625 0.451834
vt 0.965636 0.452361
vt 0.734685 0.916484
vt 0.734680 0.916187
vt 0.965575 0.452084
vt 0.734377 0.916187
vt 0.965378 0.451894
vt 0.734678 0.915970
vt 0.965781 0.452067
vt 0.775603 0.272821
vt 0.863647 0.333313
vt 0.863421 0.333234
vt 0.775906 0.272819
vt 0.873200 0.336070
vt 0.780313 0.272067
vt 0.780010 0.272059
vt 0.872724 0.336361
vt 0.780013 0.271936
vt 0.872871 0.336349
vt 0.779948 0.308454
vt 0.873466 0.363626
vt 0.779645 0.308462
vt 0.873456 0.363389
vt 0.867527 0.368564
vt 0.775596 0.312784
vt 0.775899 0.312785
vt 0.867474 0.368826
vt 0.865020 0.359589
vt 0.779982 0.300390
vt 0.779679 0.300387
vt 0.865134 0.359368
vt 0.779962 0.304375
vt 0.868811 0.362129
vt 0.779659 0.304387
vt 0.868876 0.361897
vt 0.775570 0.341956
vt 0.895853 0.358594
vt 0.775873 0.341937
vt 0.896128 0.358665
vt 0.887148 0.360723
vt 0.779960 0.320303
vt 0.779657 0.320301
vt 0.886921 0.360597
vt 0.775597 0.307110
vt 0.862180 0.365108
vt 0.775900 0.307068
vt 0.862029 0.365311
vt 0.779979 0.324373
vt 0.890422 0.357579
vt 0.779678 0.324385
vt 0.890158 0.357516
vt 0.780301 0.349608
vt 0.881528 0.336449
vt 0.779998 0.349611
vt 0.881389 0.336738
vt 0.775600 0.301438
vt 0.858547 0.360357
vt 0.775903 0.301390
vt 0.858356 0.360519
vt 0.775604 0.295790
vt 0.856841 0.354940
vt 0.775907 0.295742
vt 0.856626 0.355058
vt 0.775601 0.290287
vt 0.856866 0.349488
vt 0.775904 0.290244
vt 0.856634 0.349561
vt 0.775600 0.285097
vt 0.857872 0.344435
vt 0.775903 0.285066
vt 0.857636 0.344449
vt 0.862257 0.343682
vt 0.780121 0.283548
vt 0.779818 0.283542
vt 0.862489 0.343642
vt 0.860675 0.347658
vt 0.780072 0.287666
vt 0.779769 0.287659
vt 0.860908 0.347546
vt 0.780033 0.291987
vt 0.860597 0.352028
vt 0.779730 0.292013
vt 0.860815 0.351898
vt 0.862126 0.356089
vt 0.780006 0.296193
vt 0.779703 0.296189
vt 0.862291 0.355892
vt 0.887507 0.334566
vt 0.775533 0.369197
vt 0.775836 0.369198
vt 0.887636 0.334270
vt 0.775533 0.364584
vt 0.891693 0.337563
vt 0.775836 0.364539
vt 0.891889 0.337322
vt 0.775542 0.359406
vt 0.895110 0.341815
vt 0.775845 0.359359
vt 0.895350 0.341634
vt 0.775552 0.353765
vt 0.897078 0.347116
vt 0.775855 0.353726
vt 0.897352 0.347013
vt 0.780044 0.332937
vt 0.893077 0.349204
vt 0.779742 0.332966
vt 0.892796 0.349319
vt 0.780092 0.337217
vt 0.892036 0.344916
vt 0.779790 0.337250
vt 0.891787 0.345118
vt 0.780151 0.341403
vt 0.889525 0.341200
vt 0.779848 0.341432
vt 0.889330 0.341465
vt 0.885870 0.338310
vt 0.780220 0.345553
vt 0.779917 0.345554
vt 0.885738 0.338610
vt 0.887393 0.367658
vt 0.775583 0.330182
vt 0.775886 0.330190
vt 0.887587 0.367856
vt 0.880970 0.369954
vt 0.775589 0.324315
vt 0.775892 0.324320
vt 0.881084 0.370199
vt 0.779946 0.312367
vt 0.878261 0.363820
vt 0.779643 0.312373
vt 0.878174 0.363598
vt 0.882968 0.362836
vt 0.779950 0.316320
vt 0.779647 0.316318
vt 0.882801 0.362654
vt 0.775575 0.336065
vt 0.892509 0.363696
vt 0.775878 0.336049
vt 0.892743 0.363845
vt 0.775594 0.318507
vt 0.874052 0.370263
vt 0.775897 0.318478
vt 0.874042 0.370520
vt 0.897349 0.352899
vt 0.775560 0.347878
vt 0.775863 0.347879
vt 0.897643 0.352856
vt 0.892495 0.353601
vt 0.780007 0.328614
vt 0.779704 0.328614
vt 0.892206 0.353642
vt 0.780389 0.353314
vt 0.780392 0.268511
vt 0.877231 0.335739
vt 0.780085 0.353278
vt 0.780089 0.268505
vt 0.876997 0.336010
vt 0.882727 0.332151
vt 0.775530 0.373146
vt 0.040692 0.576706
vt 0.775833 0.373146
vt 0.883565 0.332215
vt 0.883359 0.332131
vt 0.040462 0.576957
vt 0.876667 0.330083
vt 0.035137 0.615052
vt 0.083929 0.726519
vt 0.035137 0.615303
vt 0.876721 0.329834
vt 0.083907 0.726770
vt 0.037681 0.615049
vt 0.036195 0.576706
vt 0.879373 0.330428
vt 0.037984 0.615049
vt 0.035892 0.576706
vt 0.037984 0.615192
vt 0.035945 0.576957
vt 0.879509 0.330187
vt 0.879672 0.330357
vt 0.036121 0.576957
vt 0.037761 0.615300
vt 0.879338 0.330165
vt 0.775604 0.280378
vt 0.859664 0.340013
vt 0.775907 0.280360
vt 0.859429 0.339983
vt 0.775605 0.276290
vt 0.861470 0.336249
vt 0.775908 0.276274
vt 0.861244 0.336181
vt 0.864984 0.340295
vt 0.780176 0.279528
vt 0.779874 0.279521
vt 0.865201 0.340306
vt 0.868394 0.337798
vt 0.780238 0.275794
vt 0.779935 0.275787
vt 0.868590 0.337841
vt 0.930610 0.859913
vt 0.799135 0.272580
vt 0.930700 0.859732
vt 0.799438 0.272588
vt 0.921895 0.862921
vt 0.756761 0.272811
vt 0.921663 0.863004
vt 0.756458 0.272810
vt 0.932304 0.825981
vt 0.756762 0.318496
vt 0.932290 0.825721
vt 0.756459 0.318468
vt 0.931839 0.832693
vt 0.798778 0.308563
vt 0.931831 0.832936
vt 0.799081 0.308573
vt 0.756754 0.324305
vt 0.939223 0.826292
vt 0.939333 0.826043
vt 0.756451 0.324311
vt 0.919717 0.859981
vt 0.756781 0.276279
vt 0.919487 0.860057
vt 0.756478 0.276265
vt 0.798811 0.300551
vt 0.923359 0.836587
vt 0.923480 0.836812
vt 0.799114 0.300553
vt 0.927265 0.834090
vt 0.798791 0.304583
vt 0.927334 0.834327
vt 0.799094 0.304597
vt 0.756761 0.312775
vt 0.925782 0.827678
vt 0.925721 0.827415
vt 0.756458 0.312775
vt 0.920432 0.831133
vt 0.756766 0.307101
vt 0.920276 0.830929
vt 0.756463 0.307059
vt 0.950757 0.832554
vt 0.756743 0.336051
vt 0.950991 0.832399
vt 0.756440 0.336037
vt 0.798790 0.320386
vt 0.945453 0.835658
vt 0.945223 0.835793
vt 0.799093 0.320388
vt 0.756729 0.347872
vt 0.955593 0.843353
vt 0.955889 0.843387
vt 0.756426 0.347872
vt 0.954099 0.837657
vt 0.756735 0.341947
vt 0.954375 0.837580
vt 0.756432 0.341930
vt 0.948676 0.838823
vt 0.798809 0.324444
vt 0.948405 0.838891
vt 0.799112 0.324455
vt 0.916802 0.835878
vt 0.756768 0.301427
vt 0.916603 0.835719
vt 0.756465 0.301381
vt 0.798780 0.316431
vt 0.941338 0.833507
vt 0.941171 0.833698
vt 0.799083 0.316433
vt 0.799052 0.345493
vt 0.943837 0.857892
vt 0.943693 0.857605
vt 0.799355 0.345492
vt 0.939584 0.859640
vt 0.799131 0.349426
vt 0.939442 0.859360
vt 0.799434 0.349423
vt 0.798834 0.296461
vt 0.920503 0.839984
vt 0.920679 0.840179
vt 0.799137 0.296465
vt 0.915095 0.841289
vt 0.756769 0.295780
vt 0.914871 0.841179
vt 0.756466 0.295734
vt 0.915117 0.846734
vt 0.756766 0.290276
vt 0.914879 0.846674
vt 0.756463 0.290239
vt 0.798898 0.288105
vt 0.919004 0.848255
vt 0.919247 0.848350
vt 0.799202 0.288113
vt 0.918994 0.843996
vt 0.798862 0.292310
vt 0.919222 0.844122
vt 0.799164 0.292341
vt 0.916122 0.851791
vt 0.756769 0.285086
vt 0.915881 0.851788
vt 0.756466 0.285058
vt 0.798947 0.283956
vt 0.920463 0.852293
vt 0.920707 0.852321
vt 0.799250 0.283962
vt 0.756701 0.369191
vt 0.945737 0.861689
vt 0.945878 0.861971
vt 0.756398 0.369191
vt 0.949924 0.858694
vt 0.756702 0.364573
vt 0.950129 0.858925
vt 0.756399 0.364533
vt 0.953347 0.854440
vt 0.756710 0.359396
vt 0.953593 0.854613
vt 0.756407 0.359352
vt 0.955319 0.849137
vt 0.756720 0.353757
vt 0.955597 0.849233
vt 0.756417 0.353721
vt 0.798838 0.328656
vt 0.950687 0.842792
vt 0.950392 0.842758
vt 0.799141 0.328657
vt 0.951191 0.847169
vt 0.798875 0.332955
vt 0.950903 0.847058
vt 0.799179 0.332979
vt 0.950082 0.851426
vt 0.798924 0.337218
vt 0.949828 0.851229
vt 0.799224 0.337244
vt 0.947519 0.855100
vt 0.798982 0.341393
vt 0.947318 0.854842
vt 0.799286 0.341413
vt 0.756748 0.330173
vt 0.945643 0.828590
vt 0.945835 0.828387
vt 0.756445 0.330182
vt 0.936669 0.832496
vt 0.798775 0.312503
vt 0.936581 0.832724
vt 0.799078 0.312511
vt 0.935352 0.860344
vt 0.799217 0.353057
vt 0.799217 0.268888
vt 0.799519 0.353018
vt 0.799520 0.268894
vt 0.935144 0.860076
vt 0.756714 0.373138
vt 0.040691 0.561132
vt 0.941050 0.864057
vt 0.941807 0.864026
vt 0.756411 0.373138
vt 0.040488 0.560882
vt 0.941624 0.864101
vt 0.035137 0.599486
vt 0.083929 0.710953
vt 0.934913 0.866158
vt 0.035137 0.599235
vt 0.934968 0.866407
vt 0.083908 0.710702
vt 0.037681 0.599486
vt 0.937616 0.865813
vt 0.036195 0.561142
vt 0.937544 0.866081
vt 0.037723 0.599235
vt 0.037930 0.599235
vt 0.937830 0.866008
vt 0.035892 0.560996
vt 0.036159 0.560891
vt 0.937935 0.865857
vt 0.037984 0.599486
vt 0.035892 0.561141
vt 0.799062 0.276260
vt 0.926502 0.858168
vt 0.926708 0.858113
vt 0.799365 0.276268
vt 0.917911 0.856215
vt 0.756780 0.280369
vt 0.917672 0.856255
vt 0.756478 0.280354
vt 0.799002 0.279980
vt 0.923125 0.855663
vt 0.923352 0.855639
vt 0.799304 0.279987
vt 0.865796 0.329569
vt 0.775609 0.268730
vt 0.073047 0.726519
vt 0.865498 0.329505
vt 0.775912 0.268712
vt 0.865575 0.329365
vt 0.775787 0.268479
vt 0.072842 0.726770
vt 0.775611 0.268479
vt 0.072744 0.726521
vt 0.865895 0.329333
vt 0.073029 0.726769
vt 0.076283 0.726516
vt 0.076888 0.726516
vt 0.869399 0.330085
vt 0.076585 0.726516
vt 0.076585 0.726659
vt 0.076589 0.726767
vt 0.869400 0.329835
vt 0.869551 0.329835
vt 0.076736 0.726767
vt 0.869277 0.329818
vt 0.076461 0.726767
vt 0.927644 0.866157
vt 0.076888 0.710868
vt 0.076283 0.710866
vt 0.927799 0.866406
vt 0.076740 0.710617
vt 0.927650 0.866406
vt 0.076586 0.710722
vt 0.076586 0.710615
vt 0.076586 0.710866
vt 0.076462 0.710615
vt 0.927522 0.866424
vt 0.924040 0.866673
vt 0.073047 0.710865
vt 0.756710 0.268719
vt 0.073012 0.710615
vt 0.924123 0.866910
vt 0.923952 0.866935
vt 0.072744 0.710722
vt 0.756398 0.268548
vt 0.756705 0.268469
vt 0.072744 0.710868
vt 0.923748 0.866746
vt 0.756403 0.268691
vt 0.879366 0.330418
vt 0.036331 0.576706
vt 0.036936 0.576706
vt 0.879847 0.330971
vt 0.879703 0.330401
vt 0.036182 0.576957
vt 0.036634 0.576957
vt 0.879849 0.330718
vt 0.036634 0.576706
vt 0.880091 0.330792
vt 0.036815 0.576957
vt 0.879662 0.330701
vt 0.876640 0.330171
vt 0.876584 0.330675
vt 0.876577 0.330421
vt 0.937609 0.865823
vt 0.938090 0.865270
vt 0.036936 0.561141
vt 0.036331 0.561140
vt 0.937904 0.865540
vt 0.938171 0.865516
vt 0.036570 0.560891
vt 0.036812 0.560890
vt 0.938331 0.865451
vt 0.036634 0.561141
vt 0.036182 0.560891
vt 0.937946 0.865840
vt 0.934822 0.865566
vt 0.934884 0.866070
vt 0.934821 0.865820
vt 0.865332 0.330302
vt 0.775604 0.269556
vt 0.775606 0.269055
vt 0.865650 0.329834
vt 0.865092 0.330242
vt 0.775907 0.269522
vt 0.775907 0.269278
vt 0.865287 0.330053
vt 0.775604 0.269306
vt 0.865351 0.329774
vt 0.775908 0.269007
vt 0.865491 0.330070
vt 0.869399 0.330143
vt 0.869542 0.330648
vt 0.869420 0.330392
vt 0.927644 0.866099
vt 0.927771 0.865594
vt 0.927662 0.865850
vt 0.923895 0.866408
vt 0.756714 0.269046
vt 0.756719 0.269547
vt 0.923583 0.865939
vt 0.923594 0.866465
vt 0.756408 0.269000
vt 0.756413 0.269296
vt 0.923532 0.866188
vt 0.756716 0.269297
vt 0.923336 0.865998
vt 0.756416 0.269513
vt 0.923738 0.866171
vt 0.503787 0.551231
vt 0.232617 0.595945
vt 0.232314 0.595942
vt 0.503561 0.551310
vt 0.799051 0.910697
vt 0.513341 0.548474
vt 0.512864 0.548183
vt 0.798748 0.910706
vt 0.513012 0.548195
vt 0.798751 0.910828
vt 0.513606 0.520918
vt 0.798686 0.874310
vt 0.513596 0.521154
vt 0.798383 0.874302
vt 0.232628 0.635913
vt 0.507666 0.515980
vt 0.507614 0.515718
vt 0.232325 0.635913
vt 0.798720 0.882375
vt 0.505160 0.524955
vt 0.505274 0.525175
vt 0.798417 0.882377
vt 0.508951 0.522415
vt 0.798699 0.878389
vt 0.509016 0.522647
vt 0.798396 0.878377
vt 0.535993 0.525950
vt 0.232658 0.665085
vt 0.536268 0.525879
vt 0.232355 0.665066
vt 0.798697 0.862462
vt 0.527289 0.523821
vt 0.527061 0.523947
vt 0.798394 0.862463
vt 0.502320 0.519436
vt 0.232625 0.630240
vt 0.502169 0.519232
vt 0.232322 0.630197
vt 0.530562 0.526965
vt 0.798716 0.858392
vt 0.530298 0.527028
vt 0.798416 0.858379
vt 0.521668 0.548094
vt 0.799039 0.833156
vt 0.521529 0.547805
vt 0.798736 0.833153
vt 0.498687 0.524187
vt 0.232623 0.624566
vt 0.498496 0.524025
vt 0.232320 0.624517
vt 0.496981 0.529604
vt 0.232621 0.618918
vt 0.496766 0.529486
vt 0.232318 0.618869
vt 0.497006 0.535056
vt 0.232617 0.613413
vt 0.496774 0.534983
vt 0.232314 0.613370
vt 0.498012 0.540108
vt 0.232619 0.608221
vt 0.497777 0.540095
vt 0.232316 0.608190
vt 0.798858 0.899216
vt 0.502397 0.540862
vt 0.502629 0.540901
vt 0.798556 0.899222
vt 0.798810 0.895098
vt 0.500816 0.536886
vt 0.501048 0.536997
vt 0.798507 0.895105
vt 0.500737 0.532516
vt 0.798771 0.890778
vt 0.500955 0.532646
vt 0.798468 0.890752
vt 0.798744 0.886571
vt 0.502266 0.528455
vt 0.502431 0.528652
vt 0.798441 0.886575
vt 0.232700 0.692327
vt 0.527647 0.549977
vt 0.527776 0.550273
vt 0.232397 0.692328
vt 0.531833 0.546981
vt 0.232690 0.687713
vt 0.532029 0.547222
vt 0.232387 0.687667
vt 0.535249 0.542729
vt 0.232684 0.682535
vt 0.535490 0.542910
vt 0.232381 0.682488
vt 0.537218 0.537428
vt 0.232677 0.676897
vt 0.537492 0.537531
vt 0.232374 0.676859
vt 0.533217 0.535340
vt 0.798782 0.849828
vt 0.532936 0.535225
vt 0.798479 0.849799
vt 0.532176 0.539628
vt 0.798830 0.845547
vt 0.531928 0.539426
vt 0.798527 0.845514
vt 0.529666 0.543344
vt 0.798888 0.841361
vt 0.529471 0.543079
vt 0.798586 0.841332
vt 0.798958 0.837211
vt 0.526010 0.546234
vt 0.525879 0.545934
vt 0.798655 0.837210
vt 0.232643 0.653309
vt 0.527533 0.516886
vt 0.527727 0.516688
vt 0.232340 0.653317
vt 0.232638 0.647444
vt 0.521110 0.514589
vt 0.521224 0.514345
vt 0.232335 0.647449
vt 0.518401 0.520724
vt 0.798683 0.870397
vt 0.518314 0.520946
vt 0.798380 0.870391
vt 0.798687 0.866444
vt 0.523108 0.521707
vt 0.522941 0.521890
vt 0.798384 0.866446
vt 0.532649 0.520848
vt 0.232649 0.659191
vt 0.532883 0.520699
vt 0.232346 0.659175
vt 0.514192 0.514280
vt 0.232630 0.641636
vt 0.514182 0.514024
vt 0.232327 0.641608
vt 0.232668 0.671009
vt 0.537489 0.531645
vt 0.537783 0.531688
vt 0.232365 0.671009
vt 0.798744 0.854150
vt 0.532636 0.530943
vt 0.532347 0.530902
vt 0.798442 0.854151
vt 0.517372 0.548804
vt 0.799126 0.829450
vt 0.799129 0.914254
vt 0.798823 0.829486
vt 0.517138 0.548534
vt 0.798827 0.914260
vt 0.232701 0.696274
vt 0.034392 0.595885
vt 0.522867 0.552392
vt 0.523705 0.552328
vt 0.232399 0.696274
vt 0.034622 0.596136
vt 0.523499 0.552412
vt 0.038725 0.634218
vt 0.137094 0.716058
vt 0.516808 0.554460
vt 0.038725 0.634469
vt 0.137071 0.715807
vt 0.516862 0.554710
vt 0.036180 0.634218
vt 0.519513 0.554115
vt 0.038889 0.595884
vt 0.519441 0.554383
vt 0.036138 0.634469
vt 0.035931 0.634469
vt 0.519727 0.554309
vt 0.039191 0.596026
vt 0.038924 0.596134
vt 0.519832 0.554158
vt 0.039191 0.595880
vt 0.035878 0.634215
vt 0.499804 0.544531
vt 0.232617 0.603503
vt 0.499569 0.544561
vt 0.232314 0.603485
vt 0.501611 0.548295
vt 0.232615 0.599411
vt 0.501385 0.548362
vt 0.232312 0.599394
vt 0.798914 0.903236
vt 0.505125 0.544249
vt 0.505341 0.544238
vt 0.798611 0.903243
vt 0.798975 0.906970
vt 0.508534 0.546746
vt 0.508730 0.546702
vt 0.798672 0.906977
vt 0.817873 0.910184
vt 0.840616 0.919085
vt 0.818176 0.910176
vt 0.840684 0.919221
vt 0.251462 0.595934
vt 0.831879 0.916033
vt 0.251765 0.595934
vt 0.831648 0.915949
vt 0.251464 0.641624
vt 0.842288 0.952973
vt 0.251767 0.641596
vt 0.842274 0.953233
vt 0.817516 0.874201
vt 0.841823 0.946262
vt 0.817819 0.874192
vt 0.841816 0.946018
vt 0.849207 0.952662
vt 0.251468 0.647430
vt 0.251771 0.647436
vt 0.849317 0.952910
vt 0.251443 0.599403
vt 0.829702 0.918972
vt 0.251747 0.599389
vt 0.829472 0.918896
vt 0.833342 0.942369
vt 0.817549 0.882214
vt 0.817852 0.882211
vt 0.833464 0.942142
vt 0.817529 0.878182
vt 0.837249 0.944866
vt 0.817831 0.878167
vt 0.837318 0.944626
vt 0.835766 0.951276
vt 0.251460 0.635901
vt 0.251763 0.635900
vt 0.835705 0.951539
vt 0.251455 0.630226
vt 0.830416 0.947820
vt 0.251758 0.630184
vt 0.830260 0.948025
vt 0.251481 0.659181
vt 0.860741 0.946400
vt 0.251784 0.659166
vt 0.860975 0.946555
vt 0.855440 0.943297
vt 0.817528 0.862378
vt 0.817831 0.862377
vt 0.855208 0.943161
vt 0.865578 0.935601
vt 0.251498 0.670997
vt 0.251801 0.670997
vt 0.865874 0.935567
vt 0.251487 0.665072
vt 0.864084 0.941297
vt 0.251790 0.665055
vt 0.864359 0.941374
vt 0.817547 0.858320
vt 0.858664 0.940131
vt 0.817850 0.858309
vt 0.858391 0.940063
vt 0.251453 0.624554
vt 0.826785 0.943075
vt 0.251756 0.624507
vt 0.826587 0.943234
vt 0.851324 0.945448
vt 0.817517 0.866333
vt 0.817820 0.866331
vt 0.851156 0.945256
vt 0.853828 0.921050
vt 0.817789 0.837271
vt 0.818092 0.837272
vt 0.853678 0.921349
vt 0.817869 0.833338
vt 0.849562 0.919329
vt 0.818172 0.833341
vt 0.849427 0.919595
vt 0.830485 0.938972
vt 0.817572 0.886304
vt 0.817875 0.886299
vt 0.830663 0.938774
vt 0.251449 0.618906
vt 0.825079 0.937665
vt 0.251752 0.618860
vt 0.824856 0.937774
vt 0.251455 0.613402
vt 0.825102 0.932220
vt 0.251758 0.613365
vt 0.824863 0.932279
vt 0.828983 0.930701
vt 0.817636 0.894659
vt 0.817939 0.894652
vt 0.829232 0.930603
vt 0.817599 0.890454
vt 0.828974 0.934961
vt 0.817902 0.890423
vt 0.829206 0.934831
vt 0.251455 0.608212
vt 0.826107 0.927162
vt 0.251758 0.608184
vt 0.825865 0.927165
vt 0.830439 0.926662
vt 0.817685 0.898808
vt 0.817988 0.898802
vt 0.830691 0.926633
vt 0.855722 0.917265
vt 0.251528 0.692316
vt 0.251831 0.692315
vt 0.855863 0.916983
vt 0.251524 0.687700
vt 0.859910 0.920260
vt 0.251827 0.687660
vt 0.860114 0.920030
vt 0.251517 0.682521
vt 0.863331 0.924514
vt 0.251819 0.682478
vt 0.863578 0.924341
vt 0.251505 0.676884
vt 0.865304 0.929817
vt 0.251808 0.676848
vt 0.865582 0.929721
vt 0.860677 0.936162
vt 0.817575 0.854108
vt 0.817878 0.854107
vt 0.860377 0.936196
vt 0.817613 0.849809
vt 0.861181 0.931781
vt 0.817916 0.849785
vt 0.860887 0.931895
vt 0.817661 0.845547
vt 0.860073 0.927522
vt 0.817961 0.845519
vt 0.859812 0.927725
vt 0.817720 0.841372
vt 0.857509 0.923845
vt 0.818023 0.841351
vt 0.857302 0.924112
vt 0.855627 0.950364
vt 0.251475 0.653297
vt 0.251778 0.653306
vt 0.855819 0.950567
vt 0.817513 0.870261
vt 0.846655 0.946460
vt 0.817816 0.870254
vt 0.846566 0.946230
vt 0.817955 0.829708
vt 0.817955 0.913876
vt 0.845578 0.918698
vt 0.818255 0.829808
vt 0.845243 0.918897
vt 0.845128 0.918878
vt 0.818258 0.913870
vt 0.851035 0.914898
vt 0.251517 0.696262
vt 0.034392 0.580309
vt 0.251819 0.696262
vt 0.851792 0.914928
vt 0.851609 0.914854
vt 0.034596 0.580059
vt 0.844897 0.912796
vt 0.038725 0.618653
vt 0.137094 0.731622
vt 0.038725 0.618403
vt 0.137073 0.731873
vt 0.844953 0.912547
vt 0.036180 0.618654
vt 0.038888 0.580319
vt 0.847601 0.913141
vt 0.039190 0.580319
vt 0.035878 0.618653
vt 0.035878 0.618510
vt 0.039138 0.580068
vt 0.847737 0.912900
vt 0.847900 0.913070
vt 0.038963 0.580067
vt 0.036100 0.618403
vt 0.847567 0.912878
vt 0.836469 0.920781
vt 0.817800 0.906504
vt 0.818103 0.906497
vt 0.836692 0.920841
vt 0.251444 0.603494
vt 0.827896 0.922738
vt 0.251747 0.603479
vt 0.827656 0.922699
vt 0.833097 0.923289
vt 0.817739 0.902784
vt 0.818042 0.902777
vt 0.833336 0.923314
vt 0.505937 0.554975
vt 0.126211 0.716061
vt 0.232615 0.591852
vt 0.126177 0.715810
vt 0.506021 0.555213
vt 0.505849 0.555237
vt 0.125908 0.715915
vt 0.232314 0.591679
vt 0.125908 0.716061
vt 0.232617 0.591601
vt 0.232312 0.591821
vt 0.505646 0.555051
vt 0.129447 0.716061
vt 0.509540 0.554459
vt 0.130052 0.716061
vt 0.129625 0.715810
vt 0.509418 0.554726
vt 0.129750 0.715810
vt 0.509544 0.554708
vt 0.129750 0.715913
vt 0.129901 0.715810
vt 0.509692 0.554708
vt 0.129750 0.716061
vt 0.129447 0.731712
vt 0.130052 0.731710
vt 0.837629 0.912797
vt 0.129750 0.731712
vt 0.129750 0.731855
vt 0.129755 0.731963
vt 0.837629 0.912548
vt 0.129905 0.731961
vt 0.837784 0.912548
vt 0.837507 0.912530
vt 0.129626 0.731963
vt 0.834025 0.912281
vt 0.251519 0.591843
vt 0.126211 0.731712
vt 0.251826 0.591826
vt 0.833727 0.912219
vt 0.833803 0.912079
vt 0.251704 0.591592
vt 0.126006 0.731963
vt 0.125908 0.731712
vt 0.251528 0.591592
vt 0.834124 0.912046
vt 0.126193 0.731963
vt 0.519506 0.554124
vt 0.519987 0.553572
vt 0.038148 0.595885
vt 0.038753 0.595884
vt 0.519802 0.553842
vt 0.520068 0.553818
vt 0.038513 0.596136
vt 0.038269 0.596136
vt 0.520230 0.553751
vt 0.038450 0.595885
vt 0.038902 0.596134
vt 0.519843 0.554142
vt 0.516724 0.553867
vt 0.516781 0.554372
vt 0.516718 0.554122
vt 0.847594 0.913132
vt 0.038752 0.580316
vt 0.038146 0.580316
vt 0.848075 0.913684
vt 0.847931 0.913114
vt 0.038900 0.580067
vt 0.038449 0.580065
vt 0.848077 0.913431
vt 0.038449 0.580316
vt 0.848316 0.913504
vt 0.038270 0.580064
vt 0.847890 0.913414
vt 0.844870 0.912884
vt 0.844807 0.913388
vt 0.844806 0.913134
vt 0.505473 0.554242
vt 0.505791 0.554710
vt 0.232616 0.592177
vt 0.232617 0.592678
vt 0.505632 0.554474
vt 0.505357 0.554523
vt 0.232314 0.592428
vt 0.232314 0.592129
vt 0.505492 0.554770
vt 0.232617 0.592428
vt 0.232314 0.592644
vt 0.505233 0.554302
vt 0.509682 0.553896
vt 0.509540 0.554401
vt 0.509561 0.554152
vt 0.837756 0.913360
vt 0.837629 0.912855
vt 0.837647 0.913104
vt 0.833879 0.912546
vt 0.833567 0.913015
vt 0.251508 0.592669
vt 0.251514 0.592168
vt 0.833723 0.912782
vt 0.833430 0.912758
vt 0.251814 0.592392
vt 0.251811 0.592636
vt 0.833320 0.912955
vt 0.251511 0.592419
vt 0.251820 0.592122
vt 0.833579 0.912489
vt 0.354542 0.550930
vt 0.398507 0.550930
vt 0.388764 0.550930
vt 0.393576 0.550930
vt 0.412821 0.550930
vt 0.417737 0.550930
vt 0.345766 0.550930
vt 0.368413 0.550930
vt 0.373387 0.550933
vt 0.378610 0.550930
vt 0.383693 0.550933
vt 0.325620 0.550933
vt 0.428083 0.550930
vt 0.330793 0.550930
vt 0.335851 0.550933
vt 0.340866 0.550930
vt 0.403233 0.550930
vt 0.408009 0.550930
vt 0.422862 0.550930
vt 0.350245 0.550930
vt 0.363557 0.550930
vt 0.359043 0.550930
vt 0.238520 0.716172
vt 0.974533 0.911598
vt 0.399165 0.733814
vt 0.355198 0.733817
vt 0.364941 0.733817
vt 0.360128 0.733817
vt 0.340885 0.733814
vt 0.335968 0.733817
vt 0.407938 0.733817
vt 0.385292 0.733814
vt 0.380318 0.733817
vt 0.375097 0.733820
vt 0.370013 0.733817
vt 0.428083 0.733817
vt 0.325620 0.733814
vt 0.422912 0.733814
vt 0.417854 0.733817
vt 0.412840 0.733814
vt 0.350472 0.733817
vt 0.345696 0.733817
vt 0.330843 0.733817
vt 0.403459 0.733814
vt 0.390150 0.733817
vt 0.394661 0.733817
vt 0.974533 0.857837
vt 0.888323 0.283508
vt 0.025060 0.024634
vt 0.417737 0.462421
vt 0.029976 0.024634
vt 0.412822 0.462419
vt 0.074383 0.024634
vt 0.368415 0.462421
vt 0.079241 0.024634
vt 0.363558 0.462421
vt 0.106946 0.024632
vt 0.335854 0.462419
vt 0.112003 0.024632
vt 0.330794 0.462419
vt 0.034788 0.024634
vt 0.408010 0.462419
vt 0.083752 0.024634
vt 0.359046 0.462421
vt 0.101931 0.024632
vt 0.340867 0.462419
vt 0.097029 0.024632
vt 0.345770 0.462419
vt 0.088256 0.024634
vt 0.354542 0.462424
vt 0.039563 0.024634
vt 0.403233 0.462421
vt 0.044290 0.024634
vt 0.398508 0.462421
vt 0.054033 0.024634
vt 0.388764 0.462421
vt 0.059104 0.024634
vt 0.383693 0.462421
vt 0.092550 0.024634
vt 0.350249 0.462419
vt 0.064188 0.024634
vt 0.378611 0.462419
vt 0.069409 0.024634
vt 0.373390 0.462419
vt 0.019935 0.024634
vt 0.422865 0.462421
vt 0.049220 0.024634
vt 0.393579 0.462421
vt 0.117174 0.024632
vt 0.014713 0.024634
vt 0.325625 0.462419
vt 0.428085 0.462421
vt 0.343675 0.457624
vt 0.417736 0.641671
vt 0.348592 0.457624
vt 0.412822 0.641669
vt 0.392999 0.457624
vt 0.368415 0.641669
vt 0.397857 0.457624
vt 0.363557 0.641671
vt 0.425562 0.457624
vt 0.335849 0.641671
vt 0.430619 0.457624
vt 0.330793 0.641669
vt 0.353404 0.457624
vt 0.408010 0.641669
vt 0.402368 0.457624
vt 0.359044 0.641669
vt 0.420547 0.457624
vt 0.340864 0.641671
vt 0.415645 0.457624
vt 0.345766 0.641671
vt 0.406872 0.457624
vt 0.354540 0.641669
vt 0.358179 0.457624
vt 0.403231 0.641669
vt 0.362906 0.457624
vt 0.398507 0.641671
vt 0.372649 0.457624
vt 0.388764 0.641671
vt 0.377720 0.457624
vt 0.383693 0.641669
vt 0.411167 0.457624
vt 0.350247 0.641669
vt 0.382804 0.457624
vt 0.378608 0.641671
vt 0.388025 0.457624
vt 0.373388 0.641669
vt 0.338550 0.457624
vt 0.422862 0.641669
vt 0.367835 0.457624
vt 0.393577 0.641669
vt 0.333328 0.457624
vt 0.435790 0.457624
vt 0.325620 0.641671
vt 0.428085 0.641669
vt 0.213033 0.459828
vt 0.335969 0.822354
vt 0.208116 0.459828
vt 0.340886 0.822357
vt 0.163709 0.459828
vt 0.385293 0.822354
vt 0.158851 0.459828
vt 0.390151 0.822352
vt 0.131146 0.459826
vt 0.417855 0.822354
vt 0.126089 0.459828
vt 0.422913 0.822352
vt 0.203304 0.459828
vt 0.345698 0.822354
vt 0.154340 0.459828
vt 0.394662 0.822354
vt 0.136161 0.459826
vt 0.412841 0.822352
vt 0.141062 0.459828
vt 0.407939 0.822352
vt 0.149836 0.459828
vt 0.399166 0.822352
vt 0.198529 0.459828
vt 0.350473 0.822354
vt 0.193802 0.459828
vt 0.355199 0.822354
vt 0.184059 0.459828
vt 0.364943 0.822354
vt 0.178988 0.459828
vt 0.370014 0.822352
vt 0.145542 0.459826
vt 0.403460 0.822352
vt 0.173904 0.459828
vt 0.375098 0.822354
vt 0.168683 0.459828
vt 0.380319 0.822352
vt 0.218158 0.459828
vt 0.330844 0.822357
vt 0.188872 0.459828
vt 0.360129 0.822352
vt 0.120918 0.459826
vt 0.223380 0.459831
vt 0.428084 0.822352
vt 0.325621 0.822354
vt 0.319238 0.024632
vt 0.335968 0.644773
vt 0.314321 0.024632
vt 0.340885 0.644773
vt 0.269915 0.024632
vt 0.385292 0.644773
vt 0.265057 0.024632
vt 0.390150 0.644773
vt 0.237352 0.024632
vt 0.417855 0.644773
vt 0.232294 0.024632
vt 0.422913 0.644775
vt 0.309510 0.024632
vt 0.345697 0.644773
vt 0.260546 0.024632
vt 0.394661 0.644773
vt 0.242366 0.024632
vt 0.412841 0.644773
vt 0.247268 0.024632
vt 0.407939 0.644775
vt 0.256041 0.024632
vt 0.399165 0.644775
vt 0.304734 0.024632
vt 0.350473 0.644773
vt 0.300008 0.024632
vt 0.355198 0.644773
vt 0.290265 0.024632
vt 0.364941 0.644770
vt 0.285193 0.024632
vt 0.370013 0.644773
vt 0.251747 0.024632
vt 0.403459 0.644770
vt 0.280110 0.024632
vt 0.375097 0.644773
vt 0.274889 0.024632
vt 0.380318 0.644773
vt 0.324363 0.024632
vt 0.330843 0.644773
vt 0.295078 0.024632
vt 0.360128 0.644773
vt 0.329585 0.024632
vt 0.227123 0.024632
vt 0.428084 0.644770
vt 0.325621 0.644773
vt 0.088256 0.458953
vt 0.685332 0.294905
vt 0.685735 0.294049
vt 0.088256 0.459854
vt 0.685052 0.264141
vt 0.044289 0.458953
vt 0.685468 0.264997
vt 0.044289 0.459854
vt 0.054032 0.458953
vt 0.677122 0.269477
vt 0.677982 0.270041
vt 0.054032 0.459854
vt 0.680596 0.266390
vt 0.049219 0.458953
vt 0.681260 0.267123
vt 0.049219 0.459854
vt 0.029976 0.458953
vt 0.699854 0.264168
vt 0.699450 0.265023
vt 0.029976 0.459854
vt 0.704318 0.266385
vt 0.025059 0.458953
vt 0.703664 0.267119
vt 0.025059 0.459854
vt 0.694481 0.295795
vt 0.097029 0.458956
vt 0.694374 0.294891
vt 0.097029 0.459857
vt 0.074383 0.458953
vt 0.675193 0.286455
vt 0.676167 0.286070
vt 0.074383 0.459854
vt 0.069408 0.458953
vt 0.673579 0.282302
vt 0.674646 0.282150
vt 0.069408 0.459854
vt 0.673331 0.277728
vt 0.064187 0.458953
vt 0.674409 0.277832
vt 0.064187 0.459854
vt 0.059104 0.458953
vt 0.674575 0.273391
vt 0.675578 0.273737
vt 0.059104 0.459854
vt 0.710712 0.273654
vt 0.710714 0.285532
vt 0.014712 0.458953
vt 0.117174 0.458956
vt 0.709700 0.273986
vt 0.014712 0.459854
vt 0.709700 0.285200
vt 0.117174 0.459857
vt 0.707973 0.289457
vt 0.112004 0.458956
vt 0.707112 0.288907
vt 0.112004 0.459857
vt 0.704137 0.292553
vt 0.106946 0.458956
vt 0.703490 0.291829
vt 0.106946 0.459857
vt 0.101931 0.458956
vt 0.699500 0.294697
vt 0.699113 0.293854
vt 0.101931 0.459857
vt 0.689883 0.263064
vt 0.039563 0.458953
vt 0.690032 0.263980
vt 0.039563 0.459854
vt 0.034787 0.458953
vt 0.694939 0.263062
vt 0.694807 0.263977
vt 0.034787 0.459854
vt 0.019934 0.458953
vt 0.708066 0.269635
vt 0.707201 0.270190
vt 0.019934 0.459854
vt 0.689738 0.295838
vt 0.092550 0.458953
vt 0.689895 0.294931
vt 0.092550 0.459854
vt 0.079241 0.458953
vt 0.677866 0.290095
vt 0.678689 0.289507
vt 0.079241 0.459854
vt 0.083752 0.458953
vt 0.681200 0.292929
vt 0.681835 0.292184
vt 0.083752 0.459854
vt 0.672100 0.266186
vt 0.124791 0.670870
vt 0.123734 0.670944
vt 0.671213 0.265664
vt 0.126017 0.676983
vt 0.676697 0.262088
vt 0.124986 0.677177
vt 0.676060 0.261342
vt 0.127683 0.683185
vt 0.682604 0.259104
vt 0.126671 0.683432
vt 0.682226 0.258239
vt 0.702232 0.259140
vt 0.134687 0.700566
vt 0.133688 0.700872
vt 0.702602 0.258277
vt 0.137726 0.706337
vt 0.708149 0.262083
vt 0.136769 0.706753
vt 0.708840 0.261384
vt 0.695716 0.257670
vt 0.131997 0.694821
vt 0.130988 0.695084
vt 0.695808 0.256755
vt 0.701757 0.299605
vt 0.133929 0.610630
vt 0.132940 0.610264
vt 0.702184 0.300431
vt 0.131326 0.616584
vt 0.695106 0.301063
vt 0.130307 0.616325
vt 0.695185 0.301968
vt 0.668729 0.271375
vt 0.123919 0.664357
vt 0.122857 0.664384
vt 0.667712 0.271071
vt 0.667423 0.283182
vt 0.123646 0.651107
vt 0.122592 0.651039
vt 0.666375 0.283368
vt 0.123627 0.657806
vt 0.667090 0.277123
vt 0.122575 0.657861
vt 0.666022 0.276989
vt 0.713110 0.266395
vt 0.141128 0.712323
vt 0.140118 0.712708
vt 0.713951 0.265821
vt 0.144876 0.718389
vt 0.143989 0.592548
vt 0.716615 0.271724
vt 0.716615 0.287463
vt 0.143830 0.718799
vt 0.717609 0.271364
vt 0.142916 0.592155
vt 0.717604 0.287828
vt 0.140336 0.598571
vt 0.712982 0.292663
vt 0.139300 0.598198
vt 0.713810 0.293240
vt 0.136953 0.604598
vt 0.707899 0.296763
vt 0.135928 0.604260
vt 0.708509 0.297504
vt 0.129652 0.689020
vt 0.689011 0.257675
vt 0.128658 0.689311
vt 0.688906 0.256760
vt 0.129281 0.622059
vt 0.688820 0.301118
vt 0.128260 0.621847
vt 0.688629 0.302019
vt 0.669559 0.288682
vt 0.124091 0.644731
vt 0.123038 0.644626
vt 0.668601 0.289089
vt 0.673098 0.293505
vt 0.125023 0.638578
vt 0.123986 0.638438
vt 0.672288 0.294104
vt 0.677510 0.297262
vt 0.126211 0.632938
vt 0.125194 0.632751
vt 0.676902 0.298020
vt 0.682982 0.299880
vt 0.127625 0.627344
vt 0.126620 0.627108
vt 0.682617 0.300744
vt 0.146327 0.668348
vt 0.148484 0.668092
vt 0.147377 0.668221
vt 0.149443 0.673190
vt 0.147304 0.673541
vt 0.148341 0.673370
vt 0.150779 0.678339
vt 0.148655 0.678788
vt 0.149678 0.678572
vt 0.154895 0.693700
vt 0.156903 0.692978
vt 0.155883 0.693367
vt 0.159825 0.697895
vt 0.157862 0.698724
vt 0.158848 0.698355
vt 0.152425 0.688754
vt 0.154478 0.688127
vt 0.153423 0.688459
vt 0.154594 0.617355
vt 0.156611 0.618080
vt 0.155604 0.617681
vt 0.154089 0.623006
vt 0.152040 0.622383
vt 0.153053 0.622662
vt 0.145651 0.662861
vt 0.147818 0.662704
vt 0.146711 0.662785
vt 0.145317 0.651693
vt 0.147474 0.651746
vt 0.146375 0.651721
vt 0.147395 0.657290
vt 0.145235 0.657342
vt 0.146289 0.657317
vt 0.161530 0.703904
vt 0.163453 0.702951
vt 0.162528 0.703496
vt 0.167831 0.708222
vt 0.167478 0.602519
vt 0.165940 0.709335
vt 0.165533 0.601379
vt 0.166953 0.708876
vt 0.166568 0.601830
vt 0.163119 0.607956
vt 0.161161 0.606976
vt 0.162178 0.607386
vt 0.159617 0.613053
vt 0.157636 0.612213
vt 0.158646 0.612584
vt 0.152423 0.683241
vt 0.150323 0.683783
vt 0.151331 0.683528
vt 0.152111 0.627544
vt 0.150036 0.627015
vt 0.151051 0.627255
vt 0.145771 0.646327
vt 0.147905 0.646485
vt 0.146828 0.646407
vt 0.146368 0.641110
vt 0.148498 0.641362
vt 0.147409 0.641238
vt 0.147198 0.636274
vt 0.149310 0.636619
vt 0.148221 0.636442
vt 0.148443 0.631509
vt 0.150546 0.631947
vt 0.149459 0.631713
vt 0.226974 0.726073
vt 0.228581 0.724782
vt 0.227795 0.725401
vt 0.231878 0.726952
vt 0.230805 0.728571
vt 0.231354 0.727730
vt 0.235845 0.728206
vt 0.235418 0.730007
vt 0.235631 0.729076
vt 0.248876 0.727221
vt 0.247474 0.725788
vt 0.248158 0.726476
vt 0.250308 0.723128
vt 0.252169 0.724154
vt 0.251213 0.723620
vt 0.244732 0.729248
vt 0.243901 0.727543
vt 0.244313 0.728366
vt 0.247714 0.704672
vt 0.246419 0.706216
vt 0.247053 0.705476
vt 0.242460 0.704569
vt 0.243154 0.702787
vt 0.242806 0.703711
vt 0.223971 0.722552
vt 0.225969 0.721709
vt 0.224996 0.722108
vt 0.222385 0.714034
vt 0.224619 0.714313
vt 0.223536 0.714175
vt 0.224584 0.718169
vt 0.222367 0.718474
vt 0.223508 0.718309
vt 0.254319 0.720187
vt 0.252165 0.719671
vt 0.253213 0.719914
vt 0.252743 0.715821
vt 0.254996 0.715771
vt 0.253835 0.715787
vt 0.251895 0.712074
vt 0.254030 0.711450
vt 0.252925 0.711767
vt 0.249695 0.708810
vt 0.251513 0.707651
vt 0.250565 0.708259
vt 0.239881 0.728367
vt 0.240094 0.730185
vt 0.239986 0.729256
vt 0.238618 0.703970
vt 0.238675 0.702112
vt 0.238651 0.703073
vt 0.223962 0.709935
vt 0.226019 0.710764
vt 0.225032 0.710371
vt 0.226840 0.706414
vt 0.228514 0.707681
vt 0.227695 0.707077
vt 0.230347 0.703940
vt 0.231508 0.705527
vt 0.230935 0.704765
vt 0.234453 0.702490
vt 0.235015 0.704273
vt 0.234736 0.703405
vt 0.229937 0.723724
vt 0.231456 0.722459
vt 0.230720 0.723097
vt 0.233799 0.724032
vt 0.232785 0.725617
vt 0.233305 0.724830
vt 0.236627 0.724947
vt 0.236217 0.726715
vt 0.236425 0.725840
vt 0.246295 0.724611
vt 0.244949 0.723204
vt 0.245614 0.723916
vt 0.246971 0.721275
vt 0.248748 0.722289
vt 0.247843 0.721789
vt 0.243194 0.726134
vt 0.242386 0.724467
vt 0.242786 0.725309
vt 0.245322 0.707484
vt 0.244107 0.708968
vt 0.244692 0.708230
vt 0.241229 0.707765
vt 0.241859 0.706038
vt 0.241521 0.706904
vt 0.227645 0.721030
vt 0.229552 0.720215
vt 0.228621 0.720625
vt 0.226479 0.714551
vt 0.228594 0.714829
vt 0.227563 0.714689
vt 0.228547 0.717642
vt 0.226431 0.717933
vt 0.227512 0.717789
vt 0.250359 0.719258
vt 0.248298 0.718750
vt 0.249307 0.719008
vt 0.248721 0.715941
vt 0.250869 0.715882
vt 0.249774 0.715914
vt 0.248102 0.713215
vt 0.250127 0.712601
vt 0.249094 0.712910
vt 0.246502 0.710851
vt 0.248200 0.709751
vt 0.247330 0.710305
vt 0.239495 0.725049
vt 0.239700 0.726843
vt 0.239596 0.725952
vt 0.238519 0.707317
vt 0.238555 0.705509
vt 0.238530 0.706408
vt 0.227713 0.711434
vt 0.229627 0.712235
vt 0.228700 0.711832
vt 0.229924 0.708712
vt 0.231477 0.709957
vt 0.230737 0.709326
vt 0.232500 0.706832
vt 0.233587 0.708396
vt 0.233065 0.707603
vt 0.235497 0.705764
vt 0.236034 0.707524
vt 0.235772 0.706636
vt 0.226964 0.726082
vt 0.160532 0.666650
vt 0.161637 0.666518
vt 0.226147 0.726757
vt 0.161450 0.671189
vt 0.230799 0.728581
vt 0.162551 0.671007
vt 0.230257 0.729422
vt 0.162734 0.675790
vt 0.235415 0.730020
vt 0.163833 0.675556
vt 0.235205 0.730949
vt 0.248885 0.727230
vt 0.167996 0.688779
vt 0.169017 0.688393
vt 0.249596 0.727978
vt 0.170470 0.692944
vt 0.252181 0.724162
vt 0.171451 0.692487
vt 0.253136 0.724700
vt 0.244737 0.729261
vt 0.165989 0.684529
vt 0.167047 0.684198
vt 0.245153 0.730139
vt 0.247719 0.704665
vt 0.167525 0.622384
vt 0.168535 0.622781
vt 0.248375 0.703861
vt 0.165323 0.626691
vt 0.243156 0.702779
vt 0.166362 0.627031
vt 0.243499 0.701857
vt 0.223963 0.722554
vt 0.159828 0.661799
vt 0.160936 0.661716
vt 0.222941 0.722997
vt 0.222371 0.714032
vt 0.159334 0.652018
vt 0.160431 0.652045
vt 0.221219 0.713891
vt 0.159408 0.656967
vt 0.222360 0.718474
vt 0.160517 0.656938
vt 0.221219 0.718638
vt 0.254336 0.720190
vt 0.173544 0.697075
vt 0.174472 0.696535
vt 0.255445 0.720466
vt 0.177186 0.610220
vt 0.177213 0.700928
vt 0.255006 0.715769
vt 0.178080 0.610930
vt 0.178080 0.700254
vt 0.256165 0.715753
vt 0.173327 0.614122
vt 0.254038 0.711448
vt 0.174269 0.614691
vt 0.255142 0.711130
vt 0.170132 0.618130
vt 0.251517 0.707648
vt 0.171102 0.618597
vt 0.252463 0.707042
vt 0.164316 0.680131
vt 0.240096 0.730197
vt 0.165410 0.679845
vt 0.240203 0.731125
vt 0.163631 0.630660
vt 0.238675 0.702108
vt 0.164693 0.630947
vt 0.238697 0.701147
vt 0.223955 0.709933
vt 0.159575 0.647347
vt 0.160653 0.647427
vt 0.222888 0.709497
vt 0.226834 0.706409
vt 0.160288 0.642767
vt 0.161377 0.642896
vt 0.225984 0.705742
vt 0.230341 0.703931
vt 0.161139 0.638599
vt 0.162230 0.638780
vt 0.229760 0.703104
vt 0.234451 0.702482
vt 0.162343 0.634507
vt 0.163433 0.634743
vt 0.234172 0.701569
vt 0.261897 0.924144
vt 0.406872 0.025533
vt 0.406872 0.024632
vt 0.262300 0.924998
vt 0.362906 0.025533
vt 0.261616 0.954906
vt 0.362906 0.024632
vt 0.262032 0.954050
vt 0.253686 0.949570
vt 0.372649 0.025533
vt 0.372649 0.024632
vt 0.254546 0.949006
vt 0.367835 0.025533
vt 0.257159 0.952658
vt 0.367835 0.024632
vt 0.257824 0.951924
vt 0.276418 0.954880
vt 0.348592 0.025533
vt 0.348592 0.024632
vt 0.276014 0.954025
vt 0.343675 0.025533
vt 0.280882 0.952663
vt 0.343675 0.024632
vt 0.280229 0.951929
vt 0.415645 0.025533
vt 0.271047 0.923253
vt 0.415645 0.024632
vt 0.270939 0.924156
vt 0.251759 0.932591
vt 0.392999 0.025533
vt 0.392999 0.024632
vt 0.252732 0.932976
vt 0.250144 0.936744
vt 0.388025 0.025533
vt 0.388025 0.024632
vt 0.251211 0.936896
vt 0.382804 0.025533
vt 0.249897 0.941319
vt 0.382804 0.024632
vt 0.250973 0.941214
vt 0.251139 0.945656
vt 0.377720 0.025533
vt 0.377720 0.024632
vt 0.252142 0.945309
vt 0.333328 0.025533
vt 0.435790 0.025533
vt 0.287277 0.945394
vt 0.287278 0.933517
vt 0.333328 0.024632
vt 0.286264 0.945063
vt 0.435790 0.024632
vt 0.286265 0.933848
vt 0.430619 0.025533
vt 0.284536 0.929591
vt 0.430619 0.024632
vt 0.283677 0.930142
vt 0.425562 0.025533
vt 0.280702 0.926496
vt 0.425562 0.024632
vt 0.280055 0.927220
vt 0.276066 0.924352
vt 0.420547 0.025533
vt 0.420547 0.024632
vt 0.275678 0.925194
vt 0.358179 0.025533
vt 0.266447 0.955984
vt 0.358179 0.024632
vt 0.266596 0.955067
vt 0.271503 0.955988
vt 0.353404 0.025533
vt 0.353404 0.024632
vt 0.271371 0.955071
vt 0.284627 0.949412
vt 0.338550 0.025533
vt 0.338550 0.024632
vt 0.283765 0.948858
vt 0.411167 0.025533
vt 0.266303 0.923209
vt 0.411167 0.024632
vt 0.266461 0.924116
vt 0.254431 0.928952
vt 0.397857 0.025533
vt 0.397857 0.024632
vt 0.255254 0.929540
vt 0.257765 0.926118
vt 0.402368 0.025533
vt 0.402368 0.024632
vt 0.258401 0.926863
vt 0.174727 0.639752
vt 0.248663 0.952860
vt 0.247776 0.953383
vt 0.173674 0.639677
vt 0.253260 0.956959
vt 0.175956 0.633660
vt 0.252623 0.957705
vt 0.174929 0.633465
vt 0.259168 0.959943
vt 0.177622 0.627482
vt 0.258789 0.960809
vt 0.176614 0.627235
vt 0.184616 0.610163
vt 0.278795 0.959909
vt 0.279166 0.960771
vt 0.183621 0.609858
vt 0.284713 0.956965
vt 0.187648 0.604421
vt 0.285403 0.957664
vt 0.186696 0.604008
vt 0.181927 0.615886
vt 0.272278 0.961378
vt 0.272371 0.962293
vt 0.180921 0.615623
vt 0.183638 0.700110
vt 0.278323 0.919442
vt 0.278750 0.918617
vt 0.182645 0.700476
vt 0.271671 0.917985
vt 0.181039 0.694122
vt 0.271751 0.917080
vt 0.180015 0.694380
vt 0.173850 0.646233
vt 0.245293 0.947671
vt 0.244276 0.947976
vt 0.172791 0.646203
vt 0.173409 0.659526
vt 0.243988 0.935865
vt 0.242939 0.935678
vt 0.172348 0.659594
vt 0.243657 0.941923
vt 0.173401 0.652770
vt 0.242586 0.942057
vt 0.172342 0.652711
vt 0.191038 0.598477
vt 0.289674 0.952653
vt 0.290515 0.953227
vt 0.190036 0.598096
vt 0.293181 0.947326
vt 0.293178 0.931586
vt 0.194687 0.592548
vt 0.193709 0.718205
vt 0.294172 0.947684
vt 0.193645 0.592152
vt 0.294167 0.931221
vt 0.192638 0.718593
vt 0.289547 0.926385
vt 0.190103 0.712190
vt 0.290375 0.925809
vt 0.189070 0.712560
vt 0.284464 0.922284
vt 0.186667 0.706171
vt 0.285075 0.921545
vt 0.185639 0.706509
vt 0.265574 0.961372
vt 0.179588 0.621668
vt 0.265469 0.962287
vt 0.178598 0.621377
vt 0.265386 0.917929
vt 0.178998 0.688615
vt 0.265195 0.917028
vt 0.177971 0.688825
vt 0.173976 0.665901
vt 0.246124 0.930365
vt 0.245167 0.929957
vt 0.172927 0.666006
vt 0.174893 0.672035
vt 0.249663 0.925543
vt 0.248854 0.924942
vt 0.173858 0.672172
vt 0.175960 0.677673
vt 0.254076 0.921786
vt 0.253467 0.921027
vt 0.174937 0.677857
vt 0.177348 0.683301
vt 0.259548 0.919167
vt 0.259183 0.918304
vt 0.176337 0.683536
vt 0.198343 0.642553
vt 0.196189 0.642297
vt 0.197236 0.642425
vt 0.197171 0.637112
vt 0.199308 0.637464
vt 0.198205 0.637284
vt 0.198522 0.631876
vt 0.200641 0.632324
vt 0.199542 0.632092
vt 0.206733 0.617712
vt 0.204732 0.616995
vt 0.205715 0.617326
vt 0.207673 0.611986
vt 0.209629 0.612806
vt 0.208652 0.612352
vt 0.204324 0.622557
vt 0.202277 0.621932
vt 0.203271 0.622226
vt 0.206415 0.692674
vt 0.204387 0.693396
vt 0.205400 0.693070
vt 0.201848 0.688347
vt 0.203904 0.687728
vt 0.202866 0.688069
vt 0.197662 0.647945
vt 0.195495 0.647785
vt 0.196551 0.647863
vt 0.197388 0.658893
vt 0.195226 0.658945
vt 0.196290 0.658917
vt 0.195156 0.653305
vt 0.197322 0.653362
vt 0.196218 0.653333
vt 0.213208 0.607762
vt 0.211289 0.606820
vt 0.212279 0.607223
vt 0.215676 0.601285
vt 0.215216 0.709486
vt 0.217570 0.602385
vt 0.217171 0.708353
vt 0.216685 0.601728
vt 0.216249 0.709041
vt 0.210864 0.703868
vt 0.212830 0.702894
vt 0.211878 0.703462
vt 0.207403 0.698550
vt 0.209394 0.697714
vt 0.208416 0.698179
vt 0.200183 0.626891
vt 0.202279 0.627431
vt 0.201189 0.627146
vt 0.199860 0.683696
vt 0.201944 0.683170
vt 0.200879 0.683458
vt 0.197725 0.664167
vt 0.195588 0.664323
vt 0.196642 0.664244
vt 0.198305 0.669311
vt 0.196173 0.669559
vt 0.197210 0.669434
vt 0.199174 0.674071
vt 0.197054 0.674412
vt 0.198083 0.674249
vt 0.200397 0.678754
vt 0.198285 0.679190
vt 0.199307 0.678988
vt 0.964595 0.902989
vt 0.962987 0.901696
vt 0.963808 0.902369
vt 0.966818 0.899199
vt 0.967890 0.900818
vt 0.967367 0.900040
vt 0.971431 0.897763
vt 0.971858 0.899564
vt 0.971644 0.898694
vt 0.983488 0.901981
vt 0.984888 0.900548
vt 0.984172 0.901294
vt 0.988186 0.903615
vt 0.986319 0.904642
vt 0.987226 0.904150
vt 0.979915 0.900227
vt 0.980744 0.898522
vt 0.980326 0.899405
vt 0.982431 0.921554
vt 0.983726 0.923098
vt 0.983066 0.922294
vt 0.979166 0.924983
vt 0.978473 0.923200
vt 0.978818 0.924059
vt 0.961984 0.906060
vt 0.959984 0.905220
vt 0.961008 0.905662
vt 0.960631 0.913457
vt 0.958398 0.913736
vt 0.959549 0.913595
vt 0.958381 0.909297
vt 0.960597 0.909600
vt 0.959521 0.909461
vt 0.988177 0.908099
vt 0.990339 0.907583
vt 0.989226 0.907856
vt 0.991010 0.912000
vt 0.988755 0.911949
vt 0.989848 0.911983
vt 0.990043 0.916320
vt 0.987907 0.915696
vt 0.988937 0.916003
vt 0.987525 0.920119
vt 0.985708 0.918961
vt 0.986578 0.919511
vt 0.976107 0.897585
vt 0.975894 0.899403
vt 0.975999 0.898515
vt 0.974688 0.925658
vt 0.974630 0.923800
vt 0.974664 0.924697
vt 0.962032 0.917007
vt 0.959975 0.917834
vt 0.961045 0.917398
vt 0.964526 0.920088
vt 0.962853 0.921356
vt 0.963708 0.920693
vt 0.967520 0.922243
vt 0.966359 0.923830
vt 0.966948 0.923005
vt 0.971028 0.923497
vt 0.970466 0.925280
vt 0.970748 0.924365
vt 0.967469 0.905310
vt 0.965951 0.904046
vt 0.966734 0.904673
vt 0.968798 0.902153
vt 0.969812 0.903738
vt 0.969318 0.902940
vt 0.972230 0.901055
vt 0.972641 0.902823
vt 0.972439 0.901930
vt 0.980962 0.904566
vt 0.982309 0.903159
vt 0.981627 0.903855
vt 0.984760 0.905481
vt 0.982984 0.906495
vt 0.983856 0.905982
vt 0.978399 0.903303
vt 0.979207 0.901635
vt 0.978800 0.902461
vt 0.980120 0.918802
vt 0.981336 0.920285
vt 0.980705 0.919540
vt 0.977872 0.921731
vt 0.977241 0.920005
vt 0.977534 0.920866
vt 0.965566 0.907555
vt 0.963659 0.906740
vt 0.964634 0.907144
vt 0.964607 0.912941
vt 0.962489 0.913219
vt 0.963575 0.913081
vt 0.962446 0.909837
vt 0.964560 0.910128
vt 0.963524 0.909981
vt 0.984311 0.909020
vt 0.986372 0.908513
vt 0.985320 0.908762
vt 0.986883 0.911889
vt 0.984733 0.911830
vt 0.985787 0.911856
vt 0.986139 0.915169
vt 0.984115 0.914555
vt 0.985106 0.914860
vt 0.984213 0.918019
vt 0.982514 0.916919
vt 0.983343 0.917465
vt 0.975712 0.900927
vt 0.975508 0.902721
vt 0.975609 0.901818
vt 0.974569 0.922262
vt 0.974532 0.920453
vt 0.974543 0.921362
vt 0.965640 0.915535
vt 0.963725 0.916336
vt 0.964713 0.915938
vt 0.967489 0.917813
vt 0.965938 0.919058
vt 0.966749 0.918444
vt 0.969600 0.919374
vt 0.968512 0.920939
vt 0.969078 0.920168
vt 0.972047 0.920246
vt 0.971510 0.922007
vt 0.971785 0.921134
vt 0.210390 0.643990
vt 0.962976 0.901688
vt 0.962160 0.901013
vt 0.211497 0.644123
vt 0.966812 0.899189
vt 0.211302 0.639456
vt 0.966270 0.898348
vt 0.212405 0.639639
vt 0.971428 0.897750
vt 0.212576 0.634863
vt 0.971218 0.896821
vt 0.213676 0.635097
vt 0.217826 0.621890
vt 0.984897 0.900539
vt 0.985609 0.899792
vt 0.218846 0.622275
vt 0.988194 0.903607
vt 0.220291 0.617731
vt 0.989149 0.903070
vt 0.221272 0.618184
vt 0.215823 0.626140
vt 0.980750 0.898512
vt 0.981166 0.897631
vt 0.216879 0.626469
vt 0.217399 0.688398
vt 0.983731 0.923105
vt 0.984388 0.923909
vt 0.218411 0.688004
vt 0.979169 0.924991
vt 0.215206 0.684062
vt 0.979511 0.925913
vt 0.216247 0.683724
vt 0.209701 0.648843
vt 0.959976 0.905216
vt 0.958954 0.904772
vt 0.210812 0.648925
vt 0.209229 0.658629
vt 0.958383 0.913738
vt 0.957232 0.913878
vt 0.210325 0.658604
vt 0.958371 0.909296
vt 0.209304 0.653676
vt 0.957232 0.909132
vt 0.210410 0.653705
vt 0.223344 0.613593
vt 0.990352 0.907579
vt 0.991458 0.907304
vt 0.224277 0.614129
vt 0.991022 0.912000
vt 0.226993 0.700682
vt 0.227028 0.609706
vt 0.227899 0.699975
vt 0.992178 0.912017
vt 0.227899 0.610380
vt 0.990052 0.916322
vt 0.223155 0.696741
vt 0.991155 0.916640
vt 0.224109 0.696173
vt 0.987529 0.920122
vt 0.219981 0.692686
vt 0.988476 0.920728
vt 0.220958 0.692224
vt 0.976109 0.897574
vt 0.214156 0.630530
vt 0.976216 0.896645
vt 0.215249 0.630815
vt 0.974688 0.925662
vt 0.213516 0.680071
vt 0.974710 0.926623
vt 0.214586 0.679784
vt 0.209457 0.663313
vt 0.959968 0.917837
vt 0.958901 0.918273
vt 0.210541 0.663235
vt 0.210164 0.667908
vt 0.962846 0.921361
vt 0.961997 0.922027
vt 0.211259 0.667779
vt 0.211024 0.672093
vt 0.966355 0.923838
vt 0.965772 0.924666
vt 0.212119 0.671910
vt 0.212239 0.676202
vt 0.970465 0.925285
vt 0.970184 0.926200
vt 0.213330 0.675967
vt 0.785938 0.930045
vt 0.256041 0.458419
vt 0.256041 0.459320
vt 0.786342 0.930900
vt 0.300008 0.458419
vt 0.785658 0.960807
vt 0.300008 0.459320
vt 0.786074 0.959951
vt 0.777727 0.955472
vt 0.290265 0.458419
vt 0.290265 0.459320
vt 0.778588 0.954908
vt 0.295078 0.458419
vt 0.781201 0.958559
vt 0.295078 0.459320
vt 0.781866 0.957826
vt 0.800460 0.960780
vt 0.314321 0.458419
vt 0.314321 0.459320
vt 0.800056 0.959925
vt 0.319238 0.458419
vt 0.804925 0.958563
vt 0.319238 0.459320
vt 0.804271 0.957829
vt 0.247268 0.458419
vt 0.795087 0.929154
vt 0.247268 0.459320
vt 0.794980 0.930057
vt 0.775799 0.938493
vt 0.269915 0.458419
vt 0.269915 0.459320
vt 0.776773 0.938878
vt 0.774186 0.942646
vt 0.274889 0.458419
vt 0.274889 0.459320
vt 0.775252 0.942798
vt 0.280110 0.458419
vt 0.773937 0.947220
vt 0.280110 0.459320
vt 0.775015 0.947116
vt 0.775180 0.951558
vt 0.285193 0.458419
vt 0.285193 0.459320
vt 0.776184 0.951211
vt 0.329585 0.458419
vt 0.227123 0.458419
vt 0.811319 0.951294
vt 0.811320 0.939417
vt 0.329585 0.459320
vt 0.810306 0.950963
vt 0.227123 0.459320
vt 0.810306 0.939748
vt 0.232294 0.458419
vt 0.808578 0.935492
vt 0.232294 0.459320
vt 0.807718 0.936042
vt 0.237352 0.458419
vt 0.804743 0.932396
vt 0.237352 0.459320
vt 0.804096 0.933120
vt 0.800106 0.930251
vt 0.242366 0.458419
vt 0.242366 0.459320
vt 0.799719 0.931095
vt 0.304734 0.458419
vt 0.790489 0.961884
vt 0.304734 0.459320
vt 0.790638 0.960968
vt 0.795545 0.961887
vt 0.309510 0.458419
vt 0.309510 0.459320
vt 0.795413 0.960972
vt 0.808672 0.955314
vt 0.324363 0.458419
vt 0.324363 0.459320
vt 0.807807 0.954759
vt 0.251747 0.458419
vt 0.790344 0.929110
vt 0.251747 0.459320
vt 0.790501 0.930017
vt 0.778473 0.934853
vt 0.265057 0.458419
vt 0.265057 0.459320
vt 0.779295 0.935441
vt 0.781806 0.932019
vt 0.260546 0.458419
vt 0.260546 0.459320
vt 0.782441 0.932765
vt 0.657651 0.860490
vt 0.772706 0.958762
vt 0.771819 0.959284
vt 0.656597 0.860415
vt 0.777303 0.962860
vt 0.658878 0.854401
vt 0.776666 0.963606
vt 0.657850 0.854206
vt 0.783210 0.965845
vt 0.660544 0.848224
vt 0.782832 0.966710
vt 0.659536 0.847977
vt 0.667538 0.830905
vt 0.802838 0.965809
vt 0.803208 0.966672
vt 0.666543 0.830600
vt 0.808755 0.962866
vt 0.670573 0.825163
vt 0.809446 0.963565
vt 0.669621 0.824750
vt 0.664853 0.836624
vt 0.796322 0.967278
vt 0.796414 0.968194
vt 0.663848 0.836362
vt 0.666556 0.920848
vt 0.802363 0.925344
vt 0.802790 0.924518
vt 0.665563 0.921214
vt 0.795712 0.923886
vt 0.663960 0.914866
vt 0.795791 0.922980
vt 0.662937 0.915124
vt 0.656771 0.866974
vt 0.769335 0.953573
vt 0.768318 0.953878
vt 0.655712 0.866944
vt 0.656329 0.880266
vt 0.768030 0.941767
vt 0.766981 0.941580
vt 0.655268 0.880333
vt 0.767696 0.947825
vt 0.656324 0.873512
vt 0.766629 0.947959
vt 0.655266 0.873453
vt 0.673965 0.819215
vt 0.813716 0.958554
vt 0.814557 0.959127
vt 0.672962 0.818834
vt 0.817221 0.953225
vt 0.817221 0.937486
vt 0.677615 0.813290
vt 0.676629 0.938944
vt 0.818215 0.953585
vt 0.676573 0.812894
vt 0.818210 0.937121
vt 0.675558 0.939332
vt 0.813588 0.932285
vt 0.673022 0.932927
vt 0.814416 0.931709
vt 0.671989 0.933297
vt 0.808505 0.928185
vt 0.669588 0.926910
vt 0.809116 0.927445
vt 0.668559 0.927248
vt 0.789617 0.967273
vt 0.662511 0.842407
vt 0.789512 0.968188
vt 0.661521 0.842117
vt 0.789427 0.923831
vt 0.661918 0.909357
vt 0.789235 0.922930
vt 0.660891 0.909567
vt 0.656897 0.886642
vt 0.770165 0.936267
vt 0.769208 0.935859
vt 0.655847 0.886747
vt 0.657815 0.892774
vt 0.773704 0.931444
vt 0.772894 0.930844
vt 0.656780 0.892910
vt 0.658882 0.898412
vt 0.778117 0.927687
vt 0.777508 0.926928
vt 0.657859 0.898595
vt 0.660274 0.904041
vt 0.783589 0.925069
vt 0.783224 0.924205
vt 0.659264 0.904275
vt 0.681265 0.863294
vt 0.679111 0.863038
vt 0.680157 0.863166
vt 0.680091 0.857854
vt 0.682226 0.858205
vt 0.681125 0.858026
vt 0.681447 0.852616
vt 0.683566 0.853064
vt 0.682466 0.852832
vt 0.689658 0.838458
vt 0.687655 0.837740
vt 0.688638 0.838071
vt 0.690596 0.832729
vt 0.692554 0.833553
vt 0.691576 0.833096
vt 0.687248 0.843299
vt 0.685200 0.842674
vt 0.686194 0.842968
vt 0.689333 0.913413
vt 0.687305 0.914135
vt 0.688319 0.913810
vt 0.684766 0.909088
vt 0.686825 0.908468
vt 0.685783 0.908810
vt 0.680584 0.868687
vt 0.678418 0.868528
vt 0.679475 0.868607
vt 0.680313 0.879634
vt 0.678151 0.879686
vt 0.679215 0.879658
vt 0.678080 0.874047
vt 0.680244 0.874102
vt 0.679141 0.874075
vt 0.696135 0.828502
vt 0.694215 0.827558
vt 0.695205 0.827961
vt 0.698602 0.822028
vt 0.698135 0.930225
vt 0.700496 0.823128
vt 0.700089 0.929094
vt 0.699612 0.822472
vt 0.699168 0.929780
vt 0.693785 0.924611
vt 0.695751 0.923637
vt 0.694800 0.924206
vt 0.690326 0.919291
vt 0.692317 0.918455
vt 0.691340 0.918920
vt 0.683108 0.847634
vt 0.685204 0.848174
vt 0.684113 0.847889
vt 0.682783 0.904437
vt 0.684868 0.903911
vt 0.683803 0.904199
vt 0.680646 0.884908
vt 0.678510 0.885064
vt 0.679564 0.884985
vt 0.681226 0.890056
vt 0.679093 0.890305
vt 0.680131 0.890180
vt 0.682097 0.894814
vt 0.679978 0.895154
vt 0.681006 0.894991
vt 0.683313 0.899494
vt 0.681201 0.899929
vt 0.682222 0.899728
vt 0.964594 0.849227
vt 0.962987 0.847935
vt 0.963808 0.848608
vt 0.966818 0.845438
vt 0.967890 0.847057
vt 0.967366 0.846279
vt 0.971431 0.844002
vt 0.971858 0.845803
vt 0.971644 0.844933
vt 0.983488 0.848220
vt 0.984889 0.846788
vt 0.984171 0.847533
vt 0.988182 0.849854
vt 0.986320 0.850881
vt 0.987226 0.850389
vt 0.979914 0.846466
vt 0.980744 0.844761
vt 0.980326 0.845643
vt 0.982431 0.867793
vt 0.983727 0.869337
vt 0.983066 0.868532
vt 0.979166 0.871222
vt 0.978473 0.869440
vt 0.978819 0.870298
vt 0.961982 0.852300
vt 0.959984 0.851457
vt 0.961009 0.851901
vt 0.960633 0.859696
vt 0.958398 0.859975
vt 0.959549 0.859834
vt 0.958380 0.855535
vt 0.960597 0.855840
vt 0.959521 0.855700
vt 0.988178 0.854338
vt 0.990332 0.853822
vt 0.989226 0.854095
vt 0.991010 0.858238
vt 0.988755 0.858188
vt 0.989848 0.858221
vt 0.990044 0.862559
vt 0.987908 0.861934
vt 0.988938 0.862241
vt 0.987526 0.866357
vt 0.985708 0.865199
vt 0.986578 0.865749
vt 0.976107 0.843824
vt 0.975893 0.845642
vt 0.975999 0.844753
vt 0.974688 0.871897
vt 0.974631 0.870039
vt 0.974664 0.870936
vt 0.962032 0.863245
vt 0.959975 0.864074
vt 0.961045 0.863638
vt 0.964527 0.866327
vt 0.962854 0.867595
vt 0.963708 0.866932
vt 0.967521 0.868482
vt 0.966360 0.870069
vt 0.966948 0.869244
vt 0.971028 0.869736
vt 0.970466 0.871519
vt 0.970749 0.870604
vt 0.967469 0.851550
vt 0.965949 0.850284
vt 0.966733 0.850912
vt 0.968798 0.848392
vt 0.969812 0.849977
vt 0.969318 0.849179
vt 0.972230 0.847294
vt 0.972640 0.849062
vt 0.972438 0.848169
vt 0.980962 0.850805
vt 0.982308 0.849399
vt 0.981627 0.850093
vt 0.984760 0.851720
vt 0.982984 0.852734
vt 0.983856 0.852220
vt 0.978398 0.849542
vt 0.979206 0.847874
vt 0.978799 0.848700
vt 0.980121 0.865041
vt 0.981335 0.866524
vt 0.980705 0.865779
vt 0.977872 0.867971
vt 0.977242 0.866244
vt 0.977534 0.867105
vt 0.965565 0.853794
vt 0.963658 0.852979
vt 0.964634 0.853384
vt 0.964607 0.859180
vt 0.962492 0.859458
vt 0.963576 0.859320
vt 0.962444 0.856076
vt 0.964560 0.856367
vt 0.963525 0.856220
vt 0.984311 0.855258
vt 0.986372 0.854751
vt 0.985320 0.855001
vt 0.986882 0.858127
vt 0.984734 0.858068
vt 0.985787 0.858095
vt 0.986140 0.861408
vt 0.984116 0.860794
vt 0.985107 0.861098
vt 0.984213 0.864258
vt 0.982515 0.863157
vt 0.983343 0.863704
vt 0.975712 0.847166
vt 0.975507 0.848960
vt 0.975609 0.848057
vt 0.974568 0.868500
vt 0.974533 0.866691
vt 0.974543 0.867601
vt 0.965640 0.861775
vt 0.963727 0.862575
vt 0.964713 0.862177
vt 0.967490 0.864052
vt 0.965937 0.865297
vt 0.966750 0.864683
vt 0.969600 0.865613
vt 0.968513 0.867177
vt 0.969078 0.866406
vt 0.972047 0.866485
vt 0.971510 0.868245
vt 0.971785 0.867373
vt 0.693316 0.864732
vt 0.962976 0.847928
vt 0.962160 0.847253
vt 0.694421 0.864864
vt 0.966812 0.845428
vt 0.694227 0.860196
vt 0.966269 0.844587
vt 0.695328 0.860378
vt 0.971428 0.843989
vt 0.695503 0.855603
vt 0.971218 0.843060
vt 0.696601 0.855836
vt 0.700751 0.842636
vt 0.984897 0.846779
vt 0.985609 0.846031
vt 0.701773 0.843021
vt 0.988193 0.849847
vt 0.703215 0.838472
vt 0.989149 0.849309
vt 0.704197 0.838926
vt 0.698750 0.846881
vt 0.980750 0.844748
vt 0.981166 0.843870
vt 0.699807 0.847210
vt 0.700312 0.909139
vt 0.983732 0.869344
vt 0.984388 0.870148
vt 0.701328 0.908745
vt 0.979169 0.871230
vt 0.698126 0.904805
vt 0.979511 0.872152
vt 0.699171 0.904466
vt 0.692623 0.869587
vt 0.959975 0.851455
vt 0.958954 0.851012
vt 0.693734 0.869669
vt 0.692151 0.879374
vt 0.958384 0.859977
vt 0.957232 0.860118
vt 0.693247 0.879349
vt 0.958373 0.855535
vt 0.692227 0.874419
vt 0.957232 0.855371
vt 0.693334 0.874447
vt 0.706273 0.834334
vt 0.990349 0.853819
vt 0.991458 0.853543
vt 0.707205 0.834870
vt 0.991019 0.858239
vt 0.709918 0.921422
vt 0.709951 0.830445
vt 0.710824 0.920716
vt 0.992178 0.858256
vt 0.710824 0.831120
vt 0.990051 0.862561
vt 0.706077 0.917479
vt 0.991156 0.862879
vt 0.707029 0.916911
vt 0.987530 0.866361
vt 0.702904 0.913426
vt 0.988476 0.866966
vt 0.703881 0.912963
vt 0.976108 0.843812
vt 0.697080 0.851272
vt 0.976216 0.842884
vt 0.698173 0.851557
vt 0.974688 0.871901
vt 0.696437 0.900809
vt 0.974710 0.872862
vt 0.697503 0.900523
vt 0.692376 0.884058
vt 0.959968 0.864076
vt 0.958901 0.864512
vt 0.693459 0.883979
vt 0.693085 0.888649
vt 0.962847 0.867600
vt 0.961998 0.868267
vt 0.694180 0.888520
vt 0.693944 0.892835
vt 0.966354 0.870078
vt 0.965772 0.870905
vt 0.695038 0.892654
vt 0.695159 0.896940
vt 0.970465 0.871527
vt 0.970185 0.872440
vt 0.696253 0.896704
vt 0.149836 0.025536
vt 0.725609 0.934138
vt 0.725205 0.934994
vt 0.149836 0.024635
vt 0.725891 0.964902
vt 0.193803 0.025536
vt 0.725475 0.964046
vt 0.193803 0.024635
vt 0.184060 0.025536
vt 0.733820 0.959565
vt 0.732961 0.959002
vt 0.184060 0.024635
vt 0.730347 0.962653
vt 0.188873 0.025536
vt 0.729683 0.961920
vt 0.188873 0.024635
vt 0.208116 0.025536
vt 0.711089 0.964875
vt 0.711493 0.964020
vt 0.208116 0.024635
vt 0.706625 0.962658
vt 0.213033 0.025536
vt 0.707278 0.961924
vt 0.213033 0.024636
vt 0.716459 0.933249
vt 0.141063 0.025536
vt 0.716567 0.934152
vt 0.141063 0.024635
vt 0.163709 0.025536
vt 0.735748 0.942587
vt 0.734774 0.942972
vt 0.163709 0.024635
vt 0.168683 0.025536
vt 0.737362 0.946739
vt 0.736295 0.946892
vt 0.168683 0.024635
vt 0.737609 0.951314
vt 0.173905 0.025536
vt 0.736533 0.951210
vt 0.173905 0.024635
vt 0.178988 0.025536
vt 0.736368 0.955651
vt 0.735364 0.955305
vt 0.178988 0.024635
vt 0.700229 0.955390
vt 0.700228 0.943513
vt 0.223380 0.025534
vt 0.120918 0.025539
vt 0.701242 0.955059
vt 0.223380 0.024633
vt 0.701242 0.943844
vt 0.120918 0.024638
vt 0.702970 0.939587
vt 0.126089 0.025536
vt 0.703830 0.940138
vt 0.126089 0.024635
vt 0.706803 0.936492
vt 0.131147 0.025539
vt 0.707451 0.937215
vt 0.131147 0.024638
vt 0.136161 0.025539
vt 0.711440 0.934348
vt 0.711828 0.935190
vt 0.136161 0.024638
vt 0.721060 0.965980
vt 0.198529 0.025536
vt 0.720911 0.965063
vt 0.198529 0.024635
vt 0.203304 0.025536
vt 0.716004 0.965983
vt 0.716135 0.965066
vt 0.203304 0.024635
vt 0.218158 0.025536
vt 0.702879 0.959408
vt 0.703742 0.958854
vt 0.218158 0.024636
vt 0.721203 0.933205
vt 0.145542 0.025539
vt 0.721045 0.934112
vt 0.145542 0.024638
vt 0.158851 0.025536
vt 0.733075 0.938947
vt 0.732252 0.939535
vt 0.158851 0.024635
vt 0.154340 0.025536
vt 0.729741 0.936113
vt 0.729106 0.936859
vt 0.154340 0.024635
vt 0.738843 0.962856
vt 0.074915 0.670729
vt 0.073864 0.670797
vt 0.739730 0.963378
vt 0.075995 0.676860
vt 0.734246 0.966955
vt 0.074960 0.677051
vt 0.734883 0.967701
vt 0.077646 0.683087
vt 0.728339 0.969939
vt 0.076630 0.683333
vt 0.728718 0.970805
vt 0.708711 0.969904
vt 0.084636 0.700537
vt 0.083634 0.700843
vt 0.708341 0.970767
vt 0.087676 0.706327
vt 0.702794 0.966961
vt 0.086715 0.706743
vt 0.702103 0.967660
vt 0.715229 0.971373
vt 0.081950 0.694772
vt 0.080937 0.695034
vt 0.715135 0.972289
vt 0.709183 0.929438
vt 0.083927 0.610674
vt 0.082936 0.610308
vt 0.708756 0.928613
vt 0.081334 0.616640
vt 0.715835 0.927981
vt 0.080313 0.616382
vt 0.715755 0.927075
vt 0.742213 0.957666
vt 0.074068 0.664262
vt 0.073012 0.664287
vt 0.743230 0.957971
vt 0.743518 0.945860
vt 0.073820 0.651102
vt 0.072772 0.651034
vt 0.744567 0.945674
vt 0.073792 0.657755
vt 0.743850 0.951919
vt 0.072746 0.657808
vt 0.744920 0.952052
vt 0.697833 0.962649
vt 0.091074 0.712334
vt 0.090061 0.712718
vt 0.696992 0.963223
vt 0.094832 0.718423
vt 0.093982 0.592548
vt 0.694326 0.957322
vt 0.694328 0.941582
vt 0.093782 0.718833
vt 0.693334 0.957680
vt 0.092906 0.592155
vt 0.693339 0.941217
vt 0.090332 0.598587
vt 0.697960 0.936381
vt 0.089294 0.598213
vt 0.697131 0.935805
vt 0.086952 0.604628
vt 0.703042 0.932280
vt 0.085925 0.604291
vt 0.702431 0.931540
vt 0.079610 0.688948
vt 0.721932 0.971368
vt 0.078613 0.689238
vt 0.722037 0.972283
vt 0.079296 0.622130
vt 0.722120 0.927924
vt 0.078272 0.621920
vt 0.722311 0.927024
vt 0.741382 0.940360
vt 0.074262 0.644774
vt 0.073215 0.644670
vt 0.742339 0.939952
vt 0.737843 0.935538
vt 0.075184 0.638659
vt 0.074153 0.638522
vt 0.738652 0.934938
vt 0.733430 0.931782
vt 0.076252 0.633037
vt 0.075232 0.632853
vt 0.734039 0.931022
vt 0.727957 0.929162
vt 0.077649 0.627431
vt 0.076642 0.627197
vt 0.728323 0.928299
vt 0.096332 0.668311
vt 0.098485 0.668060
vt 0.097377 0.668189
vt 0.099509 0.673145
vt 0.097366 0.673493
vt 0.098408 0.673325
vt 0.100826 0.678292
vt 0.098698 0.678739
vt 0.099726 0.678525
vt 0.104914 0.693678
vt 0.106926 0.692958
vt 0.105905 0.693347
vt 0.109848 0.697891
vt 0.107881 0.698716
vt 0.108870 0.698349
vt 0.102447 0.688717
vt 0.104505 0.688091
vt 0.103448 0.688423
vt 0.104639 0.617384
vt 0.106660 0.618109
vt 0.105651 0.617709
vt 0.104138 0.623037
vt 0.102089 0.622415
vt 0.103104 0.622694
vt 0.095673 0.662831
vt 0.097833 0.662677
vt 0.096727 0.662759
vt 0.095362 0.651690
vt 0.097509 0.651744
vt 0.096413 0.651718
vt 0.097425 0.657270
vt 0.095273 0.657322
vt 0.096321 0.657299
vt 0.111549 0.703915
vt 0.113478 0.702963
vt 0.112550 0.703507
vt 0.117866 0.708252
vt 0.117525 0.602518
vt 0.115969 0.709367
vt 0.115575 0.601376
vt 0.116985 0.708908
vt 0.116613 0.601827
vt 0.113165 0.607966
vt 0.111203 0.606987
vt 0.112222 0.607396
vt 0.109666 0.613071
vt 0.107681 0.612232
vt 0.108694 0.612602
vt 0.102453 0.683197
vt 0.100348 0.683737
vt 0.101360 0.683483
vt 0.102170 0.627579
vt 0.100094 0.627051
vt 0.101111 0.627289
vt 0.095809 0.646339
vt 0.097934 0.646496
vt 0.096859 0.646417
vt 0.096393 0.641131
vt 0.098516 0.641381
vt 0.097428 0.641256
vt 0.097284 0.636301
vt 0.099394 0.636644
vt 0.098310 0.636465
vt 0.098514 0.631543
vt 0.100617 0.631980
vt 0.099532 0.631744
vt 0.876777 0.293409
vt 0.878384 0.292117
vt 0.877598 0.292736
vt 0.881680 0.294288
vt 0.880608 0.295907
vt 0.881156 0.295066
vt 0.885648 0.295542
vt 0.885220 0.297343
vt 0.885434 0.296412
vt 0.898677 0.294558
vt 0.897277 0.293125
vt 0.897962 0.293812
vt 0.900109 0.290464
vt 0.901975 0.291492
vt 0.901015 0.290957
vt 0.894534 0.296584
vt 0.893704 0.294879
vt 0.894116 0.295702
vt 0.897516 0.272008
vt 0.896221 0.273552
vt 0.896856 0.272813
vt 0.892263 0.271906
vt 0.892957 0.270123
vt 0.892609 0.271047
vt 0.873774 0.289886
vt 0.875773 0.289045
vt 0.874798 0.289444
vt 0.872188 0.281369
vt 0.874421 0.281649
vt 0.873339 0.281511
vt 0.874387 0.285505
vt 0.872171 0.285809
vt 0.873311 0.285645
vt 0.904129 0.287524
vt 0.901967 0.287007
vt 0.903016 0.287250
vt 0.902545 0.283158
vt 0.904800 0.283107
vt 0.903638 0.283124
vt 0.901698 0.279410
vt 0.903833 0.278786
vt 0.902727 0.279104
vt 0.899499 0.276145
vt 0.901316 0.274987
vt 0.900368 0.275596
vt 0.889684 0.295703
vt 0.889897 0.297521
vt 0.889789 0.296591
vt 0.888421 0.271306
vt 0.888478 0.269448
vt 0.888454 0.270409
vt 0.873766 0.277272
vt 0.875822 0.278099
vt 0.874836 0.277707
vt 0.876644 0.273750
vt 0.878316 0.275017
vt 0.877499 0.274413
vt 0.880150 0.271276
vt 0.881311 0.272863
vt 0.880738 0.272101
vt 0.884256 0.269826
vt 0.884818 0.271609
vt 0.884539 0.270741
vt 0.879740 0.291060
vt 0.881259 0.289795
vt 0.880523 0.290433
vt 0.883602 0.291368
vt 0.882588 0.292953
vt 0.883107 0.292166
vt 0.886430 0.292283
vt 0.886020 0.294051
vt 0.886228 0.293176
vt 0.896099 0.291947
vt 0.894752 0.290540
vt 0.895417 0.291252
vt 0.896774 0.288611
vt 0.898551 0.289625
vt 0.897646 0.289125
vt 0.892996 0.293471
vt 0.892188 0.291803
vt 0.892589 0.292645
vt 0.895126 0.274821
vt 0.893910 0.276305
vt 0.894495 0.275566
vt 0.891032 0.275101
vt 0.891662 0.273375
vt 0.891324 0.274240
vt 0.877449 0.288366
vt 0.879355 0.287551
vt 0.878424 0.287961
vt 0.876279 0.281887
vt 0.878397 0.282165
vt 0.877366 0.282025
vt 0.878350 0.284978
vt 0.876236 0.285269
vt 0.877314 0.285124
vt 0.900162 0.286594
vt 0.898101 0.286086
vt 0.899110 0.286344
vt 0.898523 0.283277
vt 0.900673 0.283218
vt 0.899577 0.283250
vt 0.897906 0.280551
vt 0.899930 0.279937
vt 0.898897 0.280246
vt 0.896305 0.278188
vt 0.898004 0.277087
vt 0.897133 0.277641
vt 0.889297 0.292385
vt 0.889502 0.294179
vt 0.889398 0.293288
vt 0.888322 0.274654
vt 0.888359 0.272844
vt 0.888333 0.273744
vt 0.877515 0.278769
vt 0.879430 0.279570
vt 0.878503 0.279168
vt 0.879728 0.276048
vt 0.881280 0.277293
vt 0.880540 0.276662
vt 0.882303 0.274167
vt 0.883390 0.275732
vt 0.882868 0.274939
vt 0.885301 0.273099
vt 0.885837 0.274860
vt 0.885575 0.273972
vt 0.876766 0.293417
vt 0.110539 0.666607
vt 0.111646 0.666473
vt 0.875950 0.294092
vt 0.111476 0.671143
vt 0.880602 0.295917
vt 0.112576 0.670959
vt 0.880059 0.296757
vt 0.112770 0.675741
vt 0.885217 0.297356
vt 0.113871 0.675506
vt 0.885007 0.298285
vt 0.898687 0.294568
vt 0.118048 0.688756
vt 0.119072 0.688369
vt 0.899399 0.295314
vt 0.120526 0.692931
vt 0.901984 0.291500
vt 0.121508 0.692475
vt 0.902939 0.292036
vt 0.894540 0.296594
vt 0.116036 0.684492
vt 0.117095 0.684161
vt 0.894956 0.297475
vt 0.897522 0.272001
vt 0.117591 0.622413
vt 0.118599 0.622810
vt 0.898178 0.271197
vt 0.115386 0.626727
vt 0.892959 0.270115
vt 0.116422 0.627068
vt 0.893302 0.269193
vt 0.873766 0.289889
vt 0.109826 0.661768
vt 0.110933 0.661685
vt 0.872744 0.290333
vt 0.872173 0.281368
vt 0.109334 0.652019
vt 0.110428 0.652045
vt 0.871022 0.281227
vt 0.109404 0.656952
vt 0.872161 0.285809
vt 0.110511 0.656922
vt 0.871022 0.285973
vt 0.904142 0.287527
vt 0.123601 0.697074
vt 0.124532 0.696533
vt 0.905248 0.287802
vt 0.127252 0.610224
vt 0.127283 0.700939
vt 0.904812 0.283106
vt 0.128150 0.610935
vt 0.128150 0.700265
vt 0.905968 0.283089
vt 0.123394 0.614137
vt 0.903842 0.278785
vt 0.124339 0.614707
vt 0.904945 0.278467
vt 0.120194 0.618153
vt 0.901320 0.274984
vt 0.121166 0.618620
vt 0.902266 0.274379
vt 0.114359 0.680084
vt 0.889898 0.297532
vt 0.115454 0.679798
vt 0.890006 0.298461
vt 0.113682 0.630695
vt 0.888478 0.269444
vt 0.114747 0.630984
vt 0.888500 0.268483
vt 0.873758 0.277269
vt 0.109587 0.647368
vt 0.110663 0.647448
vt 0.872691 0.276833
vt 0.876637 0.273744
vt 0.110313 0.642799
vt 0.111402 0.642930
vt 0.875788 0.273078
vt 0.880145 0.271267
vt 0.111177 0.638633
vt 0.112265 0.638817
vt 0.879563 0.270440
vt 0.884255 0.269821
vt 0.112402 0.634549
vt 0.113487 0.634785
vt 0.883974 0.268905
s 1
usemtl MT_Altar_Incense
f 6/13/1 5/11/2 33/87/2 34/89/3
f 17/44/4 18/47/4 1/1/4 2/3/4
f 7/17/5 8/20/5 21/55/5 32/84/5
f 9/22/6 10/25/6 23/59/6 24/62/6
f 11/28/7 12/31/7 25/65/7 26/68/7
f 2/4/8 6/15/8 11/29/8 10/26/8
f 17/45/8 2/4/8 10/26/8 9/23/8
f 19/50/8 17/45/8 9/23/8 12/32/8
f 2/5/9 1/2/9 16/42/9 13/34/9
f 5/12/9 6/14/9 14/37/9 15/40/9
f 6/14/9 2/5/9 13/34/9 14/37/9
f 4/8/10 3/6/10 18/48/10 17/46/10
f 8/21/10 7/18/10 19/49/10 20/53/10
f 7/18/10 4/8/10 17/46/10 19/49/10
f 22/57/10 31/81/10 32/85/10 21/56/10
f 6/15/8 19/50/8 12/32/8 11/29/8
f 27/71/9 29/77/9 30/79/9 28/74/9
f 13/35/11 16/43/11 29/78/11 27/72/11
f 4/9/12 7/19/12 32/86/12 31/82/12
f 12/33/13 9/24/13 24/63/13 25/66/13
f 14/38/12 13/36/12 27/73/12 28/75/12
f 15/41/14 14/39/14 28/76/14 30/80/14
f 10/27/15 11/30/15 26/69/15 23/60/15
f 3/7/16 4/10/16 31/83/16 22/58/16
f 55/135/9 53/131/9 41/104/9 42/106/9
f 20/54/17 19/51/18 35/91/19 36/92/17
f 24/64/8 23/61/8 26/70/8 25/67/8
f 56/136/10 54/133/10 43/110/10 44/113/10
f 19/52/18 6/16/1 34/88/3 35/90/19
f 40/102/9 39/99/9 48/122/9 46/117/9
f 37/93/20 38/95/20 42/107/20 41/105/20
f 54/132/8 55/134/8 42/108/8 43/111/8
f 39/100/20 40/103/20 44/114/20 43/112/20
f 38/96/20 39/100/20 43/112/20 42/109/20
f 38/97/10 37/94/10 45/115/10 47/119/10
f 45/116/20 46/118/20 48/123/20 47/120/20
f 39/101/21 38/98/21 47/121/21 48/124/21
f 35/90/8 34/88/8 50/126/8 51/128/8
f 36/92/10 35/91/10 51/129/10 52/130/10
f 34/89/9 33/87/9 49/125/9 50/127/9
f 60/142/8 57/138/8 55/134/8 54/132/8
f 58/139/10 60/141/10 54/133/10 56/136/10
f 57/137/9 59/140/9 53/131/9 55/135/9
f 61/144/22 63/146/22 59/140/22 57/137/22
f 62/145/23 64/148/23 60/141/23 58/139/23
f 64/147/24 61/143/24 57/138/24 60/142/24
f 51/128/25 50/126/25 61/143/25 64/147/25
f 52/130/26 51/129/26 64/148/26 62/145/26
f 50/127/27 49/125/27 63/146/27 61/144/27
f 67/155/28 85/212/29 33/87/2 5/11/2
f 75/180/4 65/149/4 1/1/4 18/47/4
f 68/159/5 84/208/5 21/55/5 8/20/5
f 69/162/20 78/190/20 77/187/20 70/165/20
f 71/168/30 80/196/30 79/193/30 72/171/30
f 65/150/31 70/166/31 71/169/31 67/157/31
f 75/181/31 69/163/31 70/166/31 65/150/31
f 76/184/31 72/172/31 69/163/31 75/181/31
f 65/151/9 73/174/9 16/42/9 1/2/9
f 5/12/9 15/40/9 74/177/9 67/156/9
f 67/156/9 74/177/9 73/174/9 65/151/9
f 66/152/10 75/182/10 18/48/10 3/6/10
f 8/21/10 20/53/10 76/183/10 68/160/10
f 68/160/10 76/183/10 75/182/10 66/152/10
f 22/57/10 21/56/10 84/209/10 83/205/10
f 67/157/31 71/169/31 72/172/31 76/184/31
f 81/199/9 82/202/9 30/79/9 29/77/9
f 73/175/11 81/200/11 29/78/11 16/43/11
f 66/153/32 83/206/32 84/210/32 68/161/32
f 72/173/33 79/194/33 78/191/33 69/164/33
f 74/178/32 82/203/32 81/201/32 73/176/32
f 15/41/14 30/80/14 82/204/14 74/179/14
f 70/167/34 77/188/34 80/197/34 71/170/34
f 3/7/16 22/58/16 83/207/16 66/154/16
f 96/242/9 89/222/9 41/104/9 53/131/9
f 20/54/17 36/92/17 86/214/35 76/185/36
f 78/192/31 79/195/31 80/198/31 77/189/31
f 56/136/10 44/113/10 90/226/10 95/240/10
f 76/186/36 86/213/35 85/211/29 67/158/28
f 40/102/9 46/117/9 92/232/9 88/219/9
f 37/93/20 41/105/20 89/223/20 87/215/20
f 95/239/31 90/227/31 89/224/31 96/241/31
f 88/220/20 90/228/20 44/114/20 40/103/20
f 87/216/20 89/225/20 90/228/20 88/220/20
f 87/217/10 91/229/10 45/115/10 37/94/10
f 45/116/20 91/230/20 92/233/20 46/118/20
f 88/221/37 92/234/37 91/231/37 87/218/37
f 86/213/31 94/237/31 93/235/31 85/211/31
f 36/92/10 52/130/10 94/238/10 86/214/10
f 85/212/9 93/236/9 49/125/9 33/87/9
f 98/246/31 95/239/31 96/241/31 97/244/31
f 58/139/10 56/136/10 95/240/10 98/245/10
f 97/243/9 96/242/9 53/131/9 59/140/9
f 99/248/22 97/243/22 59/140/22 63/146/22
f 62/145/23 58/139/23 98/245/23 100/250/23
f 100/249/38 98/246/38 97/244/38 99/247/38
f 94/237/39 100/249/39 99/247/39 93/235/39
f 52/130/26 62/145/26 100/250/26 94/238/26
f 93/236/27 99/248/27 63/146/27 49/125/27
f 453/653/40 1293/1568/41 1641/1947/42 1546/1848/43
f 1293/1568/41 467/667/44 1551/1853/45 1641/1947/42
f 1641/1947/42 1551/1853/45 444/641/46 1251/1522/47
f 1546/1848/43 1641/1947/42 1251/1522/47 428/619/48
f 165/323/49 736/973/50 1642/1948/51 720/956/52
f 736/973/50 158/315/53 625/855/54 1642/1948/51
f 1642/1948/51 625/855/54 106/256/55 623/853/56
f 720/956/52 1642/1948/51 623/853/56 145/302/57
f 162/320/58 735/972/59 1643/1949/60 693/928/61
f 735/972/59 159/316/62 627/857/63 1643/1949/60
f 1643/1949/60 627/857/63 105/255/64 669/899/65
f 693/928/61 1643/1949/60 669/899/65 129/280/66
f 164/322/67 734/971/68 1644/1950/69 719/955/70
f 734/971/68 160/317/71 628/858/72 1644/1950/69
f 1644/1950/69 628/858/72 108/258/73 698/934/74
f 719/955/70 1644/1950/69 698/934/74 146/303/75
f 163/321/76 733/970/77 1645/1951/78 694/930/79
f 733/970/77 161/318/80 724/960/81 1645/1951/78
f 1645/1951/78 724/960/81 107/257/82 670/900/83
f 694/930/79 1645/1951/78 670/900/83 130/281/84
f 119/269/85 654/884/86 1646/1952/87 718/954/88
f 654/884/86 147/304/89 617/847/90 1646/1952/87
f 1646/1952/87 617/847/90 102/252/91 618/848/92
f 718/954/88 1646/1952/87 618/848/92 143/299/93
f 171/330/94 752/990/95 1647/1953/96 691/926/97
f 752/990/95 167/325/98 738/975/99 1647/1953/96
f 1647/1953/96 738/975/99 117/267/100 674/905/101
f 691/926/97 1647/1953/96 674/905/101 134/285/102
f 134/285/102 674/905/101 1648/1954/103 690/925/104
f 674/905/101 117/267/100 637/867/105 1648/1954/103
f 1648/1954/103 637/867/105 116/266/106 675/906/107
f 690/925/104 1648/1954/103 675/906/107 135/286/108
f 135/286/108 675/906/107 1649/1955/109 689/924/110
f 675/906/107 116/266/106 636/866/111 1649/1955/109
f 1649/1955/109 636/866/111 115/265/112 676/907/113
f 689/924/110 1649/1955/109 676/907/113 136/287/114
f 136/287/114 676/907/113 1650/1956/115 688/923/116
f 676/907/113 115/265/112 635/865/117 1650/1956/115
f 1650/1956/115 635/865/117 114/264/118 677/908/119
f 688/923/116 1650/1956/115 677/908/119 137/288/120
f 118/268/121 664/894/122 1651/1957/123 638/868/124
f 664/894/122 152/309/125 619/849/126 1651/1957/123
f 1651/1957/123 619/849/126 104/254/127 620/850/128
f 638/868/124 1651/1957/123 620/850/128 101/251/129
f 173/332/130 751/989/131 1652/1958/132 717/953/133
f 751/989/131 169/327/134 645/875/135 1652/1958/132
f 1652/1958/132 645/875/135 125/275/136 700/936/137
f 717/953/133 1652/1958/132 700/936/137 148/305/138
f 148/305/138 700/936/137 1653/1959/139 716/952/140
f 700/936/137 125/275/136 646/876/141 1653/1959/139
f 1653/1959/139 646/876/141 126/276/142 701/937/143
f 716/952/140 1653/1959/139 701/937/143 149/306/144
f 149/306/144 701/937/143 1654/1960/145 715/951/146
f 701/937/143 126/276/142 647/877/147 1654/1960/145
f 1654/1960/145 647/877/147 127/277/148 702/938/149
f 715/951/146 1654/1960/145 702/938/149 150/307/150
f 150/307/150 702/938/149 1655/1961/151 714/950/152
f 702/938/149 127/277/148 648/878/153 1655/1961/151
f 1655/1961/151 648/878/153 128/278/154 703/939/155
f 714/950/152 1655/1961/151 703/939/155 151/308/156
f 133/284/157 673/904/158 1656/1962/159 629/859/160
f 673/904/158 118/268/121 638/868/124 1656/1962/159
f 1656/1962/159 638/868/124 101/251/129 696/932/161
f 629/859/160 1656/1962/159 696/932/161 132/283/162
f 170/329/163 750/988/164 1657/1963/165 686/920/166
f 750/988/164 168/326/167 640/870/168 1657/1963/165
f 1657/1963/165 640/870/168 120/270/169 679/910/170
f 686/920/166 1657/1963/165 679/910/170 139/291/171
f 139/291/171 679/910/170 1658/1964/172 685/918/173
f 679/910/170 120/270/169 641/871/174 1658/1964/172
f 1658/1964/172 641/871/174 121/271/175 680/911/176
f 685/918/173 1658/1964/172 680/911/176 140/293/177
f 140/293/177 680/911/176 1659/1965/178 684/916/179
f 680/911/176 121/271/175 642/872/180 1659/1965/178
f 1659/1965/178 642/872/180 122/272/181 681/912/182
f 684/916/179 1659/1965/178 681/912/182 141/295/183
f 141/295/183 681/912/182 1660/1966/184 683/914/185
f 681/912/182 122/272/181 643/873/186 1660/1966/184
f 1660/1966/184 643/873/186 123/273/187 682/913/188
f 683/914/185 1660/1966/184 682/913/188 142/297/189
f 138/289/190 678/909/191 1661/1967/192 671/901/193
f 678/909/191 119/269/85 718/954/88 1661/1967/192
f 1661/1967/192 718/954/88 143/299/93 692/927/194
f 671/901/193 1661/1967/192 692/927/194 144/301/195
f 172/331/196 749/987/197 1662/1968/198 712/948/199
f 749/987/197 166/324/200 630/860/201 1662/1968/198
f 1662/1968/198 630/860/201 110/260/202 705/941/203
f 712/948/199 1662/1968/198 705/941/203 153/310/204
f 153/310/204 705/941/203 1663/1969/205 711/947/206
f 705/941/203 110/260/202 631/861/207 1663/1969/205
f 1663/1969/205 631/861/207 111/261/208 706/942/209
f 711/947/206 1663/1969/205 706/942/209 154/311/210
f 154/311/210 706/942/209 1664/1970/211 710/946/212
f 706/942/209 111/261/208 632/862/213 1664/1970/211
f 1664/1970/211 632/862/213 112/262/214 707/943/215
f 710/946/212 1664/1970/211 707/943/215 155/312/216
f 155/312/216 707/943/215 1665/1971/217 709/945/218
f 707/943/215 112/262/214 633/863/219 1665/1971/217
f 1665/1971/217 633/863/219 113/263/220 708/944/221
f 709/945/218 1665/1971/217 708/944/221 156/313/222
f 458/658/223 1273/1548/224 1666/1972/225 1553/1856/226
f 1273/1548/224 456/656/227 1554/1857/228 1666/1972/225
f 1666/1972/225 1554/1857/228 431/623/229 1238/1506/230
f 1553/1856/226 1666/1972/225 1238/1506/230 435/628/231
f 112/262/214 662/892/232 1667/1973/233 633/863/219
f 662/892/232 141/296/183 683/915/185 1667/1973/233
f 1667/1973/233 683/915/185 142/298/189 663/893/234
f 633/863/219 1667/1973/233 663/893/234 113/263/220
f 111/261/208 661/891/235 1668/1974/236 632/862/213
f 661/891/235 140/294/177 684/917/179 1668/1974/236
f 1668/1974/236 684/917/179 141/296/183 662/892/232
f 632/862/213 1668/1974/236 662/892/232 112/262/214
f 110/260/202 660/890/237 1669/1975/238 631/861/207
f 660/890/237 139/292/171 685/919/173 1669/1975/238
f 1669/1975/238 685/919/173 140/294/177 661/891/235
f 631/861/207 1669/1975/238 661/891/235 111/261/208
f 166/324/200 748/986/239 1670/1976/240 630/860/201
f 748/986/239 170/328/163 686/921/166 1670/1976/240
f 1670/1976/240 686/921/166 139/292/171 660/890/237
f 630/860/201 1670/1976/240 660/890/237 110/260/202
f 147/304/89 699/935/241 1671/1977/242 617/847/90
f 699/935/241 124/274/243 687/922/244 1671/1977/242
f 1671/1977/242 687/922/244 103/253/245 695/931/246
f 617/847/90 1671/1977/242 695/931/246 102/252/91
f 127/277/148 652/882/247 1672/1978/248 648/878/153
f 652/882/247 136/287/114 688/923/116 1672/1978/248
f 1672/1978/248 688/923/116 137/288/120 653/883/249
f 648/878/153 1672/1978/248 653/883/249 128/278/154
f 126/276/142 651/881/250 1673/1979/251 647/877/147
f 651/881/250 135/286/108 689/924/110 1673/1979/251
f 1673/1979/251 689/924/110 136/287/114 652/882/247
f 647/877/147 1673/1979/251 652/882/247 127/277/148
f 125/275/136 650/880/252 1674/1980/253 646/876/141
f 650/880/252 134/285/102 690/925/104 1674/1980/253
f 1674/1980/253 690/925/104 135/286/108 651/881/250
f 646/876/141 1674/1980/253 651/881/250 126/276/142
f 169/327/134 747/985/254 1675/1981/255 645/875/135
f 747/985/254 171/330/94 691/926/97 1675/1981/255
f 1675/1981/255 691/926/97 134/285/102 650/880/252
f 645/875/135 1675/1981/255 650/880/252 125/275/136
f 124/274/243 649/879/256 1676/1982/257 687/922/244
f 649/879/256 133/284/157 629/859/160 1676/1982/257
f 1676/1982/257 629/859/160 132/283/162 626/856/258
f 687/922/244 1676/1982/257 626/856/258 103/253/245
f 158/315/53 732/969/259 1677/1983/260 625/855/54
f 732/969/259 162/319/58 693/929/61 1677/1983/260
f 1677/1983/260 693/929/61 129/279/66 621/851/261
f 625/855/54 1677/1983/260 621/851/261 106/256/55
f 160/317/71 731/968/262 1678/1984/263 628/858/72
f 731/968/262 163/321/76 694/930/79 1678/1984/263
f 1678/1984/263 694/930/79 130/281/84 622/852/264
f 628/858/72 1678/1984/263 622/852/264 108/258/73
f 470/670/265 1298/1573/266 1679/1985/267 1558/1861/268
f 1298/1573/266 461/661/269 1559/1862/270 1679/1985/267
f 1679/1985/267 1559/1862/270 438/632/271 1255/1527/272
f 1558/1861/268 1679/1985/267 1255/1527/272 447/646/273
f 115/265/112 667/897/274 1680/1986/275 635/865/117
f 667/897/274 155/312/216 709/945/218 1680/1986/275
f 1680/1986/275 709/945/218 156/313/222 668/898/276
f 635/865/117 1680/1986/275 668/898/276 114/264/118
f 116/266/106 666/896/277 1681/1987/278 636/866/111
f 666/896/277 154/311/210 710/946/212 1681/1987/278
f 1681/1987/278 710/946/212 155/312/216 667/897/274
f 636/866/111 1681/1987/278 667/897/274 115/265/112
f 117/267/100 665/895/279 1682/1988/280 637/867/105
f 665/895/279 153/310/204 711/947/206 1682/1988/280
f 1682/1988/280 711/947/206 154/311/210 666/896/277
f 637/867/105 1682/1988/280 666/896/277 116/266/106
f 167/325/98 746/984/281 1683/1989/282 738/975/99
f 746/984/281 172/331/196 712/948/199 1683/1989/282
f 1683/1989/282 712/948/199 153/310/204 665/895/279
f 738/975/99 1683/1989/282 665/895/279 117/267/100
f 109/259/283 659/889/284 1684/1990/285 639/869/286
f 659/889/284 138/290/190 671/902/193 1684/1990/285
f 1684/1990/285 671/902/193 144/300/195 644/874/287
f 639/869/286 1684/1990/285 644/874/287 131/282/288
f 122/272/181 657/887/289 1685/1991/290 643/873/186
f 657/887/289 150/307/150 714/950/152 1685/1991/290
f 1685/1991/290 714/950/152 151/308/156 658/888/291
f 643/873/186 1685/1991/290 658/888/291 123/273/187
f 121/271/175 656/886/292 1686/1992/293 642/872/180
f 656/886/292 149/306/144 715/951/146 1686/1992/293
f 1686/1992/293 715/951/146 150/307/150 657/887/289
f 642/872/180 1686/1992/293 657/887/289 122/272/181
f 120/270/169 655/885/294 1687/1993/295 641/871/174
f 655/885/294 148/305/138 716/952/140 1687/1993/295
f 1687/1993/295 716/952/140 149/306/144 656/886/292
f 641/871/174 1687/1993/295 656/886/292 121/271/175
f 168/326/167 745/983/296 1688/1994/297 640/870/168
f 745/983/296 173/332/130 717/953/133 1688/1994/297
f 1688/1994/297 717/953/133 148/305/138 655/885/294
f 640/870/168 1688/1994/297 655/885/294 120/270/169
f 152/309/125 704/940/298 1689/1995/299 619/849/126
f 704/940/298 109/259/283 639/869/286 1689/1995/299
f 1689/1995/299 639/869/286 131/282/288 672/903/300
f 619/849/126 1689/1995/299 672/903/300 104/254/127
f 159/316/62 730/967/301 1690/1996/302 627/857/63
f 730/967/301 164/322/67 719/955/70 1690/1996/302
f 1690/1996/302 719/955/70 146/303/75 624/854/303
f 627/857/63 1690/1996/302 624/854/303 105/255/64
f 161/318/80 729/966/304 1691/1997/305 724/960/81
f 729/966/304 165/323/49 720/956/52 1691/1997/305
f 1691/1997/305 720/956/52 145/302/57 697/933/306
f 724/960/81 1691/1997/305 697/933/306 107/257/82
f 145/302/57 623/853/56 1692/1998/307 1556/1859/308
f 623/853/56 106/256/55 1557/1860/309 1692/1998/307
f 1692/1998/307 1557/1860/309 434/627/310 1233/1500/311
f 1556/1859/308 1692/1998/307 1233/1500/311 432/624/312
f 456/656/227 1299/1574/313 1693/1999/314 1554/1857/228
f 1299/1574/313 470/670/265 1558/1861/268 1693/1999/314
f 1693/1999/314 1558/1861/268 447/646/273 1261/1535/315
f 1554/1857/228 1693/1999/314 1261/1535/315 431/623/229
f 461/661/269 1285/1560/316 1694/2000/317 1559/1862/270
f 1285/1560/316 465/665/318 1549/1851/319 1694/2000/317
f 1694/2000/317 1549/1851/319 440/635/320 1240/1508/321
f 1559/1862/270 1694/2000/317 1240/1508/321 438/632/271
f 157/314/322 1562/1865/323 1695/2001/324 1561/1864/325
f 452/652/326 1266/1541/326 1695/2001/324 1562/1865/323
f 450/650/327 1561/1864/325 1695/2001/324 1266/1541/326
f 465/665/318 1304/1579/328 1696/2002/329 1549/1851/319
f 1304/1579/328 449/649/330 1545/1847/331 1696/2002/329
f 1696/2002/329 1545/1847/331 426/616/332 1262/1536/333
f 1549/1851/319 1696/2002/329 1262/1536/333 440/635/320
f 174/333/334 768/1007/335 1697/2003/336 753/991/337
f 768/1007/335 181/341/338 728/965/339 1697/2003/336
f 1697/2003/336 728/965/339 165/323/49 729/966/304
f 753/991/337 1697/2003/336 729/966/304 161/318/80
f 176/335/340 767/1006/341 1698/2004/342 722/958/343
f 767/1006/341 180/340/344 727/964/345 1698/2004/342
f 1698/2004/342 727/964/345 164/322/67 730/967/301
f 722/958/343 1698/2004/342 730/967/301 159/316/62
f 177/336/346 766/1005/347 1699/2005/348 723/959/349
f 766/1005/347 179/339/350 726/963/351 1699/2005/348
f 1699/2005/348 726/963/351 163/321/76 731/968/262
f 723/959/349 1699/2005/348 731/968/262 160/317/71
f 175/334/352 765/1004/353 1700/2006/354 721/957/355
f 765/1004/353 178/338/356 725/961/357 1700/2006/354
f 1700/2006/354 725/961/357 162/319/58 732/969/259
f 721/957/355 1700/2006/354 732/969/259 158/315/53
f 179/339/350 764/1003/358 1701/2007/359 726/963/351
f 764/1003/358 174/333/334 753/991/337 1701/2007/359
f 1701/2007/359 753/991/337 161/318/80 733/970/77
f 726/963/351 1701/2007/359 733/970/77 163/321/76
f 180/340/344 763/1002/360 1702/2008/361 727/964/345
f 763/1002/360 177/336/346 723/959/349 1702/2008/361
f 1702/2008/361 723/959/349 160/317/71 734/971/68
f 727/964/345 1702/2008/361 734/971/68 164/322/67
f 178/337/356 762/1001/362 1703/2009/363 725/962/357
f 762/1001/362 176/335/340 722/958/343 1703/2009/363
f 1703/2009/363 722/958/343 159/316/62 735/972/59
f 725/962/357 1703/2009/363 735/972/59 162/320/58
f 181/341/338 761/1000/364 1704/2010/365 728/965/339
f 761/1000/364 175/334/352 721/957/355 1704/2010/365
f 1704/2010/365 721/957/355 158/315/53 736/973/50
f 728/965/339 1704/2010/365 736/973/50 165/323/49
f 143/299/93 618/848/92 1705/2011/366 739/976/367
f 618/848/92 102/252/91 744/982/368 1705/2011/366
f 1705/2011/366 744/982/368 173/332/130 745/983/296
f 739/976/367 1705/2011/366 745/983/296 168/326/167
f 101/251/129 620/850/128 1706/2012/369 713/949/370
f 620/850/128 104/254/127 743/981/371 1706/2012/369
f 1706/2012/369 743/981/371 172/331/196 746/984/281
f 713/949/370 1706/2012/369 746/984/281 167/325/98
f 103/253/245 626/856/258 1707/2013/372 740/977/373
f 626/856/258 132/283/162 742/980/374 1707/2013/372
f 1707/2013/372 742/980/374 171/330/94 747/985/254
f 740/977/373 1707/2013/372 747/985/254 169/327/134
f 131/282/288 644/874/287 1708/2014/375 737/974/376
f 644/874/287 144/300/195 741/978/377 1708/2014/375
f 1708/2014/375 741/978/377 170/328/163 748/986/239
f 737/974/376 1708/2014/375 748/986/239 166/324/200
f 104/254/127 672/903/300 1709/2015/378 743/981/371
f 672/903/300 131/282/288 737/974/376 1709/2015/378
f 1709/2015/378 737/974/376 166/324/200 749/987/197
f 743/981/371 1709/2015/378 749/987/197 172/331/196
f 144/301/195 692/927/194 1710/2016/379 741/979/377
f 692/927/194 143/299/93 739/976/367 1710/2016/379
f 1710/2016/379 739/976/367 168/326/167 750/988/164
f 741/979/377 1710/2016/379 750/988/164 170/329/163
f 102/252/91 695/931/246 1711/2017/380 744/982/368
f 695/931/246 103/253/245 740/977/373 1711/2017/380
f 1711/2017/380 740/977/373 169/327/134 751/989/131
f 744/982/368 1711/2017/380 751/989/131 173/332/130
f 132/283/162 696/932/161 1712/2018/381 742/980/374
f 696/932/161 101/251/129 713/949/370 1712/2018/381
f 1712/2018/381 713/949/370 167/325/98 752/990/95
f 742/980/374 1712/2018/381 752/990/95 171/330/94
f 105/255/64 624/854/303 1713/2019/382 1547/1849/383
f 624/854/303 146/303/75 1548/1850/384 1713/2019/382
f 1713/2019/382 1548/1850/384 425/615/385 1231/1498/386
f 1547/1849/383 1713/2019/382 1231/1498/386 429/620/387
f 107/257/82 697/933/306 1714/2020/388 1555/1858/389
f 697/933/306 145/302/57 1556/1859/308 1714/2020/388
f 1714/2020/388 1556/1859/308 432/624/312 1259/1532/390
f 1555/1858/389 1714/2020/388 1259/1532/390 446/645/391
f 108/258/73 622/852/264 1715/2021/392 1550/1852/393
f 622/852/264 130/281/84 1560/1863/394 1715/2021/392
f 1715/2021/392 1560/1863/394 437/631/395 1245/1514/396
f 1550/1852/393 1715/2021/392 1245/1514/396 441/636/397
f 106/256/55 621/851/261 1716/2022/398 1557/1860/309
f 621/851/261 129/279/66 1552/1854/399 1716/2022/398
f 1716/2022/398 1552/1854/399 443/639/400 1250/1521/401
f 1557/1860/309 1716/2022/398 1250/1521/401 434/627/310
f 129/280/66 669/899/65 1717/2023/402 1552/1855/399
f 669/899/65 105/255/64 1547/1849/383 1717/2023/402
f 1717/2023/402 1547/1849/383 429/620/387 1253/1525/403
f 1552/1855/399 1717/2023/402 1253/1525/403 443/640/400
f 130/281/84 670/900/83 1718/2024/404 1560/1863/394
f 670/900/83 107/257/82 1555/1858/389 1718/2024/404
f 1718/2024/404 1555/1858/389 446/645/391 1258/1531/405
f 1560/1863/394 1718/2024/404 1258/1531/405 437/631/395
f 467/667/44 1290/1565/406 1719/2025/407 1551/1853/45
f 1290/1565/406 458/658/223 1553/1856/226 1719/2025/407
f 1719/2025/407 1553/1856/226 435/628/231 1247/1516/408
f 1551/1853/45 1719/2025/407 1247/1516/408 444/641/46
f 146/303/75 698/934/74 1720/2026/409 1548/1850/384
f 698/934/74 108/258/73 1550/1852/393 1720/2026/409
f 1720/2026/409 1550/1852/393 441/636/397 1264/1539/410
f 1548/1850/384 1720/2026/409 1264/1539/410 425/615/385
f 157/314/322 1561/1864/325 1721/2027/411 1563/1866/412
f 450/650/327 1302/1577/413 1721/2027/411 1561/1864/325
f 464/664/414 1563/1866/412 1721/2027/411 1302/1577/413
f 157/314/322 1567/1870/415 1722/2028/416 1566/1869/417
f 471/671/418 1301/1576/419 1722/2028/416 1567/1870/415
f 455/655/325 1566/1869/417 1722/2028/416 1301/1576/419
f 157/314/322 1568/1871/420 1723/2029/421 1567/1870/415
f 462/662/422 1295/1570/423 1723/2029/421 1568/1871/420
f 471/671/418 1567/1870/415 1723/2029/421 1295/1570/423
f 157/314/322 1563/1866/412 1724/2030/424 1568/1871/420
f 464/664/414 1280/1555/425 1724/2030/424 1563/1866/412
f 462/662/422 1568/1871/420 1724/2030/424 1280/1555/425
f 157/314/322 1566/1869/417 1725/2031/415 1565/1868/426
f 455/655/325 1278/1553/427 1725/2031/415 1566/1869/417
f 459/659/428 1565/1868/426 1725/2031/415 1278/1553/427
f 498/708/429 1569/1872/430 1726/2032/431 1346/1630/432
f 1569/1872/430 473/673/433 1311/1587/434 1726/2032/431
f 1726/2032/431 1311/1587/434 477/678/435 1570/1873/436
f 1346/1630/432 1726/2032/431 1570/1873/436 500/710/437
f 157/314/322 1565/1868/426 1727/2033/438 1564/1867/439
f 459/659/428 1287/1562/440 1727/2033/438 1565/1868/426
f 468/668/441 1564/1867/439 1727/2033/438 1287/1562/440
f 157/314/322 1564/1867/439 1728/2034/442 1562/1865/323
f 468/668/441 1291/1566/443 1728/2034/442 1564/1867/439
f 452/652/326 1562/1865/323 1728/2034/442 1291/1566/443
f 156/313/222 708/944/221 1729/2035/444 760/999/445
f 708/944/221 113/263/220 754/992/446 1729/2035/444
f 1729/2035/444 754/992/446 175/334/352 761/1000/364
f 760/999/445 1729/2035/444 761/1000/364 181/341/338
f 142/297/189 682/913/188 1730/2036/447 757/995/448
f 682/913/188 123/273/187 755/993/449 1730/2036/447
f 1730/2036/447 755/993/449 176/335/340 762/1001/362
f 757/995/448 1730/2036/447 762/1001/362 178/337/356
f 151/308/156 703/939/155 1731/2037/450 759/998/451
f 703/939/155 128/278/154 756/994/452 1731/2037/450
f 1731/2037/450 756/994/452 177/336/346 763/1002/360
f 759/998/451 1731/2037/450 763/1002/360 180/340/344
f 137/288/120 677/908/119 1732/2038/453 758/997/454
f 677/908/119 114/264/118 634/864/455 1732/2038/453
f 1732/2038/453 634/864/455 174/333/334 764/1003/358
f 758/997/454 1732/2038/453 764/1003/358 179/339/350
f 113/263/220 663/893/234 1733/2039/456 754/992/446
f 663/893/234 142/298/189 757/996/448 1733/2039/456
f 1733/2039/456 757/996/448 178/338/356 765/1004/353
f 754/992/446 1733/2039/456 765/1004/353 175/334/352
f 128/278/154 653/883/249 1734/2040/457 756/994/452
f 653/883/249 137/288/120 758/997/454 1734/2040/457
f 1734/2040/457 758/997/454 179/339/350 766/1005/347
f 756/994/452 1734/2040/457 766/1005/347 177/336/346
f 123/273/187 658/888/291 1735/2041/458 755/993/449
f 658/888/291 151/308/156 759/998/451 1735/2041/458
f 1735/2041/458 759/998/451 180/340/344 767/1006/341
f 755/993/449 1735/2041/458 767/1006/341 176/335/340
f 114/264/118 668/898/276 1736/2042/459 634/864/455
f 668/898/276 156/313/222 760/999/445 1736/2042/459
f 1736/2042/459 760/999/445 181/341/338 768/1007/335
f 634/864/455 1736/2042/459 768/1007/335 174/333/334
f 186/346/460 1573/1876/461 1737/2043/462 776/1015/463
f 1573/1876/461 476/677/464 1306/1581/465 1737/2043/462
f 1737/2043/462 1306/1581/465 474/674/466 1571/1874/467
f 776/1015/463 1737/2043/462 1571/1874/467 227/394/468
f 246/414/469 872/1117/470 1738/2044/471 888/1134/472
f 872/1117/470 226/393/473 775/1014/474 1738/2044/471
f 1738/2044/471 775/1014/474 187/347/475 777/1016/476
f 888/1134/472 1738/2044/471 777/1016/476 239/406/477
f 243/411/478 845/1089/479 1739/2045/480 887/1133/481
f 845/1089/479 210/371/482 821/1060/483 1739/2045/480
f 1739/2045/480 821/1060/483 186/346/460 779/1018/484
f 887/1133/481 1739/2045/480 779/1018/484 240/407/485
f 245/413/486 871/1116/487 1740/2046/488 886/1132/489
f 871/1116/487 227/394/468 850/1095/490 1740/2046/488
f 1740/2046/488 850/1095/490 189/349/491 780/1019/492
f 886/1132/489 1740/2046/488 780/1019/492 241/408/493
f 244/412/494 846/1091/495 1741/2047/496 885/1131/497
f 846/1091/495 211/372/498 822/1061/499 1741/2047/496
f 1741/2047/496 822/1061/499 188/348/500 876/1121/501
f 885/1131/497 1741/2047/496 876/1121/501 242/409/502
f 200/360/503 870/1115/504 1742/2048/505 806/1045/506
f 870/1115/504 224/390/507 770/1009/508 1742/2048/505
f 1742/2048/505 770/1009/508 183/343/509 769/1008/510
f 806/1045/506 1742/2048/505 769/1008/510 228/395/511
f 252/421/512 843/1087/513 1743/2049/514 904/1151/515
f 843/1087/513 215/376/516 826/1066/517 1743/2049/514
f 1743/2049/514 826/1066/517 198/358/518 890/1136/519
f 904/1151/515 1743/2049/514 890/1136/519 248/416/520
f 215/376/516 842/1086/104 1744/2050/253 826/1066/517
f 842/1086/104 216/377/521 827/1067/522 1744/2050/253
f 1744/2050/253 827/1067/522 197/357/523 789/1028/524
f 826/1066/517 1744/2050/253 789/1028/524 198/358/518
f 216/377/521 841/1085/525 1745/2051/526 827/1067/522
f 841/1085/525 217/378/527 828/1068/528 1745/2051/526
f 1745/2051/526 828/1068/528 196/356/529 788/1027/530
f 827/1067/522 1745/2051/526 788/1027/530 197/357/523
f 217/378/527 840/1084/116 1746/2052/531 828/1068/528
f 840/1084/116 218/379/532 829/1069/533 1746/2052/531
f 1746/2052/531 829/1069/533 195/355/534 787/1026/535
f 828/1068/528 1746/2052/531 787/1026/535 196/356/529
f 199/359/536 790/1029/537 1747/2053/538 816/1055/539
f 790/1029/537 182/342/540 772/1011/541 1747/2053/538
f 1747/2053/538 772/1011/541 185/345/542 771/1010/543
f 816/1055/539 1747/2053/538 771/1010/543 233/400/544
f 254/423/545 869/1114/546 1748/2054/547 903/1150/548
f 869/1114/546 229/396/549 852/1097/550 1748/2054/547
f 1748/2054/547 852/1097/550 206/366/551 797/1036/552
f 903/1150/548 1748/2054/547 797/1036/552 250/418/553
f 229/396/549 868/1113/554 1749/2055/555 852/1097/550
f 868/1113/554 230/397/556 853/1098/557 1749/2055/555
f 1749/2055/555 853/1098/557 207/367/558 798/1037/559
f 852/1097/550 1749/2055/555 798/1037/559 206/366/551
f 230/397/556 867/1112/560 1750/2056/561 853/1098/557
f 867/1112/560 231/398/216 854/1099/562 1750/2056/561
f 1750/2056/561 854/1099/562 208/368/563 799/1038/564
f 853/1098/557 1750/2056/561 799/1038/564 207/367/558
f 231/398/216 866/1111/565 1751/2057/566 854/1099/562
f 866/1111/565 232/399/567 855/1100/568 1751/2057/566
f 1751/2057/566 855/1100/568 209/369/569 800/1039/570
f 854/1099/562 1751/2057/566 800/1039/570 208/368/563
f 214/375/571 781/1020/572 1752/2058/573 825/1065/574
f 781/1020/572 213/374/575 848/1093/576 1752/2058/573
f 1752/2058/573 848/1093/576 182/342/540 790/1029/537
f 825/1065/574 1752/2058/573 790/1029/537 199/359/536
f 251/420/577 838/1081/578 1753/2059/579 902/1149/580
f 838/1081/578 220/382/581 831/1071/582 1753/2059/579
f 1753/2059/579 831/1071/582 201/361/583 792/1031/584
f 902/1149/580 1753/2059/579 792/1031/584 249/417/585
f 220/382/581 837/1079/586 1754/2060/587 831/1071/582
f 837/1079/586 221/384/588 832/1072/589 1754/2060/587
f 1754/2060/587 832/1072/589 202/362/590 793/1032/591
f 831/1071/582 1754/2060/587 793/1032/591 201/361/583
f 221/384/588 836/1077/592 1755/2061/593 832/1072/589
f 836/1077/592 222/386/594 833/1073/595 1755/2061/593
f 1755/2061/593 833/1073/595 203/363/596 794/1033/597
f 832/1072/589 1755/2061/593 794/1033/597 202/362/590
f 222/386/594 835/1075/598 1756/2062/599 833/1073/595
f 835/1075/598 223/388/600 834/1074/601 1756/2062/599
f 1756/2062/599 834/1074/601 204/364/602 795/1034/603
f 833/1073/595 1756/2062/599 795/1034/603 203/363/596
f 219/380/604 823/1062/605 1757/2063/606 830/1070/607
f 823/1062/605 225/392/608 844/1088/609 1757/2063/606
f 1757/2063/606 844/1088/609 224/390/507 870/1115/504
f 830/1070/607 1757/2063/606 870/1115/504 200/360/503
f 253/422/610 864/1109/611 1758/2064/612 901/1148/613
f 864/1109/611 234/401/614 857/1102/615 1758/2064/612
f 1758/2064/612 857/1102/615 191/351/616 782/1021/617
f 901/1148/613 1758/2064/612 782/1021/617 247/415/618
f 234/401/614 863/1108/619 1759/2065/620 857/1102/615
f 863/1108/619 235/402/621 858/1103/622 1759/2065/620
f 1759/2065/620 858/1103/622 192/352/623 783/1022/624
f 857/1102/615 1759/2065/620 783/1022/624 191/351/616
f 235/402/621 862/1107/625 1760/2066/626 858/1103/622
f 862/1107/625 236/403/627 859/1104/628 1760/2066/626
f 1760/2066/626 859/1104/628 193/353/629 784/1023/630
f 858/1103/622 1760/2066/626 784/1023/630 192/352/623
f 236/403/627 861/1106/631 1761/2067/632 859/1104/628
f 861/1106/631 237/404/633 860/1105/634 1761/2067/632
f 1761/2067/632 860/1105/634 194/354/635 785/1024/636
f 859/1104/628 1761/2067/632 785/1024/636 193/353/629
f 507/717/637 1577/1881/638 1762/2068/639 1358/1642/640
f 1577/1881/638 482/685/641 1313/1589/642 1762/2068/639
f 1762/2068/639 1313/1589/642 480/682/643 1578/1882/644
f 1358/1642/640 1762/2068/639 1578/1882/644 503/713/645
f 193/353/629 785/1024/636 1763/2069/646 814/1053/647
f 785/1024/636 194/354/635 815/1054/648 1763/2069/646
f 1763/2069/646 815/1054/648 223/389/600 835/1076/598
f 814/1053/647 1763/2069/646 835/1076/598 222/387/594
f 192/352/623 784/1023/630 1764/2070/649 813/1052/650
f 784/1023/630 193/353/629 814/1053/647 1764/2070/649
f 1764/2070/649 814/1053/647 222/387/594 836/1078/592
f 813/1052/650 1764/2070/649 836/1078/592 221/385/588
f 191/351/616 783/1022/624 1765/2071/651 812/1051/652
f 783/1022/624 192/352/623 813/1052/650 1765/2071/651
f 1765/2071/651 813/1052/650 221/385/588 837/1080/586
f 812/1051/652 1765/2071/651 837/1080/586 220/383/581
f 247/415/618 782/1021/617 1766/2072/653 900/1147/654
f 782/1021/617 191/351/616 812/1051/652 1766/2072/653
f 1766/2072/653 812/1051/652 220/383/581 838/1082/578
f 900/1147/654 1766/2072/653 838/1082/578 251/419/577
f 228/395/511 769/1008/510 1767/2073/655 851/1096/656
f 769/1008/510 183/343/509 847/1092/657 1767/2073/655
f 1767/2073/655 847/1092/657 184/344/658 839/1083/659
f 851/1096/656 1767/2073/655 839/1083/659 205/365/660
f 208/368/563 800/1039/570 1768/2074/661 804/1043/662
f 800/1039/570 209/369/569 805/1044/663 1768/2074/661
f 1768/2074/661 805/1044/663 218/379/532 840/1084/116
f 804/1043/662 1768/2074/661 840/1084/116 217/378/527
f 207/367/558 799/1038/564 1769/2075/664 803/1042/665
f 799/1038/564 208/368/563 804/1043/662 1769/2075/664
f 1769/2075/664 804/1043/662 217/378/527 841/1085/525
f 803/1042/665 1769/2075/664 841/1085/525 216/377/521
f 206/366/551 798/1037/559 1770/2076/666 802/1041/667
f 798/1037/559 207/367/558 803/1042/665 1770/2076/666
f 1770/2076/666 803/1042/665 216/377/521 842/1086/104
f 802/1041/667 1770/2076/666 842/1086/104 215/376/516
f 250/418/553 797/1036/552 1771/2077/668 899/1146/669
f 797/1036/552 206/366/551 802/1041/667 1771/2077/668
f 1771/2077/668 802/1041/667 215/376/516 843/1087/513
f 899/1146/669 1771/2077/668 843/1087/513 252/421/512
f 205/365/660 839/1083/659 1772/2078/670 801/1040/671
f 839/1083/659 184/344/658 778/1017/672 1772/2078/670
f 1772/2078/670 778/1017/672 213/374/575 781/1020/572
f 801/1040/671 1772/2078/670 781/1020/572 214/375/571
f 239/406/477 777/1016/476 1773/2079/673 884/1130/674
f 777/1016/476 187/347/475 773/1012/675 1773/2079/673
f 1773/2079/673 773/1012/675 210/370/482 845/1090/479
f 884/1130/674 1773/2079/673 845/1090/479 243/410/478
f 241/408/493 780/1019/492 1774/2080/676 883/1129/677
f 780/1019/492 189/349/491 774/1013/678 1774/2080/676
f 1774/2080/676 774/1013/678 211/372/498 846/1091/495
f 883/1129/677 1774/2080/676 846/1091/495 244/412/494
f 519/729/679 1581/1885/680 1775/2081/681 1375/1659/682
f 1581/1885/680 494/703/683 1338/1620/684 1775/2081/681
f 1775/2081/681 1338/1620/684 485/689/685 1583/1887/686
f 1375/1659/682 1775/2081/681 1583/1887/686 510/720/687
f 196/356/529 787/1026/535 1776/2082/688 819/1058/689
f 787/1026/535 195/355/534 820/1059/690 1776/2082/688
f 1776/2082/688 820/1059/690 237/404/633 861/1106/631
f 819/1058/689 1776/2082/688 861/1106/631 236/403/627
f 197/357/523 788/1027/530 1777/2083/691 818/1057/143
f 788/1027/530 196/356/529 819/1058/689 1777/2083/691
f 1777/2083/691 819/1058/689 236/403/627 862/1107/625
f 818/1057/143 1777/2083/691 862/1107/625 235/402/621
f 198/358/518 789/1028/524 1778/2084/692 817/1056/693
f 789/1028/524 197/357/523 818/1057/143 1778/2084/692
f 1778/2084/692 818/1057/143 235/402/621 863/1108/619
f 817/1056/693 1778/2084/692 863/1108/619 234/401/614
f 248/416/520 890/1136/519 1779/2085/694 898/1145/131
f 890/1136/519 198/358/518 817/1056/693 1779/2085/694
f 1779/2085/694 817/1056/693 234/401/614 864/1109/611
f 898/1145/131 1779/2085/694 864/1109/611 253/422/610
f 190/350/695 791/1030/696 1780/2086/697 811/1050/698
f 791/1030/696 212/373/699 796/1035/700 1780/2086/697
f 1780/2086/697 796/1035/700 225/391/608 823/1063/605
f 811/1050/698 1780/2086/697 823/1063/605 219/381/604
f 203/363/596 795/1034/603 1781/2087/701 809/1048/702
f 795/1034/603 204/364/602 810/1049/703 1781/2087/701
f 1781/2087/701 810/1049/703 232/399/567 866/1111/565
f 809/1048/702 1781/2087/701 866/1111/565 231/398/216
f 202/362/590 794/1033/597 1782/2088/704 808/1047/705
f 794/1033/597 203/363/596 809/1048/702 1782/2088/704
f 1782/2088/704 809/1048/702 231/398/216 867/1112/560
f 808/1047/705 1782/2088/704 867/1112/560 230/397/556
f 201/361/583 793/1032/591 1783/2089/706 807/1046/707
f 793/1032/591 202/362/590 808/1047/705 1783/2089/706
f 1783/2089/706 808/1047/705 230/397/556 868/1113/554
f 807/1046/707 1783/2089/706 868/1113/554 229/396/549
f 249/417/585 792/1031/584 1784/2090/708 897/1144/709
f 792/1031/584 201/361/583 807/1046/707 1784/2090/708
f 1784/2090/708 807/1046/707 229/396/549 869/1114/546
f 897/1144/709 1784/2090/708 869/1114/546 254/423/545
f 233/400/544 771/1010/543 1785/2091/710 856/1101/711
f 771/1010/543 185/345/542 824/1064/712 1785/2091/710
f 1785/2091/710 824/1064/712 212/373/699 791/1030/696
f 856/1101/711 1785/2091/710 791/1030/696 190/350/695
f 240/407/485 779/1018/484 1786/2092/713 882/1128/714
f 779/1018/484 186/346/460 776/1015/463 1786/2092/713
f 1786/2092/713 776/1015/463 227/394/468 871/1116/487
f 882/1128/714 1786/2092/713 871/1116/487 245/413/486
f 242/409/502 876/1121/501 1787/2093/715 881/1127/716
f 876/1121/501 188/348/500 849/1094/717 1787/2093/715
f 1787/2093/715 849/1094/717 226/393/473 872/1117/470
f 881/1127/716 1787/2093/715 872/1117/470 246/414/469
f 516/726/718 1575/1878/719 1788/2094/720 1367/1651/721
f 1575/1878/719 491/697/722 1330/1610/723 1788/2094/720
f 1788/2094/720 1330/1610/723 482/685/641 1577/1881/638
f 1367/1651/721 1788/2094/720 1577/1881/638 507/717/637
f 503/713/645 1578/1882/644 1789/2095/724 1381/1665/725
f 1578/1882/644 480/682/643 1339/1621/726 1789/2095/724
f 1789/2095/724 1339/1621/726 494/703/683 1581/1885/680
f 1381/1665/725 1789/2095/724 1581/1885/680 519/729/679
f 510/720/687 1583/1887/686 1790/2096/727 1360/1644/728
f 1583/1887/686 485/689/685 1325/1603/729 1790/2096/727
f 1790/2096/727 1325/1603/729 489/694/730 1574/1877/731
f 1360/1644/728 1790/2096/727 1574/1877/731 512/722/732
f 189/349/491 1572/1875/733 1791/2097/734 774/1013/678
f 1572/1875/733 488/693/735 1320/1597/736 1791/2097/734
f 1791/2097/734 1320/1597/736 486/690/737 1584/1888/738
f 774/1013/678 1791/2097/734 1584/1888/738 211/372/498
f 512/722/732 1574/1877/731 1792/2098/739 1382/1666/740
f 1574/1877/731 489/694/730 1344/1628/741 1792/2098/739
f 1792/2098/739 1344/1628/741 473/673/433 1569/1872/430
f 1382/1666/740 1792/2098/739 1569/1872/430 498/708/429
f 255/424/742 905/1152/743 1793/2099/744 920/1168/745
f 905/1152/743 242/409/502 881/1127/716 1793/2099/744
f 1793/2099/744 881/1127/716 246/414/469 880/1126/746
f 920/1168/745 1793/2099/744 880/1126/746 262/432/747
f 257/426/748 874/1119/749 1794/2100/750 919/1167/751
f 874/1119/749 240/407/485 882/1128/714 1794/2100/750
f 1794/2100/750 882/1128/714 245/413/486 879/1125/752
f 919/1167/751 1794/2100/750 879/1125/752 261/431/753
f 258/427/754 875/1120/755 1795/2101/756 918/1166/757
f 875/1120/755 241/408/493 883/1129/677 1795/2101/756
f 1795/2101/756 883/1129/677 244/412/494 878/1124/758
f 918/1166/757 1795/2101/756 878/1124/758 260/430/759
f 256/425/760 873/1118/761 1796/2102/762 917/1165/763
f 873/1118/761 239/406/477 884/1130/674 1796/2102/762
f 1796/2102/762 884/1130/674 243/410/478 877/1122/764
f 917/1165/763 1796/2102/762 877/1122/764 259/429/765
f 260/430/759 878/1124/758 1797/2103/766 916/1164/767
f 878/1124/758 244/412/494 885/1131/497 1797/2103/766
f 1797/2103/766 885/1131/497 242/409/502 905/1152/743
f 916/1164/767 1797/2103/766 905/1152/743 255/424/742
f 261/431/753 879/1125/752 1798/2104/768 915/1163/769
f 879/1125/752 245/413/486 886/1132/489 1798/2104/768
f 1798/2104/768 886/1132/489 241/408/493 875/1120/755
f 915/1163/769 1798/2104/768 875/1120/755 258/427/754
f 259/428/765 877/1123/764 1799/2105/770 914/1162/771
f 877/1123/764 243/411/478 887/1133/481 1799/2105/770
f 1799/2105/770 887/1133/481 240/407/485 874/1119/749
f 914/1162/771 1799/2105/770 874/1119/749 257/426/748
f 262/432/747 880/1126/746 1800/2106/772 913/1161/773
f 880/1126/746 246/414/469 888/1134/472 1800/2106/772
f 1800/2106/772 888/1134/472 239/406/477 873/1118/761
f 913/1161/773 1800/2106/772 873/1118/761 256/425/760
f 224/390/507 891/1137/774 1801/2107/775 770/1009/508
f 891/1137/774 249/417/585 897/1144/709 1801/2107/775
f 1801/2107/775 897/1144/709 254/423/545 896/1143/776
f 770/1009/508 1801/2107/775 896/1143/776 183/343/509
f 182/342/540 865/1110/777 1802/2108/778 772/1011/541
f 865/1110/777 248/416/520 898/1145/131 1802/2108/778
f 1802/2108/778 898/1145/131 253/422/610 895/1142/779
f 772/1011/541 1802/2108/778 895/1142/779 185/345/542
f 184/344/658 892/1138/780 1803/2109/781 778/1017/672
f 892/1138/780 250/418/553 899/1146/669 1803/2109/781
f 1803/2109/781 899/1146/669 252/421/512 894/1141/782
f 778/1017/672 1803/2109/781 894/1141/782 213/374/575
f 212/373/699 889/1135/783 1804/2110/784 796/1035/700
f 889/1135/783 247/415/618 900/1147/654 1804/2110/784
f 1804/2110/784 900/1147/654 251/419/577 893/1139/785
f 796/1035/700 1804/2110/784 893/1139/785 225/391/608
f 185/345/542 895/1142/779 1805/2111/786 824/1064/712
f 895/1142/779 253/422/610 901/1148/613 1805/2111/786
f 1805/2111/786 901/1148/613 247/415/618 889/1135/783
f 824/1064/712 1805/2111/786 889/1135/783 212/373/699
f 225/392/608 893/1140/785 1806/2112/787 844/1088/609
f 893/1140/785 251/420/577 902/1149/580 1806/2112/787
f 1806/2112/787 902/1149/580 249/417/585 891/1137/774
f 844/1088/609 1806/2112/787 891/1137/774 224/390/507
f 183/343/509 896/1143/776 1807/2113/788 847/1092/657
f 896/1143/776 254/423/545 903/1150/548 1807/2113/788
f 1807/2113/788 903/1150/548 250/418/553 892/1138/780
f 847/1092/657 1807/2113/788 892/1138/780 184/344/658
f 213/374/575 894/1141/782 1808/2114/789 848/1093/576
f 894/1141/782 252/421/512 904/1151/515 1808/2114/789
f 1808/2114/789 904/1151/515 248/416/520 865/1110/777
f 848/1093/576 1808/2114/789 865/1110/777 182/342/540
f 227/394/468 1571/1874/467 1809/2115/790 850/1095/490
f 1571/1874/467 474/674/466 1342/1625/791 1809/2115/790
f 1809/2115/790 1342/1625/791 488/693/735 1572/1875/733
f 850/1095/490 1809/2115/790 1572/1875/733 189/349/491
f 226/393/473 1579/1883/792 1810/2116/793 775/1014/474
f 1579/1883/792 479/681/794 1318/1595/795 1810/2116/793
f 1810/2116/793 1318/1595/795 483/686/796 1580/1884/797
f 775/1014/474 1810/2116/793 1580/1884/797 187/347/475
f 211/372/498 1584/1888/738 1811/2117/798 822/1061/499
f 1584/1888/738 486/690/737 1335/1616/799 1811/2117/798
f 1811/2117/798 1335/1616/799 495/704/800 1582/1886/801
f 822/1061/499 1811/2117/798 1582/1886/801 188/348/500
f 187/347/475 1580/1884/797 1812/2118/802 773/1012/675
f 1580/1884/797 483/686/796 1327/1606/803 1812/2118/802
f 1812/2118/802 1327/1606/803 492/698/804 1576/1879/805
f 773/1012/675 1812/2118/802 1576/1879/805 210/370/482
f 210/371/482 1576/1880/805 1813/2119/806 821/1060/483
f 1576/1880/805 492/699/804 1331/1611/807 1813/2119/806
f 1813/2119/806 1331/1611/807 476/677/464 1573/1876/461
f 821/1060/483 1813/2119/806 1573/1876/461 186/346/460
f 238/405/808 1586/1890/415 1814/2120/809 1585/1889/426
f 497/707/810 1351/1635/428 1814/2120/809 1586/1890/415
f 501/711/811 1585/1889/426 1814/2120/809 1351/1635/428
f 188/348/500 1582/1886/801 1815/2121/812 849/1094/717
f 1582/1886/801 495/704/800 1341/1624/813 1815/2121/812
f 1815/2121/812 1341/1624/813 479/681/794 1579/1883/792
f 849/1094/717 1815/2121/812 1579/1883/792 226/393/473
f 500/710/437 1570/1873/436 1816/2122/814 1371/1655/815
f 1570/1873/436 477/678/435 1333/1614/816 1816/2122/814
f 1816/2122/814 1333/1614/816 491/697/722 1575/1878/719
f 1371/1655/815 1816/2122/814 1575/1878/719 516/726/718
f 238/405/808 1587/1891/817 1817/2123/415 1586/1890/415
f 513/723/818 1384/1668/819 1817/2123/415 1587/1891/817
f 497/707/810 1586/1890/415 1817/2123/415 1384/1668/819
f 238/405/808 1589/1893/810 1818/2124/820 1591/1895/412
f 504/714/327 1379/1663/821 1818/2124/820 1589/1893/810
f 518/728/426 1591/1895/412 1818/2124/820 1379/1663/821
f 238/405/808 1591/1895/412 1819/2125/427 1592/1896/822
f 518/728/426 1378/1662/438 1819/2125/427 1591/1895/412
f 509/719/438 1592/1896/822 1819/2125/427 1378/1662/438
f 238/405/808 1592/1896/822 1820/2126/443 1587/1891/817
f 509/719/438 1365/1649/323 1820/2126/443 1592/1896/822
f 513/723/818 1587/1891/817 1820/2126/443 1365/1649/323
f 238/405/808 1590/1894/419 1821/2127/324 1589/1893/810
f 506/716/823 1353/1637/326 1821/2127/324 1590/1894/419
f 504/714/327 1589/1893/810 1821/2127/324 1353/1637/326
f 546/766/824 1593/1897/825 1822/2128/826 1426/1719/827
f 1593/1897/825 521/731/828 1391/1676/829 1822/2128/826
f 1822/2128/826 1391/1676/829 525/736/830 1594/1898/831
f 1426/1719/827 1822/2128/826 1594/1898/831 548/768/832
f 238/405/808 1588/1892/439 1823/2129/833 1590/1894/419
f 515/725/822 1370/1654/834 1823/2129/833 1588/1892/439
f 506/716/823 1590/1894/419 1823/2129/833 1370/1654/834
f 238/405/808 1585/1889/426 1824/2130/835 1588/1892/439
f 501/711/811 1373/1657/836 1824/2130/835 1585/1889/426
f 515/725/822 1588/1892/439 1824/2130/835 1373/1657/836
f 237/404/633 912/1160/837 1825/2131/838 860/1105/634
f 912/1160/837 262/432/747 913/1161/773 1825/2131/838
f 1825/2131/838 913/1161/773 256/425/760 906/1153/839
f 860/1105/634 1825/2131/838 906/1153/839 194/354/635
f 223/388/600 909/1156/840 1826/2132/841 834/1074/601
f 909/1156/840 259/428/765 914/1162/771 1826/2132/841
f 1826/2132/841 914/1162/771 257/426/748 907/1154/842
f 834/1074/601 1826/2132/841 907/1154/842 204/364/602
f 232/399/567 911/1159/843 1827/2133/844 855/1100/568
f 911/1159/843 261/431/753 915/1163/769 1827/2133/844
f 1827/2133/844 915/1163/769 258/427/754 908/1155/845
f 855/1100/568 1827/2133/844 908/1155/845 209/369/569
f 218/379/532 910/1158/846 1828/2134/847 829/1069/533
f 910/1158/846 260/430/759 916/1164/767 1828/2134/847
f 1828/2134/847 916/1164/767 255/424/742 786/1025/848
f 829/1069/533 1828/2134/847 786/1025/848 195/355/534
f 194/354/635 906/1153/839 1829/2135/849 815/1054/648
f 906/1153/839 256/425/760 917/1165/763 1829/2135/849
f 1829/2135/849 917/1165/763 259/429/765 909/1157/840
f 815/1054/648 1829/2135/849 909/1157/840 223/389/600
f 209/369/569 908/1155/845 1830/2136/850 805/1044/663
f 908/1155/845 258/427/754 918/1166/757 1830/2136/850
f 1830/2136/850 918/1166/757 260/430/759 910/1158/846
f 805/1044/663 1830/2136/850 910/1158/846 218/379/532
f 204/364/602 907/1154/842 1831/2137/851 810/1049/703
f 907/1154/842 257/426/748 919/1167/751 1831/2137/851
f 1831/2137/851 919/1167/751 261/431/753 911/1159/843
f 810/1049/703 1831/2137/851 911/1159/843 232/399/567
f 195/355/534 786/1025/848 1832/2138/852 820/1059/690
f 786/1025/848 255/424/742 920/1168/745 1832/2138/852
f 1832/2138/852 920/1168/745 262/432/747 912/1160/837
f 820/1059/690 1832/2138/852 912/1160/837 237/404/633
f 267/437/853 1597/1901/854 1833/2139/855 928/1176/856
f 1597/1901/854 524/735/857 1386/1670/858 1833/2139/855
f 1833/2139/855 1386/1670/858 522/732/859 1595/1899/860
f 928/1176/856 1833/2139/855 1595/1899/860 308/485/861
f 327/505/862 1024/1278/863 1834/2140/864 1040/1295/865
f 1024/1278/863 307/484/866 927/1175/867 1834/2140/864
f 1834/2140/864 927/1175/867 268/438/868 929/1177/869
f 1040/1295/865 1834/2140/864 929/1177/869 320/497/870
f 324/502/871 997/1250/872 1835/2141/873 1039/1294/874
f 997/1250/872 291/462/875 973/1221/876 1835/2141/873
f 1835/2141/873 973/1221/876 267/437/853 931/1179/877
f 1039/1294/874 1835/2141/873 931/1179/877 321/498/878
f 326/504/879 1023/1277/880 1836/2142/881 1038/1293/882
f 1023/1277/880 308/485/861 1002/1256/883 1836/2142/881
f 1836/2142/881 1002/1256/883 270/440/884 932/1180/885
f 1038/1293/882 1836/2142/881 932/1180/885 322/499/886
f 325/503/887 998/1252/888 1837/2143/889 1037/1292/890
f 998/1252/888 292/463/891 974/1222/892 1837/2143/889
f 1837/2143/889 974/1222/892 269/439/893 1028/1282/894
f 1037/1292/890 1837/2143/889 1028/1282/894 323/500/895
f 281/451/896 1022/1276/897 1838/2144/898 958/1206/899
f 1022/1276/897 305/481/900 922/1170/901 1838/2144/898
f 1838/2144/898 922/1170/901 264/434/902 921/1169/903
f 958/1206/899 1838/2144/898 921/1169/903 309/486/904
f 333/512/905 995/1248/906 1839/2145/907 1056/1312/908
f 995/1248/906 296/467/909 978/1227/910 1839/2145/907
f 1839/2145/907 978/1227/910 279/449/911 1042/1297/912
f 1056/1312/908 1839/2145/907 1042/1297/912 329/507/913
f 296/467/909 994/1247/914 1840/2146/915 978/1227/910
f 994/1247/914 297/468/916 979/1228/917 1840/2146/915
f 1840/2146/915 979/1228/917 278/448/918 941/1189/919
f 978/1227/910 1840/2146/915 941/1189/919 279/449/911
f 297/468/916 993/1246/920 1841/2147/921 979/1228/917
f 993/1246/920 298/469/922 980/1229/923 1841/2147/921
f 1841/2147/921 980/1229/923 277/447/924 940/1188/925
f 979/1228/917 1841/2147/921 940/1188/925 278/448/918
f 298/469/922 992/1245/926 1842/2148/927 980/1229/923
f 992/1245/926 299/470/928 981/1230/929 1842/2148/927
f 1842/2148/927 981/1230/929 276/446/930 939/1187/931
f 980/1229/923 1842/2148/927 939/1187/931 277/447/924
f 280/450/932 942/1190/933 1843/2149/934 968/1216/935
f 942/1190/933 263/433/936 924/1172/937 1843/2149/934
f 1843/2149/934 924/1172/937 266/436/938 923/1171/939
f 968/1216/935 1843/2149/934 923/1171/939 314/491/940
f 335/514/941 1021/1275/942 1844/2150/943 1055/1311/944
f 1021/1275/942 310/487/945 1004/1258/946 1844/2150/943
f 1844/2150/943 1004/1258/946 287/457/947 949/1197/948
f 1055/1311/944 1844/2150/943 949/1197/948 331/509/949
f 310/487/945 1020/1274/950 1845/2151/951 1004/1258/946
f 1020/1274/950 311/488/952 1005/1259/953 1845/2151/951
f 1845/2151/951 1005/1259/953 288/458/954 950/1198/955
f 1004/1258/946 1845/2151/951 950/1198/955 287/457/947
f 311/488/952 1019/1273/956 1846/2152/957 1005/1259/953
f 1019/1273/956 312/489/958 1006/1260/959 1846/2152/957
f 1846/2152/957 1006/1260/959 289/459/960 951/1199/961
f 1005/1259/953 1846/2152/957 951/1199/961 288/458/954
f 312/489/958 1018/1272/962 1847/2153/963 1006/1260/959
f 1018/1272/962 313/490/964 1007/1261/965 1847/2153/963
f 1847/2153/963 1007/1261/965 290/460/966 952/1200/967
f 1006/1260/959 1847/2153/963 952/1200/967 289/459/960
f 295/466/968 933/1181/969 1848/2154/970 977/1226/971
f 933/1181/969 294/465/972 1000/1254/973 1848/2154/970
f 1848/2154/970 1000/1254/973 263/433/936 942/1190/933
f 977/1226/971 1848/2154/970 942/1190/933 280/450/932
f 332/511/974 990/1242/975 1849/2155/976 1054/1310/977
f 990/1242/975 301/473/978 983/1232/979 1849/2155/976
f 1849/2155/976 983/1232/979 282/452/980 944/1192/981
f 1054/1310/977 1849/2155/976 944/1192/981 330/508/982
f 301/473/978 989/1240/983 1850/2156/984 983/1232/979
f 989/1240/983 302/475/985 984/1233/986 1850/2156/984
f 1850/2156/984 984/1233/986 283/453/987 945/1193/988
f 983/1232/979 1850/2156/984 945/1193/988 282/452/980
f 302/475/985 988/1238/989 1851/2157/990 984/1233/986
f 988/1238/989 303/477/991 985/1234/992 1851/2157/990
f 1851/2157/990 985/1234/992 284/454/993 946/1194/994
f 984/1233/986 1851/2157/990 946/1194/994 283/453/987
f 303/477/991 987/1236/995 1852/2158/996 985/1234/992
f 987/1236/995 304/479/997 986/1235/998 1852/2158/996
f 1852/2158/996 986/1235/998 285/455/999 947/1195/1000
f 985/1234/992 1852/2158/996 947/1195/1000 284/454/993
f 300/471/1001 975/1223/1002 1853/2159/1003 982/1231/1004
f 975/1223/1002 306/483/1005 996/1249/1006 1853/2159/1003
f 1853/2159/1003 996/1249/1006 305/481/900 1022/1276/897
f 982/1231/1004 1853/2159/1003 1022/1276/897 281/451/896
f 334/513/1007 1016/1270/1008 1854/2160/1009 1053/1309/1010
f 1016/1270/1008 315/492/1011 1009/1263/1012 1854/2160/1009
f 1854/2160/1009 1009/1263/1012 272/442/1013 934/1182/1014
f 1053/1309/1010 1854/2160/1009 934/1182/1014 328/506/1015
f 315/492/1011 1015/1269/1016 1855/2161/1017 1009/1263/1012
f 1015/1269/1016 316/493/1018 1010/1264/1019 1855/2161/1017
f 1855/2161/1017 1010/1264/1019 273/443/1020 935/1183/1021
f 1009/1263/1012 1855/2161/1017 935/1183/1021 272/442/1013
f 316/493/1018 1014/1268/1022 1856/2162/1023 1010/1264/1019
f 1014/1268/1022 317/494/1024 1011/1265/1025 1856/2162/1023
f 1856/2162/1023 1011/1265/1025 274/444/1026 936/1184/1027
f 1010/1264/1019 1856/2162/1023 936/1184/1027 273/443/1020
f 317/494/1024 1013/1267/1028 1857/2163/1029 1011/1265/1025
f 1013/1267/1028 318/495/1030 1012/1266/1031 1857/2163/1029
f 1857/2163/1029 1012/1266/1031 275/445/1032 937/1185/1033
f 1011/1265/1025 1857/2163/1029 937/1185/1033 274/444/1026
f 555/775/1034 1601/1906/1035 1858/2164/1036 1438/1731/1037
f 1601/1906/1035 530/743/1038 1393/1678/1039 1858/2164/1036
f 1858/2164/1036 1393/1678/1039 528/740/1040 1602/1907/1041
f 1438/1731/1037 1858/2164/1036 1602/1907/1041 551/771/1042
f 274/444/1026 937/1185/1033 1859/2165/1043 966/1214/1044
f 937/1185/1033 275/445/1032 967/1215/1045 1859/2165/1043
f 1859/2165/1043 967/1215/1045 304/480/997 987/1237/995
f 966/1214/1044 1859/2165/1043 987/1237/995 303/478/991
f 273/443/1020 936/1184/1027 1860/2166/1046 965/1213/1047
f 936/1184/1027 274/444/1026 966/1214/1044 1860/2166/1046
f 1860/2166/1046 966/1214/1044 303/478/991 988/1239/989
f 965/1213/1047 1860/2166/1046 988/1239/989 302/476/985
f 272/442/1013 935/1183/1021 1861/2167/1048 964/1212/1049
f 935/1183/1021 273/443/1020 965/1213/1047 1861/2167/1048
f 1861/2167/1048 965/1213/1047 302/476/985 989/1241/983
f 964/1212/1049 1861/2167/1048 989/1241/983 301/474/978
f 328/506/1015 934/1182/1014 1862/2168/1050 1052/1308/1051
f 934/1182/1014 272/442/1013 964/1212/1049 1862/2168/1050
f 1862/2168/1050 964/1212/1049 301/474/978 990/1243/975
f 1052/1308/1051 1862/2168/1050 990/1243/975 332/510/974
f 309/486/904 921/1169/903 1863/2169/1052 1003/1257/1053
f 921/1169/903 264/434/902 999/1253/1054 1863/2169/1052
f 1863/2169/1052 999/1253/1054 265/435/1055 991/1244/1056
f 1003/1257/1053 1863/2169/1052 991/1244/1056 286/456/1057
f 289/459/960 952/1200/967 1864/2170/1058 956/1204/1059
f 952/1200/967 290/460/966 957/1205/1060 1864/2170/1058
f 1864/2170/1058 957/1205/1060 299/470/928 992/1245/926
f 956/1204/1059 1864/2170/1058 992/1245/926 298/469/922
f 288/458/954 951/1199/961 1865/2171/1061 955/1203/1062
f 951/1199/961 289/459/960 956/1204/1059 1865/2171/1061
f 1865/2171/1061 956/1204/1059 298/469/922 993/1246/920
f 955/1203/1062 1865/2171/1061 993/1246/920 297/468/916
f 287/457/947 950/1198/955 1866/2172/1063 954/1202/1064
f 950/1198/955 288/458/954 955/1203/1062 1866/2172/1063
f 1866/2172/1063 955/1203/1062 297/468/916 994/1247/914
f 954/1202/1064 1866/2172/1063 994/1247/914 296/467/909
f 331/509/949 949/1197/948 1867/2173/1065 1051/1307/1066
f 949/1197/948 287/457/947 954/1202/1064 1867/2173/1065
f 1867/2173/1065 954/1202/1064 296/467/909 995/1248/906
f 1051/1307/1066 1867/2173/1065 995/1248/906 333/512/905
f 286/456/1057 991/1244/1056 1868/2174/1067 953/1201/1068
f 991/1244/1056 265/435/1055 930/1178/1069 1868/2174/1067
f 1868/2174/1067 930/1178/1069 294/465/972 933/1181/969
f 953/1201/1068 1868/2174/1067 933/1181/969 295/466/968
f 320/497/870 929/1177/869 1869/2175/1070 1036/1291/1071
f 929/1177/869 268/438/868 925/1173/1072 1869/2175/1070
f 1869/2175/1070 925/1173/1072 291/461/875 997/1251/872
f 1036/1291/1071 1869/2175/1070 997/1251/872 324/501/871
f 322/499/886 932/1180/885 1870/2176/1073 1035/1290/1074
f 932/1180/885 270/440/884 926/1174/1075 1870/2176/1073
f 1870/2176/1073 926/1174/1075 292/463/891 998/1252/888
f 1035/1290/1074 1870/2176/1073 998/1252/888 325/503/887
f 567/787/1076 1605/1910/1077 1871/2177/1078 1455/1748/1079
f 1605/1910/1077 542/761/1080 1418/1709/1081 1871/2177/1078
f 1871/2177/1078 1418/1709/1081 533/747/1082 1607/1912/1083
f 1455/1748/1079 1871/2177/1078 1607/1912/1083 558/778/1084
f 277/447/924 939/1187/931 1872/2178/1085 971/1219/1086
f 939/1187/931 276/446/930 972/1220/1087 1872/2178/1085
f 1872/2178/1085 972/1220/1087 318/495/1030 1013/1267/1028
f 971/1219/1086 1872/2178/1085 1013/1267/1028 317/494/1024
f 278/448/918 940/1188/925 1873/2179/1088 970/1218/1089
f 940/1188/925 277/447/924 971/1219/1086 1873/2179/1088
f 1873/2179/1088 971/1219/1086 317/494/1024 1014/1268/1022
f 970/1218/1089 1873/2179/1088 1014/1268/1022 316/493/1018
f 279/449/911 941/1189/919 1874/2180/1090 969/1217/1091
f 941/1189/919 278/448/918 970/1218/1089 1874/2180/1090
f 1874/2180/1090 970/1218/1089 316/493/1018 1015/1269/1016
f 969/1217/1091 1874/2180/1090 1015/1269/1016 315/492/1011
f 329/507/913 1042/1297/912 1875/2181/1092 1050/1306/1093
f 1042/1297/912 279/449/911 969/1217/1091 1875/2181/1092
f 1875/2181/1092 969/1217/1091 315/492/1011 1016/1270/1008
f 1050/1306/1093 1875/2181/1092 1016/1270/1008 334/513/1007
f 271/441/1094 943/1191/1095 1876/2182/1096 963/1211/1097
f 943/1191/1095 293/464/1098 948/1196/1099 1876/2182/1096
f 1876/2182/1096 948/1196/1099 306/482/1005 975/1224/1002
f 963/1211/1097 1876/2182/1096 975/1224/1002 300/472/1001
f 284/454/993 947/1195/1000 1877/2183/1100 961/1209/1101
f 947/1195/1000 285/455/999 962/1210/1102 1877/2183/1100
f 1877/2183/1100 962/1210/1102 313/490/964 1018/1272/962
f 961/1209/1101 1877/2183/1100 1018/1272/962 312/489/958
f 283/453/987 946/1194/994 1878/2184/1103 960/1208/1104
f 946/1194/994 284/454/993 961/1209/1101 1878/2184/1103
f 1878/2184/1103 961/1209/1101 312/489/958 1019/1273/956
f 960/1208/1104 1878/2184/1103 1019/1273/956 311/488/952
f 282/452/980 945/1193/988 1879/2185/1105 959/1207/1106
f 945/1193/988 283/453/987 960/1208/1104 1879/2185/1105
f 1879/2185/1105 960/1208/1104 311/488/952 1020/1274/950
f 959/1207/1106 1879/2185/1105 1020/1274/950 310/487/945
f 330/508/982 944/1192/981 1880/2186/1107 1049/1305/1108
f 944/1192/981 282/452/980 959/1207/1106 1880/2186/1107
f 1880/2186/1107 959/1207/1106 310/487/945 1021/1275/942
f 1049/1305/1108 1880/2186/1107 1021/1275/942 335/514/941
f 314/491/940 923/1171/939 1881/2187/1109 1008/1262/1110
f 923/1171/939 266/436/938 976/1225/1111 1881/2187/1109
f 1881/2187/1109 976/1225/1111 293/464/1098 943/1191/1095
f 1008/1262/1110 1881/2187/1109 943/1191/1095 271/441/1094
f 321/498/878 931/1179/877 1882/2188/1112 1034/1289/1113
f 931/1179/877 267/437/853 928/1176/856 1882/2188/1112
f 1882/2188/1112 928/1176/856 308/485/861 1023/1277/880
f 1034/1289/1113 1882/2188/1112 1023/1277/880 326/504/879
f 323/500/895 1028/1282/894 1883/2189/1114 1033/1288/1115
f 1028/1282/894 269/439/893 1001/1255/1116 1883/2189/1114
f 1883/2189/1114 1001/1255/1116 307/484/866 1024/1278/863
f 1033/1288/1115 1883/2189/1114 1024/1278/863 327/505/862
f 564/784/1117 1599/1903/1118 1884/2190/1119 1447/1740/1120
f 1599/1903/1118 539/755/1121 1410/1699/1122 1884/2190/1119
f 1884/2190/1119 1410/1699/1122 530/743/1038 1601/1906/1035
f 1447/1740/1120 1884/2190/1119 1601/1906/1035 555/775/1034
f 551/771/1042 1602/1907/1041 1885/2191/1123 1461/1754/1124
f 1602/1907/1041 528/740/1040 1419/1710/1125 1885/2191/1123
f 1885/2191/1123 1419/1710/1125 542/761/1080 1605/1910/1077
f 1461/1754/1124 1885/2191/1123 1605/1910/1077 567/787/1076
f 558/778/1084 1607/1912/1083 1886/2192/1126 1440/1733/1127
f 1607/1912/1083 533/747/1082 1405/1692/1128 1886/2192/1126
f 1886/2192/1126 1405/1692/1128 537/752/1129 1598/1902/1130
f 1440/1733/1127 1886/2192/1126 1598/1902/1130 560/780/1131
f 270/440/884 1596/1900/1132 1887/2193/1133 926/1174/1075
f 1596/1900/1132 536/751/1134 1400/1686/1135 1887/2193/1133
f 1887/2193/1133 1400/1686/1135 534/748/1136 1608/1913/1137
f 926/1174/1075 1887/2193/1133 1608/1913/1137 292/463/891
f 560/780/1131 1598/1902/1130 1888/2194/1138 1462/1755/1139
f 1598/1902/1130 537/752/1129 1424/1717/1140 1888/2194/1138
f 1888/2194/1138 1424/1717/1140 521/731/828 1593/1897/825
f 1462/1755/1139 1888/2194/1138 1593/1897/825 546/766/824
f 336/515/1141 1057/1313/1142 1889/2195/1143 1072/1329/1144
f 1057/1313/1142 323/500/895 1033/1288/1115 1889/2195/1143
f 1889/2195/1143 1033/1288/1115 327/505/862 1032/1287/1145
f 1072/1329/1144 1889/2195/1143 1032/1287/1145 343/523/1146
f 338/517/1147 1026/1280/1148 1890/2196/1149 1071/1328/1150
f 1026/1280/1148 321/498/878 1034/1289/1113 1890/2196/1149
f 1890/2196/1149 1034/1289/1113 326/504/879 1031/1286/1151
f 1071/1328/1150 1890/2196/1149 1031/1286/1151 342/522/1152
f 339/518/1153 1027/1281/1154 1891/2197/1155 1070/1327/1156
f 1027/1281/1154 322/499/886 1035/1290/1074 1891/2197/1155
f 1891/2197/1155 1035/1290/1074 325/503/887 1030/1285/1157
f 1070/1327/1156 1891/2197/1155 1030/1285/1157 341/521/1158
f 337/516/1159 1025/1279/1160 1892/2198/1161 1069/1326/1162
f 1025/1279/1160 320/497/870 1036/1291/1071 1892/2198/1161
f 1892/2198/1161 1036/1291/1071 324/501/871 1029/1283/1163
f 1069/1326/1162 1892/2198/1161 1029/1283/1163 340/520/1164
f 341/521/1158 1030/1285/1157 1893/2199/1165 1068/1325/1166
f 1030/1285/1157 325/503/887 1037/1292/890 1893/2199/1165
f 1893/2199/1165 1037/1292/890 323/500/895 1057/1313/1142
f 1068/1325/1166 1893/2199/1165 1057/1313/1142 336/515/1141
f 342/522/1152 1031/1286/1151 1894/2200/1167 1067/1324/1168
f 1031/1286/1151 326/504/879 1038/1293/882 1894/2200/1167
f 1894/2200/1167 1038/1293/882 322/499/886 1027/1281/1154
f 1067/1324/1168 1894/2200/1167 1027/1281/1154 339/518/1153
f 340/519/1164 1029/1284/1163 1895/2201/1169 1066/1323/1170
f 1029/1284/1163 324/502/871 1039/1294/874 1895/2201/1169
f 1895/2201/1169 1039/1294/874 321/498/878 1026/1280/1148
f 1066/1323/1170 1895/2201/1169 1026/1280/1148 338/517/1147
f 343/523/1146 1032/1287/1145 1896/2202/1171 1065/1322/1172
f 1032/1287/1145 327/505/862 1040/1295/865 1896/2202/1171
f 1896/2202/1171 1040/1295/865 320/497/870 1025/1279/1160
f 1065/1322/1172 1896/2202/1171 1025/1279/1160 337/516/1159
f 305/481/900 1043/1298/1173 1897/2203/1174 922/1170/901
f 1043/1298/1173 330/508/982 1049/1305/1108 1897/2203/1174
f 1897/2203/1174 1049/1305/1108 335/514/941 1048/1304/1175
f 922/1170/901 1897/2203/1174 1048/1304/1175 264/434/902
f 263/433/936 1017/1271/1176 1898/2204/1177 924/1172/937
f 1017/1271/1176 329/507/913 1050/1306/1093 1898/2204/1177
f 1898/2204/1177 1050/1306/1093 334/513/1007 1047/1303/1178
f 924/1172/937 1898/2204/1177 1047/1303/1178 266/436/938
f 265/435/1055 1044/1299/1179 1899/2205/1180 930/1178/1069
f 1044/1299/1179 331/509/949 1051/1307/1066 1899/2205/1180
f 1899/2205/1180 1051/1307/1066 333/512/905 1046/1302/1181
f 930/1178/1069 1899/2205/1180 1046/1302/1181 294/465/972
f 293/464/1098 1041/1296/1182 1900/2206/1183 948/1196/1099
f 1041/1296/1182 328/506/1015 1052/1308/1051 1900/2206/1183
f 1900/2206/1183 1052/1308/1051 332/510/974 1045/1300/1184
f 948/1196/1099 1900/2206/1183 1045/1300/1184 306/482/1005
f 266/436/938 1047/1303/1178 1901/2207/1185 976/1225/1111
f 1047/1303/1178 334/513/1007 1053/1309/1010 1901/2207/1185
f 1901/2207/1185 1053/1309/1010 328/506/1015 1041/1296/1182
f 976/1225/1111 1901/2207/1185 1041/1296/1182 293/464/1098
f 306/483/1005 1045/1301/1184 1902/2208/1186 996/1249/1006
f 1045/1301/1184 332/511/974 1054/1310/977 1902/2208/1186
f 1902/2208/1186 1054/1310/977 330/508/982 1043/1298/1173
f 996/1249/1006 1902/2208/1186 1043/1298/1173 305/481/900
f 264/434/902 1048/1304/1175 1903/2209/1187 999/1253/1054
f 1048/1304/1175 335/514/941 1055/1311/944 1903/2209/1187
f 1903/2209/1187 1055/1311/944 331/509/949 1044/1299/1179
f 999/1253/1054 1903/2209/1187 1044/1299/1179 265/435/1055
f 294/465/972 1046/1302/1181 1904/2210/1188 1000/1254/973
f 1046/1302/1181 333/512/905 1056/1312/908 1904/2210/1188
f 1904/2210/1188 1056/1312/908 329/507/913 1017/1271/1176
f 1000/1254/973 1904/2210/1188 1017/1271/1176 263/433/936
f 308/485/861 1595/1899/860 1905/2211/1189 1002/1256/883
f 1595/1899/860 522/732/859 1422/1714/1190 1905/2211/1189
f 1905/2211/1189 1422/1714/1190 536/751/1134 1596/1900/1132
f 1002/1256/883 1905/2211/1189 1596/1900/1132 270/440/884
f 307/484/866 1603/1908/1191 1906/2212/1192 927/1175/867
f 1603/1908/1191 527/739/1193 1398/1684/1194 1906/2212/1192
f 1906/2212/1192 1398/1684/1194 531/744/1195 1604/1909/1196
f 927/1175/867 1906/2212/1192 1604/1909/1196 268/438/868
f 292/463/891 1608/1913/1137 1907/2213/1197 974/1222/892
f 1608/1913/1137 534/748/1136 1415/1705/1198 1907/2213/1197
f 1907/2213/1197 1415/1705/1198 543/762/1199 1606/1911/1200
f 974/1222/892 1907/2213/1197 1606/1911/1200 269/439/893
f 268/438/868 1604/1909/1196 1908/2214/1201 925/1173/1072
f 1604/1909/1196 531/744/1195 1407/1695/1202 1908/2214/1201
f 1908/2214/1201 1407/1695/1202 540/756/1203 1600/1904/1204
f 925/1173/1072 1908/2214/1201 1600/1904/1204 291/461/875
f 291/462/875 1600/1905/1204 1909/2215/1205 973/1221/876
f 1600/1905/1204 540/757/1203 1411/1700/1206 1909/2215/1205
f 1909/2215/1205 1411/1700/1206 524/735/857 1597/1901/854
f 973/1221/876 1909/2215/1205 1597/1901/854 267/437/853
f 319/496/322 1610/1915/819 1910/2216/411 1609/1914/412
f 545/765/821 1431/1724/413 1910/2216/411 1610/1915/819
f 549/769/414 1609/1914/412 1910/2216/411 1431/1724/413
f 269/439/893 1606/1911/1200 1911/2217/1207 1001/1255/1116
f 1606/1911/1200 543/762/1199 1421/1713/1208 1911/2217/1207
f 1911/2217/1207 1421/1713/1208 527/739/1193 1603/1908/1191
f 1001/1255/1116 1911/2217/1207 1603/1908/1191 307/484/866
f 548/768/832 1594/1898/831 1912/2218/1209 1451/1744/1210
f 1594/1898/831 525/736/830 1413/1703/1211 1912/2218/1209
f 1912/2218/1209 1413/1703/1211 539/755/1121 1599/1903/1118
f 1451/1744/1210 1912/2218/1209 1599/1903/1118 564/784/1117
f 319/496/322 1611/1916/419 1913/2219/819 1610/1915/819
f 561/781/1212 1464/1757/415 1913/2219/819 1611/1916/419
f 545/765/821 1610/1915/819 1913/2219/819 1464/1757/415
f 319/496/322 1613/1918/821 1914/2220/1213 1615/1920/426
f 552/772/1214 1459/1752/810 1914/2220/1213 1613/1918/821
f 566/786/412 1615/1920/426 1914/2220/1213 1459/1752/810
f 319/496/322 1615/1920/426 1915/2221/1215 1616/1921/422
f 566/786/412 1458/1751/440 1915/2221/1215 1615/1920/426
f 557/777/440 1616/1921/422 1915/2221/1215 1458/1751/440
f 319/496/322 1616/1921/422 1916/2222/442 1611/1916/419
f 557/777/440 1445/1738/443 1916/2222/442 1616/1921/422
f 561/781/1212 1611/1916/419 1916/2222/442 1445/1738/443
f 319/496/322 1614/1919/817 1917/2223/1216 1613/1918/821
f 554/774/418 1433/1726/1217 1917/2223/1216 1614/1919/817
f 552/772/1214 1613/1918/821 1917/2223/1216 1433/1726/1217
f 593/823/1218 1511/1813/1219 1918/2224/1220 1617/1922/1221
f 1511/1813/1219 597/827/1222 1618/1923/1223 1918/2224/1220
f 1918/2224/1220 1618/1923/1223 572/793/1224 1466/1759/1225
f 1617/1922/1221 1918/2224/1220 1466/1759/1225 570/790/1226
f 319/496/322 1612/1917/420 1919/2225/1227 1614/1919/817
f 563/783/422 1450/1743/423 1919/2225/1227 1612/1917/420
f 554/774/418 1614/1919/817 1919/2225/1227 1450/1743/423
f 319/496/322 1609/1914/412 1920/2226/424 1612/1917/420
f 549/769/414 1453/1746/425 1920/2226/424 1609/1914/412
f 563/783/422 1612/1917/420 1920/2226/424 1453/1746/425
f 318/495/1030 1064/1321/1228 1921/2227/1229 1012/1266/1031
f 1064/1321/1228 343/523/1146 1065/1322/1172 1921/2227/1229
f 1921/2227/1229 1065/1322/1172 337/516/1159 1058/1314/1230
f 1012/1266/1031 1921/2227/1229 1058/1314/1230 275/445/1032
f 304/479/997 1061/1317/1231 1922/2228/1232 986/1235/998
f 1061/1317/1231 340/519/1164 1066/1323/1170 1922/2228/1232
f 1922/2228/1232 1066/1323/1170 338/517/1147 1059/1315/1233
f 986/1235/998 1922/2228/1232 1059/1315/1233 285/455/999
f 313/490/964 1063/1320/1234 1923/2229/1235 1007/1261/965
f 1063/1320/1234 342/522/1152 1067/1324/1168 1923/2229/1235
f 1923/2229/1235 1067/1324/1168 339/518/1153 1060/1316/1236
f 1007/1261/965 1923/2229/1235 1060/1316/1236 290/460/966
f 299/470/928 1062/1319/1237 1924/2230/1238 981/1230/929
f 1062/1319/1237 341/521/1158 1068/1325/1166 1924/2230/1238
f 1924/2230/1238 1068/1325/1166 336/515/1141 938/1186/1239
f 981/1230/929 1924/2230/1238 938/1186/1239 276/446/930
f 275/445/1032 1058/1314/1230 1925/2231/1240 967/1215/1045
f 1058/1314/1230 337/516/1159 1069/1326/1162 1925/2231/1240
f 1925/2231/1240 1069/1326/1162 340/520/1164 1061/1318/1231
f 967/1215/1045 1925/2231/1240 1061/1318/1231 304/480/997
f 290/460/966 1060/1316/1236 1926/2232/1241 957/1205/1060
f 1060/1316/1236 339/518/1153 1070/1327/1156 1926/2232/1241
f 1926/2232/1241 1070/1327/1156 341/521/1158 1062/1319/1237
f 957/1205/1060 1926/2232/1241 1062/1319/1237 299/470/928
f 285/455/999 1059/1315/1233 1927/2233/1242 962/1210/1102
f 1059/1315/1233 338/517/1147 1071/1328/1150 1927/2233/1242
f 1927/2233/1242 1071/1328/1150 342/522/1152 1063/1320/1234
f 962/1210/1102 1927/2233/1242 1063/1320/1234 313/490/964
f 276/446/930 938/1186/1239 1928/2234/1243 972/1220/1087
f 938/1186/1239 336/515/1141 1072/1329/1144 1928/2234/1243
f 1928/2234/1243 1072/1329/1144 343/523/1146 1064/1321/1228
f 972/1220/1087 1928/2234/1243 1064/1321/1228 318/495/1030
f 597/827/1222 1533/1835/1244 1929/2235/1245 1618/1923/1223
f 1533/1835/1244 611/841/1246 1623/1928/1247 1929/2235/1245
f 1929/2235/1245 1623/1928/1247 588/815/1248 1491/1789/1249
f 1618/1923/1223 1929/2235/1245 1491/1789/1249 572/793/1224
f 408/596/1250 1192/1456/1251 1930/2236/1252 1176/1439/1253
f 1192/1456/1251 401/588/1254 1081/1338/1255 1930/2236/1252
f 1930/2236/1252 1081/1338/1255 349/529/1256 1079/1336/1257
f 1176/1439/1253 1930/2236/1252 1079/1336/1257 388/575/1258
f 405/593/1259 1191/1455/1260 1931/2237/1261 1149/1411/1262
f 1191/1455/1260 402/589/1263 1083/1340/1264 1931/2237/1261
f 1931/2237/1261 1083/1340/1264 348/528/1265 1125/1382/1266
f 1149/1411/1262 1931/2237/1261 1125/1382/1266 372/553/1267
f 407/595/1268 1190/1454/1269 1932/2238/1270 1175/1438/1271
f 1190/1454/1269 403/590/1272 1084/1341/1273 1932/2238/1270
f 1932/2238/1270 1084/1341/1273 351/531/1274 1154/1417/1275
f 1175/1438/1271 1932/2238/1270 1154/1417/1275 389/576/1276
f 406/594/1277 1189/1453/1278 1933/2239/1279 1150/1413/1280
f 1189/1453/1278 404/591/1281 1180/1443/1282 1933/2239/1279
f 1933/2239/1279 1180/1443/1282 350/530/1283 1126/1383/1284
f 1150/1413/1280 1933/2239/1279 1126/1383/1284 373/554/1285
f 362/542/1286 1110/1367/1287 1934/2240/1288 1174/1437/1289
f 1110/1367/1287 390/577/1290 1073/1330/1291 1934/2240/1288
f 1934/2240/1288 1073/1330/1291 345/525/1292 1074/1331/1293
f 1174/1437/1289 1934/2240/1288 1074/1331/1293 386/572/1294
f 414/603/1295 1208/1473/1296 1935/2241/1297 1147/1409/1298
f 1208/1473/1296 410/598/1299 1194/1458/1300 1935/2241/1297
f 1935/2241/1297 1194/1458/1300 360/540/1301 1130/1388/1302
f 1147/1409/1298 1935/2241/1297 1130/1388/1302 377/558/1303
f 377/558/1303 1130/1388/1302 1936/2242/1304 1146/1408/1305
f 1130/1388/1302 360/540/1301 1093/1350/1306 1936/2242/1304
f 1936/2242/1304 1093/1350/1306 359/539/947 1131/1389/1307
f 1146/1408/1305 1936/2242/1304 1131/1389/1307 378/559/916
f 378/559/916 1131/1389/1307 1937/2243/1308 1145/1407/1309
f 1131/1389/1307 359/539/947 1092/1349/1310 1937/2243/1308
f 1937/2243/1308 1092/1349/1310 358/538/1311 1132/1390/1312
f 1145/1407/1309 1937/2243/1308 1132/1390/1312 379/560/1313
f 379/560/1313 1132/1390/1312 1938/2244/1314 1144/1406/1315
f 1132/1390/1312 358/538/1311 1091/1348/1316 1938/2244/1314
f 1938/2244/1314 1091/1348/1316 357/537/1317 1133/1391/1318
f 1144/1406/1315 1938/2244/1314 1133/1391/1318 380/561/1319
f 361/541/1320 1120/1377/1321 1939/2245/1322 1094/1351/1323
f 1120/1377/1321 395/582/1324 1075/1332/1325 1939/2245/1322
f 1939/2245/1322 1075/1332/1325 347/527/1326 1076/1333/1327
f 1094/1351/1323 1939/2245/1322 1076/1333/1327 344/524/1328
f 416/605/1329 1207/1472/1330 1940/2246/1331 1173/1436/1332
f 1207/1472/1330 412/600/1333 1101/1358/1334 1940/2246/1331
f 1940/2246/1331 1101/1358/1334 368/548/1335 1156/1419/1336
f 1173/1436/1332 1940/2246/1331 1156/1419/1336 391/578/1337
f 391/578/1337 1156/1419/1336 1941/2247/1338 1172/1435/1339
f 1156/1419/1336 368/548/1335 1102/1359/1340 1941/2247/1338
f 1941/2247/1338 1102/1359/1340 369/549/1341 1157/1420/1342
f 1172/1435/1339 1941/2247/1338 1157/1420/1342 392/579/1343
f 392/579/1343 1157/1420/1342 1942/2248/1344 1171/1434/1022
f 1157/1420/1342 369/549/1341 1103/1360/1345 1942/2248/1344
f 1942/2248/1344 1103/1360/1345 370/550/1346 1158/1421/1347
f 1171/1434/1022 1942/2248/1344 1158/1421/1347 393/580/1348
f 393/580/1348 1158/1421/1347 1943/2249/1349 1170/1433/1350
f 1158/1421/1347 370/550/1346 1104/1361/1351 1943/2249/1349
f 1943/2249/1349 1104/1361/1351 371/551/1352 1159/1422/1353
f 1170/1433/1350 1943/2249/1349 1159/1422/1353 394/581/1354
f 376/557/1355 1129/1387/1356 1944/2250/1357 1085/1342/1358
f 1129/1387/1356 361/541/1320 1094/1351/1323 1944/2250/1357
f 1944/2250/1357 1094/1351/1323 344/524/1328 1152/1415/1359
f 1085/1342/1358 1944/2250/1357 1152/1415/1359 375/556/972
f 413/602/1360 1206/1471/1361 1945/2251/1362 1142/1403/1363
f 1206/1471/1361 411/599/1364 1096/1353/1014 1945/2251/1362
f 1945/2251/1362 1096/1353/1014 363/543/1365 1135/1393/1366
f 1142/1403/1363 1945/2251/1362 1135/1393/1366 382/564/1367
f 382/564/1367 1135/1393/1366 1946/2252/1048 1141/1401/983
f 1135/1393/1366 363/543/1365 1097/1354/1368 1946/2252/1048
f 1946/2252/1048 1097/1354/1368 364/544/1369 1136/1394/1370
f 1141/1401/983 1946/2252/1048 1136/1394/1370 383/566/1371
f 383/566/1371 1136/1394/1370 1947/2253/1372 1140/1399/1373
f 1136/1394/1370 364/544/1369 1098/1355/1374 1947/2253/1372
f 1947/2253/1372 1098/1355/1374 365/545/1375 1137/1395/1376
f 1140/1399/1373 1947/2253/1372 1137/1395/1376 384/568/1377
f 384/568/1377 1137/1395/1376 1948/2254/1378 1139/1397/1379
f 1137/1395/1376 365/545/1375 1099/1356/1380 1948/2254/1378
f 1948/2254/1378 1099/1356/1380 366/546/1381 1138/1396/1382
f 1139/1397/1379 1948/2254/1378 1138/1396/1382 385/570/1383
f 381/562/1384 1134/1392/1385 1949/2255/1386 1127/1384/1387
f 1134/1392/1385 362/542/1286 1174/1437/1289 1949/2255/1386
f 1949/2255/1386 1174/1437/1289 386/572/1294 1148/1410/1388
f 1127/1384/1387 1949/2255/1386 1148/1410/1388 387/574/1389
f 415/604/941 1205/1470/1390 1950/2256/1391 1168/1431/1392
f 1205/1470/1390 409/597/1393 1086/1343/1394 1950/2256/1391
f 1950/2256/1391 1086/1343/1394 353/533/1395 1161/1424/1396
f 1168/1431/1392 1950/2256/1391 1161/1424/1396 396/583/1397
f 396/583/1397 1161/1424/1396 1951/2257/1398 1167/1430/1399
f 1161/1424/1396 353/533/1395 1087/1344/1400 1951/2257/1398
f 1951/2257/1398 1087/1344/1400 354/534/1401 1162/1425/1402
f 1167/1430/1399 1951/2257/1398 1162/1425/1402 397/584/1403
f 397/584/1403 1162/1425/1402 1952/2258/1404 1166/1429/1405
f 1162/1425/1402 354/534/1401 1088/1345/1406 1952/2258/1404
f 1952/2258/1404 1088/1345/1406 355/535/1407 1163/1426/1408
f 1166/1429/1405 1952/2258/1404 1163/1426/1408 398/585/1409
f 398/585/1409 1163/1426/1408 1953/2259/1410 1165/1428/1411
f 1163/1426/1408 355/535/1407 1089/1346/1412 1953/2259/1410
f 1953/2259/1410 1089/1346/1412 356/536/1413 1164/1427/1414
f 1165/1428/1411 1953/2259/1410 1164/1427/1414 399/586/1415
f 602/832/1416 1513/1815/1417 1954/2260/1418 1625/1931/1419
f 1513/1815/1417 600/830/1420 1626/1932/1421 1954/2260/1418
f 1954/2260/1418 1626/1932/1421 575/797/1422 1478/1773/1423
f 1625/1931/1419 1954/2260/1418 1478/1773/1423 579/802/1424
f 355/535/1407 1118/1375/1425 1955/2261/1426 1089/1346/1412
f 1118/1375/1425 384/569/1377 1139/1398/1379 1955/2261/1426
f 1955/2261/1426 1139/1398/1379 385/571/1383 1119/1376/1427
f 1089/1346/1412 1955/2261/1426 1119/1376/1427 356/536/1413
f 354/534/1401 1117/1374/1428 1956/2262/1429 1088/1345/1406
f 1117/1374/1428 383/567/1371 1140/1400/1373 1956/2262/1429
f 1956/2262/1429 1140/1400/1373 384/569/1377 1118/1375/1425
f 1088/1345/1406 1956/2262/1429 1118/1375/1425 355/535/1407
f 353/533/1395 1116/1373/1430 1957/2263/1431 1087/1344/1400
f 1116/1373/1430 382/565/1367 1141/1402/983 1957/2263/1431
f 1957/2263/1431 1141/1402/983 383/567/1371 1117/1374/1428
f 1087/1344/1400 1957/2263/1431 1117/1374/1428 354/534/1401
f 409/597/1393 1204/1469/1432 1958/2264/1433 1086/1343/1394
f 1204/1469/1432 413/601/1360 1142/1404/1363 1958/2264/1433
f 1958/2264/1433 1142/1404/1363 382/565/1367 1116/1373/1430
f 1086/1343/1394 1958/2264/1433 1116/1373/1430 353/533/1395
f 390/577/1290 1155/1418/1434 1959/2265/1435 1073/1330/1291
f 1155/1418/1434 367/547/1436 1143/1405/1437 1959/2265/1435
f 1959/2265/1435 1143/1405/1437 346/526/1438 1151/1414/1439
f 1073/1330/1291 1959/2265/1435 1151/1414/1439 345/525/1292
f 370/550/1346 1108/1365/1440 1960/2266/1441 1104/1361/1351
f 1108/1365/1440 379/560/1313 1144/1406/1315 1960/2266/1441
f 1960/2266/1441 1144/1406/1315 380/561/1319 1109/1366/1442
f 1104/1361/1351 1960/2266/1441 1109/1366/1442 371/551/1352
f 369/549/1341 1107/1364/1443 1961/2267/1444 1103/1360/1345
f 1107/1364/1443 378/559/916 1145/1407/1309 1961/2267/1444
f 1961/2267/1444 1145/1407/1309 379/560/1313 1108/1365/1440
f 1103/1360/1345 1961/2267/1444 1108/1365/1440 370/550/1346
f 368/548/1335 1106/1363/1445 1962/2268/1446 1102/1359/1340
f 1106/1363/1445 377/558/1303 1146/1408/1305 1962/2268/1446
f 1962/2268/1446 1146/1408/1305 378/559/916 1107/1364/1443
f 1102/1359/1340 1962/2268/1446 1107/1364/1443 369/549/1341
f 412/600/1333 1203/1468/1447 1963/2269/1448 1101/1358/1334
f 1203/1468/1447 414/603/1295 1147/1409/1298 1963/2269/1448
f 1963/2269/1448 1147/1409/1298 377/558/1303 1106/1363/1445
f 1101/1358/1334 1963/2269/1448 1106/1363/1445 368/548/1335
f 367/547/1436 1105/1362/1449 1964/2270/1450 1143/1405/1437
f 1105/1362/1449 376/557/1355 1085/1342/1358 1964/2270/1450
f 1964/2270/1450 1085/1342/1358 375/556/972 1082/1339/1451
f 1143/1405/1437 1964/2270/1450 1082/1339/1451 346/526/1438
f 401/588/1254 1188/1452/1452 1965/2271/1453 1081/1338/1255
f 1188/1452/1452 405/592/1259 1149/1412/1262 1965/2271/1453
f 1965/2271/1453 1149/1412/1262 372/552/1267 1077/1334/1454
f 1081/1338/1255 1965/2271/1453 1077/1334/1454 349/529/1256
f 403/590/1272 1187/1451/1455 1966/2272/1456 1084/1341/1273
f 1187/1451/1455 406/594/1277 1150/1413/1280 1966/2272/1456
f 1966/2272/1456 1150/1413/1280 373/554/1285 1078/1335/1457
f 1084/1341/1273 1966/2272/1456 1078/1335/1457 351/531/1274
f 614/844/1458 1538/1840/1459 1967/2273/1460 1630/1936/1461
f 1538/1840/1459 605/835/1462 1631/1937/1463 1967/2273/1460
f 1967/2273/1460 1631/1937/1463 582/806/1464 1495/1794/1465
f 1630/1936/1461 1967/2273/1460 1495/1794/1465 591/820/1466
f 358/538/1311 1123/1380/1467 1968/2274/1468 1091/1348/1316
f 1123/1380/1467 398/585/1409 1165/1428/1411 1968/2274/1468
f 1968/2274/1468 1165/1428/1411 399/586/1415 1124/1381/1469
f 1091/1348/1316 1968/2274/1468 1124/1381/1469 357/537/1317
f 359/539/947 1122/1379/1470 1969/2275/1471 1092/1349/1310
f 1122/1379/1470 397/584/1403 1166/1429/1405 1969/2275/1471
f 1969/2275/1471 1166/1429/1405 398/585/1409 1123/1380/1467
f 1092/1349/1310 1969/2275/1471 1123/1380/1467 358/538/1311
f 360/540/1301 1121/1378/1472 1970/2276/1473 1093/1350/1306
f 1121/1378/1472 396/583/1397 1167/1430/1399 1970/2276/1473
f 1970/2276/1473 1167/1430/1399 397/584/1403 1122/1379/1470
f 1093/1350/1306 1970/2276/1473 1122/1379/1470 359/539/947
f 410/598/1299 1202/1467/1474 1971/2277/1475 1194/1458/1300
f 1202/1467/1474 415/604/941 1168/1431/1392 1971/2277/1475
f 1971/2277/1475 1168/1431/1392 396/583/1397 1121/1378/1472
f 1194/1458/1300 1971/2277/1475 1121/1378/1472 360/540/1301
f 352/532/1476 1115/1372/1477 1972/2278/1478 1095/1352/1479
f 1115/1372/1477 381/563/1384 1127/1385/1387 1972/2278/1478
f 1972/2278/1478 1127/1385/1387 387/573/1389 1100/1357/1480
f 1095/1352/1479 1972/2278/1478 1100/1357/1480 374/555/1481
f 365/545/1375 1113/1370/1482 1973/2279/1483 1099/1356/1380
f 1113/1370/1482 393/580/1348 1170/1433/1350 1973/2279/1483
f 1973/2279/1483 1170/1433/1350 394/581/1354 1114/1371/1484
f 1099/1356/1380 1973/2279/1483 1114/1371/1484 366/546/1381
f 364/544/1369 1112/1369/1485 1974/2280/1486 1098/1355/1374
f 1112/1369/1485 392/579/1343 1171/1434/1022 1974/2280/1486
f 1974/2280/1486 1171/1434/1022 393/580/1348 1113/1370/1482
f 1098/1355/1374 1974/2280/1486 1113/1370/1482 365/545/1375
f 363/543/1365 1111/1368/1487 1975/2281/1488 1097/1354/1368
f 1111/1368/1487 391/578/1337 1172/1435/1339 1975/2281/1488
f 1975/2281/1488 1172/1435/1339 392/579/1343 1112/1369/1485
f 1097/1354/1368 1975/2281/1488 1112/1369/1485 364/544/1369
f 411/599/1364 1201/1466/1489 1976/2282/1490 1096/1353/1014
f 1201/1466/1489 416/605/1329 1173/1436/1332 1976/2282/1490
f 1976/2282/1490 1173/1436/1332 391/578/1337 1111/1368/1487
f 1096/1353/1014 1976/2282/1490 1111/1368/1487 363/543/1365
f 395/582/1324 1160/1423/1491 1977/2283/1492 1075/1332/1325
f 1160/1423/1491 352/532/1476 1095/1352/1479 1977/2283/1492
f 1977/2283/1492 1095/1352/1479 374/555/1481 1128/1386/1493
f 1075/1332/1325 1977/2283/1492 1128/1386/1493 347/527/1326
f 402/589/1263 1186/1450/1494 1978/2284/1495 1083/1340/1264
f 1186/1450/1494 407/595/1268 1175/1438/1271 1978/2284/1495
f 1978/2284/1495 1175/1438/1271 389/576/1276 1080/1337/1496
f 1083/1340/1264 1978/2284/1495 1080/1337/1496 348/528/1265
f 404/591/1281 1185/1449/1497 1979/2285/1498 1180/1443/1282
f 1185/1449/1497 408/596/1250 1176/1439/1253 1979/2285/1498
f 1979/2285/1498 1176/1439/1253 388/575/1258 1153/1416/1499
f 1180/1443/1282 1979/2285/1498 1153/1416/1499 350/530/1283
f 388/575/1258 1079/1336/1257 1980/2286/1500 1628/1934/1501
f 1079/1336/1257 349/529/1256 1629/1935/1502 1980/2286/1500
f 1980/2286/1500 1629/1935/1502 578/801/1503 1473/1767/1504
f 1628/1934/1501 1980/2286/1500 1473/1767/1504 576/798/1505
f 600/830/1420 1539/1841/1506 1981/2287/1507 1626/1932/1421
f 1539/1841/1506 614/844/1458 1630/1936/1461 1981/2287/1507
f 1981/2287/1507 1630/1936/1461 591/820/1466 1501/1802/1508
f 1626/1932/1421 1981/2287/1507 1501/1802/1508 575/797/1422
f 605/835/1462 1525/1827/1509 1982/2288/1510 1631/1937/1463
f 1525/1827/1509 609/839/1511 1621/1926/1512 1982/2288/1510
f 1982/2288/1510 1621/1926/1512 584/809/1513 1480/1775/1514
f 1631/1937/1463 1982/2288/1510 1480/1775/1514 582/806/1464
f 400/587/811 1634/1940/443 1983/2289/1216 1633/1939/417
f 596/826/1217 1506/1808/1217 1983/2289/1216 1634/1940/443
f 594/824/1214 1633/1939/417 1983/2289/1216 1506/1808/1217
f 609/839/1511 1544/1846/1515 1984/2290/1516 1621/1926/1512
f 1544/1846/1515 593/823/1218 1617/1922/1221 1984/2290/1516
f 1984/2290/1516 1617/1922/1221 570/790/1226 1502/1803/1517
f 1621/1926/1512 1984/2290/1516 1502/1803/1517 584/809/1513
f 417/606/1518 1224/1490/1519 1985/2291/1520 1209/1474/1521
f 1224/1490/1519 424/614/1522 1184/1448/1523 1985/2291/1520
f 1985/2291/1520 1184/1448/1523 408/596/1250 1185/1449/1497
f 1209/1474/1521 1985/2291/1520 1185/1449/1497 404/591/1281
f 419/608/1524 1223/1489/1525 1986/2292/1526 1178/1441/1527
f 1223/1489/1525 423/613/1528 1183/1447/1145 1986/2292/1526
f 1986/2292/1526 1183/1447/1145 407/595/1268 1186/1450/1494
f 1178/1441/1527 1986/2292/1526 1186/1450/1494 402/589/1263
f 420/609/1529 1222/1488/1530 1987/2293/1531 1179/1442/1532
f 1222/1488/1530 422/612/1533 1182/1446/1534 1987/2293/1531
f 1987/2293/1531 1182/1446/1534 406/594/1277 1187/1451/1455
f 1179/1442/1532 1987/2293/1531 1187/1451/1455 403/590/1272
f 418/607/1535 1221/1487/1536 1988/2294/1537 1177/1440/1538
f 1221/1487/1536 421/611/1539 1181/1444/1540 1988/2294/1537
f 1988/2294/1537 1181/1444/1540 405/592/1259 1188/1452/1452
f 1177/1440/1538 1988/2294/1537 1188/1452/1452 401/588/1254
f 422/612/1533 1220/1486/1541 1989/2295/1542 1182/1446/1534
f 1220/1486/1541 417/606/1518 1209/1474/1521 1989/2295/1542
f 1989/2295/1542 1209/1474/1521 404/591/1281 1189/1453/1278
f 1182/1446/1534 1989/2295/1542 1189/1453/1278 406/594/1277
f 423/613/1528 1219/1485/1543 1990/2296/1544 1183/1447/1145
f 1219/1485/1543 420/609/1529 1179/1442/1532 1990/2296/1544
f 1990/2296/1544 1179/1442/1532 403/590/1272 1190/1454/1269
f 1183/1447/1145 1990/2296/1544 1190/1454/1269 407/595/1268
f 421/610/1539 1218/1484/1545 1991/2297/1546 1181/1445/1540
f 1218/1484/1545 419/608/1524 1178/1441/1527 1991/2297/1546
f 1991/2297/1546 1178/1441/1527 402/589/1263 1191/1455/1260
f 1181/1445/1540 1991/2297/1546 1191/1455/1260 405/593/1259
f 424/614/1522 1217/1483/1547 1992/2298/1548 1184/1448/1523
f 1217/1483/1547 418/607/1535 1177/1440/1538 1992/2298/1548
f 1992/2298/1548 1177/1440/1538 401/588/1254 1192/1456/1251
f 1184/1448/1523 1992/2298/1548 1192/1456/1251 408/596/1250
f 386/572/1294 1074/1331/1293 1993/2299/1549 1195/1459/1550
f 1074/1331/1293 345/525/1292 1200/1465/1551 1993/2299/1549
f 1993/2299/1549 1200/1465/1551 416/605/1329 1201/1466/1489
f 1195/1459/1550 1993/2299/1549 1201/1466/1489 411/599/1364
f 344/524/1328 1076/1333/1327 1994/2300/1552 1169/1432/1553
f 1076/1333/1327 347/527/1326 1199/1464/1554 1994/2300/1552
f 1994/2300/1552 1199/1464/1554 415/604/941 1202/1467/1474
f 1169/1432/1553 1994/2300/1552 1202/1467/1474 410/598/1299
f 346/526/1438 1082/1339/1451 1995/2301/1555 1196/1460/1556
f 1082/1339/1451 375/556/972 1198/1463/1557 1995/2301/1555
f 1995/2301/1555 1198/1463/1557 414/603/1295 1203/1468/1447
f 1196/1460/1556 1995/2301/1555 1203/1468/1447 412/600/1333
f 374/555/1481 1100/1357/1480 1996/2302/1558 1193/1457/1559
f 1100/1357/1480 387/573/1389 1197/1461/1560 1996/2302/1558
f 1996/2302/1558 1197/1461/1560 413/601/1360 1204/1469/1432
f 1193/1457/1559 1996/2302/1558 1204/1469/1432 409/597/1393
f 347/527/1326 1128/1386/1493 1997/2303/1561 1199/1464/1554
f 1128/1386/1493 374/555/1481 1193/1457/1559 1997/2303/1561
f 1997/2303/1561 1193/1457/1559 409/597/1393 1205/1470/1390
f 1199/1464/1554 1997/2303/1561 1205/1470/1390 415/604/941
f 387/574/1389 1148/1410/1388 1998/2304/1562 1197/1462/1560
f 1148/1410/1388 386/572/1294 1195/1459/1550 1998/2304/1562
f 1998/2304/1562 1195/1459/1550 411/599/1364 1206/1471/1361
f 1197/1462/1560 1998/2304/1562 1206/1471/1361 413/602/1360
f 345/525/1292 1151/1414/1439 1999/2305/1563 1200/1465/1551
f 1151/1414/1439 346/526/1438 1196/1460/1556 1999/2305/1563
f 1999/2305/1563 1196/1460/1556 412/600/1333 1207/1472/1330
f 1200/1465/1551 1999/2305/1563 1207/1472/1330 416/605/1329
f 375/556/972 1152/1415/1359 2000/2306/1564 1198/1463/1557
f 1152/1415/1359 344/524/1328 1169/1432/1553 2000/2306/1564
f 2000/2306/1564 1169/1432/1553 410/598/1299 1208/1473/1296
f 1198/1463/1557 2000/2306/1564 1208/1473/1296 414/603/1295
f 348/528/1265 1080/1337/1496 2001/2307/1565 1619/1924/1566
f 1080/1337/1496 389/576/1276 1620/1925/1567 2001/2307/1565
f 2001/2307/1565 1620/1925/1567 569/789/1568 1471/1765/1569
f 1619/1924/1566 2001/2307/1565 1471/1765/1569 573/794/1570
f 350/530/1283 1153/1416/1499 2002/2308/1571 1627/1933/1572
f 1153/1416/1499 388/575/1258 1628/1934/1501 2002/2308/1571
f 2002/2308/1571 1628/1934/1501 576/798/1505 1499/1799/1573
f 1627/1933/1572 2002/2308/1571 1499/1799/1573 590/819/1574
f 351/531/1274 1078/1335/1457 2003/2309/1575 1622/1927/1576
f 1078/1335/1457 373/554/1285 1632/1938/1577 2003/2309/1575
f 2003/2309/1575 1632/1938/1577 581/805/1578 1485/1781/1579
f 1622/1927/1576 2003/2309/1575 1485/1781/1579 585/810/1580
f 349/529/1256 1077/1334/1454 2004/2310/1581 1629/1935/1502
f 1077/1334/1454 372/552/1267 1624/1929/1204 2004/2310/1581
f 2004/2310/1581 1624/1929/1204 587/813/1582 1490/1788/1583
f 1629/1935/1502 2004/2310/1581 1490/1788/1583 578/801/1503
f 372/553/1267 1125/1382/1266 2005/2311/1584 1624/1930/1204
f 1125/1382/1266 348/528/1265 1619/1924/1566 2005/2311/1584
f 2005/2311/1584 1619/1924/1566 573/794/1570 1493/1792/1585
f 1624/1930/1204 2005/2311/1584 1493/1792/1585 587/814/1582
f 373/554/1285 1126/1383/1284 2006/2312/1586 1632/1938/1577
f 1126/1383/1284 350/530/1283 1627/1933/1572 2006/2312/1586
f 2006/2312/1586 1627/1933/1572 590/819/1574 1498/1798/1587
f 1632/1938/1577 2006/2312/1586 1498/1798/1587 581/805/1578
f 611/841/1246 1530/1832/1588 2007/2313/1589 1623/1928/1247
f 1530/1832/1588 602/832/1416 1625/1931/1419 2007/2313/1589
f 2007/2313/1589 1625/1931/1419 579/802/1424 1487/1783/1590
f 1623/1928/1247 2007/2313/1589 1487/1783/1590 588/815/1248
f 389/576/1276 1154/1417/1275 2008/2314/1591 1620/1925/1567
f 1154/1417/1275 351/531/1274 1622/1927/1576 2008/2314/1591
f 2008/2314/1591 1622/1927/1576 585/810/1580 1504/1806/1592
f 1620/1925/1567 2008/2314/1591 1504/1806/1592 569/789/1568
f 400/587/811 1633/1939/417 2009/2315/809 1635/1941/426
f 594/824/1214 1542/1844/428 2009/2315/809 1633/1939/417
f 608/838/811 1635/1941/426 2009/2315/809 1542/1844/428
f 400/587/811 1639/1945/819 2010/2316/1593 1638/1944/325
f 615/845/823 1541/1843/817 2010/2316/1593 1639/1945/819
f 599/829/417 1638/1944/325 2010/2316/1593 1541/1843/817
f 400/587/811 1640/1946/439 2011/2317/1594 1639/1945/819
f 606/836/822 1535/1837/834 2011/2317/1594 1640/1946/439
f 615/845/823 1639/1945/819 2011/2317/1594 1535/1837/834
f 400/587/811 1635/1941/426 2012/2318/835 1640/1946/439
f 608/838/811 1520/1822/836 2012/2318/835 1635/1941/426
f 606/836/822 1640/1946/439 2012/2318/835 1520/1822/836
f 400/587/811 1638/1944/325 2013/2319/819 1637/1943/412
f 599/829/417 1518/1820/1215 2013/2319/819 1638/1944/325
f 603/833/413 1637/1943/412 2013/2319/819 1518/1820/1215
f 400/587/811 1637/1943/412 2014/2320/440 1636/1942/420
f 603/833/413 1527/1829/438 2014/2320/440 1637/1943/412
f 612/842/1595 1636/1942/420 2014/2320/440 1527/1829/438
f 400/587/811 1636/1942/420 2015/2321/443 1634/1940/443
f 612/842/1595 1531/1833/323 2015/2321/443 1636/1942/420
f 596/826/1217 1634/1940/443 2015/2321/443 1531/1833/323
f 399/586/1415 1164/1427/1414 2016/2322/1596 1216/1482/1597
f 1164/1427/1414 356/536/1413 1210/1475/1598 2016/2322/1596
f 2016/2322/1596 1210/1475/1598 418/607/1535 1217/1483/1547
f 1216/1482/1597 2016/2322/1596 1217/1483/1547 424/614/1522
f 385/570/1383 1138/1396/1382 2017/2323/1599 1213/1478/1231
f 1138/1396/1382 366/546/1381 1211/1476/1600 2017/2323/1599
f 2017/2323/1599 1211/1476/1600 419/608/1524 1218/1484/1545
f 1213/1478/1231 2017/2323/1599 1218/1484/1545 421/610/1539
f 394/581/1354 1159/1422/1353 2018/2324/1601 1215/1481/1602
f 1159/1422/1353 371/551/1352 1212/1477/1603 2018/2324/1601
f 2018/2324/1601 1212/1477/1603 420/609/1529 1219/1485/1543
f 1215/1481/1602 2018/2324/1601 1219/1485/1543 423/613/1528
f 380/561/1319 1133/1391/1318 2019/2325/1604 1214/1480/1605
f 1133/1391/1318 357/537/1317 1090/1347/1606 2019/2325/1604
f 2019/2325/1604 1090/1347/1606 417/606/1518 1220/1486/1541
f 1214/1480/1605 2019/2325/1604 1220/1486/1541 422/612/1533
f 356/536/1413 1119/1376/1427 2020/2326/1607 1210/1475/1598
f 1119/1376/1427 385/571/1383 1213/1479/1231 2020/2326/1607
f 2020/2326/1607 1213/1479/1231 421/611/1539 1221/1487/1536
f 1210/1475/1598 2020/2326/1607 1221/1487/1536 418/607/1535
f 371/551/1352 1109/1366/1442 2021/2327/1608 1212/1477/1603
f 1109/1366/1442 380/561/1319 1214/1480/1605 2021/2327/1608
f 2021/2327/1608 1214/1480/1605 422/612/1533 1222/1488/1530
f 1212/1477/1603 2021/2327/1608 1222/1488/1530 420/609/1529
f 366/546/1381 1114/1371/1484 2022/2328/1609 1211/1476/1600
f 1114/1371/1484 394/581/1354 1215/1481/1602 2022/2328/1609
f 2022/2328/1609 1215/1481/1602 423/613/1528 1223/1489/1525
f 1211/1476/1600 2022/2328/1609 1223/1489/1525 419/608/1524
f 357/537/1317 1124/1381/1469 2023/2329/1610 1090/1347/1606
f 1124/1381/1469 399/586/1415 1216/1482/1597 2023/2329/1610
f 2023/2329/1610 1216/1482/1597 424/614/1522 1224/1490/1519
f 1090/1347/1606 2023/2329/1610 1224/1490/1519 417/606/1518
f 426/616/332 1226/1492/1611 2024/2330/1612 1225/1491/1613
f 1226/1492/1611 428/619/48 1227/1493/1614 2024/2330/1612
f 2024/2330/1612 1227/1493/1614 430/621/1615 1228/1494/1616
f 1225/1491/1613 2024/2330/1612 1228/1494/1616 427/617/1617
f 427/618/1618 1228/1495/1619 2025/2331/1620 1229/1496/1621
f 1228/1495/1619 430/622/1622 1230/1497/1623 2025/2331/1620
f 2025/2331/1620 1230/1497/1623 429/620/387 1231/1498/386
f 1229/1496/1621 2025/2331/1620 1231/1498/386 425/615/385
f 432/624/312 1233/1500/311 2026/2332/1624 1232/1499/1625
f 1233/1500/311 434/627/310 1234/1501/1626 2026/2332/1624
f 2026/2332/1624 1234/1501/1626 436/630/1627 1235/1502/1628
f 1232/1499/1625 2026/2332/1624 1235/1502/1628 433/625/1629
f 433/626/1630 1235/1503/1631 2027/2333/1632 1236/1504/1633
f 1235/1503/1631 436/629/1634 1237/1505/1635 2027/2333/1632
f 2027/2333/1632 1237/1505/1635 435/628/231 1238/1506/230
f 1236/1504/1633 2027/2333/1632 1238/1506/230 431/623/229
f 438/632/271 1240/1508/321 2028/2334/1636 1239/1507/1637
f 1240/1508/321 440/635/320 1241/1509/1638 2028/2334/1636
f 2028/2334/1636 1241/1509/1638 442/637/1639 1242/1510/1640
f 1239/1507/1637 2028/2334/1636 1242/1510/1640 439/633/1641
f 439/634/1642 1242/1511/1643 2029/2335/1644 1243/1512/1645
f 1242/1511/1643 442/638/1646 1244/1513/1647 2029/2335/1644
f 2029/2335/1644 1244/1513/1647 441/636/397 1245/1514/396
f 1243/1512/1645 2029/2335/1644 1245/1514/396 437/631/395
f 444/641/46 1247/1516/408 2030/2336/1648 1246/1515/1649
f 1247/1516/408 435/628/231 1237/1505/1635 2030/2336/1648
f 2030/2336/1648 1237/1505/1635 436/629/1634 1248/1517/1650
f 1246/1515/1649 2030/2336/1648 1248/1517/1650 445/643/1651
f 445/642/1652 1248/1518/1653 2031/2337/1654 1249/1519/1655
f 1248/1518/1653 436/630/1627 1234/1501/1626 2031/2337/1654
f 2031/2337/1654 1234/1501/1626 434/627/310 1250/1521/401
f 1249/1519/1655 2031/2337/1654 1250/1521/401 443/639/400
f 428/619/48 1251/1522/47 2032/2338/1656 1227/1493/1614
f 1251/1522/47 444/641/46 1246/1515/1649 2032/2338/1656
f 2032/2338/1656 1246/1515/1649 445/643/1651 1252/1523/1657
f 1227/1493/1614 2032/2338/1656 1252/1523/1657 430/621/1615
f 430/622/1622 1252/1524/1658 2033/2339/1659 1230/1497/1623
f 1252/1524/1658 445/644/1652 1249/1520/1655 2033/2339/1659
f 2033/2339/1659 1249/1520/1655 443/640/400 1253/1525/403
f 1230/1497/1623 2033/2339/1659 1253/1525/403 429/620/387
f 447/646/273 1255/1527/272 2034/2340/1660 1254/1526/1661
f 1255/1527/272 438/632/271 1239/1507/1637 2034/2340/1660
f 2034/2340/1660 1239/1507/1637 439/633/1641 1256/1528/1662
f 1254/1526/1661 2034/2340/1660 1256/1528/1662 448/648/1663
f 448/647/1664 1256/1529/1665 2035/2341/1666 1257/1530/1667
f 1256/1529/1665 439/634/1642 1243/1512/1645 2035/2341/1666
f 2035/2341/1666 1243/1512/1645 437/631/395 1258/1531/405
f 1257/1530/1667 2035/2341/1666 1258/1531/405 446/645/391
f 446/645/391 1259/1532/390 2036/2342/1668 1257/1530/1667
f 1259/1532/390 432/624/312 1232/1499/1625 2036/2342/1668
f 2036/2342/1668 1232/1499/1625 433/625/1629 1260/1533/1669
f 1257/1530/1667 2036/2342/1668 1260/1533/1669 448/647/1664
f 448/648/1663 1260/1534/1670 2037/2343/1671 1254/1526/1661
f 1260/1534/1670 433/626/1630 1236/1504/1633 2037/2343/1671
f 2037/2343/1671 1236/1504/1633 431/623/229 1261/1535/315
f 1254/1526/1661 2037/2343/1671 1261/1535/315 447/646/273
f 440/635/320 1262/1536/333 2038/2344/1672 1241/1509/1638
f 1262/1536/333 426/616/332 1225/1491/1613 2038/2344/1672
f 2038/2344/1672 1225/1491/1613 427/617/1617 1263/1537/1673
f 1241/1509/1638 2038/2344/1672 1263/1537/1673 442/637/1639
f 442/638/1646 1263/1538/1674 2039/2345/1675 1244/1513/1647
f 1263/1538/1674 427/618/1618 1229/1496/1621 2039/2345/1675
f 2039/2345/1675 1229/1496/1621 425/615/385 1264/1539/410
f 1244/1513/1647 2039/2345/1675 1264/1539/410 441/636/397
f 450/650/327 1266/1541/326 2040/2346/326 1265/1540/417
f 1266/1541/326 452/652/326 1267/1542/817 2040/2346/326
f 2040/2346/326 1267/1542/817 454/654/1676 1268/1543/1677
f 1265/1540/417 2040/2346/326 1268/1543/1677 451/651/1678
f 451/651/1678 1268/1543/1677 2041/2347/324 1269/1544/1679
f 1268/1543/1677 454/654/1676 1270/1545/1680 2041/2347/324
f 2041/2347/324 1270/1545/1680 453/653/40 1271/1546/1681
f 1269/1544/1679 2041/2347/324 1271/1546/1681 449/649/330
f 456/656/227 1273/1548/224 2042/2348/1682 1272/1547/1683
f 1273/1548/224 458/658/223 1274/1549/438 2042/2348/1682
f 2042/2348/1682 1274/1549/438 460/660/1684 1275/1550/1685
f 1272/1547/1683 2042/2348/1682 1275/1550/1685 457/657/1686
f 457/657/1686 1275/1550/1685 2043/2349/1687 1276/1551/1688
f 1275/1550/1685 460/660/1684 1277/1552/1689 2043/2349/1687
f 2043/2349/1687 1277/1552/1689 459/659/428 1278/1553/427
f 1276/1551/1688 2043/2349/1687 1278/1553/427 455/655/325
f 462/662/422 1280/1555/425 2044/2350/438 1279/1554/439
f 1280/1555/425 464/664/414 1281/1556/426 2044/2350/438
f 2044/2350/438 1281/1556/426 466/666/1690 1282/1557/1691
f 1279/1554/439 2044/2350/438 1282/1557/1691 463/663/1692
f 463/663/1692 1282/1557/1691 2045/2351/1693 1283/1558/1694
f 1282/1557/1691 466/666/1690 1284/1559/1695 2045/2351/1693
f 2045/2351/1693 1284/1559/1695 465/665/318 1285/1560/316
f 1283/1558/1694 2045/2351/1693 1285/1560/316 461/661/269
f 468/668/441 1287/1562/440 2046/2352/820 1286/1561/420
f 1287/1562/440 459/659/428 1277/1552/1689 2046/2352/820
f 2046/2352/820 1277/1552/1689 460/660/1684 1288/1563/1696
f 1286/1561/420 2046/2352/820 1288/1563/1696 469/669/1697
f 469/669/1697 1288/1563/1696 2047/2353/1698 1289/1564/1699
f 1288/1563/1696 460/660/1684 1274/1549/438 2047/2353/1698
f 2047/2353/1698 1274/1549/438 458/658/223 1290/1565/406
f 1289/1564/1699 2047/2353/1698 1290/1565/406 467/667/44
f 452/652/326 1291/1566/443 2048/2354/443 1267/1542/817
f 1291/1566/443 468/668/441 1286/1561/420 2048/2354/443
f 2048/2354/443 1286/1561/420 469/669/1697 1292/1567/1700
f 1267/1542/817 2048/2354/443 1292/1567/1700 454/654/1676
f 454/654/1676 1292/1567/1700 2049/2355/1701 1270/1545/1680
f 1292/1567/1700 469/669/1697 1289/1564/1699 2049/2355/1701
f 2049/2355/1701 1289/1564/1699 467/667/44 1293/1568/41
f 1270/1545/1680 2049/2355/1701 1293/1568/41 453/653/40
f 471/671/418 1295/1570/423 2050/2356/323 1294/1569/1702
f 1295/1570/423 462/662/422 1279/1554/439 2050/2356/323
f 2050/2356/323 1279/1554/439 463/663/1692 1296/1571/1703
f 1294/1569/1702 2050/2356/323 1296/1571/1703 472/672/1704
f 472/672/1704 1296/1571/1703 2051/2357/1705 1297/1572/834
f 1296/1571/1703 463/663/1692 1283/1558/1694 2051/2357/1705
f 2051/2357/1705 1283/1558/1694 461/661/269 1298/1573/266
f 1297/1572/834 2051/2357/1705 1298/1573/266 470/670/265
f 470/670/265 1299/1574/313 2052/2358/1706 1297/1572/834
f 1299/1574/313 456/656/227 1272/1547/1683 2052/2358/1706
f 2052/2358/1706 1272/1547/1683 457/657/1686 1300/1575/1707
f 1297/1572/834 2052/2358/1706 1300/1575/1707 472/672/1704
f 472/672/1704 1300/1575/1707 2053/2359/1708 1294/1569/1702
f 1300/1575/1707 457/657/1686 1276/1551/1688 2053/2359/1708
f 2053/2359/1708 1276/1551/1688 455/655/325 1301/1576/419
f 1294/1569/1702 2053/2359/1708 1301/1576/419 471/671/418
f 464/664/414 1302/1577/413 2054/2360/821 1281/1556/426
f 1302/1577/413 450/650/327 1265/1540/417 2054/2360/821
f 2054/2360/821 1265/1540/417 451/651/1678 1303/1578/1709
f 1281/1556/426 2054/2360/821 1303/1578/1709 466/666/1690
f 466/666/1690 1303/1578/1709 2055/2361/1710 1284/1559/1695
f 1303/1578/1709 451/651/1678 1269/1544/1679 2055/2361/1710
f 2055/2361/1710 1269/1544/1679 449/649/330 1304/1579/328
f 1284/1559/1695 2055/2361/1710 1304/1579/328 465/665/318
f 474/674/466 1306/1581/465 2056/2362/1711 1305/1580/1712
f 1306/1581/465 476/677/464 1307/1582/1713 2056/2362/1711
f 2056/2362/1711 1307/1582/1713 478/679/1714 1308/1583/1715
f 1305/1580/1712 2056/2362/1711 1308/1583/1715 475/675/1716
f 475/676/1717 1308/1584/1718 2057/2363/1719 1309/1585/1720
f 1308/1584/1718 478/680/1721 1310/1586/1722 2057/2363/1719
f 2057/2363/1719 1310/1586/1722 477/678/435 1311/1587/434
f 1309/1585/1720 2057/2363/1719 1311/1587/434 473/673/433
f 480/682/643 1313/1589/642 2058/2364/1723 1312/1588/1724
f 1313/1589/642 482/685/641 1314/1590/1725 2058/2364/1723
f 2058/2364/1723 1314/1590/1725 484/688/1726 1315/1591/1727
f 1312/1588/1724 2058/2364/1723 1315/1591/1727 481/683/1728
f 481/684/1729 1315/1592/1730 2059/2365/1731 1316/1593/1732
f 1315/1592/1730 484/687/1733 1317/1594/1734 2059/2365/1731
f 2059/2365/1731 1317/1594/1734 483/686/796 1318/1595/795
f 1316/1593/1732 2059/2365/1731 1318/1595/795 479/681/794
f 486/690/737 1320/1597/736 2060/2366/1735 1319/1596/1736
f 1320/1597/736 488/693/735 1321/1598/1737 2060/2366/1735
f 2060/2366/1735 1321/1598/1737 490/695/1738 1322/1599/1739
f 1319/1596/1736 2060/2366/1735 1322/1599/1739 487/691/1740
f 487/692/1741 1322/1600/1742 2061/2367/1743 1323/1601/1744
f 1322/1600/1742 490/696/1745 1324/1602/1746 2061/2367/1743
f 2061/2367/1743 1324/1602/1746 489/694/730 1325/1603/729
f 1323/1601/1744 2061/2367/1743 1325/1603/729 485/689/685
f 492/698/804 1327/1606/803 2062/2368/1747 1326/1604/1748
f 1327/1606/803 483/686/796 1317/1594/1734 2062/2368/1747
f 2062/2368/1747 1317/1594/1734 484/687/1733 1328/1607/1749
f 1326/1604/1748 2062/2368/1747 1328/1607/1749 493/700/1750
f 493/702/1751 1328/1608/1752 2063/2369/1753 1329/1609/1754
f 1328/1608/1752 484/688/1726 1314/1590/1725 2063/2369/1753
f 2063/2369/1753 1314/1590/1725 482/685/641 1330/1610/723
f 1329/1609/1754 2063/2369/1753 1330/1610/723 491/697/722
f 476/677/464 1331/1611/807 2064/2370/1755 1307/1582/1713
f 1331/1611/807 492/699/804 1326/1605/1748 2064/2370/1755
f 2064/2370/1755 1326/1605/1748 493/701/1750 1332/1612/1756
f 1307/1582/1713 2064/2370/1755 1332/1612/1756 478/679/1714
f 478/680/1721 1332/1613/1757 2065/2371/1758 1310/1586/1722
f 1332/1613/1757 493/702/1751 1329/1609/1754 2065/2371/1758
f 2065/2371/1758 1329/1609/1754 491/697/722 1333/1614/816
f 1310/1586/1722 2065/2371/1758 1333/1614/816 477/678/435
f 495/704/800 1335/1616/799 2066/2372/1759 1334/1615/1760
f 1335/1616/799 486/690/737 1319/1596/1736 2066/2372/1759
f 2066/2372/1759 1319/1596/1736 487/691/1740 1336/1617/1761
f 1334/1615/1760 2066/2372/1759 1336/1617/1761 496/706/1762
f 496/705/1763 1336/1618/1764 2067/2373/1765 1337/1619/1766
f 1336/1618/1764 487/692/1741 1323/1601/1744 2067/2373/1765
f 2067/2373/1765 1323/1601/1744 485/689/685 1338/1620/684
f 1337/1619/1766 2067/2373/1765 1338/1620/684 494/703/683
f 494/703/683 1339/1621/726 2068/2374/1767 1337/1619/1766
f 1339/1621/726 480/682/643 1312/1588/1724 2068/2374/1767
f 2068/2374/1767 1312/1588/1724 481/683/1728 1340/1622/1768
f 1337/1619/1766 2068/2374/1767 1340/1622/1768 496/705/1763
f 496/706/1762 1340/1623/1769 2069/2375/1770 1334/1615/1760
f 1340/1623/1769 481/684/1729 1316/1593/1732 2069/2375/1770
f 2069/2375/1770 1316/1593/1732 479/681/794 1341/1624/813
f 1334/1615/1760 2069/2375/1770 1341/1624/813 495/704/800
f 488/693/735 1342/1625/791 2070/2376/1771 1321/1598/1737
f 1342/1625/791 474/674/466 1305/1580/1712 2070/2376/1771
f 2070/2376/1771 1305/1580/1712 475/675/1716 1343/1626/1772
f 1321/1598/1737 2070/2376/1771 1343/1626/1772 490/695/1738
f 490/696/1745 1343/1627/1773 2071/2377/1774 1324/1602/1746
f 1343/1627/1773 475/676/1717 1309/1585/1720 2071/2377/1774
f 2071/2377/1774 1309/1585/1720 473/673/433 1344/1628/741
f 1324/1602/1746 2071/2377/1774 1344/1628/741 489/694/730
f 498/708/429 1346/1630/432 2072/2378/1775 1345/1629/1776
f 1346/1630/432 500/710/437 1347/1631/1777 2072/2378/1775
f 2072/2378/1775 1347/1631/1777 502/712/1778 1348/1632/1779
f 1345/1629/1776 2072/2378/1775 1348/1632/1779 499/709/1686
f 499/709/1686 1348/1632/1779 2073/2379/1780 1349/1633/1781
f 1348/1632/1779 502/712/1778 1350/1634/1782 2073/2379/1780
f 2073/2379/1780 1350/1634/1782 501/711/811 1351/1635/428
f 1349/1633/1781 2073/2379/1780 1351/1635/428 497/707/810
f 504/714/327 1353/1637/326 2074/2380/326 1352/1636/327
f 1353/1637/326 506/716/823 1354/1638/1783 2074/2380/326
f 2074/2380/326 1354/1638/1783 508/718/1784 1355/1639/1785
f 1352/1636/327 2074/2380/326 1355/1639/1785 505/715/1786
f 505/715/1786 1355/1639/1785 2075/2381/1787 1356/1640/1788
f 1355/1639/1785 508/718/1784 1357/1641/1789 2075/2381/1787
f 2075/2381/1787 1357/1641/1789 507/717/637 1358/1642/640
f 1356/1640/1788 2075/2381/1787 1358/1642/640 503/713/645
f 510/720/687 1360/1644/728 2076/2382/1790 1359/1643/1791
f 1360/1644/728 512/722/732 1361/1645/1792 2076/2382/1790
f 2076/2382/1790 1361/1645/1792 514/724/1793 1362/1646/1794
f 1359/1643/1791 2076/2382/1790 1362/1646/1794 511/721/1795
f 511/721/1795 1362/1646/1794 2077/2383/1796 1363/1647/1797
f 1362/1646/1794 514/724/1793 1364/1648/1798 2077/2383/1796
f 2077/2383/1796 1364/1648/1798 513/723/818 1365/1649/323
f 1363/1647/1797 2077/2383/1796 1365/1649/323 509/719/438
f 516/726/718 1367/1651/721 2078/2384/1799 1366/1650/1800
f 1367/1651/721 507/717/637 1357/1641/1789 2078/2384/1799
f 2078/2384/1799 1357/1641/1789 508/718/1784 1368/1652/1801
f 1366/1650/1800 2078/2384/1799 1368/1652/1801 517/727/1802
f 517/727/1802 1368/1652/1801 2079/2385/1803 1369/1653/1804
f 1368/1652/1801 508/718/1784 1354/1638/1783 2079/2385/1803
f 2079/2385/1803 1354/1638/1783 506/716/823 1370/1654/834
f 1369/1653/1804 2079/2385/1803 1370/1654/834 515/725/822
f 500/710/437 1371/1655/815 2080/2386/1805 1347/1631/1777
f 1371/1655/815 516/726/718 1366/1650/1800 2080/2386/1805
f 2080/2386/1805 1366/1650/1800 517/727/1802 1372/1656/1806
f 1347/1631/1777 2080/2386/1805 1372/1656/1806 502/712/1778
f 502/712/1778 1372/1656/1806 2081/2387/1807 1350/1634/1782
f 1372/1656/1806 517/727/1802 1369/1653/1804 2081/2387/1807
f 2081/2387/1807 1369/1653/1804 515/725/822 1373/1657/836
f 1350/1634/1782 2081/2387/1807 1373/1657/836 501/711/811
f 519/729/679 1375/1659/682 2082/2388/1808 1374/1658/1809
f 1375/1659/682 510/720/687 1359/1643/1791 2082/2388/1808
f 2082/2388/1808 1359/1643/1791 511/721/1795 1376/1660/1810
f 1374/1658/1809 2082/2388/1808 1376/1660/1810 520/730/1811
f 520/730/1811 1376/1660/1810 2083/2389/1812 1377/1661/1813
f 1376/1660/1810 511/721/1795 1363/1647/1797 2083/2389/1812
f 2083/2389/1812 1363/1647/1797 509/719/438 1378/1662/438
f 1377/1661/1813 2083/2389/1812 1378/1662/438 518/728/426
f 518/728/426 1379/1663/821 2084/2390/821 1377/1661/1813
f 1379/1663/821 504/714/327 1352/1636/327 2084/2390/821
f 2084/2390/821 1352/1636/327 505/715/1786 1380/1664/1814
f 1377/1661/1813 2084/2390/821 1380/1664/1814 520/730/1811
f 520/730/1811 1380/1664/1814 2085/2391/1815 1374/1658/1809
f 1380/1664/1814 505/715/1786 1356/1640/1788 2085/2391/1815
f 2085/2391/1815 1356/1640/1788 503/713/645 1381/1665/725
f 1374/1658/1809 2085/2391/1815 1381/1665/725 519/729/679
f 512/722/732 1382/1666/740 2086/2392/1816 1361/1645/1792
f 1382/1666/740 498/708/429 1345/1629/1776 2086/2392/1816
f 2086/2392/1816 1345/1629/1776 499/709/1686 1383/1667/1707
f 1361/1645/1792 2086/2392/1816 1383/1667/1707 514/724/1793
f 514/724/1793 1383/1667/1707 2087/2393/1817 1364/1648/1798
f 1383/1667/1707 499/709/1686 1349/1633/1781 2087/2393/1817
f 2087/2393/1817 1349/1633/1781 497/707/810 1384/1668/819
f 1364/1648/1798 2087/2393/1817 1384/1668/819 513/723/818
f 522/732/859 1386/1670/858 2088/2394/1818 1385/1669/1819
f 1386/1670/858 524/735/857 1387/1671/1820 2088/2394/1818
f 2088/2394/1818 1387/1671/1820 526/737/1821 1388/1672/1822
f 1385/1669/1819 2088/2394/1818 1388/1672/1822 523/733/1823
f 523/734/1824 1388/1673/1825 2089/2395/1826 1389/1674/1827
f 1388/1673/1825 526/738/1828 1390/1675/1829 2089/2395/1826
f 2089/2395/1826 1390/1675/1829 525/736/830 1391/1676/829
f 1389/1674/1827 2089/2395/1826 1391/1676/829 521/731/828
f 528/740/1040 1393/1678/1039 2090/2396/1830 1392/1677/1831
f 1393/1678/1039 530/743/1038 1394/1679/1832 2090/2396/1830
f 2090/2396/1830 1394/1679/1832 532/746/1833 1395/1680/1834
f 1392/1677/1831 2090/2396/1830 1395/1680/1834 529/741/1835
f 529/742/1836 1395/1681/1837 2091/2397/1838 1396/1682/1839
f 1395/1681/1837 532/745/1840 1397/1683/1841 2091/2397/1838
f 2091/2397/1838 1397/1683/1841 531/744/1195 1398/1684/1194
f 1396/1682/1839 2091/2397/1838 1398/1684/1194 527/739/1193
f 534/748/1136 1400/1686/1135 2092/2398/1842 1399/1685/1843
f 1400/1686/1135 536/751/1134 1401/1687/1844 2092/2398/1842
f 2092/2398/1842 1401/1687/1844 538/753/1845 1402/1688/1846
f 1399/1685/1843 2092/2398/1842 1402/1688/1846 535/749/1847
f 535/750/1848 1402/1689/1849 2093/2399/1850 1403/1690/1851
f 1402/1689/1849 538/754/1852 1404/1691/1853 2093/2399/1850
f 2093/2399/1850 1404/1691/1853 537/752/1129 1405/1692/1128
f 1403/1690/1851 2093/2399/1850 1405/1692/1128 533/747/1082
f 540/756/1203 1407/1695/1202 2094/2400/1854 1406/1693/1855
f 1407/1695/1202 531/744/1195 1397/1683/1841 2094/2400/1854
f 2094/2400/1854 1397/1683/1841 532/745/1840 1408/1696/1856
f 1406/1693/1855 2094/2400/1854 1408/1696/1856 541/758/1857
f 541/760/1858 1408/1697/1859 2095/2401/1860 1409/1698/1861
f 1408/1697/1859 532/746/1833 1394/1679/1832 2095/2401/1860
f 2095/2401/1860 1394/1679/1832 530/743/1038 1410/1699/1122
f 1409/1698/1861 2095/2401/1860 1410/1699/1122 539/755/1121
f 524/735/857 1411/1700/1206 2096/2402/1862 1387/1671/1820
f 1411/1700/1206 540/757/1203 1406/1694/1855 2096/2402/1862
f 2096/2402/1862 1406/1694/1855 541/759/1857 1412/1701/1863
f 1387/1671/1820 2096/2402/1862 1412/1701/1863 526/737/1821
f 526/738/1828 1412/1702/1864 2097/2403/1865 1390/1675/1829
f 1412/1702/1864 541/760/1858 1409/1698/1861 2097/2403/1865
f 2097/2403/1865 1409/1698/1861 539/755/1121 1413/1703/1211
f 1390/1675/1829 2097/2403/1865 1413/1703/1211 525/736/830
f 543/762/1199 1415/1705/1198 2098/2404/1866 1414/1704/1867
f 1415/1705/1198 534/748/1136 1399/1685/1843 2098/2404/1866
f 2098/2404/1866 1399/1685/1843 535/749/1847 1416/1706/1868
f 1414/1704/1867 2098/2404/1866 1416/1706/1868 544/764/1869
f 544/763/1870 1416/1707/1871 2099/2405/1872 1417/1708/1873
f 1416/1707/1871 535/750/1848 1403/1690/1851 2099/2405/1872
f 2099/2405/1872 1403/1690/1851 533/747/1082 1418/1709/1081
f 1417/1708/1873 2099/2405/1872 1418/1709/1081 542/761/1080
f 542/761/1080 1419/1710/1125 2100/2406/1874 1417/1708/1873
f 1419/1710/1125 528/740/1040 1392/1677/1831 2100/2406/1874
f 2100/2406/1874 1392/1677/1831 529/741/1835 1420/1711/1875
f 1417/1708/1873 2100/2406/1874 1420/1711/1875 544/763/1870
f 544/764/1869 1420/1712/1876 2101/2407/1877 1414/1704/1867
f 1420/1712/1876 529/742/1836 1396/1682/1839 2101/2407/1877
f 2101/2407/1877 1396/1682/1839 527/739/1193 1421/1713/1208
f 1414/1704/1867 2101/2407/1877 1421/1713/1208 543/762/1199
f 536/751/1134 1422/1714/1190 2102/2408/1878 1401/1687/1844
f 1422/1714/1190 522/732/859 1385/1669/1819 2102/2408/1878
f 2102/2408/1878 1385/1669/1819 523/733/1823 1423/1715/1879
f 1401/1687/1844 2102/2408/1878 1423/1715/1879 538/753/1845
f 538/754/1852 1423/1716/1880 2103/2409/1881 1404/1691/1853
f 1423/1716/1880 523/734/1824 1389/1674/1827 2103/2409/1881
f 2103/2409/1881 1389/1674/1827 521/731/828 1424/1717/1140
f 1404/1691/1853 2103/2409/1881 1424/1717/1140 537/752/1129
f 546/766/824 1426/1719/827 2104/2410/1882 1425/1718/1883
f 1426/1719/827 548/768/832 1427/1720/1884 2104/2410/1882
f 2104/2410/1882 1427/1720/1884 550/770/1885 1428/1721/1815
f 1425/1718/1883 2104/2410/1882 1428/1721/1815 547/767/1886
f 547/767/1886 1428/1721/1815 2105/2411/1887 1429/1722/1888
f 1428/1721/1815 550/770/1885 1430/1723/1889 2105/2411/1887
f 2105/2411/1887 1430/1723/1889 549/769/414 1431/1724/413
f 1429/1722/1888 2105/2411/1887 1431/1724/413 545/765/821
f 552/772/1214 1433/1726/1217 2106/2412/1217 1432/1725/1214
f 1433/1726/1217 554/774/418 1434/1727/1890 2106/2412/1217
f 2106/2412/1217 1434/1727/1890 556/776/1891 1435/1728/1892
f 1432/1725/1214 2106/2412/1217 1435/1728/1892 553/773/1893
f 553/773/1893 1435/1728/1892 2107/2413/1707 1436/1729/1686
f 1435/1728/1892 556/776/1891 1437/1730/1894 2107/2413/1707
f 2107/2413/1707 1437/1730/1894 555/775/1034 1438/1731/1037
f 1436/1729/1686 2107/2413/1707 1438/1731/1037 551/771/1042
f 558/778/1084 1440/1733/1127 2108/2414/1895 1439/1732/1800
f 1440/1733/1127 560/780/1131 1441/1734/1896 2108/2414/1895
f 2108/2414/1895 1441/1734/1896 562/782/1897 1442/1735/1898
f 1439/1732/1800 2108/2414/1895 1442/1735/1898 559/779/1802
f 559/779/1802 1442/1735/1898 2109/2415/1803 1443/1736/1804
f 1442/1735/1898 562/782/1897 1444/1737/1899 2109/2415/1803
f 2109/2415/1803 1444/1737/1899 561/781/1212 1445/1738/443
f 1443/1736/1804 2109/2415/1803 1445/1738/443 557/777/440
f 564/784/1117 1447/1740/1120 2110/2416/1900 1446/1739/1791
f 1447/1740/1120 555/775/1034 1437/1730/1894 2110/2416/1900
f 2110/2416/1900 1437/1730/1894 556/776/1891 1448/1741/1794
f 1446/1739/1791 2110/2416/1900 1448/1741/1794 565/785/1795
f 565/785/1795 1448/1741/1794 2111/2417/1796 1449/1742/1797
f 1448/1741/1794 556/776/1891 1434/1727/1890 2111/2417/1796
f 2111/2417/1796 1434/1727/1890 554/774/418 1450/1743/423
f 1449/1742/1797 2111/2417/1796 1450/1743/423 563/783/422
f 548/768/832 1451/1744/1210 2112/2418/1901 1427/1720/1884
f 1451/1744/1210 564/784/1117 1446/1739/1791 2112/2418/1901
f 2112/2418/1901 1446/1739/1791 565/785/1795 1452/1745/1902
f 1427/1720/1884 2112/2418/1901 1452/1745/1902 550/770/1885
f 550/770/1885 1452/1745/1902 2113/2419/1812 1430/1723/1889
f 1452/1745/1902 565/785/1795 1449/1742/1797 2113/2419/1812
f 2113/2419/1812 1449/1742/1797 563/783/422 1453/1746/425
f 1430/1723/1889 2113/2419/1812 1453/1746/425 549/769/414
f 567/787/1076 1455/1748/1079 2114/2420/1903 1454/1747/1904
f 1455/1748/1079 558/778/1084 1439/1732/1800 2114/2420/1903
f 2114/2420/1903 1439/1732/1800 559/779/1802 1456/1749/1806
f 1454/1747/1904 2114/2420/1903 1456/1749/1806 568/788/1905
f 568/788/1905 1456/1749/1806 2115/2421/1807 1457/1750/1906
f 1456/1749/1806 559/779/1802 1443/1736/1804 2115/2421/1807
f 2115/2421/1807 1443/1736/1804 557/777/440 1458/1751/440
f 1457/1750/1906 2115/2421/1807 1458/1751/440 566/786/412
f 566/786/412 1459/1752/810 2116/2422/810 1457/1750/1906
f 1459/1752/810 552/772/1214 1432/1725/1214 2116/2422/810
f 2116/2422/810 1432/1725/1214 553/773/1893 1460/1753/1907
f 1457/1750/1906 2116/2422/810 1460/1753/1907 568/788/1905
f 568/788/1905 1460/1753/1907 2117/2423/1908 1454/1747/1904
f 1460/1753/1907 553/773/1893 1436/1729/1686 2117/2423/1908
f 2117/2423/1908 1436/1729/1686 551/771/1042 1461/1754/1124
f 1454/1747/1904 2117/2423/1908 1461/1754/1124 567/787/1076
f 560/780/1131 1462/1755/1139 2118/2424/1706 1441/1734/1896
f 1462/1755/1139 546/766/824 1425/1718/1883 2118/2424/1706
f 2118/2424/1706 1425/1718/1883 547/767/1886 1463/1756/1909
f 1441/1734/1896 2118/2424/1706 1463/1756/1909 562/782/1897
f 562/782/1897 1463/1756/1909 2119/2425/1910 1444/1737/1899
f 1463/1756/1909 547/767/1886 1429/1722/1888 2119/2425/1910
f 2119/2425/1910 1429/1722/1888 545/765/821 1464/1757/415
f 1444/1737/1899 2119/2425/1910 1464/1757/415 561/781/1212
f 570/790/1226 1466/1759/1225 2120/2426/1911 1465/1758/1912
f 1466/1759/1225 572/793/1224 1467/1760/1913 2120/2426/1911
f 2120/2426/1911 1467/1760/1913 574/795/1914 1468/1761/1915
f 1465/1758/1912 2120/2426/1911 1468/1761/1915 571/791/1916
f 571/792/1917 1468/1762/1918 2121/2427/1919 1469/1763/1920
f 1468/1762/1918 574/796/1921 1470/1764/1922 2121/2427/1919
f 2121/2427/1919 1470/1764/1922 573/794/1570 1471/1765/1569
f 1469/1763/1920 2121/2427/1919 1471/1765/1569 569/789/1568
f 576/798/1505 1473/1767/1504 2122/2428/1923 1472/1766/1924
f 1473/1767/1504 578/801/1503 1474/1768/1925 2122/2428/1923
f 2122/2428/1923 1474/1768/1925 580/804/1926 1475/1769/1927
f 1472/1766/1924 2122/2428/1923 1475/1769/1927 577/799/1928
f 577/800/1929 1475/1770/1930 2123/2429/1931 1476/1771/1932
f 1475/1770/1930 580/803/1933 1477/1772/1934 2123/2429/1931
f 2123/2429/1931 1477/1772/1934 579/802/1424 1478/1773/1423
f 1476/1771/1932 2123/2429/1931 1478/1773/1423 575/797/1422
f 582/806/1464 1480/1775/1514 2124/2430/1935 1479/1774/1936
f 1480/1775/1514 584/809/1513 1481/1776/1937 2124/2430/1935
f 2124/2430/1935 1481/1776/1937 586/811/1938 1482/1777/1939
f 1479/1774/1936 2124/2430/1935 1482/1777/1939 583/807/1940
f 583/808/1941 1482/1778/1942 2125/2431/1943 1483/1779/1944
f 1482/1778/1942 586/812/1945 1484/1780/1946 2125/2431/1943
f 2125/2431/1943 1484/1780/1946 585/810/1580 1485/1781/1579
f 1483/1779/1944 2125/2431/1943 1485/1781/1579 581/805/1578
f 588/815/1248 1487/1783/1590 2126/2432/1947 1486/1782/1948
f 1487/1783/1590 579/802/1424 1477/1772/1934 2126/2432/1947
f 2126/2432/1947 1477/1772/1934 580/803/1933 1488/1784/1949
f 1486/1782/1948 2126/2432/1947 1488/1784/1949 589/817/1950
f 589/816/1951 1488/1785/1952 2127/2433/1953 1489/1786/1954
f 1488/1785/1952 580/804/1926 1474/1768/1925 2127/2433/1953
f 2127/2433/1953 1474/1768/1925 578/801/1503 1490/1788/1583
f 1489/1786/1954 2127/2433/1953 1490/1788/1583 587/813/1582
f 572/793/1224 1491/1789/1249 2128/2434/1955 1467/1760/1913
f 1491/1789/1249 588/815/1248 1486/1782/1948 2128/2434/1955
f 2128/2434/1955 1486/1782/1948 589/817/1950 1492/1790/1956
f 1467/1760/1913 2128/2434/1955 1492/1790/1956 574/795/1914
f 574/796/1921 1492/1791/1957 2129/2435/1958 1470/1764/1922
f 1492/1791/1957 589/818/1951 1489/1787/1954 2129/2435/1958
f 2129/2435/1958 1489/1787/1954 587/814/1582 1493/1792/1585
f 1470/1764/1922 2129/2435/1958 1493/1792/1585 573/794/1570
f 591/820/1466 1495/1794/1465 2130/2436/1959 1494/1793/1960
f 1495/1794/1465 582/806/1464 1479/1774/1936 2130/2436/1959
f 2130/2436/1959 1479/1774/1936 583/807/1940 1496/1795/1961
f 1494/1793/1960 2130/2436/1959 1496/1795/1961 592/822/1962
f 592/821/1963 1496/1796/1964 2131/2437/1965 1497/1797/1966
f 1496/1796/1964 583/808/1941 1483/1779/1944 2131/2437/1965
f 2131/2437/1965 1483/1779/1944 581/805/1578 1498/1798/1587
f 1497/1797/1966 2131/2437/1965 1498/1798/1587 590/819/1574
f 590/819/1574 1499/1799/1573 2132/2438/1967 1497/1797/1966
f 1499/1799/1573 576/798/1505 1472/1766/1924 2132/2438/1967
f 2132/2438/1967 1472/1766/1924 577/799/1928 1500/1800/1968
f 1497/1797/1966 2132/2438/1967 1500/1800/1968 592/821/1963
f 592/822/1962 1500/1801/1969 2133/2439/1970 1494/1793/1960
f 1500/1801/1969 577/800/1929 1476/1771/1932 2133/2439/1970
f 2133/2439/1970 1476/1771/1932 575/797/1422 1501/1802/1508
f 1494/1793/1960 2133/2439/1970 1501/1802/1508 591/820/1466
f 584/809/1513 1502/1803/1517 2134/2440/1971 1481/1776/1937
f 1502/1803/1517 570/790/1226 1465/1758/1912 2134/2440/1971
f 2134/2440/1971 1465/1758/1912 571/791/1916 1503/1804/1972
f 1481/1776/1937 2134/2440/1971 1503/1804/1972 586/811/1938
f 586/812/1945 1503/1805/1973 2135/2441/1974 1484/1780/1946
f 1503/1805/1973 571/792/1917 1469/1763/1920 2135/2441/1974
f 2135/2441/1974 1469/1763/1920 569/789/1568 1504/1806/1592
f 1484/1780/1946 2135/2441/1974 1504/1806/1592 585/810/1580
f 594/824/1214 1506/1808/1217 2136/2442/1217 1505/1807/325
f 1506/1808/1217 596/826/1217 1507/1809/419 2136/2442/1217
f 2136/2442/1217 1507/1809/419 598/828/1975 1508/1810/1976
f 1505/1807/325 2136/2442/1217 1508/1810/1976 595/825/1977
f 595/825/1977 1508/1810/1976 2137/2443/1216 1509/1811/1978
f 1508/1810/1976 598/828/1975 1510/1812/1979 2137/2443/1216
f 2137/2443/1216 1510/1812/1979 597/827/1222 1511/1813/1219
f 1509/1811/1978 2137/2443/1216 1511/1813/1219 593/823/1218
f 600/830/1420 1513/1815/1417 2138/2444/1980 1512/1814/1981
f 1513/1815/1417 602/832/1416 1514/1816/822 2138/2444/1980
f 2138/2444/1980 1514/1816/822 604/834/1982 1515/1817/1983
f 1512/1814/1981 2138/2444/1980 1515/1817/1983 601/831/1788
f 601/831/1788 1515/1817/1983 2139/2445/1984 1516/1818/1985
f 1515/1817/1983 604/834/1982 1517/1819/1986 2139/2445/1984
f 2139/2445/1984 1517/1819/1986 603/833/413 1518/1820/1215
f 1516/1818/1985 2139/2445/1984 1518/1820/1215 599/829/417
f 606/836/822 1520/1822/836 2140/2446/440 1519/1821/420
f 1520/1822/836 608/838/811 1521/1823/412 2140/2446/440
f 2140/2446/440 1521/1823/412 610/840/1987 1522/1824/1988
f 1519/1821/420 2140/2446/440 1522/1824/1988 607/837/1697
f 607/837/1697 1522/1824/1988 2141/2447/1989 1523/1825/1699
f 1522/1824/1988 610/840/1987 1524/1826/1990 2141/2447/1989
f 2141/2447/1989 1524/1826/1990 609/839/1511 1525/1827/1509
f 1523/1825/1699 2141/2447/1989 1525/1827/1509 605/835/1462
f 612/842/1595 1527/1829/438 2142/2448/1213 1526/1828/439
f 1527/1829/438 603/833/413 1517/1819/1986 2142/2448/1213
f 2142/2448/1213 1517/1819/1986 604/834/1982 1528/1830/1991
f 1526/1828/439 2142/2448/1213 1528/1830/1991 613/843/1692
f 613/843/1692 1528/1830/1991 2143/2449/1992 1529/1831/1694
f 1528/1830/1991 604/834/1982 1514/1816/822 2143/2449/1992
f 2143/2449/1992 1514/1816/822 602/832/1416 1530/1832/1588
f 1529/1831/1694 2143/2449/1992 1530/1832/1588 611/841/1246
f 596/826/1217 1531/1833/323 2144/2450/323 1507/1809/419
f 1531/1833/323 612/842/1595 1526/1828/439 2144/2450/323
f 2144/2450/323 1526/1828/439 613/843/1692 1532/1834/1993
f 1507/1809/419 2144/2450/323 1532/1834/1993 598/828/1975
f 598/828/1975 1532/1834/1993 2145/2451/1705 1510/1812/1979
f 1532/1834/1993 613/843/1692 1529/1831/1694 2145/2451/1705
f 2145/2451/1705 1529/1831/1694 611/841/1246 1533/1835/1244
f 1510/1812/1979 2145/2451/1705 1533/1835/1244 597/827/1222
f 615/845/823 1535/1837/834 2146/2452/443 1534/1836/1994
f 1535/1837/834 606/836/822 1519/1821/420 2146/2452/443
f 2146/2452/443 1519/1821/420 607/837/1697 1536/1838/1995
f 1534/1836/1994 2146/2452/443 1536/1838/1995 616/846/1996
f 616/846/1996 1536/1838/1995 2147/2453/1997 1537/1839/422
f 1536/1838/1995 607/837/1697 1523/1825/1699 2147/2453/1997
f 2147/2453/1997 1523/1825/1699 605/835/1462 1538/1840/1459
f 1537/1839/422 2147/2453/1997 1538/1840/1459 614/844/1458
f 614/844/1458 1539/1841/1506 2148/2454/1816 1537/1839/422
f 1539/1841/1506 600/830/1420 1512/1814/1981 2148/2454/1816
f 2148/2454/1816 1512/1814/1981 601/831/1788 1540/1842/1909
f 1537/1839/422 2148/2454/1816 1540/1842/1909 616/846/1996
f 616/846/1996 1540/1842/1909 2149/2455/1910 1534/1836/1994
f 1540/1842/1909 601/831/1788 1516/1818/1985 2149/2455/1910
f 2149/2455/1910 1516/1818/1985 599/829/417 1541/1843/817
f 1534/1836/1994 2149/2455/1910 1541/1843/817 615/845/823
f 608/838/811 1542/1844/428 2150/2456/810 1521/1823/412
f 1542/1844/428 594/824/1214 1505/1807/325 2150/2456/810
f 2150/2456/810 1505/1807/325 595/825/1977 1543/1845/1998
f 1521/1823/412 2150/2456/810 1543/1845/1998 610/840/1987
f 610/840/1987 1543/1845/1998 2151/2457/1999 1524/1826/1990
f 1543/1845/1998 595/825/1977 1509/1811/1978 2151/2457/1999
f 2151/2457/1999 1509/1811/1978 593/823/1218 1544/1846/1515
f 1524/1826/1990 2151/2457/1999 1544/1846/1515 609/839/1511
f 449/649/330 1271/1546/1681 2152/2458/2000 1545/1847/331
f 1271/1546/1681 453/653/40 1546/1848/43 2152/2458/2000
f 2152/2458/2000 1546/1848/43 428/619/48 1226/1492/1611
f 1545/1847/331 2152/2458/2000 1226/1492/1611 426/616/332
f 2241/2578/2001 2391/2788/2002 2295/2660/2003 2160/2470/2004
f 2162/2473/2005 2311/2681/2006 2292/2656/2007 2250/2590/2008
f 2174/2489/2009 2320/2693/2010 2335/2713/2011 2243/2581/2012
f 2244/2582/2013 2235/2570/2014 2246/2585/2015 2175/2490/2016
f 2183/2501/2017 2262/2609/2018 2258/2601/2019
f 2199/2522/2020 2195/2517/2021 2192/2513/2022 2202/2526/2023
f 2193/2514/2024 2349/2732/2025 2346/2728/2026 2190/2510/2027
f 2252/2593/2028 2323/2697/2029 2373/2764/2030 2220/2550/2031
f 2256/2598/2032 2253/2594/2033 2219/2549/2034 2222/2553/2035
f 2220/2550/2031 2373/2764/2030 2370/2760/2036 2217/2546/2037
f 2210/2537/2038 2365/2753/2039 2398/2799/2040 2261/2607/2041
f 2168/2481/2042 2163/2474/2043 2249/2589/2044 2159/2469/2045
f 2234/2569/2046 2389/2785/2047 2316/2688/2048 2247/2586/2049
f 2165/2477/2050 2305/2673/2051 2344/2725/2052 2207/2533/2053
f 2247/2586/2049 2316/2688/2048 2325/2700/2054 2172/2486/2055
f 2450/2884/2056 2460/2897/2057 2404/2812/2058 2269/2622/2059
f 2259/2602/2060 2394/2792/2061 2340/2720/2062 2184/2502/2063
f 2275/2633/2064 2413/2827/2065 2358/2744/2066 2196/2518/2067
f 2278/2637/2068 2301/2668/2069 2413/2827/2065 2275/2633/2064
f 2159/2469/2045 2249/2589/2044 2238/2574/2070 2240/2577/2071
f 2196/2518/2067 2358/2744/2066 2349/2732/2025 2193/2514/2024
f 2392/2789/2072 2334/2712/2073 2388/2784/2074 2298/2664/2075
f 2343/2724/2076 2304/2672/2077 2314/2685/2078 2332/2709/2079
f 2329/2705/2080 2376/2768/2081 2322/2696/2082 2326/2701/2083
f 2334/2712/2073 2319/2692/2084 2317/2689/2085 2388/2784/2074
f 2386/2781/2086 2337/2716/2087 2364/2752/2088 2368/2757/2089
f 2361/2748/2090 2352/2736/2091 2350/2733/2092 2359/2745/2093
f 2337/2716/2087 2341/2721/2094 2397/2798/2095 2364/2752/2088
f 2356/2741/2096 2343/2724/2076 2332/2709/2079 2347/2729/2097
f 2395/2794/2098 2469/2909/2099 2462/2899/2100 2397/2798/2095
f 2380/2773/2101 2383/2777/2102 2371/2761/2103 2374/2765/2104
f 2341/2721/2094 2395/2794/2098 2397/2798/2095
f 2308/2677/2105 2296/2661/2106 2293/2657/2107 2310/2680/2108
f 2410/2823/2109 2416/2831/2110 2414/2828/2111 2302/2669/2112
f 2319/2692/2084 2329/2705/2080 2326/2701/2083 2317/2689/2085
f 2376/2768/2081 2380/2773/2101 2374/2765/2104 2322/2696/2082
f 2468/2908/2113 2484/2927/2114 2435/2860/2115 2400/2805/2116
f 2352/2736/2091 2356/2741/2096 2347/2729/2097 2350/2733/2092
f 2383/2777/2102 2386/2781/2086 2368/2757/2089 2371/2761/2103
f 2304/2672/2077 2308/2677/2105 2310/2680/2108 2314/2685/2078
f 2289/2652/2117 2154/2460/2118 2474/2914/2119 2488/2931/2120
f 2416/2831/2110 2361/2748/2090 2359/2745/2093 2414/2828/2111
f 2178/2494/2121 2313/2684/2122 2311/2681/2006 2162/2473/2005
f 2287/2649/2123 2290/2653/2124 2487/2930/2125 2483/2926/2126
f 2284/2645/2127 2277/2636/2128 2274/2632/2129 2281/2641/2130
f 2175/2490/2016 2246/2585/2015 2171/2485/2131 2180/2497/2132
f 2240/2577/2071 2238/2574/2070 2235/2570/2014 2244/2582/2013
f 2457/2894/9 2447/2881/2133 2268/2621/2134 2265/2616/2135
f 2160/2470/2004 2295/2660/2003 2307/2676/2136 2169/2482/2137
f 2228/2561/2138 2213/2541/2139 2211/2538/2140 2232/2566/2141
f 2217/2546/2037 2370/2760/2036 2367/2756/2142 2214/2542/2143
f 2187/2506/2144 2331/2708/2145 2313/2684/2122 2178/2494/2121
f 2258/2601/2019 2262/2609/2018 2448/2882/2146 2456/2893/2147
f 2225/2557/2148 2216/2545/2149 2213/2541/2139 2228/2561/2138
f 2255/2597/2150 2377/2769/2151 2328/2704/2152 2181/2498/2153
f 2222/2553/2035 2219/2549/2034 2216/2545/2149 2225/2557/2148
f 2190/2510/2027 2346/2728/2026 2331/2708/2145 2187/2506/2144
f 2181/2498/2153 2328/2704/2152 2320/2693/2010 2174/2489/2009
f 2484/2927/2114 2486/2929/2154 2440/2869/2155 2435/2860/2115
f 2226/2558/2156 2382/2776/2157 2379/2772/2158 2223/2554/2159
f 2281/2641/2130 2274/2632/2129 2195/2517/2021 2199/2522/2020
f 2232/2566/2141 2211/2538/2140 2262/2609/2018 2183/2501/2017
f 2229/2562/2160 2385/2780/2161 2382/2776/2157 2226/2558/2156
f 2395/2794/2098 2287/2649/2123 2483/2926/2126 2469/2909/2099
f 2172/2486/2055 2325/2700/2054 2323/2697/2029 2252/2593/2028
f 2250/2590/2008 2292/2656/2007 2299/2665/2162 2237/2573/2163
f 2243/2581/2012 2335/2713/2011 2391/2788/2002 2241/2578/2001
f 2231/2565/2164 2338/2717/2165 2385/2780/2161 2229/2562/2160
f 2204/2529/2166 2189/2509/2167 2186/2505/2168 2208/2534/2169
f 2169/2482/2137 2307/2676/2136 2305/2673/2051 2165/2477/2050
f 2157/2464/2170 2258/2601/2019 2456/2893/2147 2480/2923/2171
f 2237/2573/2163 2299/2665/2162 2389/2785/2047 2234/2569/2046
f 2202/2526/2023 2192/2513/2022 2189/2509/2167 2204/2529/2166
f 2223/2554/2159 2379/2772/2158 2377/2769/2151 2255/2597/2150
f 2208/2534/2169 2186/2505/2168 2177/2493/2172 2166/2478/2173
f 2198/2521/2174 2362/2749/2175 2417/2832/2176 2280/2640/2177
f 2207/2533/2053 2344/2725/2052 2355/2740/2178 2205/2530/2179
f 2184/2502/2063 2340/2720/2062 2338/2717/2165 2231/2565/2164
f 2166/2478/2173 2177/2493/2172 2163/2474/2043 2168/2481/2042
f 2205/2530/2179 2355/2740/2178 2353/2737/2180 2201/2525/2181
f 2214/2542/2143 2367/2756/2142 2365/2753/2039 2210/2537/2038
f 2201/2525/2181 2353/2737/2180 2362/2749/2175 2198/2521/2174
f 2180/2497/2132 2171/2485/2131 2253/2594/2033 2256/2598/2032
f 2280/2640/2177 2417/2832/2176 2411/2824/2182 2283/2644/2183
f 2401/2807/2184 2434/2859/2185 2428/2849/2186 2264/2615/2187
f 2157/2464/2170 2153/2459/2188 2277/2636/2128 2284/2645/2127
f 2496/2942/2189 2813/3393/2190 2823/3406/2191 2498/2945/2192
f 2442/2871/2193 2420/2836/2194 2426/2847/2195 2433/2858/2196
f 2472/2912/2197 2481/2924/9 2427/2848/2198 2419/2835/2199
f 2489/2932/2200 2473/2913/2201 2421/2837/2202 2441/2870/2203
f 2481/2924/9 2457/2894/9 2265/2616/2135 2427/2848/2198
f 2283/2644/2183 2411/2824/2182 2286/2648/2204 2156/2463/2205
f 2296/2661/2106 2392/2789/2072 2298/2664/2075 2293/2657/2107
f 2287/2649/2123 2410/2823/2109 2302/2669/2112 2290/2653/2124
f 2154/2460/2118 2289/2652/2117 2301/2668/2069 2278/2637/2068
f 2156/2463/2205 2286/2648/2204 2394/2793/2061 2259/2603/2060
f 2267/2620/2206 2403/2811/2207 2401/2806/2184 2264/2614/2187
f 2468/2908/2113 2400/2805/2116 2405/2813/2208 2459/2896/2209
f 2261/2608/2041 2398/2800/2040 2461/2898/2210 2449/2883/2211
f 2501/2951/2212 2510/2963/2213 2650/3159/2214 2638/3143/2215
f 2505/2956/2216 2591/3071/2217 2635/3139/2218 2652/3162/2219
f 2517/2972/2220 2586/3064/2221 2676/3194/2222 2661/3174/2223
f 2523/2980/2224 2597/3079/2225 2594/3075/2226 2514/2968/2227
f 2526/2984/2228 2601/3085/2229 2603/3089/2230
f 2540/3003/2231 2543/3007/2232 2535/2996/2233 2538/3000/2234
f 2534/2995/2235 2531/2991/2236 2689/3211/2237 2692/3215/2238
f 2595/3076/2239 2561/3031/2240 2716/3247/2241 2664/3178/2242
f 2597/3079/2225 2565/3036/2243 2562/3032/2244 2594/3075/2226
f 2561/3031/2240 2558/3027/2245 2713/3243/2246 2716/3247/2241
f 2553/3020/2247 2604/3090/2248 2739/3280/2249 2706/3234/2250
f 2582/3059/2251 2501/2951/2212 2638/3143/2215 2734/3271/2252
f 2577/3052/2253 2588/3067/2254 2659/3171/2255 2730/3266/2256
f 2508/2960/2257 2550/3016/2258 2685/3206/2259 2646/3154/2260
f 2588/3067/2254 2513/2967/2261 2668/3183/2262 2659/3171/2255
f 2790/3364/2263 2610/3103/2264 2747/3295/2265 2804/3381/2266
f 2600/3083/2267 2525/2983/2268 2683/3203/2269 2737/3275/2270
f 2616/3114/2271 2537/2999/2272 2701/3227/2273 2756/3310/2274
f 2619/3118/2275 2616/3114/2271 2756/3310/2274 2644/3151/2276
f 2498/2945/2192 2823/3406/2191 2799/3376/2277 2601/3085/2229
f 2537/2999/2272 2534/2995/2235 2692/3215/2238 2701/3227/2273
f 2733/3270/2278 2641/3147/2279 2731/3267/2280 2677/3195/2281
f 2686/3207/2282 2673/3190/2283 2655/3166/2284 2647/3155/2285
f 2670/3186/2286 2667/3182/2287 2665/3179/2288 2719/3251/2289
f 2677/3195/2281 2731/3267/2280 2658/3170/2290 2662/3175/2291
f 2727/3262/2292 2709/3238/2293 2707/3235/2294 2680/3199/2295
f 2704/3231/2296 2700/3226/2297 2691/3214/2298 2695/3219/2299
f 2680/3199/2295 2707/3235/2294 2740/3282/2300 2682/3202/2301
f 2697/3222/2302 2688/3210/2303 2673/3190/2283 2686/3207/2282
f 2736/3274/2304 2740/3282/2300 2802/3379/2305 2810/3390/2306
f 2721/3254/2307 2715/3246/2308 2712/3242/2309 2724/3258/2310
f 2682/3202/2301 2740/3282/2300 2736/3274/2304
f 2649/3158/2311 2653/3163/2312 2634/3138/2313 2637/3142/2314
f 2753/3306/2315 2643/3150/2316 2755/3309/2317 2759/3314/2318
f 2662/3175/2291 2658/3170/2290 2667/3182/2287 2670/3186/2286
f 2719/3251/2289 2665/3179/2288 2715/3246/2308 2721/3254/2307
f 2811/3391/2319 2743/3289/2320 2775/3340/2321 2825/3408/2322
f 2695/3219/2299 2691/3214/2298 2688/3210/2303 2697/3222/2302
f 2724/3258/2310 2712/3242/2309 2709/3238/2293 2727/3262/2292
f 2647/3155/2285 2655/3166/2284 2653/3163/2312 2649/3158/2311
f 2632/3135/2323 2830/3413/2324 2814/3394/2325 2495/2941/2326
f 2759/3314/2318 2755/3309/2317 2700/3226/2297 2704/3231/2296
f 2519/2975/2327 2505/2956/2216 2652/3162/2219 2656/3167/2328
f 2628/3130/2329 2826/3409/2330 2831/3414/2331 2631/3134/2332
f 2625/3126/2333 2622/3122/2334 2617/3115/2335 2620/3119/2336
f 2585/3063/2337 2516/2971/2338 2589/3068/2339 2576/3051/2340
f 2583/3060/2341 2585/3063/2337 2576/3051/2340 2579/3055/2342
f 2798/3375/10 2606/3096/2343 2611/3104/2344 2789/3363/2345
f 2511/2964/2346 2502/2952/2347 2592/3072/2348 2504/2955/2349
f 2571/3044/2350 2573/3047/2351 2552/3019/2352 2556/3024/2353
f 2558/3027/2245 2555/3023/2354 2710/3239/2355 2713/3243/2246
f 2528/2987/2356 2519/2975/2327 2656/3167/2328 2674/3191/2357
f 2601/3085/2229 2799/3376/2277 2792/3366/2358 2603/3089/2230
f 2568/3040/2359 2571/3044/2350 2556/3024/2353 2559/3028/2360
f 2598/3080/2361 2522/2979/2362 2671/3187/2363 2718/3250/2364
f 2565/3036/2243 2568/3040/2359 2559/3028/2360 2562/3032/2244
f 2531/2991/2236 2528/2987/2356 2674/3191/2357 2689/3211/2237
f 2522/2979/2362 2517/2972/2220 2661/3174/2223 2671/3187/2363
f 2825/3408/2322 2775/3340/2321 2782/3351/2365 2828/3411/2366
f 2567/3039/2367 2564/3035/2368 2722/3255/2369 2725/3259/2370
f 2622/3122/2334 2540/3003/2231 2538/3000/2234 2617/3115/2335
f 2573/3047/2351 2526/2984/2228 2603/3089/2230 2552/3019/2352
f 2570/3043/2371 2567/3039/2367 2725/3259/2370 2728/3263/2372
f 2736/3274/2304 2810/3390/2306 2826/3409/2330 2628/3130/2329
f 2513/2967/2261 2595/3076/2239 2664/3178/2242 2668/3183/2262
f 2591/3071/2217 2580/3056/2373 2640/3146/2374 2635/3139/2218
f 2586/3064/2221 2582/3059/2251 2734/3271/2252 2676/3194/2222
f 2574/3048/2375 2570/3043/2371 2728/3263/2372 2679/3198/2376
f 2547/3012/2377 2549/3015/2378 2529/2988/2379 2532/2992/2380
f 2510/2963/2213 2508/2960/2257 2646/3154/2260 2650/3159/2214
f 2499/2946/2381 2600/3084/2267 2737/3276/2270 2629/3131/2382
f 2580/3056/2373 2577/3052/2253 2730/3266/2256 2640/3146/2374
f 2543/3007/2232 2547/3012/2377 2532/2992/2380 2535/2996/2233
f 2564/3035/2368 2598/3080/2361 2718/3250/2364 2722/3255/2369
f 2549/3015/2378 2507/2959/2383 2520/2976/2384 2529/2988/2379
f 2541/3004/2385 2623/3123/2386 2758/3313/2387 2703/3230/2388
f 2550/3016/2258 2546/3011/2389 2698/3223/2390 2685/3206/2259
f 2525/2983/2268 2574/3048/2375 2679/3198/2376 2683/3203/2269
f 2507/2959/2383 2511/2964/2346 2504/2955/2349 2520/2976/2384
f 2546/3011/2389 2544/3008/2391 2694/3218/2392 2698/3223/2390
f 2555/3023/2354 2553/3020/2247 2706/3234/2250 2710/3239/2355
f 2544/3008/2391 2541/3004/2385 2703/3230/2388 2694/3218/2392
f 2516/2971/2338 2523/2980/2224 2514/2968/2227 2589/3068/2339
f 2623/3123/2386 2626/3127/2393 2752/3305/2394 2758/3313/2387
f 2742/3288/2395 2607/3098/2396 2769/3330/2397 2776/3341/2398
f 2626/3127/2393 2499/2946/2381 2629/3131/2382 2752/3305/2394
f 2838/3424/2399 3155/3875/2400 3165/3888/2401 2840/3427/2402
f 2783/3352/2403 2777/3342/2404 2768/3329/2405 2763/3319/2406
f 2816/3396/2407 2761/3317/2408 2770/3331/2409 2822/3405/10
f 2829/3412/2410 2784/3353/2411 2762/3318/2412 2815/3395/2413
f 2822/3405/10 2770/3331/2409 2606/3096/2343 2798/3375/10
f 2495/2941/2326 2619/3118/2275 2644/3151/2276 2632/3135/2323
f 2637/3142/2314 2634/3138/2313 2641/3147/2279 2733/3270/2278
f 2628/3130/2329 2631/3134/2332 2643/3150/2316 2753/3306/2315
f 2498/2945/2192 2625/3126/2333 2620/3119/2336 2496/2942/2189
f 2502/2952/2347 2583/3060/2341 2579/3055/2342 2592/3072/2348
f 2609/3102/2414 2607/3097/2396 2742/3287/2395 2745/3293/2415
f 2811/3391/2319 2801/3378/2416 2746/3294/2417 2743/3289/2320
f 2604/3091/2248 2791/3365/2418 2803/3380/2419 2739/3281/2249
f 2843/3433/2420 2852/3445/2421 2992/3641/2422 2980/3625/2423
f 2847/3438/2424 2933/3553/2425 2977/3621/2426 2994/3644/2427
f 2859/3454/2428 2928/3546/2429 3018/3676/2430 3003/3656/2431
f 2865/3462/2432 2939/3561/2433 2936/3557/2434 2856/3450/2435
f 2868/3466/2436 2943/3567/2437 2945/3571/2438
f 2882/3485/2439 2885/3489/2023 2877/3478/2440 2880/3482/2441
f 2876/3477/2442 2873/3473/2443 3031/3693/2444 3034/3697/2445
f 2937/3558/2446 2903/3513/2447 3058/3729/2448 3006/3660/2449
f 2939/3561/2433 2907/3518/2450 2904/3514/2451 2936/3557/2434
f 2903/3513/2447 2900/3509/2452 3055/3725/2453 3058/3729/2448
f 2895/3502/2454 2946/3572/2455 3081/3762/2456 3048/3716/2457
f 2924/3541/2458 2843/3433/2420 2980/3625/2423 3076/3753/2459
f 2919/3534/2460 2930/3549/2461 3001/3653/2462 3072/3748/2463
f 2850/3442/2464 2892/3498/2465 3027/3688/2466 2988/3636/2467
f 2930/3549/2461 2855/3449/2468 3010/3665/2469 3001/3653/2462
f 3132/3846/2470 2952/3585/2471 3089/3777/2472 3146/3863/2473
f 2942/3565/2474 2867/3465/2475 3025/3685/2476 3079/3757/2477
f 2958/3596/2478 2879/3481/2479 3043/3709/2480 3098/3792/2481
f 2961/3600/2482 2958/3596/2478 3098/3792/2481 2986/3633/2483
f 2840/3427/2402 3165/3888/2401 3141/3858/2484 2943/3567/2437
f 2879/3481/2479 2876/3477/2442 3034/3697/2445 3043/3709/2480
f 3075/3752/2485 2983/3629/2486 3073/3749/2487 3019/3677/2488
f 3028/3689/2489 3015/3672/2490 2997/3648/2491 2989/3637/2492
f 3012/3668/2493 3009/3664/2494 3007/3661/2495 3061/3733/2496
f 3019/3677/2488 3073/3749/2487 3000/3652/2497 3004/3657/2498
f 3069/3744/2499 3051/3720/2500 3049/3717/2501 3022/3681/2502
f 3046/3713/2503 3042/3708/2504 3033/3696/2505 3037/3701/2506
f 3022/3681/2502 3049/3717/2501 3082/3764/2507 3024/3684/2508
f 3039/3704/2509 3030/3692/2510 3015/3672/2490 3028/3689/2489
f 3078/3756/2511 3082/3764/2507 3144/3861/2512 3152/3872/2513
f 3063/3736/2514 3057/3728/2515 3054/3724/2516 3066/3740/2517
f 3024/3684/2508 3082/3764/2507 3078/3756/2511
f 2991/3640/2518 2995/3645/2519 2976/3620/2520 2979/3624/2521
f 3095/3788/2522 2985/3632/2523 3097/3791/2524 3101/3796/2525
f 3004/3657/2498 3000/3652/2497 3009/3664/2494 3012/3668/2493
f 3061/3733/2496 3007/3661/2495 3057/3728/2515 3063/3736/2514
f 3153/3873/2526 3085/3771/2527 3117/3822/2528 3167/3890/2529
f 3037/3701/2506 3033/3696/2505 3030/3692/2510 3039/3704/2509
f 3066/3740/2517 3054/3724/2516 3051/3720/2500 3069/3744/2499
f 2989/3637/2492 2997/3648/2491 2995/3645/2519 2991/3640/2518
f 2974/3617/2530 3172/3895/2531 3156/3876/2532 2837/3423/2533
f 3101/3796/2525 3097/3791/2524 3042/3708/2504 3046/3713/2503
f 2861/3457/2534 2847/3438/2424 2994/3644/2427 2998/3649/2535
f 2970/3612/2536 3168/3891/2537 3173/3896/2538 2973/3616/2539
f 2967/3608/2540 2964/3604/2541 2959/3597/2542 2962/3601/2543
f 2927/3545/2544 2858/3453/2545 2931/3550/2546 2918/3533/2547
f 2925/3542/2548 2927/3545/2544 2918/3533/2547 2921/3537/2549
f 3140/3857/9 2948/3578/2550 2953/3586/2551 3131/3845/2552
f 2853/3446/2553 2844/3434/2554 2934/3554/2555 2846/3437/2556
f 2913/3526/2557 2915/3529/2558 2894/3501/2559 2898/3506/2560
f 2900/3509/2452 2897/3505/2561 3052/3721/2562 3055/3725/2453
f 2870/3469/2563 2861/3457/2534 2998/3649/2535 3016/3673/2564
f 2943/3567/2437 3141/3858/2484 3134/3848/2565 2945/3571/2438
f 2910/3522/2566 2913/3526/2557 2898/3506/2560 2901/3510/2567
f 2940/3562/2568 2864/3461/2569 3013/3669/2570 3060/3732/2571
f 2907/3518/2450 2910/3522/2566 2901/3510/2567 2904/3514/2451
f 2873/3473/2443 2870/3469/2563 3016/3673/2564 3031/3693/2444
f 2864/3461/2569 2859/3454/2428 3003/3656/2431 3013/3669/2570
f 3167/3890/2529 3117/3822/2528 3124/3833/2572 3170/3893/2573
f 2909/3521/2574 2906/3517/2575 3064/3737/2576 3067/3741/2577
f 2964/3604/2541 2882/3485/2439 2880/3482/2441 2959/3597/2542
f 2915/3529/2558 2868/3466/2436 2945/3571/2438 2894/3501/2559
f 2912/3525/2578 2909/3521/2574 3067/3741/2577 3070/3745/2579
f 3078/3756/2511 3152/3872/2513 3168/3891/2537 2970/3612/2536
f 2855/3449/2468 2937/3558/2446 3006/3660/2449 3010/3665/2469
f 2933/3553/2425 2922/3538/2580 2982/3628/2581 2977/3621/2426
f 2928/3546/2429 2924/3541/2458 3076/3753/2459 3018/3676/2430
f 2916/3530/2582 2912/3525/2578 3070/3745/2579 3021/3680/2583
f 2889/3494/2584 2891/3497/2585 2871/3470/2586 2874/3474/2587
f 2852/3445/2421 2850/3442/2464 2988/3636/2467 2992/3641/2422
f 2841/3428/2588 2942/3566/2474 3079/3758/2477 2971/3613/2589
f 2922/3538/2580 2919/3534/2460 3072/3748/2463 2982/3628/2581
f 2885/3489/2023 2889/3494/2584 2874/3474/2587 2877/3478/2440
f 2906/3517/2575 2940/3562/2568 3060/3732/2571 3064/3737/2576
f 2891/3497/2585 2849/3441/2590 2862/3458/2591 2871/3470/2586
f 2883/3486/2592 2965/3605/2593 3100/3795/2594 3045/3712/2595
f 2892/3498/2465 2888/3493/2596 3040/3705/2597 3027/3688/2466
f 2867/3465/2475 2916/3530/2582 3021/3680/2583 3025/3685/2476
f 2849/3441/2590 2853/3446/2553 2846/3437/2556 2862/3458/2591
f 2888/3493/2596 2886/3490/2598 3036/3700/2599 3040/3705/2597
f 2897/3505/2561 2895/3502/2454 3048/3716/2457 3052/3721/2562
f 2886/3490/2598 2883/3486/2592 3045/3712/2595 3036/3700/2599
f 2858/3453/2545 2865/3462/2432 2856/3450/2435 2931/3550/2546
f 2965/3605/2593 2968/3609/2600 3094/3787/2601 3100/3795/2594
f 3084/3770/2602 2949/3580/2603 3111/3812/2604 3118/3823/2605
f 2968/3609/2600 2841/3428/2588 2971/3613/2589 3094/3787/2601
f 3179/3905/2606 3183/3910/2607 3506/4370/2608 3497/4358/2609
f 3125/3834/2610 3119/3824/2611 3110/3811/2612 3105/3801/2613
f 3158/3878/2614 3103/3799/2615 3112/3813/2616 3164/3887/9
f 3171/3894/2617 3126/3835/2618 3104/3800/2619 3157/3877/2620
f 3164/3887/9 3112/3813/2616 2948/3578/2550 3140/3857/9
f 2837/3423/2533 2961/3600/2482 2986/3633/2483 2974/3617/2530
f 2979/3624/2521 2976/3620/2520 2983/3629/2486 3075/3752/2485
f 2970/3612/2536 2973/3616/2539 2985/3632/2523 3095/3788/2522
f 2840/3427/2402 2967/3608/2540 2962/3601/2543 2838/3424/2399
f 2844/3434/2554 2925/3542/2548 2921/3537/2549 2934/3554/2555
f 2951/3584/2621 2949/3579/2603 3084/3769/2602 3087/3775/2622
f 3153/3873/2526 3143/3860/2623 3088/3776/2624 3085/3771/2527
f 2946/3573/2455 3133/3847/2625 3145/3862/2626 3081/3763/2456
f 3267/4024/2627 3417/4234/2628 3321/4106/2629 3186/3916/2630
f 3188/3919/2631 3337/4127/2632 3318/4102/2633 3276/4036/2634
f 3200/3935/2635 3346/4139/2636 3361/4159/2637 3269/4027/2638
f 3270/4028/2639 3261/4016/2640 3272/4031/2641 3201/3936/2642
f 3209/3947/2643 3288/4055/2644 3284/4047/2645
f 3225/3968/2646 3221/3963/2647 3218/3959/2648 3228/3972/2232
f 3219/3960/2649 3375/4178/2650 3372/4174/2651 3216/3956/2652
f 3278/4039/2653 3349/4143/2654 3399/4210/2655 3246/3996/2656
f 3282/4044/2657 3279/4040/2658 3245/3995/2659 3248/3999/2660
f 3246/3996/2656 3399/4210/2655 3396/4206/2661 3243/3992/2662
f 3236/3983/2663 3391/4199/2664 3424/4246/2665 3287/4053/2666
f 3194/3927/2667 3189/3920/2668 3275/4035/2669 3185/3915/2670
f 3260/4015/2671 3415/4231/2672 3342/4134/2673 3273/4032/2674
f 3191/3923/2675 3331/4119/2676 3370/4171/2677 3233/3979/2678
f 3273/4032/2674 3342/4134/2673 3351/4146/2679 3198/3932/2680
f 3476/4331/2681 3486/4344/2682 3430/4259/2683 3295/4068/2684
f 3285/4048/2685 3420/4238/2686 3366/4166/2687 3210/3948/2688
f 3301/4079/2689 3439/4274/2690 3384/4190/2691 3222/3964/2692
f 3304/4083/2693 3327/4114/2694 3439/4274/2690 3301/4079/2689
f 3185/3915/2670 3275/4035/2669 3264/4020/2695 3266/4023/2696
f 3222/3964/2692 3384/4190/2691 3375/4178/2650 3219/3960/2649
f 3418/4235/2697 3360/4158/2698 3414/4230/2699 3324/4110/2700
f 3369/4170/2701 3330/4118/2702 3340/4131/2703 3358/4155/2704
f 3355/4151/2705 3402/4214/2706 3348/4142/2707 3352/4147/2708
f 3360/4158/2698 3345/4138/2709 3343/4135/2710 3414/4230/2699
f 3412/4227/2711 3363/4162/2712 3390/4198/2713 3394/4203/2714
f 3387/4194/2715 3378/4182/2716 3376/4179/2717 3385/4191/2718
f 3363/4162/2712 3367/4167/2719 3423/4245/2720 3390/4198/2713
f 3382/4187/2721 3369/4170/2701 3358/4155/2704 3373/4175/2722
f 3421/4240/2723 3495/4356/2724 3488/4346/2725 3423/4245/2720
f 3406/4219/2726 3409/4223/2727 3397/4207/2728 3400/4211/2729
f 3367/4167/2719 3421/4240/2723 3423/4245/2720
f 3334/4123/2730 3322/4107/2731 3319/4103/2732 3336/4126/2733
f 3436/4270/2734 3442/4278/2735 3440/4275/2736 3328/4115/2737
f 3345/4138/2709 3355/4151/2705 3352/4147/2708 3343/4135/2710
f 3402/4214/2706 3406/4219/2726 3400/4211/2729 3348/4142/2707
f 3494/4355/2738 3510/4374/2739 3461/4307/2740 3426/4252/2741
f 3378/4182/2716 3382/4187/2721 3373/4175/2722 3376/4179/2717
f 3409/4223/2727 3412/4227/2711 3394/4203/2714 3397/4207/2728
f 3330/4118/2702 3334/4123/2730 3336/4126/2733 3340/4131/2703
f 3315/4098/2742 3180/3906/2743 3500/4361/2744 3514/4378/2745
f 3442/4278/2735 3387/4194/2715 3385/4191/2718 3440/4275/2736
f 3204/3940/2746 3339/4130/2747 3337/4127/2632 3188/3919/2631
f 3313/4095/2748 3316/4099/2749 3513/4377/2750 3509/4373/2751
f 3310/4091/2752 3303/4082/2753 3300/4078/2754 3307/4087/2755
f 3201/3936/2642 3272/4031/2641 3197/3931/2756 3206/3943/2757
f 3266/4023/2696 3264/4020/2695 3261/4016/2640 3270/4028/2639
f 3483/4341/10 3473/4328/2758 3294/4067/2759 3291/4062/2760
f 3186/3916/2630 3321/4106/2629 3333/4122/2761 3195/3928/2762
f 3254/4007/2763 3239/3987/2764 3237/3984/2765 3258/4012/2766
f 3243/3992/2662 3396/4206/2661 3393/4202/2767 3240/3988/2768
f 3213/3952/2769 3357/4154/2770 3339/4130/2747 3204/3940/2746
f 3284/4047/2645 3288/4055/2644 3474/4329/2771 3482/4340/2772
f 3251/4003/2773 3242/3991/2774 3239/3987/2764 3254/4007/2763
f 3281/4043/2775 3403/4215/2776 3354/4150/2777 3207/3944/2778
f 3248/3999/2660 3245/3995/2659 3242/3991/2774 3251/4003/2773
f 3216/3956/2652 3372/4174/2651 3357/4154/2770 3213/3952/2769
f 3207/3944/2778 3354/4150/2777 3346/4139/2636 3200/3935/2635
f 3510/4374/2739 3512/4376/2779 3466/4316/2780 3461/4307/2740
f 3252/4004/2781 3408/4222/2782 3405/4218/2783 3249/4000/2784
f 3307/4087/2755 3300/4078/2754 3221/3963/2647 3225/3968/2646
f 3258/4012/2766 3237/3984/2765 3288/4055/2644 3209/3947/2643
f 3255/4008/2785 3411/4226/2786 3408/4222/2782 3252/4004/2781
f 3421/4240/2723 3313/4095/2748 3509/4373/2751 3495/4356/2724
f 3198/3932/2680 3351/4146/2679 3349/4143/2654 3278/4039/2653
f 3276/4036/2634 3318/4102/2633 3325/4111/2787 3263/4019/2788
f 3269/4027/2638 3361/4159/2637 3417/4234/2628 3267/4024/2627
f 3257/4011/2789 3364/4163/2790 3411/4226/2786 3255/4008/2785
f 3230/3975/2791 3215/3955/2792 3212/3951/2793 3234/3980/2794
f 3195/3928/2762 3333/4122/2761 3331/4119/2676 3191/3923/2675
f 3183/3910/2607 3284/4047/2645 3482/4340/2772 3506/4370/2608
f 3263/4019/2788 3325/4111/2787 3415/4231/2672 3260/4015/2671
f 3228/3972/2232 3218/3959/2648 3215/3955/2792 3230/3975/2791
f 3249/4000/2784 3405/4218/2783 3403/4215/2776 3281/4043/2775
f 3234/3980/2794 3212/3951/2793 3203/3939/2795 3192/3924/2796
f 3224/3967/2797 3388/4195/2798 3443/4279/2799 3306/4086/2800
f 3233/3979/2678 3370/4171/2677 3381/4186/2801 3231/3976/2802
f 3210/3948/2688 3366/4166/2687 3364/4163/2790 3257/4011/2789
f 3192/3924/2796 3203/3939/2795 3189/3920/2668 3194/3927/2667
f 3231/3976/2802 3381/4186/2801 3379/4183/2803 3227/3971/2804
f 3240/3988/2768 3393/4202/2767 3391/4199/2664 3236/3983/2663
f 3227/3971/2804 3379/4183/2803 3388/4195/2798 3224/3967/2797
f 3206/3943/2757 3197/3931/2756 3279/4040/2658 3282/4044/2657
f 3306/4086/2800 3443/4279/2799 3437/4271/2805 3309/4090/2806
f 3427/4254/2807 3460/4306/2808 3454/4296/2809 3290/4061/2810
f 3183/3910/2607 3179/3905/2606 3303/4082/2753 3310/4091/2752
f 3468/4318/2811 3446/4283/2812 3452/4294/2813 3459/4305/2814
f 3498/4359/2815 3507/4371/10 3453/4295/2816 3445/4282/2817
f 3515/4379/2818 3499/4360/2819 3447/4284/2820 3467/4317/2821
f 3507/4371/10 3483/4341/10 3291/4062/2760 3453/4295/2816
f 3309/4090/2806 3437/4271/2805 3312/4094/2822 3182/3909/2823
f 3322/4107/2731 3418/4235/2697 3324/4110/2700 3319/4103/2732
f 3313/4095/2748 3436/4270/2734 3328/4115/2737 3316/4099/2749
f 3180/3906/2743 3315/4098/2742 3327/4114/2694 3304/4083/2693
f 3182/3909/2823 3312/4094/2822 3420/4239/2686 3285/4049/2685
f 3293/4066/2824 3429/4258/2825 3427/4253/2807 3290/4060/2810
f 3494/4355/2738 3426/4252/2741 3431/4260/2826 3485/4343/2827
f 3287/4054/2666 3424/4247/2665 3487/4345/2828 3475/4330/2829
f 2267/2620/2206 2270/2624/2830 2271/2625/2831 2273/2631/2832
f 2268/2621/2134 2272/2629/2833 2271/2626/2833 2270/2623/2834
f 2269/2622/2059 2273/2630/2832 2271/2627/2835 2272/2628/2836
f 2403/2811/2207 2406/2815/2837 2407/2816/2838 2409/2821/2839
f 2404/2812/2058 2408/2820/2840 2407/2817/2838 2406/2814/2837
f 2405/2813/2208 2409/2822/2841 2407/2818/2842 2408/2819/2843
f 2419/2835/2199 2422/2839/2844 2423/2840/2845 2425/2846/2846
f 2420/2836/2194 2424/2843/2847 2423/2841/2848 2422/2838/2849
f 2421/2837/2202 2425/2845/2850 2423/2842/2851 2424/2844/2852
f 2426/2847/2195 2429/2850/2853 2430/2852/2854 2432/2857/2855
f 2427/2848/2198 2431/2856/2856 2430/2853/2857 2429/2851/2858
f 2428/2849/2186 2432/2857/2855 2430/2854/2854 2431/2855/2859
f 2433/2858/2196 2436/2861/2860 2437/2862/2861 2439/2868/2862
f 2434/2859/2185 2438/2865/2863 2437/2863/2861 2436/2861/2860
f 2435/2860/2115 2439/2867/2864 2437/2864/2865 2438/2866/2866
f 2440/2869/2155 2443/2873/2867 2444/2874/2868 2446/2879/2869
f 2441/2870/2203 2445/2878/2870 2444/2875/2871 2443/2872/2872
f 2442/2871/2193 2446/2880/2873 2444/2876/2874 2445/2877/2875
f 2447/2881/2133 2451/2885/2876 2452/2886/2877 2455/2892/2878
f 2448/2882/2146 2453/2889/2879 2452/2886/2877 2451/2885/2876
f 2449/2883/2211 2454/2890/2880 2452/2887/2881 2453/2888/2882
f 2450/2884/2056 2455/2891/2883 2452/2887/2881 2454/2890/2880
f 2459/2896/2209 2463/2900/2884 2464/2903/2885 2467/2907/2886
f 2460/2897/2057 2465/2904/2887 2464/2902/2888 2463/2901/2889
f 2461/2898/2210 2466/2906/2890 2464/2902/2888 2465/2904/2887
f 2462/2899/2100 2467/2907/2886 2464/2903/2885 2466/2905/2891
f 2471/2911/2892 2475/2915/2893 2476/2916/2894 2479/2922/2895
f 2472/2912/2197 2477/2919/2896 2476/2916/2894 2475/2915/2893
f 2473/2913/2201 2478/2920/2897 2476/2917/2898 2477/2918/2899
f 2474/2914/2119 2479/2921/2900 2476/2917/2898 2478/2920/2897
f 2486/2929/2154 2490/2933/2901 2491/2934/2902 2494/2940/2903
f 2487/2930/2125 2492/2937/2904 2491/2934/2902 2490/2933/2901
f 2488/2931/2120 2493/2938/2905 2491/2935/2906 2492/2936/2907
f 2489/2932/2200 2494/2939/2908 2491/2935/2906 2493/2938/2905
f 2609/3102/2414 2612/3105/2909 2613/3107/2910 2615/3112/2911
f 2610/3103/2264 2614/3111/2912 2613/3108/2910 2612/3106/2909
f 2611/3104/2344 2615/3113/2913 2613/3109/2914 2614/3110/2915
f 2745/3293/2415 2748/3297/2916 2749/3298/2917 2751/3303/2918
f 2746/3294/2417 2750/3302/2919 2749/3299/2919 2748/3296/2920
f 2747/3295/2265 2751/3304/2918 2749/3300/2917 2750/3301/2921
f 2761/3317/2408 2764/3320/2922 2765/3322/2923 2767/3327/2924
f 2762/3318/2412 2766/3325/2925 2765/3323/2926 2764/3321/2927
f 2763/3319/2406 2767/3328/2928 2765/3324/2929 2766/3326/2930
f 2768/3329/2405 2771/3332/2931 2772/3333/2932 2774/3339/2933
f 2769/3330/2397 2773/3337/2934 2772/3334/2932 2771/3332/2931
f 2770/3331/2409 2774/3338/2935 2772/3335/2936 2773/3336/2937
f 2775/3340/2321 2778/3343/2938 2779/3345/2939 2781/3350/2940
f 2776/3341/2398 2780/3348/2941 2779/3346/2942 2778/3344/2943
f 2777/3342/2404 2781/3349/2944 2779/3347/2942 2780/3348/2941
f 2782/3351/2365 2785/3355/2945 2786/3356/2946 2788/3361/2947
f 2783/3352/2403 2787/3360/2948 2786/3357/2949 2785/3354/2950
f 2784/3353/2411 2788/3362/2951 2786/3358/2952 2787/3359/2953
f 2789/3363/2345 2793/3367/2954 2794/3370/2955 2797/3374/2956
f 2790/3364/2263 2795/3371/2957 2794/3369/2958 2793/3368/2959
f 2791/3365/2418 2796/3373/2960 2794/3369/2958 2795/3371/2957
f 2792/3366/2358 2797/3374/2956 2794/3370/2955 2796/3372/2961
f 2801/3378/2416 2805/3382/2962 2806/3383/2963 2809/3389/2964
f 2802/3379/2305 2807/3386/2965 2806/3383/2963 2805/3382/2962
f 2803/3380/2419 2808/3387/2966 2806/3384/2967 2807/3385/2968
f 2804/3381/2266 2809/3388/2969 2806/3384/2967 2808/3387/2966
f 2813/3393/2190 2817/3397/2970 2818/3400/2971 2821/3404/2972
f 2814/3394/2325 2819/3401/2973 2818/3399/2974 2817/3398/2975
f 2815/3395/2413 2820/3403/2976 2818/3399/2974 2819/3401/2973
f 2816/3396/2407 2821/3404/2972 2818/3400/2971 2820/3402/2977
f 2828/3411/2366 2832/3415/2978 2833/3418/2979 2836/3422/2980
f 2829/3412/2410 2834/3419/2981 2833/3417/2982 2832/3416/2983
f 2830/3413/2324 2835/3421/2984 2833/3417/2982 2834/3419/2981
f 2831/3414/2331 2836/3422/2980 2833/3418/2979 2835/3420/2985
f 2951/3584/2621 2954/3587/2986 2955/3589/2987 2957/3594/2988
f 2952/3585/2471 2956/3593/2989 2955/3590/2987 2954/3588/2986
f 2953/3586/2551 2957/3595/2990 2955/3591/2991 2956/3592/2992
f 3087/3775/2622 3090/3779/2993 3091/3780/2994 3093/3785/2995
f 3088/3776/2624 3092/3784/2996 3091/3781/2997 3090/3778/2998
f 3089/3777/2472 3093/3786/2995 3091/3782/2994 3092/3783/2999
f 3103/3799/2615 3106/3802/3000 3107/3804/3001 3109/3809/3002
f 3104/3800/2619 3108/3807/3003 3107/3805/3004 3106/3803/3005
f 3105/3801/2613 3109/3810/3006 3107/3806/3007 3108/3808/3008
f 3110/3811/2612 3113/3814/3009 3114/3815/3010 3116/3821/3011
f 3111/3812/2604 3115/3819/3012 3114/3816/3010 3113/3814/3009
f 3112/3813/2616 3116/3820/3013 3114/3817/3014 3115/3818/3015
f 3117/3822/2528 3120/3825/3016 3121/3827/3017 3123/3832/3018
f 3118/3823/2605 3122/3830/3019 3121/3828/3020 3120/3826/3021
f 3119/3824/2611 3123/3831/3022 3121/3829/3020 3122/3830/3019
f 3124/3833/2572 3127/3837/3023 3128/3838/3024 3130/3843/3025
f 3125/3834/2610 3129/3842/3026 3128/3839/3027 3127/3836/3028
f 3126/3835/2618 3130/3844/3029 3128/3840/3030 3129/3841/3031
f 3131/3845/2552 3135/3849/3032 3136/3852/3033 3139/3856/3034
f 3132/3846/2470 3137/3853/3035 3136/3851/3036 3135/3850/3037
f 3133/3847/2625 3138/3855/3038 3136/3851/3036 3137/3853/3035
f 3134/3848/2565 3139/3856/3034 3136/3852/3033 3138/3854/3039
f 3143/3860/2623 3147/3864/3040 3148/3865/3041 3151/3871/3042
f 3144/3861/2512 3149/3868/3043 3148/3865/3041 3147/3864/3040
f 3145/3862/2626 3150/3869/3044 3148/3866/3045 3149/3867/3046
f 3146/3863/2473 3151/3870/3047 3148/3866/3045 3150/3869/3044
f 3155/3875/2400 3159/3879/3048 3160/3882/3049 3163/3886/3050
f 3156/3876/2532 3161/3883/3051 3160/3881/3052 3159/3880/3053
f 3157/3877/2620 3162/3885/3054 3160/3881/3052 3161/3883/3051
f 3158/3878/2614 3163/3886/3050 3160/3882/3049 3162/3884/3055
f 3170/3893/2573 3174/3897/3056 3175/3900/3057 3178/3904/3058
f 3171/3894/2617 3176/3901/3059 3175/3899/3060 3174/3898/3061
f 3172/3895/2531 3177/3903/3062 3175/3899/3060 3176/3901/3059
f 3173/3896/2538 3178/3904/3058 3175/3900/3057 3177/3902/3063
f 3293/4066/2824 3296/4070/3064 3297/4071/3065 3299/4077/3066
f 3294/4067/2759 3298/4075/3067 3297/4072/3067 3296/4069/3068
f 3295/4068/2684 3299/4076/3066 3297/4073/3065 3298/4074/3069
f 3429/4258/2825 3432/4262/3070 3433/4263/3071 3435/4268/3072
f 3430/4259/2683 3434/4267/3073 3433/4264/3071 3432/4261/3070
f 3431/4260/2826 3435/4269/3074 3433/4265/3075 3434/4266/3076
f 3445/4282/2817 3448/4286/3077 3449/4287/3078 3451/4293/3079
f 3446/4283/2812 3450/4290/3080 3449/4288/3081 3448/4285/3082
f 3447/4284/2820 3451/4292/3083 3449/4289/3084 3450/4291/3085
f 3452/4294/2813 3455/4297/3086 3456/4299/3087 3458/4304/3088
f 3453/4295/2816 3457/4303/3089 3456/4300/3090 3455/4298/3091
f 3454/4296/2809 3458/4304/3088 3456/4301/3087 3457/4302/3092
f 3459/4305/2814 3462/4308/3093 3463/4309/3094 3465/4315/3095
f 3460/4306/2808 3464/4312/3096 3463/4310/3094 3462/4308/3093
f 3461/4307/2740 3465/4314/3097 3463/4311/3098 3464/4313/3099
f 3466/4316/2780 3469/4320/3100 3470/4321/3101 3472/4326/3102
f 3467/4317/2821 3471/4325/3103 3470/4322/3104 3469/4319/3105
f 3468/4318/2811 3472/4327/3106 3470/4323/3107 3471/4324/3108
f 3473/4328/2758 3477/4332/3109 3478/4333/3110 3481/4339/3111
f 3474/4329/2771 3479/4336/3112 3478/4333/3110 3477/4332/3109
f 3475/4330/2829 3480/4337/3113 3478/4334/3114 3479/4335/3115
f 3476/4331/2681 3481/4338/3116 3478/4334/3114 3480/4337/3113
f 3485/4343/2827 3489/4347/3117 3490/4350/3118 3493/4354/3119
f 3486/4344/2682 3491/4351/3120 3490/4349/3121 3489/4348/3122
f 3487/4345/2828 3492/4353/3123 3490/4349/3121 3491/4351/3120
f 3488/4346/2725 3493/4354/3119 3490/4350/3118 3492/4352/3124
f 3497/4358/2609 3501/4362/3125 3502/4363/3126 3505/4369/3127
f 3498/4359/2815 3503/4366/3128 3502/4363/3126 3501/4362/3125
f 3499/4360/2819 3504/4367/3129 3502/4364/3130 3503/4365/3131
f 3500/4361/2744 3505/4368/3132 3502/4364/3130 3504/4367/3129
f 3512/4376/2779 3516/4380/3133 3517/4381/3134 3520/4387/3135
f 3513/4377/2750 3518/4384/3136 3517/4381/3134 3516/4380/3133
f 3514/4378/2745 3519/4385/3137 3517/4382/3138 3518/4383/3139
f 3515/4379/2818 3520/4386/3140 3517/4382/3138 3519/4385/3137
f 2238/2574/2070 2249/2589/2044 2251/2591/3141 2239/2575/3142
f 2239/2576/3143 2251/2592/3144 2250/2590/2008 2237/2573/2163
f 2166/2478/2173 2168/2481/2042 2170/2483/3145 2167/2479/3146
f 2167/2480/3147 2170/2484/3148 2169/2482/2137 2165/2477/2050
f 2163/2474/2043 2177/2493/2172 2179/2495/3149 2164/2475/3150
f 2164/2476/3151 2179/2496/3152 2178/2494/2121 2162/2473/2005
f 2253/2594/2033 2171/2485/2131 2173/2487/3153 2254/2595/3154
f 2254/2596/3155 2173/2488/3156 2172/2486/2055 2252/2593/2028
f 2168/2481/2042 2159/2469/2045 2161/2471/3157 2170/2483/3145
f 2170/2484/3148 2161/2472/3158 2160/2470/2004 2169/2482/2137
f 2171/2485/2131 2246/2585/2015 2248/2587/3159 2173/2487/3153
f 2173/2488/3156 2248/2588/3160 2247/2586/2049 2172/2486/2055
f 2175/2490/2016 2180/2497/2132 2182/2499/3161 2176/2491/3162
f 2176/2492/3163 2182/2500/3164 2181/2498/2153 2174/2489/2009
f 2177/2493/2172 2186/2505/2168 2188/2507/3165 2179/2495/3149
f 2179/2496/3152 2188/2508/3166 2187/2506/2144 2178/2494/2121
f 2244/2582/2013 2175/2490/2016 2176/2491/3162 2245/2583/3167
f 2245/2584/3168 2176/2492/3163 2174/2489/2009 2243/2581/2012
f 2232/2566/2141 2183/2501/2017 2185/2503/3169 2233/2567/3170
f 2233/2568/3171 2185/2504/3172 2184/2502/2063 2231/2565/2164
f 2208/2534/2169 2166/2478/2173 2167/2479/3146 2209/2535/3173
f 2209/2536/3174 2167/2480/3147 2165/2477/2050 2207/2533/2053
f 2186/2505/2168 2189/2509/2167 2191/2511/3175 2188/2507/3165
f 2188/2508/3166 2191/2512/3176 2190/2510/2027 2187/2506/2144
f 2189/2509/2167 2192/2513/2022 2194/2515/3177 2191/2511/3175
f 2191/2512/3176 2194/2516/3178 2193/2514/2024 2190/2510/2027
f 2202/2526/3179 2204/2529/2166 2206/2531/3180 2203/2527/3181
f 2203/2528/3182 2206/2532/3183 2205/2530/2179 2201/2525/2181
f 2204/2529/2166 2208/2534/2169 2209/2535/3173 2206/2531/3180
f 2206/2532/3183 2209/2536/3174 2207/2533/2053 2205/2530/2179
f 2211/2538/2140 2213/2541/2139 2215/2543/3184 2212/2539/3185
f 2212/2540/3186 2215/2544/3187 2214/2542/2143 2210/2537/2038
f 2213/2541/2139 2216/2545/2149 2218/2547/3188 2215/2543/3184
f 2215/2544/3187 2218/2548/3189 2217/2546/2037 2214/2542/2143
f 2216/2545/2149 2219/2549/2034 2221/2551/3190 2218/2547/3188
f 2218/2548/3189 2221/2552/3191 2220/2550/2031 2217/2546/2037
f 2256/2598/2032 2222/2553/2035 2224/2555/3192 2257/2599/3193
f 2257/2600/3194 2224/2556/3195 2223/2554/2159 2255/2597/2150
f 2222/2553/2035 2225/2557/2148 2227/2559/3196 2224/2555/3192
f 2224/2556/3195 2227/2560/3197 2226/2558/2156 2223/2554/2159
f 2225/2557/2148 2228/2561/2138 2230/2563/3198 2227/2559/3196
f 2227/2560/3197 2230/2564/3199 2229/2562/2160 2226/2558/2156
f 2228/2561/2138 2232/2566/2141 2233/2567/3170 2230/2563/3198
f 2230/2564/3199 2233/2568/3171 2231/2565/2164 2229/2562/2160
f 2235/2570/2014 2238/2574/2070 2239/2575/3142 2236/2571/3200
f 2236/2572/3201 2239/2576/3143 2237/2573/2163 2234/2569/2046
f 2159/2469/2045 2240/2577/2071 2242/2579/3202 2161/2471/3157
f 2161/2472/3158 2242/2580/3203 2241/2578/2001 2160/2470/2004
f 2240/2577/2071 2244/2582/2013 2245/2583/3167 2242/2579/3202
f 2242/2580/3203 2245/2584/3168 2243/2581/2012 2241/2578/2001
f 2246/2585/2015 2235/2570/2014 2236/2571/3200 2248/2587/3159
f 2248/2588/3160 2236/2572/3201 2234/2569/2046 2247/2586/2049
f 2249/2589/2044 2163/2474/2043 2164/2475/3150 2251/2591/3141
f 2251/2592/3144 2164/2476/3151 2162/2473/2005 2250/2590/2008
f 2219/2549/2034 2253/2594/2033 2254/2595/3154 2221/2551/3190
f 2221/2552/3191 2254/2596/3155 2252/2593/2028 2220/2550/2031
f 2180/2497/2132 2256/2598/2032 2257/2599/3193 2182/2499/3161
f 2182/2500/3164 2257/2600/3194 2255/2597/2150 2181/2498/2153
f 2265/2616/2135 2268/2621/2134 2270/2623/2834 2266/2619/3204
f 2266/2617/3205 2270/2624/2830 2267/2620/2206 2264/2614/2187
f 2450/2884/2056 2269/2622/2059 2272/2628/2836 2455/2891/2883
f 2455/2892/3206 2272/2629/3206 2268/2621/3206 2447/2881/3206
f 2262/2609/2018 2211/2538/2140 2212/2539/3185 2263/2610/3207
f 2263/2611/3208 2212/2540/3186 2210/2537/2038 2261/2607/2041
f 2183/2501/2017 2258/2601/2019 2260/2605/3209 2185/2503/3169
f 2185/2504/3172 2260/2604/3210 2259/2602/2060 2184/2502/2063
f 2192/2513/2022 2195/2517/2021 2197/2519/3211 2194/2515/3177
f 2194/2516/3178 2197/2520/3212 2196/2518/2067 2193/2514/2024
f 2435/2860/2115 2440/2869/2155 2446/2879/2869 2439/2867/2864
f 2439/2868/2862 2446/2880/2873 2442/2871/2193 2433/2858/2196
f 2199/2522/3213 2202/2526/3179 2203/2527/3181 2200/2523/3214
f 2200/2524/3215 2203/2528/3182 2201/2525/2181 2198/2521/2174
f 2281/2641/3216 2199/2522/3213 2200/2523/3214 2282/2642/3217
f 2282/2643/3218 2200/2524/3215 2198/2521/2174 2280/2640/2177
f 2195/2517/2021 2274/2632/2129 2276/2634/3219 2197/2519/3211
f 2197/2520/3212 2276/2635/3220 2275/2633/2064 2196/2518/2067
f 2274/2632/2129 2277/2636/2128 2279/2638/3221 2276/2634/3219
f 2276/2635/3220 2279/2639/3222 2278/2637/2068 2275/2633/2064
f 2284/2645/3223 2281/2641/3216 2282/2642/3217 2285/2646/3224
f 2285/2647/3225 2282/2643/3218 2280/2640/2177 2283/2644/2183
f 2299/2665/2162 2292/2656/2007 2294/2658/3226 2300/2666/3227
f 2300/2667/3228 2294/2659/3229 2293/2657/2107 2298/2664/2075
f 2305/2673/2051 2307/2676/2136 2309/2678/3230 2306/2674/3231
f 2306/2675/3232 2309/2679/3233 2308/2677/2105 2304/2672/2077
f 2311/2681/2006 2313/2684/2122 2315/2686/3234 2312/2682/3235
f 2312/2683/3236 2315/2687/3237 2314/2685/2078 2310/2680/2108
f 2323/2697/2029 2325/2700/2054 2327/2702/3238 2324/2698/3239
f 2324/2699/3240 2327/2703/3241 2326/2701/2083 2322/2696/2082
f 2307/2676/2136 2295/2660/2003 2297/2662/3242 2309/2678/3230
f 2309/2679/3233 2297/2663/3243 2296/2661/2106 2308/2677/2105
f 2325/2700/2054 2316/2688/2048 2318/2690/3244 2327/2702/3238
f 2327/2703/3241 2318/2691/3245 2317/2689/2085 2326/2701/2083
f 2320/2693/2010 2328/2704/2152 2330/2706/3246 2321/2694/3247
f 2321/2695/3248 2330/2707/3249 2329/2705/2080 2319/2692/2084
f 2313/2684/2122 2331/2708/2145 2333/2710/3250 2315/2686/3234
f 2315/2687/3237 2333/2711/3251 2332/2709/2079 2314/2685/2078
f 2335/2713/2011 2320/2693/2010 2321/2694/3247 2336/2714/3252
f 2336/2715/3253 2321/2695/3248 2319/2692/2084 2334/2712/2073
f 2338/2717/2165 2340/2720/2062 2342/2722/3254 2339/2718/3255
f 2339/2719/3256 2342/2723/3257 2341/2721/2094 2337/2716/2087
f 2344/2725/2052 2305/2673/2051 2306/2674/3231 2345/2726/3258
f 2345/2727/3259 2306/2675/3232 2304/2672/2077 2343/2724/2076
f 2331/2708/2145 2346/2728/2026 2348/2730/3260 2333/2710/3250
f 2333/2711/3251 2348/2731/3261 2347/2729/2097 2332/2709/2079
f 2346/2728/2026 2349/2732/2025 2351/2734/3262 2348/2730/3260
f 2348/2731/3261 2351/2735/3263 2350/2733/2092 2347/2729/2097
f 2353/2737/2180 2355/2740/2178 2357/2742/3264 2354/2738/3265
f 2354/2739/3266 2357/2743/3267 2356/2741/2096 2352/2736/2091
f 2355/2740/2178 2344/2725/2052 2345/2726/3258 2357/2742/3264
f 2357/2743/3267 2345/2727/3259 2343/2724/2076 2356/2741/2096
f 2365/2753/2039 2367/2756/2142 2369/2758/3268 2366/2754/3269
f 2366/2755/3270 2369/2759/3271 2368/2757/2089 2364/2752/2088
f 2367/2756/2142 2370/2760/2036 2372/2762/3272 2369/2758/3268
f 2369/2759/3271 2372/2763/3273 2371/2761/2103 2368/2757/2089
f 2370/2760/2036 2373/2764/2030 2375/2766/3274 2372/2762/3272
f 2372/2763/3273 2375/2767/3275 2374/2765/2104 2371/2761/2103
f 2377/2769/2151 2379/2772/2158 2381/2774/3276 2378/2770/3277
f 2378/2771/3278 2381/2775/3279 2380/2773/2101 2376/2768/2081
f 2379/2772/2158 2382/2776/2157 2384/2778/3280 2381/2774/3276
f 2381/2775/3279 2384/2779/3281 2383/2777/2102 2380/2773/2101
f 2382/2776/2157 2385/2780/2161 2387/2782/3282 2384/2778/3280
f 2384/2779/3281 2387/2783/3283 2386/2781/2086 2383/2777/2102
f 2385/2780/2161 2338/2717/2165 2339/2718/3255 2387/2782/3282
f 2387/2783/3283 2339/2719/3256 2337/2716/2087 2386/2781/2086
f 2389/2785/2047 2299/2665/2162 2300/2666/3227 2390/2786/3284
f 2390/2787/3285 2300/2667/3228 2298/2664/2075 2388/2784/2074
f 2295/2660/2003 2391/2788/2002 2393/2790/3286 2297/2662/3242
f 2297/2663/3243 2393/2791/3287 2392/2789/2072 2296/2661/2106
f 2391/2788/2002 2335/2713/2011 2336/2714/3252 2393/2790/3286
f 2393/2791/3287 2336/2715/3253 2334/2712/2073 2392/2789/2072
f 2316/2688/2048 2389/2785/2047 2390/2786/3284 2318/2690/3244
f 2318/2691/3245 2390/2787/3285 2388/2784/2074 2317/2689/2085
f 2292/2656/2007 2311/2681/2006 2312/2682/3235 2294/2658/3226
f 2294/2659/3229 2312/2683/3236 2310/2680/2108 2293/2657/2107
f 2373/2764/2030 2323/2697/2029 2324/2698/3239 2375/2766/3274
f 2375/2767/3275 2324/2699/3240 2322/2696/2082 2374/2765/2104
f 2328/2704/2152 2377/2769/2151 2378/2770/3277 2330/2706/3246
f 2330/2707/3249 2378/2771/3278 2376/2768/2081 2329/2705/2080
f 2401/2806/2184 2403/2811/2207 2409/2821/2839 2402/2808/3288
f 2402/2810/3289 2409/2822/2841 2405/2813/2208 2400/2805/2116
f 2459/2896/2209 2405/2813/2208 2408/2819/2843 2463/2900/2884
f 2463/2901/2889 2408/2820/2840 2404/2812/2058 2460/2897/2057
f 2398/2799/2040 2365/2753/2039 2366/2754/3269 2399/2801/3290
f 2399/2802/3291 2366/2755/3270 2364/2752/2088 2397/2798/2095
f 2340/2720/2062 2394/2792/2061 2396/2795/3292 2342/2722/3254
f 2342/2723/3257 2396/2796/3293 2395/2794/2098 2341/2721/2094
f 2349/2732/2025 2358/2744/2066 2360/2746/3294 2351/2734/3262
f 2351/2735/3263 2360/2747/3295 2359/2745/2093 2350/2733/2092
f 2287/2649/3296 2395/2794/2098 2396/2796/3293 2288/2651/3297
f 2288/2650/3298 2396/2797/3292 2394/2793/2061 2286/2648/2204
f 2362/2749/2175 2353/2737/2180 2354/2738/3265 2363/2750/3299
f 2363/2751/3300 2354/2739/3266 2352/2736/2091 2361/2748/3301
f 2417/2832/2176 2362/2749/2175 2363/2750/3299 2418/2833/3302
f 2418/2834/3303 2363/2751/3300 2361/2748/3301 2416/2831/3304
f 2358/2744/2066 2413/2827/2065 2415/2829/3305 2360/2746/3294
f 2360/2747/3295 2415/2830/3306 2414/2828/2111 2359/2745/2093
f 2413/2827/2065 2301/2668/2069 2303/2670/3307 2415/2829/3305
f 2415/2830/3306 2303/2671/3308 2302/2669/2112 2414/2828/2111
f 2411/2824/2182 2417/2832/2176 2418/2833/3302 2412/2825/3309
f 2412/2826/3310 2418/2834/3303 2416/2831/3304 2410/2823/3311
f 2269/2622/2059 2404/2812/2058 2406/2814/2837 2273/2630/2832
f 2273/2631/2832 2406/2815/2837 2403/2811/2207 2267/2620/2206
f 2277/2636/2128 2153/2459/2188 2155/2462/3312 2279/2638/3221
f 2279/2639/3222 2155/2461/3313 2154/2460/2118 2278/2637/2068
f 2157/2464/2170 2284/2645/3223 2285/2646/3224 2158/2465/3314
f 2158/2466/3315 2285/2647/3225 2283/2644/2183 2156/2463/2205
f 2301/2668/2069 2289/2652/2117 2291/2654/3316 2303/2670/3307
f 2303/2671/3308 2291/2655/3317 2290/2653/2124 2302/2669/2112
f 2286/2648/2204 2411/2824/2182 2412/2825/3309 2288/2650/3298
f 2288/2651/3297 2412/2826/3310 2410/2823/3311 2287/2649/3296
f 2258/2601/2019 2157/2464/2170 2158/2467/3314 2260/2605/3209
f 2260/2606/3210 2158/2468/3315 2156/2463/2205 2259/2603/2060
f 2426/2847/2195 2420/2836/2194 2422/2838/2849 2429/2850/2853
f 2429/2851/2858 2422/2839/2844 2419/2835/2199 2427/2848/2198
f 2420/2836/2194 2442/2871/2193 2445/2877/2875 2424/2843/2847
f 2424/2844/2852 2445/2878/2870 2441/2870/2203 2421/2837/2202
f 2474/2914/2119 2154/2460/2118 2155/2461/3313 2479/2921/2900
f 2479/2922/2895 2155/2462/3312 2153/2459/2188 2471/2911/2892
f 2434/2859/2185 2401/2807/2184 2402/2809/3288 2438/2865/2863
f 2438/2866/2866 2402/2810/3289 2400/2805/2116 2435/2860/2115
f 2489/2932/2200 2441/2870/2203 2443/2872/2872 2494/2939/2908
f 2494/2940/2903 2443/2873/2867 2440/2869/2155 2486/2929/2154
f 2264/2615/2187 2428/2849/2186 2431/2855/2859 2266/2618/3205
f 2266/2619/3204 2431/2856/2856 2427/2848/2198 2265/2616/2135
f 2428/2849/2186 2434/2859/2185 2436/2861/2860 2432/2857/2855
f 2432/2857/2855 2436/2861/2860 2433/2858/2196 2426/2847/2195
f 2261/2608/2041 2449/2883/2211 2453/2888/2882 2263/2612/3208
f 2263/2613/3207 2453/2889/2879 2448/2882/2146 2262/2609/2018
f 2397/2798/2095 2462/2899/2100 2466/2905/2891 2399/2803/3291
f 2399/2804/3290 2466/2906/2890 2461/2898/2210 2398/2800/2040
f 2421/2837/2202 2473/2913/2201 2477/2918/2899 2425/2845/2850
f 2425/2846/2846 2477/2919/2896 2472/2912/2197 2419/2835/2199
f 2289/2652/2117 2488/2931/2120 2492/2936/2907 2291/2654/3316
f 2291/2655/3317 2492/2937/2904 2487/2930/2125 2290/2653/2124
f 2473/2913/2201 2489/2932/2200 2493/2938/2905 2478/2920/2897
f 2478/2920/2897 2493/2938/2905 2488/2931/2120 2474/2914/2119
f 2484/2927/2114 2468/2908/2113 2470/2910/3318 2485/2928/3319
f 2485/2928/3319 2470/2910/3318 2469/2909/2099 2483/2926/2126
f 2486/2929/2154 2484/2927/2114 2485/2928/3319 2490/2933/2901
f 2490/2933/2901 2485/2928/3319 2483/2926/2126 2487/2930/2125
f 2481/2924/9 2472/2912/2197 2475/2915/2893 2482/2925/9
f 2482/2925/9 2475/2915/2893 2471/2911/2892 2480/2923/2171
f 2457/2894/9 2481/2924/9 2482/2925/9 2458/2895/9
f 2458/2895/9 2482/2925/9 2480/2923/2171 2456/2893/2147
f 2460/2897/2057 2450/2884/2056 2454/2890/2880 2465/2904/2887
f 2465/2904/2887 2454/2890/2880 2449/2883/2211 2461/2898/2210
f 2468/2908/2113 2459/2896/2209 2467/2907/2886 2470/2910/3318
f 2470/2910/3318 2467/2907/2886 2462/2899/2100 2469/2909/2099
f 2447/2881/2133 2457/2894/9 2458/2895/9 2451/2885/2876
f 2451/2885/2876 2458/2895/9 2456/2893/2147 2448/2882/2146
f 2580/3056/2373 2591/3071/2217 2593/3073/3320 2581/3057/3321
f 2581/3058/3322 2593/3074/3323 2592/3072/2348 2579/3055/2342
f 2508/2960/2257 2510/2963/2213 2512/2965/3324 2509/2961/3325
f 2509/2962/3326 2512/2966/3327 2511/2964/2346 2507/2959/2383
f 2505/2956/2216 2519/2975/2327 2521/2977/3328 2506/2957/3329
f 2506/2958/3330 2521/2978/3331 2520/2976/2384 2504/2955/2349
f 2595/3076/2239 2513/2967/2261 2515/2969/3332 2596/3077/3333
f 2596/3078/3334 2515/2970/3335 2514/2968/2227 2594/3075/2226
f 2510/2963/2213 2501/2951/2212 2503/2953/3336 2512/2965/3324
f 2512/2966/3327 2503/2954/3337 2502/2952/2347 2511/2964/2346
f 2513/2967/2261 2588/3067/2254 2590/3069/3338 2515/2969/3332
f 2515/2970/3335 2590/3070/3339 2589/3068/2339 2514/2968/2227
f 2517/2972/2220 2522/2979/2362 2524/2981/3340 2518/2973/3341
f 2518/2974/3342 2524/2982/3343 2523/2980/2224 2516/2971/2338
f 2519/2975/2327 2528/2987/2356 2530/2989/3344 2521/2977/3328
f 2521/2978/3331 2530/2990/3345 2529/2988/2379 2520/2976/2384
f 2586/3064/2221 2517/2972/2220 2518/2973/3341 2587/3065/3346
f 2587/3066/3347 2518/2974/3342 2516/2971/2338 2585/3063/2337
f 2574/3048/2375 2525/2983/2268 2527/2985/3348 2575/3049/3349
f 2575/3050/3350 2527/2986/3351 2526/2984/2228 2573/3047/2351
f 2550/3016/2258 2508/2960/2257 2509/2961/3325 2551/3017/3352
f 2551/3018/3353 2509/2962/3326 2507/2959/2383 2549/3015/2378
f 2528/2987/2356 2531/2991/2236 2533/2993/3354 2530/2989/3344
f 2530/2990/3345 2533/2994/3355 2532/2992/2380 2529/2988/2379
f 2531/2991/2236 2534/2995/2235 2536/2997/3356 2533/2993/3354
f 2533/2994/3355 2536/2998/3357 2535/2996/2233 2532/2992/2380
f 2544/3008/2391 2546/3011/2389 2548/3013/3358 2545/3009/3359
f 2545/3010/3360 2548/3014/3361 2547/3012/2377 2543/3007/3362
f 2546/3011/2389 2550/3016/2258 2551/3017/3352 2548/3013/3358
f 2548/3014/3361 2551/3018/3353 2549/3015/2378 2547/3012/2377
f 2553/3020/2247 2555/3023/2354 2557/3025/3363 2554/3021/3364
f 2554/3022/3365 2557/3026/3366 2556/3024/2353 2552/3019/2352
f 2555/3023/2354 2558/3027/2245 2560/3029/3367 2557/3025/3363
f 2557/3026/3366 2560/3030/3368 2559/3028/2360 2556/3024/2353
f 2558/3027/2245 2561/3031/2240 2563/3033/3369 2560/3029/3367
f 2560/3030/3368 2563/3034/3370 2562/3032/2244 2559/3028/2360
f 2598/3080/2361 2564/3035/2368 2566/3037/3371 2599/3081/3372
f 2599/3082/3373 2566/3038/3374 2565/3036/2243 2597/3079/2225
f 2564/3035/2368 2567/3039/2367 2569/3041/3375 2566/3037/3371
f 2566/3038/3374 2569/3042/3376 2568/3040/2359 2565/3036/2243
f 2567/3039/2367 2570/3043/2371 2572/3045/3377 2569/3041/3375
f 2569/3042/3376 2572/3046/3378 2571/3044/2350 2568/3040/2359
f 2570/3043/2371 2574/3048/2375 2575/3049/3349 2572/3045/3377
f 2572/3046/3378 2575/3050/3350 2573/3047/2351 2571/3044/2350
f 2577/3052/2253 2580/3056/2373 2581/3057/3321 2578/3053/3379
f 2578/3054/3380 2581/3058/3322 2579/3055/2342 2576/3051/2340
f 2501/2951/2212 2582/3059/2251 2584/3061/3381 2503/2953/3336
f 2503/2954/3337 2584/3062/3382 2583/3060/2341 2502/2952/2347
f 2582/3059/2251 2586/3064/2221 2587/3065/3346 2584/3061/3381
f 2584/3062/3382 2587/3066/3347 2585/3063/2337 2583/3060/2341
f 2588/3067/2254 2577/3052/2253 2578/3053/3379 2590/3069/3338
f 2590/3070/3339 2578/3054/3380 2576/3051/2340 2589/3068/2339
f 2591/3071/2217 2505/2956/2216 2506/2957/3329 2593/3073/3320
f 2593/3074/3323 2506/2958/3330 2504/2955/2349 2592/3072/2348
f 2561/3031/2240 2595/3076/2239 2596/3077/3333 2563/3033/3369
f 2563/3034/3370 2596/3078/3334 2594/3075/2226 2562/3032/2244
f 2522/2979/2362 2598/3080/2361 2599/3081/3372 2524/2981/3340
f 2524/2982/3343 2599/3082/3373 2597/3079/2225 2523/2980/2224
f 2607/3097/2396 2609/3102/2414 2615/3112/2911 2608/3099/3383
f 2608/3100/3384 2615/3113/2913 2611/3104/2344 2606/3096/2343
f 2789/3363/2345 2611/3104/2344 2614/3110/2915 2793/3367/2954
f 2793/3368/2959 2614/3111/2912 2610/3103/2264 2790/3364/2263
f 2604/3090/2248 2553/3020/2247 2554/3021/3364 2605/3092/3385
f 2605/3093/3386 2554/3022/3365 2552/3019/2352 2603/3089/2230
f 2525/2983/2268 2600/3083/2267 2602/3086/3387 2527/2985/3348
f 2527/2986/3351 2602/3088/3388 2601/3085/2229 2526/2984/2228
f 2534/2995/2235 2537/2999/2272 2539/3001/3389 2536/2997/3356
f 2536/2998/3357 2539/3002/3390 2538/3000/2234 2535/2996/2233
f 2777/3342/2404 2783/3352/2403 2785/3354/2950 2781/3349/2944
f 2781/3350/2940 2785/3355/2945 2782/3351/2365 2775/3340/2321
f 2541/3004/2385 2544/3008/2391 2545/3009/3359 2542/3005/3391
f 2542/3006/3392 2545/3010/3360 2543/3007/3362 2540/3003/3393
f 2623/3123/2386 2541/3004/2385 2542/3005/3391 2624/3124/3394
f 2624/3125/3395 2542/3006/3392 2540/3003/3393 2622/3122/3396
f 2537/2999/2272 2616/3114/2271 2618/3116/3397 2539/3001/3389
f 2539/3002/3390 2618/3117/3398 2617/3115/2335 2538/3000/2234
f 2616/3114/2271 2619/3118/2275 2621/3120/3399 2618/3116/3397
f 2618/3117/3398 2621/3121/3400 2620/3119/2336 2617/3115/2335
f 2626/3127/2393 2623/3123/2386 2624/3124/3394 2627/3128/3401
f 2627/3129/3402 2624/3125/3395 2622/3122/3396 2625/3126/3403
f 2641/3147/2279 2634/3138/2313 2636/3140/3404 2642/3148/3405
f 2642/3149/3406 2636/3141/3407 2635/3139/2218 2640/3146/2374
f 2647/3155/2285 2649/3158/2311 2651/3160/3408 2648/3156/3409
f 2648/3157/3410 2651/3161/3411 2650/3159/2214 2646/3154/2260
f 2653/3163/2312 2655/3166/2284 2657/3168/3412 2654/3164/3413
f 2654/3165/3414 2657/3169/3415 2656/3167/2328 2652/3162/2219
f 2665/3179/2288 2667/3182/2287 2669/3184/3416 2666/3180/3417
f 2666/3181/3418 2669/3185/3419 2668/3183/2262 2664/3178/2242
f 2649/3158/2311 2637/3142/2314 2639/3144/3420 2651/3160/3408
f 2651/3161/3411 2639/3145/3421 2638/3143/2215 2650/3159/2214
f 2667/3182/2287 2658/3170/2290 2660/3172/3422 2669/3184/3416
f 2669/3185/3419 2660/3173/3423 2659/3171/2255 2668/3183/2262
f 2662/3175/2291 2670/3186/2286 2672/3188/3424 2663/3176/3425
f 2663/3177/3426 2672/3189/3427 2671/3187/2363 2661/3174/2223
f 2655/3166/2284 2673/3190/2283 2675/3192/3428 2657/3168/3412
f 2657/3169/3415 2675/3193/3429 2674/3191/2357 2656/3167/2328
f 2677/3195/2281 2662/3175/2291 2663/3176/3425 2678/3196/3430
f 2678/3197/3431 2663/3177/3426 2661/3174/2223 2676/3194/2222
f 2680/3199/2295 2682/3202/2301 2684/3204/3432 2681/3200/3433
f 2681/3201/3434 2684/3205/3435 2683/3203/2269 2679/3198/2376
f 2686/3207/2282 2647/3155/2285 2648/3156/3409 2687/3208/3436
f 2687/3209/3437 2648/3157/3410 2646/3154/2260 2685/3206/2259
f 2673/3190/2283 2688/3210/2303 2690/3212/3438 2675/3192/3428
f 2675/3193/3429 2690/3213/3439 2689/3211/2237 2674/3191/2357
f 2688/3210/2303 2691/3214/2298 2693/3216/3440 2690/3212/3438
f 2690/3213/3439 2693/3217/3441 2692/3215/2238 2689/3211/2237
f 2695/3219/2299 2697/3222/2302 2699/3224/3442 2696/3220/3443
f 2696/3221/3444 2699/3225/3445 2698/3223/2390 2694/3218/2392
f 2697/3222/2302 2686/3207/2282 2687/3208/3436 2699/3224/3442
f 2699/3225/3445 2687/3209/3437 2685/3206/2259 2698/3223/2390
f 2707/3235/2294 2709/3238/2293 2711/3240/3446 2708/3236/3447
f 2708/3237/3448 2711/3241/3449 2710/3239/2355 2706/3234/2250
f 2709/3238/2293 2712/3242/2309 2714/3244/3450 2711/3240/3446
f 2711/3241/3449 2714/3245/3451 2713/3243/2246 2710/3239/2355
f 2712/3242/2309 2715/3246/2308 2717/3248/3452 2714/3244/3450
f 2714/3245/3451 2717/3249/3453 2716/3247/2241 2713/3243/2246
f 2719/3251/2289 2721/3254/2307 2723/3256/3454 2720/3252/3455
f 2720/3253/3456 2723/3257/3457 2722/3255/2369 2718/3250/2364
f 2721/3254/2307 2724/3258/2310 2726/3260/3458 2723/3256/3454
f 2723/3257/3457 2726/3261/3459 2725/3259/2370 2722/3255/2369
f 2724/3258/2310 2727/3262/2292 2729/3264/3460 2726/3260/3458
f 2726/3261/3459 2729/3265/3461 2728/3263/2372 2725/3259/2370
f 2727/3262/2292 2680/3199/2295 2681/3200/3433 2729/3264/3460
f 2729/3265/3461 2681/3201/3434 2679/3198/2376 2728/3263/2372
f 2731/3267/2280 2641/3147/2279 2642/3148/3405 2732/3268/3462
f 2732/3269/3463 2642/3149/3406 2640/3146/2374 2730/3266/2256
f 2637/3142/2314 2733/3270/2278 2735/3272/3464 2639/3144/3420
f 2639/3145/3421 2735/3273/3465 2734/3271/2252 2638/3143/2215
f 2733/3270/2278 2677/3195/2281 2678/3196/3430 2735/3272/3464
f 2735/3273/3465 2678/3197/3431 2676/3194/2222 2734/3271/2252
f 2658/3170/2290 2731/3267/2280 2732/3268/3462 2660/3172/3422
f 2660/3173/3423 2732/3269/3463 2730/3266/2256 2659/3171/2255
f 2634/3138/2313 2653/3163/2312 2654/3164/3413 2636/3140/3404
f 2636/3141/3407 2654/3165/3414 2652/3162/2219 2635/3139/2218
f 2715/3246/2308 2665/3179/2288 2666/3180/3417 2717/3248/3452
f 2717/3249/3453 2666/3181/3418 2664/3178/2242 2716/3247/2241
f 2670/3186/2286 2719/3251/2289 2720/3252/3455 2672/3188/3424
f 2672/3189/3427 2720/3253/3456 2718/3250/2364 2671/3187/2363
f 2743/3289/2320 2746/3294/2417 2748/3296/2920 2744/3291/3466
f 2744/3290/3467 2748/3297/2916 2745/3293/2415 2742/3287/2395
f 2804/3381/2266 2747/3295/2265 2750/3301/2921 2809/3388/2969
f 2809/3389/3468 2750/3302/3468 2746/3294/3468 2801/3378/3468
f 2740/3282/2300 2707/3235/2294 2708/3236/3447 2741/3283/3469
f 2741/3284/3470 2708/3237/3448 2706/3234/2250 2739/3280/2249
f 2682/3202/2301 2736/3274/2304 2738/3279/3471 2684/3204/3432
f 2684/3205/3435 2738/3277/3472 2737/3275/2270 2683/3203/2269
f 2691/3214/2298 2700/3226/2297 2702/3228/3473 2693/3216/3440
f 2693/3217/3441 2702/3229/3474 2701/3227/2273 2692/3215/2238
f 2629/3131/2382 2737/3276/2270 2738/3278/3472 2630/3133/3475
f 2630/3132/3476 2738/3279/3471 2736/3274/2304 2628/3130/2329
f 2704/3231/3477 2695/3219/2299 2696/3220/3443 2705/3232/3478
f 2705/3233/3479 2696/3221/3444 2694/3218/2392 2703/3230/2388
f 2759/3314/3480 2704/3231/3477 2705/3232/3478 2760/3315/3481
f 2760/3316/3482 2705/3233/3479 2703/3230/2388 2758/3313/2387
f 2700/3226/2297 2755/3309/2317 2757/3311/3483 2702/3228/3473
f 2702/3229/3474 2757/3312/3484 2756/3310/2274 2701/3227/2273
f 2755/3309/2317 2643/3150/2316 2645/3152/3485 2757/3311/3483
f 2757/3312/3484 2645/3153/3486 2644/3151/2276 2756/3310/2274
f 2753/3306/3487 2759/3314/3480 2760/3315/3481 2754/3307/3488
f 2754/3308/3489 2760/3316/3482 2758/3313/2387 2752/3305/2394
f 2609/3102/2414 2745/3293/2415 2751/3303/2918 2612/3105/2909
f 2612/3106/2909 2751/3304/2918 2747/3295/2265 2610/3103/2264
f 2619/3118/2275 2495/2941/2326 2497/2944/3490 2621/3120/3399
f 2621/3121/3400 2497/2943/3491 2496/2942/2189 2620/3119/2336
f 2499/2946/2381 2626/3127/2393 2627/3128/3401 2500/2947/3492
f 2500/2948/3493 2627/3129/3402 2625/3126/3403 2498/2945/2192
f 2643/3150/2316 2631/3134/2332 2633/3136/3494 2645/3152/3485
f 2645/3153/3486 2633/3137/3495 2632/3135/2323 2644/3151/2276
f 2628/3130/2329 2753/3306/3487 2754/3307/3488 2630/3132/3476
f 2630/3133/3475 2754/3308/3489 2752/3305/2394 2629/3131/2382
f 2600/3084/2267 2499/2946/2381 2500/2949/3492 2602/3087/3387
f 2602/3088/3388 2500/2950/3493 2498/2945/2192 2601/3085/2229
f 2770/3331/2409 2761/3317/2408 2767/3327/2924 2774/3338/2935
f 2774/3339/2933 2767/3328/2928 2763/3319/2406 2768/3329/2405
f 2762/3318/2412 2784/3353/2411 2787/3359/2953 2766/3325/2925
f 2766/3326/2930 2787/3360/2948 2783/3352/2403 2763/3319/2406
f 2813/3393/2190 2496/2942/2189 2497/2943/3491 2817/3397/2970
f 2817/3398/2975 2497/2944/3490 2495/2941/2326 2814/3394/2325
f 2775/3340/2321 2743/3289/2320 2744/3291/3466 2778/3343/2938
f 2778/3344/2943 2744/3292/3467 2742/3288/2395 2776/3341/2398
f 2828/3411/2366 2782/3351/2365 2788/3361/2947 2832/3415/2978
f 2832/3416/2983 2788/3362/2951 2784/3353/2411 2829/3412/2410
f 2606/3096/2343 2770/3331/2409 2773/3336/2937 2608/3100/3384
f 2608/3101/3383 2773/3337/2934 2769/3330/2397 2607/3098/2396
f 2768/3329/2405 2777/3342/2404 2780/3348/2941 2771/3332/2931
f 2771/3332/2931 2780/3348/2941 2776/3341/2398 2769/3330/2397
f 2603/3089/2230 2792/3366/2358 2796/3372/2961 2605/3094/3386
f 2605/3095/3385 2796/3373/2960 2791/3365/2418 2604/3091/2248
f 2739/3281/2249 2803/3380/2419 2807/3385/2968 2741/3285/3470
f 2741/3286/3469 2807/3386/2965 2802/3379/2305 2740/3282/2300
f 2761/3317/2408 2816/3396/2407 2820/3402/2977 2764/3320/2922
f 2764/3321/2927 2820/3403/2976 2815/3395/2413 2762/3318/2412
f 2631/3134/2332 2831/3414/2331 2835/3420/2985 2633/3136/3494
f 2633/3137/3495 2835/3421/2984 2830/3413/2324 2632/3135/2323
f 2814/3394/2325 2830/3413/2324 2834/3419/2981 2819/3401/2973
f 2819/3401/2973 2834/3419/2981 2829/3412/2410 2815/3395/2413
f 2826/3409/2330 2810/3390/2306 2812/3392/3496 2827/3410/3497
f 2827/3410/3497 2812/3392/3496 2811/3391/2319 2825/3408/2322
f 2831/3414/2331 2826/3409/2330 2827/3410/3497 2836/3422/2980
f 2836/3422/2980 2827/3410/3497 2825/3408/2322 2828/3411/2366
f 2823/3406/2191 2813/3393/2190 2821/3404/2972 2824/3407/10
f 2824/3407/10 2821/3404/2972 2816/3396/2407 2822/3405/10
f 2799/3376/2277 2823/3406/2191 2824/3407/10 2800/3377/10
f 2800/3377/10 2824/3407/10 2822/3405/10 2798/3375/10
f 2803/3380/2419 2791/3365/2418 2795/3371/2957 2808/3387/2966
f 2808/3387/2966 2795/3371/2957 2790/3364/2263 2804/3381/2266
f 2810/3390/2306 2802/3379/2305 2805/3382/2962 2812/3392/3496
f 2812/3392/3496 2805/3382/2962 2801/3378/2416 2811/3391/2319
f 2792/3366/2358 2799/3376/2277 2800/3377/10 2797/3374/2956
f 2797/3374/2956 2800/3377/10 2798/3375/10 2789/3363/2345
f 2922/3538/2580 2933/3553/2425 2935/3555/3498 2923/3539/3499
f 2923/3540/3500 2935/3556/3501 2934/3554/2555 2921/3537/2549
f 2850/3442/2464 2852/3445/2421 2854/3447/3502 2851/3443/3503
f 2851/3444/3504 2854/3448/3505 2853/3446/2553 2849/3441/2590
f 2847/3438/2424 2861/3457/2534 2863/3459/3506 2848/3439/3507
f 2848/3440/3508 2863/3460/3509 2862/3458/2591 2846/3437/2556
f 2937/3558/2446 2855/3449/2468 2857/3451/3510 2938/3559/3511
f 2938/3560/3512 2857/3452/3513 2856/3450/2435 2936/3557/2434
f 2852/3445/2421 2843/3433/2420 2845/3435/3514 2854/3447/3502
f 2854/3448/3505 2845/3436/3515 2844/3434/2554 2853/3446/2553
f 2855/3449/2468 2930/3549/2461 2932/3551/3516 2857/3451/3510
f 2857/3452/3513 2932/3552/3517 2931/3550/2546 2856/3450/2435
f 2859/3454/2428 2864/3461/2569 2866/3463/3518 2860/3455/3519
f 2860/3456/3520 2866/3464/3521 2865/3462/2432 2858/3453/2545
f 2861/3457/2534 2870/3469/2563 2872/3471/3522 2863/3459/3506
f 2863/3460/3509 2872/3472/3523 2871/3470/2586 2862/3458/2591
f 2928/3546/2429 2859/3454/2428 2860/3455/3519 2929/3547/3524
f 2929/3548/3525 2860/3456/3520 2858/3453/2545 2927/3545/2544
f 2916/3530/2582 2867/3465/2475 2869/3467/3526 2917/3531/3527
f 2917/3532/3528 2869/3468/3529 2868/3466/2436 2915/3529/2558
f 2892/3498/2465 2850/3442/2464 2851/3443/3503 2893/3499/3530
f 2893/3500/3531 2851/3444/3504 2849/3441/2590 2891/3497/2585
f 2870/3469/2563 2873/3473/2443 2875/3475/3532 2872/3471/3522
f 2872/3472/3523 2875/3476/3533 2874/3474/2587 2871/3470/2586
f 2873/3473/2443 2876/3477/2442 2878/3479/3534 2875/3475/3532
f 2875/3476/3533 2878/3480/3535 2877/3478/2440 2874/3474/2587
f 2886/3490/2598 2888/3493/2596 2890/3495/3536 2887/3491/3537
f 2887/3492/3538 2890/3496/3539 2889/3494/2584 2885/3489/3540
f 2888/3493/2596 2892/3498/2465 2893/3499/3530 2890/3495/3536
f 2890/3496/3539 2893/3500/3531 2891/3497/2585 2889/3494/2584
f 2895/3502/2454 2897/3505/2561 2899/3507/3541 2896/3503/3542
f 2896/3504/3543 2899/3508/3544 2898/3506/2560 2894/3501/2559
f 2897/3505/2561 2900/3509/2452 2902/3511/3545 2899/3507/3541
f 2899/3508/3544 2902/3512/3546 2901/3510/2567 2898/3506/2560
f 2900/3509/2452 2903/3513/2447 2905/3515/3547 2902/3511/3545
f 2902/3512/3546 2905/3516/3548 2904/3514/2451 2901/3510/2567
f 2940/3562/2568 2906/3517/2575 2908/3519/3549 2941/3563/3550
f 2941/3564/3551 2908/3520/3552 2907/3518/2450 2939/3561/2433
f 2906/3517/2575 2909/3521/2574 2911/3523/3553 2908/3519/3549
f 2908/3520/3552 2911/3524/3554 2910/3522/2566 2907/3518/2450
f 2909/3521/2574 2912/3525/2578 2914/3527/3555 2911/3523/3553
f 2911/3524/3554 2914/3528/3556 2913/3526/2557 2910/3522/2566
f 2912/3525/2578 2916/3530/2582 2917/3531/3527 2914/3527/3555
f 2914/3528/3556 2917/3532/3528 2915/3529/2558 2913/3526/2557
f 2919/3534/2460 2922/3538/2580 2923/3539/3499 2920/3535/3557
f 2920/3536/3558 2923/3540/3500 2921/3537/2549 2918/3533/2547
f 2843/3433/2420 2924/3541/2458 2926/3543/3559 2845/3435/3514
f 2845/3436/3515 2926/3544/3560 2925/3542/2548 2844/3434/2554
f 2924/3541/2458 2928/3546/2429 2929/3547/3524 2926/3543/3559
f 2926/3544/3560 2929/3548/3525 2927/3545/2544 2925/3542/2548
f 2930/3549/2461 2919/3534/2460 2920/3535/3557 2932/3551/3516
f 2932/3552/3517 2920/3536/3558 2918/3533/2547 2931/3550/2546
f 2933/3553/2425 2847/3438/2424 2848/3439/3507 2935/3555/3498
f 2935/3556/3501 2848/3440/3508 2846/3437/2556 2934/3554/2555
f 2903/3513/2447 2937/3558/2446 2938/3559/3511 2905/3515/3547
f 2905/3516/3548 2938/3560/3512 2936/3557/2434 2904/3514/2451
f 2864/3461/2569 2940/3562/2568 2941/3563/3550 2866/3463/3518
f 2866/3464/3521 2941/3564/3551 2939/3561/2433 2865/3462/2432
f 2949/3579/2603 2951/3584/2621 2957/3594/2988 2950/3581/3561
f 2950/3582/3562 2957/3595/2990 2953/3586/2551 2948/3578/2550
f 3131/3845/2552 2953/3586/2551 2956/3592/2992 3135/3849/3032
f 3135/3850/3037 2956/3593/2989 2952/3585/2471 3132/3846/2470
f 2946/3572/2455 2895/3502/2454 2896/3503/3542 2947/3574/3563
f 2947/3575/3564 2896/3504/3543 2894/3501/2559 2945/3571/2438
f 2867/3465/2475 2942/3565/2474 2944/3568/3565 2869/3467/3526
f 2869/3468/3529 2944/3570/3566 2943/3567/2437 2868/3466/2436
f 2876/3477/2442 2879/3481/2479 2881/3483/3567 2878/3479/3534
f 2878/3480/3535 2881/3484/3568 2880/3482/2441 2877/3478/2440
f 3119/3824/2611 3125/3834/2610 3127/3836/3028 3123/3831/3022
f 3123/3832/3018 3127/3837/3023 3124/3833/2572 3117/3822/2528
f 2883/3486/2592 2886/3490/2598 2887/3491/3537 2884/3487/3569
f 2884/3488/3570 2887/3492/3538 2885/3489/3540 2882/3485/3571
f 2965/3605/2593 2883/3486/2592 2884/3487/3569 2966/3606/3572
f 2966/3607/3573 2884/3488/3570 2882/3485/3571 2964/3604/3574
f 2879/3481/2479 2958/3596/2478 2960/3598/3575 2881/3483/3567
f 2881/3484/3568 2960/3599/3576 2959/3597/2542 2880/3482/2441
f 2958/3596/2478 2961/3600/2482 2963/3602/3577 2960/3598/3575
f 2960/3599/3576 2963/3603/3578 2962/3601/2543 2959/3597/2542
f 2968/3609/2600 2965/3605/2593 2966/3606/3572 2969/3610/3579
f 2969/3611/3580 2966/3607/3573 2964/3604/3574 2967/3608/3581
f 2983/3629/2486 2976/3620/2520 2978/3622/3582 2984/3630/3583
f 2984/3631/3584 2978/3623/3585 2977/3621/2426 2982/3628/2581
f 2989/3637/2492 2991/3640/2518 2993/3642/3586 2990/3638/3587
f 2990/3639/3588 2993/3643/3589 2992/3641/2422 2988/3636/2467
f 2995/3645/2519 2997/3648/2491 2999/3650/3590 2996/3646/3591
f 2996/3647/3592 2999/3651/3593 2998/3649/2535 2994/3644/2427
f 3007/3661/2495 3009/3664/2494 3011/3666/3594 3008/3662/3595
f 3008/3663/3596 3011/3667/3597 3010/3665/2469 3006/3660/2449
f 2991/3640/2518 2979/3624/2521 2981/3626/3598 2993/3642/3586
f 2993/3643/3589 2981/3627/3599 2980/3625/2423 2992/3641/2422
f 3009/3664/2494 3000/3652/2497 3002/3654/3600 3011/3666/3594
f 3011/3667/3597 3002/3655/3601 3001/3653/2462 3010/3665/2469
f 3004/3657/2498 3012/3668/2493 3014/3670/3602 3005/3658/3603
f 3005/3659/3604 3014/3671/3605 3013/3669/2570 3003/3656/2431
f 2997/3648/2491 3015/3672/2490 3017/3674/3606 2999/3650/3590
f 2999/3651/3593 3017/3675/3607 3016/3673/2564 2998/3649/2535
f 3019/3677/2488 3004/3657/2498 3005/3658/3603 3020/3678/3608
f 3020/3679/3609 3005/3659/3604 3003/3656/2431 3018/3676/2430
f 3022/3681/2502 3024/3684/2508 3026/3686/3610 3023/3682/3611
f 3023/3683/3612 3026/3687/3613 3025/3685/2476 3021/3680/2583
f 3028/3689/2489 2989/3637/2492 2990/3638/3587 3029/3690/3614
f 3029/3691/3615 2990/3639/3588 2988/3636/2467 3027/3688/2466
f 3015/3672/2490 3030/3692/2510 3032/3694/3616 3017/3674/3606
f 3017/3675/3607 3032/3695/3617 3031/3693/2444 3016/3673/2564
f 3030/3692/2510 3033/3696/2505 3035/3698/3618 3032/3694/3616
f 3032/3695/3617 3035/3699/3619 3034/3697/2445 3031/3693/2444
f 3037/3701/2506 3039/3704/2509 3041/3706/3620 3038/3702/3621
f 3038/3703/3622 3041/3707/3623 3040/3705/2597 3036/3700/2599
f 3039/3704/2509 3028/3689/2489 3029/3690/3614 3041/3706/3620
f 3041/3707/3623 3029/3691/3615 3027/3688/2466 3040/3705/2597
f 3049/3717/2501 3051/3720/2500 3053/3722/3624 3050/3718/3625
f 3050/3719/3626 3053/3723/3627 3052/3721/2562 3048/3716/2457
f 3051/3720/2500 3054/3724/2516 3056/3726/3628 3053/3722/3624
f 3053/3723/3627 3056/3727/3629 3055/3725/2453 3052/3721/2562
f 3054/3724/2516 3057/3728/2515 3059/3730/3630 3056/3726/3628
f 3056/3727/3629 3059/3731/3631 3058/3729/2448 3055/3725/2453
f 3061/3733/2496 3063/3736/2514 3065/3738/3632 3062/3734/3633
f 3062/3735/3634 3065/3739/3635 3064/3737/2576 3060/3732/2571
f 3063/3736/2514 3066/3740/2517 3068/3742/3636 3065/3738/3632
f 3065/3739/3635 3068/3743/3637 3067/3741/2577 3064/3737/2576
f 3066/3740/2517 3069/3744/2499 3071/3746/3638 3068/3742/3636
f 3068/3743/3637 3071/3747/3639 3070/3745/2579 3067/3741/2577
f 3069/3744/2499 3022/3681/2502 3023/3682/3611 3071/3746/3638
f 3071/3747/3639 3023/3683/3612 3021/3680/2583 3070/3745/2579
f 3073/3749/2487 2983/3629/2486 2984/3630/3583 3074/3750/3640
f 3074/3751/3641 2984/3631/3584 2982/3628/2581 3072/3748/2463
f 2979/3624/2521 3075/3752/2485 3077/3754/3642 2981/3626/3598
f 2981/3627/3599 3077/3755/3643 3076/3753/2459 2980/3625/2423
f 3075/3752/2485 3019/3677/2488 3020/3678/3608 3077/3754/3642
f 3077/3755/3643 3020/3679/3609 3018/3676/2430 3076/3753/2459
f 3000/3652/2497 3073/3749/2487 3074/3750/3640 3002/3654/3600
f 3002/3655/3601 3074/3751/3641 3072/3748/2463 3001/3653/2462
f 2976/3620/2520 2995/3645/2519 2996/3646/3591 2978/3622/3582
f 2978/3623/3585 2996/3647/3592 2994/3644/2427 2977/3621/2426
f 3057/3728/2515 3007/3661/2495 3008/3662/3595 3059/3730/3630
f 3059/3731/3631 3008/3663/3596 3006/3660/2449 3058/3729/2448
f 3012/3668/2493 3061/3733/2496 3062/3734/3633 3014/3670/3602
f 3014/3671/3605 3062/3735/3634 3060/3732/2571 3013/3669/2570
f 3085/3771/2527 3088/3776/2624 3090/3778/2998 3086/3773/3644
f 3086/3772/3645 3090/3779/2993 3087/3775/2622 3084/3769/2602
f 3146/3863/2473 3089/3777/2472 3092/3783/2999 3151/3870/3047
f 3151/3871/3042 3092/3784/2996 3088/3776/2624 3143/3860/2623
f 3082/3764/2507 3049/3717/2501 3050/3718/3625 3083/3765/3646
f 3083/3766/3647 3050/3719/3626 3048/3716/2457 3081/3762/2456
f 3024/3684/2508 3078/3756/2511 3080/3761/3648 3026/3686/3610
f 3026/3687/3613 3080/3759/3649 3079/3757/2477 3025/3685/2476
f 3033/3696/2505 3042/3708/2504 3044/3710/3650 3035/3698/3618
f 3035/3699/3619 3044/3711/3651 3043/3709/2480 3034/3697/2445
f 2971/3613/2589 3079/3758/2477 3080/3760/3649 2972/3615/3652
f 2972/3614/3653 3080/3761/3648 3078/3756/2511 2970/3612/2536
f 3046/3713/3654 3037/3701/2506 3038/3702/3621 3047/3714/3655
f 3047/3715/3656 3038/3703/3622 3036/3700/2599 3045/3712/2595
f 3101/3796/3657 3046/3713/3654 3047/3714/3655 3102/3797/3658
f 3102/3798/3659 3047/3715/3656 3045/3712/2595 3100/3795/2594
f 3042/3708/2504 3097/3791/2524 3099/3793/3660 3044/3710/3650
f 3044/3711/3651 3099/3794/3661 3098/3792/2481 3043/3709/2480
f 3097/3791/2524 2985/3632/2523 2987/3634/3662 3099/3793/3660
f 3099/3794/3661 2987/3635/3663 2986/3633/2483 3098/3792/2481
f 3095/3788/3664 3101/3796/3657 3102/3797/3658 3096/3789/3665
f 3096/3790/3666 3102/3798/3659 3100/3795/2594 3094/3787/2601
f 2951/3584/2621 3087/3775/2622 3093/3785/2995 2954/3587/2986
f 2954/3588/2986 3093/3786/2995 3089/3777/2472 2952/3585/2471
f 2961/3600/2482 2837/3423/2533 2839/3426/3667 2963/3602/3577
f 2963/3603/3578 2839/3425/3668 2838/3424/2399 2962/3601/2543
f 2841/3428/2588 2968/3609/2600 2969/3610/3579 2842/3429/3669
f 2842/3430/3670 2969/3611/3580 2967/3608/3581 2840/3427/2402
f 2985/3632/2523 2973/3616/2539 2975/3618/3671 2987/3634/3662
f 2987/3635/3663 2975/3619/3672 2974/3617/2530 2986/3633/2483
f 2970/3612/2536 3095/3788/3664 3096/3789/3665 2972/3614/3653
f 2972/3615/3652 3096/3790/3666 3094/3787/2601 2971/3613/2589
f 2942/3566/2474 2841/3428/2588 2842/3431/3669 2944/3569/3565
f 2944/3570/3566 2842/3432/3670 2840/3427/2402 2943/3567/2437
f 3112/3813/2616 3103/3799/2615 3109/3809/3002 3116/3820/3013
f 3116/3821/3011 3109/3810/3006 3105/3801/2613 3110/3811/2612
f 3104/3800/2619 3126/3835/2618 3129/3841/3031 3108/3807/3003
f 3108/3808/3008 3129/3842/3026 3125/3834/2610 3105/3801/2613
f 3155/3875/2400 2838/3424/2399 2839/3425/3668 3159/3879/3048
f 3159/3880/3053 2839/3426/3667 2837/3423/2533 3156/3876/2532
f 3117/3822/2528 3085/3771/2527 3086/3773/3644 3120/3825/3016
f 3120/3826/3021 3086/3774/3645 3084/3770/2602 3118/3823/2605
f 3170/3893/2573 3124/3833/2572 3130/3843/3025 3174/3897/3056
f 3174/3898/3061 3130/3844/3029 3126/3835/2618 3171/3894/2617
f 2948/3578/2550 3112/3813/2616 3115/3818/3015 2950/3582/3562
f 2950/3583/3561 3115/3819/3012 3111/3812/2604 2949/3580/2603
f 3110/3811/2612 3119/3824/2611 3122/3830/3019 3113/3814/3009
f 3113/3814/3009 3122/3830/3019 3118/3823/2605 3111/3812/2604
f 2945/3571/2438 3134/3848/2565 3138/3854/3039 2947/3576/3564
f 2947/3577/3563 3138/3855/3038 3133/3847/2625 2946/3573/2455
f 3081/3763/2456 3145/3862/2626 3149/3867/3046 3083/3767/3647
f 3083/3768/3646 3149/3868/3043 3144/3861/2512 3082/3764/2507
f 3103/3799/2615 3158/3878/2614 3162/3884/3055 3106/3802/3000
f 3106/3803/3005 3162/3885/3054 3157/3877/2620 3104/3800/2619
f 2973/3616/2539 3173/3896/2538 3177/3902/3063 2975/3618/3671
f 2975/3619/3672 3177/3903/3062 3172/3895/2531 2974/3617/2530
f 3156/3876/2532 3172/3895/2531 3176/3901/3059 3161/3883/3051
f 3161/3883/3051 3176/3901/3059 3171/3894/2617 3157/3877/2620
f 3168/3891/2537 3152/3872/2513 3154/3874/3318 3169/3892/3673
f 3169/3892/3673 3154/3874/3318 3153/3873/2526 3167/3890/2529
f 3173/3896/2538 3168/3891/2537 3169/3892/3673 3178/3904/3058
f 3178/3904/3058 3169/3892/3673 3167/3890/2529 3170/3893/2573
f 3165/3888/2401 3155/3875/2400 3163/3886/3050 3166/3889/9
f 3166/3889/9 3163/3886/3050 3158/3878/2614 3164/3887/9
f 3141/3858/2484 3165/3888/2401 3166/3889/9 3142/3859/9
f 3142/3859/9 3166/3889/9 3164/3887/9 3140/3857/9
f 3145/3862/2626 3133/3847/2625 3137/3853/3035 3150/3869/3044
f 3150/3869/3044 3137/3853/3035 3132/3846/2470 3146/3863/2473
f 3152/3872/2513 3144/3861/2512 3147/3864/3040 3154/3874/3318
f 3154/3874/3318 3147/3864/3040 3143/3860/2623 3153/3873/2526
f 3134/3848/2565 3141/3858/2484 3142/3859/9 3139/3856/3034
f 3139/3856/3034 3142/3859/9 3140/3857/9 3131/3845/2552
f 3264/4020/2695 3275/4035/2669 3277/4037/3674 3265/4021/3675
f 3265/4022/3676 3277/4038/3677 3276/4036/2634 3263/4019/2788
f 3192/3924/2796 3194/3927/2667 3196/3929/3678 3193/3925/3679
f 3193/3926/3680 3196/3930/3681 3195/3928/2762 3191/3923/2675
f 3189/3920/2668 3203/3939/2795 3205/3941/3682 3190/3921/3683
f 3190/3922/3684 3205/3942/3685 3204/3940/2746 3188/3919/2631
f 3279/4040/2658 3197/3931/2756 3199/3933/3686 3280/4041/3687
f 3280/4042/3688 3199/3934/3689 3198/3932/2680 3278/4039/2653
f 3194/3927/2667 3185/3915/2670 3187/3917/3690 3196/3929/3678
f 3196/3930/3681 3187/3918/3691 3186/3916/2630 3195/3928/2762
f 3197/3931/2756 3272/4031/2641 3274/4033/3692 3199/3933/3686
f 3199/3934/3689 3274/4034/3693 3273/4032/2674 3198/3932/2680
f 3201/3936/2642 3206/3943/2757 3208/3945/3694 3202/3937/3695
f 3202/3938/3696 3208/3946/3697 3207/3944/2778 3200/3935/2635
f 3203/3939/2795 3212/3951/2793 3214/3953/3698 3205/3941/3682
f 3205/3942/3685 3214/3954/3699 3213/3952/2769 3204/3940/2746
f 3270/4028/2639 3201/3936/2642 3202/3937/3695 3271/4029/3700
f 3271/4030/3701 3202/3938/3696 3200/3935/2635 3269/4027/2638
f 3258/4012/2766 3209/3947/2643 3211/3949/3702 3259/4013/3703
f 3259/4014/3704 3211/3950/3705 3210/3948/2688 3257/4011/2789
f 3234/3980/2794 3192/3924/2796 3193/3925/3679 3235/3981/3706
f 3235/3982/3707 3193/3926/3680 3191/3923/2675 3233/3979/2678
f 3212/3951/2793 3215/3955/2792 3217/3957/3708 3214/3953/3698
f 3214/3954/3699 3217/3958/3709 3216/3956/2652 3213/3952/2769
f 3215/3955/2792 3218/3959/2648 3220/3961/3710 3217/3957/3708
f 3217/3958/3709 3220/3962/3711 3219/3960/2649 3216/3956/2652
f 3228/3972/3712 3230/3975/2791 3232/3977/3713 3229/3973/3714
f 3229/3974/3715 3232/3978/3716 3231/3976/2802 3227/3971/2804
f 3230/3975/2791 3234/3980/2794 3235/3981/3706 3232/3977/3713
f 3232/3978/3716 3235/3982/3707 3233/3979/2678 3231/3976/2802
f 3237/3984/2765 3239/3987/2764 3241/3989/3717 3238/3985/3718
f 3238/3986/3719 3241/3990/3720 3240/3988/2768 3236/3983/2663
f 3239/3987/2764 3242/3991/2774 3244/3993/3721 3241/3989/3717
f 3241/3990/3720 3244/3994/3722 3243/3992/2662 3240/3988/2768
f 3242/3991/2774 3245/3995/2659 3247/3997/3723 3244/3993/3721
f 3244/3994/3722 3247/3998/3724 3246/3996/2656 3243/3992/2662
f 3282/4044/2657 3248/3999/2660 3250/4001/3725 3283/4045/3726
f 3283/4046/3727 3250/4002/3728 3249/4000/2784 3281/4043/2775
f 3248/3999/2660 3251/4003/2773 3253/4005/3729 3250/4001/3725
f 3250/4002/3728 3253/4006/3730 3252/4004/2781 3249/4000/2784
f 3251/4003/2773 3254/4007/2763 3256/4009/3731 3253/4005/3729
f 3253/4006/3730 3256/4010/3732 3255/4008/2785 3252/4004/2781
f 3254/4007/2763 3258/4012/2766 3259/4013/3703 3256/4009/3731
f 3256/4010/3732 3259/4014/3704 3257/4011/2789 3255/4008/2785
f 3261/4016/2640 3264/4020/2695 3265/4021/3675 3262/4017/3733
f 3262/4018/3734 3265/4022/3676 3263/4019/2788 3260/4015/2671
f 3185/3915/2670 3266/4023/2696 3268/4025/3735 3187/3917/3690
f 3187/3918/3691 3268/4026/3736 3267/4024/2627 3186/3916/2630
f 3266/4023/2696 3270/4028/2639 3271/4029/3700 3268/4025/3735
f 3268/4026/3736 3271/4030/3701 3269/4027/2638 3267/4024/2627
f 3272/4031/2641 3261/4016/2640 3262/4017/3733 3274/4033/3692
f 3274/4034/3693 3262/4018/3734 3260/4015/2671 3273/4032/2674
f 3275/4035/2669 3189/3920/2668 3190/3921/3683 3277/4037/3674
f 3277/4038/3677 3190/3922/3684 3188/3919/2631 3276/4036/2634
f 3245/3995/2659 3279/4040/2658 3280/4041/3687 3247/3997/3723
f 3247/3998/3724 3280/4042/3688 3278/4039/2653 3246/3996/2656
f 3206/3943/2757 3282/4044/2657 3283/4045/3726 3208/3945/3694
f 3208/3946/3697 3283/4046/3727 3281/4043/2775 3207/3944/2778
f 3291/4062/2760 3294/4067/2759 3296/4069/3068 3292/4065/3737
f 3292/4063/3738 3296/4070/3064 3293/4066/2824 3290/4060/2810
f 3476/4331/2681 3295/4068/2684 3298/4074/3069 3481/4338/3116
f 3481/4339/3739 3298/4075/3739 3294/4067/3739 3473/4328/3739
f 3288/4055/2644 3237/3984/2765 3238/3985/3718 3289/4056/3740
f 3289/4057/3741 3238/3986/3719 3236/3983/2663 3287/4053/2666
f 3209/3947/2643 3284/4047/2645 3286/4051/3742 3211/3949/3702
f 3211/3950/3705 3286/4050/3743 3285/4048/2685 3210/3948/2688
f 3218/3959/2648 3221/3963/2647 3223/3965/3744 3220/3961/3710
f 3220/3962/3711 3223/3966/3745 3222/3964/2692 3219/3960/2649
f 3461/4307/2740 3466/4316/2780 3472/4326/3102 3465/4314/3097
f 3465/4315/3095 3472/4327/3106 3468/4318/2811 3459/4305/2814
f 3225/3968/3746 3228/3972/3712 3229/3973/3714 3226/3969/3747
f 3226/3970/3748 3229/3974/3715 3227/3971/2804 3224/3967/2797
f 3307/4087/3749 3225/3968/3746 3226/3969/3747 3308/4088/3750
f 3308/4089/3751 3226/3970/3748 3224/3967/2797 3306/4086/2800
f 3221/3963/2647 3300/4078/2754 3302/4080/3752 3223/3965/3744
f 3223/3966/3745 3302/4081/3753 3301/4079/2689 3222/3964/2692
f 3300/4078/2754 3303/4082/2753 3305/4084/3754 3302/4080/3752
f 3302/4081/3753 3305/4085/3755 3304/4083/2693 3301/4079/2689
f 3310/4091/3756 3307/4087/3749 3308/4088/3750 3311/4092/3757
f 3311/4093/3758 3308/4089/3751 3306/4086/2800 3309/4090/2806
f 3325/4111/2787 3318/4102/2633 3320/4104/3759 3326/4112/3760
f 3326/4113/3761 3320/4105/3762 3319/4103/2732 3324/4110/2700
f 3331/4119/2676 3333/4122/2761 3335/4124/3763 3332/4120/3764
f 3332/4121/3765 3335/4125/3766 3334/4123/2730 3330/4118/2702
f 3337/4127/2632 3339/4130/2747 3341/4132/3767 3338/4128/3768
f 3338/4129/3769 3341/4133/3770 3340/4131/2703 3336/4126/2733
f 3349/4143/2654 3351/4146/2679 3353/4148/3771 3350/4144/3772
f 3350/4145/3773 3353/4149/3774 3352/4147/2708 3348/4142/2707
f 3333/4122/2761 3321/4106/2629 3323/4108/3775 3335/4124/3763
f 3335/4125/3766 3323/4109/3776 3322/4107/2731 3334/4123/2730
f 3351/4146/2679 3342/4134/2673 3344/4136/3777 3353/4148/3771
f 3353/4149/3774 3344/4137/3778 3343/4135/2710 3352/4147/2708
f 3346/4139/2636 3354/4150/2777 3356/4152/3779 3347/4140/3780
f 3347/4141/3781 3356/4153/3782 3355/4151/2705 3345/4138/2709
f 3339/4130/2747 3357/4154/2770 3359/4156/3783 3341/4132/3767
f 3341/4133/3770 3359/4157/3784 3358/4155/2704 3340/4131/2703
f 3361/4159/2637 3346/4139/2636 3347/4140/3780 3362/4160/3785
f 3362/4161/3786 3347/4141/3781 3345/4138/2709 3360/4158/2698
f 3364/4163/2790 3366/4166/2687 3368/4168/3787 3365/4164/3788
f 3365/4165/3789 3368/4169/3790 3367/4167/2719 3363/4162/2712
f 3370/4171/2677 3331/4119/2676 3332/4120/3764 3371/4172/3791
f 3371/4173/3792 3332/4121/3765 3330/4118/2702 3369/4170/2701
f 3357/4154/2770 3372/4174/2651 3374/4176/3793 3359/4156/3783
f 3359/4157/3784 3374/4177/3794 3373/4175/2722 3358/4155/2704
f 3372/4174/2651 3375/4178/2650 3377/4180/3795 3374/4176/3793
f 3374/4177/3794 3377/4181/3796 3376/4179/2717 3373/4175/2722
f 3379/4183/2803 3381/4186/2801 3383/4188/3797 3380/4184/3798
f 3380/4185/3799 3383/4189/3800 3382/4187/2721 3378/4182/2716
f 3381/4186/2801 3370/4171/2677 3371/4172/3791 3383/4188/3797
f 3383/4189/3800 3371/4173/3792 3369/4170/2701 3382/4187/2721
f 3391/4199/2664 3393/4202/2767 3395/4204/3801 3392/4200/3802
f 3392/4201/3803 3395/4205/3804 3394/4203/2714 3390/4198/2713
f 3393/4202/2767 3396/4206/2661 3398/4208/3805 3395/4204/3801
f 3395/4205/3804 3398/4209/3806 3397/4207/2728 3394/4203/2714
f 3396/4206/2661 3399/4210/2655 3401/4212/3807 3398/4208/3805
f 3398/4209/3806 3401/4213/3808 3400/4211/2729 3397/4207/2728
f 3403/4215/2776 3405/4218/2783 3407/4220/3809 3404/4216/3810
f 3404/4217/3811 3407/4221/3812 3406/4219/2726 3402/4214/2706
f 3405/4218/2783 3408/4222/2782 3410/4224/3813 3407/4220/3809
f 3407/4221/3812 3410/4225/3814 3409/4223/2727 3406/4219/2726
f 3408/4222/2782 3411/4226/2786 3413/4228/3815 3410/4224/3813
f 3410/4225/3814 3413/4229/3816 3412/4227/2711 3409/4223/2727
f 3411/4226/2786 3364/4163/2790 3365/4164/3788 3413/4228/3815
f 3413/4229/3816 3365/4165/3789 3363/4162/2712 3412/4227/2711
f 3415/4231/2672 3325/4111/2787 3326/4112/3760 3416/4232/3817
f 3416/4233/3818 3326/4113/3761 3324/4110/2700 3414/4230/2699
f 3321/4106/2629 3417/4234/2628 3419/4236/3819 3323/4108/3775
f 3323/4109/3776 3419/4237/3820 3418/4235/2697 3322/4107/2731
f 3417/4234/2628 3361/4159/2637 3362/4160/3785 3419/4236/3819
f 3419/4237/3820 3362/4161/3786 3360/4158/2698 3418/4235/2697
f 3342/4134/2673 3415/4231/2672 3416/4232/3817 3344/4136/3777
f 3344/4137/3778 3416/4233/3818 3414/4230/2699 3343/4135/2710
f 3318/4102/2633 3337/4127/2632 3338/4128/3768 3320/4104/3759
f 3320/4105/3762 3338/4129/3769 3336/4126/2733 3319/4103/2732
f 3399/4210/2655 3349/4143/2654 3350/4144/3772 3401/4212/3807
f 3401/4213/3808 3350/4145/3773 3348/4142/2707 3400/4211/2729
f 3354/4150/2777 3403/4215/2776 3404/4216/3810 3356/4152/3779
f 3356/4153/3782 3404/4217/3811 3402/4214/2706 3355/4151/2705
f 3427/4253/2807 3429/4258/2825 3435/4268/3072 3428/4255/3821
f 3428/4257/3822 3435/4269/3074 3431/4260/2826 3426/4252/2741
f 3485/4343/2827 3431/4260/2826 3434/4266/3076 3489/4347/3117
f 3489/4348/3122 3434/4267/3073 3430/4259/2683 3486/4344/2682
f 3424/4246/2665 3391/4199/2664 3392/4200/3802 3425/4248/3823
f 3425/4249/3824 3392/4201/3803 3390/4198/2713 3423/4245/2720
f 3366/4166/2687 3420/4238/2686 3422/4241/3825 3368/4168/3787
f 3368/4169/3790 3422/4242/3826 3421/4240/2723 3367/4167/2719
f 3375/4178/2650 3384/4190/2691 3386/4192/3827 3377/4180/3795
f 3377/4181/3796 3386/4193/3828 3385/4191/2718 3376/4179/2717
f 3313/4095/3829 3421/4240/2723 3422/4243/3826 3314/4097/3830
f 3314/4096/3831 3422/4244/3825 3420/4239/2686 3312/4094/2822
f 3388/4195/2798 3379/4183/2803 3380/4184/3798 3389/4196/3832
f 3389/4197/3833 3380/4185/3799 3378/4182/2716 3387/4194/3834
f 3443/4279/2799 3388/4195/2798 3389/4196/3832 3444/4280/3835
f 3444/4281/3836 3389/4197/3833 3387/4194/3834 3442/4278/3837
f 3384/4190/2691 3439/4274/2690 3441/4276/3838 3386/4192/3827
f 3386/4193/3828 3441/4277/3839 3440/4275/2736 3385/4191/2718
f 3439/4274/2690 3327/4114/2694 3329/4116/3840 3441/4276/3838
f 3441/4277/3839 3329/4117/3841 3328/4115/2737 3440/4275/2736
f 3437/4271/2805 3443/4279/2799 3444/4280/3835 3438/4272/3842
f 3438/4273/3843 3444/4281/3836 3442/4278/3837 3436/4270/3844
f 3295/4068/2684 3430/4259/2683 3432/4261/3070 3299/4076/3066
f 3299/4077/3066 3432/4262/3070 3429/4258/2825 3293/4066/2824
f 3303/4082/2753 3179/3905/2606 3181/3908/3845 3305/4084/3754
f 3305/4085/3755 3181/3907/3846 3180/3906/2743 3304/4083/2693
f 3183/3910/2607 3310/4091/3756 3311/4092/3757 3184/3911/3847
f 3184/3912/3848 3311/4093/3758 3309/4090/2806 3182/3909/2823
f 3327/4114/2694 3315/4098/2742 3317/4100/3849 3329/4116/3840
f 3329/4117/3841 3317/4101/3850 3316/4099/2749 3328/4115/2737
f 3312/4094/2822 3437/4271/2805 3438/4272/3842 3314/4096/3831
f 3314/4097/3830 3438/4273/3843 3436/4270/3844 3313/4095/3829
f 3284/4047/2645 3183/3910/2607 3184/3913/3847 3286/4051/3742
f 3286/4052/3743 3184/3914/3848 3182/3909/2823 3285/4049/2685
f 3452/4294/2813 3446/4283/2812 3448/4285/3082 3455/4297/3086
f 3455/4298/3091 3448/4286/3077 3445/4282/2817 3453/4295/2816
f 3446/4283/2812 3468/4318/2811 3471/4324/3108 3450/4290/3080
f 3450/4291/3085 3471/4325/3103 3467/4317/2821 3447/4284/2820
f 3500/4361/2744 3180/3906/2743 3181/3907/3846 3505/4368/3132
f 3505/4369/3127 3181/3908/3845 3179/3905/2606 3497/4358/2609
f 3460/4306/2808 3427/4254/2807 3428/4256/3821 3464/4312/3096
f 3464/4313/3099 3428/4257/3822 3426/4252/2741 3461/4307/2740
f 3515/4379/2818 3467/4317/2821 3469/4319/3105 3520/4386/3140
f 3520/4387/3135 3469/4320/3100 3466/4316/2780 3512/4376/2779
f 3290/4061/2810 3454/4296/2809 3457/4302/3092 3292/4064/3738
f 3292/4065/3737 3457/4303/3089 3453/4295/2816 3291/4062/2760
f 3454/4296/2809 3460/4306/2808 3462/4308/3093 3458/4304/3088
f 3458/4304/3088 3462/4308/3093 3459/4305/2814 3452/4294/2813
f 3287/4054/2666 3475/4330/2829 3479/4335/3115 3289/4058/3741
f 3289/4059/3740 3479/4336/3112 3474/4329/2771 3288/4055/2644
f 3423/4245/2720 3488/4346/2725 3492/4352/3124 3425/4250/3824
f 3425/4251/3823 3492/4353/3123 3487/4345/2828 3424/4247/2665
f 3447/4284/2820 3499/4360/2819 3503/4365/3131 3451/4292/3083
f 3451/4293/3079 3503/4366/3128 3498/4359/2815 3445/4282/2817
f 3315/4098/2742 3514/4378/2745 3518/4383/3139 3317/4100/3849
f 3317/4101/3850 3518/4384/3136 3513/4377/2750 3316/4099/2749
f 3499/4360/2819 3515/4379/2818 3519/4385/3137 3504/4367/3129
f 3504/4367/3129 3519/4385/3137 3514/4378/2745 3500/4361/2744
f 3510/4374/2739 3494/4355/2738 3496/4357/3496 3511/4375/3851
f 3511/4375/3851 3496/4357/3496 3495/4356/2724 3509/4373/2751
f 3512/4376/2779 3510/4374/2739 3511/4375/3851 3516/4380/3133
f 3516/4380/3133 3511/4375/3851 3509/4373/2751 3513/4377/2750
f 3507/4371/10 3498/4359/2815 3501/4362/3125 3508/4372/10
f 3508/4372/10 3501/4362/3125 3497/4358/2609 3506/4370/2608
f 3483/4341/10 3507/4371/10 3508/4372/10 3484/4342/10
f 3484/4342/10 3508/4372/10 3506/4370/2608 3482/4340/2772
f 3486/4344/2682 3476/4331/2681 3480/4337/3113 3491/4351/3120
f 3491/4351/3120 3480/4337/3113 3475/4330/2829 3487/4345/2828
f 3494/4355/2738 3485/4343/2827 3493/4354/3119 3496/4357/3496
f 3496/4357/3496 3493/4354/3119 3488/4346/2725 3495/4356/2724
f 3473/4328/2758 3483/4341/10 3484/4342/10 3477/4332/3109
f 3477/4332/3109 3484/4342/10 3482/4340/2772 3474/4329/2771
f 2153/2459/2188 2157/2464/2170 2480/2923/2171 2471/2911/2892
f 3664/4629/3852 3700/4681/3853 3729/4720/3854 3723/4712/3855
f 3584/4470/420 3569/4440/3856 3672/4640/3857 3675/4644/3858
f 3694/4673/3859 3690/4668/3860 3757/4761/3861 3732/4724/3862
f 3703/4685/3863 3666/4632/3864 3727/4717/3865 3747/4744/3866
f 3717/4704/3867 3715/4701/3868 3777/4788/3869 3781/4792/3870
f 3700/4681/3853 3696/4676/3871 3760/4765/3872 3729/4720/3854
f 3676/4645/3873 3673/4641/3874 3765/4772/3875 3741/4736/3876
f 3652/4613/3877 3705/4688/3878 3763/4769/3879 3774/4784/3880
f 3579/4460/3881 3586/4474/3882 3661/4625/3883 3655/4617/3884
f 3586/4474/3882 3580/4462/3885 3657/4620/3886 3661/4625/3883
f 3654/4616/3887 3660/4624/3888 3718/4705/3889 3721/4709/3890
f 3709/4693/3891 3712/4697/3892 3771/4780/3893 3768/4776/3894
f 3682/4653/3895 3678/4648/3896 3745/4741/3897 3738/4732/3898
f 3669/4636/3899 3694/4673/3859 3732/4724/3862 3736/4729/3900
f 3684/4656/3901 3703/4685/3863 3747/4744/3866 3751/4750/3902
f 3658/4621/3903 3682/4653/3895 3738/4732/3898 3714/4700/3904
f 3705/4688/3878 3669/4636/3899 3736/4729/3900 3763/4769/3879
f 3690/4668/3860 3687/4664/3905 3754/4757/3906 3757/4761/3861
f 3696/4676/3871 3654/4616/3887 3721/4709/3890 3760/4765/3872
f 3673/4641/3874 3709/4693/3891 3768/4776/3894 3765/4772/3875
f 3687/4664/3905 3684/4657/3901 3751/4751/3902 3754/4757/3906
f 3581/4464/3907 3583/4468/3908 3679/4649/3909 3681/4652/3910
f 3724/4713/3911 3730/4721/3912 3792/4803/3913 3786/4797/3914
f 3580/4462/3885 3581/4464/3907 3681/4652/3910 3657/4620/3886
f 3576/4454/3915 3575/4452/3916 3693/4672/3917 3670/4637/3918
f 3572/4446/3919 3587/4476/3920 3685/4659/3921 3688/4665/3922
f 3578/4458/3923 3579/4460/3881 3655/4617/3884 3697/4677/3924
f 3569/4440/3856 3570/4442/3925 3708/4692/3926 3672/4640/3857
f 3587/4477/3920 3585/4472/3927 3702/4684/3928 3685/4658/3921
f 3567/4436/3929 3568/4438/3930 3663/4628/3931 3667/4633/3932
f 3678/4648/3896 3676/4645/3873 3741/4736/3876 3745/4741/3897
f 3571/4444/3933 3572/4446/3919 3688/4665/3922 3691/4669/3934
f 3568/4438/3930 3573/4448/3935 3699/4680/3936 3663/4628/3931
f 3570/4442/3925 3574/4450/3937 3711/4696/3938 3708/4692/3926
f 3575/4452/3916 3571/4444/3933 3691/4669/3934 3693/4672/3917
f 3582/4466/3939 3576/4454/3915 3670/4637/3918 3706/4689/3940
f 3574/4450/3937 3577/4456/3941 3651/4612/3942 3711/4696/3938
f 3660/4624/3888 3658/4621/3903 3714/4700/3904 3718/4705/3889
f 3666/4632/3864 3664/4629/3852 3723/4712/3855 3727/4717/3865
f 3577/4456/3941 3582/4466/3939 3706/4689/3940 3651/4612/3942
f 3573/4448/3935 3578/4458/3923 3697/4677/3924 3699/4680/3936
f 3583/4468/3908 3584/4470/420 3675/4644/3858 3679/4649/3909
f 3585/4472/3927 3567/4436/3929 3667/4633/3932 3702/4684/3928
f 3769/4777/3943 3772/4781/3944 3834/4848/3945 3831/4845/3946
f 3775/4785/3947 3762/4768/3948 3826/4840/3949 3837/4851/3950
f 3748/4745/3951 3726/4716/3952 3790/4801/3953 3810/4821/3954
f 3772/4781/3944 3775/4785/3947 3837/4851/3950 3834/4848/3945
f 3762/4768/3948 3735/4728/3955 3799/4810/3956 3826/4840/3949
f 3733/4725/3957 3756/4760/3958 3820/4834/3959 3795/4806/3960
f 3967/4981/3961 3969/4984/3962 3780/4791/3963 3778/4789/3964
f 3726/4716/3952 3724/4713/3911 3786/4797/3914 3790/4801/3953
f 3720/4708/3965 3717/4704/3867 3781/4792/3870 3784/4795/3966
f 3766/4773/3967 3769/4777/3943 3831/4845/3946 3828/4842/3968
f 3735/4728/3955 3733/4725/3957 3795/4806/3960 3799/4810/3956
f 3742/4737/3969 3766/4773/3967 3828/4842/3968 3804/4815/3970
f 3730/4721/3912 3759/4764/3971 3823/4837/3972 3792/4803/3913
f 3744/4740/3973 3742/4737/3969 3804/4815/3970 3808/4819/3974
f 3715/4701/3868 3739/4733/3975 3801/4812/3976 3777/4788/3869
f 3739/4733/3975 3744/4740/3973 3808/4819/3974 3801/4812/3976
f 3753/4756/3977 3750/4749/3978 3814/4827/3979 3817/4831/3980
f 3759/4764/3971 3720/4708/3965 3784/4795/3966 3823/4837/3972
f 3750/4748/3978 3748/4745/3951 3810/4821/3954 3814/4826/3979
f 3756/4760/3958 3753/4756/3977 3817/4831/3980 3820/4834/3959
f 3991/5013/3981 3967/4981/3961 3778/4789/3964 3802/4813/3982
f 3972/4988/3983 4011/5042/3984 3822/4836/3985 3783/4794/3986
f 3982/5001/3987 3976/4993/3988 3787/4798/3989 3793/4804/3990
f 3978/4996/3991 4000/5025/3992 3811/4822/3993 3789/4800/3994
f 4008/5038/3995 3985/5005/3996 3796/4807/3997 3819/4833/3998
f 3969/4984/3962 3972/4988/3983 3783/4794/3986 3780/4791/3963
f 4018/5051/3999 3994/5017/4000 3805/4816/4001 3829/4843/4002
f 3994/5017/4000 3996/5020/4003 3807/4818/4004 3805/4816/4001
f 4002/5028/4005 4005/5034/4006 3816/4830/4007 3813/4825/4008
f 4005/5034/4006 4008/5038/3995 3819/4833/3998 3816/4830/4007
f 4014/5046/4009 4027/5063/4010 3838/4852/4011 3825/4839/4012
f 3987/5008/4013 4014/5046/4009 3825/4839/4012 3798/4809/4014
f 3976/4993/3988 3978/4996/3991 3789/4800/3994 3787/4798/3989
f 3985/5005/3996 3987/5008/4013 3798/4809/4014 3796/4807/3997
f 4011/5042/3984 3982/5001/3987 3793/4804/3990 3822/4836/3985
f 3996/5020/4003 3991/5013/3981 3802/4813/3982 3807/4818/4004
f 4000/5025/3992 4002/5029/4005 3813/4824/4008 3811/4822/3993
f 4024/5059/4015 4021/5055/4016 3832/4846/4017 3835/4849/4018
f 4027/5063/4010 4024/5059/4015 3835/4849/4018 3838/4852/4011
f 3840/4854/4019 3844/4858/4020 3970/4985/4021 3966/4980/4022
f 4021/5055/4016 4018/5051/3999 3829/4843/4002 3832/4846/4017
f 3844/4858/4020 3847/4861/4023 3973/4989/4024 3970/4985/4021
f 3847/4861/4023 3886/4900/4025 4012/5043/4026 3973/4989/4024
f 3853/4867/4027 3873/4887/4028 3999/5024/4029 3979/4997/4030
f 3855/4869/4031 3849/4863/4032 3975/4992/4033 3981/5000/4034
f 3862/4876/4035 3889/4903/4036 4015/5047/4037 3988/5009/4038
f 3864/4878/4039 3840/4854/4019 3966/4980/4022 3990/5012/4040
f 3873/4887/4028 3877/4891/4041 4003/5030/4042 3999/5024/4029
f 3867/4881/4043 3871/4885/4044 3997/5021/4045 3993/5016/4046
f 3877/4891/4041 3880/4894/4047 4006/5035/4048 4003/5030/4042
f 3880/4894/4047 3883/4897/4049 4009/5039/4050 4006/5035/4048
f 3889/4903/4036 3900/4914/4051 4026/5062/4052 4015/5047/4037
f 3883/4897/4049 3858/4872/4053 3984/5004/4054 4009/5039/4050
f 3849/4863/4032 3853/4867/4027 3979/4997/4030 3975/4992/4033
f 3858/4872/4053 3862/4876/4035 3988/5009/4038 3984/5004/4054
f 3886/4900/4025 3855/4869/4031 3981/5000/4034 4012/5043/4026
f 3871/4885/4044 3864/4878/4039 3990/5012/4040 3997/5021/4045
f 3891/4905/4055 3867/4881/4043 3993/5016/4046 4017/5050/4056
f 3897/4911/4057 3894/4908/4058 4020/5054/4059 4023/5058/4060
f 3900/4914/4051 3897/4911/4057 4023/5058/4060 4026/5062/4052
f 3542/4410/10 3906/4920/4061 3904/4918/4062
f 3894/4908/4058 3891/4905/4055 4017/5050/4056 4020/5054/4059
f 3542/4410/10 3904/4918/4062 3928/4942/4063
f 3542/4410/10 3948/4962/4064 3909/4923/4065
f 3542/4410/10 3913/4927/4066 3919/4933/4067
f 3542/4410/10 3937/4951/4068 3915/4929/4069
f 3542/4410/10 3922/4936/4070 3945/4959/4071
f 3542/4410/10 3909/4923/4065 3906/4920/4061
f 3542/4410/10 3931/4945/4072 3955/4969/4073
f 3542/4410/10 3933/4947/4074 3931/4945/4072
f 3542/4410/10 3942/4956/4075 3939/4953/4076
f 3542/4410/10 3945/4959/4071 3942/4956/4075
f 3542/4410/10 3964/4978/4077 3951/4965/4078
f 3542/4410/10 3951/4965/4078 3924/4938/4079
f 3542/4410/10 3915/4929/4069 3913/4927/4066
f 3542/4410/10 3924/4938/4079 3922/4936/4070
f 3542/4410/10 3919/4933/4067 3948/4962/4064
f 3542/4410/10 3928/4942/4063 3933/4947/4074
f 3542/4410/10 3939/4953/4076 3937/4951/4068
f 3542/4410/10 3958/4972/4080 3961/4975/4081
f 3542/4410/10 3961/4975/4081 3964/4978/4077
f 4089/5150/4082 4150/5235/4083 4153/5239/4084 4029/5066/4085
f 3542/4410/10 3955/4969/4073 3958/4972/4080
f 3952/4966/4086 3963/4977/4087 3901/4915/4088 3888/4902/4089
f 3963/4977/4087 3960/4974/4090 3898/4912/4091 3901/4915/4088
f 3960/4974/4090 3957/4971/4092 3895/4909/4093 3898/4912/4091
f 3957/4971/4092 3954/4968/4094 3892/4906/4095 3895/4909/4093
f 3930/4944/4096 3934/4948/4097 3870/4884/4098 3868/4882/4099
f 3925/4939/4100 3952/4966/4086 3888/4902/4089 3861/4875/4101
f 3916/4930/4102 3936/4950/4103 3874/4888/4104 3852/4866/4105
f 3949/4963/4106 3918/4932/4107 3856/4870/4108 3885/4899/4109
f 3910/4924/4110 3949/4963/4106 3885/4899/4109 3846/4860/4111
f 3921/4935/4112 3925/4939/4100 3861/4875/4101 3859/4873/4113
f 3943/4957/4114 3946/4960/4115 3882/4896/4116 3879/4893/4117
f 3940/4954/4118 3943/4957/4114 3879/4893/4117 3876/4890/4119
f 3936/4950/4103 3940/4954/4118 3876/4890/4119 3874/4888/4104
f 3934/4948/4097 3927/4941/4120 3865/4879/4121 3870/4884/4098
f 3954/4968/4094 3930/4944/4096 3868/4882/4099 3892/4906/4095
f 3903/4917/4122 3907/4921/4123 3843/4857/4124 3841/4855/4125
f 3946/4960/4115 3921/4935/4112 3859/4873/4113 3882/4896/4116
f 3912/4926/4126 3916/4930/4102 3852/4866/4105 3850/4864/4127
f 3918/4932/4107 3912/4926/4126 3850/4864/4127 3856/4870/4108
f 3907/4921/4123 3910/4924/4110 3846/4860/4111 3843/4857/4124
f 3927/4941/4120 3903/4917/4122 3841/4855/4125 3865/4879/4121
f 4041/5082/4128 4102/5167/4129 4108/5175/4130 4077/5134/4131
f 4050/5094/4132 4144/5227/4133 4147/5231/4134 4086/5146/4135
f 4071/5126/4136 4111/5179/4137 4134/5214/4138 4069/5123/4139
f 3588/4480/3929 4044/5086/4140 4042/5083/4141 3589/4482/3930
f 4096/5159/4142 4158/5245/4143 4156/5243/4144 4092/5154/4145
f 4077/5134/4131 4108/5175/4130 4137/5218/4146 4075/5131/4147
f 4084/5143/4148 4140/5222/4149 4113/5182/4150 4048/5091/4151
f 4029/5066/4085 4153/5239/4084 4140/5222/4149 4084/5143/4148
f 4039/5079/4152 4095/5158/4153 4093/5155/4154 4035/5074/4155
f 4035/5074/4155 4093/5155/4154 4117/5187/4156 4059/5106/4157
f 3595/4494/3937 4090/5151/4158 4030/5067/4159 3598/4500/3941
f 4086/5146/4135 4147/5231/4134 4150/5235/4083 4089/5150/4082
f 4059/5106/4157 4117/5187/4156 4122/5194/4160 4057/5103/4161
f 4048/5091/4151 4113/5182/4150 4111/5179/4137 4071/5126/4136
f 4063/5112/4162 4128/5202/4163 4126/5199/4164 4080/5138/4165
f 4045/5087/4166 4104/5170/4167 4102/5167/4129 4041/5082/4128
f 3597/4498/3915 4047/5090/4168 4072/5127/4169 3596/4496/3916
f 4066/5119/4170 4131/5210/4171 4128/5203/4163 4063/5113/4162
f 4075/5131/4147 4137/5218/4146 4098/5162/4172 4033/5071/4173
f 4057/5103/4161 4122/5194/4160 4120/5191/4174 4053/5098/4175
f 3608/4520/3920 4062/5110/4176 4081/5139/4177 3606/4516/3927
f 3602/4508/3907 4060/5107/4178 4056/5102/4179 3604/4512/3908
f 4101/5166/4180 4165/5252/4181 4171/5258/4182 4107/5174/4183
f 3601/4506/3885 4036/5075/4184 4060/5107/4178 3602/4508/3907
f 4053/5098/4175 4120/5191/4174 4144/5227/4133 4050/5094/4132
f 3593/4490/3919 4065/5118/4185 4062/5111/4176 3608/4521/3920
f 3600/4504/3881 4032/5070/4186 4038/5078/4187 3607/4518/3882
f 3590/4484/3856 4051/5095/4188 4087/5147/4189 3591/4486/3925
f 4069/5123/4139 4134/5214/4138 4131/5210/4171 4066/5119/4170
f 3589/4482/3930 4042/5083/4141 4078/5135/4190 3594/4492/3935
f 3605/4514/420 4054/5099/4191 4051/5095/4188 3590/4484/3856
f 3592/4488/3933 4068/5122/4192 4065/5118/4185 3593/4490/3919
f 4080/5138/4165 4126/5199/4164 4104/5170/4167 4045/5087/4166
f 3591/4486/3925 4087/5147/4189 4090/5151/4158 3595/4494/3937
f 3596/4496/3916 4072/5127/4169 4068/5122/4192 3592/4488/3933
f 3603/4510/3939 4083/5142/4193 4047/5090/4168 3597/4498/3915
f 3598/4500/3941 4030/5067/4159 4083/5142/4193 3603/4510/3939
f 3599/4502/3923 4074/5130/4194 4032/5070/4186 3600/4504/3881
f 3607/4518/3882 4038/5078/4187 4036/5075/4184 3601/4506/3885
f 4033/5071/4173 4098/5162/4172 4095/5158/4153 4039/5079/4152
f 3594/4492/3935 4078/5135/4190 4074/5130/4194 3599/4502/3923
f 3604/4512/3908 4056/5102/4179 4054/5099/4191 3605/4514/420
f 3606/4516/3927 4081/5139/4177 4044/5086/4140 3588/4480/3929
f 4146/5230/4195 4210/5300/4196 4213/5303/4197 4149/5234/4198
f 4152/5238/4199 4216/5306/4200 4203/5293/4201 4141/5223/4202
f 4125/5198/4203 4189/5276/4204 4167/5254/4205 4105/5171/4206
f 4149/5234/4198 4213/5303/4197 4216/5306/4200 4152/5238/4199
f 4141/5223/4202 4203/5293/4201 4176/5263/4207 4114/5183/4208
f 4110/5178/4209 4174/5261/4210 4197/5287/4211 4135/5215/4212
f 4344/5434/4213 4155/5242/4214 4159/5246/4215 4348/5439/4216
f 4105/5171/4206 4167/5254/4205 4165/5252/4181 4101/5166/4180
f 4099/5163/4217 4161/5248/4218 4158/5245/4143 4096/5159/4142
f 4143/5226/4219 4207/5297/4220 4210/5300/4196 4146/5230/4195
f 4114/5183/4208 4176/5263/4207 4174/5261/4210 4110/5178/4209
f 4119/5190/4221 4183/5270/4222 4207/5297/4220 4143/5226/4219
f 4107/5174/4183 4171/5258/4182 4200/5290/4223 4138/5219/4224
f 4123/5195/4225 4185/5272/4226 4183/5270/4222 4119/5190/4221
f 4092/5154/4145 4156/5243/4144 4180/5267/4227 4116/5186/4228
f 4116/5186/4228 4180/5267/4227 4185/5272/4226 4123/5195/4225
f 4132/5211/4229 4194/5284/4230 4191/5279/4231 4129/5205/4232
f 4138/5219/4224 4200/5290/4223 4161/5248/4218 4099/5163/4217
f 4129/5204/4232 4191/5278/4231 4189/5276/4204 4125/5198/4203
f 4135/5215/4212 4197/5287/4211 4194/5284/4230 4132/5211/4229
f 4368/5466/4233 4179/5266/4234 4155/5242/4214 4344/5434/4213
f 4351/5443/4235 4162/5249/4236 4201/5291/4237 4390/5497/4238
f 4359/5454/4239 4170/5257/4240 4164/5251/4241 4353/5446/4242
f 4357/5451/4243 4168/5255/4244 4188/5275/4245 4377/5478/4246
f 4387/5493/4247 4198/5288/4248 4173/5260/4249 4362/5458/4250
f 4348/5439/4216 4159/5246/4215 4162/5249/4236 4351/5443/4235
f 4395/5504/4251 4206/5296/4252 4182/5269/4253 4371/5470/4254
f 4371/5470/4254 4182/5269/4253 4186/5273/4255 4375/5475/4256
f 4381/5483/4257 4192/5281/4258 4195/5285/4259 4384/5489/4260
f 4384/5489/4260 4195/5285/4259 4198/5288/4248 4387/5493/4247
f 4393/5501/4261 4204/5294/4262 4215/5305/4263 4404/5516/4264
f 4366/5463/4265 4177/5264/4266 4204/5294/4262 4393/5501/4261
f 4353/5446/4242 4164/5251/4241 4168/5255/4244 4357/5451/4243
f 4362/5458/4250 4173/5260/4249 4177/5264/4266 4366/5463/4265
f 4390/5497/4238 4201/5291/4237 4170/5257/4240 4359/5454/4239
f 4375/5475/4256 4186/5273/4255 4179/5266/4234 4368/5466/4233
f 4377/5478/4246 4188/5275/4245 4192/5280/4258 4381/5484/4257
f 4401/5512/4267 4212/5302/4268 4209/5299/4269 4398/5508/4270
f 4404/5516/4264 4215/5305/4263 4212/5302/4268 4401/5512/4267
f 4219/5309/4271 4345/5435/4272 4347/5438/4273 4221/5311/4274
f 4398/5508/4270 4209/5299/4269 4206/5296/4252 4395/5504/4251
f 4243/5333/4275 4369/5467/4276 4345/5435/4272 4219/5309/4271
f 4224/5314/4277 4350/5442/4278 4389/5496/4279 4263/5353/4280
f 4234/5324/4281 4360/5455/4282 4354/5447/4283 4228/5318/4284
f 4291/5381/4285 4227/5317/4286 4231/5321/4287 4293/5383/4288
f 4260/5350/4289 4386/5492/4290 4363/5459/4291 4237/5327/4292
f 4282/5372/4293 4218/5308/4294 4222/5312/4295 4284/5374/4296
f 4270/5360/4297 4396/5505/4298 4372/5471/4299 4246/5336/4300
f 4246/5336/4300 4372/5471/4299 4374/5474/4301 4248/5338/4302
f 4254/5344/4303 4380/5482/4304 4383/5488/4305 4257/5347/4306
f 4257/5347/4306 4383/5488/4305 4386/5492/4290 4260/5350/4289
f 4266/5356/4307 4392/5500/4308 4405/5517/4309 4279/5369/4310
f 4300/5390/4311 4236/5326/4312 4240/5330/4313 4302/5392/4314
f 4228/5318/4284 4354/5447/4283 4356/5450/4315 4230/5320/4316
f 4237/5327/4292 4363/5459/4291 4365/5462/4317 4239/5329/4318
f 4263/5353/4280 4389/5496/4279 4360/5455/4282 4234/5324/4281
f 4248/5338/4302 4374/5474/4301 4369/5467/4276 4243/5333/4275
f 4309/5399/4319 4245/5335/4320 4249/5339/4321 4311/5401/4322
f 4276/5366/4323 4402/5513/4324 4399/5509/4325 4273/5363/4326
f 4279/5369/4310 4405/5517/4309 4402/5513/4324 4276/5366/4323
f 3543/4411/9 4281/5371/4327 4285/5375/4328
f 4273/5363/4326 4399/5509/4325 4396/5505/4298 4270/5360/4297
f 3543/4411/9 4305/5395/4329 4281/5371/4327
f 3543/4411/9 4288/5378/4330 4327/5417/4331
f 3543/4411/9 4296/5386/4332 4290/5380/4333
f 3543/4411/9 4294/5384/4334 4314/5404/4335
f 3543/4411/9 4324/5414/4336 4299/5389/4337
f 3543/4411/9 4285/5375/4328 4288/5378/4330
f 3543/4411/9 4332/5422/4338 4308/5398/4339
f 3543/4411/9 4308/5398/4339 4312/5402/4340
f 3543/4411/9 4318/5408/4341 4321/5411/4342
f 3543/4411/9 4321/5411/4342 4324/5414/4336
f 3543/4411/9 4330/5420/4343 4341/5431/4344
f 3543/4411/9 4303/5393/4345 4330/5420/4343
f 3543/4411/9 4290/5380/4333 4294/5384/4334
f 3543/4411/9 4299/5389/4337 4303/5393/4345
f 3543/4411/9 4327/5417/4331 4296/5386/4332
f 3543/4411/9 4312/5402/4340 4305/5395/4329
f 3543/4411/9 4314/5404/4335 4318/5408/4341
f 3543/4411/9 4338/5428/4346 4335/5425/4347
f 3543/4411/9 4341/5431/4344 4338/5428/4346
f 4467/5604/4348 4528/5689/4349 4531/5693/4350 4407/5520/4351
f 3543/4411/9 4335/5425/4347 4332/5422/4338
f 4329/5419/4352 4267/5357/4353 4278/5368/4354 4342/5432/4355
f 4342/5432/4355 4278/5368/4354 4275/5365/4356 4339/5429/4357
f 4339/5429/4357 4275/5365/4356 4272/5362/4358 4336/5426/4359
f 4336/5426/4359 4272/5362/4358 4269/5359/4360 4333/5423/4361
f 4252/5342/4362 4378/5479/4363 4380/5482/4304 4254/5344/4303
f 4302/5392/4314 4240/5330/4313 4267/5357/4353 4329/5419/4352
f 4293/5383/4288 4231/5321/4287 4251/5341/4364 4315/5405/4365
f 4326/5416/4366 4264/5354/4367 4233/5323/4368 4297/5387/4369
f 4287/5377/4370 4225/5315/4371 4264/5354/4367 4326/5416/4366
f 4239/5329/4318 4365/5462/4317 4392/5500/4308 4266/5356/4307
f 4320/5410/4372 4258/5348/4373 4261/5351/4374 4323/5413/4375
f 4317/5407/4376 4255/5345/4377 4258/5348/4373 4320/5410/4372
f 4315/5405/4365 4251/5341/4364 4255/5345/4377 4317/5407/4376
f 4311/5401/4322 4249/5339/4321 4242/5332/4378 4306/5396/4379
f 4333/5423/4361 4269/5359/4360 4245/5335/4320 4309/5399/4319
f 4221/5311/4274 4347/5438/4273 4350/5442/4278 4224/5314/4277
f 4323/5413/4375 4261/5351/4374 4236/5326/4312 4300/5390/4311
f 4230/5320/4316 4356/5450/4315 4378/5479/4363 4252/5342/4362
f 4297/5387/4369 4233/5323/4368 4227/5317/4286 4291/5381/4285
f 4284/5374/4296 4222/5312/4295 4225/5315/4371 4287/5377/4370
f 4306/5396/4379 4242/5332/4378 4218/5308/4294 4282/5372/4293
f 4419/5536/4380 4480/5621/4381 4486/5629/4382 4455/5588/4383
f 4428/5548/4384 4522/5681/4385 4525/5685/4386 4464/5600/4387
f 4449/5580/4388 4489/5633/4389 4512/5668/4390 4447/5577/4391
f 3630/4568/4392 4422/5540/4393 4420/5537/4394 3631/4570/4395
f 4474/5613/4396 4536/5699/4397 4534/5697/4398 4470/5608/4399
f 4455/5588/4383 4486/5629/4382 4515/5672/4400 4453/5585/4401
f 4462/5597/4402 4518/5676/4403 4491/5636/4404 4426/5545/4405
f 4407/5520/4351 4531/5693/4350 4518/5676/4403 4462/5597/4402
f 4417/5533/4406 4473/5612/4407 4471/5609/4408 4413/5528/4409
f 4413/5528/4409 4471/5609/4408 4495/5641/4410 4437/5560/4411
f 3637/4582/4412 4468/5605/4413 4408/5521/4414 3640/4588/4415
f 4464/5600/4387 4525/5685/4386 4528/5689/4349 4467/5604/4348
f 4437/5560/4411 4495/5641/4410 4500/5648/4416 4435/5557/4417
f 4426/5545/4405 4491/5636/4404 4489/5633/4389 4449/5580/4388
f 4441/5566/4418 4506/5656/4419 4504/5653/4420 4458/5592/4421
f 4423/5541/4422 4482/5624/4423 4480/5621/4381 4419/5536/4380
f 3639/4586/4424 4425/5544/4425 4450/5581/4426 3638/4584/4427
f 4444/5573/4428 4509/5664/4429 4506/5657/4419 4441/5567/4418
f 4453/5585/4401 4515/5672/4400 4476/5616/4430 4411/5525/4431
f 4435/5557/4417 4500/5648/4416 4498/5645/4432 4431/5552/4433
f 3650/4608/4434 4440/5564/4435 4459/5593/4436 3648/4604/4437
f 3644/4596/4438 4438/5561/4439 4434/5556/4440 3646/4600/4441
f 4479/5620/4442 4543/5706/4443 4549/5712/4444 4485/5628/4445
f 3643/4594/4446 4414/5529/4447 4438/5561/4439 3644/4596/4438
f 4431/5552/4433 4498/5645/4432 4522/5681/4385 4428/5548/4384
f 3635/4578/4448 4443/5572/4449 4440/5565/4435 3650/4609/4434
f 3642/4592/4450 4410/5524/4451 4416/5532/4452 3649/4606/4453
f 3632/4572/4454 4429/5549/4455 4465/5601/4456 3633/4574/4457
f 4447/5577/4391 4512/5668/4390 4509/5664/4429 4444/5573/4428
f 3631/4570/4395 4420/5537/4394 4456/5589/4458 3636/4580/4459
f 3647/4602/439 4432/5553/4460 4429/5549/4455 3632/4572/4454
f 3634/4576/4461 4446/5576/4462 4443/5572/4449 3635/4578/4448
f 4458/5592/4421 4504/5653/4420 4482/5624/4423 4423/5541/4422
f 3633/4574/4457 4465/5601/4456 4468/5605/4413 3637/4582/4412
f 3638/4584/4427 4450/5581/4426 4446/5576/4462 3634/4576/4461
f 3645/4598/4463 4461/5596/4464 4425/5544/4425 3639/4586/4424
f 3640/4588/4415 4408/5521/4414 4461/5596/4464 3645/4598/4463
f 3641/4590/4465 4452/5584/4466 4410/5524/4451 3642/4592/4450
f 3649/4606/4453 4416/5532/4452 4414/5529/4447 3643/4594/4446
f 4411/5525/4431 4476/5616/4430 4473/5612/4407 4417/5533/4406
f 3636/4580/4459 4456/5589/4458 4452/5584/4466 3641/4590/4465
f 3646/4600/4441 4434/5556/4440 4432/5553/4460 3647/4602/439
f 3648/4604/4437 4459/5593/4436 4422/5540/4393 3630/4568/4392
f 4524/5684/4467 4588/5754/4468 4591/5757/4469 4527/5688/4470
f 4530/5692/4471 4594/5760/4472 4581/5747/4473 4519/5677/4474
f 4503/5652/4475 4567/5730/4476 4545/5708/4477 4483/5625/4478
f 4527/5688/4470 4591/5757/4469 4594/5760/4472 4530/5692/4471
f 4519/5677/4474 4581/5747/4473 4554/5717/4479 4492/5637/4480
f 4488/5632/4481 4552/5715/4482 4575/5741/4483 4513/5669/4484
f 4722/5888/4485 4533/5696/4486 4537/5700/4487 4726/5893/4488
f 4483/5625/4478 4545/5708/4477 4543/5706/4443 4479/5620/4442
f 4477/5617/4489 4539/5702/4490 4536/5699/4397 4474/5613/4396
f 4521/5680/4491 4585/5751/4492 4588/5754/4468 4524/5684/4467
f 4492/5637/4480 4554/5717/4479 4552/5715/4482 4488/5632/4481
f 4497/5644/4493 4561/5724/4494 4585/5751/4492 4521/5680/4491
f 4485/5628/4445 4549/5712/4444 4578/5744/4495 4516/5673/4496
f 4501/5649/4497 4563/5726/4498 4561/5724/4494 4497/5644/4493
f 4470/5608/4399 4534/5697/4398 4558/5721/4499 4494/5640/4500
f 4494/5640/4500 4558/5721/4499 4563/5726/4498 4501/5649/4497
f 4510/5665/4501 4572/5738/4502 4569/5733/4503 4507/5659/4504
f 4516/5673/4496 4578/5744/4495 4539/5702/4490 4477/5617/4489
f 4507/5658/4504 4569/5732/4503 4567/5730/4476 4503/5652/4475
f 4513/5669/4484 4575/5741/4483 4572/5738/4502 4510/5665/4501
f 4746/5920/4505 4557/5720/4506 4533/5696/4486 4722/5888/4485
f 4729/5897/4507 4540/5703/4508 4579/5745/4509 4768/5951/4510
f 4737/5908/4511 4548/5711/4512 4542/5705/4513 4731/5900/4514
f 4735/5905/4515 4546/5709/4516 4566/5729/4517 4755/5932/4518
f 4765/5947/4519 4576/5742/4520 4551/5714/4521 4740/5912/4522
f 4726/5893/4488 4537/5700/4487 4540/5703/4508 4729/5897/4507
f 4773/5958/4523 4584/5750/4524 4560/5723/4525 4749/5924/4526
f 4749/5924/4526 4560/5723/4525 4564/5727/4527 4753/5929/4528
f 4759/5937/4529 4570/5735/4530 4573/5739/4531 4762/5943/4532
f 4762/5943/4532 4573/5739/4531 4576/5742/4520 4765/5947/4519
f 4771/5955/4533 4582/5748/4534 4593/5759/4535 4782/5970/4536
f 4744/5917/4537 4555/5718/4538 4582/5748/4534 4771/5955/4533
f 4731/5900/4514 4542/5705/4513 4546/5709/4516 4735/5905/4515
f 4740/5912/4522 4551/5714/4521 4555/5718/4538 4744/5917/4537
f 4768/5951/4510 4579/5745/4509 4548/5711/4512 4737/5908/4511
f 4753/5929/4528 4564/5727/4527 4557/5720/4506 4746/5920/4505
f 4755/5932/4518 4566/5729/4517 4570/5734/4530 4759/5938/4529
f 4779/5966/4539 4590/5756/4540 4587/5753/4541 4776/5962/4542
f 4782/5970/4536 4593/5759/4535 4590/5756/4540 4779/5966/4539
f 4597/5763/4543 4723/5889/4544 4725/5892/4545 4599/5765/4546
f 4776/5962/4542 4587/5753/4541 4584/5750/4524 4773/5958/4523
f 4621/5787/4547 4747/5921/4548 4723/5889/4544 4597/5763/4543
f 4602/5768/4549 4728/5896/4550 4767/5950/4551 4641/5807/4552
f 4612/5778/4553 4738/5909/4554 4732/5901/4555 4606/5772/4556
f 4669/5835/4557 4605/5771/4558 4609/5775/4559 4671/5837/4560
f 4638/5804/4561 4764/5946/4562 4741/5913/4563 4615/5781/4564
f 4660/5826/4565 4596/5762/4566 4600/5766/4567 4662/5828/4568
f 4648/5814/4569 4774/5959/4570 4750/5925/4571 4624/5790/4572
f 4624/5790/4572 4750/5925/4571 4752/5928/4573 4626/5792/4574
f 4632/5798/4575 4758/5936/4576 4761/5942/4577 4635/5801/4578
f 4635/5801/4578 4761/5942/4577 4764/5946/4562 4638/5804/4561
f 4644/5810/4579 4770/5954/4580 4783/5971/4581 4657/5823/4582
f 4678/5844/4583 4614/5780/4584 4618/5784/4585 4680/5846/4586
f 4606/5772/4556 4732/5901/4555 4734/5904/4587 4608/5774/4588
f 4615/5781/4564 4741/5913/4563 4743/5916/4589 4617/5783/4590
f 4641/5807/4552 4767/5950/4551 4738/5909/4554 4612/5778/4553
f 4626/5792/4574 4752/5928/4573 4747/5921/4548 4621/5787/4547
f 4687/5853/4591 4623/5789/4592 4627/5793/4593 4689/5855/4594
f 4654/5820/4595 4780/5967/4596 4777/5963/4597 4651/5817/4598
f 4657/5823/4582 4783/5971/4581 4780/5967/4596 4654/5820/4595
f 3565/4434/10 4659/5825/4599 4663/5829/4600
f 4651/5817/4598 4777/5963/4597 4774/5959/4570 4648/5814/4569
f 3565/4434/10 4683/5849/4601 4659/5825/4599
f 3565/4434/10 4666/5832/4602 4705/5871/4603
f 3565/4434/10 4674/5840/4604 4668/5834/4605
f 3565/4434/10 4672/5838/4606 4692/5858/4607
f 3565/4434/10 4702/5868/4608 4677/5843/4609
f 3565/4434/10 4663/5829/4600 4666/5832/4602
f 3565/4434/10 4710/5876/4610 4686/5852/4611
f 3565/4434/10 4686/5852/4611 4690/5856/4612
f 3565/4434/10 4696/5862/4613 4699/5865/4614
f 3565/4434/10 4699/5865/4614 4702/5868/4608
f 3565/4434/10 4708/5874/4615 4719/5885/4616
f 3565/4434/10 4681/5847/4617 4708/5874/4615
f 3565/4434/10 4668/5834/4605 4672/5838/4606
f 3565/4434/10 4677/5843/4609 4681/5847/4617
f 3565/4434/10 4705/5871/4603 4674/5840/4604
f 3565/4434/10 4690/5856/4612 4683/5849/4601
f 3565/4434/10 4692/5858/4607 4696/5862/4613
f 3565/4434/10 4716/5882/4618 4713/5879/4619
f 3565/4434/10 4719/5885/4616 4716/5882/4618
f 4846/6059/4620 4786/5975/4621 4908/6146/4622 4905/6142/4623
f 3565/4434/10 4713/5879/4619 4710/5876/4610
f 4707/5873/4624 4645/5811/4625 4656/5822/4626 4720/5886/4627
f 4720/5886/4627 4656/5822/4626 4653/5819/4628 4717/5883/4629
f 4717/5883/4629 4653/5819/4628 4650/5816/4630 4714/5880/4631
f 4714/5880/4631 4650/5816/4630 4647/5813/4632 4711/5877/4633
f 4630/5796/4634 4756/5933/4635 4758/5936/4576 4632/5798/4575
f 4680/5846/4586 4618/5784/4585 4645/5811/4625 4707/5873/4624
f 4671/5837/4560 4609/5775/4559 4629/5795/4636 4693/5859/4637
f 4704/5870/4638 4642/5808/4639 4611/5777/4640 4675/5841/4641
f 4665/5831/4642 4603/5769/4643 4642/5808/4639 4704/5870/4638
f 4617/5783/4590 4743/5916/4589 4770/5954/4580 4644/5810/4579
f 4698/5864/4644 4636/5802/4645 4639/5805/4646 4701/5867/4647
f 4695/5861/4648 4633/5799/4649 4636/5802/4645 4698/5864/4644
f 4693/5859/4637 4629/5795/4636 4633/5799/4649 4695/5861/4648
f 4689/5855/4594 4627/5793/4593 4620/5786/4650 4684/5850/4651
f 4711/5877/4633 4647/5813/4632 4623/5789/4592 4687/5853/4591
f 4599/5765/4546 4725/5892/4545 4728/5896/4550 4602/5768/4549
f 4701/5867/4647 4639/5805/4646 4614/5780/4584 4678/5844/4583
f 4608/5774/4588 4734/5904/4587 4756/5933/4635 4630/5796/4634
f 4675/5841/4641 4611/5777/4640 4605/5771/4558 4669/5835/4557
f 4662/5828/4568 4600/5766/4567 4603/5769/4643 4665/5831/4642
f 4684/5850/4651 4620/5786/4650 4596/5762/4566 4660/5826/4565
f 4798/5991/4652 4834/6043/4653 4863/6082/4654 4857/6074/4655
f 3626/4558/439 3611/4528/4454 4806/6002/4656 4809/6006/4657
f 4828/6035/4658 4824/6030/4659 4891/6123/4660 4866/6086/4661
f 4837/6047/4662 4800/5994/4663 4861/6079/4664 4881/6106/4665
f 4851/6066/4666 4849/6063/4667 4911/6150/4668 4915/6154/4669
f 4834/6043/4653 4830/6038/4670 4894/6127/4671 4863/6082/4654
f 4810/6007/4672 4807/6003/4673 4899/6134/4674 4875/6098/4675
f 4786/5975/4621 4839/6050/4676 4897/6131/4677 4908/6146/4622
f 3621/4548/4450 3628/4562/4453 4795/5987/4678 4789/5979/4679
f 3628/4562/4453 3622/4550/4446 4791/5982/4680 4795/5987/4678
f 4788/5978/4681 4794/5986/4682 4852/6067/4683 4855/6071/4684
f 4843/6055/4685 4846/6059/4620 4905/6142/4623 4902/6138/4686
f 4816/6015/4687 4812/6010/4688 4879/6103/4689 4872/6094/4690
f 4803/5998/4691 4828/6035/4658 4866/6086/4661 4870/6091/4692
f 4818/6018/4693 4837/6047/4662 4881/6106/4665 4885/6112/4694
f 4792/5983/4695 4816/6015/4687 4872/6094/4690 4848/6062/4696
f 4839/6050/4676 4803/5998/4691 4870/6091/4692 4897/6131/4677
f 4824/6030/4659 4821/6026/4697 4888/6119/4698 4891/6123/4660
f 4830/6038/4670 4788/5978/4681 4855/6071/4684 4894/6127/4671
f 4807/6003/4673 4843/6055/4685 4902/6138/4686 4899/6134/4674
f 4821/6026/4697 4818/6019/4693 4885/6113/4694 4888/6119/4698
f 3623/4552/4438 3625/4556/4441 4813/6011/4699 4815/6014/4700
f 4858/6075/4701 4864/6083/4702 4926/6165/4703 4920/6159/4704
f 3622/4550/4446 3623/4552/4438 4815/6014/4700 4791/5982/4680
f 3618/4542/4424 3617/4540/4427 4827/6034/4705 4804/5999/4706
f 3614/4534/4448 3629/4564/4434 4819/6021/4707 4822/6027/4708
f 3620/4546/4465 3621/4548/4450 4789/5979/4679 4831/6039/4709
f 3611/4528/4454 3612/4530/4457 4842/6054/4710 4806/6002/4656
f 3629/4565/4434 3627/4560/4437 4836/6046/4711 4819/6020/4707
f 3609/4524/4392 3610/4526/4395 4797/5990/4712 4801/5995/4713
f 4812/6010/4688 4810/6007/4672 4875/6098/4675 4879/6103/4689
f 3613/4532/4461 3614/4534/4448 4822/6027/4708 4825/6031/4714
f 3610/4526/4395 3615/4536/4459 4833/6042/4715 4797/5990/4712
f 3612/4530/4457 3616/4538/4412 4845/6058/4716 4842/6054/4710
f 3617/4540/4427 3613/4532/4461 4825/6031/4714 4827/6034/4705
f 3624/4554/4463 3618/4542/4424 4804/5999/4706 4840/6051/4717
f 3616/4538/4412 3619/4544/4415 4785/5974/4718 4845/6058/4716
f 4794/5986/4682 4792/5983/4695 4848/6062/4696 4852/6067/4683
f 4800/5994/4663 4798/5991/4652 4857/6074/4655 4861/6079/4664
f 3619/4544/4415 3624/4554/4463 4840/6051/4717 4785/5974/4718
f 3615/4536/4459 3620/4546/4465 4831/6039/4709 4833/6042/4715
f 3625/4556/4441 3626/4558/439 4809/6006/4657 4813/6011/4699
f 3627/4560/4437 3609/4524/4392 4801/5995/4713 4836/6046/4711
f 4903/6139/4719 4906/6143/4720 4968/6210/4721 4965/6207/4722
f 4909/6147/4723 4896/6130/4724 4960/6202/4725 4971/6213/4726
f 4882/6107/4727 4860/6078/4728 4924/6163/4729 4944/6183/4730
f 4906/6143/4720 4909/6147/4723 4971/6213/4726 4968/6210/4721
f 4896/6130/4724 4869/6090/4731 4933/6172/4732 4960/6202/4725
f 4867/6087/4733 4890/6122/4734 4954/6196/4735 4929/6168/4736
f 5101/6343/4737 5103/6346/4738 4914/6153/4739 4912/6151/4740
f 4860/6078/4728 4858/6075/4701 4920/6159/4704 4924/6163/4729
f 4854/6070/4741 4851/6066/4666 4915/6154/4669 4918/6157/4742
f 4900/6135/4743 4903/6139/4719 4965/6207/4722 4962/6204/4744
f 4869/6090/4731 4867/6087/4733 4929/6168/4736 4933/6172/4732
f 4876/6099/4745 4900/6135/4743 4962/6204/4744 4938/6177/4746
f 4864/6083/4702 4893/6126/4747 4957/6199/4748 4926/6165/4703
f 4878/6102/4749 4876/6099/4745 4938/6177/4746 4942/6181/4750
f 4849/6063/4667 4873/6095/4751 4935/6174/4752 4911/6150/4668
f 4873/6095/4751 4878/6102/4749 4942/6181/4750 4935/6174/4752
f 4887/6118/4753 4884/6111/4754 4948/6189/4755 4951/6193/4756
f 4893/6126/4747 4854/6070/4741 4918/6157/4742 4957/6199/4748
f 4884/6110/4754 4882/6107/4727 4944/6183/4730 4948/6188/4755
f 4890/6122/4734 4887/6118/4753 4951/6193/4756 4954/6196/4735
f 5125/6375/4757 5101/6343/4737 4912/6151/4740 4936/6175/4758
f 5106/6350/4759 5145/6404/4760 4956/6198/4761 4917/6156/4762
f 5116/6363/4763 5110/6355/4764 4921/6160/4765 4927/6166/4766
f 5112/6358/4767 5134/6387/4768 4945/6184/4769 4923/6162/4770
f 5142/6400/4771 5119/6367/4772 4930/6169/4773 4953/6195/4774
f 5103/6346/4738 5106/6350/4759 4917/6156/4762 4914/6153/4739
f 5152/6413/4775 5128/6379/4776 4939/6178/4777 4963/6205/4778
f 5128/6379/4776 5130/6382/4779 4941/6180/4780 4939/6178/4777
f 5136/6390/4781 5139/6396/4782 4950/6192/4783 4947/6187/4784
f 5139/6396/4782 5142/6400/4771 4953/6195/4774 4950/6192/4783
f 5148/6408/4785 5161/6425/4786 4972/6214/4787 4959/6201/4788
f 5121/6370/4789 5148/6408/4785 4959/6201/4788 4932/6171/4790
f 5110/6355/4764 5112/6358/4767 4923/6162/4770 4921/6160/4765
f 5119/6367/4772 5121/6370/4789 4932/6171/4790 4930/6169/4773
f 5145/6404/4760 5116/6363/4763 4927/6166/4766 4956/6198/4761
f 5130/6382/4779 5125/6375/4757 4936/6175/4758 4941/6180/4780
f 5134/6387/4768 5136/6391/4781 4947/6186/4784 4945/6184/4769
f 5158/6421/4791 5155/6417/4792 4966/6208/4793 4969/6211/4794
f 5161/6425/4786 5158/6421/4791 4969/6211/4794 4972/6214/4787
f 4974/6216/4795 4978/6220/4796 5104/6347/4797 5100/6342/4798
f 5155/6417/4792 5152/6413/4775 4963/6205/4778 4966/6208/4793
f 4978/6220/4796 4981/6223/4799 5107/6351/4800 5104/6347/4797
f 4981/6223/4799 5020/6262/4801 5146/6405/4802 5107/6351/4800
f 4987/6229/4803 5007/6249/4804 5133/6386/4805 5113/6359/4806
f 4989/6231/4807 4983/6225/4808 5109/6354/4809 5115/6362/4810
f 4996/6238/4811 5023/6265/4812 5149/6409/4813 5122/6371/4814
f 4998/6240/4815 4974/6216/4795 5100/6342/4798 5124/6374/4816
f 5007/6249/4804 5011/6253/4817 5137/6392/4818 5133/6386/4805
f 5001/6243/4819 5005/6247/4820 5131/6383/4821 5127/6378/4822
f 5011/6253/4817 5014/6256/4823 5140/6397/4824 5137/6392/4818
f 5014/6256/4823 5017/6259/4825 5143/6401/4826 5140/6397/4824
f 5023/6265/4812 5034/6276/4827 5160/6424/4828 5149/6409/4813
f 5017/6259/4825 4992/6234/4829 5118/6366/4830 5143/6401/4826
f 4983/6225/4808 4987/6229/4803 5113/6359/4806 5109/6354/4809
f 4992/6234/4829 4996/6238/4811 5122/6371/4814 5118/6366/4830
f 5020/6262/4801 4989/6231/4807 5115/6362/4810 5146/6405/4802
f 5005/6247/4820 4998/6240/4815 5124/6374/4816 5131/6383/4821
f 5025/6267/4831 5001/6243/4819 5127/6378/4822 5151/6412/4832
f 5031/6273/4833 5028/6270/4834 5154/6416/4835 5157/6420/4836
f 5034/6276/4827 5031/6273/4833 5157/6420/4836 5160/6424/4828
f 3566/4435/9 5040/6282/4837 5038/6280/4838
f 5028/6270/4834 5025/6267/4831 5151/6412/4832 5154/6416/4835
f 3566/4435/9 5038/6280/4838 5062/6304/4839
f 3566/4435/9 5082/6324/4840 5043/6285/4841
f 3566/4435/9 5047/6289/4842 5053/6295/4843
f 3566/4435/9 5071/6313/4844 5049/6291/4845
f 3566/4435/9 5056/6298/4846 5079/6321/4847
f 3566/4435/9 5043/6285/4841 5040/6282/4837
f 3566/4435/9 5065/6307/4848 5089/6331/4849
f 3566/4435/9 5067/6309/4850 5065/6307/4848
f 3566/4435/9 5076/6318/4851 5073/6315/4852
f 3566/4435/9 5079/6321/4847 5076/6318/4851
f 3566/4435/9 5098/6340/4853 5085/6327/4854
f 3566/4435/9 5085/6327/4854 5058/6300/4855
f 3566/4435/9 5049/6291/4845 5047/6289/4842
f 3566/4435/9 5058/6300/4855 5056/6298/4846
f 3566/4435/9 5053/6295/4843 5082/6324/4840
f 3566/4435/9 5062/6304/4839 5067/6309/4850
f 3566/4435/9 5073/6315/4852 5071/6313/4844
f 3566/4435/9 5092/6334/4856 5095/6337/4857
f 3566/4435/9 5095/6337/4857 5098/6340/4853
f 3566/4435/9 5089/6331/4849 5092/6334/4856
f 5086/6328/4858 5097/6339/4859 5035/6277/4860 5022/6264/4861
f 5097/6339/4859 5094/6336/4862 5032/6274/4863 5035/6277/4860
f 5094/6336/4862 5091/6333/4864 5029/6271/4865 5032/6274/4863
f 5091/6333/4864 5088/6330/4866 5026/6268/4867 5029/6271/4865
f 5064/6306/4868 5068/6310/4869 5004/6246/4870 5002/6244/4871
f 5059/6301/4872 5086/6328/4858 5022/6264/4861 4995/6237/4873
f 5050/6292/4874 5070/6312/4875 5008/6250/4876 4986/6228/4877
f 5083/6325/4878 5052/6294/4879 4990/6232/4880 5019/6261/4881
f 5044/6286/4882 5083/6325/4878 5019/6261/4881 4980/6222/4883
f 5055/6297/4884 5059/6301/4872 4995/6237/4873 4993/6235/4885
f 5077/6319/4886 5080/6322/4887 5016/6258/4888 5013/6255/4889
f 5074/6316/4890 5077/6319/4886 5013/6255/4889 5010/6252/4891
f 5070/6312/4875 5074/6316/4890 5010/6252/4891 5008/6250/4876
f 5068/6310/4869 5061/6303/4892 4999/6241/4893 5004/6246/4870
f 5088/6330/4866 5064/6306/4868 5002/6244/4871 5026/6268/4867
f 5037/6279/4894 5041/6283/4895 4977/6219/4896 4975/6217/4897
f 5080/6322/4887 5055/6297/4884 4993/6235/4885 5016/6258/4888
f 5046/6288/4898 5050/6292/4874 4986/6228/4877 4984/6226/4899
f 5052/6294/4879 5046/6288/4898 4984/6226/4899 4990/6232/4880
f 5041/6283/4895 5044/6286/4882 4980/6222/4883 4977/6219/4896
f 5061/6303/4892 5037/6279/4894 4975/6217/4897 4999/6241/4893
f 3533/4401/3919 3532/4399/3920 3587/4478/3920 3572/4447/3919
f 3529/4396/420 3528/4395/3856 3569/4441/3856 3584/4471/420
f 3522/4389/3881 3524/4391/3882 3586/4475/3882 3579/4461/3881
f 3532/4400/3920 3538/4406/3927 3585/4473/3927 3587/4479/3920
f 3539/4407/3939 3527/4394/3915 3576/4455/3915 3582/4467/3939
f 3524/4391/3882 3523/4390/3885 3580/4463/3885 3586/4475/3882
f 3531/4398/3907 3530/4397/3908 3583/4469/3908 3581/4465/3907
f 3538/4406/3927 3526/4393/3929 3567/4437/3929 3585/4473/3927
f 3530/4397/3908 3529/4396/420 3584/4471/420 3583/4469/3908
f 3537/4405/3935 3536/4404/3923 3578/4459/3923 3573/4449/3935
f 3521/4388/3941 3539/4407/3939 3582/4467/3939 3577/4457/3941
f 3523/4390/3885 3531/4398/3907 3581/4465/3907 3580/4463/3885
f 3536/4404/3923 3522/4389/3881 3579/4461/3881 3578/4459/3923
f 3541/4409/3937 3521/4388/3941 3577/4457/3941 3574/4451/3937
f 3527/4394/3915 3535/4403/3916 3575/4453/3916 3576/4455/3915
f 3535/4403/3916 3534/4402/3933 3571/4445/3933 3575/4453/3916
f 3540/4408/3925 3541/4409/3937 3574/4451/3937 3570/4443/3925
f 3525/4392/3930 3537/4405/3935 3573/4449/3935 3568/4439/3930
f 3534/4402/3933 3533/4401/3919 3572/4447/3919 3571/4445/3933
f 3528/4395/3856 3540/4408/3925 3570/4443/3925 3569/4441/3856
f 3526/4393/3929 3525/4392/3930 3568/4439/3930 3567/4437/3929
f 3533/4401/3919 3593/4491/3919 3608/4522/3920 3532/4399/3920
f 3529/4396/420 3605/4515/420 3590/4485/3856 3528/4395/3856
f 3522/4389/3881 3600/4505/3881 3607/4519/3882 3524/4391/3882
f 3532/4400/3920 3608/4523/3920 3606/4517/3927 3538/4406/3927
f 3539/4407/3939 3603/4511/3939 3597/4499/3915 3527/4394/3915
f 3524/4391/3882 3607/4519/3882 3601/4507/3885 3523/4390/3885
f 3531/4398/3907 3602/4509/3907 3604/4513/3908 3530/4397/3908
f 3538/4406/3927 3606/4517/3927 3588/4481/3929 3526/4393/3929
f 3530/4397/3908 3604/4513/3908 3605/4515/420 3529/4396/420
f 3537/4405/3935 3594/4493/3935 3599/4503/3923 3536/4404/3923
f 3521/4388/3941 3598/4501/3941 3603/4511/3939 3539/4407/3939
f 3523/4390/3885 3601/4507/3885 3602/4509/3907 3531/4398/3907
f 3536/4404/3923 3599/4503/3923 3600/4505/3881 3522/4389/3881
f 3541/4409/3937 3595/4495/3937 3598/4501/3941 3521/4388/3941
f 3527/4394/3915 3597/4499/3915 3596/4497/3916 3535/4403/3916
f 3535/4403/3916 3596/4497/3916 3592/4489/3933 3534/4402/3933
f 3540/4408/3925 3591/4487/3925 3595/4495/3937 3541/4409/3937
f 3525/4392/3930 3589/4483/3930 3594/4493/3935 3537/4405/3935
f 3534/4402/3933 3592/4489/3933 3593/4491/3919 3533/4401/3919
f 3528/4395/3856 3590/4485/3856 3591/4487/3925 3540/4408/3925
f 3526/4393/3929 3588/4481/3929 3589/4483/3930 3525/4392/3930
f 3556/4425/4448 3555/4423/4434 3629/4566/4434 3614/4535/4448
f 3552/4420/439 3551/4419/4454 3611/4529/4454 3626/4559/439
f 3545/4413/4450 3547/4415/4453 3628/4563/4453 3621/4549/4450
f 3555/4424/4434 3561/4430/4437 3627/4561/4437 3629/4567/4434
f 3562/4431/4463 3550/4418/4424 3618/4543/4424 3624/4555/4463
f 3547/4415/4453 3546/4414/4446 3622/4551/4446 3628/4563/4453
f 3554/4422/4438 3553/4421/4441 3625/4557/4441 3623/4553/4438
f 3561/4430/4437 3549/4417/4392 3609/4525/4392 3627/4561/4437
f 3553/4421/4441 3552/4420/439 3626/4559/439 3625/4557/4441
f 3560/4429/4459 3559/4428/4465 3620/4547/4465 3615/4537/4459
f 3544/4412/4415 3562/4431/4463 3624/4555/4463 3619/4545/4415
f 3546/4414/4446 3554/4422/4438 3623/4553/4438 3622/4551/4446
f 3559/4428/4465 3545/4413/4450 3621/4549/4450 3620/4547/4465
f 3564/4433/4412 3544/4412/4415 3619/4545/4415 3616/4539/4412
f 3550/4418/4424 3558/4427/4427 3617/4541/4427 3618/4543/4424
f 3558/4427/4427 3557/4426/4461 3613/4533/4461 3617/4541/4427
f 3563/4432/4457 3564/4433/4412 3616/4539/4412 3612/4531/4457
f 3548/4416/4395 3560/4429/4459 3615/4537/4459 3610/4527/4395
f 3557/4426/4461 3556/4425/4448 3614/4535/4448 3613/4533/4461
f 3551/4419/4454 3563/4432/4457 3612/4531/4457 3611/4529/4454
f 3549/4417/4392 3548/4416/4395 3610/4527/4395 3609/4525/4392
f 3556/4425/4448 3635/4579/4448 3650/4610/4434 3555/4423/4434
f 3552/4420/439 3647/4603/439 3632/4573/4454 3551/4419/4454
f 3545/4413/4450 3642/4593/4450 3649/4607/4453 3547/4415/4453
f 3555/4424/4434 3650/4611/4434 3648/4605/4437 3561/4430/4437
f 3562/4431/4463 3645/4599/4463 3639/4587/4424 3550/4418/4424
f 3547/4415/4453 3649/4607/4453 3643/4595/4446 3546/4414/4446
f 3554/4422/4438 3644/4597/4438 3646/4601/4441 3553/4421/4441
f 3561/4430/4437 3648/4605/4437 3630/4569/4392 3549/4417/4392
f 3553/4421/4441 3646/4601/4441 3647/4603/439 3552/4420/439
f 3560/4429/4459 3636/4581/4459 3641/4591/4465 3559/4428/4465
f 3544/4412/4415 3640/4589/4415 3645/4599/4463 3562/4431/4463
f 3546/4414/4446 3643/4595/4446 3644/4597/4438 3554/4422/4438
f 3559/4428/4465 3641/4591/4465 3642/4593/4450 3545/4413/4450
f 3564/4433/4412 3637/4583/4412 3640/4589/4415 3544/4412/4415
f 3550/4418/4424 3639/4587/4424 3638/4585/4427 3558/4427/4427
f 3558/4427/4427 3638/4585/4427 3634/4577/4461 3557/4426/4461
f 3563/4432/4457 3633/4575/4457 3637/4583/4412 3564/4433/4412
f 3548/4416/4395 3631/4571/4395 3636/4581/4459 3560/4429/4459
f 3557/4426/4461 3634/4577/4461 3635/4579/4448 3556/4425/4448
f 3551/4419/4454 3632/4573/4454 3633/4575/4457 3563/4432/4457
f 3549/4417/4392 3630/4569/4392 3631/4571/4395 3548/4416/4395
f 3658/4621/3903 3660/4624/3888 3662/4626/4900 3659/4622/4901
f 3659/4623/4901 3662/4627/4900 3661/4625/3883 3657/4620/3886
f 3660/4624/3888 3654/4616/3887 3656/4618/4902 3662/4626/4900
f 3662/4627/4900 3656/4619/4902 3655/4617/3884 3661/4625/3883
f 3664/4629/3852 3666/4632/3864 3668/4634/4903 3665/4630/4904
f 3665/4631/4904 3668/4635/4903 3667/4633/3932 3663/4628/3931
f 3700/4681/3853 3664/4629/3852 3665/4630/4904 3701/4682/4905
f 3701/4683/4905 3665/4631/4904 3663/4628/3931 3699/4680/3936
f 3694/4673/3859 3669/4636/3899 3671/4638/4906 3695/4674/4907
f 3695/4675/4907 3671/4639/4906 3670/4637/3918 3693/4672/3917
f 3682/4653/3895 3658/4621/3903 3659/4622/4901 3683/4654/4908
f 3683/4655/4908 3659/4623/4901 3657/4620/3886 3681/4652/3910
f 3676/4645/3873 3678/4648/3896 3680/4650/4909 3677/4646/4910
f 3677/4647/4910 3680/4651/4909 3679/4649/3909 3675/4644/3858
f 3678/4648/3896 3682/4653/3895 3683/4654/4908 3680/4650/4909
f 3680/4651/4909 3683/4655/4908 3681/4652/3910 3679/4649/3909
f 3703/4685/3863 3684/4656/3901 3686/4660/4911 3704/4686/4912
f 3704/4687/4912 3686/4661/4911 3685/4658/3921 3702/4684/3928
f 3684/4657/3901 3687/4664/3905 3689/4666/4913 3686/4662/4911
f 3686/4663/4911 3689/4667/4913 3688/4665/3922 3685/4659/3921
f 3687/4664/3905 3690/4668/3860 3692/4670/4914 3689/4666/4913
f 3689/4667/4913 3692/4671/4914 3691/4669/3934 3688/4665/3922
f 3690/4668/3860 3694/4673/3859 3695/4674/4907 3692/4670/4914
f 3692/4671/4914 3695/4675/4907 3693/4672/3917 3691/4669/3934
f 3654/4616/3887 3696/4676/3871 3698/4678/4915 3656/4618/4902
f 3656/4619/4902 3698/4679/4915 3697/4677/3924 3655/4617/3884
f 3696/4676/3871 3700/4681/3853 3701/4682/4905 3698/4678/4915
f 3698/4679/4915 3701/4683/4905 3699/4680/3936 3697/4677/3924
f 3666/4632/3864 3703/4685/3863 3704/4686/4912 3668/4634/4903
f 3668/4635/4903 3704/4687/4912 3702/4684/3928 3667/4633/3932
f 3669/4636/3899 3705/4688/3878 3707/4690/4916 3671/4638/4906
f 3671/4639/4906 3707/4691/4916 3706/4689/3940 3670/4637/3918
f 3673/4641/3874 3676/4645/3873 3677/4646/4910 3674/4642/4917
f 3674/4643/4917 3677/4647/4910 3675/4644/3858 3672/4640/3857
f 3709/4693/3891 3673/4641/3874 3674/4642/4917 3710/4694/4918
f 3710/4695/4918 3674/4643/4917 3672/4640/3857 3708/4692/3926
f 3712/4697/3892 3709/4693/3891 3710/4694/4918 3713/4698/4919
f 3713/4699/4919 3710/4695/4918 3708/4692/3926 3711/4696/3938
f 3652/4613/3877 3712/4697/3892 3713/4698/4919 3653/4614/4920
f 3653/4615/4920 3713/4699/4919 3711/4696/3938 3651/4612/3942
f 3705/4688/3878 3652/4613/3877 3653/4614/4920 3707/4690/4916
f 3707/4691/4916 3653/4615/4920 3651/4612/3942 3706/4689/3940
f 3715/4701/3868 3717/4704/3867 3719/4706/4921 3716/4702/4922
f 3716/4703/4922 3719/4707/4921 3718/4705/3889 3714/4700/3904
f 3717/4704/3867 3720/4708/3965 3722/4710/4923 3719/4706/4921
f 3719/4707/4921 3722/4711/4923 3721/4709/3890 3718/4705/3889
f 3724/4713/3911 3726/4716/3952 3728/4718/4924 3725/4714/4925
f 3725/4715/4925 3728/4719/4924 3727/4717/3865 3723/4712/3855
f 3730/4721/3912 3724/4713/3911 3725/4714/4925 3731/4722/4926
f 3731/4723/4926 3725/4715/4925 3723/4712/3855 3729/4720/3854
f 3733/4725/3957 3735/4728/3955 3737/4730/4927 3734/4726/4928
f 3734/4727/4928 3737/4731/4927 3736/4729/3900 3732/4724/3862
f 3739/4733/3975 3715/4701/3868 3716/4702/4922 3740/4734/4929
f 3740/4735/4929 3716/4703/4922 3714/4700/3904 3738/4732/3898
f 3742/4737/3969 3744/4740/3973 3746/4742/4930 3743/4738/4931
f 3743/4739/4931 3746/4743/4930 3745/4741/3897 3741/4736/3876
f 3744/4740/3973 3739/4733/3975 3740/4734/4929 3746/4742/4930
f 3746/4743/4930 3740/4735/4929 3738/4732/3898 3745/4741/3897
f 3748/4745/3951 3750/4748/3978 3752/4752/4932 3749/4746/4933
f 3749/4747/4933 3752/4753/4932 3751/4750/3902 3747/4744/3866
f 3750/4749/3978 3753/4756/3977 3755/4758/4934 3752/4754/4932
f 3752/4755/4932 3755/4759/4934 3754/4757/3906 3751/4751/3902
f 3753/4756/3977 3756/4760/3958 3758/4762/4935 3755/4758/4934
f 3755/4759/4934 3758/4763/4935 3757/4761/3861 3754/4757/3906
f 3756/4760/3958 3733/4725/3957 3734/4726/4928 3758/4762/4935
f 3758/4763/4935 3734/4727/4928 3732/4724/3862 3757/4761/3861
f 3720/4708/3965 3759/4764/3971 3761/4766/4936 3722/4710/4923
f 3722/4711/4923 3761/4767/4936 3760/4765/3872 3721/4709/3890
f 3759/4764/3971 3730/4721/3912 3731/4722/4926 3761/4766/4936
f 3761/4767/4936 3731/4723/4926 3729/4720/3854 3760/4765/3872
f 3726/4716/3952 3748/4745/3951 3749/4746/4933 3728/4718/4924
f 3728/4719/4924 3749/4747/4933 3747/4744/3866 3727/4717/3865
f 3735/4728/3955 3762/4768/3948 3764/4770/4937 3737/4730/4927
f 3737/4731/4927 3764/4771/4937 3763/4769/3879 3736/4729/3900
f 3766/4773/3967 3742/4737/3969 3743/4738/4931 3767/4774/4938
f 3767/4775/4938 3743/4739/4931 3741/4736/3876 3765/4772/3875
f 3769/4777/3943 3766/4773/3967 3767/4774/4938 3770/4778/4939
f 3770/4779/4939 3767/4775/4938 3765/4772/3875 3768/4776/3894
f 3772/4781/3944 3769/4777/3943 3770/4778/4939 3773/4782/4940
f 3773/4783/4940 3770/4779/4939 3768/4776/3894 3771/4780/3893
f 3775/4785/3947 3772/4781/3944 3773/4782/4940 3776/4786/4941
f 3776/4787/4941 3773/4783/4940 3771/4780/3893 3774/4784/3880
f 3762/4768/3948 3775/4785/3947 3776/4786/4941 3764/4770/4937
f 3764/4771/4937 3776/4787/4941 3774/4784/3880 3763/4769/3879
f 3778/4789/3964 3780/4791/3963 3782/4793/4942 3779/4790/4943
f 3779/4790/4943 3782/4793/4942 3781/4792/3870 3777/4788/3869
f 3780/4791/3963 3783/4794/3986 3785/4796/4944 3782/4793/4942
f 3782/4793/4942 3785/4796/4944 3784/4795/3966 3781/4792/3870
f 3787/4798/3989 3789/4800/3994 3791/4802/4945 3788/4799/4946
f 3788/4799/4946 3791/4802/4945 3790/4801/3953 3786/4797/3914
f 3793/4804/3990 3787/4798/3989 3788/4799/4946 3794/4805/4947
f 3794/4805/4947 3788/4799/4946 3786/4797/3914 3792/4803/3913
f 3796/4807/3997 3798/4809/4014 3800/4811/4948 3797/4808/4949
f 3797/4808/4949 3800/4811/4948 3799/4810/3956 3795/4806/3960
f 3802/4813/3982 3778/4789/3964 3779/4790/4943 3803/4814/4950
f 3803/4814/4950 3779/4790/4943 3777/4788/3869 3801/4812/3976
f 3805/4816/4001 3807/4818/4004 3809/4820/4951 3806/4817/4952
f 3806/4817/4952 3809/4820/4951 3808/4819/3974 3804/4815/3970
f 3807/4818/4004 3802/4813/3982 3803/4814/4950 3809/4820/4951
f 3809/4820/4951 3803/4814/4950 3801/4812/3976 3808/4819/3974
f 3811/4822/3993 3813/4824/4008 3815/4828/4953 3812/4823/4954
f 3812/4823/4954 3815/4828/4953 3814/4826/3979 3810/4821/3954
f 3813/4825/4008 3816/4830/4007 3818/4832/4955 3815/4829/4953
f 3815/4829/4953 3818/4832/4955 3817/4831/3980 3814/4827/3979
f 3816/4830/4007 3819/4833/3998 3821/4835/4956 3818/4832/4955
f 3818/4832/4955 3821/4835/4956 3820/4834/3959 3817/4831/3980
f 3819/4833/3998 3796/4807/3997 3797/4808/4949 3821/4835/4956
f 3821/4835/4956 3797/4808/4949 3795/4806/3960 3820/4834/3959
f 3783/4794/3986 3822/4836/3985 3824/4838/4957 3785/4796/4944
f 3785/4796/4944 3824/4838/4957 3823/4837/3972 3784/4795/3966
f 3822/4836/3985 3793/4804/3990 3794/4805/4947 3824/4838/4957
f 3824/4838/4957 3794/4805/4947 3792/4803/3913 3823/4837/3972
f 3789/4800/3994 3811/4822/3993 3812/4823/4954 3791/4802/4945
f 3791/4802/4945 3812/4823/4954 3810/4821/3954 3790/4801/3953
f 3798/4809/4014 3825/4839/4012 3827/4841/4958 3800/4811/4948
f 3800/4811/4948 3827/4841/4958 3826/4840/3949 3799/4810/3956
f 3829/4843/4002 3805/4816/4001 3806/4817/4952 3830/4844/4959
f 3830/4844/4959 3806/4817/4952 3804/4815/3970 3828/4842/3968
f 3832/4846/4017 3829/4843/4002 3830/4844/4959 3833/4847/4960
f 3833/4847/4960 3830/4844/4959 3828/4842/3968 3831/4845/3946
f 3835/4849/4018 3832/4846/4017 3833/4847/4960 3836/4850/4961
f 3836/4850/4961 3833/4847/4960 3831/4845/3946 3834/4848/3945
f 3838/4852/4011 3835/4849/4018 3836/4850/4961 3839/4853/4962
f 3839/4853/4962 3836/4850/4961 3834/4848/3945 3837/4851/3950
f 3825/4839/4012 3838/4852/4011 3839/4853/4962 3827/4841/4958
f 3827/4841/4958 3839/4853/4962 3837/4851/3950 3826/4840/3949
f 3841/4855/4125 3843/4857/4124 3845/4859/4963 3842/4856/4964
f 3842/4856/4964 3845/4859/4963 3844/4858/4020 3840/4854/4019
f 3843/4857/4124 3846/4860/4111 3848/4862/4965 3845/4859/4963
f 3845/4859/4963 3848/4862/4965 3847/4861/4023 3844/4858/4020
f 3850/4864/4127 3852/4866/4105 3854/4868/4966 3851/4865/4967
f 3851/4865/4967 3854/4868/4966 3853/4867/4027 3849/4863/4032
f 3856/4870/4108 3850/4864/4127 3851/4865/4967 3857/4871/4968
f 3857/4871/4968 3851/4865/4967 3849/4863/4032 3855/4869/4031
f 3859/4873/4113 3861/4875/4101 3863/4877/4969 3860/4874/4970
f 3860/4874/4970 3863/4877/4969 3862/4876/4035 3858/4872/4053
f 3865/4879/4121 3841/4855/4125 3842/4856/4964 3866/4880/4971
f 3866/4880/4971 3842/4856/4964 3840/4854/4019 3864/4878/4039
f 3868/4882/4099 3870/4884/4098 3872/4886/4972 3869/4883/4973
f 3869/4883/4973 3872/4886/4972 3871/4885/4044 3867/4881/4043
f 3870/4884/4098 3865/4879/4121 3866/4880/4971 3872/4886/4972
f 3872/4886/4972 3866/4880/4971 3864/4878/4039 3871/4885/4044
f 3874/4888/4104 3876/4890/4119 3878/4892/4974 3875/4889/4975
f 3875/4889/4975 3878/4892/4974 3877/4891/4041 3873/4887/4028
f 3876/4890/4119 3879/4893/4117 3881/4895/4976 3878/4892/4974
f 3878/4892/4974 3881/4895/4976 3880/4894/4047 3877/4891/4041
f 3879/4893/4117 3882/4896/4116 3884/4898/4977 3881/4895/4976
f 3881/4895/4976 3884/4898/4977 3883/4897/4049 3880/4894/4047
f 3882/4896/4116 3859/4873/4113 3860/4874/4970 3884/4898/4977
f 3884/4898/4977 3860/4874/4970 3858/4872/4053 3883/4897/4049
f 3846/4860/4111 3885/4899/4109 3887/4901/4978 3848/4862/4965
f 3848/4862/4965 3887/4901/4978 3886/4900/4025 3847/4861/4023
f 3885/4899/4109 3856/4870/4108 3857/4871/4968 3887/4901/4978
f 3887/4901/4978 3857/4871/4968 3855/4869/4031 3886/4900/4025
f 3852/4866/4105 3874/4888/4104 3875/4889/4975 3854/4868/4966
f 3854/4868/4966 3875/4889/4975 3873/4887/4028 3853/4867/4027
f 3861/4875/4101 3888/4902/4089 3890/4904/4979 3863/4877/4969
f 3863/4877/4969 3890/4904/4979 3889/4903/4036 3862/4876/4035
f 3892/4906/4095 3868/4882/4099 3869/4883/4973 3893/4907/4980
f 3893/4907/4980 3869/4883/4973 3867/4881/4043 3891/4905/4055
f 3895/4909/4093 3892/4906/4095 3893/4907/4980 3896/4910/4981
f 3896/4910/4981 3893/4907/4980 3891/4905/4055 3894/4908/4058
f 3898/4912/4091 3895/4909/4093 3896/4910/4981 3899/4913/4982
f 3899/4913/4982 3896/4910/4981 3894/4908/4058 3897/4911/4057
f 3901/4915/4088 3898/4912/4091 3899/4913/4982 3902/4916/4983
f 3902/4916/4983 3899/4913/4982 3897/4911/4057 3900/4914/4051
f 3888/4902/4089 3901/4915/4088 3902/4916/4983 3890/4904/4979
f 3890/4904/4979 3902/4916/4983 3900/4914/4051 3889/4903/4036
f 3904/4918/4062 3906/4920/4061 3908/4922/4984 3905/4919/4985
f 3905/4919/4985 3908/4922/4984 3907/4921/4123 3903/4917/4122
f 3906/4920/4061 3909/4923/4065 3911/4925/4986 3908/4922/4984
f 3908/4922/4984 3911/4925/4986 3910/4924/4110 3907/4921/4123
f 3913/4927/4066 3915/4929/4069 3917/4931/4987 3914/4928/4988
f 3914/4928/4988 3917/4931/4987 3916/4930/4102 3912/4926/4126
f 3919/4933/4067 3913/4927/4066 3914/4928/4988 3920/4934/4989
f 3920/4934/4989 3914/4928/4988 3912/4926/4126 3918/4932/4107
f 3922/4936/4070 3924/4938/4079 3926/4940/4990 3923/4937/4991
f 3923/4937/4991 3926/4940/4990 3925/4939/4100 3921/4935/4112
f 3928/4942/4063 3904/4918/4062 3905/4919/4985 3929/4943/4992
f 3929/4943/4992 3905/4919/4985 3903/4917/4122 3927/4941/4120
f 3931/4945/4072 3933/4947/4074 3935/4949/4993 3932/4946/4994
f 3932/4946/4994 3935/4949/4993 3934/4948/4097 3930/4944/4096
f 3933/4947/4074 3928/4942/4063 3929/4943/4992 3935/4949/4993
f 3935/4949/4993 3929/4943/4992 3927/4941/4120 3934/4948/4097
f 3937/4951/4068 3939/4953/4076 3941/4955/4995 3938/4952/4996
f 3938/4952/4996 3941/4955/4995 3940/4954/4118 3936/4950/4103
f 3939/4953/4076 3942/4956/4075 3944/4958/4997 3941/4955/4995
f 3941/4955/4995 3944/4958/4997 3943/4957/4114 3940/4954/4118
f 3942/4956/4075 3945/4959/4071 3947/4961/4998 3944/4958/4997
f 3944/4958/4997 3947/4961/4998 3946/4960/4115 3943/4957/4114
f 3945/4959/4071 3922/4936/4070 3923/4937/4991 3947/4961/4998
f 3947/4961/4998 3923/4937/4991 3921/4935/4112 3946/4960/4115
f 3909/4923/4065 3948/4962/4064 3950/4964/4999 3911/4925/4986
f 3911/4925/4986 3950/4964/4999 3949/4963/4106 3910/4924/4110
f 3948/4962/4064 3919/4933/4067 3920/4934/4989 3950/4964/4999
f 3950/4964/4999 3920/4934/4989 3918/4932/4107 3949/4963/4106
f 3915/4929/4069 3937/4951/4068 3938/4952/4996 3917/4931/4987
f 3917/4931/4987 3938/4952/4996 3936/4950/4103 3916/4930/4102
f 3924/4938/4079 3951/4965/4078 3953/4967/5000 3926/4940/4990
f 3926/4940/4990 3953/4967/5000 3952/4966/4086 3925/4939/4100
f 3955/4969/4073 3931/4945/4072 3932/4946/4994 3956/4970/5001
f 3956/4970/5001 3932/4946/4994 3930/4944/4096 3954/4968/4094
f 3958/4972/4080 3955/4969/4073 3956/4970/5001 3959/4973/5002
f 3959/4973/5002 3956/4970/5001 3954/4968/4094 3957/4971/4092
f 3961/4975/4081 3958/4972/4080 3959/4973/5002 3962/4976/5003
f 3962/4976/5003 3959/4973/5002 3957/4971/4092 3960/4974/4090
f 3964/4978/4077 3961/4975/4081 3962/4976/5003 3965/4979/5004
f 3965/4979/5004 3962/4976/5003 3960/4974/4090 3963/4977/4087
f 3951/4965/4078 3964/4978/4077 3965/4979/5004 3953/4967/5000
f 3953/4967/5000 3965/4979/5004 3963/4977/4087 3952/4966/4086
f 4027/5063/4010 4014/5046/4009 4016/5048/5005 4028/5064/5006
f 4028/5065/5006 4016/5049/5005 4015/5047/4037 4026/5062/4052
f 4024/5059/4015 4027/5063/4010 4028/5064/5006 4025/5060/5007
f 4025/5061/5007 4028/5065/5006 4026/5062/4052 4023/5058/4060
f 4021/5055/4016 4024/5059/4015 4025/5060/5007 4022/5056/5008
f 4022/5057/5008 4025/5061/5007 4023/5058/4060 4020/5054/4059
f 4018/5051/3999 4021/5055/4016 4022/5056/5008 4019/5052/5009
f 4019/5053/5009 4022/5057/5008 4020/5054/4059 4017/5050/4056
f 3994/5017/4000 4018/5051/3999 4019/5052/5009 3995/5018/5010
f 3995/5019/5010 4019/5053/5009 4017/5050/4056 3993/5016/4046
f 4014/5046/4009 3987/5008/4013 3989/5010/5011 4016/5048/5005
f 4016/5049/5005 3989/5011/5011 3988/5009/4038 4015/5047/4037
f 4000/5025/3992 3978/4996/3991 3980/4998/5012 4001/5026/5013
f 4001/5027/5013 3980/4999/5012 3979/4997/4030 3999/5024/4029
f 3982/5001/3987 4011/5042/3984 4013/5044/3984 3983/5002/3987
f 3983/5003/3987 4013/5045/3984 4012/5043/4026 3981/5000/4034
f 4011/5042/3984 3972/4988/3983 3974/4990/5014 4013/5044/3984
f 4013/5045/3984 3974/4991/5014 3973/4989/4024 4012/5043/4026
f 3985/5005/3996 4008/5038/3995 4010/5040/5015 3986/5006/5016
f 3986/5007/5016 4010/5041/5015 4009/5039/4050 3984/5004/4054
f 4008/5038/3995 4005/5034/4006 4007/5036/5017 4010/5040/5015
f 4010/5041/5015 4007/5037/5017 4006/5035/4048 4009/5039/4050
f 4005/5034/4006 4002/5028/4005 4004/5031/5018 4007/5036/5017
f 4007/5037/5017 4004/5033/5018 4003/5030/4042 4006/5035/4048
f 4002/5029/4005 4000/5025/3992 4001/5026/5013 4004/5032/5018
f 4004/5033/5018 4001/5027/5013 3999/5024/4029 4003/5030/4042
f 3991/5013/3981 3996/5020/4003 3998/5022/5019 3992/5014/5020
f 3992/5015/5020 3998/5023/5019 3997/5021/4045 3990/5012/4040
f 3996/5020/4003 3994/5017/4000 3995/5018/5010 3998/5022/5019
f 3998/5023/5019 3995/5019/5010 3993/5016/4046 3997/5021/4045
f 3967/4981/3961 3991/5013/3981 3992/5014/5020 3968/4982/3961
f 3968/4983/3961 3992/5015/5020 3990/5012/4040 3966/4980/4022
f 3987/5008/4013 3985/5005/3996 3986/5006/5016 3989/5010/5011
f 3989/5011/5011 3986/5007/5016 3984/5004/4054 3988/5009/4038
f 3976/4993/3988 3982/5001/3987 3983/5002/3987 3977/4994/5021
f 3977/4995/5021 3983/5003/3987 3981/5000/4034 3975/4992/4033
f 3978/4996/3991 3976/4993/3988 3977/4994/5021 3980/4998/5012
f 3980/4999/5012 3977/4995/5021 3975/4992/4033 3979/4997/4030
f 3972/4988/3983 3969/4984/3962 3971/4986/5022 3974/4990/5014
f 3974/4991/5014 3971/4987/5022 3970/4985/4021 3973/4989/4024
f 3969/4984/3962 3967/4981/3961 3968/4982/3961 3971/4986/5022
f 3971/4987/5022 3968/4983/3961 3966/4980/4022 3970/4985/4021
f 4036/5075/4184 4038/5078/4187 4040/5080/5023 4037/5076/5024
f 4037/5077/5024 4040/5081/5023 4039/5079/4152 4035/5074/4155
f 4038/5078/4187 4032/5070/4186 4034/5072/5025 4040/5080/5023
f 4040/5081/5023 4034/5073/5025 4033/5071/4173 4039/5079/4152
f 4042/5083/4141 4044/5086/4140 4046/5088/5026 4043/5084/5027
f 4043/5085/5027 4046/5089/5026 4045/5087/4166 4041/5082/4128
f 4078/5135/4190 4042/5083/4141 4043/5084/5027 4079/5136/5028
f 4079/5137/5028 4043/5085/5027 4041/5082/4128 4077/5134/4131
f 4072/5127/4169 4047/5090/4168 4049/5092/5029 4073/5128/5030
f 4073/5129/5030 4049/5093/5029 4048/5091/4151 4071/5126/4136
f 4060/5107/4178 4036/5075/4184 4037/5076/5024 4061/5108/5031
f 4061/5109/5031 4037/5077/5024 4035/5074/4155 4059/5106/4157
f 4054/5099/4191 4056/5102/4179 4058/5104/5032 4055/5100/5033
f 4055/5101/5033 4058/5105/5032 4057/5103/4161 4053/5098/4175
f 4056/5102/4179 4060/5107/4178 4061/5108/5031 4058/5104/5032
f 4058/5105/5032 4061/5109/5031 4059/5106/4157 4057/5103/4161
f 4081/5139/4177 4062/5110/4176 4064/5114/5034 4082/5140/5035
f 4082/5141/5035 4064/5115/5034 4063/5112/4162 4080/5138/4165
f 4062/5111/4176 4065/5118/4185 4067/5120/5036 4064/5116/5034
f 4064/5117/5034 4067/5121/5036 4066/5119/4170 4063/5113/4162
f 4065/5118/4185 4068/5122/4192 4070/5124/5037 4067/5120/5036
f 4067/5121/5036 4070/5125/5037 4069/5123/4139 4066/5119/4170
f 4068/5122/4192 4072/5127/4169 4073/5128/5030 4070/5124/5037
f 4070/5125/5037 4073/5129/5030 4071/5126/4136 4069/5123/4139
f 4032/5070/4186 4074/5130/4194 4076/5132/5038 4034/5072/5025
f 4034/5073/5025 4076/5133/5038 4075/5131/4147 4033/5071/4173
f 4074/5130/4194 4078/5135/4190 4079/5136/5028 4076/5132/5038
f 4076/5133/5038 4079/5137/5028 4077/5134/4131 4075/5131/4147
f 4044/5086/4140 4081/5139/4177 4082/5140/5035 4046/5088/5026
f 4046/5089/5026 4082/5141/5035 4080/5138/4165 4045/5087/4166
f 4047/5090/4168 4083/5142/4193 4085/5144/5039 4049/5092/5029
f 4049/5093/5029 4085/5145/5039 4084/5143/4148 4048/5091/4151
f 4051/5095/4188 4054/5099/4191 4055/5100/5033 4052/5096/5040
f 4052/5097/5040 4055/5101/5033 4053/5098/4175 4050/5094/4132
f 4087/5147/4189 4051/5095/4188 4052/5096/5040 4088/5148/5041
f 4088/5149/5041 4052/5097/5040 4050/5094/4132 4086/5146/4135
f 4090/5151/4158 4087/5147/4189 4088/5148/5041 4091/5152/5042
f 4091/5153/5042 4088/5149/5041 4086/5146/4135 4089/5150/4082
f 4030/5067/4159 4090/5151/4158 4091/5152/5042 4031/5068/5043
f 4031/5069/5043 4091/5153/5042 4089/5150/4082 4029/5066/4085
f 4083/5142/4193 4030/5067/4159 4031/5068/5043 4085/5144/5039
f 4085/5145/5039 4031/5069/5043 4029/5066/4085 4084/5143/4148
f 4093/5155/4154 4095/5158/4153 4097/5160/5044 4094/5156/5045
f 4094/5157/5045 4097/5161/5044 4096/5159/4142 4092/5154/4145
f 4095/5158/4153 4098/5162/4172 4100/5164/5046 4097/5160/5044
f 4097/5161/5044 4100/5165/5046 4099/5163/4217 4096/5159/4142
f 4102/5167/4129 4104/5170/4167 4106/5172/5047 4103/5168/5048
f 4103/5169/5048 4106/5173/5047 4105/5171/4206 4101/5166/4180
f 4108/5175/4130 4102/5167/4129 4103/5168/5048 4109/5176/5049
f 4109/5177/5049 4103/5169/5048 4101/5166/4180 4107/5174/4183
f 4111/5179/4137 4113/5182/4150 4115/5184/5050 4112/5180/5051
f 4112/5181/5051 4115/5185/5050 4114/5183/4208 4110/5178/4209
f 4117/5187/4156 4093/5155/4154 4094/5156/5045 4118/5188/5052
f 4118/5189/5052 4094/5157/5045 4092/5154/4145 4116/5186/4228
f 4120/5191/4174 4122/5194/4160 4124/5196/5053 4121/5192/5054
f 4121/5193/5054 4124/5197/5053 4123/5195/4225 4119/5190/4221
f 4122/5194/4160 4117/5187/4156 4118/5188/5052 4124/5196/5053
f 4124/5197/5053 4118/5189/5052 4116/5186/4228 4123/5195/4225
f 4126/5199/4164 4128/5202/4163 4130/5206/5055 4127/5200/5056
f 4127/5201/5056 4130/5207/5055 4129/5204/4232 4125/5198/4203
f 4128/5203/4163 4131/5210/4171 4133/5212/5057 4130/5208/5055
f 4130/5209/5055 4133/5213/5057 4132/5211/4229 4129/5205/4232
f 4131/5210/4171 4134/5214/4138 4136/5216/5058 4133/5212/5057
f 4133/5213/5057 4136/5217/5058 4135/5215/4212 4132/5211/4229
f 4134/5214/4138 4111/5179/4137 4112/5180/5051 4136/5216/5058
f 4136/5217/5058 4112/5181/5051 4110/5178/4209 4135/5215/4212
f 4098/5162/4172 4137/5218/4146 4139/5220/5059 4100/5164/5046
f 4100/5165/5046 4139/5221/5059 4138/5219/4224 4099/5163/4217
f 4137/5218/4146 4108/5175/4130 4109/5176/5049 4139/5220/5059
f 4139/5221/5059 4109/5177/5049 4107/5174/4183 4138/5219/4224
f 4104/5170/4167 4126/5199/4164 4127/5200/5056 4106/5172/5047
f 4106/5173/5047 4127/5201/5056 4125/5198/4203 4105/5171/4206
f 4113/5182/4150 4140/5222/4149 4142/5224/5060 4115/5184/5050
f 4115/5185/5050 4142/5225/5060 4141/5223/4202 4114/5183/4208
f 4144/5227/4133 4120/5191/4174 4121/5192/5054 4145/5228/5061
f 4145/5229/5061 4121/5193/5054 4119/5190/4221 4143/5226/4219
f 4147/5231/4134 4144/5227/4133 4145/5228/5061 4148/5232/5062
f 4148/5233/5062 4145/5229/5061 4143/5226/4219 4146/5230/4195
f 4150/5235/4083 4147/5231/4134 4148/5232/5062 4151/5236/5063
f 4151/5237/5063 4148/5233/5062 4146/5230/4195 4149/5234/4198
f 4153/5239/4084 4150/5235/4083 4151/5236/5063 4154/5240/5064
f 4154/5241/5064 4151/5237/5063 4149/5234/4198 4152/5238/4199
f 4140/5222/4149 4153/5239/4084 4154/5240/5064 4142/5224/5060
f 4142/5225/5060 4154/5241/5064 4152/5238/4199 4141/5223/4202
f 4156/5243/4144 4158/5245/4143 4160/5247/5065 4157/5244/5066
f 4157/5244/5066 4160/5247/5065 4159/5246/4215 4155/5242/4214
f 4158/5245/4143 4161/5248/4218 4163/5250/5067 4160/5247/5065
f 4160/5247/5065 4163/5250/5067 4162/5249/4236 4159/5246/4215
f 4165/5252/4181 4167/5254/4205 4169/5256/5068 4166/5253/5069
f 4166/5253/5069 4169/5256/5068 4168/5255/4244 4164/5251/4241
f 4171/5258/4182 4165/5252/4181 4166/5253/5069 4172/5259/5070
f 4172/5259/5070 4166/5253/5069 4164/5251/4241 4170/5257/4240
f 4174/5261/4210 4176/5263/4207 4178/5265/5071 4175/5262/5072
f 4175/5262/5072 4178/5265/5071 4177/5264/4266 4173/5260/4249
f 4180/5267/4227 4156/5243/4144 4157/5244/5066 4181/5268/5073
f 4181/5268/5073 4157/5244/5066 4155/5242/4214 4179/5266/4234
f 4183/5270/4222 4185/5272/4226 4187/5274/5074 4184/5271/5075
f 4184/5271/5075 4187/5274/5074 4186/5273/4255 4182/5269/4253
f 4185/5272/4226 4180/5267/4227 4181/5268/5073 4187/5274/5074
f 4187/5274/5074 4181/5268/5073 4179/5266/4234 4186/5273/4255
f 4189/5276/4204 4191/5278/4231 4193/5282/5076 4190/5277/5077
f 4190/5277/5077 4193/5282/5076 4192/5280/4258 4188/5275/4245
f 4191/5279/4231 4194/5284/4230 4196/5286/5078 4193/5283/5076
f 4193/5283/5076 4196/5286/5078 4195/5285/4259 4192/5281/4258
f 4194/5284/4230 4197/5287/4211 4199/5289/5079 4196/5286/5078
f 4196/5286/5078 4199/5289/5079 4198/5288/4248 4195/5285/4259
f 4197/5287/4211 4174/5261/4210 4175/5262/5072 4199/5289/5079
f 4199/5289/5079 4175/5262/5072 4173/5260/4249 4198/5288/4248
f 4161/5248/4218 4200/5290/4223 4202/5292/5080 4163/5250/5067
f 4163/5250/5067 4202/5292/5080 4201/5291/4237 4162/5249/4236
f 4200/5290/4223 4171/5258/4182 4172/5259/5070 4202/5292/5080
f 4202/5292/5080 4172/5259/5070 4170/5257/4240 4201/5291/4237
f 4167/5254/4205 4189/5276/4204 4190/5277/5077 4169/5256/5068
f 4169/5256/5068 4190/5277/5077 4188/5275/4245 4168/5255/4244
f 4176/5263/4207 4203/5293/4201 4205/5295/5081 4178/5265/5071
f 4178/5265/5071 4205/5295/5081 4204/5294/4262 4177/5264/4266
f 4207/5297/4220 4183/5270/4222 4184/5271/5075 4208/5298/5082
f 4208/5298/5082 4184/5271/5075 4182/5269/4253 4206/5296/4252
f 4210/5300/4196 4207/5297/4220 4208/5298/5082 4211/5301/5083
f 4211/5301/5083 4208/5298/5082 4206/5296/4252 4209/5299/4269
f 4213/5303/4197 4210/5300/4196 4211/5301/5083 4214/5304/5084
f 4214/5304/5084 4211/5301/5083 4209/5299/4269 4212/5302/4268
f 4216/5306/4200 4213/5303/4197 4214/5304/5084 4217/5307/5085
f 4217/5307/5085 4214/5304/5084 4212/5302/4268 4215/5305/4263
f 4203/5293/4201 4216/5306/4200 4217/5307/5085 4205/5295/5081
f 4205/5295/5081 4217/5307/5085 4215/5305/4263 4204/5294/4262
f 4219/5309/4271 4221/5311/4274 4223/5313/5086 4220/5310/5087
f 4220/5310/5087 4223/5313/5086 4222/5312/4295 4218/5308/4294
f 4221/5311/4274 4224/5314/4277 4226/5316/5088 4223/5313/5086
f 4223/5313/5086 4226/5316/5088 4225/5315/4371 4222/5312/4295
f 4228/5318/4284 4230/5320/4316 4232/5322/5089 4229/5319/5090
f 4229/5319/5090 4232/5322/5089 4231/5321/4287 4227/5317/4286
f 4234/5324/4281 4228/5318/4284 4229/5319/5090 4235/5325/5091
f 4235/5325/5091 4229/5319/5090 4227/5317/4286 4233/5323/4368
f 4237/5327/4292 4239/5329/4318 4241/5331/5092 4238/5328/5093
f 4238/5328/5093 4241/5331/5092 4240/5330/4313 4236/5326/4312
f 4243/5333/4275 4219/5309/4271 4220/5310/5087 4244/5334/5094
f 4244/5334/5094 4220/5310/5087 4218/5308/4294 4242/5332/4378
f 4246/5336/4300 4248/5338/4302 4250/5340/5095 4247/5337/5096
f 4247/5337/5096 4250/5340/5095 4249/5339/4321 4245/5335/4320
f 4248/5338/4302 4243/5333/4275 4244/5334/5094 4250/5340/5095
f 4250/5340/5095 4244/5334/5094 4242/5332/4378 4249/5339/4321
f 4252/5342/4362 4254/5344/4303 4256/5346/5097 4253/5343/5098
f 4253/5343/5098 4256/5346/5097 4255/5345/4377 4251/5341/4364
f 4254/5344/4303 4257/5347/4306 4259/5349/5099 4256/5346/5097
f 4256/5346/5097 4259/5349/5099 4258/5348/4373 4255/5345/4377
f 4257/5347/4306 4260/5350/4289 4262/5352/5100 4259/5349/5099
f 4259/5349/5099 4262/5352/5100 4261/5351/4374 4258/5348/4373
f 4260/5350/4289 4237/5327/4292 4238/5328/5093 4262/5352/5100
f 4262/5352/5100 4238/5328/5093 4236/5326/4312 4261/5351/4374
f 4224/5314/4277 4263/5353/4280 4265/5355/5101 4226/5316/5088
f 4226/5316/5088 4265/5355/5101 4264/5354/4367 4225/5315/4371
f 4263/5353/4280 4234/5324/4281 4235/5325/5091 4265/5355/5101
f 4265/5355/5101 4235/5325/5091 4233/5323/4368 4264/5354/4367
f 4230/5320/4316 4252/5342/4362 4253/5343/5098 4232/5322/5089
f 4232/5322/5089 4253/5343/5098 4251/5341/4364 4231/5321/4287
f 4239/5329/4318 4266/5356/4307 4268/5358/5102 4241/5331/5092
f 4241/5331/5092 4268/5358/5102 4267/5357/4353 4240/5330/4313
f 4270/5360/4297 4246/5336/4300 4247/5337/5096 4271/5361/5103
f 4271/5361/5103 4247/5337/5096 4245/5335/4320 4269/5359/4360
f 4273/5363/4326 4270/5360/4297 4271/5361/5103 4274/5364/5104
f 4274/5364/5104 4271/5361/5103 4269/5359/4360 4272/5362/4358
f 4276/5366/4323 4273/5363/4326 4274/5364/5104 4277/5367/5105
f 4277/5367/5105 4274/5364/5104 4272/5362/4358 4275/5365/4356
f 4279/5369/4310 4276/5366/4323 4277/5367/5105 4280/5370/5106
f 4280/5370/5106 4277/5367/5105 4275/5365/4356 4278/5368/4354
f 4266/5356/4307 4279/5369/4310 4280/5370/5106 4268/5358/5102
f 4268/5358/5102 4280/5370/5106 4278/5368/4354 4267/5357/4353
f 4282/5372/4293 4284/5374/4296 4286/5376/5107 4283/5373/5108
f 4283/5373/5108 4286/5376/5107 4285/5375/4328 4281/5371/4327
f 4284/5374/4296 4287/5377/4370 4289/5379/5109 4286/5376/5107
f 4286/5376/5107 4289/5379/5109 4288/5378/4330 4285/5375/4328
f 4291/5381/4285 4293/5383/4288 4295/5385/5110 4292/5382/5111
f 4292/5382/5111 4295/5385/5110 4294/5384/4334 4290/5380/4333
f 4297/5387/4369 4291/5381/4285 4292/5382/5111 4298/5388/5112
f 4298/5388/5112 4292/5382/5111 4290/5380/4333 4296/5386/4332
f 4300/5390/4311 4302/5392/4314 4304/5394/5113 4301/5391/5114
f 4301/5391/5114 4304/5394/5113 4303/5393/4345 4299/5389/4337
f 4306/5396/4379 4282/5372/4293 4283/5373/5108 4307/5397/5115
f 4307/5397/5115 4283/5373/5108 4281/5371/4327 4305/5395/4329
f 4309/5399/4319 4311/5401/4322 4313/5403/5116 4310/5400/5117
f 4310/5400/5117 4313/5403/5116 4312/5402/4340 4308/5398/4339
f 4311/5401/4322 4306/5396/4379 4307/5397/5115 4313/5403/5116
f 4313/5403/5116 4307/5397/5115 4305/5395/4329 4312/5402/4340
f 4315/5405/4365 4317/5407/4376 4319/5409/5118 4316/5406/5119
f 4316/5406/5119 4319/5409/5118 4318/5408/4341 4314/5404/4335
f 4317/5407/4376 4320/5410/4372 4322/5412/5120 4319/5409/5118
f 4319/5409/5118 4322/5412/5120 4321/5411/4342 4318/5408/4341
f 4320/5410/4372 4323/5413/4375 4325/5415/5121 4322/5412/5120
f 4322/5412/5120 4325/5415/5121 4324/5414/4336 4321/5411/4342
f 4323/5413/4375 4300/5390/4311 4301/5391/5114 4325/5415/5121
f 4325/5415/5121 4301/5391/5114 4299/5389/4337 4324/5414/4336
f 4287/5377/4370 4326/5416/4366 4328/5418/5122 4289/5379/5109
f 4289/5379/5109 4328/5418/5122 4327/5417/4331 4288/5378/4330
f 4326/5416/4366 4297/5387/4369 4298/5388/5112 4328/5418/5122
f 4328/5418/5122 4298/5388/5112 4296/5386/4332 4327/5417/4331
f 4293/5383/4288 4315/5405/4365 4316/5406/5119 4295/5385/5110
f 4295/5385/5110 4316/5406/5119 4314/5404/4335 4294/5384/4334
f 4302/5392/4314 4329/5419/4352 4331/5421/5123 4304/5394/5113
f 4304/5394/5113 4331/5421/5123 4330/5420/4343 4303/5393/4345
f 4333/5423/4361 4309/5399/4319 4310/5400/5117 4334/5424/5124
f 4334/5424/5124 4310/5400/5117 4308/5398/4339 4332/5422/4338
f 4336/5426/4359 4333/5423/4361 4334/5424/5124 4337/5427/5125
f 4337/5427/5125 4334/5424/5124 4332/5422/4338 4335/5425/4347
f 4339/5429/4357 4336/5426/4359 4337/5427/5125 4340/5430/5126
f 4340/5430/5126 4337/5427/5125 4335/5425/4347 4338/5428/4346
f 4342/5432/4355 4339/5429/4357 4340/5430/5126 4343/5433/5127
f 4343/5433/5127 4340/5430/5126 4338/5428/4346 4341/5431/4344
f 4329/5419/4352 4342/5432/4355 4343/5433/5127 4331/5421/5123
f 4331/5421/5123 4343/5433/5127 4341/5431/4344 4330/5420/4343
f 4405/5517/4309 4392/5500/4308 4394/5502/5128 4406/5518/5129
f 4406/5519/5129 4394/5503/5128 4393/5501/4261 4404/5516/4264
f 4402/5513/4324 4405/5517/4309 4406/5518/5129 4403/5514/5130
f 4403/5515/5130 4406/5519/5129 4404/5516/4264 4401/5512/4267
f 4399/5509/4325 4402/5513/4324 4403/5514/5130 4400/5510/5131
f 4400/5511/5131 4403/5515/5130 4401/5512/4267 4398/5508/4270
f 4396/5505/4298 4399/5509/4325 4400/5510/5131 4397/5506/5132
f 4397/5507/5132 4400/5511/5131 4398/5508/4270 4395/5504/4251
f 4372/5471/4299 4396/5505/4298 4397/5506/5132 4373/5472/5133
f 4373/5473/5133 4397/5507/5132 4395/5504/4251 4371/5470/4254
f 4392/5500/4308 4365/5462/4317 4367/5464/5134 4394/5502/5128
f 4394/5503/5128 4367/5465/5134 4366/5463/4265 4393/5501/4261
f 4378/5479/4363 4356/5450/4315 4358/5452/5135 4379/5480/5136
f 4379/5481/5136 4358/5453/5135 4357/5451/4243 4377/5478/4246
f 4360/5455/4282 4389/5496/4279 4391/5498/5137 4361/5456/4239
f 4361/5457/4239 4391/5499/5137 4390/5497/4238 4359/5454/4239
f 4389/5496/4279 4350/5442/4278 4352/5444/5138 4391/5498/5137
f 4391/5499/5137 4352/5445/5138 4351/5443/4235 4390/5497/4238
f 4363/5459/4291 4386/5492/4290 4388/5494/5139 4364/5460/5140
f 4364/5461/5140 4388/5495/5139 4387/5493/4247 4362/5458/4250
f 4386/5492/4290 4383/5488/4305 4385/5490/5141 4388/5494/5139
f 4388/5495/5139 4385/5491/5141 4384/5489/4260 4387/5493/4247
f 4383/5488/4305 4380/5482/4304 4382/5486/5142 4385/5490/5141
f 4385/5491/5141 4382/5485/5142 4381/5483/4257 4384/5489/4260
f 4380/5482/4304 4378/5479/4363 4379/5480/5136 4382/5486/5142
f 4382/5487/5142 4379/5481/5136 4377/5478/4246 4381/5484/4257
f 4369/5467/4276 4374/5474/4301 4376/5476/5143 4370/5468/5144
f 4370/5469/5144 4376/5477/5143 4375/5475/4256 4368/5466/4233
f 4374/5474/4301 4372/5471/4299 4373/5472/5133 4376/5476/5143
f 4376/5477/5143 4373/5473/5133 4371/5470/4254 4375/5475/4256
f 4345/5435/4272 4369/5467/4276 4370/5468/5144 4346/5436/4213
f 4346/5437/4213 4370/5469/5144 4368/5466/4233 4344/5434/4213
f 4365/5462/4317 4363/5459/4291 4364/5460/5140 4367/5464/5134
f 4367/5465/5134 4364/5461/5140 4362/5458/4250 4366/5463/4265
f 4354/5447/4283 4360/5455/4282 4361/5456/4239 4355/5448/4242
f 4355/5449/4242 4361/5457/4239 4359/5454/4239 4353/5446/4242
f 4356/5450/4315 4354/5447/4283 4355/5448/4242 4358/5452/5135
f 4358/5453/5135 4355/5449/4242 4353/5446/4242 4357/5451/4243
f 4350/5442/4278 4347/5438/4273 4349/5440/5145 4352/5444/5138
f 4352/5445/5138 4349/5441/5145 4348/5439/4216 4351/5443/4235
f 4347/5438/4273 4345/5435/4272 4346/5436/4213 4349/5440/5145
f 4349/5441/5145 4346/5437/4213 4344/5434/4213 4348/5439/4216
f 4414/5529/4447 4416/5532/4452 4418/5534/5146 4415/5530/5147
f 4415/5531/5147 4418/5535/5146 4417/5533/4406 4413/5528/4409
f 4416/5532/4452 4410/5524/4451 4412/5526/5148 4418/5534/5146
f 4418/5535/5146 4412/5527/5148 4411/5525/4431 4417/5533/4406
f 4420/5537/4394 4422/5540/4393 4424/5542/5149 4421/5538/5150
f 4421/5539/5150 4424/5543/5149 4423/5541/4422 4419/5536/4380
f 4456/5589/4458 4420/5537/4394 4421/5538/5150 4457/5590/5151
f 4457/5591/5151 4421/5539/5150 4419/5536/4380 4455/5588/4383
f 4450/5581/4426 4425/5544/4425 4427/5546/5152 4451/5582/5153
f 4451/5583/5153 4427/5547/5152 4426/5545/4405 4449/5580/4388
f 4438/5561/4439 4414/5529/4447 4415/5530/5147 4439/5562/5154
f 4439/5563/5154 4415/5531/5147 4413/5528/4409 4437/5560/4411
f 4432/5553/4460 4434/5556/4440 4436/5558/5155 4433/5554/5156
f 4433/5555/5156 4436/5559/5155 4435/5557/4417 4431/5552/4433
f 4434/5556/4440 4438/5561/4439 4439/5562/5154 4436/5558/5155
f 4436/5559/5155 4439/5563/5154 4437/5560/4411 4435/5557/4417
f 4459/5593/4436 4440/5564/4435 4442/5568/5157 4460/5594/5158
f 4460/5595/5158 4442/5569/5157 4441/5566/4418 4458/5592/4421
f 4440/5565/4435 4443/5572/4449 4445/5574/5159 4442/5570/5157
f 4442/5571/5157 4445/5575/5159 4444/5573/4428 4441/5567/4418
f 4443/5572/4449 4446/5576/4462 4448/5578/5160 4445/5574/5159
f 4445/5575/5159 4448/5579/5160 4447/5577/4391 4444/5573/4428
f 4446/5576/4462 4450/5581/4426 4451/5582/5153 4448/5578/5160
f 4448/5579/5160 4451/5583/5153 4449/5580/4388 4447/5577/4391
f 4410/5524/4451 4452/5584/4466 4454/5586/5161 4412/5526/5148
f 4412/5527/5148 4454/5587/5161 4453/5585/4401 4411/5525/4431
f 4452/5584/4466 4456/5589/4458 4457/5590/5151 4454/5586/5161
f 4454/5587/5161 4457/5591/5151 4455/5588/4383 4453/5585/4401
f 4422/5540/4393 4459/5593/4436 4460/5594/5158 4424/5542/5149
f 4424/5543/5149 4460/5595/5158 4458/5592/4421 4423/5541/4422
f 4425/5544/4425 4461/5596/4464 4463/5598/5162 4427/5546/5152
f 4427/5547/5152 4463/5599/5162 4462/5597/4402 4426/5545/4405
f 4429/5549/4455 4432/5553/4460 4433/5554/5156 4430/5550/5163
f 4430/5551/5163 4433/5555/5156 4431/5552/4433 4428/5548/4384
f 4465/5601/4456 4429/5549/4455 4430/5550/5163 4466/5602/5164
f 4466/5603/5164 4430/5551/5163 4428/5548/4384 4464/5600/4387
f 4468/5605/4413 4465/5601/4456 4466/5602/5164 4469/5606/5165
f 4469/5607/5165 4466/5603/5164 4464/5600/4387 4467/5604/4348
f 4408/5521/4414 4468/5605/4413 4469/5606/5165 4409/5522/5166
f 4409/5523/5166 4469/5607/5165 4467/5604/4348 4407/5520/4351
f 4461/5596/4464 4408/5521/4414 4409/5522/5166 4463/5598/5162
f 4463/5599/5162 4409/5523/5166 4407/5520/4351 4462/5597/4402
f 4471/5609/4408 4473/5612/4407 4475/5614/5167 4472/5610/5168
f 4472/5611/5168 4475/5615/5167 4474/5613/4396 4470/5608/4399
f 4473/5612/4407 4476/5616/4430 4478/5618/5169 4475/5614/5167
f 4475/5615/5167 4478/5619/5169 4477/5617/4489 4474/5613/4396
f 4480/5621/4381 4482/5624/4423 4484/5626/5170 4481/5622/5171
f 4481/5623/5171 4484/5627/5170 4483/5625/4478 4479/5620/4442
f 4486/5629/4382 4480/5621/4381 4481/5622/5171 4487/5630/5172
f 4487/5631/5172 4481/5623/5171 4479/5620/4442 4485/5628/4445
f 4489/5633/4389 4491/5636/4404 4493/5638/5173 4490/5634/5174
f 4490/5635/5174 4493/5639/5173 4492/5637/4480 4488/5632/4481
f 4495/5641/4410 4471/5609/4408 4472/5610/5168 4496/5642/5175
f 4496/5643/5175 4472/5611/5168 4470/5608/4399 4494/5640/4500
f 4498/5645/4432 4500/5648/4416 4502/5650/5176 4499/5646/5177
f 4499/5647/5177 4502/5651/5176 4501/5649/4497 4497/5644/4493
f 4500/5648/4416 4495/5641/4410 4496/5642/5175 4502/5650/5176
f 4502/5651/5176 4496/5643/5175 4494/5640/4500 4501/5649/4497
f 4504/5653/4420 4506/5656/4419 4508/5660/5178 4505/5654/5179
f 4505/5655/5179 4508/5661/5178 4507/5658/4504 4503/5652/4475
f 4506/5657/4419 4509/5664/4429 4511/5666/5180 4508/5662/5178
f 4508/5663/5178 4511/5667/5180 4510/5665/4501 4507/5659/4504
f 4509/5664/4429 4512/5668/4390 4514/5670/5181 4511/5666/5180
f 4511/5667/5180 4514/5671/5181 4513/5669/4484 4510/5665/4501
f 4512/5668/4390 4489/5633/4389 4490/5634/5174 4514/5670/5181
f 4514/5671/5181 4490/5635/5174 4488/5632/4481 4513/5669/4484
f 4476/5616/4430 4515/5672/4400 4517/5674/5182 4478/5618/5169
f 4478/5619/5169 4517/5675/5182 4516/5673/4496 4477/5617/4489
f 4515/5672/4400 4486/5629/4382 4487/5630/5172 4517/5674/5182
f 4517/5675/5182 4487/5631/5172 4485/5628/4445 4516/5673/4496
f 4482/5624/4423 4504/5653/4420 4505/5654/5179 4484/5626/5170
f 4484/5627/5170 4505/5655/5179 4503/5652/4475 4483/5625/4478
f 4491/5636/4404 4518/5676/4403 4520/5678/5183 4493/5638/5173
f 4493/5639/5173 4520/5679/5183 4519/5677/4474 4492/5637/4480
f 4522/5681/4385 4498/5645/4432 4499/5646/5177 4523/5682/5184
f 4523/5683/5184 4499/5647/5177 4497/5644/4493 4521/5680/4491
f 4525/5685/4386 4522/5681/4385 4523/5682/5184 4526/5686/5185
f 4526/5687/5185 4523/5683/5184 4521/5680/4491 4524/5684/4467
f 4528/5689/4349 4525/5685/4386 4526/5686/5185 4529/5690/5186
f 4529/5691/5186 4526/5687/5185 4524/5684/4467 4527/5688/4470
f 4531/5693/4350 4528/5689/4349 4529/5690/5186 4532/5694/5187
f 4532/5695/5187 4529/5691/5186 4527/5688/4470 4530/5692/4471
f 4518/5676/4403 4531/5693/4350 4532/5694/5187 4520/5678/5183
f 4520/5679/5183 4532/5695/5187 4530/5692/4471 4519/5677/4474
f 4534/5697/4398 4536/5699/4397 4538/5701/5188 4535/5698/5189
f 4535/5698/5189 4538/5701/5188 4537/5700/4487 4533/5696/4486
f 4536/5699/4397 4539/5702/4490 4541/5704/5190 4538/5701/5188
f 4538/5701/5188 4541/5704/5190 4540/5703/4508 4537/5700/4487
f 4543/5706/4443 4545/5708/4477 4547/5710/5191 4544/5707/5192
f 4544/5707/5192 4547/5710/5191 4546/5709/4516 4542/5705/4513
f 4549/5712/4444 4543/5706/4443 4544/5707/5192 4550/5713/5193
f 4550/5713/5193 4544/5707/5192 4542/5705/4513 4548/5711/4512
f 4552/5715/4482 4554/5717/4479 4556/5719/5194 4553/5716/5195
f 4553/5716/5195 4556/5719/5194 4555/5718/4538 4551/5714/4521
f 4558/5721/4499 4534/5697/4398 4535/5698/5189 4559/5722/5196
f 4559/5722/5196 4535/5698/5189 4533/5696/4486 4557/5720/4506
f 4561/5724/4494 4563/5726/4498 4565/5728/5197 4562/5725/5198
f 4562/5725/5198 4565/5728/5197 4564/5727/4527 4560/5723/4525
f 4563/5726/4498 4558/5721/4499 4559/5722/5196 4565/5728/5197
f 4565/5728/5197 4559/5722/5196 4557/5720/4506 4564/5727/4527
f 4567/5730/4476 4569/5732/4503 4571/5736/5199 4568/5731/5200
f 4568/5731/5200 4571/5736/5199 4570/5734/4530 4566/5729/4517
f 4569/5733/4503 4572/5738/4502 4574/5740/5201 4571/5737/5199
f 4571/5737/5199 4574/5740/5201 4573/5739/4531 4570/5735/4530
f 4572/5738/4502 4575/5741/4483 4577/5743/5202 4574/5740/5201
f 4574/5740/5201 4577/5743/5202 4576/5742/4520 4573/5739/4531
f 4575/5741/4483 4552/5715/4482 4553/5716/5195 4577/5743/5202
f 4577/5743/5202 4553/5716/5195 4551/5714/4521 4576/5742/4520
f 4539/5702/4490 4578/5744/4495 4580/5746/5203 4541/5704/5190
f 4541/5704/5190 4580/5746/5203 4579/5745/4509 4540/5703/4508
f 4578/5744/4495 4549/5712/4444 4550/5713/5193 4580/5746/5203
f 4580/5746/5203 4550/5713/5193 4548/5711/4512 4579/5745/4509
f 4545/5708/4477 4567/5730/4476 4568/5731/5200 4547/5710/5191
f 4547/5710/5191 4568/5731/5200 4566/5729/4517 4546/5709/4516
f 4554/5717/4479 4581/5747/4473 4583/5749/5204 4556/5719/5194
f 4556/5719/5194 4583/5749/5204 4582/5748/4534 4555/5718/4538
f 4585/5751/4492 4561/5724/4494 4562/5725/5198 4586/5752/5205
f 4586/5752/5205 4562/5725/5198 4560/5723/4525 4584/5750/4524
f 4588/5754/4468 4585/5751/4492 4586/5752/5205 4589/5755/5206
f 4589/5755/5206 4586/5752/5205 4584/5750/4524 4587/5753/4541
f 4591/5757/4469 4588/5754/4468 4589/5755/5206 4592/5758/5207
f 4592/5758/5207 4589/5755/5206 4587/5753/4541 4590/5756/4540
f 4594/5760/4472 4591/5757/4469 4592/5758/5207 4595/5761/5208
f 4595/5761/5208 4592/5758/5207 4590/5756/4540 4593/5759/4535
f 4581/5747/4473 4594/5760/4472 4595/5761/5208 4583/5749/5204
f 4583/5749/5204 4595/5761/5208 4593/5759/4535 4582/5748/4534
f 4597/5763/4543 4599/5765/4546 4601/5767/5209 4598/5764/5210
f 4598/5764/5210 4601/5767/5209 4600/5766/4567 4596/5762/4566
f 4599/5765/4546 4602/5768/4549 4604/5770/5211 4601/5767/5209
f 4601/5767/5209 4604/5770/5211 4603/5769/4643 4600/5766/4567
f 4606/5772/4556 4608/5774/4588 4610/5776/5212 4607/5773/5213
f 4607/5773/5213 4610/5776/5212 4609/5775/4559 4605/5771/4558
f 4612/5778/4553 4606/5772/4556 4607/5773/5213 4613/5779/5214
f 4613/5779/5214 4607/5773/5213 4605/5771/4558 4611/5777/4640
f 4615/5781/4564 4617/5783/4590 4619/5785/5215 4616/5782/5216
f 4616/5782/5216 4619/5785/5215 4618/5784/4585 4614/5780/4584
f 4621/5787/4547 4597/5763/4543 4598/5764/5210 4622/5788/5217
f 4622/5788/5217 4598/5764/5210 4596/5762/4566 4620/5786/4650
f 4624/5790/4572 4626/5792/4574 4628/5794/5218 4625/5791/5219
f 4625/5791/5219 4628/5794/5218 4627/5793/4593 4623/5789/4592
f 4626/5792/4574 4621/5787/4547 4622/5788/5217 4628/5794/5218
f 4628/5794/5218 4622/5788/5217 4620/5786/4650 4627/5793/4593
f 4630/5796/4634 4632/5798/4575 4634/5800/5220 4631/5797/5221
f 4631/5797/5221 4634/5800/5220 4633/5799/4649 4629/5795/4636
f 4632/5798/4575 4635/5801/4578 4637/5803/5222 4634/5800/5220
f 4634/5800/5220 4637/5803/5222 4636/5802/4645 4633/5799/4649
f 4635/5801/4578 4638/5804/4561 4640/5806/5223 4637/5803/5222
f 4637/5803/5222 4640/5806/5223 4639/5805/4646 4636/5802/4645
f 4638/5804/4561 4615/5781/4564 4616/5782/5216 4640/5806/5223
f 4640/5806/5223 4616/5782/5216 4614/5780/4584 4639/5805/4646
f 4602/5768/4549 4641/5807/4552 4643/5809/5224 4604/5770/5211
f 4604/5770/5211 4643/5809/5224 4642/5808/4639 4603/5769/4643
f 4641/5807/4552 4612/5778/4553 4613/5779/5214 4643/5809/5224
f 4643/5809/5224 4613/5779/5214 4611/5777/4640 4642/5808/4639
f 4608/5774/4588 4630/5796/4634 4631/5797/5221 4610/5776/5212
f 4610/5776/5212 4631/5797/5221 4629/5795/4636 4609/5775/4559
f 4617/5783/4590 4644/5810/4579 4646/5812/5225 4619/5785/5215
f 4619/5785/5215 4646/5812/5225 4645/5811/4625 4618/5784/4585
f 4648/5814/4569 4624/5790/4572 4625/5791/5219 4649/5815/5226
f 4649/5815/5226 4625/5791/5219 4623/5789/4592 4647/5813/4632
f 4651/5817/4598 4648/5814/4569 4649/5815/5226 4652/5818/5227
f 4652/5818/5227 4649/5815/5226 4647/5813/4632 4650/5816/4630
f 4654/5820/4595 4651/5817/4598 4652/5818/5227 4655/5821/5228
f 4655/5821/5228 4652/5818/5227 4650/5816/4630 4653/5819/4628
f 4657/5823/4582 4654/5820/4595 4655/5821/5228 4658/5824/5229
f 4658/5824/5229 4655/5821/5228 4653/5819/4628 4656/5822/4626
f 4644/5810/4579 4657/5823/4582 4658/5824/5229 4646/5812/5225
f 4646/5812/5225 4658/5824/5229 4656/5822/4626 4645/5811/4625
f 4660/5826/4565 4662/5828/4568 4664/5830/5230 4661/5827/5231
f 4661/5827/5231 4664/5830/5230 4663/5829/4600 4659/5825/4599
f 4662/5828/4568 4665/5831/4642 4667/5833/5232 4664/5830/5230
f 4664/5830/5230 4667/5833/5232 4666/5832/4602 4663/5829/4600
f 4669/5835/4557 4671/5837/4560 4673/5839/5233 4670/5836/5234
f 4670/5836/5234 4673/5839/5233 4672/5838/4606 4668/5834/4605
f 4675/5841/4641 4669/5835/4557 4670/5836/5234 4676/5842/5235
f 4676/5842/5235 4670/5836/5234 4668/5834/4605 4674/5840/4604
f 4678/5844/4583 4680/5846/4586 4682/5848/5236 4679/5845/5237
f 4679/5845/5237 4682/5848/5236 4681/5847/4617 4677/5843/4609
f 4684/5850/4651 4660/5826/4565 4661/5827/5231 4685/5851/5238
f 4685/5851/5238 4661/5827/5231 4659/5825/4599 4683/5849/4601
f 4687/5853/4591 4689/5855/4594 4691/5857/5239 4688/5854/5240
f 4688/5854/5240 4691/5857/5239 4690/5856/4612 4686/5852/4611
f 4689/5855/4594 4684/5850/4651 4685/5851/5238 4691/5857/5239
f 4691/5857/5239 4685/5851/5238 4683/5849/4601 4690/5856/4612
f 4693/5859/4637 4695/5861/4648 4697/5863/5241 4694/5860/5242
f 4694/5860/5242 4697/5863/5241 4696/5862/4613 4692/5858/4607
f 4695/5861/4648 4698/5864/4644 4700/5866/5243 4697/5863/5241
f 4697/5863/5241 4700/5866/5243 4699/5865/4614 4696/5862/4613
f 4698/5864/4644 4701/5867/4647 4703/5869/5244 4700/5866/5243
f 4700/5866/5243 4703/5869/5244 4702/5868/4608 4699/5865/4614
f 4701/5867/4647 4678/5844/4583 4679/5845/5237 4703/5869/5244
f 4703/5869/5244 4679/5845/5237 4677/5843/4609 4702/5868/4608
f 4665/5831/4642 4704/5870/4638 4706/5872/5245 4667/5833/5232
f 4667/5833/5232 4706/5872/5245 4705/5871/4603 4666/5832/4602
f 4704/5870/4638 4675/5841/4641 4676/5842/5235 4706/5872/5245
f 4706/5872/5245 4676/5842/5235 4674/5840/4604 4705/5871/4603
f 4671/5837/4560 4693/5859/4637 4694/5860/5242 4673/5839/5233
f 4673/5839/5233 4694/5860/5242 4692/5858/4607 4672/5838/4606
f 4680/5846/4586 4707/5873/4624 4709/5875/5246 4682/5848/5236
f 4682/5848/5236 4709/5875/5246 4708/5874/4615 4681/5847/4617
f 4711/5877/4633 4687/5853/4591 4688/5854/5240 4712/5878/5247
f 4712/5878/5247 4688/5854/5240 4686/5852/4611 4710/5876/4610
f 4714/5880/4631 4711/5877/4633 4712/5878/5247 4715/5881/5248
f 4715/5881/5248 4712/5878/5247 4710/5876/4610 4713/5879/4619
f 4717/5883/4629 4714/5880/4631 4715/5881/5248 4718/5884/5249
f 4718/5884/5249 4715/5881/5248 4713/5879/4619 4716/5882/4618
f 4720/5886/4627 4717/5883/4629 4718/5884/5249 4721/5887/5250
f 4721/5887/5250 4718/5884/5249 4716/5882/4618 4719/5885/4616
f 4707/5873/4624 4720/5886/4627 4721/5887/5250 4709/5875/5246
f 4709/5875/5246 4721/5887/5250 4719/5885/4616 4708/5874/4615
f 4783/5971/4581 4770/5954/4580 4772/5956/5251 4784/5972/5252
f 4784/5973/5252 4772/5957/5251 4771/5955/4533 4782/5970/4536
f 4780/5967/4596 4783/5971/4581 4784/5972/5252 4781/5968/5253
f 4781/5969/5253 4784/5973/5252 4782/5970/4536 4779/5966/4539
f 4777/5963/4597 4780/5967/4596 4781/5968/5253 4778/5964/5254
f 4778/5965/5254 4781/5969/5253 4779/5966/4539 4776/5962/4542
f 4774/5959/4570 4777/5963/4597 4778/5964/5254 4775/5960/5255
f 4775/5961/5255 4778/5965/5254 4776/5962/4542 4773/5958/4523
f 4750/5925/4571 4774/5959/4570 4775/5960/5255 4751/5926/5256
f 4751/5927/5256 4775/5961/5255 4773/5958/4523 4749/5924/4526
f 4770/5954/4580 4743/5916/4589 4745/5918/5257 4772/5956/5251
f 4772/5957/5251 4745/5919/5257 4744/5917/4537 4771/5955/4533
f 4756/5933/4635 4734/5904/4587 4736/5906/5258 4757/5934/5259
f 4757/5935/5259 4736/5907/5258 4735/5905/4515 4755/5932/4518
f 4738/5909/4554 4767/5950/4551 4769/5952/4510 4739/5910/5260
f 4739/5911/5260 4769/5953/4510 4768/5951/4510 4737/5908/4511
f 4767/5950/4551 4728/5896/4550 4730/5898/5261 4769/5952/4510
f 4769/5953/4510 4730/5899/5261 4729/5897/4507 4768/5951/4510
f 4741/5913/4563 4764/5946/4562 4766/5948/5262 4742/5914/5263
f 4742/5915/5263 4766/5949/5262 4765/5947/4519 4740/5912/4522
f 4764/5946/4562 4761/5942/4577 4763/5944/5264 4766/5948/5262
f 4766/5949/5262 4763/5945/5264 4762/5943/4532 4765/5947/4519
f 4761/5942/4577 4758/5936/4576 4760/5940/5265 4763/5944/5264
f 4763/5945/5264 4760/5939/5265 4759/5937/4529 4762/5943/4532
f 4758/5936/4576 4756/5933/4635 4757/5934/5259 4760/5940/5265
f 4760/5941/5265 4757/5935/5259 4755/5932/4518 4759/5938/4529
f 4747/5921/4548 4752/5928/4573 4754/5930/5266 4748/5922/5267
f 4748/5923/5267 4754/5931/5266 4753/5929/4528 4746/5920/4505
f 4752/5928/4573 4750/5925/4571 4751/5926/5256 4754/5930/5266
f 4754/5931/5266 4751/5927/5256 4749/5924/4526 4753/5929/4528
f 4723/5889/4544 4747/5921/4548 4748/5922/5267 4724/5890/4485
f 4724/5891/4485 4748/5923/5267 4746/5920/4505 4722/5888/4485
f 4743/5916/4589 4741/5913/4563 4742/5914/5263 4745/5918/5257
f 4745/5919/5257 4742/5915/5263 4740/5912/4522 4744/5917/4537
f 4732/5901/4555 4738/5909/4554 4739/5910/5260 4733/5902/5268
f 4733/5903/5268 4739/5911/5260 4737/5908/4511 4731/5900/4514
f 4734/5904/4587 4732/5901/4555 4733/5902/5268 4736/5906/5258
f 4736/5907/5258 4733/5903/5268 4731/5900/4514 4735/5905/4515
f 4728/5896/4550 4725/5892/4545 4727/5894/5269 4730/5898/5261
f 4730/5899/5261 4727/5895/5269 4726/5893/4488 4729/5897/4507
f 4725/5892/4545 4723/5889/4544 4724/5890/4485 4727/5894/5269
f 4727/5895/5269 4724/5891/4485 4722/5888/4485 4726/5893/4488
f 4792/5983/4695 4794/5986/4682 4796/5988/5270 4793/5984/5271
f 4793/5985/5271 4796/5989/5270 4795/5987/4678 4791/5982/4680
f 4794/5986/4682 4788/5978/4681 4790/5980/5272 4796/5988/5270
f 4796/5989/5270 4790/5981/5272 4789/5979/4679 4795/5987/4678
f 4798/5991/4652 4800/5994/4663 4802/5996/5273 4799/5992/5274
f 4799/5993/5274 4802/5997/5273 4801/5995/4713 4797/5990/4712
f 4834/6043/4653 4798/5991/4652 4799/5992/5274 4835/6044/5275
f 4835/6045/5275 4799/5993/5274 4797/5990/4712 4833/6042/4715
f 4828/6035/4658 4803/5998/4691 4805/6000/5276 4829/6036/5277
f 4829/6037/5277 4805/6001/5276 4804/5999/4706 4827/6034/4705
f 4816/6015/4687 4792/5983/4695 4793/5984/5271 4817/6016/5278
f 4817/6017/5278 4793/5985/5271 4791/5982/4680 4815/6014/4700
f 4810/6007/4672 4812/6010/4688 4814/6012/5279 4811/6008/5280
f 4811/6009/5280 4814/6013/5279 4813/6011/4699 4809/6006/4657
f 4812/6010/4688 4816/6015/4687 4817/6016/5278 4814/6012/5279
f 4814/6013/5279 4817/6017/5278 4815/6014/4700 4813/6011/4699
f 4837/6047/4662 4818/6018/4693 4820/6022/5281 4838/6048/5282
f 4838/6049/5282 4820/6023/5281 4819/6020/4707 4836/6046/4711
f 4818/6019/4693 4821/6026/4697 4823/6028/5283 4820/6024/5281
f 4820/6025/5281 4823/6029/5283 4822/6027/4708 4819/6021/4707
f 4821/6026/4697 4824/6030/4659 4826/6032/5284 4823/6028/5283
f 4823/6029/5283 4826/6033/5284 4825/6031/4714 4822/6027/4708
f 4824/6030/4659 4828/6035/4658 4829/6036/5277 4826/6032/5284
f 4826/6033/5284 4829/6037/5277 4827/6034/4705 4825/6031/4714
f 4788/5978/4681 4830/6038/4670 4832/6040/5285 4790/5980/5272
f 4790/5981/5272 4832/6041/5285 4831/6039/4709 4789/5979/4679
f 4830/6038/4670 4834/6043/4653 4835/6044/5275 4832/6040/5285
f 4832/6041/5285 4835/6045/5275 4833/6042/4715 4831/6039/4709
f 4800/5994/4663 4837/6047/4662 4838/6048/5282 4802/5996/5273
f 4802/5997/5273 4838/6049/5282 4836/6046/4711 4801/5995/4713
f 4803/5998/4691 4839/6050/4676 4841/6052/5286 4805/6000/5276
f 4805/6001/5276 4841/6053/5286 4840/6051/4717 4804/5999/4706
f 4807/6003/4673 4810/6007/4672 4811/6008/5280 4808/6004/5287
f 4808/6005/5287 4811/6009/5280 4809/6006/4657 4806/6002/4656
f 4843/6055/4685 4807/6003/4673 4808/6004/5287 4844/6056/5288
f 4844/6057/5288 4808/6005/5287 4806/6002/4656 4842/6054/4710
f 4846/6059/4620 4843/6055/4685 4844/6056/5288 4847/6060/5289
f 4847/6061/5289 4844/6057/5288 4842/6054/4710 4845/6058/4716
f 4786/5975/4621 4846/6059/4620 4847/6060/5289 4787/5976/5290
f 4787/5977/5290 4847/6061/5289 4845/6058/4716 4785/5974/4718
f 4839/6050/4676 4786/5975/4621 4787/5976/5290 4841/6052/5286
f 4841/6053/5286 4787/5977/5290 4785/5974/4718 4840/6051/4717
f 4849/6063/4667 4851/6066/4666 4853/6068/5291 4850/6064/5292
f 4850/6065/5292 4853/6069/5291 4852/6067/4683 4848/6062/4696
f 4851/6066/4666 4854/6070/4741 4856/6072/5293 4853/6068/5291
f 4853/6069/5291 4856/6073/5293 4855/6071/4684 4852/6067/4683
f 4858/6075/4701 4860/6078/4728 4862/6080/5294 4859/6076/5295
f 4859/6077/5295 4862/6081/5294 4861/6079/4664 4857/6074/4655
f 4864/6083/4702 4858/6075/4701 4859/6076/5295 4865/6084/5296
f 4865/6085/5296 4859/6077/5295 4857/6074/4655 4863/6082/4654
f 4867/6087/4733 4869/6090/4731 4871/6092/5297 4868/6088/5298
f 4868/6089/5298 4871/6093/5297 4870/6091/4692 4866/6086/4661
f 4873/6095/4751 4849/6063/4667 4850/6064/5292 4874/6096/5299
f 4874/6097/5299 4850/6065/5292 4848/6062/4696 4872/6094/4690
f 4876/6099/4745 4878/6102/4749 4880/6104/5300 4877/6100/5301
f 4877/6101/5301 4880/6105/5300 4879/6103/4689 4875/6098/4675
f 4878/6102/4749 4873/6095/4751 4874/6096/5299 4880/6104/5300
f 4880/6105/5300 4874/6097/5299 4872/6094/4690 4879/6103/4689
f 4882/6107/4727 4884/6110/4754 4886/6114/5302 4883/6108/5303
f 4883/6109/5303 4886/6115/5302 4885/6112/4694 4881/6106/4665
f 4884/6111/4754 4887/6118/4753 4889/6120/5304 4886/6116/5302
f 4886/6117/5302 4889/6121/5304 4888/6119/4698 4885/6113/4694
f 4887/6118/4753 4890/6122/4734 4892/6124/5305 4889/6120/5304
f 4889/6121/5304 4892/6125/5305 4891/6123/4660 4888/6119/4698
f 4890/6122/4734 4867/6087/4733 4868/6088/5298 4892/6124/5305
f 4892/6125/5305 4868/6089/5298 4866/6086/4661 4891/6123/4660
f 4854/6070/4741 4893/6126/4747 4895/6128/5306 4856/6072/5293
f 4856/6073/5293 4895/6129/5306 4894/6127/4671 4855/6071/4684
f 4893/6126/4747 4864/6083/4702 4865/6084/5296 4895/6128/5306
f 4895/6129/5306 4865/6085/5296 4863/6082/4654 4894/6127/4671
f 4860/6078/4728 4882/6107/4727 4883/6108/5303 4862/6080/5294
f 4862/6081/5294 4883/6109/5303 4881/6106/4665 4861/6079/4664
f 4869/6090/4731 4896/6130/4724 4898/6132/5307 4871/6092/5297
f 4871/6093/5297 4898/6133/5307 4897/6131/4677 4870/6091/4692
f 4900/6135/4743 4876/6099/4745 4877/6100/5301 4901/6136/5308
f 4901/6137/5308 4877/6101/5301 4875/6098/4675 4899/6134/4674
f 4903/6139/4719 4900/6135/4743 4901/6136/5308 4904/6140/5309
f 4904/6141/5309 4901/6137/5308 4899/6134/4674 4902/6138/4686
f 4906/6143/4720 4903/6139/4719 4904/6140/5309 4907/6144/5310
f 4907/6145/5310 4904/6141/5309 4902/6138/4686 4905/6142/4623
f 4909/6147/4723 4906/6143/4720 4907/6144/5310 4910/6148/5311
f 4910/6149/5311 4907/6145/5310 4905/6142/4623 4908/6146/4622
f 4896/6130/4724 4909/6147/4723 4910/6148/5311 4898/6132/5307
f 4898/6133/5307 4910/6149/5311 4908/6146/4622 4897/6131/4677
f 4912/6151/4740 4914/6153/4739 4916/6155/5312 4913/6152/5313
f 4913/6152/5313 4916/6155/5312 4915/6154/4669 4911/6150/4668
f 4914/6153/4739 4917/6156/4762 4919/6158/5314 4916/6155/5312
f 4916/6155/5312 4919/6158/5314 4918/6157/4742 4915/6154/4669
f 4921/6160/4765 4923/6162/4770 4925/6164/5315 4922/6161/5316
f 4922/6161/5316 4925/6164/5315 4924/6163/4729 4920/6159/4704
f 4927/6166/4766 4921/6160/4765 4922/6161/5316 4928/6167/5317
f 4928/6167/5317 4922/6161/5316 4920/6159/4704 4926/6165/4703
f 4930/6169/4773 4932/6171/4790 4934/6173/5318 4931/6170/5319
f 4931/6170/5319 4934/6173/5318 4933/6172/4732 4929/6168/4736
f 4936/6175/4758 4912/6151/4740 4913/6152/5313 4937/6176/5320
f 4937/6176/5320 4913/6152/5313 4911/6150/4668 4935/6174/4752
f 4939/6178/4777 4941/6180/4780 4943/6182/5321 4940/6179/5322
f 4940/6179/5322 4943/6182/5321 4942/6181/4750 4938/6177/4746
f 4941/6180/4780 4936/6175/4758 4937/6176/5320 4943/6182/5321
f 4943/6182/5321 4937/6176/5320 4935/6174/4752 4942/6181/4750
f 4945/6184/4769 4947/6186/4784 4949/6190/5323 4946/6185/5324
f 4946/6185/5324 4949/6190/5323 4948/6188/4755 4944/6183/4730
f 4947/6187/4784 4950/6192/4783 4952/6194/5325 4949/6191/5323
f 4949/6191/5323 4952/6194/5325 4951/6193/4756 4948/6189/4755
f 4950/6192/4783 4953/6195/4774 4955/6197/5326 4952/6194/5325
f 4952/6194/5325 4955/6197/5326 4954/6196/4735 4951/6193/4756
f 4953/6195/4774 4930/6169/4773 4931/6170/5319 4955/6197/5326
f 4955/6197/5326 4931/6170/5319 4929/6168/4736 4954/6196/4735
f 4917/6156/4762 4956/6198/4761 4958/6200/5327 4919/6158/5314
f 4919/6158/5314 4958/6200/5327 4957/6199/4748 4918/6157/4742
f 4956/6198/4761 4927/6166/4766 4928/6167/5317 4958/6200/5327
f 4958/6200/5327 4928/6167/5317 4926/6165/4703 4957/6199/4748
f 4923/6162/4770 4945/6184/4769 4946/6185/5324 4925/6164/5315
f 4925/6164/5315 4946/6185/5324 4944/6183/4730 4924/6163/4729
f 4932/6171/4790 4959/6201/4788 4961/6203/5328 4934/6173/5318
f 4934/6173/5318 4961/6203/5328 4960/6202/4725 4933/6172/4732
f 4963/6205/4778 4939/6178/4777 4940/6179/5322 4964/6206/5329
f 4964/6206/5329 4940/6179/5322 4938/6177/4746 4962/6204/4744
f 4966/6208/4793 4963/6205/4778 4964/6206/5329 4967/6209/5330
f 4967/6209/5330 4964/6206/5329 4962/6204/4744 4965/6207/4722
f 4969/6211/4794 4966/6208/4793 4967/6209/5330 4970/6212/5331
f 4970/6212/5331 4967/6209/5330 4965/6207/4722 4968/6210/4721
f 4972/6214/4787 4969/6211/4794 4970/6212/5331 4973/6215/5332
f 4973/6215/5332 4970/6212/5331 4968/6210/4721 4971/6213/4726
f 4959/6201/4788 4972/6214/4787 4973/6215/5332 4961/6203/5328
f 4961/6203/5328 4973/6215/5332 4971/6213/4726 4960/6202/4725
f 4975/6217/4897 4977/6219/4896 4979/6221/5333 4976/6218/5334
f 4976/6218/5334 4979/6221/5333 4978/6220/4796 4974/6216/4795
f 4977/6219/4896 4980/6222/4883 4982/6224/5335 4979/6221/5333
f 4979/6221/5333 4982/6224/5335 4981/6223/4799 4978/6220/4796
f 4984/6226/4899 4986/6228/4877 4988/6230/5336 4985/6227/5337
f 4985/6227/5337 4988/6230/5336 4987/6229/4803 4983/6225/4808
f 4990/6232/4880 4984/6226/4899 4985/6227/5337 4991/6233/5338
f 4991/6233/5338 4985/6227/5337 4983/6225/4808 4989/6231/4807
f 4993/6235/4885 4995/6237/4873 4997/6239/5339 4994/6236/5340
f 4994/6236/5340 4997/6239/5339 4996/6238/4811 4992/6234/4829
f 4999/6241/4893 4975/6217/4897 4976/6218/5334 5000/6242/5341
f 5000/6242/5341 4976/6218/5334 4974/6216/4795 4998/6240/4815
f 5002/6244/4871 5004/6246/4870 5006/6248/5342 5003/6245/5343
f 5003/6245/5343 5006/6248/5342 5005/6247/4820 5001/6243/4819
f 5004/6246/4870 4999/6241/4893 5000/6242/5341 5006/6248/5342
f 5006/6248/5342 5000/6242/5341 4998/6240/4815 5005/6247/4820
f 5008/6250/4876 5010/6252/4891 5012/6254/5344 5009/6251/5345
f 5009/6251/5345 5012/6254/5344 5011/6253/4817 5007/6249/4804
f 5010/6252/4891 5013/6255/4889 5015/6257/5346 5012/6254/5344
f 5012/6254/5344 5015/6257/5346 5014/6256/4823 5011/6253/4817
f 5013/6255/4889 5016/6258/4888 5018/6260/5347 5015/6257/5346
f 5015/6257/5346 5018/6260/5347 5017/6259/4825 5014/6256/4823
f 5016/6258/4888 4993/6235/4885 4994/6236/5340 5018/6260/5347
f 5018/6260/5347 4994/6236/5340 4992/6234/4829 5017/6259/4825
f 4980/6222/4883 5019/6261/4881 5021/6263/5348 4982/6224/5335
f 4982/6224/5335 5021/6263/5348 5020/6262/4801 4981/6223/4799
f 5019/6261/4881 4990/6232/4880 4991/6233/5338 5021/6263/5348
f 5021/6263/5348 4991/6233/5338 4989/6231/4807 5020/6262/4801
f 4986/6228/4877 5008/6250/4876 5009/6251/5345 4988/6230/5336
f 4988/6230/5336 5009/6251/5345 5007/6249/4804 4987/6229/4803
f 4995/6237/4873 5022/6264/4861 5024/6266/5349 4997/6239/5339
f 4997/6239/5339 5024/6266/5349 5023/6265/4812 4996/6238/4811
f 5026/6268/4867 5002/6244/4871 5003/6245/5343 5027/6269/5350
f 5027/6269/5350 5003/6245/5343 5001/6243/4819 5025/6267/4831
f 5029/6271/4865 5026/6268/4867 5027/6269/5350 5030/6272/5351
f 5030/6272/5351 5027/6269/5350 5025/6267/4831 5028/6270/4834
f 5032/6274/4863 5029/6271/4865 5030/6272/5351 5033/6275/5352
f 5033/6275/5352 5030/6272/5351 5028/6270/4834 5031/6273/4833
f 5035/6277/4860 5032/6274/4863 5033/6275/5352 5036/6278/5353
f 5036/6278/5353 5033/6275/5352 5031/6273/4833 5034/6276/4827
f 5022/6264/4861 5035/6277/4860 5036/6278/5353 5024/6266/5349
f 5024/6266/5349 5036/6278/5353 5034/6276/4827 5023/6265/4812
f 5038/6280/4838 5040/6282/4837 5042/6284/5354 5039/6281/5355
f 5039/6281/5355 5042/6284/5354 5041/6283/4895 5037/6279/4894
f 5040/6282/4837 5043/6285/4841 5045/6287/5356 5042/6284/5354
f 5042/6284/5354 5045/6287/5356 5044/6286/4882 5041/6283/4895
f 5047/6289/4842 5049/6291/4845 5051/6293/5357 5048/6290/5358
f 5048/6290/5358 5051/6293/5357 5050/6292/4874 5046/6288/4898
f 5053/6295/4843 5047/6289/4842 5048/6290/5358 5054/6296/5359
f 5054/6296/5359 5048/6290/5358 5046/6288/4898 5052/6294/4879
f 5056/6298/4846 5058/6300/4855 5060/6302/5360 5057/6299/5361
f 5057/6299/5361 5060/6302/5360 5059/6301/4872 5055/6297/4884
f 5062/6304/4839 5038/6280/4838 5039/6281/5355 5063/6305/5362
f 5063/6305/5362 5039/6281/5355 5037/6279/4894 5061/6303/4892
f 5065/6307/4848 5067/6309/4850 5069/6311/5363 5066/6308/5364
f 5066/6308/5364 5069/6311/5363 5068/6310/4869 5064/6306/4868
f 5067/6309/4850 5062/6304/4839 5063/6305/5362 5069/6311/5363
f 5069/6311/5363 5063/6305/5362 5061/6303/4892 5068/6310/4869
f 5071/6313/4844 5073/6315/4852 5075/6317/5365 5072/6314/5366
f 5072/6314/5366 5075/6317/5365 5074/6316/4890 5070/6312/4875
f 5073/6315/4852 5076/6318/4851 5078/6320/5367 5075/6317/5365
f 5075/6317/5365 5078/6320/5367 5077/6319/4886 5074/6316/4890
f 5076/6318/4851 5079/6321/4847 5081/6323/5368 5078/6320/5367
f 5078/6320/5367 5081/6323/5368 5080/6322/4887 5077/6319/4886
f 5079/6321/4847 5056/6298/4846 5057/6299/5361 5081/6323/5368
f 5081/6323/5368 5057/6299/5361 5055/6297/4884 5080/6322/4887
f 5043/6285/4841 5082/6324/4840 5084/6326/5369 5045/6287/5356
f 5045/6287/5356 5084/6326/5369 5083/6325/4878 5044/6286/4882
f 5082/6324/4840 5053/6295/4843 5054/6296/5359 5084/6326/5369
f 5084/6326/5369 5054/6296/5359 5052/6294/4879 5083/6325/4878
f 5049/6291/4845 5071/6313/4844 5072/6314/5366 5051/6293/5357
f 5051/6293/5357 5072/6314/5366 5070/6312/4875 5050/6292/4874
f 5058/6300/4855 5085/6327/4854 5087/6329/5370 5060/6302/5360
f 5060/6302/5360 5087/6329/5370 5086/6328/4858 5059/6301/4872
f 5089/6331/4849 5065/6307/4848 5066/6308/5364 5090/6332/5371
f 5090/6332/5371 5066/6308/5364 5064/6306/4868 5088/6330/4866
f 5092/6334/4856 5089/6331/4849 5090/6332/5371 5093/6335/5372
f 5093/6335/5372 5090/6332/5371 5088/6330/4866 5091/6333/4864
f 5095/6337/4857 5092/6334/4856 5093/6335/5372 5096/6338/5373
f 5096/6338/5373 5093/6335/5372 5091/6333/4864 5094/6336/4862
f 5098/6340/4853 5095/6337/4857 5096/6338/5373 5099/6341/5374
f 5099/6341/5374 5096/6338/5373 5094/6336/4862 5097/6339/4859
f 5085/6327/4854 5098/6340/4853 5099/6341/5374 5087/6329/5370
f 5087/6329/5370 5099/6341/5374 5097/6339/4859 5086/6328/4858
f 5161/6425/4786 5148/6408/4785 5150/6410/5375 5162/6426/5376
f 5162/6427/5376 5150/6411/5375 5149/6409/4813 5160/6424/4828
f 5158/6421/4791 5161/6425/4786 5162/6426/5376 5159/6422/5377
f 5159/6423/5377 5162/6427/5376 5160/6424/4828 5157/6420/4836
f 5155/6417/4792 5158/6421/4791 5159/6422/5377 5156/6418/5378
f 5156/6419/5378 5159/6423/5377 5157/6420/4836 5154/6416/4835
f 5152/6413/4775 5155/6417/4792 5156/6418/5378 5153/6414/5379
f 5153/6415/5379 5156/6419/5378 5154/6416/4835 5151/6412/4832
f 5128/6379/4776 5152/6413/4775 5153/6414/5379 5129/6380/5380
f 5129/6381/5380 5153/6415/5379 5151/6412/4832 5127/6378/4822
f 5148/6408/4785 5121/6370/4789 5123/6372/5381 5150/6410/5375
f 5150/6411/5375 5123/6373/5381 5122/6371/4814 5149/6409/4813
f 5134/6387/4768 5112/6358/4767 5114/6360/5382 5135/6388/5383
f 5135/6389/5383 5114/6361/5382 5113/6359/4806 5133/6386/4805
f 5116/6363/4763 5145/6404/4760 5147/6406/5384 5117/6364/4763
f 5117/6365/4763 5147/6407/5384 5146/6405/4802 5115/6362/4810
f 5145/6404/4760 5106/6350/4759 5108/6352/5385 5147/6406/5384
f 5147/6407/5384 5108/6353/5385 5107/6351/4800 5146/6405/4802
f 5119/6367/4772 5142/6400/4771 5144/6402/5386 5120/6368/5387
f 5120/6369/5387 5144/6403/5386 5143/6401/4826 5118/6366/4830
f 5142/6400/4771 5139/6396/4782 5141/6398/5388 5144/6402/5386
f 5144/6403/5386 5141/6399/5388 5140/6397/4824 5143/6401/4826
f 5139/6396/4782 5136/6390/4781 5138/6393/5389 5141/6398/5388
f 5141/6399/5388 5138/6395/5389 5137/6392/4818 5140/6397/4824
f 5136/6391/4781 5134/6387/4768 5135/6388/5383 5138/6394/5389
f 5138/6395/5389 5135/6389/5383 5133/6386/4805 5137/6392/4818
f 5125/6375/4757 5130/6382/4779 5132/6384/5390 5126/6376/5391
f 5126/6377/5391 5132/6385/5390 5131/6383/4821 5124/6374/4816
f 5130/6382/4779 5128/6379/4776 5129/6380/5380 5132/6384/5390
f 5132/6385/5390 5129/6381/5380 5127/6378/4822 5131/6383/4821
f 5101/6343/4737 5125/6375/4757 5126/6376/5391 5102/6344/4737
f 5102/6345/4737 5126/6377/5391 5124/6374/4816 5100/6342/4798
f 5121/6370/4789 5119/6367/4772 5120/6368/5387 5123/6372/5381
f 5123/6373/5381 5120/6369/5387 5118/6366/4830 5122/6371/4814
f 5110/6355/4764 5116/6363/4763 5117/6364/4763 5111/6356/5392
f 5111/6357/5392 5117/6365/4763 5115/6362/4810 5109/6354/4809
f 5112/6358/4767 5110/6355/4764 5111/6356/5392 5114/6360/5382
f 5114/6361/5382 5111/6357/5392 5109/6354/4809 5113/6359/4806
f 5106/6350/4759 5103/6346/4738 5105/6348/5393 5108/6352/5385
f 5108/6353/5385 5105/6349/5393 5104/6347/4797 5107/6351/4800
f 5103/6346/4738 5101/6343/4737 5102/6344/4737 5105/6348/5393
f 5105/6349/5393 5102/6345/4737 5100/6342/4798 5104/6347/4797
f 3712/4697/3892 3652/4613/3877 3774/4784/3880 3771/4780/3893
