# Blender 3.5.1
# www.blender.org
mtllib MD03_Temple_Jer_Extern_Esplanade_Herod_v1.mtl
o D00_Wall_Extern_Herod_Temp_Low
v -20.694105 3.117519 196.413132
v -20.694105 29.643095 196.413132
v -20.694105 3.117519 143.481567
v -20.694105 29.643095 143.481567
v -165.159393 29.643095 143.481567
v -165.159393 3.117517 143.481567
v -165.159393 3.117517 196.413132
v -165.159393 29.643095 196.413132
v -223.784622 29.643095 143.481567
v -223.784622 3.117517 143.481567
v -223.784622 3.117517 196.413132
v -223.784622 29.643095 196.413132
v -187.847977 29.643095 196.413132
v -187.847977 29.643095 143.481567
v -187.847977 3.117517 143.481567
v -187.847977 3.117517 196.413132
v -223.784622 29.643095 13.553116
v -223.784622 3.117517 13.553116
v -187.847977 29.643095 13.553116
v -187.847977 3.117517 13.553116
v -20.694105 3.117519 193.178268
v -165.159393 3.117517 193.178268
v -165.159393 29.643095 193.178268
v -223.784622 3.117517 193.178268
v -191.915588 51.444412 193.178268
v -187.847977 3.117517 193.178268
v -217.903656 51.444412 193.178268
v -217.903656 29.643095 196.413132
v -217.903656 3.117517 196.413132
v -217.903656 29.643095 143.481567
v -217.903656 3.117517 143.481567
v -217.903656 3.117517 13.553116
v -217.903656 3.117517 193.178268
v -191.915588 3.117517 143.481567
v -191.915588 3.117517 13.553116
v -191.915588 3.117517 193.178268
v -191.915588 29.643095 196.413132
v -191.915588 3.117517 196.413132
v -20.694105 3.117519 147.678482
v -165.159393 3.117517 147.678482
v -223.784622 3.117517 147.678482
v -187.847977 29.643095 147.678482
v -165.159393 29.643095 147.678482
v -223.784622 29.643095 147.678482
v -187.847977 3.117517 147.678482
v -217.903656 3.117517 147.678482
v -191.915588 3.117517 147.678482
v -191.915588 29.643095 143.481567
v -165.159393 47.541954 196.413132
v -165.159393 47.541954 193.178268
v -20.694105 47.541954 196.413132
v -20.694105 47.541954 193.178268
v -223.784622 51.444412 143.481567
v -187.847977 51.444412 143.481567
v -187.847977 51.444412 170.428391
v -191.915588 33.600384 13.553116
v -187.847977 51.444412 196.413132
v -15.829302 3.117517 -169.306900
v -15.829302 29.643095 -169.306900
v -20.694105 3.117519 -138.549362
v -15.829302 29.643095 -138.549362
v -144.304398 29.643095 -138.549362
v 129.525864 29.643095 -13.304132
v -144.304398 3.117517 -169.306900
v -144.304398 29.643095 -169.306900
v -223.784622 29.643095 -138.549362
v -223.784622 3.117517 -138.549362
v -223.784622 3.117517 -169.306900
v -223.784622 29.643095 -169.306900
v -187.847977 29.643095 -169.306900
v -187.847977 29.643095 -138.549362
v -187.847977 3.117517 -138.549362
v -187.847977 3.117517 -169.306900
v -15.829302 3.117517 -166.072037
v -15.829302 29.643095 -166.072037
v -144.304398 3.117517 -166.072037
v -144.304398 29.643095 -166.072037
v -223.784622 3.117517 -166.072037
v -223.784622 29.643095 -166.072037
v -187.847977 3.117517 -166.072037
v -187.847977 29.643095 -166.072037
v -217.903656 29.643095 -169.306900
v -217.903656 3.117517 -169.306900
v -217.903656 29.643095 -138.549362
v -217.903656 3.117517 -138.549362
v -217.903656 3.117517 -166.072037
v -217.903656 29.643095 -166.072037
v -191.915588 29.643095 -138.549362
v -191.915588 3.117517 -138.549362
v -191.915588 3.117517 -166.072037
v -191.915588 29.643095 -166.072037
v -191.915588 29.643095 -169.306900
v -191.915588 3.117517 -169.306900
v -15.829302 3.117517 -142.746277
v -144.304398 3.117517 -142.746277
v -223.784622 3.117517 -142.746277
v -187.847977 29.643095 -142.746277
v -15.829302 29.643095 -142.746277
v -144.304398 29.643095 -142.746277
v -223.784622 29.643095 -142.746277
v -187.847977 3.117517 -142.746277
v -217.903656 29.643095 -142.746277
v -217.903656 3.117517 -142.746277
v -191.915588 3.117517 -142.746277
v -191.915588 29.643095 -142.746277
v -216.508667 49.702843 170.428391
v -187.847977 3.117517 170.428391
v -20.694105 3.117519 170.428391
v -165.159393 3.117517 170.428391
v -223.784622 3.117517 170.428391
v -217.903656 3.117517 170.428391
v -191.915588 3.117517 170.428391
v -204.909622 51.444412 196.413132
v -223.784622 51.444412 196.413132
v -165.159393 47.541954 143.481567
v -20.694105 47.541954 143.481567
v -20.694105 47.541954 147.678482
v -165.159393 47.541954 147.678482
v -165.159393 47.541954 170.428391
v -204.909622 29.643095 196.413132
v -204.909622 3.117517 196.413132
v -204.909622 3.117517 143.481567
v -204.909622 3.117517 13.553116
v -204.909622 3.117517 193.178268
v -223.784622 51.444412 193.178268
v -204.909622 3.117517 147.678482
v -204.909622 33.600384 13.553116
v -223.784622 51.444412 170.428391
v -204.909622 29.643095 143.481567
v -204.909622 29.643095 -169.306900
v -204.909622 3.117517 -169.306900
v -204.909622 3.117517 -138.549362
v -204.909622 3.117517 -166.072037
v -204.909622 29.643095 -166.072037
v -204.909622 3.117517 -142.746277
v -217.903656 51.444412 147.678482
v -204.909622 3.117517 170.428391
v -204.909622 51.444412 143.481567
v -187.847977 51.444412 147.678482
v -223.784622 51.444412 147.678482
v -217.903656 51.444412 170.428391
v -217.903656 51.444412 143.481567
v -217.903656 51.444412 196.413132
v -187.847977 51.444412 193.178268
v -204.909622 51.444412 147.678482
v -187.847977 29.643095 135.691528
v -187.847977 3.117517 135.691528
v -223.784622 3.117517 135.691528
v -223.784622 29.643095 135.691528
v -217.903656 29.643095 135.691528
v -217.903656 3.117517 135.691528
v -191.915588 29.643095 135.691528
v -191.915588 3.117517 135.691528
v -204.909622 29.643095 135.691528
v -204.909622 3.117517 135.691528
v -204.909622 51.444412 193.178268
v -191.915588 51.444412 170.428391
v -191.915588 51.444412 143.481567
v -191.915588 51.444412 196.413132
v -191.915588 51.444412 147.678482
v -223.784622 29.643095 193.178268
v -187.847977 29.643095 193.178268
v -217.903656 49.702843 193.178268
v -204.909622 49.702843 193.178268
v -217.903656 49.702843 170.428391
v -204.909622 49.702843 170.428391
v -204.909622 49.702843 147.678482
v -191.915588 49.702843 193.178268
v -217.903656 49.702843 147.678482
v -191.915588 49.702843 170.428391
v -191.915588 49.702843 147.678482
v -162.889816 29.643095 196.413132
v -162.889816 3.117517 143.481567
v -162.889816 3.117517 196.413132
v -162.889816 29.643095 143.481567
v -162.889816 3.117517 193.178268
v -162.889816 3.117517 147.678482
v -162.889816 47.541954 170.428391
v -162.889816 47.541954 147.678482
v -162.889816 47.541954 193.178268
v -162.889816 47.541954 143.481567
v -162.889816 47.541954 196.413132
v -162.889816 3.117517 170.428391
v -20.694105 45.920380 170.428391
v -20.694105 45.920380 150.001846
v -20.694105 45.920380 190.854919
v -161.660843 45.920380 170.428391
v -161.678253 45.920380 150.035950
v -161.678253 45.920380 190.820816
v 106.837280 29.643095 143.481567
v 106.837280 3.117517 143.481567
v 106.837280 3.117517 196.413132
v 106.837280 29.643095 196.413132
v 165.462509 29.643095 143.481567
v 165.462509 3.117517 143.481567
v 165.462509 3.117517 196.413132
v 165.462509 29.643095 196.413132
v 129.525864 29.643095 196.413132
v 129.525864 29.643095 143.481567
v 129.525864 3.117517 143.481567
v 129.525864 3.117517 196.413132
v 165.462509 29.643095 13.553116
v 165.462509 3.117517 13.553116
v 129.525864 29.643095 13.553116
v 129.525864 3.117517 13.553116
v 106.837280 3.117517 193.178268
v 106.837280 29.643095 193.178268
v 165.462509 3.117517 193.178268
v 133.593475 51.444412 193.178268
v 129.525864 3.117517 193.178268
v 159.581543 51.444412 193.178268
v 159.581543 29.643095 196.413132
v 159.581543 3.117517 196.413132
v 159.581543 29.643095 143.481567
v 159.581543 3.117517 143.481567
v 159.581543 29.643095 13.553116
v 159.581543 3.117517 13.553116
v 159.581543 3.117517 193.178268
v 133.593475 3.117517 143.481567
v 133.593475 29.643095 13.553116
v 133.593475 3.117517 13.553116
v 133.593475 3.117517 193.178268
v 133.593475 29.643095 196.413132
v 133.593475 3.117517 196.413132
v 106.837280 3.117517 147.678482
v 165.462509 3.117517 147.678482
v 129.525864 29.643095 147.678482
v 106.837280 29.643095 147.678482
v 165.462509 29.643095 147.678482
v 129.525864 3.117517 147.678482
v 159.581543 3.117517 147.678482
v 133.593475 3.117517 147.678482
v 133.593475 29.643095 143.481567
v 106.837280 47.541954 196.413132
v 106.837280 47.541954 193.178268
v 165.462509 51.444412 143.481567
v 129.525864 51.444412 143.481567
v 129.525864 51.444412 170.428391
v 129.525864 51.444412 196.413132
v 106.837280 29.643095 -138.549362
v 129.525864 29.643095 5.308250
v 106.837280 3.117517 -169.306900
v 106.837280 29.643095 -169.306900
v 165.462509 29.643095 -138.549362
v 165.462509 3.117517 -138.549362
v 165.462509 3.117517 -169.306900
v 165.462509 29.643095 -169.306900
v 129.525864 29.643095 -169.306900
v 129.525864 29.643095 -138.549362
v 129.525864 3.117517 -138.549362
v 129.525864 3.117517 -169.306900
v 106.837280 3.117517 -166.072037
v 106.837280 29.643095 -166.072037
v 165.462509 3.117517 -166.072037
v 165.462509 29.643095 -166.072037
v 129.525864 3.117517 -166.072037
v 129.525864 29.643095 -166.072037
v 159.581543 29.643095 -169.306900
v 159.581543 3.117517 -169.306900
v 159.581543 29.643095 -138.549362
v 159.581543 3.117517 -138.549362
v 159.581543 3.117517 -166.072037
v 159.581543 29.643095 -166.072037
v 133.593475 29.643095 -138.549362
v 133.593475 3.117517 -138.549362
v 133.593475 3.117517 -166.072037
v 133.593475 29.643095 -166.072037
v 133.593475 29.643095 -169.306900
v 133.593475 3.117517 -169.306900
v 106.837280 3.117517 -142.746277
v 165.462509 3.117517 -142.746277
v 129.525864 29.643095 -142.746277
v 106.837280 29.643095 -142.746277
v 165.462509 29.643095 -142.746277
v 129.525864 3.117517 -142.746277
v 159.581543 29.643095 -142.746277
v 159.581543 3.117517 -142.746277
v 133.593475 3.117517 -142.746277
v 133.593475 29.643095 -142.746277
v 165.462509 29.643095 170.428391
v 129.525864 3.117517 170.428391
v 106.837280 3.117517 170.428391
v 165.462509 3.117517 170.428391
v 159.581543 3.117517 170.428391
v 133.593475 3.117517 170.428391
v 146.587509 51.444412 196.413132
v 165.462509 51.444412 196.413132
v 106.837280 47.541954 143.481567
v 106.837280 47.541954 147.678482
v 106.837280 47.541954 170.428391
v 146.587509 29.643095 196.413132
v 146.587509 3.117517 196.413132
v 146.587509 3.117517 143.481567
v 146.587509 3.117517 13.553116
v 146.587509 3.117517 193.178268
v 165.462509 51.444412 193.178268
v 146.587509 3.117517 147.678482
v 165.462509 51.444412 170.428391
v 146.587509 29.643095 143.481567
v 146.587509 29.643095 -169.306900
v 146.587509 3.117517 -169.306900
v 146.587509 3.117517 -138.549362
v 146.587509 3.117517 -166.072037
v 146.587509 29.643095 -166.072037
v 146.587509 3.117517 -142.746277
v 159.581543 51.444412 147.678482
v 146.587509 3.117517 170.428391
v 146.587509 51.444412 143.481567
v 129.525864 51.444412 147.678482
v 165.462509 51.444412 147.678482
v 159.581543 51.444412 170.428391
v 159.581543 51.444412 143.481567
v 159.581543 51.444412 196.413132
v 129.525864 51.444412 193.178268
v 146.587509 51.444412 147.678482
v 129.525864 29.643095 135.691528
v 129.525864 3.117517 135.691528
v 165.462509 3.117517 135.691528
v 165.462509 29.643095 135.691528
v 159.581543 29.643095 135.691528
v 159.581543 3.117517 135.691528
v 133.593475 29.643095 135.691528
v 133.593475 3.117517 135.691528
v 146.587509 3.117517 135.691528
v 146.587509 51.444412 193.178268
v 133.593475 51.444412 170.428391
v 133.593475 51.444412 143.481567
v 133.593475 51.444412 196.413132
v 133.593475 51.444412 147.678482
v 165.462509 29.643095 193.178268
v 129.525864 29.643095 193.178268
v 159.581543 49.702843 193.178268
v 146.587509 49.702843 193.178268
v 159.581543 49.702843 170.428391
v 146.587509 49.702843 170.428391
v 146.587509 49.702843 147.678482
v 133.593475 49.702843 193.178268
v 159.581543 49.702843 147.678482
v 133.593475 49.702843 170.428391
v 133.593475 49.702843 147.678482
v 104.567703 29.643095 196.413132
v 104.567703 3.117517 143.481567
v 104.567703 3.117517 196.413132
v 104.567703 29.643095 143.481567
v 104.567703 3.117517 193.178268
v 104.567703 3.117517 147.678482
v 104.567703 47.541954 170.428391
v 104.567703 47.541954 147.678482
v 104.567703 47.541954 193.178268
v 104.567703 47.541954 143.481567
v 104.567703 47.541954 196.413132
v 104.567703 3.117517 170.428391
v 103.338730 45.920380 170.428391
v 103.356140 45.920380 150.035950
v 103.356140 45.920380 190.820816
v -187.847977 3.117517 179.212662
v -165.159393 47.541954 179.212662
v -20.694105 3.117519 179.212662
v -165.159393 3.117517 179.212662
v -223.784622 3.117517 179.212662
v -217.903656 3.117517 179.212662
v -191.915588 3.117517 179.212662
v -165.159393 29.643095 179.212662
v -204.909622 3.117517 179.212662
v -223.784622 29.643095 179.212662
v -191.915588 51.444412 179.212662
v -217.903656 51.444412 179.212662
v -223.784622 51.444412 179.212662
v -187.847977 51.444412 179.212662
v -191.915588 49.702843 179.212662
v -217.903656 49.702843 179.212662
v -204.909622 49.702843 179.212662
v -162.889816 47.541954 179.212662
v -162.889816 3.117517 179.212662
v -161.669540 45.920380 178.033936
v -20.694105 45.920380 178.050980
v 129.525864 3.117517 179.212662
v 106.837280 47.541954 179.212662
v 106.837280 3.117517 179.212662
v 165.462509 3.117517 179.212662
v 159.581543 3.117517 179.212662
v 133.593475 3.117517 179.212662
v 106.837280 29.643095 179.212662
v 146.587509 3.117517 179.212662
v 165.462509 29.643095 179.212662
v 133.593475 51.444412 179.212662
v 159.581543 51.444412 179.212662
v 165.462509 51.444412 179.212662
v 129.525864 51.444412 179.212662
v 129.525864 29.643095 179.212662
v 133.593475 49.702843 179.212662
v 159.581543 49.702843 179.212662
v 146.587509 49.702843 179.212662
v 104.567703 47.541954 179.212662
v 104.567703 3.117517 179.212662
v 103.347427 45.920380 178.033936
v -204.909622 49.702843 162.744736
v -20.694105 3.117519 162.744736
v -165.159393 3.117517 162.744736
v -223.784622 3.117517 162.744736
v -217.903656 3.117517 162.744736
v -191.915588 3.117517 162.744736
v -187.847977 3.117517 162.744736
v -165.159393 29.643095 162.744736
v -165.159393 47.541954 162.744736
v -223.784622 51.444412 162.744736
v -187.847977 51.444412 162.744736
v -204.909622 3.117517 162.744736
v -217.903656 51.444412 162.744736
v -223.784622 29.643095 162.744736
v -191.915588 51.444412 162.744736
v -217.903656 49.702843 162.744736
v -191.915588 49.702843 162.744736
v -162.889816 47.541954 162.744736
v -162.889816 3.117517 162.744736
v -161.669540 45.920380 162.748993
v -20.694105 45.920380 155.520523
v 146.587509 49.702843 162.744736
v 106.837280 3.117517 162.744736
v 165.462509 3.117517 162.744736
v 159.581543 3.117517 162.744736
v 133.593475 3.117517 162.744736
v 129.525864 3.117517 162.744736
v 106.837280 29.643095 162.744736
v 106.837280 47.541954 162.335617
v 129.525864 29.643095 162.744736
v 165.462509 51.444412 162.744736
v 129.525864 51.444412 162.744736
v 146.587509 3.117517 162.744736
v 159.581543 51.444412 162.744736
v 165.462509 29.643095 162.744736
v 133.593475 51.444412 162.744736
v 159.581543 49.702843 162.744736
v 133.593475 49.702843 162.744736
v 104.567703 47.541954 162.335617
v 104.567703 3.117517 162.744736
v 103.352676 45.920380 155.547852
v -20.694105 21.428875 196.413132
v -165.159393 21.428875 196.413132
v -223.784622 21.428875 143.481567
v -223.784622 21.428875 196.413132
v -187.847977 21.428877 196.413132
v -223.784622 21.428875 13.553116
v -223.784622 21.428877 193.178268
v -217.903656 21.428875 196.413132
v -191.915588 21.428875 196.413132
v -15.829302 21.428875 -169.306900
v -144.304398 21.428875 -169.306900
v -223.784622 21.428875 -138.549362
v -223.784622 21.428875 -169.306900
v -187.847977 21.428877 -169.306900
v -223.784622 21.428877 -166.072037
v -217.903656 21.428875 -169.306900
v -191.915588 21.428875 -169.306900
v -223.784622 21.428877 -142.746277
v -223.784622 21.428877 170.428391
v -204.909622 21.428877 -169.306900
v -204.909622 21.428875 196.413132
v -223.784622 21.428877 147.678482
v -223.784622 21.428875 135.691528
v -162.889816 21.428875 196.413132
v 106.837280 21.428875 196.413132
v 165.462509 21.428875 143.481567
v 165.462509 21.428875 196.413132
v 129.525864 21.428877 196.413132
v 165.462509 21.428875 13.553116
v 165.462509 21.428877 193.178268
v 159.581543 21.428875 196.413132
v 133.593475 21.428875 196.413132
v 106.837280 21.428875 -169.306900
v 165.462509 21.428875 -138.549362
v 165.462509 21.428875 -169.306900
v 129.525864 21.428877 -169.306900
v 165.462509 21.428877 -166.072037
v 159.581543 21.428875 -169.306900
v 133.593475 21.428875 -169.306900
v 165.462509 21.428877 -142.746277
v 165.462509 21.428877 170.428391
v 146.587509 21.428877 -169.306900
v 146.587509 21.428875 196.413132
v 165.462509 21.428877 147.678482
v 165.462509 21.428875 135.691528
v 104.567703 21.428875 196.413132
v 165.462509 21.428875 179.212662
v -223.784622 21.428877 179.212662
v 165.462509 21.428875 162.744736
v -223.784622 21.428877 162.744736
v -204.909622 42.525547 143.481567
v -187.847977 42.525547 193.178268
v -223.784622 42.525547 193.178268
v -223.784622 42.525547 147.678482
v -223.784622 42.525547 170.428391
v -191.915588 42.525547 143.481567
v -223.784622 42.525547 143.481567
v -217.903656 42.525547 143.481567
v -187.847977 42.525547 170.428391
v -187.847977 42.525547 147.678482
v -187.847977 42.525547 143.481567
v -187.847977 42.525547 196.413132
v -204.909622 42.525547 196.413132
v -223.784622 42.525547 196.413132
v -217.903656 42.525547 196.413132
v -191.915588 42.525547 196.413132
v -187.847977 42.525547 179.212662
v -223.784622 42.525547 179.212662
v -223.784622 42.525547 162.744736
v -187.847977 42.525547 162.744736
v -216.508667 49.702843 193.178268
v -216.508667 29.643095 196.413132
v -216.508667 3.117517 196.413132
v -216.508667 51.444412 193.178268
v -216.508667 29.643095 -169.306900
v -216.508667 3.117517 -169.306900
v -216.508667 51.444412 143.481567
v -216.508667 51.444412 196.413132
v -216.508667 3.117517 143.481567
v -216.508667 3.117517 13.553116
v -216.508667 3.117517 193.178268
v -216.508667 3.117517 147.678482
v -216.508667 3.117517 -138.549362
v -216.508667 3.117517 -166.072037
v -216.508667 29.643095 -166.072037
v -216.508667 3.117517 -142.746277
v -216.508667 3.117517 170.428391
v -216.508667 51.444412 147.678482
v -216.508667 29.643095 143.481567
v -216.508667 3.117517 135.691528
v -216.508667 29.643095 135.691528
v -216.508667 49.702843 147.678482
v -216.508667 49.702843 179.212662
v -216.508667 3.117517 179.212662
v -216.508667 49.702843 162.744736
v -216.508667 3.117517 162.744736
v -216.508667 21.428875 -169.306900
v -216.508667 21.428875 196.413132
v -216.508667 42.525547 143.481567
v -216.508667 42.525547 196.413132
v -204.909622 42.525547 162.744736
v -216.508667 42.525547 170.428391
v -204.909622 42.525547 170.428391
v -216.508667 21.428877 170.428391
v -204.909622 42.525547 179.212662
v -204.909622 21.428877 170.428391
v -204.909622 21.428877 179.212662
v -204.909622 21.428877 162.744736
v -216.508667 29.643095 162.744736
v -216.508667 21.428877 162.744736
v -216.508667 42.525547 162.744736
v -216.508667 29.643095 179.212662
v -216.508667 21.428877 179.212662
v -216.508667 42.525547 179.212662
v -204.909622 29.643095 179.212662
v 146.587509 44.177307 143.481567
v 146.587509 36.910198 143.481567
v 129.525864 36.910202 193.178268
v 129.525864 44.177307 193.178268
v 165.462509 36.910202 193.178268
v 165.462509 44.177307 193.178268
v 165.462509 36.910202 147.678482
v 165.462509 44.177307 147.678482
v 165.462509 36.910202 170.428391
v 165.462509 44.177307 170.428391
v 133.593475 36.910202 143.481567
v 133.593475 44.177307 143.481567
v 165.462509 44.177307 143.481567
v 165.462509 36.910198 143.481567
v 159.581543 36.910202 143.481567
v 159.581543 44.177307 143.481567
v 129.525864 44.177307 170.428391
v 151.575546 44.177307 196.413132
v 129.525864 36.910202 147.678482
v 129.525864 44.177307 147.678482
v 129.525864 36.910202 143.481567
v 129.525864 44.177307 143.481567
v 129.525864 36.910202 196.413132
v 129.525864 44.177307 196.413132
v 146.587509 36.910202 196.413132
v 146.587509 44.177307 196.413132
v 165.462509 44.177307 196.413132
v 165.462509 36.910198 196.413132
v 159.581543 36.910202 196.413132
v 159.581543 44.177307 196.413132
v 133.593475 36.910202 196.413132
v 133.593475 44.177307 196.413132
v 129.525864 44.177307 179.212662
v 129.525864 36.910198 179.212662
v 165.462509 44.177307 179.212662
v 165.462509 36.910198 179.212662
v 165.462509 44.177307 162.744736
v 165.462509 36.910198 162.744736
v 129.525864 44.177307 162.744736
v 129.525864 36.910198 162.744736
v 151.575546 36.910202 196.413132
v 151.575546 44.177307 143.481567
v 151.575546 36.910198 143.481567
v 151.575546 21.428875 196.413132
v 151.575546 21.428877 -169.306900
v 151.575546 3.117517 162.744736
v 151.575546 49.702843 162.744736
v 151.575546 3.117517 179.212662
v 151.575546 49.702843 179.212662
v 151.575546 49.702843 147.678482
v 151.575546 3.117517 135.691528
v 151.575546 29.643095 143.481567
v 151.575546 51.444412 147.678482
v 151.575546 3.117517 170.428391
v 151.575546 3.117517 -142.746277
v 151.575546 29.643095 -166.072037
v 151.575546 3.117517 -166.072037
v 151.575546 3.117517 -138.549362
v 151.575546 3.117517 147.678482
v 151.575546 3.117517 193.178268
v 151.575546 3.117517 13.553116
v 151.575546 3.117517 143.481567
v 151.575546 51.444412 196.413132
v 151.575546 51.444412 143.481567
v 151.575546 3.117517 -169.306900
v 151.575546 29.643095 -169.306900
v 151.575546 51.444412 193.178268
v 151.575546 3.117517 196.413132
v 151.575546 29.643095 196.413132
v 151.575546 49.702843 193.178268
v 151.575546 49.702843 170.428391
v 163.886551 36.910202 170.428391
v 163.886551 44.177307 170.428391
v 163.886551 44.177307 162.744736
v 163.886551 36.910198 162.744736
v 151.575546 44.177307 194.347427
v 146.587509 36.910202 194.347427
v 146.587509 44.177307 194.347427
v 151.575546 36.910202 194.347427
v 134.396362 29.643095 179.212662
v 134.396362 29.643095 162.744736
v 134.396362 44.177307 170.428391
v 134.396362 44.177307 179.212662
v 134.396362 36.910198 179.212662
v 134.396362 44.177307 162.744736
v 134.396362 36.910198 162.744736
v 159.581543 29.643095 148.533798
v 159.581543 36.910202 148.533798
v 151.575546 36.910198 148.533798
v 151.575546 29.643095 148.533798
v 134.396362 44.177307 153.988297
v 134.396362 29.643095 153.988297
v 134.396362 36.910198 153.988297
v 134.396362 36.910198 148.533798
v 134.396362 29.643095 148.533798
v 137.096939 29.643095 148.533798
v 134.396362 44.177307 148.533798
v 151.575546 44.177307 148.533798
v 163.886551 29.643095 148.533798
v 163.886551 36.910202 148.533798
v 163.886551 29.643095 162.744736
v 163.886551 36.910202 194.347427
v 163.886551 29.643095 170.428391
v 163.886551 29.643095 194.347427
v 151.575546 29.643095 194.347427
v 146.587509 29.643095 194.347427
v 134.396362 36.910202 194.347427
v 134.396362 29.643095 194.347427
v 137.096939 29.643095 194.347427
v 159.581543 44.177307 148.533798
v 163.886551 47.711208 162.744736
v 134.396362 44.177307 194.347427
v 163.886551 44.177307 194.347427
v 163.886551 44.177307 148.533798
v 163.886551 47.711208 170.428391
v 151.575546 47.711208 194.347427
v 146.587509 47.711208 194.347427
v 134.396362 47.711208 170.428391
v 134.396362 47.711208 179.212662
v 134.396362 47.711208 162.744736
v 134.396362 47.711208 153.988297
v 134.396362 47.711208 148.533798
v 151.575546 47.711208 148.533798
v 159.581543 47.711208 148.533798
v 134.396362 47.711208 194.347427
v 163.886551 47.711208 194.347427
v 163.886551 47.711208 148.533798
v 159.581543 29.643095 194.347427
v 159.581543 36.910202 194.347427
v 159.581543 44.177307 194.347427
v 159.581543 47.711208 194.347427
v 163.886551 36.910202 179.212662
v 163.886551 29.643095 179.212662
v 163.886551 44.177307 179.212662
v 163.886551 47.711208 179.212662
v 151.575546 47.711208 162.744736
v 151.575546 47.711208 170.428391
v 151.575546 47.711208 179.212662
v 159.581543 47.711208 179.212662
v 159.581543 47.711208 170.428391
v 159.581543 47.711208 162.744736
v 146.587509 29.643095 148.533798
v 146.587509 36.910198 148.533798
v 146.587509 44.177307 148.533798
v 146.587509 47.711208 148.533798
v 146.587509 47.711208 162.744736
v 146.587509 47.711208 170.428391
v 146.587509 47.711208 179.212662
v -165.159393 42.496265 143.481567
v -165.159393 44.096561 170.428391
v -165.159393 42.496265 193.178268
v -20.694105 42.496265 143.481567
v -165.159393 42.496265 147.678482
v -20.694105 42.496265 196.413132
v -165.159393 42.496265 196.413132
v -162.889816 42.496265 143.481567
v -162.889816 42.496265 196.413132
v 106.837280 42.496265 143.481567
v 106.837280 43.278885 170.428391
v 106.837280 42.496265 193.178268
v 106.837280 42.496265 147.678482
v 106.837280 42.496265 196.413132
v 104.567703 42.496265 143.481567
v 104.567703 42.496265 196.413132
v 106.837280 43.278885 179.212662
v -165.159393 44.096561 179.212662
v 106.837280 43.278885 162.744736
v -165.159393 44.096561 162.744736
v -158.957596 44.096561 170.428391
v -158.957596 29.643095 162.744736
v -158.957596 29.643095 179.212662
v -158.957596 44.096561 179.212662
v -158.957596 44.096561 162.744736
v -158.957596 29.643095 150.035950
v -158.957596 44.096561 150.035950
v -158.957596 29.643095 190.820816
v -158.957596 44.096561 190.820816
v 101.672104 43.278885 190.820816
v 101.672104 29.643095 190.820816
v 101.672104 29.643095 179.212662
v 101.672104 29.643095 162.744736
v 101.672104 43.278885 170.428391
v 101.672104 43.278885 179.212662
v 101.672104 43.278885 162.744736
v 101.672104 29.643095 150.035950
v 101.672104 43.278885 150.035950
v -187.847977 45.111603 193.178268
v -223.784622 45.111603 193.178268
v -223.784622 45.111603 147.678482
v -223.784622 45.111603 170.428391
v -191.915588 45.111603 143.481567
v -217.903656 45.111603 143.481567
v -187.847977 45.111603 147.678482
v -187.847977 45.111603 143.481567
v -187.847977 45.111603 196.413132
v -204.909622 45.111603 196.413132
v -217.903656 45.111603 196.413132
v -191.915588 45.111603 196.413132
v -187.847977 45.111603 179.212662
v -223.784622 45.111603 179.212662
v -223.784622 45.111603 162.744736
v -187.847977 45.111603 162.744736
v -204.909622 45.111603 143.481567
v -223.784622 45.111603 143.481567
v -187.847977 45.111603 170.428391
v -223.784622 45.111603 196.413132
v -216.508667 45.111603 143.481567
v -216.508667 45.111603 196.413132
v -187.847977 49.701057 193.178268
v -223.784622 49.701057 193.178268
v -223.784622 49.701057 147.678482
v -223.784622 49.701057 170.428391
v -191.915588 49.701057 143.481567
v -217.903656 49.701057 143.481567
v -187.847977 49.701057 147.678482
v -187.847977 49.701057 143.481567
v -187.847977 49.701057 196.413132
v -204.909622 49.701057 196.413132
v -217.903656 49.701057 196.413132
v -191.915588 49.701057 196.413132
v -187.847977 49.701057 179.212662
v -223.784622 49.701057 179.212662
v -223.784622 49.701057 162.744736
v -187.847977 49.701057 162.744736
v -216.508667 49.701057 143.481567
v -216.508667 49.701057 196.413132
v -204.909622 49.701057 143.481567
v -223.784622 49.701057 143.481567
v -187.847977 49.701057 170.428391
v -223.784622 49.701057 196.413132
v -204.909622 49.701057 141.668091
v -204.909622 45.111603 141.668091
v -225.626175 49.701057 141.668091
v -225.626175 45.111603 141.668091
v -186.006485 49.701057 170.428391
v -186.006485 45.111603 170.428391
v -225.626175 49.701057 198.226639
v -225.626175 45.111603 198.226639
v -216.508667 45.111603 198.226639
v -217.903656 45.111603 198.226639
v -216.508667 45.111603 141.668091
v -186.006485 45.111603 162.744736
v -225.626175 45.111603 162.744736
v -225.626175 45.111603 147.678482
v -225.626175 45.111603 179.212662
v -225.626175 45.111603 170.428391
v -186.006485 45.111603 179.212662
v -186.006485 45.111603 193.178268
v -191.915588 45.111603 198.226639
v -204.909622 45.111603 198.226639
v -217.903656 45.111603 141.668091
v -191.915588 45.111603 141.668091
v -225.626175 45.111603 193.178268
v -186.006485 45.111603 141.668091
v -186.006485 45.111603 147.678482
v -186.006485 45.111603 198.226639
v -186.006485 49.701057 193.178268
v -225.626175 49.701057 193.178268
v -225.626175 49.701057 147.678482
v -225.626175 49.701057 170.428391
v -191.915588 49.701057 141.668091
v -217.903656 49.701057 141.668091
v -186.006485 49.701057 147.678482
v -186.006485 49.701057 141.668091
v -186.006485 49.701057 198.226639
v -204.909622 49.701057 198.226639
v -217.903656 49.701057 198.226639
v -191.915588 49.701057 198.226639
v -186.006485 49.701057 179.212662
v -225.626175 49.701057 179.212662
v -225.626175 49.701057 162.744736
v -186.006485 49.701057 162.744736
v -216.508667 49.701057 141.668091
v -216.508667 49.701057 198.226639
v -204.757950 47.406330 139.009399
v -227.400467 47.406330 139.009399
v -184.097412 47.406330 170.443466
v -227.400467 47.406330 200.826065
v -184.097412 47.406330 195.308365
v -227.400467 47.406330 195.308365
v -227.400467 47.406330 145.578568
v -227.400467 47.406330 170.443466
v -190.555893 47.406330 139.009399
v -218.960022 47.406330 139.009399
v -184.097412 47.406330 145.578568
v -184.097412 47.406330 139.009399
v -184.097412 47.406330 200.826065
v -204.757950 47.406330 200.826065
v -218.960022 47.406330 200.826065
v -190.555893 47.406330 200.826065
v -184.097412 47.406330 180.044418
v -227.400467 47.406330 180.044418
v -227.400467 47.406330 162.045502
v -184.097412 47.406330 162.045502
v -217.435318 47.406330 139.009399
v -217.435318 47.406330 200.826065
v -184.044495 48.553696 195.367432
v -227.449692 48.553696 195.367432
v -227.449692 48.553696 145.520340
v -227.449692 48.553696 170.443893
v -190.518188 48.553696 138.935669
v -218.989319 48.553696 138.935669
v -184.044495 48.553696 145.520340
v -184.044495 48.553696 138.935669
v -184.044495 48.553696 200.898148
v -204.753754 48.553696 200.898148
v -218.989319 48.553696 200.898148
v -190.518188 48.553696 200.898148
v -184.044495 48.553696 180.067474
v -227.449692 48.553696 180.067474
v -227.449692 48.553696 162.026123
v -184.044495 48.553696 162.026123
v -217.461014 48.553696 138.935669
v -217.461014 48.553696 200.898148
v -204.753754 48.553696 138.935669
v -227.449692 48.553696 138.935669
v -184.044495 48.553696 170.443893
v -227.449692 48.553696 200.898148
v 129.525864 49.769299 193.178268
v 165.462509 49.769299 193.178268
v 165.462509 49.769299 147.678482
v 165.462509 49.769299 170.428391
v 133.593475 49.769299 143.481567
v 159.581543 49.769299 143.481567
v 129.525864 49.769299 147.678482
v 129.525864 49.769299 143.481567
v 129.525864 49.769299 196.413132
v 146.587509 49.769299 196.413132
v 159.581543 49.769299 196.413132
v 133.593475 49.769299 196.413132
v 146.587509 49.769299 143.481567
v 165.462509 49.769299 143.481567
v 129.525864 49.769299 170.428391
v 165.462509 49.769299 196.413132
v 129.525864 49.769299 179.212662
v 165.462509 49.769299 179.212662
v 165.462509 49.769299 162.744736
v 129.525864 49.769299 162.744736
v 151.575546 49.769299 196.413132
v 151.575546 49.769299 143.481567
v 146.587509 46.063782 143.481567
v 165.462509 46.063782 143.481567
v 129.525864 46.063782 170.428391
v 165.462509 46.063782 196.413132
v 129.525864 46.063782 179.212662
v 165.462509 46.063782 179.212662
v 165.462509 46.063782 162.744736
v 129.525864 46.063782 162.744736
v 151.575546 46.063782 196.413132
v 151.575546 46.063782 143.481567
v 129.525864 46.063782 193.178268
v 165.462509 46.063782 193.178268
v 165.462509 46.063782 147.678482
v 165.462509 46.063782 170.428391
v 133.593475 46.063782 143.481567
v 159.581543 46.063782 143.481567
v 129.525864 46.063782 147.678482
v 129.525864 46.063782 143.481567
v 129.525864 46.063782 196.413132
v 146.587509 46.063782 196.413132
v 159.581543 46.063782 196.413132
v 133.593475 46.063782 196.413132
v 127.866455 46.063782 193.178268
v 127.866455 49.769299 193.178268
v 167.121918 46.063782 193.178268
v 167.121918 49.769299 193.178268
v 167.121918 46.063782 147.678482
v 167.121918 49.769299 147.678482
v 167.121918 46.063782 170.428391
v 167.121918 49.769299 170.428391
v 133.593475 46.063782 141.847443
v 133.593475 49.769299 141.847443
v 159.581543 46.063782 141.847443
v 159.581543 49.769299 141.847443
v 127.866455 46.063782 147.678482
v 127.866455 49.769299 147.678482
v 127.866455 46.063782 141.847443
v 127.866455 49.769299 141.847443
v 127.866455 46.063782 198.047302
v 127.866455 49.769299 198.047302
v 146.587509 46.063782 198.047302
v 146.587509 49.769299 198.047302
v 159.581543 46.063782 198.047302
v 159.581543 49.769299 198.047302
v 133.593475 46.063782 198.047302
v 133.593475 49.769299 198.047302
v 146.587509 49.769299 141.847443
v 151.575546 49.769299 141.847443
v 151.575546 49.769299 198.047302
v 127.866455 49.769299 170.428391
v 127.866455 49.769299 162.744736
v 167.121918 49.769299 162.744736
v 167.121918 49.769299 179.212662
v 127.866455 49.769299 179.212662
v 167.121918 49.769299 198.047302
v 167.121918 49.769299 141.847443
v 146.587509 46.063782 141.847443
v 167.121918 46.063782 141.847443
v 127.866455 46.063782 170.428391
v 167.121918 46.063782 198.047302
v 127.866455 46.063782 179.212662
v 167.121918 46.063782 179.212662
v 167.121918 46.063782 162.744736
v 127.866455 46.063782 162.744736
v 151.575546 46.063782 198.047302
v 151.575546 46.063782 141.847443
v -187.847977 29.643095 21.807444
v -204.909622 33.600384 21.807444
v -191.915588 33.600384 21.807444
v -217.535477 33.600384 21.807444
v -191.915588 3.117517 21.807444
v -217.903656 3.117517 21.807444
v -223.784622 29.643095 21.807444
v -223.784622 3.117517 21.807444
v -204.909622 3.117517 21.807444
v -223.784622 21.428875 21.807444
v -216.508667 3.117517 21.807444
v -187.847977 29.643095 5.308250
v -187.847977 3.117517 5.308250
v -223.784622 3.117517 5.308250
v -223.784622 29.643095 5.308250
v -217.903656 3.117517 5.308250
v -216.420502 37.200100 40.257057
v -191.915588 3.117517 5.308250
v -217.535477 33.600384 5.308250
v -191.915588 33.600384 5.308250
v -204.909622 33.600384 5.308250
v -204.909622 3.117517 5.308250
v -223.784622 21.428875 5.308250
v -216.508667 3.117517 5.308250
v -217.535477 33.600384 13.553116
v -191.915588 3.117520 40.257057
v -217.903656 3.117520 40.257057
v -217.903656 29.643095 40.257057
v -223.784622 29.643095 40.257057
v -223.784622 3.117520 40.257057
v -204.909622 3.117520 40.257057
v -223.784622 21.428875 40.257057
v -216.508667 3.117520 40.257057
v -187.847977 29.643095 40.257057
v -187.847977 3.117520 -13.304125
v -223.784622 3.117520 -13.304125
v -223.784622 29.643095 -13.304125
v -217.903656 29.643095 -13.304125
v -217.903656 3.117520 -13.304125
v -191.915588 29.643095 -13.304125
v -191.915588 3.117520 -13.304125
v -187.847977 29.643095 -13.304136
v -189.666809 46.880241 13.560521
v -204.909622 3.117520 -13.304136
v -223.784622 21.428875 -13.304136
v -216.508667 3.117520 -13.304136
v -216.508667 29.643095 -13.304136
v -187.755890 37.200100 5.308255
v -217.816055 37.200100 40.257057
v -223.609436 37.200100 13.553116
v -187.755890 37.200100 13.553116
v -187.755890 37.200100 40.257057
v -223.609436 37.200100 40.257057
v -226.127151 46.880241 4.095671
v -184.968384 46.880241 23.036236
v -219.476547 37.200100 44.215820
v -226.127151 46.880241 44.215820
v -184.968384 37.200100 44.215820
v -184.968384 37.200100 13.560521
v -226.127151 46.880241 -17.270761
v -184.968384 37.200100 4.095676
v -217.900269 46.880241 -17.270761
v -204.597473 46.880241 -17.270761
v -204.558502 46.880241 44.215820
v -189.640442 46.880241 44.215820
v -226.127151 46.880241 13.560521
v -217.874496 46.880241 44.215820
v -219.476547 46.880241 -17.270761
v -184.968384 46.880241 -17.270761
v -226.127151 37.200100 23.036236
v -189.693298 37.200100 -17.270761
v -184.968384 37.200100 -17.270761
v -219.476547 37.200100 -17.270761
v -189.693298 46.880241 -17.270761
v -226.127151 46.880241 23.036236
v -184.968384 46.880241 4.095676
v -184.968384 46.880241 13.560521
v -217.816055 37.200100 -13.304125
v -187.755890 37.200100 -13.304125
v -223.609436 37.200100 -13.304125
v -184.968384 46.880241 44.215820
v -219.476547 46.880241 44.215820
v -217.874496 37.200100 44.215820
v -226.127151 37.200100 13.560521
v -189.640442 37.200100 44.215820
v -204.558502 37.200100 44.215820
v -204.597473 37.200100 -17.270761
v -217.900269 37.200100 -17.270761
v -226.127151 37.200100 -17.270761
v -226.127151 37.200100 44.215820
v -184.968384 37.200100 23.036236
v -226.127151 37.200100 4.095671
v -191.871765 37.200100 -13.304125
v -223.609436 37.200100 21.807444
v -223.609436 37.200100 5.308250
v -187.755890 37.200100 21.807444
v -216.442947 37.200100 -13.304125
v -204.854843 37.200100 -13.304125
v -204.820892 33.600384 -0.602773
v -217.535477 33.600384 -0.602768
v -191.915588 33.600384 -0.602768
v -204.820892 33.600384 28.963570
v -191.915588 33.600384 28.963570
v -217.535477 33.600384 28.963570
v -191.915588 28.289953 133.325531
v -217.903656 28.289953 40.257057
v -217.903656 28.289953 133.325531
v -204.909622 28.289953 133.325531
v -187.847977 28.289953 -166.072037
v -144.304398 28.289953 -166.072037
v -191.915588 28.289953 -166.072037
v -15.829302 28.289953 -166.072037
v -217.903656 28.289953 -142.746277
v -217.903656 28.289953 -166.072037
v -217.903656 28.289953 -13.304125
v -217.903656 28.289953 -138.549362
v -204.909622 28.289953 -166.072037
v -191.915588 28.289953 -13.304125
v -191.915588 28.289953 -138.549362
v -191.915588 28.289953 -142.746277
v -187.847977 28.289953 -142.746277
v -144.304398 28.289953 -142.746277
v -15.829302 28.289953 -142.746277
v -216.508667 28.289953 -166.072037
v -216.508667 28.289953 -138.549362
v -204.909622 28.289953 -138.549362
v -216.508667 28.289953 -142.746277
v -204.909622 28.289953 -142.746277
v 159.581543 28.289953 135.691528
v 159.581543 28.289953 140.238861
v 146.587509 28.289953 13.553116
v 146.587509 28.289953 135.691528
v 133.593475 28.289953 13.553116
v 133.593475 28.289953 135.691528
v 159.581543 28.289953 13.553116
v 129.525864 28.289953 -166.072037
v 106.837280 28.289953 -166.072037
v 133.593475 28.289953 -166.072037
v 159.581543 28.289953 -142.746277
v 159.581543 28.289953 -166.072037
v 159.581543 28.289953 -138.549362
v 133.593475 28.289953 -138.549362
v 133.593475 28.289953 -142.746277
v 129.525864 28.289953 -142.746277
v 106.837280 28.289953 -142.746277
v 151.575546 28.289953 135.691528
v 151.575546 28.289953 13.553116
v 151.575546 28.289953 -166.072037
v 146.587509 28.289953 -166.072037
v 151.575546 28.289953 -138.549362
v 146.587509 28.289953 -138.549362
v 151.575546 28.289953 -142.746277
v 146.587509 28.289953 -142.746277
v 151.575546 28.289953 140.238861
v 146.587509 28.289953 140.238861
v 133.593475 28.289953 140.238861
v -216.508667 28.289953 133.325531
v -216.508667 28.289953 40.257057
v -204.909622 28.289953 -13.304136
v -216.508667 28.289953 -13.304136
v -213.021011 21.428875 13.553116
v -213.021011 21.428875 21.807444
v -213.021011 21.428875 5.308250
v -217.535477 21.428875 28.963570
v -217.535477 21.428875 21.807444
v -191.915588 21.428875 13.553116
v -217.535477 21.428875 5.308250
v -217.535477 21.428875 -0.602768
v -191.915588 21.428875 21.807444
v -191.915588 21.428875 5.308250
v -191.915588 21.428875 -0.602768
v -191.915588 21.428875 28.963570
v -204.820892 21.428875 -0.602768
v -204.820892 21.428875 28.963570
v -204.820892 21.428875 21.807444
v -217.535477 21.428875 13.553116
v -213.021011 21.428875 28.963570
v -204.820892 21.428875 13.553116
v -204.820892 21.428875 5.308250
v -213.021011 21.428875 -0.602768
v -213.021011 33.600384 -0.602770
v -204.820892 37.200100 40.257057
v -191.825729 37.200100 40.257057
v -191.915588 28.289953 40.257057
v -191.915588 29.643095 40.257057
v -204.909622 28.289953 40.257057
v -216.464600 31.244831 40.257057
v -204.865250 32.266254 40.257057
v -187.801941 31.244831 13.553116
v -187.801941 31.244831 40.257057
v -217.859863 31.244831 -13.304125
v -223.697037 31.244831 -13.304125
v -217.859863 31.244831 40.257057
v -223.697037 31.244831 40.257057
v -187.801941 31.244831 5.308253
v -223.697037 31.244831 13.553116
v -223.697037 31.244831 5.308251
v -223.697037 31.244831 21.807444
v -191.893677 32.266254 -13.304125
v -187.801941 31.244831 -13.304132
v -187.801941 31.244831 21.807444
v -191.870651 32.266254 40.257057
v -216.475815 31.244831 -13.304132
v -204.577927 46.880241 13.560521
v -216.486618 29.643095 40.257057
v -204.887421 29.643095 40.257057
v -213.021011 33.600384 28.963570
v -217.535477 27.837379 28.963570
v -217.535477 27.837379 21.807444
v -187.847977 25.858736 196.413132
v -223.784622 25.858736 193.178268
v -187.847977 25.858736 -169.306900
v -223.784622 25.858736 -166.072037
v -223.784622 25.858736 -142.746277
v -204.909622 25.858736 -169.306900
v 129.525864 25.858736 196.413132
v 165.462509 25.858736 193.178268
v 129.525864 25.858736 -169.306900
v 165.462509 25.858736 -166.072037
v 165.462509 25.858736 -142.746277
v 165.462509 25.858736 170.428391
v 146.587509 25.858736 -169.306900
v 165.462509 25.858736 147.678482
v -223.784622 25.858736 179.212662
v -20.694105 25.858734 196.413132
v -165.159393 25.858734 196.413132
v -223.784622 25.858734 196.413132
v -217.903656 25.858734 196.413132
v -191.915588 25.858734 196.413132
v -15.829302 25.858734 -169.306900
v -144.304398 25.858734 -169.306900
v -223.784622 25.858734 -138.549362
v -223.784622 25.858734 -169.306900
v -217.903656 25.858734 -169.306900
v -191.915588 25.858734 -169.306900
v -204.909622 25.858734 196.413132
v -162.889816 25.858734 196.413132
v 106.837280 25.858734 196.413132
v 165.462509 25.858734 143.481567
v 165.462509 25.858734 196.413132
v 165.462509 25.858734 13.553116
v 159.581543 25.858734 196.413132
v 133.593475 25.858734 196.413132
v 106.837280 25.858734 -169.306900
v 165.462509 25.858734 -138.549362
v 165.462509 25.858734 -169.306900
v 159.581543 25.858734 -169.306900
v 133.593475 25.858734 -169.306900
v 146.587509 25.858734 196.413132
v 165.462509 25.858734 135.691528
v 104.567703 25.858734 196.413132
v 165.462509 25.858734 179.212662
v 165.462509 25.858734 162.744736
v -216.508667 25.858734 196.413132
v -216.508667 25.858734 -169.306900
v -216.508667 25.858736 179.212662
v -204.909622 25.858736 179.212662
v 151.575546 25.858736 -169.306900
v 151.575546 25.858734 196.413132
v -223.784622 25.858734 5.308250
v -223.784622 25.858734 -13.304132
v -217.535477 27.837379 5.308250
v -217.535477 27.837379 -0.602768
v -191.915588 28.809229 28.963570
v -191.915588 27.837379 21.807444
v -191.915588 27.837379 13.553116
v -191.915588 27.837379 5.308250
v -191.915588 28.809229 -0.602768
v -204.820892 28.809229 28.963570
v -204.820892 28.809229 -0.602770
v -213.021011 27.837379 -0.602769
v -213.021011 27.837379 28.963570
v -204.909622 24.559664 36.431961
v -191.915588 24.559664 36.431961
v -204.909622 24.559664 34.370407
v -191.915588 24.559664 34.370407
v -204.865250 32.266254 -13.304125
v -189.674927 46.880241 4.095675
v -204.904297 22.057560 30.836761
v -191.915588 22.057560 30.836761
v -219.476547 46.880241 13.560521
v -204.828201 28.399609 30.826994
v -204.842209 29.474833 34.390671
v -204.850571 30.117527 36.520779
v -191.908173 28.399609 30.826994
v -189.658661 46.880241 23.036232
v -217.887344 46.880241 13.560521
v -204.571915 46.880241 23.036232
v -191.885498 30.117527 36.520779
v -191.893997 29.474833 34.390671
v -191.870651 32.266254 -13.304125
v -204.887421 29.643095 -13.304125
v -217.883377 46.880241 23.036232
v -219.476547 46.880241 23.036232
v -204.909622 24.559664 -9.479031
v -191.915588 24.559664 -9.479031
v -204.909622 24.559664 -7.417477
v -191.915588 24.559664 -7.417477
v -204.904297 22.057560 -3.883833
v -191.915588 22.057560 -3.883833
v -204.828201 28.399609 -3.874065
v -204.842209 29.474833 -7.437737
v -204.850571 30.117527 -9.567848
v -191.908173 28.399609 -3.874065
v -191.885498 30.117527 -9.567848
v -191.893997 29.474833 -7.437737
v -204.583923 46.880241 4.095674
v -217.891312 46.880241 4.095671
v -219.476547 46.880241 4.095671
v -145.496567 3.117517 143.481567
v -145.496567 29.643095 143.481567
v -145.496567 3.117517 193.178268
v -145.496567 3.117517 147.678482
v -145.496567 47.541954 147.678482
v -145.496567 47.541954 193.178268
v -145.496567 47.541954 143.481567
v -145.496567 3.117517 170.428391
v -145.496567 29.643095 196.413132
v -145.496567 3.117517 196.413132
v -145.496567 47.541954 196.413132
v -144.890793 45.100433 150.018890
v -144.890793 45.920380 190.837875
v -144.882095 45.920380 170.428391
v -145.496567 3.117517 179.212662
v -144.886444 45.920380 178.042450
v -144.886444 45.100433 162.744736
v -145.496567 3.117517 162.744736
v -145.496567 21.428875 196.413132
v -145.496567 42.496265 143.481567
v -145.496567 42.496265 196.413132
v -145.496567 25.858734 196.413132
v -154.641754 29.643095 196.413132
v -154.641754 3.117517 196.413132
v -154.641754 47.541954 196.413132
v -154.779480 45.920380 150.027420
v -154.641754 42.496265 196.413132
v -154.641754 3.117517 143.481567
v -154.641754 29.643095 143.481567
v -154.641754 3.117517 193.178268
v -154.641754 3.117517 147.678482
v -154.641754 47.541954 147.678482
v -154.641754 47.541954 193.178268
v -154.641754 47.541954 143.481567
v -154.641754 3.117517 170.428391
v -153.733078 45.920380 190.829346
v -153.720016 45.920380 170.428391
v -154.641754 3.117517 179.212662
v -153.726547 45.920380 178.038193
v -154.779480 45.920380 162.748993
v -154.641754 3.117517 162.744736
v -154.641754 21.428875 196.413132
v -154.641754 42.496265 143.481567
v -154.641754 25.858734 196.413132
v -144.890793 43.278885 162.744736
v -140.633148 43.278885 179.212662
v -140.633148 43.278885 170.428391
v -140.633148 43.278885 190.820816
v -140.633148 29.643095 190.820816
v -144.890793 43.278885 150.035950
v -154.641754 44.096561 170.428391
v -154.779480 44.096561 162.744736
v -154.641754 44.096561 190.820816
v -154.779480 44.096561 150.035950
v -154.641754 29.643095 190.820816
v -154.641754 44.096561 179.212662
v -154.641754 29.643095 150.035950
v -140.633148 29.643095 150.035950
v -144.304398 3.117517 143.481567
v -144.304398 29.643095 143.481567
v -144.304398 3.117517 193.178268
v -144.304398 3.117517 147.678482
v -144.304398 47.541954 147.678482
v -144.304398 47.541954 193.178268
v -144.304398 47.541954 143.481567
v -144.304398 3.117517 170.428391
v -143.806717 45.920380 190.840912
v -143.799576 45.920380 170.428391
v -144.304398 3.117517 179.212662
v -143.803146 45.920380 178.043976
v -143.805313 45.920380 155.070663
v -144.304398 3.117517 162.744736
v -144.304398 21.428875 196.413132
v -144.304398 42.496265 143.481567
v -144.304398 25.858734 196.413132
v -144.304398 29.643095 196.413132
v -144.304398 3.117517 196.413132
v -144.304398 47.541954 196.413132
v -143.806717 45.920380 150.015854
v -144.304398 42.496265 196.413132
v -156.632156 29.643095 196.413132
v -156.632156 3.117517 196.413132
v -156.632156 47.541954 196.413132
v -156.095230 45.920380 150.031677
v -156.632156 42.496265 196.413132
v -156.632156 3.117517 143.481567
v -156.632156 29.643095 143.481567
v -156.632156 3.117517 193.178268
v -156.632156 3.117517 147.678482
v -156.632156 47.541954 147.678482
v -156.632156 47.541954 193.178268
v -156.632156 47.541954 143.481567
v -156.632156 3.117517 170.428391
v -155.572037 45.920380 190.825089
v -155.556808 45.920380 170.428391
v -156.632156 3.117517 179.212662
v -155.564423 45.920380 178.036072
v -156.090866 45.920380 162.748993
v -156.632156 3.117517 162.744736
v -156.632156 21.428875 196.413132
v -156.632156 42.496265 143.481567
v -156.632156 25.858734 196.413132
v -165.159393 47.541954 163.566788
v -162.889816 47.541954 163.566788
v -161.665192 45.920380 163.568909
v 106.837280 47.541954 164.882309
v 104.567703 47.541954 164.882309
v 103.342255 45.920380 165.358673
v -20.694105 45.920380 165.351791
v 106.837280 43.278885 164.882309
v -165.159393 44.096561 163.566788
v -158.957596 44.096561 163.566788
v 101.672104 43.278885 164.882309
v -154.710617 44.096561 163.566788
v -144.884262 45.920380 163.566788
v -154.779480 45.920380 163.568909
v -142.761963 43.278885 163.566788
v -143.801361 45.920380 163.566788
v -156.090866 45.920380 163.568909
v -143.806717 46.847584 150.015854
v -144.890793 46.847584 150.018890
v -144.886444 46.847584 162.744736
v -154.779480 46.847584 162.748993
v -143.803146 46.847584 162.744736
v -144.884262 46.847584 163.566788
v -154.779480 46.847584 163.568909
v -143.801361 46.847584 163.566788
v -216.508667 25.858736 188.187927
v -216.508667 29.643095 188.187927
v -216.508667 42.525547 188.187927
v -204.909622 42.525547 188.187927
v -216.508667 21.428877 188.187927
v -204.909622 21.428877 188.187927
v -204.909622 29.643095 188.187927
v -204.909622 25.858736 188.187927
v -213.021011 33.600384 21.807444
v -213.021011 33.600384 13.553116
v -213.021011 33.600384 5.308250
v 163.886551 29.643095 155.639267
v 163.886551 36.910198 155.639267
v 163.886551 44.177307 155.639267
v 163.886551 47.711208 155.639267
v 151.575546 47.711208 155.639267
v 159.581543 47.711208 155.639267
v 146.587509 47.711208 155.639267
v 137.096939 36.910198 148.533798
v 137.096939 44.177307 148.533798
v 137.096939 36.910202 194.347427
v 137.096939 44.177307 194.347427
v 137.096939 47.711208 148.533798
v 137.096939 47.711208 194.347427
v 137.096939 47.711208 162.744736
v 137.096939 47.711208 170.428391
v 137.096939 47.711208 179.212662
v 137.096939 47.711208 154.813782
v 129.525864 28.289953 162.744736
v 106.837280 28.289953 162.744736
v 106.837280 28.289953 179.212662
v 106.837280 28.289953 170.428391
v 129.525864 28.289953 170.428391
v 106.837280 28.289953 193.178268
v 129.525864 28.289953 193.178268
v 106.837280 28.289953 147.678482
v 129.525864 28.289953 147.678482
v -187.847977 28.289953 179.212662
v -187.847977 28.289953 162.744736
v -165.159393 28.289953 162.744736
v -165.159393 28.289953 179.212662
v -165.159393 28.289953 170.428391
v -187.847977 28.289953 170.428391
v -165.159393 28.289953 193.178268
v -187.847977 28.289953 193.178268
v -165.159393 28.289953 147.678482
v -187.847977 28.289953 147.678482
v 129.525864 28.289953 179.212662
v 134.396362 28.289953 179.212662
v 134.396362 28.289953 170.428391
v 134.396362 28.289953 162.744736
v 159.581543 28.289953 148.533798
v 159.581543 28.289953 143.481567
v 151.575546 28.289953 143.481567
v 151.575546 28.289953 148.533798
v 134.396362 28.289953 153.988297
v 137.096939 28.289953 148.533798
v 134.396362 28.289953 148.533798
v 146.587509 28.289953 148.533798
v 137.096939 28.289953 153.988297
v 163.886551 28.289953 148.533798
v 163.886551 28.289953 155.639267
v 163.886551 28.289953 162.744736
v 163.886551 28.289953 170.428391
v 163.886551 28.289953 179.212662
v 163.886551 28.289953 194.347427
v 159.581543 28.289953 194.347427
v 151.575546 28.289953 162.744736
v 146.587509 28.289953 162.744736
v 151.575546 28.289953 194.347427
v 146.587509 28.289953 194.347427
v 137.096939 28.289953 170.428391
v 146.587509 28.289953 170.428391
v 137.096939 28.289953 194.347427
v 134.396362 28.289953 194.347427
v 137.096939 28.289953 179.212662
v 146.587509 28.289953 179.212662
v 137.096939 28.289953 162.744736
v 151.575546 28.289953 179.212662
v 151.575546 28.289953 170.428391
v 159.581543 28.289953 170.428391
v 159.581543 28.289953 162.744736
v 159.581543 28.289953 179.212662
v -158.957596 28.289953 170.428391
v -158.957596 28.289953 162.744736
v -158.957596 28.289953 179.212662
v -154.641754 28.289953 170.428391
v 101.672104 28.289953 151.879883
v 101.672104 28.289953 162.744736
v -158.957596 28.289953 151.879883
v -158.957596 28.289953 189.219238
v -154.641754 28.289953 189.219238
v 101.672104 28.289953 170.428391
v 101.672104 28.289953 179.212662
v 101.672104 28.289953 189.219238
v -154.641754 28.289953 162.744736
v -140.633148 28.289953 179.212662
v -140.633148 28.289953 151.879883
v 159.581543 28.289953 155.639267
v 151.575546 28.289953 155.639267
v 146.587509 28.289953 155.639267
v -154.641754 28.289953 179.212662
v -154.641754 28.289953 151.879883
v -140.633148 28.289953 162.744736
v -140.633148 28.289953 189.219238
v -140.633148 28.289953 170.428391
v 165.462509 29.643095 140.238861
v 159.581543 29.643095 140.238861
v 165.462509 3.117517 140.238861
v 165.462509 21.428875 140.238861
v 165.462509 25.858734 140.238861
v 129.525864 3.117517 139.586548
v 159.581543 3.117517 139.586548
v 129.525864 29.643095 139.586548
v 133.593475 3.117517 139.586548
v 146.587509 3.117517 139.586548
v 133.593475 29.643095 139.586548
v 165.462509 21.428875 137.965195
v 151.575546 3.117517 139.586548
v 159.581543 28.289953 138.999664
v 133.593475 28.289953 138.999664
v 146.587509 28.289953 138.999664
v 151.575546 28.289953 138.999664
v 165.462509 25.858734 137.965195
v 165.462509 29.643095 137.965195
v 159.581543 29.643095 137.965195
v 165.462509 3.117517 137.965195
v -204.909622 31.245989 143.481567
v -191.915588 31.245989 143.481567
v -187.847977 31.245989 147.678482
v -187.847977 31.245989 143.481567
v -204.909622 23.246777 162.744736
v -187.847977 29.643095 162.744736
v -223.784622 30.422333 196.413132
v -187.847977 30.422333 193.178268
v -223.784622 30.422333 193.178268
v -187.847977 30.422333 196.413132
v -204.909622 30.422333 196.413132
v -217.903656 30.422333 196.413132
v -191.915588 30.422333 196.413132
v -223.784622 30.422333 179.212662
v -216.508667 30.422333 196.413132
v -216.508667 30.422333 179.212662
v -204.909622 30.422333 179.212662
v -216.508667 30.422333 188.187927
v -204.909622 30.422333 188.187927
v -187.847977 30.422333 179.212662
v -219.476547 38.663662 -17.270761
v -219.476547 45.416691 -17.270761
v -217.900269 45.416691 -17.270761
v -217.900269 38.663658 -17.270761
v -184.968384 45.416691 4.095676
v -184.968384 38.663658 4.095676
v -189.640442 38.663662 44.215820
v -189.640442 45.416691 44.215820
v -204.558502 45.416691 44.215820
v -204.558502 38.663658 44.215820
v -204.597473 38.663662 -17.270761
v -204.597473 45.416691 -17.270761
v -189.693298 38.663662 -17.270761
v -189.693298 45.416691 -17.270761
v -184.968384 45.416691 -17.270761
v -184.968384 38.663658 -17.270761
v -184.968384 45.416691 44.215820
v -184.968384 38.663658 44.215820
v -184.968384 38.663662 13.560521
v -184.968384 45.416691 13.560521
v -184.968384 45.416691 23.036236
v -184.968384 38.663658 23.036236
v -226.127151 38.663662 4.095671
v -226.127151 45.416691 4.095671
v -226.127151 45.416691 -17.270761
v -226.127151 38.663658 -17.270761
v -226.127151 45.416691 44.215820
v -226.127151 38.663658 44.215820
v -226.127151 38.663662 23.036236
v -226.127151 45.416691 23.036236
v -226.127151 45.416691 13.560521
v -226.127151 38.663658 13.560521
v -217.874496 38.663662 44.215820
v -217.874496 45.416691 44.215820
v -219.476547 45.416691 44.215820
v -219.476547 38.663658 44.215820
v -219.476547 38.663662 -14.585293
v -219.476547 45.416691 -14.585293
v -217.900269 45.416691 -14.585293
v -217.900269 38.663658 -14.585293
v -187.595749 45.416691 4.095676
v -187.595749 38.663658 4.095676
v -189.640442 38.663662 41.530354
v -189.640442 45.416691 41.530354
v -204.558502 45.416691 41.530354
v -204.558502 38.663658 41.530354
v -204.597473 38.663662 -14.585293
v -204.597473 45.416691 -14.585293
v -189.693298 38.663662 -14.585293
v -189.693298 45.416691 -14.585293
v -187.595749 45.416691 -14.585293
v -187.595749 38.663658 -14.585293
v -187.595749 45.416691 41.530354
v -187.595749 38.663658 41.530354
v -187.595749 38.663662 13.560521
v -187.595749 45.416691 13.560521
v -187.595749 45.416691 23.036236
v -187.595749 38.663658 23.036236
v -223.499817 38.663662 4.095671
v -223.499817 45.416691 4.095671
v -223.499817 45.416691 -14.585293
v -223.499817 38.663658 -14.585293
v -223.499817 45.416691 41.530354
v -223.499817 38.663658 41.530354
v -223.499817 38.663662 23.036236
v -223.499817 45.416691 23.036236
v -223.499817 45.416691 13.560521
v -223.499817 38.663658 13.560521
v -217.874496 38.663662 41.530354
v -217.874496 45.416691 41.530354
v -219.476547 45.416691 41.530354
v -219.476547 38.663658 41.530354
v -20.694105 3.117519 139.586548
v -165.159393 3.117517 139.586548
v -162.889816 3.117517 139.586548
v 106.837280 3.117517 139.586548
v 104.567703 3.117517 139.586548
v -145.496567 3.117517 139.586548
v -154.641754 3.117517 139.586548
v -144.304398 3.117517 139.586548
v -156.632156 3.117517 139.586548
v -20.694105 3.117519 135.691528
v -165.159393 3.117517 135.691528
v -217.903656 29.643095 139.586548
v -162.889816 3.117517 135.691528
v 106.837280 3.117517 135.691528
v 104.567703 3.117517 135.691528
v -145.496567 3.117517 135.691528
v -154.641754 3.117517 135.691528
v -144.304398 3.117517 135.691528
v -156.632156 3.117517 135.691528
v -20.694105 3.117519 13.553116
v -165.159393 3.117517 13.553116
v -162.889816 3.117517 13.553116
v 106.837280 3.117517 13.553116
v 104.567703 3.117517 13.553116
v -145.496567 3.117517 13.553116
v -154.641754 3.117517 13.553116
v -144.304398 3.117517 13.553116
v -156.632156 3.117517 13.553116
v -223.784622 3.117517 139.586548
v 129.525864 3.117517 5.308250
v -223.784622 29.643095 139.586548
v -20.694105 3.117519 5.308246
v -165.159393 3.117517 5.308250
v -162.889816 3.117517 5.308250
v 106.837280 3.117517 5.308250
v 104.567703 3.117517 5.308250
v -145.496567 3.117517 5.308250
v -154.641754 3.117517 5.308250
v -144.304398 3.117517 5.308250
v -156.632156 3.117517 5.308250
v -217.903656 3.117517 139.586548
v 129.525864 3.117517 -13.304125
v -187.847977 29.643095 139.586548
v -20.694105 3.117519 -13.304123
v -165.159393 3.117517 -13.304125
v -162.889816 3.117517 -13.304125
v 106.837280 3.117517 -13.304125
v 104.567703 3.117517 -13.304125
v -145.496567 3.117517 -13.304125
v -154.641754 3.117517 -13.304125
v -144.304398 3.117517 -13.304125
v -156.632156 3.117517 -13.304125
v -187.847977 3.117517 40.257057
v -187.847977 3.117517 22.782654
v -165.159393 3.117517 -138.549362
v -162.889816 3.117517 -138.549362
v 106.837280 3.117517 -138.549362
v 104.567703 3.117517 -138.549362
v -145.496567 3.117517 -138.549362
v -154.641754 3.117517 -138.549362
v -144.304398 3.117517 -138.549362
v -156.632156 3.117517 -138.549362
v -165.159393 3.117517 40.257057
v 165.462509 3.117517 5.308250
v -165.159393 3.117517 22.782654
v 165.462509 29.643095 5.308250
v 159.581543 29.643095 5.308250
v 159.581543 3.117517 5.308250
v 133.593475 29.643095 5.308250
v 133.593475 3.117517 5.308250
v 146.587509 3.117517 5.308250
v 165.462509 21.428875 5.308250
v 151.575546 3.117517 5.308250
v 159.581543 28.289953 5.308250
v 133.593475 28.289953 5.308250
v 146.587509 28.289953 5.308250
v 151.575546 28.289953 5.308250
v 165.462509 25.858734 5.308250
v 165.462509 3.117517 -13.304123
v 165.462509 29.643095 -13.304123
v 159.581543 29.643095 -13.304123
v 159.581543 3.117517 -13.304123
v 133.593475 29.643095 -13.304123
v 133.593475 3.117517 -13.304123
v 165.462509 21.428875 -13.304123
v 151.575546 3.117517 -13.304123
v 159.581543 28.289953 -13.304123
v 133.593475 28.289953 -13.304123
v 151.575546 28.289953 -13.304123
v 165.462509 25.858734 -13.304123
v 146.587509 3.117517 -13.304132
v 146.587509 28.289953 -13.304132
v -191.915588 3.117517 139.586548
v -204.909622 3.117517 139.586548
v -191.915588 29.643095 139.586548
v -223.784622 21.428875 139.586548
v -216.508667 3.117517 139.586548
v -204.909622 29.643095 139.586548
v -216.508667 29.643095 139.586548
v -187.847977 3.117517 139.586548
v 129.525864 29.643095 40.257057
v 133.593475 3.117517 40.257057
v 133.593475 29.643095 40.257057
v 159.581543 3.117517 40.257057
v 159.581543 29.643095 40.257057
v 165.462509 29.643095 40.257057
v 165.462509 3.117517 40.257057
v 146.587509 3.117517 40.257057
v 165.462509 21.428875 40.257057
v 151.575546 3.117517 40.257057
v 146.587509 28.289953 40.257057
v 133.593475 28.289953 40.257057
v 159.581543 28.289953 40.257057
v 151.575546 28.289953 40.257057
v 165.462509 25.858734 40.257057
v 129.525864 3.117517 40.257057
v -145.496567 3.117517 40.257057
v -144.304398 3.117517 40.257057
v 104.567703 3.117517 40.257057
v 106.837280 3.117517 40.257057
v -156.632156 3.117517 40.257057
v -162.889816 3.117517 40.257057
v -154.641754 3.117517 40.257057
v -20.694105 3.117519 40.257057
v -144.304398 3.117517 22.782654
v 106.837280 3.117517 22.782654
v -162.889816 3.117517 22.782654
v -154.641754 3.117517 22.782654
v -145.496567 3.117517 22.782654
v 104.567703 3.117517 22.782654
v -156.632156 3.117517 22.782654
v -20.694105 3.117519 22.782656
v 129.525864 29.643095 22.782654
v 165.462509 21.428875 22.782654
v 151.575546 3.117517 22.782654
v 151.575546 28.289953 22.782654
v 165.462509 25.858734 22.782654
v 133.593475 3.117517 22.782654
v 133.593475 29.643095 22.782654
v 159.581543 3.117517 22.782654
v 159.581543 29.643095 22.782654
v 165.462509 29.643095 22.782654
v 165.462509 3.117517 22.782654
v 146.587509 3.117517 22.782654
v 146.587509 28.289953 22.782654
v 133.593475 28.289953 22.782654
v 159.581543 28.289953 22.782654
v 129.525864 3.117517 22.782652
v -33.637039 29.643095 143.481567
v -33.637039 3.117519 193.178268
v -33.637039 3.117519 147.678482
v -33.637039 47.541954 147.678482
v -33.637039 47.541954 193.178268
v -33.637039 47.541954 143.481567
v -33.637039 3.117519 170.428391
v -33.637039 45.920380 190.847916
v -33.637039 45.920380 170.428391
v -33.637039 3.117519 179.212662
v -33.637039 45.920380 178.047485
v -33.637039 45.920380 155.664154
v -33.637039 3.117519 162.744736
v -33.637039 21.428875 196.413132
v -33.637039 42.496265 143.481567
v -33.637039 25.858734 196.413132
v -33.637039 29.643095 196.413132
v -33.637039 3.117519 196.413132
v -33.637039 47.541954 196.413132
v -33.637039 45.920380 150.008850
v -33.637039 42.496265 196.413132
v -33.637039 45.920380 164.459274
v -33.637039 3.117519 143.481567
v -38.501842 29.643095 -169.306870
v -38.501842 3.117517 -169.306870
v -38.501842 29.643095 -138.549362
v -33.637039 3.117517 -166.072037
v -38.501842 29.643095 -166.072037
v -38.501842 29.643095 -142.746262
v -33.637039 3.117517 -142.746262
v -38.501842 21.428875 -169.306870
v -38.501842 28.289953 -166.072037
v -38.501842 28.289953 -142.746262
v -38.501842 25.858734 -169.306870
v -162.889816 29.643095 -138.549362
v -156.632156 29.643095 -138.549362
v -154.641754 29.643095 -138.549362
v -154.641754 29.643095 -169.306900
v -156.632172 29.643095 -169.306900
v -162.889832 29.643095 -169.306900
v -154.641754 3.117517 -169.306900
v -156.632172 3.117517 -169.306900
v -162.889832 3.117517 -169.306900
v -162.889816 29.643095 -166.072037
v -156.632156 29.643095 -166.072037
v -154.641754 29.643095 -166.072037
v -162.889816 3.117517 -166.072037
v -156.632156 3.117517 -166.072037
v -154.641754 3.117517 -166.072037
v -162.889816 29.643095 -142.746277
v -156.632156 29.643095 -142.746277
v -154.641754 29.643095 -142.746277
v -162.889816 3.117517 -142.746277
v -156.632156 3.117517 -142.746277
v -154.641754 3.117517 -142.746277
v -154.641754 21.428875 -169.306900
v -156.632172 21.428875 -169.306900
v -162.889832 21.428877 -169.306900
v -162.889816 28.289953 -166.072037
v -156.632156 28.289953 -166.072037
v -154.641754 28.289953 -166.072037
v -162.889816 28.289953 -142.746277
v -156.632156 28.289953 -142.746277
v -154.641754 28.289953 -142.746277
v -154.641754 25.858734 -169.306900
v -156.632172 25.858734 -169.306900
v -162.889832 25.858734 -169.306900
v -165.159409 29.643095 -169.306900
v -165.159409 3.117517 -169.306900
v -165.159409 21.428877 -169.306900
v -165.159409 25.858734 -169.306900
v -165.159393 29.643095 -138.549362
v -165.159393 29.643095 -166.072037
v -165.159393 3.117517 -166.072037
v -165.159393 29.643095 -142.746277
v -165.159393 3.117517 -142.746277
v -165.159393 28.289953 -166.072037
v -165.159393 28.289953 -142.746277
v -33.637039 3.117519 139.586548
v -33.637039 3.117519 135.691528
v -33.637039 3.117519 13.553116
v -33.637039 3.117519 5.308246
v -33.637039 3.117519 -13.304123
v -33.637039 3.117519 40.257057
v -33.637039 3.117519 22.782656
v -33.637039 3.117519 -138.549377
v -33.637035 43.278885 170.428391
v -20.694105 43.278885 170.428391
v -33.637035 43.278885 162.744736
v -20.694105 43.278885 162.744736
v -33.637035 43.278885 190.820816
v -20.694105 43.278885 190.820816
v -33.637035 29.643095 150.035950
v -20.694105 29.643095 150.035950
v -20.694105 29.643095 190.820816
v -33.637035 29.643095 190.820816
v -20.694105 43.278885 179.212662
v -33.637035 43.278885 179.212662
v -20.694105 43.278885 150.035950
v -33.637035 43.278885 150.035950
v -33.637035 43.278885 164.005295
v -20.694105 43.278885 164.443802
v -33.637035 28.289953 179.212662
v -20.694105 28.289953 179.212662
v -33.637035 28.289953 151.879883
v -20.689959 28.174038 151.880508
v -20.661255 28.207659 162.745193
v -33.637035 28.289953 162.744736
v -20.694105 28.289953 189.219238
v -33.637035 28.289953 189.219238
v -20.694105 28.289953 170.428391
v -33.637035 28.289953 170.428391
v -31.022720 34.083221 145.059692
v -23.308424 34.083221 145.059692
v -31.022718 34.083221 148.457825
v -23.308424 34.083221 148.457825
v -7.229994 43.278885 170.428391
v -7.229994 43.278885 162.744736
v -7.229994 43.278885 190.820816
v -7.229994 29.643095 150.035950
v -7.229994 43.278885 164.663055
v -7.229994 28.289953 179.212662
v -7.229994 28.289953 151.879883
v -7.229988 29.643095 190.820816
v -7.229988 43.278885 179.212662
v -7.229988 43.278885 150.035950
v -7.229988 28.289953 162.744736
v -7.229988 28.289953 189.219238
v -7.229988 28.289953 170.428391
v -4.191967 16.357410 151.879349
v 21.723156 16.265776 151.879883
v 21.723156 16.265776 162.744736
v -4.163263 16.391033 162.744034
v 21.723156 16.265776 143.481567
v -4.152090 16.418076 143.480759
v 22.331081 3.117519 193.178268
v -7.297930 3.117519 193.178268
v 21.723156 3.117519 151.879883
v 14.357288 3.071587 151.880142
v 22.331081 47.541954 147.678482
v -7.297930 47.541954 147.678482
v 22.331081 47.541954 193.178268
v -7.297930 47.541954 193.178268
v 22.331081 47.541954 143.481567
v -7.297930 47.541954 143.481567
v 22.331081 3.117519 170.428391
v 5.038918 3.117519 170.428391
v -7.297932 29.643095 196.413132
v 22.331081 29.643095 196.413132
v -7.297932 3.117519 196.413132
v 22.331081 3.117519 196.413132
v -7.297932 47.541954 196.413132
v 22.331081 47.541954 196.413132
v -7.465187 45.920380 150.013199
v 21.996571 45.920380 150.024567
v 21.996571 45.920380 190.832184
v -7.465185 45.920380 190.843552
v 21.991764 45.920380 170.428391
v -7.467587 45.920380 170.428391
v -7.297932 3.117519 179.212662
v 22.331081 3.117519 179.212662
v -7.466387 45.920380 178.045288
v 21.994164 45.920380 178.039627
v -7.465662 45.920380 155.529633
v 21.995621 45.920380 155.538757
v 14.385986 3.105208 162.744827
v 21.723156 3.117519 162.744736
v -7.297932 21.428875 196.413132
v 22.331081 21.428875 196.413132
v -7.297932 42.496265 143.481567
v 22.331081 42.496265 143.481567
v 22.331081 42.496265 196.413132
v -7.297930 42.496265 196.413132
v -7.297932 25.858734 196.413132
v 22.331081 25.858734 196.413132
v -7.467104 45.920380 165.354095
v 21.992733 45.920380 165.356384
v 8.640400 3.117518 -138.549362
v 11.072800 29.643095 -169.306900
v 11.072800 3.117517 -169.306900
v 11.072803 29.643095 -138.549362
v 11.072803 3.117517 -166.072037
v 11.072803 29.643095 -166.072037
v 11.072803 29.643095 -142.746277
v 11.072803 3.117517 -142.746277
v 11.072803 21.428875 -169.306900
v 11.072803 28.289953 -166.072037
v 11.072803 28.289953 -142.746277
v 11.072803 25.858734 -169.306900
v 22.331081 29.643095 -169.306900
v 22.331081 3.117517 -169.306900
v 21.114876 3.117517 -138.549362
v 22.331081 29.643095 -138.549362
v 22.331081 3.117517 -166.072037
v 22.331081 29.643095 -166.072037
v 22.331081 29.643095 -142.746277
v 22.331081 3.117517 -142.746277
v 22.331081 21.428875 -169.306900
v 22.331081 28.289953 -166.072037
v 22.331081 28.289953 -142.746277
v 22.331081 25.858734 -169.306900
v 8.640400 3.117518 139.586548
v 8.640400 3.117518 135.691528
v 8.640400 3.117518 13.553116
v 8.640400 3.117518 5.308249
v 8.640400 3.117518 -13.304123
v 14.305862 3.004785 143.482178
v 8.640400 3.117518 40.257057
v 8.640400 3.117518 22.782654
v 105.175812 29.643095 -169.306900
v 105.175812 3.117517 -169.306900
v 21.625294 3.117518 -13.304123
v 105.175797 29.643095 -138.549362
v 105.175797 3.117517 -166.072037
v 105.175797 29.643095 -166.072037
v 105.175797 29.643095 -142.746277
v 105.175797 3.117517 -142.746277
v 105.175797 21.428875 -169.306900
v 105.175797 28.289953 -166.072037
v 105.175797 28.289953 -142.746277
v 105.175797 25.858734 -169.306900
v 21.701145 3.117518 5.308249
v 21.734745 3.117518 13.553116
v 21.772362 3.117518 22.782654
v 21.843575 3.117518 40.257057
v 22.232513 3.117518 135.691528
v 22.248394 3.117518 139.586548
v 21.723156 3.117519 143.481567
v 14.316963 16.354923 151.879395
v 14.305862 16.341925 143.481171
v 14.589100 19.228535 151.879883
v 14.589100 19.228535 162.744736
v 14.572842 16.357925 162.744247
v 8.785534 3.117519 193.178268
v 8.785534 47.541954 147.678482
v 8.785534 47.541954 193.178268
v 8.785534 47.541954 143.481567
v 13.684998 3.117519 170.428391
v 8.785534 29.643095 196.413132
v 8.785534 3.117519 196.413132
v 8.785534 47.541954 196.413132
v 8.534649 45.920380 150.018875
v 8.534649 45.920380 190.837875
v 8.531048 45.920380 170.428391
v 8.785534 3.117519 179.212662
v 8.532845 45.920380 178.042450
v 8.533939 45.920380 155.534195
v 8.785534 21.428875 196.413132
v 8.785534 42.496265 143.481567
v 8.785534 42.496265 196.413132
v 8.785534 25.858734 196.413132
v 8.531773 45.920380 165.355240
v -2.378250 29.643095 -138.549362
v -2.378250 3.117517 -166.072037
v -2.378250 29.643095 -166.072037
v -2.378250 29.643095 -142.746277
v -2.378250 3.117517 -142.746277
v -2.378250 21.428875 -169.306900
v -2.378250 28.289953 -166.072037
v -2.378250 28.289953 -142.746277
v -2.378250 25.858734 -169.306900
v -2.378250 29.643095 -169.306900
v -2.378250 3.117517 -169.306900
v -6.026854 3.117519 139.586548
v -6.026854 3.117519 135.691528
v -6.026854 3.117519 13.553116
v -6.026854 3.117519 5.308247
v -6.026854 3.117519 -13.304123
v -6.026854 3.117519 40.257057
v -6.026854 3.117519 22.782654
v -2.672512 3.117518 -138.549362
v -5.607908 3.068927 143.481827
v -153.298782 28.213125 161.364685
v -153.480499 28.213125 158.130020
v -151.847275 28.213125 161.286453
v -152.028992 28.213125 158.051773
v -151.847275 28.470434 161.286453
v -153.298782 28.470434 161.364685
v -153.480499 28.470434 158.130020
v -152.028992 28.470434 158.051773
v -152.705505 28.448618 161.298080
v -153.307220 28.448618 158.114685
v -151.276566 28.448618 161.031357
v -151.878296 28.448618 157.847946
v -151.276566 28.705925 161.031357
v -152.705505 28.705925 161.298080
v -153.307220 28.705925 158.114685
v -151.878296 28.705925 157.847946
v -152.125961 28.684109 161.154755
v -153.137421 28.684109 158.076904
v -150.743973 28.684109 160.704071
v -151.755432 28.684109 157.626221
v -150.743973 28.941416 160.704071
v -152.125961 28.941416 161.154755
v -153.137421 28.941416 158.076904
v -151.755432 28.941416 157.626221
v -151.570038 28.919600 160.937103
v -152.973984 28.919600 158.017334
v -150.258575 28.919600 160.310165
v -151.662521 28.919600 157.390381
v -150.258575 29.176907 160.310165
v -151.570038 29.176907 160.937103
v -152.973984 29.176907 158.017334
v -151.662521 29.176907 157.390381
v -151.047226 29.155090 160.648865
v -152.819717 29.155090 157.936966
v -149.828659 29.155090 159.856354
v -151.601135 29.155090 157.144455
v -149.828659 29.412397 159.856354
v -151.047226 29.412397 160.648865
v -152.819717 29.412397 157.936966
v -151.601135 29.412397 157.144455
v -150.566437 29.390581 160.294952
v -152.677231 29.390581 157.837173
v -149.461533 29.390581 159.350388
v -151.572327 29.390581 156.892609
v -149.461533 29.647890 159.350388
v -150.566437 29.647890 160.294952
v -152.677231 29.647890 157.837173
v -151.572327 29.647890 156.892609
v -150.135864 29.626070 159.881393
v -152.548965 29.626070 157.719650
v -149.163498 29.626070 158.800903
v -151.576584 29.626070 156.639160
v -149.163498 29.883379 158.800903
v -150.135864 29.883379 159.881393
v -152.548965 29.883379 157.719650
v -151.576584 29.883379 156.639160
v -149.762878 29.861563 159.415253
v -152.437119 29.861563 157.586426
v -148.939606 29.861563 158.217255
v -151.613831 29.861563 156.388428
v -148.939606 30.118870 158.217255
v -149.762878 30.118870 159.415253
v -152.437119 30.118870 157.586426
v -151.613831 30.118870 156.388428
v -149.453796 30.097054 158.904480
v -152.343567 30.097054 157.439774
v -148.793671 30.097054 157.609406
v -151.683441 30.097054 156.144684
v -148.793671 30.354361 157.609406
v -149.453796 30.354361 158.904480
v -152.343567 30.354361 157.439774
v -151.683441 30.354361 156.144684
v -149.213928 30.332544 158.357788
v -152.269943 30.332544 157.282166
v -148.728210 30.332544 156.987732
v -151.784225 30.332544 155.912094
v -148.728210 30.589851 156.987732
v -149.213928 30.589851 158.357788
v -152.269943 30.589851 157.282166
v -151.784225 30.589851 155.912094
v -149.047363 30.568035 157.784500
v -152.217484 30.568035 157.116302
v -148.744339 30.568035 156.362808
v -151.914444 30.568035 155.694626
v -148.744339 30.825340 156.362808
v -149.047363 30.825340 157.784500
v -152.217484 30.825340 157.116302
v -151.914444 30.825340 155.694626
v -148.956924 30.803524 157.194382
v -152.187088 30.803524 156.945038
v -148.841751 30.803524 155.745331
v -152.071915 30.803524 155.495987
v -148.841751 31.060833 155.745331
v -148.956924 31.060833 157.194382
v -152.187088 31.060833 156.945038
v -152.071915 31.060833 155.495987
v -148.944153 31.039017 156.597504
v -152.179260 31.039017 156.771240
v -149.018814 31.039017 155.145813
v -152.253922 31.039017 155.319550
v -149.018814 31.296322 155.145813
v -148.944153 31.296322 156.597504
v -152.179260 31.296322 156.771240
v -152.253922 31.296322 155.319550
v -149.009277 31.274506 156.004074
v -152.194168 31.274506 156.597931
v -149.272491 31.274506 154.574478
v -152.457367 31.274506 155.168350
v -149.272491 31.531815 154.574478
v -149.009277 31.531815 156.004074
v -152.194168 31.531815 156.597931
v -152.457367 31.531815 155.168350
v -149.151184 31.509998 155.424179
v -152.231506 31.509998 156.428040
v -149.598465 31.509998 154.041077
v -152.678787 31.509998 155.044937
v -149.598465 31.767303 154.041077
v -149.151184 31.767303 155.424179
v -152.231506 31.767303 156.428040
v -152.678787 31.767303 155.044937
v -149.367462 31.745487 154.867722
v -152.290695 31.745487 156.264465
v -149.991165 31.745487 153.554703
v -152.914398 31.745487 154.951447
v -149.991165 32.002796 153.554703
v -149.367462 32.002796 154.867722
v -152.290695 32.002796 156.264465
v -152.914398 32.002796 154.951447
v -149.654404 31.980976 154.344193
v -152.370682 31.980976 156.109985
v -150.443909 31.980976 153.123672
v -153.160187 31.980976 154.889465
v -150.443909 32.238285 153.123672
v -149.654404 32.238285 154.344193
v -152.370682 32.238285 156.109985
v -153.160187 32.238285 154.889465
v -150.007141 32.216469 153.862534
v -152.470123 32.216469 155.967255
v -150.948975 32.216469 152.755310
v -153.411957 32.216469 154.860016
v -150.948975 32.473774 152.755310
v -150.007141 32.473774 153.862534
v -152.470123 32.473774 155.967255
v -153.411957 32.473774 154.860016
v -150.419617 32.451958 153.430954
v -152.587326 32.451958 155.838699
v -151.497726 32.451958 152.455902
v -153.665421 32.451958 154.863663
v -151.497726 32.709267 152.455902
v -150.419617 32.709267 153.430954
v -152.587326 32.709267 155.838699
v -153.665421 32.709267 154.863663
v -150.884842 32.687450 153.056793
v -152.720261 32.687450 155.726517
v -152.080826 32.687450 152.230576
v -153.916245 32.687450 154.900284
v -152.080826 32.944756 152.230576
v -150.884842 32.944756 153.056793
v -152.720261 32.944756 155.726517
v -153.916245 32.944756 154.900284
v -151.394852 32.922939 152.746475
v -152.866699 32.922939 155.632614
v -152.688309 32.922939 152.083145
v -154.160156 32.922939 154.969284
v -152.688309 33.180244 152.083145
v -151.394852 33.180244 152.746475
v -152.866699 33.180244 155.632614
v -154.160156 33.180244 154.969284
v -151.940948 33.158428 152.505249
v -153.024124 33.158428 155.558594
v -153.309814 33.158428 152.016144
v -154.392990 33.158428 155.069489
v -153.309814 33.415737 152.016144
v -151.940948 33.415737 152.505249
v -153.024124 33.415737 155.558594
v -154.392990 33.415737 155.069489
v -152.513840 33.393921 152.337265
v -153.189850 33.393921 155.505722
v -153.934769 33.393921 152.030716
v -154.610779 33.393921 155.199188
v -153.934769 33.651226 152.030716
v -152.513840 33.651226 152.337265
v -153.189850 33.651226 155.505722
v -154.610779 33.651226 155.199188
v -153.103729 33.629410 152.245361
v -153.361053 33.629410 155.474915
v -154.552490 33.629410 152.126617
v -154.809814 33.629410 155.356171
v -154.552490 33.886719 152.126617
v -153.103729 33.886719 152.245361
v -153.361053 33.886719 155.474915
v -154.809814 33.886719 155.356171
v -153.700577 33.864899 152.231125
v -153.534805 33.864899 155.466660
v -155.152451 33.864899 152.302200
v -154.986694 33.864899 155.537735
v -155.152451 34.122208 152.302200
v -153.700577 34.122208 152.231125
v -153.534805 34.122208 155.466660
v -154.986694 34.122208 155.537735
v -154.294159 34.100391 152.294785
v -153.708160 34.100391 155.481140
v -155.724411 34.100391 152.554459
v -155.138397 34.100391 155.740814
v -155.724411 34.357697 152.554459
v -154.294159 34.357697 152.294785
v -153.708160 34.357697 155.481140
v -155.138397 34.357697 155.740814
v -154.874405 34.335880 152.435257
v -153.878159 34.335880 155.518066
v -156.258606 34.335880 152.879120
v -155.262360 34.335880 155.961929
v -156.258606 34.593189 152.879120
v -154.874405 34.593189 152.435257
v -153.878159 34.593189 155.518066
v -155.262360 34.593189 155.961929
v -155.431396 34.571369 152.650162
v -154.041885 34.571369 155.576843
v -156.745941 34.571369 153.270630
v -155.356430 34.571369 156.197311
v -156.745941 34.828678 153.270630
v -155.431396 34.828678 152.650162
v -154.041885 34.828678 155.576843
v -155.356430 34.828678 156.197311
v -155.955627 34.806862 152.935822
v -154.196548 34.806862 155.656464
v -157.178101 34.806862 153.722305
v -155.419037 34.806862 156.442947
v -157.178101 35.064167 153.722305
v -155.955627 35.064167 152.935822
v -154.196548 35.064167 155.656464
v -155.419037 35.064167 156.442947
v -156.438171 35.042351 153.287354
v -154.339523 35.042351 155.755539
v -157.547729 35.042351 154.226456
v -155.449081 35.042351 156.694641
v -157.547729 35.299656 154.226456
v -156.438171 35.299656 153.287354
v -154.339523 35.299656 155.755539
v -155.449081 35.299656 156.694641
v -156.870773 35.277840 153.698776
v -154.468369 35.277840 155.872421
v -157.848480 35.277840 154.774475
v -155.446075 35.277840 156.948105
v -157.848480 35.535149 154.774475
v -156.870773 35.535149 153.698776
v -154.468369 35.535149 155.872421
v -155.446075 35.535149 156.948105
v -157.246063 35.513329 154.163071
v -154.580887 35.513329 156.005081
v -158.075256 35.513329 155.357010
v -155.410065 35.513329 157.199020
v -158.075256 35.770638 155.357010
v -157.246063 35.770638 154.163071
v -154.580887 35.770638 156.005081
v -155.410065 35.770638 157.199020
v -157.557663 35.748817 154.672318
v -154.675140 35.748817 156.151291
v -158.224167 35.748817 155.964127
v -155.341660 35.748817 157.443100
v -158.224167 36.006126 155.964127
v -157.557663 36.006126 154.672318
v -154.675140 36.006126 156.151291
v -155.341660 36.006126 157.443100
v -157.800217 35.984306 155.217834
v -154.749542 35.984306 156.308533
v -158.292709 35.984306 156.585480
v -155.242035 35.984306 157.676193
v -158.292709 36.241615 156.585480
v -157.800217 36.241615 155.217834
v -154.749542 36.241615 156.308533
v -155.242035 36.241615 157.676193
v -157.969635 36.219795 155.790298
v -154.802826 36.219795 156.474121
v -158.279678 36.219795 157.210480
v -155.112869 36.219795 157.894302
v -158.279678 36.477104 157.210480
v -157.969635 36.477104 155.790298
v -154.802826 36.477104 156.474121
v -155.112869 36.477104 157.894302
v -158.062988 36.455288 156.379959
v -154.834076 36.455288 156.645264
v -158.185303 36.455288 157.828430
v -154.956390 36.455288 158.093719
v -158.185303 36.712593 157.828430
v -158.062988 36.712593 156.379959
v -154.834076 36.712593 156.645264
v -154.956390 36.712593 158.093719
v -158.078705 36.690777 156.976761
v -154.842743 36.690777 156.819000
v -158.011200 36.690777 158.428818
v -154.775253 36.690777 158.271057
v -158.011200 36.948082 158.428818
v -158.078705 36.948082 156.976761
v -154.842743 36.948082 156.819000
v -154.775253 36.948082 158.271057
v -158.016495 36.926270 157.570511
v -154.828705 36.926270 156.992386
v -157.760345 36.926270 159.001404
v -154.572556 36.926270 158.423264
v -157.760345 37.183575 159.001404
v -158.016495 37.183575 157.570511
v -154.828705 37.183575 156.992386
v -154.572556 37.183575 158.423264
v -157.877457 37.161755 158.151108
v -154.792191 37.161755 157.162460
v -157.437012 37.161755 159.536407
v -154.351761 37.161755 158.547745
v -157.437012 37.419064 159.536407
v -157.877457 37.419064 158.151108
v -154.792191 37.419064 157.162460
v -154.351761 37.419064 158.547745
v -157.663925 37.397247 158.708633
v -154.733826 37.397247 157.326340
v -157.046707 37.397247 160.024704
v -154.116608 37.397247 158.642410
v -157.046707 37.654552 160.024704
v -157.663925 37.654552 158.708633
v -154.733826 37.654552 157.326340
v -154.116608 37.654552 158.642410
v -157.379562 37.632736 159.233566
v -154.654587 37.632736 157.481201
v -156.596100 37.632736 160.457977
v -153.871124 37.632736 158.705627
v -156.596100 37.890045 160.457977
v -157.379562 37.890045 159.233566
v -154.654587 37.890045 157.481201
v -153.871124 37.890045 158.705627
v -157.029221 37.868225 159.716965
v -154.555862 37.868225 157.624420
v -156.092865 37.868225 160.828827
v -153.619507 37.868225 158.736298
v -156.092865 38.125534 160.828827
v -157.029221 38.125534 159.716965
v -154.555862 38.125534 157.624420
v -153.619507 38.125534 158.736298
v -156.618866 38.103714 160.150589
v -154.439301 38.103714 157.753555
v -155.545593 38.103714 161.130936
v -153.366028 38.103714 158.733917
v -155.545593 38.361023 161.130936
v -156.618866 38.361023 160.150589
v -154.439301 38.361023 157.753555
v -153.366028 38.361023 158.733917
v -156.155487 38.339203 160.527023
v -154.306900 38.339203 157.866394
v -154.963608 38.339203 161.359146
v -153.115021 38.339203 158.698517
v -154.963608 38.596512 161.359146
v -156.155487 38.596512 160.527023
v -154.306900 38.596512 157.866394
v -153.115021 38.596512 158.698517
v -155.647018 38.574692 160.839874
v -154.160934 38.574692 157.961014
v -154.356857 38.574692 161.509583
v -152.870773 38.574692 158.630722
v -154.356857 38.832001 161.509583
v -155.647018 38.832001 160.839874
v -154.160934 38.832001 157.961014
v -152.870773 38.832001 158.630722
v -155.102112 38.810184 161.083786
v -154.003876 38.810184 158.035812
v -153.735672 38.810184 161.579636
v -152.637451 38.810184 158.531662
v -153.735672 39.067490 161.579636
v -155.102112 39.067490 161.083786
v -154.003876 39.067490 158.035812
v -152.637451 39.067490 158.531662
v -154.530060 39.045673 161.254608
v -153.838409 39.045673 158.089493
v -153.110657 39.045673 161.568146
v -152.419006 39.045673 158.403046
v -153.110657 39.302979 161.568146
v -154.530060 39.302979 161.254608
v -153.838409 39.302979 158.089493
v -152.419006 39.302979 158.403046
v -153.940628 39.281162 161.349411
v -153.667358 39.281162 158.121155
v -152.492462 39.281162 161.475311
v -152.219208 39.281162 158.247055
v -152.492462 39.538471 161.475311
v -153.940628 39.538471 161.349411
v -153.667358 39.538471 158.121155
v -152.219208 39.538471 158.247055
v -153.343872 39.516651 161.366608
v -153.493652 39.516651 158.130280
v -151.891647 39.516651 161.302704
v -152.041428 39.516651 158.066360
v -151.891647 39.773960 161.302704
v -153.343872 39.773960 161.366608
v -153.493652 39.773960 158.130280
v -152.041428 39.773960 158.066360
v -152.749954 39.752144 161.305862
v -153.320221 39.752144 158.116653
v -151.318451 39.752144 161.053253
v -151.888718 39.752144 157.864044
v -151.318451 40.009449 161.053253
v -152.749954 40.009449 161.305862
v -153.320221 40.009449 158.116653
v -151.888718 40.009449 157.864044
v -152.169022 39.987633 161.168259
v -153.150055 39.987633 158.080551
v -150.782654 39.987633 160.731232
v -151.763672 39.987633 157.643539
v -150.782654 40.244938 160.731232
v -152.169022 40.244938 161.168259
v -153.150055 40.244938 158.080551
v -151.763672 40.244938 157.643539
v -151.610977 40.223122 160.956100
v -152.986038 40.223122 158.022598
v -150.293381 40.223122 160.342148
v -151.668442 40.223122 157.408615
v -150.293381 40.480431 160.342148
v -151.610977 40.480431 160.956100
v -152.986038 40.480431 158.022598
v -151.668442 40.480431 157.408615
v -151.085342 40.458611 160.673035
v -152.830978 40.458611 157.943741
v -149.858994 40.458611 159.892593
v -151.604630 40.458611 157.163300
v -149.858994 40.715919 159.892593
v -151.085342 40.715919 160.673035
v -152.830978 40.715919 157.943741
v -151.604630 40.715919 157.163300
v -150.601074 40.694099 160.323883
v -152.687515 40.694099 157.845367
v -149.486908 40.694099 159.390274
v -151.573334 40.694099 156.911758
v -149.486908 40.951405 159.390274
v -150.601074 40.951405 160.323883
v -152.687515 40.951405 157.845367
v -151.573334 40.951405 156.911758
v -150.166458 40.929588 159.914597
v -152.558105 40.929588 157.729126
v -149.183441 40.929588 158.843750
v -151.575089 40.929588 156.658279
v -149.183441 41.186893 158.843750
v -150.166458 41.186893 159.914597
v -152.558105 41.186893 157.729126
v -151.575089 41.186893 156.658279
v -149.788864 41.165077 159.452164
v -152.444931 41.165077 157.597015
v -148.953796 41.165077 158.262344
v -151.609863 41.165077 156.407181
v -148.953796 41.422382 158.262344
v -149.788864 41.422382 159.452164
v -152.444931 41.422382 157.597015
v -151.609863 41.422382 156.407181
v -149.474762 41.400566 158.944473
v -152.349945 41.400566 157.451279
v -148.801880 41.400566 157.655960
v -151.677063 41.400566 156.162766
v -148.801880 41.657871 157.655960
v -149.474762 41.657871 158.944473
v -152.349945 41.657871 157.451279
v -151.677063 41.657871 156.162766
v -149.229507 41.636051 158.400162
v -152.274765 41.636051 157.294403
v -148.730270 41.636051 157.034943
v -151.775543 41.636051 155.929199
v -148.730270 41.893356 157.034943
v -149.229507 41.893356 158.400162
v -152.274765 41.893356 157.294403
v -151.775543 41.893356 155.929199
v -149.057281 41.871540 157.828537
v -152.220673 41.871540 157.129074
v -148.740234 41.871540 156.409912
v -151.903610 41.871540 155.710449
v -148.740234 42.128845 156.409912
v -149.057281 42.128845 157.828537
v -152.220673 42.128845 157.129074
v -151.903610 42.128845 155.710449
v -148.961014 42.107029 157.239334
v -152.188583 42.107029 156.958099
v -148.831543 42.107029 155.791489
v -152.059113 42.107029 155.510254
v -148.831543 42.364338 155.791489
v -148.961014 42.364338 157.239334
v -152.188583 42.364338 156.958099
v -152.059113 42.364338 155.510254
v -148.942352 42.342518 156.642624
v -152.179047 42.342518 156.784409
v -149.002670 42.342518 155.190247
v -152.239380 42.342518 155.332031
v -149.002670 42.599823 155.190247
v -148.942352 42.599823 156.642624
v -152.179047 42.599823 156.784409
v -152.239380 42.599823 155.332031
v -149.001617 42.578003 156.048569
v -152.192230 42.578003 156.610947
v -149.250702 42.578003 154.616440
v -152.441315 42.578003 155.178833
v -149.250702 42.835312 154.616440
v -149.001617 42.835312 156.048569
v -152.192230 42.835312 156.610947
v -152.441315 42.835312 155.178833
v -149.137787 42.813492 155.467285
v -152.227905 42.813492 156.440704
v -149.571396 42.813492 154.079834
v -152.661514 42.813492 155.053238
v -149.571396 43.070801 154.079834
v -149.137787 43.070801 155.467285
v -152.227905 43.070801 156.440704
v -152.661514 43.070801 155.053238
v -149.348572 43.048985 154.908722
v -152.285477 43.048985 156.276535
v -149.959290 43.048985 153.589615
v -152.896194 43.048985 154.957428
v -149.959290 43.306290 153.589615
v -149.348572 43.306290 154.908722
v -152.285477 43.306290 156.276535
v -152.896194 43.306290 154.957428
v -149.630341 43.284470 154.382385
v -152.363937 43.284470 156.121292
v -150.407745 43.284470 153.154114
v -153.141357 43.284470 154.893005
v -150.407745 43.541775 153.154114
v -149.630341 43.541775 154.382385
v -152.363937 43.541775 156.121292
v -153.141357 43.541775 154.893005
v -149.978302 43.519958 153.897278
v -152.461960 43.519958 155.977585
v -150.909164 43.519958 152.780777
v -153.392822 43.519958 154.861099
v -150.909164 43.777264 152.780777
v -149.978302 43.777264 153.897278
v -152.461960 43.777264 155.977585
v -153.392822 43.777264 154.861099
v -150.386505 43.755444 153.461624
v -152.577881 43.755444 155.847870
v -151.454926 43.755444 152.475967
v -153.646301 43.755444 154.862228
v -151.454926 44.012749 152.475967
v -150.386505 44.012749 153.461624
v -152.577881 44.012749 155.847870
v -153.646301 44.012749 154.862228
v -150.848007 43.990932 153.082901
v -152.709717 43.990932 155.734375
v -152.035767 43.990932 152.244888
v -153.897476 43.990932 154.896378
v -152.035767 44.248238 152.244888
v -150.848007 44.248238 153.082901
v -152.709717 44.248238 155.734375
v -153.897476 44.248238 154.896378
v -151.354935 44.226421 152.767548
v -152.855225 44.226421 155.639038
v -152.641785 44.226421 152.091476
v -154.142059 44.226421 154.962967
v -152.641785 44.483730 152.091476
v -151.354935 44.483730 152.767548
v -152.855225 44.483730 155.639038
v -154.142059 44.483730 154.962967
v -151.898636 44.461910 152.520950
v -153.011902 44.461910 155.563461
v -153.262619 44.461910 152.018341
v -154.375870 44.461910 155.060883
v -153.262619 44.719215 152.018341
v -151.898636 44.719215 152.520950
v -153.011902 44.719215 155.563461
v -154.375870 44.719215 155.060883
v -152.469833 44.697395 152.347305
v -153.177094 44.697395 155.508972
v -153.887680 44.697395 152.026749
v -154.594940 44.697395 155.188416
v -153.887680 44.954704 152.026749
v -152.469833 44.954704 152.347305
v -153.177094 44.954704 155.508972
v -154.594940 44.954704 155.188416
v -153.058792 44.932888 152.249588
v -153.347992 44.932888 155.476456
v -154.506317 44.932888 152.116547
v -154.795517 44.932888 155.343414
v -154.506317 45.190193 152.116547
v -153.058792 45.190193 152.249588
v -153.347992 45.190193 155.476456
v -154.795517 45.190193 155.343414
v -153.655472 45.168377 152.229446
v -153.521667 45.168377 155.466492
v -155.107986 45.168377 152.286194
v -154.974182 45.168377 155.523239
v -155.107986 45.425682 152.286194
v -153.655472 45.425682 152.229446
v -153.521667 45.425682 155.466492
v -154.974182 45.425682 155.523239
v -153.352066 46.075550 156.628494
v -153.729309 46.075558 157.706635
v -154.113174 46.075558 157.480209
v -154.430206 46.075558 156.251266
v -154.203781 46.075558 155.867386
v -152.974838 46.075558 155.550339
v -152.590958 46.075558 155.776779
v -152.273926 46.075558 157.005722
v -152.500351 46.075558 157.389587
v -152.856445 46.075558 157.657593
v -153.287994 46.075558 157.768921
v -154.381180 46.075558 157.124100
v -154.492508 46.075558 156.692566
v -153.847687 46.075558 155.599380
v -153.416138 46.075558 155.488052
v -152.322952 46.075558 156.132874
v -152.211639 46.075558 156.564423
v -153.809753 28.407209 157.936539
v -154.275467 28.407209 157.661835
v -154.660110 28.407209 156.170807
v -154.385406 28.407209 155.705078
v -152.894394 28.407209 155.320435
v -152.428665 28.407209 155.595154
v -152.044006 28.407209 157.086166
v -152.318726 28.407209 157.551895
v -152.750763 28.407209 157.877045
v -153.274338 28.407209 158.012115
v -154.600632 28.407209 157.229797
v -154.735687 28.407209 156.706223
v -153.953369 28.407209 155.379929
v -153.429794 28.407209 155.244858
v -152.103516 28.407209 156.027191
v -151.968445 28.407209 156.550766
v -153.352066 28.407209 156.628494
v -153.712234 28.407209 157.657837
v -154.078720 28.407209 157.441650
v -154.381424 28.407209 156.268326
v -154.165237 28.407209 155.901825
v -152.991913 28.407209 155.599136
v -152.625397 28.407209 155.815323
v -152.322723 28.407209 156.988647
v -152.538895 28.407209 157.355148
v -152.878876 28.407209 157.611023
v -153.290894 28.407209 157.717316
v -154.334610 28.407209 157.101685
v -154.440887 28.407209 156.689651
v -153.825256 28.407209 155.645950
v -153.413239 28.407209 155.539673
v -152.369537 28.407209 156.155304
v -152.263245 28.407209 156.567322
v -153.809753 46.040581 157.936539
v -153.797958 46.075558 157.902893
v -154.251709 46.075558 157.635239
v -154.275467 46.040581 157.661835
v -154.660110 46.040581 156.170807
v -154.626465 46.075558 156.182602
v -154.358810 46.075558 155.728851
v -154.385406 46.040581 155.705078
v -152.894394 46.040581 155.320435
v -152.906174 46.075558 155.354095
v -152.452423 46.075558 155.621735
v -152.428665 46.040581 155.595154
v -152.044006 46.040581 157.086166
v -152.077667 46.075558 157.074387
v -152.345322 46.075558 157.528137
v -152.318726 46.040581 157.551895
v -152.750763 46.040581 157.877045
v -152.766235 46.075558 157.844925
v -153.276337 46.075558 157.976517
v -153.274338 46.040581 158.012115
v -154.600632 46.040581 157.229797
v -154.568497 46.075558 157.214325
v -154.700089 46.075558 156.704224
v -154.735687 46.040581 156.706223
v -153.953369 46.040581 155.379929
v -153.937897 46.075558 155.412064
v -153.427795 46.075558 155.280472
v -153.429794 46.040581 155.244858
v -152.103516 46.040581 156.027191
v -152.135635 46.075558 156.042664
v -152.004044 46.075558 156.552765
v -151.968445 46.040581 156.550766
vn -0.0000 -0.0000 1.0000
vn -0.0000 -0.0000 -1.0000
vn -0.0000 1.0000 -0.0000
vn 1.0000 -0.0000 -0.0000
vn -1.0000 -0.0000 -0.0000
vn 0.5350 -0.8448 -0.0000
vn -0.0000 -1.0000 -0.0000
vn -0.0000 0.8681 -0.4965
vn 0.0002 0.8237 0.5670
vn 0.7975 0.6033 -0.0003
vn 0.0002 0.8204 -0.5718
vn 0.8002 0.5997 0.0003
vn -0.0000 0.9229 -0.3851
vn -0.0000 0.8233 0.5676
vn -0.7974 0.6034 -0.0003
vn -0.0002 0.8207 -0.5714
vn -0.8002 0.5997 0.0003
vn -0.7981 0.6026 0.0004
vn 0.7981 0.6026 0.0004
vn -0.8006 0.5992 -0.0001
vn 0.8001 0.5998 -0.0003
vn -0.0000 0.9199 0.3922
vn -0.3731 0.9278 -0.0000
vn -0.0000 0.7639 -0.6454
vn -0.0000 0.8062 0.5916
vn -0.0000 0.9188 0.3946
vn -0.0000 0.9220 -0.3872
vn 0.5048 0.8632 -0.0000
vn -0.5326 0.8464 -0.0000
vn -0.0000 -0.7570 -0.6534
vn 0.7687 -0.6396 -0.0000
vn -0.7911 -0.6117 -0.0000
vn -0.0000 -0.7497 0.6618
vn -0.0000 -0.0641 -0.9979
vn 0.9989 -0.0461 -0.0000
vn -0.9991 -0.0429 -0.0000
vn -0.0000 -0.0627 0.9980
vn 1.0000 -0.0077 -0.0000
vn -0.9999 0.0147 -0.0000
vn -0.0000 -0.9574 0.2889
vn -0.0000 -0.9574 -0.2889
vn 0.9996 -0.0287 -0.0000
vn -0.9985 0.0546 -0.0000
vn -0.0000 0.9480 -0.3182
vn -0.0000 -0.8669 0.4985
vn 0.9999 -0.0119 0.0100
vn 0.9999 -0.0128 0.0092
vn 0.9999 -0.0121 0.0038
vn 0.9997 -0.0055 0.0246
vn -0.0000 -0.9767 -0.2147
vn -0.0000 0.7159 -0.6982
vn -0.0000 0.8161 -0.5779
vn 0.9999 -0.0085 0.0088
vn -1.0000 0.0044 -0.0059
vn -1.0000 0.0049 0.0013
vn -1.0000 0.0026 0.0007
vn -1.0000 0.0005 0.0020
vn -0.9998 0.0171 -0.0059
vn -0.0000 0.9821 0.1882
vn -0.0000 -0.8669 -0.4985
vn 0.9999 -0.0119 -0.0100
vn 0.9999 -0.0128 -0.0092
vn 0.9999 -0.0121 -0.0038
vn 0.9999 -0.0055 -0.0140
vn -0.0000 -0.9923 0.1242
vn -0.0000 0.7159 0.6982
vn -0.0000 0.8161 0.5779
vn 0.9999 -0.0085 -0.0088
vn -1.0000 0.0044 0.0059
vn -1.0000 0.0049 -0.0013
vn -1.0000 0.0026 -0.0007
vn -1.0000 0.0005 -0.0011
vn -0.9998 0.0171 0.0059
vn -0.0004 -0.0000 -1.0000
vn -0.2515 0.7006 0.6678
vn 0.0003 0.8225 -0.5688
vn 0.0006 0.8233 -0.5676
vn -0.0743 -0.9923 0.0993
vn 0.0329 0.7570 0.6526
vn -0.0583 -0.9983 -0.0000
vn 0.0010 0.0070 1.0000
vn -1.0000 0.0012 0.0002
vn -0.0001 0.0012 -1.0000
vn -0.0000 0.8212 0.5706
vn 0.0008 0.8219 -0.5696
vn 0.0002 0.8237 -0.5670
vn 0.0007 0.8232 0.5677
vn 1.0000 -0.0000 -0.0003
vn -0.0629 -0.9980 0.0101
vn -1.0000 -0.0000 0.0003
vn -0.7984 0.6021 -0.0007
vn 0.7985 0.6020 -0.0021
vn 1.0000 0.0014 -0.0006
vn -0.0028 -0.0000 -1.0000
vn 0.0002 -0.0000 1.0000
vn 0.0016 1.0000 0.0061
vn 0.0002 0.8204 0.5717
vn -0.0000 0.8212 -0.5706
vn -0.0031 1.0000 -0.0054
vn 0.0032 1.0000 -0.0053
vn -0.0107 0.9999 -0.0039
vn 0.0076 1.0000 -0.0016
vn -0.0034 0.7942 0.6077
vn 0.0035 0.7942 0.6077
vn -0.0000 0.3349 -0.9423
vn -0.0000 -0.9929 0.1186
vn -0.8617 0.5074 -0.0000
vn 0.8617 0.5074 -0.0000
vn -0.0000 0.3349 0.9423
vn -0.0040 1.0000 -0.0015
vn 0.5823 0.8130 -0.0041
vn 0.0001 0.0002 -1.0000
vn -0.3835 -0.9235 -0.0000
vn -0.0001 -0.0002 1.0000
vn 0.0002 1.0000 -0.0007
vn -0.0008 1.0000 -0.0008
vn -0.0000 0.8233 -0.5676
vn -0.0001 0.8217 -0.5700
vn -0.0002 0.8207 0.5714
vn -0.0001 0.8223 0.5690
vn 0.0009 1.0000 -0.0013
vn -0.0054 0.9998 0.0180
vn 0.0032 1.0000 -0.0080
vn -0.0000 0.0001 1.0000
vn -0.0112 -0.9999 0.0008
vn -0.0000 -0.0002 1.0000
vn -0.0000 0.0002 -1.0000
vn -0.0001 0.8217 0.5700
vn -0.0001 0.8223 -0.5690
vn -0.0000 1.0000 -0.0016
vn 0.0019 0.9998 0.0193
vn 1.0000 0.0015 -0.0037
vn -0.0000 -0.0001 -1.0000
vn 0.0032 1.0000 -0.0000
vn 0.0019 1.0000 -0.0048
vn -0.0000 0.0001 -1.0000
vn 0.9984 -0.0000 -0.0561
vn -0.9984 -0.0000 0.0561
vn -0.0538 -0.0000 -0.9986
vn 0.0538 -0.0000 0.9986
vn 0.9826 -0.0000 -0.1857
vn -0.9826 -0.0000 0.1857
vn -0.1835 -0.0000 -0.9830
vn 0.1835 -0.0000 0.9830
vn 0.9500 -0.0000 -0.3122
vn -0.9500 -0.0000 0.3122
vn -0.3100 -0.0000 -0.9507
vn 0.3100 -0.0000 0.9507
vn 0.9012 -0.0000 -0.4333
vn -0.9012 -0.0000 0.4333
vn -0.4313 -0.0000 -0.9022
vn 0.4313 -0.0000 0.9022
vn 0.8371 -0.0000 -0.5471
vn -0.8371 -0.0000 0.5471
vn -0.5452 -0.0000 -0.8383
vn 0.5452 -0.0000 0.8383
vn 0.7586 -0.0000 -0.6515
vn -0.7586 -0.0000 0.6515
vn -0.6498 -0.0000 -0.7601
vn 0.6498 -0.0000 0.7601
vn 0.6673 -0.0000 -0.7448
vn -0.6672 -0.0000 0.7448
vn -0.7433 -0.0000 -0.6689
vn 0.7433 -0.0000 0.6689
vn 0.5645 -0.0000 -0.8254
vn -0.5645 -0.0000 0.8254
vn -0.8242 -0.0000 -0.5664
vn 0.8242 -0.0000 0.5664
vn 0.4521 -0.0000 -0.8920
vn -0.4521 -0.0000 0.8920
vn -0.8909 -0.0000 -0.4541
vn 0.8909 -0.0000 0.4541
vn 0.3320 -0.0000 -0.9433
vn -0.3320 -0.0000 0.9433
vn -0.9425 -0.0000 -0.3341
vn 0.9425 -0.0000 0.3341
vn 0.2062 -0.0000 -0.9785
vn -0.2062 -0.0000 0.9785
vn -0.9780 -0.0000 -0.2085
vn 0.9780 -0.0000 0.2085
vn 0.0770 -0.0000 -0.9970
vn -0.0770 -0.0000 0.9970
vn -0.9969 -0.0000 -0.0792
vn 0.9969 -0.0000 0.0792
vn -0.0536 -0.0000 -0.9986
vn 0.0536 -0.0000 0.9986
vn -0.9987 -0.0000 0.0514
vn 0.9987 -0.0000 -0.0514
vn -0.1833 -0.0000 -0.9831
vn 0.1833 -0.0000 0.9831
vn -0.9835 -0.0000 0.1811
vn 0.9835 -0.0000 -0.1811
vn -0.3099 -0.0000 -0.9508
vn 0.3099 -0.0000 0.9508
vn -0.9515 -0.0000 0.3077
vn 0.9515 -0.0000 -0.3077
vn -0.4311 -0.0000 -0.9023
vn 0.4311 -0.0000 0.9023
vn -0.9033 -0.0000 0.4291
vn 0.9033 -0.0000 -0.4291
vn -0.5450 -0.0000 -0.8384
vn 0.5450 -0.0000 0.8384
vn -0.8396 -0.0000 0.5431
vn 0.8396 -0.0000 -0.5431
vn -0.6496 -0.0000 -0.7602
vn 0.6497 -0.0000 0.7602
vn -0.7617 -0.0000 0.6479
vn 0.7617 -0.0000 -0.6479
vn -0.7432 -0.0000 -0.6691
vn 0.7432 -0.0000 0.6691
vn -0.6708 -0.0000 0.7417
vn 0.6708 -0.0000 -0.7417
vn -0.8240 -0.0000 -0.5665
vn 0.8240 -0.0000 0.5665
vn -0.5684 -0.0000 0.8228
vn 0.5684 -0.0000 -0.8228
vn -0.8908 -0.0000 -0.4543
vn 0.8908 -0.0000 0.4543
vn -0.4563 -0.0000 0.8898
vn 0.4563 -0.0000 -0.8898
vn -0.9425 -0.0000 -0.3343
vn 0.9425 -0.0000 0.3343
vn -0.3365 -0.0000 0.9417
vn 0.3365 -0.0000 -0.9417
vn -0.9780 -0.0000 -0.2087
vn 0.9780 -0.0000 0.2087
vn -0.2109 -0.0000 0.9775
vn 0.2109 -0.0000 -0.9775
vn -0.9968 -0.0000 -0.0794
vn 0.9968 -0.0000 0.0794
vn -0.0817 -0.0000 0.9967
vn 0.0817 -0.0000 -0.9967
vn -0.9987 -0.0000 0.0512
vn 0.9987 -0.0000 -0.0512
vn 0.0489 -0.0000 0.9988
vn -0.0489 -0.0000 -0.9988
vn -0.9835 -0.0000 0.1809
vn 0.9835 -0.0000 -0.1809
vn 0.1786 -0.0000 0.9839
vn -0.1786 -0.0000 -0.9839
vn -0.9515 -0.0000 0.3075
vn 0.9515 -0.0000 -0.3075
vn 0.3053 -0.0000 0.9522
vn -0.3053 -0.0000 -0.9522
vn -0.9034 -0.0000 0.4289
vn 0.9034 -0.0000 -0.4289
vn 0.4268 -0.0000 0.9043
vn -0.4268 -0.0000 -0.9043
vn -0.8398 -0.0000 0.5430
vn 0.8398 -0.0000 -0.5430
vn 0.5410 -0.0000 0.8410
vn -0.5411 -0.0000 -0.8410
vn -0.7618 -0.0000 0.6478
vn 0.7618 -0.0000 -0.6478
vn 0.6460 -0.0000 0.7633
vn -0.6460 -0.0000 -0.7633
vn -0.6709 -0.0000 0.7415
vn 0.6709 -0.0000 -0.7415
vn 0.7400 -0.0000 0.6726
vn -0.7400 -0.0000 -0.6726
vn -0.5686 -0.0000 0.8226
vn 0.5686 -0.0000 -0.8226
vn 0.8214 -0.0000 0.5704
vn -0.8213 -0.0000 -0.5704
vn -0.4565 -0.0000 0.8897
vn 0.4565 -0.0000 -0.8897
vn 0.8887 -0.0000 0.4585
vn -0.8887 -0.0000 -0.4585
vn -0.3367 -0.0000 0.9416
vn 0.3367 -0.0000 -0.9416
vn 0.9409 -0.0000 0.3388
vn -0.9409 -0.0000 -0.3388
vn -0.2111 -0.0000 0.9775
vn 0.2111 -0.0000 -0.9775
vn 0.9770 -0.0000 0.2133
vn -0.9770 -0.0000 -0.2133
vn -0.0819 -0.0000 0.9966
vn 0.0819 -0.0000 -0.9966
vn 0.9965 -0.0000 0.0841
vn -0.9965 -0.0000 -0.0841
vn 0.0487 -0.0000 0.9988
vn -0.0487 -0.0000 -0.9988
vn 0.9989 -0.0000 -0.0464
vn -0.9989 -0.0000 0.0464
vn 0.1785 -0.0000 0.9839
vn -0.1784 -0.0000 -0.9839
vn 0.9844 -0.0000 -0.1762
vn -0.9844 -0.0000 0.1762
vn 0.3052 -0.0000 0.9523
vn -0.3052 -0.0000 -0.9523
vn 0.9530 -0.0000 -0.3030
vn -0.9530 -0.0000 0.3030
vn 0.4267 -0.0000 0.9044
vn -0.4267 -0.0000 -0.9044
vn 0.9054 -0.0000 -0.4246
vn -0.9054 -0.0000 0.4246
vn 0.5409 -0.0000 0.8411
vn -0.5409 -0.0000 -0.8411
vn 0.8423 -0.0000 -0.5390
vn -0.8423 -0.0000 0.5390
vn 0.6459 -0.0000 0.7634
vn -0.6459 -0.0000 -0.7634
vn 0.7649 -0.0000 -0.6442
vn -0.7649 -0.0000 0.6442
vn 0.7399 -0.0000 0.6727
vn -0.7399 -0.0000 -0.6727
vn 0.6744 -0.0000 -0.7383
vn -0.6744 -0.0000 0.7384
vn 0.8212 -0.0000 0.5706
vn -0.8212 -0.0000 -0.5706
vn 0.5724 -0.0000 -0.8199
vn -0.5724 -0.0000 0.8199
vn 0.8886 -0.0000 0.4587
vn -0.8886 -0.0000 -0.4587
vn 0.4607 -0.0000 -0.8875
vn -0.4607 -0.0000 0.8875
vn 0.9408 -0.0000 0.3390
vn -0.9408 -0.0000 -0.3390
vn 0.3411 -0.0000 -0.9400
vn -0.3411 -0.0000 0.9400
vn 0.9769 -0.0000 0.2135
vn -0.9769 -0.0000 -0.2135
vn 0.2157 -0.0000 -0.9765
vn -0.2157 -0.0000 0.9765
vn 0.9964 -0.0000 0.0843
vn -0.9964 -0.0000 -0.0843
vn 0.0866 -0.0000 -0.9962
vn -0.0866 -0.0000 0.9962
vn 0.9989 -0.0000 -0.0462
vn -0.9989 -0.0000 0.0462
vn -0.0440 -0.0000 -0.9990
vn 0.0440 -0.0000 0.9990
vn 0.9844 -0.0000 -0.1760
vn -0.9844 -0.0000 0.1760
vn -0.1738 -0.0000 -0.9848
vn 0.1738 -0.0000 0.9848
vn 0.9531 -0.0000 -0.3028
vn -0.9531 -0.0000 0.3028
vn -0.3006 -0.0000 -0.9537
vn 0.3006 -0.0000 0.9537
vn 0.9055 -0.0000 -0.4244
vn -0.9055 -0.0000 0.4244
vn -0.4224 -0.0000 -0.9064
vn 0.4224 -0.0000 0.9064
vn 0.8424 -0.0000 -0.5388
vn -0.8424 -0.0000 0.5388
vn -0.5369 -0.0000 -0.8436
vn 0.5369 -0.0000 0.8436
vn 0.7650 -0.0000 -0.6440
vn -0.7650 -0.0000 0.6440
vn -0.6423 -0.0000 -0.7665
vn 0.6423 -0.0000 0.7665
vn 0.6746 -0.0000 -0.7382
vn -0.6746 -0.0000 0.7382
vn -0.7367 -0.0000 -0.6762
vn 0.7367 -0.0000 0.6762
vn 0.5726 -0.0000 -0.8198
vn -0.5726 -0.0000 0.8198
vn -0.8185 -0.0000 -0.5745
vn 0.8185 -0.0000 0.5745
vn 0.4609 -0.0000 -0.8875
vn -0.4609 -0.0000 0.8875
vn -0.8864 -0.0000 -0.4629
vn 0.8864 -0.0000 0.4629
vn 0.3413 -0.0000 -0.9400
vn -0.3413 -0.0000 0.9400
vn -0.9392 -0.0000 -0.3434
vn 0.9392 -0.0000 0.3434
vn 0.2159 -0.0000 -0.9764
vn -0.2159 -0.0000 0.9764
vn -0.9759 -0.0000 -0.2181
vn 0.9759 -0.0000 0.2181
vn 0.0868 -0.0000 -0.9962
vn -0.0868 -0.0000 0.9962
vn -0.9960 -0.0000 -0.0891
vn 0.9960 -0.0000 0.0891
vn -0.0438 -0.0000 -0.9990
vn 0.0438 -0.0000 0.9990
vn -0.9991 -0.0000 0.0415
vn 0.9991 -0.0000 -0.0415
vn -0.1736 -0.0000 -0.9848
vn 0.1736 -0.0000 0.9848
vn -0.9852 -0.0000 0.1714
vn 0.9852 -0.0000 -0.1714
vn -0.3005 -0.0000 -0.9538
vn 0.3005 -0.0000 0.9538
vn -0.9545 -0.0000 0.2983
vn 0.9545 -0.0000 -0.2983
vn -0.4222 -0.0000 -0.9065
vn 0.4222 -0.0000 0.9065
vn -0.9075 -0.0000 0.4201
vn 0.9075 -0.0000 -0.4201
vn -0.5367 -0.0000 -0.8438
vn 0.5367 -0.0000 0.8438
vn -0.8450 -0.0000 0.5348
vn 0.8450 -0.0000 -0.5348
vn -0.6421 -0.0000 -0.7666
vn 0.6421 -0.0000 0.7666
vn -0.7681 -0.0000 0.6404
vn 0.7681 -0.0000 -0.6404
vn -0.7365 -0.0000 -0.6764
vn 0.7365 -0.0000 0.6764
vn -0.6781 -0.0000 0.7350
vn 0.6781 -0.0000 -0.7350
vn -0.8184 -0.0000 -0.5746
vn 0.8184 -0.0000 0.5746
vn -0.5765 -0.0000 0.8171
vn 0.5765 -0.0000 -0.8171
vn -0.8863 -0.0000 -0.4631
vn 0.8863 -0.0000 0.4631
vn -0.4651 -0.0000 0.8853
vn 0.4651 -0.0000 -0.8853
vn -0.9391 -0.0000 -0.3436
vn 0.9391 -0.0000 0.3436
vn -0.3457 -0.0000 0.9383
vn 0.3458 -0.0000 -0.9383
vn -0.9759 -0.0000 -0.2183
vn 0.9759 -0.0000 0.2183
vn -0.2205 -0.0000 0.9754
vn 0.2205 -0.0000 -0.9754
vn -0.9960 -0.0000 -0.0893
vn 0.9960 -0.0000 0.0893
vn -0.0915 -0.0000 0.9958
vn 0.0915 -0.0000 -0.9958
vn -0.9991 -0.0000 0.0413
vn 0.9991 -0.0000 -0.0413
vn 0.0390 -0.0000 0.9992
vn -0.0390 -0.0000 -0.9992
vn -0.4166 0.9088 0.0234
vn -0.3760 0.9088 0.1811
vn 0.3111 0.9088 0.2780
vn 0.3938 0.9088 0.1378
vn -0.2781 0.9088 0.3112
vn -0.0234 0.9089 -0.4165
vn -0.1810 0.9088 -0.3758
vn -0.3111 0.9088 -0.2780
vn 0.4166 0.9088 -0.0234
vn 0.3760 0.9088 -0.1811
vn 0.2780 0.9088 -0.3111
vn -0.1378 0.9087 0.3940
vn 0.0234 0.9088 0.4166
vn 0.1811 0.9088 0.3759
vn -0.3938 0.9088 -0.1378
vn 0.1378 0.9088 -0.3938
vn -0.4972 -0.6657 0.5564
vn -0.2464 -0.6657 0.7043
vn -0.3067 0.3708 0.8766
vn -0.6188 0.3709 0.6925
vn -0.5564 -0.6657 -0.4972
vn -0.7043 -0.6657 -0.2464
vn -0.8765 0.3710 -0.3067
vn -0.6924 0.3710 -0.6188
vn 0.4972 -0.6657 -0.5564
vn 0.2464 -0.6657 -0.7043
vn 0.3067 0.3710 -0.8765
vn 0.6188 0.3710 -0.6924
vn 0.5564 -0.6657 0.4972
vn 0.7043 -0.6657 0.2464
vn 0.8765 0.3710 0.3067
vn 0.6925 0.3709 0.6188
vn 0.0419 -0.6657 0.7450
vn 0.3238 -0.6657 0.6723
vn 0.4030 0.3710 0.8367
vn 0.0521 0.3709 0.9272
vn -0.7450 -0.6657 0.0418
vn -0.6723 -0.6657 0.3238
vn -0.8367 0.3709 0.4029
vn -0.9272 0.3709 0.0521
vn -0.0419 -0.6657 -0.7450
vn -0.3238 -0.6657 -0.6723
vn -0.4029 0.3710 -0.8366
vn -0.0521 0.3711 -0.9271
vn 0.7450 -0.6657 -0.0419
vn 0.6723 -0.6657 -0.3238
vn 0.8367 0.3709 -0.4029
vn 0.9272 0.3709 -0.0521
vt 0.061800 0.298911
vt 0.101801 0.298911
vt 0.211480 0.744898
vt 0.098633 0.298911
vt 0.440077 0.244718
vt 0.323353 0.842503
vt 0.175302 0.298911
vt 0.820443 0.986406
vt 0.848967 0.986468
vt 0.087871 0.840636
vt 0.370877 0.866263
vt 0.323332 0.802499
vt 0.122728 0.802620
vt 0.902427 0.066080
vt 0.567707 0.899678
vt 0.568801 0.866743
vt 0.175302 0.516782
vt 0.122748 0.842624
vt 0.440078 0.462589
vt 0.061800 0.516782
vt 0.101801 0.516782
vt 0.881516 0.150228
vt 0.010875 0.744898
vt 0.641208 0.899678
vt 0.098633 0.516782
vt 0.861596 0.529812
vt 0.302966 0.097992
vt 0.517382 0.883507
vt 0.175302 0.605196
vt 0.266132 0.097992
vt 0.822706 0.506378
vt 0.061800 0.605196
vt 0.101801 0.605196
vt 0.266132 0.018165
vt 0.302966 0.018165
vt 0.098633 0.605196
vt 0.673370 0.963151
vt 0.861596 0.449984
vt 0.881516 0.184445
vt 0.098633 0.551000
vt 0.010875 0.804539
vt 0.723272 0.963151
vt 0.091222 0.802639
vt 0.902427 0.100297
vt 0.084376 0.804539
vt 0.517382 0.937704
vt 0.851424 0.582730
vt 0.091243 0.842643
vt 0.175302 0.551000
vt 0.440078 0.496806
vt 0.851424 0.622733
vt 0.822706 0.560574
vt 0.061800 0.551000
vt 0.101801 0.550999
vt 0.505993 0.962071
vt 0.333419 0.898201
vt 0.266132 0.293940
vt 0.642287 0.506378
vt 0.671005 0.582730
vt 0.867400 0.322773
vt 0.671005 0.622733
vt 0.642287 0.560575
vt 0.620497 0.496805
vt 0.009291 0.016444
vt 0.106293 0.298911
vt 0.106293 0.516782
vt 0.886007 0.150228
vt 0.636716 0.899678
vt 0.872151 0.233946
vt 0.106293 0.605196
vt 0.266132 0.023043
vt 0.828514 0.867958
vt 0.854592 0.538131
vt 0.847580 0.533252
vt 0.874192 0.018165
vt 0.106293 0.550999
vt 0.828514 0.907151
vt 0.860946 0.371595
vt 0.866532 0.435336
vt 0.847580 0.572445
vt 0.098633 0.596327
vt 0.681537 0.963151
vt 0.101801 0.596327
vt 0.061800 0.596327
vt 0.517382 0.892376
vt 0.175302 0.596327
vt 0.822706 0.515247
vt 0.642287 0.515247
vt 0.106293 0.596327
vt 0.175302 0.557134
vt 0.822706 0.554440
vt 0.642287 0.554440
vt 0.106293 0.557134
vt 0.098633 0.557134
vt 0.717624 0.963151
vt 0.061800 0.557134
vt 0.101801 0.557134
vt 0.169474 0.298911
vt 0.169474 0.516782
vt 0.169474 0.605196
vt 0.266132 0.091662
vt 0.896599 0.100297
vt 0.542030 0.899679
vt 0.078548 0.804539
vt 0.896599 0.066080
vt 0.573535 0.899678
vt 0.302966 0.091662
vt 0.861596 0.523482
vt 0.169474 0.551000
vt 0.169474 0.596327
vt 0.169474 0.557134
vt 0.517382 0.931569
vt 0.834874 0.428369
vt 0.641208 0.926672
vt 0.010875 0.771891
vt 0.839366 0.428369
vt 0.193787 0.849510
vt 0.636716 0.926672
vt 0.211480 0.771891
vt 0.834874 0.210497
vt 0.846507 0.233489
vt 0.839366 0.210497
vt 0.448902 0.828920
vt 0.857437 0.821760
vt 0.852780 0.446544
vt 0.448902 0.774723
vt 0.849428 0.821760
vt 0.860240 0.613079
vt 0.860240 0.572440
vt 0.849428 0.781121
vt 0.916283 0.678505
vt 0.445033 0.895817
vt 0.849428 0.741933
vt 0.771067 0.931684
vt 0.860240 0.533252
vt 0.215303 0.291574
vt 0.015922 0.331786
vt 0.218471 0.322917
vt 0.178470 0.291574
vt 0.831706 0.244717
vt 0.248032 0.608637
vt 0.058632 0.324450
vt 0.431077 0.237378
vt 0.254788 0.648640
vt 0.431077 0.431134
vt 0.076387 0.648640
vt 0.189838 0.741458
vt 0.405875 0.573155
vt 0.015922 0.138030
vt 0.215303 0.485330
vt 0.178470 0.485330
vt 0.218471 0.129161
vt 0.400046 0.591599
vt 0.302965 0.523328
vt 0.058632 0.018165
vt 0.266132 0.523328
vt 0.431077 0.506378
vt 0.215303 0.605196
vt 0.015922 0.018165
vt 0.266132 0.569714
vt 0.442756 0.591599
vt 0.302965 0.569714
vt 0.178470 0.605196
vt 0.218471 0.063492
vt 0.178470 0.550999
vt 0.015922 0.648640
vt 0.431077 0.496803
vt 0.459796 0.582730
vt 0.374045 0.880067
vt 0.015922 0.608637
vt 0.058632 0.072361
vt 0.459796 0.622733
vt 0.431077 0.560574
vt 0.831706 0.496805
vt 0.215303 0.550999
vt 0.015922 0.072361
vt 0.020414 0.331786
vt 0.374092 0.322918
vt 0.222963 0.322917
vt 0.020414 0.138030
vt 0.374092 0.129162
vt 0.222963 0.129161
vt 0.020414 0.018165
vt 0.266132 0.564836
vt 0.302965 0.564836
vt 0.438264 0.591599
vt 0.020414 0.072361
vt 0.222963 0.063492
vt 0.374092 0.063492
vt 0.442756 0.582730
vt 0.218471 0.018165
vt 0.178470 0.596327
vt 0.015922 0.027034
vt 0.215303 0.596327
vt 0.400046 0.582730
vt 0.264349 0.595039
vt 0.058632 0.027034
vt 0.431077 0.515247
vt 0.020414 0.027034
vt 0.438264 0.582730
vt 0.222963 0.018165
vt 0.226131 0.595039
vt 0.374092 0.018165
vt 0.431078 0.502937
vt 0.374045 0.873932
vt 0.010876 0.515401
vt 0.058632 0.066227
vt 0.431077 0.554440
vt 0.020414 0.066227
vt 0.222963 0.057358
vt 0.374092 0.057358
vt 0.218471 0.057358
vt 0.178470 0.557134
vt 0.215303 0.557134
vt 0.015922 0.066227
vt 0.052804 0.331786
vt 0.052804 0.138030
vt 0.052804 0.018165
vt 0.266132 0.529658
vt 0.436905 0.496803
vt 0.010876 0.502937
vt 0.436905 0.237378
vt 0.010875 0.243512
vt 0.010876 0.437268
vt 0.436905 0.431134
vt 0.405874 0.591599
vt 0.302965 0.529658
vt 0.052804 0.072361
vt 0.405874 0.582730
vt 0.258521 0.595039
vt 0.052804 0.027034
vt 0.052804 0.066227
vt 0.436905 0.502937
vt 0.010876 0.509071
vt 0.197362 0.976420
vt 0.137884 0.550999
vt 0.137884 0.298911
vt 0.137884 0.516782
vt 0.137884 0.605196
vt 0.266132 0.057353
vt 0.137884 0.596327
vt 0.137884 0.557134
vt 0.771067 0.957415
vt 0.824023 0.887555
vt 0.771067 0.985881
vt 0.852780 0.366717
vt 0.857437 0.741933
vt 0.459796 0.632503
vt 0.568801 0.839750
vt 0.567707 0.926672
vt 0.445923 0.582730
vt 0.660400 0.632503
vt 0.370877 0.893257
vt 0.504288 0.568605
vt 0.660400 0.626174
vt 0.459796 0.626174
vt 0.256968 0.849510
vt 0.573535 0.926672
vt 0.225377 0.849510
vt 0.605126 0.926672
vt 0.098633 0.576730
vt 0.699580 0.963151
vt 0.061800 0.576730
vt 0.101801 0.576730
vt 0.175302 0.576730
vt 0.822706 0.534843
vt 0.642287 0.534843
vt 0.106293 0.576730
vt 0.857437 0.746811
vt 0.852780 0.371595
vt 0.169474 0.576730
vt 0.898239 0.678505
vt 0.852780 0.405905
vt 0.857437 0.781121
vt 0.910858 0.353115
vt 0.296356 0.949249
vt 0.517382 0.911973
vt 0.218471 0.037761
vt 0.178470 0.576730
vt 0.215303 0.576730
vt 0.015922 0.046630
vt 0.058632 0.046630
vt 0.431077 0.534843
vt 0.020414 0.046630
vt 0.222963 0.037761
vt 0.374092 0.037761
vt 0.052804 0.046630
vt 0.887604 0.105273
vt 0.776653 0.979148
vt 0.866532 0.366717
vt 0.860946 0.440215
vt 0.137884 0.576730
vt 0.893431 0.085676
vt 0.448902 0.800454
vt 0.849428 0.815430
vt 0.860240 0.606750
vt 0.857437 0.815430
vt 0.852780 0.440215
vt 0.866532 0.401027
vt 0.860946 0.405905
vt 0.860946 0.446544
vt 0.448902 0.820051
vt 0.893431 0.105273
vt 0.824023 0.907151
vt 0.860946 0.366717
vt 0.771067 0.977011
vt 0.860240 0.538131
vt 0.849428 0.746811
vt 0.776653 0.959551
vt 0.887604 0.085676
vt 0.840607 0.582730
vt 0.506565 0.937704
vt 0.840607 0.622733
vt 0.811889 0.560575
vt 0.450896 0.496806
vt 0.009291 0.016444
vt 0.266132 0.109740
vt 0.811889 0.506378
vt 0.506565 0.883507
vt 0.302966 0.109740
vt 0.423528 0.513213
vt 0.506565 0.892376
vt 0.842534 0.424831
vt 0.811889 0.515247
vt 0.834874 0.575734
vt 0.423528 0.552407
vt 0.506565 0.931569
vt 0.811889 0.554440
vt 0.423528 0.532810
vt 0.506565 0.911973
vt 0.811889 0.534843
vt 0.847580 0.552849
vt 0.828514 0.887555
vt 0.854592 0.572440
vt 0.874192 0.052474
vt 0.448902 0.780858
vt 0.893431 0.066080
vt 0.854592 0.613079
vt 0.824023 0.867958
vt 0.854592 0.533252
vt 0.771067 0.937818
vt 0.874192 0.086784
vt 0.887604 0.066080
vt 0.776653 0.939955
vt 0.854592 0.606750
vt 0.302966 0.023043
vt 0.861596 0.454863
vt 0.886007 0.184445
vt 0.872151 0.268163
vt 0.015367 0.804540
vt 0.165771 0.978524
vt 0.864114 0.435336
vt 0.849998 0.572445
vt 0.849998 0.552849
vt 0.165771 0.958927
vt 0.864114 0.401027
vt 0.197362 0.978524
vt 0.197362 0.958927
vt 0.228952 0.958927
vt 0.774235 0.959551
vt 0.165771 0.939331
vt 0.849998 0.533252
vt 0.871774 0.018165
vt 0.774235 0.979148
vt 0.228952 0.978524
vt 0.864114 0.366717
vt 0.197362 0.939331
vt 0.871774 0.052474
vt 0.871774 0.086784
vt 0.774235 0.939955
vt 0.228952 0.939331
vt 0.098633 0.513359
vt 0.014027 0.744898
vt 0.175302 0.513360
vt 0.125900 0.842622
vt 0.440078 0.459166
vt 0.101801 0.513359
vt 0.061800 0.513359
vt 0.125879 0.802619
vt 0.571952 0.866743
vt 0.106293 0.513359
vt 0.169474 0.513360
vt 0.542030 0.937737
vt 0.225377 0.846087
vt 0.462947 0.626174
vt 0.306861 0.569235
vt 0.542030 0.972047
vt 0.256968 0.846087
vt 0.193787 0.846087
vt 0.839366 0.424946
vt 0.542030 0.903428
vt 0.846507 0.019041
vt 0.571952 0.839750
vt 0.462947 0.632503
vt 0.834874 0.424946
vt 0.014027 0.771891
vt 0.137884 0.513359
vt 0.627512 0.805504
vt 0.627515 0.774698
vt 0.504301 0.564332
vt 0.842573 0.233489
vt 0.627509 0.836310
vt 0.544855 0.937737
vt 0.823259 0.805528
vt 0.308351 0.564837
vt 0.823286 0.774774
vt 0.544841 0.968491
vt 0.823280 0.836282
vt 0.544841 0.906983
vt 0.842534 0.020868
vt 0.129065 0.888719
vt 0.311105 0.952690
vt 0.911098 0.468853
vt 0.193787 0.866263
vt 0.175302 0.106578
vt 0.129065 0.928723
vt 0.440079 0.052381
vt 0.061800 0.106578
vt 0.101801 0.106579
vt 0.887056 0.330247
vt 0.388570 0.744898
vt 0.897474 0.602993
vt 0.098633 0.106578
vt 0.849818 0.658665
vt 0.427910 0.042929
vt 0.226131 0.097992
vt 0.175302 0.018165
vt 0.262964 0.097992
vt 0.449975 0.652081
vt 0.061800 0.018165
vt 0.101801 0.018165
vt 0.262964 0.018165
vt 0.226131 0.018165
vt 0.849818 0.738492
vt 0.620301 0.987915
vt 0.098633 0.018165
vt 0.887056 0.296030
vt 0.670203 0.987915
vt 0.910128 0.505458
vt 0.098633 0.072361
vt 0.160570 0.888719
vt 0.311105 0.986907
vt 0.846650 0.655225
vt 0.872800 0.939955
vt 0.623588 0.573155
vt 0.407551 0.741458
vt 0.160570 0.928723
vt 0.175302 0.072361
vt 0.407551 0.701454
vt 0.449975 0.706277
vt 0.440080 0.018165
vt 0.061800 0.072361
vt 0.101801 0.072361
vt 0.427910 0.238877
vt 0.226131 0.293940
vt 0.262964 0.293940
vt 0.630394 0.652081
vt 0.227132 0.741458
vt 0.443169 0.573155
vt 0.227132 0.701454
vt 0.630394 0.706277
vt 0.620498 0.018167
vt 0.106293 0.106579
vt 0.891548 0.330247
vt 0.897474 0.607871
vt 0.306058 0.986907
vt 0.106293 0.018165
vt 0.262964 0.023043
vt 0.819937 0.757780
vt 0.858428 0.454863
vt 0.868517 0.810552
vt 0.363934 0.959977
vt 0.106293 0.072361
vt 0.819937 0.718587
vt 0.074057 0.831308
vt 0.765478 0.897638
vt 0.363934 0.920783
vt 0.628467 0.987915
vt 0.098633 0.027034
vt 0.101801 0.027034
vt 0.061800 0.027034
vt 0.416576 0.018165
vt 0.887604 0.110754
vt 0.419743 0.042929
vt 0.175302 0.027034
vt 0.449975 0.660950
vt 0.419743 0.238877
vt 0.416576 0.214112
vt 0.630394 0.660950
vt 0.106293 0.027034
vt 0.175302 0.066227
vt 0.449975 0.700143
vt 0.443169 0.579289
vt 0.196566 0.698013
vt 0.630394 0.700143
vt 0.106293 0.066227
vt 0.664554 0.987915
vt 0.098633 0.066227
vt 0.061800 0.066227
vt 0.101801 0.066227
vt 0.169474 0.106578
vt 0.169474 0.018165
vt 0.262964 0.091662
vt 0.316932 0.986907
vt 0.846650 0.648896
vt 0.316932 0.952690
vt 0.846650 0.683113
vt 0.911098 0.462523
vt 0.226131 0.091662
vt 0.849818 0.664995
vt 0.169474 0.072361
vt 0.169474 0.027034
vt 0.169474 0.066227
vt 0.872800 0.946089
vt 0.017035 0.692551
vt 0.016146 0.698013
vt 0.623588 0.579289
vt 0.834874 0.018165
vt 0.872619 0.602993
vt 0.388570 0.771891
vt 0.839366 0.018165
vt 0.873314 0.158843
vt 0.872619 0.607871
vt 0.791670 0.709718
vt 0.860605 0.821760
vt 0.863804 0.988017
vt 0.791670 0.763914
vt 0.801638 0.709718
vt 0.852780 0.529812
vt 0.852780 0.489173
vt 0.801638 0.750357
vt 0.801638 0.789545
vt 0.614807 0.934410
vt 0.852780 0.449984
vt 0.425122 0.648640
vt 0.431077 0.052382
vt 0.431720 0.573155
vt 0.215683 0.741458
vt 0.215303 0.106578
vt 0.015922 0.516782
vt 0.218471 0.507913
vt 0.178470 0.106578
vt 0.427910 0.468266
vt 0.226131 0.523328
vt 0.058632 0.605196
vt 0.262964 0.523328
vt 0.841603 0.652081
vt 0.215303 0.018165
vt 0.015922 0.605196
vt 0.262964 0.569715
vt 0.218471 0.596328
vt 0.226131 0.569715
vt 0.178470 0.018165
vt 0.218471 0.542131
vt 0.178470 0.072361
vt 0.456628 0.648640
vt 0.431077 0.018165
vt 0.015922 0.741458
vt 0.231959 0.573155
vt 0.456628 0.608637
vt 0.058632 0.551000
vt 0.831706 0.018168
vt 0.015922 0.701454
vt 0.841603 0.706277
vt 0.215303 0.072361
vt 0.015922 0.551000
vt 0.020414 0.516782
vt 0.222963 0.507913
vt 0.374092 0.507915
vt 0.020414 0.605196
vt 0.262964 0.564836
vt 0.222963 0.596328
vt 0.226131 0.564836
vt 0.427910 0.509773
vt 0.020414 0.551000
vt 0.222963 0.542131
vt 0.374092 0.542133
vt 0.218471 0.587458
vt 0.178470 0.027034
vt 0.015922 0.596327
vt 0.215303 0.027034
vt 0.416576 0.443499
vt 0.419743 0.468266
vt 0.058632 0.596327
vt 0.841603 0.660950
vt 0.020414 0.596327
vt 0.419743 0.509773
vt 0.222963 0.587458
vt 0.416576 0.485007
vt 0.231959 0.579289
vt 0.407777 0.698013
vt 0.058632 0.557134
vt 0.841603 0.700143
vt 0.020414 0.557134
vt 0.416576 0.524200
vt 0.374092 0.548267
vt 0.222963 0.548265
vt 0.218471 0.548265
vt 0.178470 0.066227
vt 0.215303 0.066227
vt 0.015922 0.557134
vt 0.052804 0.516782
vt 0.052804 0.605196
vt 0.262964 0.529658
vt 0.226131 0.573155
vt 0.436905 0.018165
vt 0.010876 0.024299
vt 0.436905 0.052382
vt 0.010876 0.058516
vt 0.427910 0.474595
vt 0.226131 0.529658
vt 0.052804 0.551000
vt 0.419743 0.474595
vt 0.416576 0.449829
vt 0.052804 0.596327
vt 0.052804 0.557134
vt 0.226131 0.579289
vt 0.010876 0.018165
vt 0.413605 0.698013
vt 0.226131 0.057353
vt 0.849818 0.699304
vt 0.137884 0.072361
vt 0.137884 0.106578
vt 0.137884 0.018165
vt 0.262964 0.057353
vt 0.137884 0.027034
vt 0.137884 0.066227
vt 0.614807 0.960141
vt 0.815445 0.738184
vt 0.614807 0.988607
vt 0.815445 0.709718
vt 0.860605 0.741933
vt 0.837490 0.632503
vt 0.193787 0.893257
vt 0.886243 0.468853
vt 0.837490 0.626174
vt 0.873314 0.090224
vt 0.886243 0.462523
vt 0.873314 0.124533
vt 0.872619 0.642181
vt 0.646511 0.987915
vt 0.098633 0.046630
vt 0.101801 0.046630
vt 0.061800 0.046630
vt 0.175302 0.046630
vt 0.449975 0.680546
vt 0.630394 0.680547
vt 0.106293 0.046630
vt 0.819937 0.709718
vt 0.860605 0.746811
vt 0.074057 0.840177
vt 0.169474 0.046630
vt 0.042466 0.840177
vt 0.860605 0.781121
vt 0.016439 0.673187
vt 0.872800 0.965686
vt 0.218471 0.567862
vt 0.178470 0.046630
vt 0.015922 0.576730
vt 0.215303 0.046630
vt 0.058632 0.576730
vt 0.841603 0.680547
vt 0.020414 0.576730
vt 0.222963 0.567862
vt 0.416576 0.504603
vt 0.052804 0.576730
vt 0.869632 0.979148
vt 0.806936 0.942967
vt 0.765478 0.966257
vt 0.010875 0.831308
vt 0.137884 0.046630
vt 0.791670 0.738183
vt 0.863804 0.959551
vt 0.801638 0.716047
vt 0.852780 0.523482
vt 0.869632 0.988017
vt 0.860605 0.815430
vt 0.010875 0.840177
vt 0.765478 0.931948
vt 0.042466 0.831308
vt 0.791670 0.718587
vt 0.863804 0.979148
vt 0.815445 0.718587
vt 0.614807 0.979737
vt 0.852780 0.454863
vt 0.801638 0.784667
vt 0.869632 0.959551
vt 0.806936 0.962563
vt 0.612771 0.573155
vt 0.396733 0.741458
vt 0.460792 0.706277
vt 0.396733 0.701454
vt 0.450897 0.018165
vt 0.460792 0.652081
vt 0.262964 0.109740
vt 0.226131 0.109740
vt 0.427910 0.054677
vt 0.416576 0.029913
vt 0.419743 0.054677
vt 0.460792 0.660950
vt 0.026964 0.698013
vt 0.612771 0.579289
vt 0.460792 0.700143
vt 0.460792 0.680547
vt 0.363934 0.940380
vt 0.819937 0.738184
vt 0.858428 0.489173
vt 0.868517 0.776242
vt 0.791670 0.757780
vt 0.863804 0.939955
vt 0.858428 0.529812
vt 0.815445 0.757780
vt 0.858428 0.449984
vt 0.614807 0.940544
vt 0.868517 0.741933
vt 0.869632 0.939955
vt 0.806936 0.982160
vt 0.858428 0.523482
vt 0.226131 0.023043
vt 0.849818 0.733614
vt 0.891548 0.296030
vt 0.905636 0.505458
vt 0.306058 0.952690
vt 0.099423 0.939331
vt 0.763060 0.897638
vt 0.366352 0.920783
vt 0.366352 0.940380
vt 0.099423 0.958927
vt 0.763060 0.931948
vt 0.131013 0.939331
vt 0.131013 0.958927
vt 0.096056 0.956802
vt 0.804517 0.962563
vt 0.162604 0.958927
vt 0.099423 0.978524
vt 0.866099 0.810552
vt 0.366352 0.959977
vt 0.804517 0.942967
vt 0.162604 0.939331
vt 0.763060 0.966257
vt 0.131013 0.978524
vt 0.866099 0.776242
vt 0.866099 0.741933
vt 0.804517 0.982160
vt 0.162604 0.978524
vt 0.098633 0.110001
vt 0.385419 0.744898
vt 0.175302 0.110001
vt 0.125913 0.928723
vt 0.440079 0.055804
vt 0.101801 0.110001
vt 0.061800 0.110001
vt 0.125913 0.888719
vt 0.196938 0.866263
vt 0.106293 0.110001
vt 0.169474 0.110001
vt 0.410868 0.791890
vt 0.876466 0.124533
vt 0.834339 0.626174
vt 0.678227 0.569235
vt 0.410868 0.757581
vt 0.876466 0.090224
vt 0.876466 0.158843
vt 0.839366 0.021587
vt 0.410868 0.826200
vt 0.846507 0.422398
vt 0.196938 0.893257
vt 0.834339 0.632503
vt 0.834874 0.021587
vt 0.385419 0.771891
vt 0.137884 0.110001
vt 0.413694 0.791890
vt 0.455280 0.805482
vt 0.676558 0.564914
vt 0.455259 0.774728
vt 0.413679 0.761136
vt 0.455253 0.836237
vt 0.413679 0.822644
vt 0.842534 0.420571
vt 0.125686 0.550999
vt 0.213179 0.849510
vt 0.617324 0.926672
vt 0.125686 0.298911
vt 0.125686 0.516782
vt 0.125686 0.605196
vt 0.266132 0.044105
vt 0.125686 0.596327
vt 0.125686 0.557134
vt 0.617324 0.899678
vt 0.585045 0.872224
vt 0.125686 0.576730
vt 0.302966 0.044105
vt 0.883112 0.423973
vt 0.861596 0.475925
vt 0.874192 0.039226
vt 0.854592 0.559192
vt 0.866532 0.414274
vt 0.860946 0.392657
vt 0.852780 0.392657
vt 0.857437 0.767873
vt 0.849428 0.767873
vt 0.860240 0.559192
vt 0.871774 0.039226
vt 0.185164 0.939331
vt 0.864114 0.414274
vt 0.185164 0.978524
vt 0.185164 0.958927
vt 0.542030 0.924489
vt 0.213179 0.846087
vt 0.125686 0.513359
vt 0.544848 0.926267
vt 0.823270 0.816998
vt 0.627511 0.817000
vt 0.125686 0.072361
vt 0.873314 0.137781
vt 0.872619 0.628933
vt 0.125686 0.106578
vt 0.125686 0.018165
vt 0.262964 0.044105
vt 0.125686 0.027034
vt 0.125686 0.066227
vt 0.897474 0.628933
vt 0.817276 0.986250
vt 0.125686 0.046630
vt 0.226131 0.044105
vt 0.849818 0.712552
vt 0.868517 0.789490
vt 0.858428 0.475925
vt 0.765478 0.918700
vt 0.054664 0.831308
vt 0.054664 0.840177
vt 0.860605 0.767873
vt 0.801638 0.763605
vt 0.852780 0.475925
vt 0.868983 0.196471
vt 0.886243 0.505458
vt 0.866099 0.789490
vt 0.118815 0.978524
vt 0.763060 0.918700
vt 0.118815 0.939331
vt 0.118815 0.958927
vt 0.045702 0.896242
vt 0.096056 0.970049
vt 0.410868 0.805138
vt 0.876466 0.137781
vt 0.125686 0.110001
vt 0.413686 0.803360
vt 0.455267 0.816953
vt 0.208031 0.958927
vt 0.148553 0.298911
vt 0.148553 0.516782
vt 0.148553 0.605196
vt 0.266132 0.068941
vt 0.148553 0.596327
vt 0.148553 0.557134
vt 0.148553 0.551000
vt 0.914206 0.087877
vt 0.594456 0.899678
vt 0.236047 0.849510
vt 0.594456 0.926672
vt 0.857437 0.792709
vt 0.852780 0.417493
vt 0.860240 0.584028
vt 0.849428 0.792709
vt 0.148553 0.576730
vt 0.866532 0.389439
vt 0.860946 0.417493
vt 0.302966 0.068941
vt 0.861596 0.500761
vt 0.314029 0.920784
vt 0.854592 0.584028
vt 0.874192 0.064062
vt 0.208031 0.978524
vt 0.864114 0.389439
vt 0.208031 0.939331
vt 0.871774 0.064062
vt 0.542030 0.949325
vt 0.236047 0.846087
vt 0.148553 0.513359
vt 0.823272 0.793947
vt 0.544848 0.949319
vt 0.627515 0.783021
vt 0.141683 0.958927
vt 0.042534 0.896242
vt 0.096056 0.945214
vt 0.148553 0.106578
vt 0.148553 0.018165
vt 0.262964 0.068941
vt 0.148553 0.027034
vt 0.148553 0.066227
vt 0.148553 0.072361
vt 0.911098 0.439801
vt 0.548018 0.923683
vt 0.886243 0.440418
vt 0.873314 0.112329
vt 0.872619 0.654386
vt 0.868983 0.265145
vt 0.846650 0.626174
vt 0.860605 0.792709
vt 0.031796 0.840177
vt 0.852780 0.500761
vt 0.801638 0.738769
vt 0.148553 0.046630
vt 0.765478 0.943535
vt 0.031796 0.831308
vt 0.226131 0.068941
vt 0.849818 0.687716
vt 0.858428 0.500761
vt 0.868517 0.764654
vt 0.141683 0.939331
vt 0.763060 0.943535
vt 0.141683 0.978524
vt 0.866099 0.764654
vt 0.410868 0.779685
vt 0.876466 0.112329
vt 0.148553 0.110001
vt 0.455263 0.783041
vt 0.413682 0.769448
vt 0.087227 0.298911
vt 0.087227 0.516782
vt 0.291559 0.097992
vt 0.087227 0.605196
vt 0.291559 0.018165
vt 0.087227 0.551000
vt 0.291559 0.293940
vt 0.392061 0.941144
vt 0.291559 0.023043
vt 0.087227 0.596327
vt 0.087227 0.557134
vt 0.189876 0.291574
vt 0.189876 0.485330
vt 0.291559 0.523328
vt 0.189876 0.605196
vt 0.291559 0.569714
vt 0.189876 0.550999
vt 0.291559 0.564836
vt 0.189876 0.596327
vt 0.189876 0.557134
vt 0.291559 0.529658
vt 0.291559 0.057353
vt 0.336105 0.920784
vt 0.189876 0.576730
vt 0.087227 0.576730
vt 0.291559 0.091662
vt 0.291559 0.109740
vt 0.087227 0.513359
vt 0.087227 0.106578
vt 0.237537 0.097992
vt 0.087227 0.018165
vt 0.237537 0.018165
vt 0.087227 0.072361
vt 0.237537 0.293940
vt 0.237537 0.023043
vt 0.087227 0.027034
vt 0.087227 0.066227
vt 0.189876 0.106578
vt 0.237537 0.523328
vt 0.189876 0.018165
vt 0.237537 0.569715
vt 0.189876 0.072361
vt 0.237537 0.564836
vt 0.189876 0.027034
vt 0.189876 0.066227
vt 0.237537 0.529658
vt 0.237537 0.057353
vt 0.189876 0.046630
vt 0.087227 0.046630
vt 0.237537 0.091662
vt 0.237537 0.109740
vt 0.087227 0.110001
vt 0.237537 0.044105
vt 0.348303 0.920783
vt 0.883112 0.436361
vt 0.291559 0.044105
vt 0.237537 0.068941
vt 0.291559 0.068941
vt 0.325436 0.920783
vt 0.887385 0.936514
vt 0.910858 0.333687
vt 0.535271 0.911973
vt 0.015367 0.823968
vt 0.879485 0.454863
vt 0.879485 0.523482
vt 0.849967 0.908048
vt 0.879485 0.489173
vt 0.535271 0.931569
vt 0.879485 0.529812
vt 0.535271 0.883507
vt 0.535271 0.892376
vt 0.849967 0.962245
vt 0.046958 0.823968
vt 0.078548 0.823968
vt 0.084376 0.823968
vt 0.535271 0.937704
vt 0.723272 0.982579
vt 0.010875 0.823968
vt 0.699580 0.982579
vt 0.879485 0.449984
vt 0.673370 0.982579
vt 0.681537 0.982579
vt 0.717624 0.982579
vt 0.034760 0.823968
vt 0.837769 0.962245
vt 0.883112 0.404545
vt 0.837769 0.908048
vt 0.879485 0.475925
vt 0.296141 0.920784
vt 0.860636 0.908048
vt 0.879485 0.500760
vt 0.910748 0.401104
vt 0.860636 0.962245
vt 0.057627 0.823968
vt 0.165771 0.976420
vt 0.849998 0.570341
vt 0.098633 0.594223
vt 0.683474 0.963151
vt 0.061800 0.594223
vt 0.101801 0.594223
vt 0.828514 0.905047
vt 0.847580 0.570341
vt 0.218471 0.020268
vt 0.178470 0.594223
vt 0.215303 0.594223
vt 0.015922 0.029138
vt 0.893431 0.103169
vt 0.448902 0.817947
vt 0.771067 0.974908
vt 0.824023 0.905047
vt 0.175302 0.594223
vt 0.822706 0.517351
vt 0.642287 0.517351
vt 0.106293 0.594223
vt 0.169474 0.594223
vt 0.058632 0.029138
vt 0.431077 0.517351
vt 0.020414 0.029138
vt 0.222963 0.020268
vt 0.374092 0.020268
vt 0.052804 0.029138
vt 0.137884 0.594223
vt 0.776653 0.977044
vt 0.887604 0.103169
vt 0.296356 0.931756
vt 0.902536 0.718458
vt 0.517382 0.894480
vt 0.811889 0.517351
vt 0.423528 0.515317
vt 0.506565 0.894480
vt 0.228952 0.976420
vt 0.774235 0.977044
vt 0.185164 0.976420
vt 0.125686 0.594223
vt 0.208031 0.976420
vt 0.148553 0.594223
vt 0.189876 0.594223
vt 0.087227 0.594223
vt 0.887385 0.919021
vt 0.902536 0.737886
vt 0.535271 0.894480
vt 0.683474 0.982579
vt 0.887056 0.401104
vt 0.860636 0.936514
vt 0.884109 0.333687
vt 0.849967 0.919021
vt 0.849967 0.936514
vt 0.336105 0.931756
vt 0.090123 0.945214
vt 0.837769 0.936514
vt 0.336105 0.949249
vt 0.808474 0.936514
vt 0.348303 0.949249
vt 0.090123 0.977030
vt 0.884109 0.365503
vt 0.325436 0.949249
vt 0.887056 0.369288
vt 0.314029 0.931756
vt 0.875787 0.718458
vt 0.325436 0.931756
vt 0.875787 0.706069
vt 0.296141 0.931756
vt 0.860636 0.919021
vt 0.875787 0.737886
vt 0.893216 0.423973
vt 0.893216 0.436361
vt 0.348303 0.931756
vt 0.893216 0.404545
vt 0.837769 0.919021
vt 0.819880 0.936514
vt 0.090123 0.964642
vt 0.892982 0.965686
vt 0.882891 0.965686
vt 0.905636 0.516418
vt 0.905636 0.527377
vt 0.859909 0.733614
vt 0.870000 0.733614
vt 0.859909 0.664995
vt 0.870000 0.664995
vt 0.859909 0.699304
vt 0.024090 0.900307
vt 0.831682 0.867958
vt 0.831682 0.878917
vt 0.870000 0.699304
vt 0.882891 0.946089
vt 0.892982 0.946089
vt 0.427910 0.021010
vt 0.870000 0.658665
vt 0.859909 0.658665
vt 0.427910 0.031969
vt 0.882891 0.985282
vt 0.419743 0.031969
vt 0.887604 0.121714
vt 0.419743 0.021010
vt 0.892982 0.985282
vt 0.868983 0.231638
vt 0.866832 0.614586
vt 0.020922 0.902409
vt 0.639584 0.965996
vt 0.856741 0.648896
vt 0.866832 0.648896
vt 0.856741 0.655225
vt 0.882891 0.939955
vt 0.892982 0.939955
vt 0.866832 0.655225
vt 0.670203 0.976955
vt 0.910128 0.516418
vt 0.910128 0.527377
vt 0.670203 0.965996
vt 0.646511 0.976955
vt 0.010875 0.890086
vt 0.010875 0.903581
vt 0.646511 0.965996
vt 0.620301 0.965996
vt 0.870000 0.738492
vt 0.859909 0.738492
vt 0.620301 0.976955
vt 0.628467 0.976955
vt 0.628467 0.965996
vt 0.664554 0.976955
vt 0.664554 0.965996
vt 0.868983 0.218390
vt 0.866832 0.601338
vt 0.886243 0.527377
vt 0.886243 0.516418
vt 0.868983 0.207431
vt 0.870000 0.712552
vt 0.859909 0.712552
vt 0.831682 0.890505
vt 0.870000 0.687716
vt 0.859909 0.687716
vt 0.024090 0.888719
vt 0.831682 0.901465
vt 0.868983 0.243226
vt 0.866832 0.626174
vt 0.856741 0.626174
vt 0.868983 0.254186
vt 0.639584 0.976955
vt 0.020922 0.888914
vt 0.892982 0.973208
vt 0.882891 0.973208
vt 0.887604 0.133788
vt 0.087227 0.039108
vt 0.189876 0.039108
vt 0.148553 0.039108
vt 0.431023 0.720814
vt 0.141683 0.951405
vt 0.042534 0.888719
vt 0.125686 0.039108
vt 0.118815 0.951405
vt 0.431023 0.695978
vt 0.045702 0.888719
vt 0.804517 0.955041
vt 0.162604 0.951405
vt 0.460792 0.673024
vt 0.015936 0.665811
vt 0.872800 0.973208
vt 0.887604 0.144747
vt 0.869632 0.967074
vt 0.806936 0.955041
vt 0.137884 0.039108
vt 0.052804 0.584253
vt 0.222963 0.575384
vt 0.416576 0.497081
vt 0.020414 0.584253
vt 0.058632 0.584253
vt 0.841603 0.673024
vt 0.169474 0.039108
vt 0.106293 0.039108
vt 0.630394 0.673024
vt 0.175302 0.039108
vt 0.449975 0.673024
vt 0.815445 0.730661
vt 0.614807 0.967663
vt 0.791670 0.730661
vt 0.863804 0.967074
vt 0.015922 0.584253
vt 0.215303 0.039108
vt 0.218471 0.575384
vt 0.178470 0.039108
vt 0.819937 0.730661
vt 0.363934 0.932858
vt 0.101801 0.039108
vt 0.061800 0.039108
vt 0.639584 0.987915
vt 0.098633 0.039108
vt 0.366352 0.932858
vt 0.099423 0.951405
vt 0.131013 0.951405
vt 0.431023 0.709226
vt 0.026278 0.900307
vt 0.833870 0.867958
vt 0.041278 0.958214
vt 0.833870 0.878917
vt 0.041278 0.969174
vt 0.833870 0.890505
vt 0.030609 0.969174
vt 0.026278 0.888719
vt 0.833870 0.901465
vt 0.030609 0.958214
vt 0.017879 0.899535
vt 0.889163 0.036731
vt 0.013918 0.892959
vt 0.899255 0.044254
vt 0.013368 0.899507
vt 0.889163 0.044254
vt 0.018430 0.892988
vt 0.899255 0.036731
vt 0.758013 0.920463
vt 0.862220 0.196471
vt 0.862220 0.265145
vt 0.758013 0.945298
vt 0.862220 0.231638
vt 0.737831 0.933711
vt 0.862220 0.218390
vt 0.737831 0.920463
vt 0.862220 0.207431
vt 0.747922 0.920463
vt 0.862220 0.243226
vt 0.737831 0.945298
vt 0.862220 0.254186
vt 0.747922 0.945298
vt 0.894619 0.110754
vt 0.881216 0.799146
vt 0.894619 0.121714
vt 0.891307 0.799146
vt 0.894619 0.133788
vt 0.891307 0.811220
vt 0.881216 0.811220
vt 0.894619 0.144747
vt 0.737831 0.958504
vt 0.758013 0.958504
vt 0.747922 0.958504
vt 0.747922 0.966730
vt 0.891307 0.837129
vt 0.881216 0.837129
vt 0.758013 0.966730
vt 0.881216 0.833056
vt 0.737831 0.966730
vt 0.901398 0.837129
vt 0.901398 0.811220
vt 0.881216 0.792654
vt 0.010875 0.947254
vt 0.891307 0.792654
vt 0.010875 0.958214
vt 0.030609 0.947254
vt 0.074492 0.958214
vt 0.899255 0.018165
vt 0.041278 0.947254
vt 0.909346 0.018165
vt 0.074492 0.947254
vt 0.909346 0.036731
vt 0.909346 0.044254
vt 0.747922 0.897638
vt 0.899255 0.062639
vt 0.909346 0.062639
vt 0.758013 0.897638
vt 0.909346 0.058567
vt 0.901398 0.799146
vt 0.030609 0.974503
vt 0.567756 0.930112
vt 0.737831 0.897638
vt 0.889163 0.062639
vt 0.074492 0.969174
vt 0.889163 0.018165
vt 0.901398 0.792654
vt 0.010875 0.969174
vt 0.041278 0.974503
vt 0.578426 0.930112
vt 0.884256 0.036731
vt 0.611640 0.948679
vt 0.611640 0.956202
vt 0.884256 0.044254
vt 0.732924 0.933711
vt 0.578426 0.974587
vt 0.732924 0.920463
vt 0.590623 0.974587
vt 0.732924 0.945298
vt 0.567756 0.974587
vt 0.732924 0.958504
vt 0.555597 0.974587
vt 0.732924 0.966730
vt 0.548023 0.974587
vt 0.906305 0.837129
vt 0.906305 0.811220
vt 0.548023 0.948679
vt 0.906305 0.799146
vt 0.548023 0.936605
vt 0.732924 0.897638
vt 0.884256 0.062639
vt 0.611640 0.974587
vt 0.074492 0.974503
vt 0.884256 0.018165
vt 0.611640 0.930112
vt 0.906305 0.792654
vt 0.548023 0.930112
vt 0.010875 0.974503
vt 0.909346 0.024657
vt 0.899255 0.024657
vt 0.889163 0.024657
vt 0.884256 0.024657
vt 0.611640 0.936605
vt 0.053476 0.958214
vt 0.053476 0.947254
vt 0.053476 0.969174
vt 0.053476 0.974503
vt 0.590623 0.930112
vt 0.428258 0.720814
vt 0.039768 0.888719
vt 0.567756 0.948679
vt 0.428258 0.709226
vt 0.578426 0.948679
vt 0.428258 0.695978
vt 0.590623 0.948679
vt 0.048467 0.888719
vt 0.590623 0.936605
vt 0.578426 0.936605
vt 0.567756 0.936605
vt 0.881216 0.818743
vt 0.891307 0.818743
vt 0.901398 0.818743
vt 0.906305 0.818743
vt 0.548023 0.956202
vt 0.039768 0.896242
vt 0.093291 0.945214
vt 0.567756 0.956202
vt 0.578426 0.956202
vt 0.093291 0.956802
vt 0.590623 0.956202
vt 0.048467 0.896242
vt 0.093291 0.970049
vt 0.567707 0.919063
vt 0.568801 0.847359
vt 0.605126 0.921476
vt 0.410762 0.740609
vt 0.636716 0.919063
vt 0.452930 0.582730
vt 0.848967 0.967083
vt 0.893400 0.764363
vt 0.370877 0.885648
vt 0.573535 0.919063
vt 0.211480 0.764282
vt 0.010875 0.764282
vt 0.641208 0.919063
vt 0.571952 0.847359
vt 0.014027 0.764282
vt 0.893250 0.468853
vt 0.193787 0.885648
vt 0.878539 0.642181
vt 0.788501 0.740530
vt 0.879626 0.607871
vt 0.893250 0.462523
vt 0.388570 0.764282
vt 0.879626 0.602993
vt 0.196938 0.885648
vt 0.385419 0.764282
vt 0.878539 0.628933
vt 0.788499 0.753778
vt 0.817276 0.965686
vt 0.617324 0.921476
vt 0.410799 0.753833
vt 0.585045 0.894022
vt 0.892163 0.439801
vt 0.548018 0.903119
vt 0.788502 0.728942
vt 0.878539 0.653769
vt 0.410724 0.729043
vt 0.914206 0.066080
vt 0.594456 0.921476
vt 0.419360 0.740578
vt 0.905595 0.087877
vt 0.883111 0.535703
vt 0.576433 0.872224
vt 0.899230 0.562982
vt 0.576433 0.894022
vt 0.899230 0.584780
vt 0.419396 0.753805
vt 0.905595 0.066080
vt 0.883110 0.557501
vt 0.419321 0.729009
vt 0.900758 0.535703
vt 0.772615 0.890748
vt 0.900758 0.557501
vt 0.419249 0.709870
vt 0.772615 0.868951
vt 0.883110 0.562982
vt 0.372786 0.778494
vt 0.883110 0.584780
vt 0.372786 0.800291
vt 0.419432 0.771283
vt 0.010875 0.799058
vt 0.781324 0.771283
vt 0.512706 0.988116
vt 0.010875 0.778494
vt 0.512706 0.967552
vt 0.810103 0.986250
vt 0.496587 0.967552
vt 0.555190 0.923683
vt 0.384092 0.867895
vt 0.781328 0.740529
vt 0.810103 0.965686
vt 0.781326 0.753777
vt 0.496587 0.988116
vt 0.555190 0.903119
vt 0.375622 0.843900
vt 0.781330 0.728941
vt 0.400584 0.857693
vt 0.396831 0.836757
vt 0.781333 0.709775
vt 0.015367 0.827868
vt 0.812171 0.851437
vt 0.883076 0.454863
vt 0.789512 0.921608
vt 0.883076 0.523482
vt 0.789512 0.852989
vt 0.883076 0.489173
vt 0.789512 0.887299
vt 0.538862 0.931569
vt 0.427579 0.941144
vt 0.538862 0.892376
vt 0.463666 0.941144
vt 0.078548 0.827868
vt 0.812171 0.920057
vt 0.084376 0.827868
vt 0.538862 0.937704
vt 0.812171 0.926386
vt 0.421931 0.941144
vt 0.723272 0.986479
vt 0.010875 0.827868
vt 0.812171 0.846559
vt 0.237424 0.969507
vt 0.699580 0.986479
vt 0.261116 0.969507
vt 0.681537 0.986479
vt 0.279160 0.969507
vt 0.717624 0.986479
vt 0.243073 0.969507
vt 0.034760 0.827868
vt 0.812171 0.872499
vt 0.883076 0.475925
vt 0.789512 0.900547
vt 0.883076 0.500760
vt 0.789512 0.875711
vt 0.057627 0.827868
vt 0.812171 0.897335
vt 0.538862 0.911973
vt 0.445623 0.941144
vt 0.883076 0.529812
vt 0.538862 0.883507
vt 0.471833 0.941144
vt 0.789512 0.846660
vt 0.046958 0.827868
vt 0.812171 0.885747
vt 0.883076 0.449984
vt 0.673370 0.986479
vt 0.789512 0.926487
vt 0.287326 0.969507
vt 0.538862 0.894480
vt 0.461729 0.941144
vt 0.683474 0.986479
vt 0.277222 0.969507
vt 0.851849 0.746811
vt 0.798160 0.851437
vt 0.855017 0.746811
vt 0.775783 0.921608
vt 0.855017 0.815430
vt 0.775783 0.852989
vt 0.855017 0.781121
vt 0.775783 0.887299
vt 0.451323 0.780858
vt 0.427579 0.958114
vt 0.451323 0.820051
vt 0.463666 0.958114
vt 0.851849 0.815430
vt 0.798160 0.920057
vt 0.451323 0.774723
vt 0.851849 0.821760
vt 0.798160 0.926386
vt 0.421931 0.958114
vt 0.851849 0.741933
vt 0.768646 0.931684
vt 0.798160 0.846559
vt 0.237424 0.952690
vt 0.768646 0.957415
vt 0.261116 0.952690
vt 0.768646 0.977011
vt 0.279160 0.952690
vt 0.768646 0.937818
vt 0.243073 0.952690
vt 0.851849 0.767873
vt 0.798160 0.872499
vt 0.855017 0.767873
vt 0.775783 0.900547
vt 0.855017 0.792709
vt 0.775783 0.875711
vt 0.851849 0.792709
vt 0.798160 0.897335
vt 0.451323 0.817947
vt 0.461729 0.958114
vt 0.768646 0.974908
vt 0.277222 0.952690
vt 0.451323 0.800454
vt 0.445623 0.958114
vt 0.451323 0.828920
vt 0.855017 0.821760
vt 0.471833 0.958114
vt 0.775783 0.846660
vt 0.851849 0.781121
vt 0.798160 0.885747
vt 0.768646 0.985881
vt 0.855017 0.741933
vt 0.287326 0.952690
vt 0.775783 0.926487
vt 0.445623 0.955379
vt 0.445623 0.943879
vt 0.778340 0.843925
vt 0.474390 0.955379
vt 0.474390 0.943879
vt 0.786954 0.843925
vt 0.800717 0.885747
vt 0.809613 0.885747
vt 0.289883 0.955424
vt 0.778340 0.929222
vt 0.289883 0.966772
vt 0.786954 0.929222
vt 0.277222 0.966772
vt 0.279160 0.966772
vt 0.461729 0.943879
vt 0.809613 0.897335
vt 0.786954 0.875711
vt 0.786954 0.852989
vt 0.786954 0.900547
vt 0.786954 0.887299
vt 0.809613 0.872499
vt 0.809613 0.851437
vt 0.243073 0.966772
vt 0.261116 0.966772
vt 0.463666 0.943879
vt 0.427579 0.943879
vt 0.786954 0.921608
vt 0.419374 0.943879
vt 0.809613 0.929121
vt 0.809613 0.920057
vt 0.809613 0.843824
vt 0.234867 0.966772
vt 0.800717 0.851437
vt 0.778340 0.921608
vt 0.778340 0.852989
vt 0.778340 0.887299
vt 0.427579 0.955379
vt 0.463666 0.955379
vt 0.800717 0.920057
vt 0.800717 0.929121
vt 0.419374 0.955379
vt 0.234867 0.955424
vt 0.800717 0.843824
vt 0.261116 0.955424
vt 0.279160 0.955424
vt 0.243073 0.955424
vt 0.800717 0.872499
vt 0.778340 0.900547
vt 0.778340 0.875711
vt 0.800717 0.897335
vt 0.461729 0.955379
vt 0.277222 0.955424
vt 0.445412 0.949175
vt 0.476854 0.949175
vt 0.782926 0.839915
vt 0.805468 0.885724
vt 0.292347 0.961543
vt 0.782926 0.933142
vt 0.805468 0.848225
vt 0.782926 0.924821
vt 0.782926 0.849822
vt 0.782926 0.887322
vt 0.425691 0.949175
vt 0.465133 0.949175
vt 0.805468 0.923224
vt 0.416723 0.949175
vt 0.805468 0.933131
vt 0.805468 0.839904
vt 0.232216 0.961543
vt 0.260906 0.961543
vt 0.280626 0.961543
vt 0.241184 0.961543
vt 0.805468 0.871245
vt 0.782926 0.901801
vt 0.782926 0.874656
vt 0.805468 0.898389
vt 0.463016 0.949175
vt 0.278509 0.961543
vt 0.803874 0.848136
vt 0.781332 0.924910
vt 0.781332 0.849735
vt 0.781332 0.887322
vt 0.425639 0.950909
vt 0.465174 0.950909
vt 0.803874 0.923311
vt 0.416649 0.950909
vt 0.803874 0.933242
vt 0.803874 0.839795
vt 0.232143 0.959809
vt 0.260900 0.959809
vt 0.280667 0.959809
vt 0.241132 0.959809
vt 0.803874 0.871210
vt 0.781332 0.901836
vt 0.781332 0.874627
vt 0.803874 0.898419
vt 0.463052 0.950909
vt 0.278545 0.959809
vt 0.445406 0.950909
vt 0.476922 0.950909
vt 0.781332 0.839804
vt 0.803874 0.885724
vt 0.292415 0.959809
vt 0.781332 0.933251
vt 0.803964 0.784667
vt 0.402682 0.822620
vt 0.862931 0.746811
vt 0.851979 0.095886
vt 0.862931 0.815430
vt 0.851979 0.027267
vt 0.862931 0.781121
vt 0.851979 0.061576
vt 0.793996 0.757780
vt 0.425711 0.783673
vt 0.793996 0.718587
vt 0.425711 0.822866
vt 0.803964 0.716047
vt 0.402682 0.754000
vt 0.793996 0.763914
vt 0.803964 0.709718
vt 0.425711 0.777538
vt 0.402682 0.747671
vt 0.803964 0.789545
vt 0.617133 0.934410
vt 0.442490 0.777535
vt 0.402682 0.827498
vt 0.617133 0.960141
vt 0.442490 0.803266
vt 0.617133 0.979737
vt 0.442490 0.822863
vt 0.617133 0.940544
vt 0.442490 0.783670
vt 0.793996 0.738183
vt 0.425711 0.803269
vt 0.793996 0.709718
vt 0.862931 0.821760
vt 0.425711 0.831735
vt 0.851979 0.020938
vt 0.803964 0.750357
vt 0.402682 0.788310
vt 0.617133 0.988607
vt 0.862931 0.741933
vt 0.851979 0.100764
vt 0.442490 0.831732
vt 0.803964 0.763605
vt 0.402682 0.801558
vt 0.862931 0.767873
vt 0.851979 0.074824
vt 0.862931 0.792709
vt 0.851979 0.049989
vt 0.803964 0.738769
vt 0.402682 0.776722
vt 0.617133 0.967663
vt 0.442490 0.810789
vt 0.793996 0.730661
vt 0.425711 0.810792
vt 0.895601 0.965685
vt 0.419130 0.805730
vt 0.427910 0.018165
vt 0.872619 0.658665
vt 0.419130 0.777265
vt 0.397210 0.747671
vt 0.394042 0.788310
vt 0.869452 0.614586
vt 0.620301 0.963151
vt 0.872619 0.738492
vt 0.397210 0.827498
vt 0.383423 0.832340
vt 0.869452 0.601338
vt 0.886243 0.530222
vt 0.394042 0.801558
vt 0.397210 0.801558
vt 0.872619 0.712552
vt 0.872619 0.687716
vt 0.397210 0.776722
vt 0.394042 0.776722
vt 0.869452 0.626174
vt 0.383423 0.811397
vt 0.639584 0.963151
vt 0.895601 0.973208
vt 0.419130 0.798208
vt 0.905636 0.530222
vt 0.394042 0.822620
vt 0.872619 0.733614
vt 0.397210 0.822620
vt 0.872619 0.664995
vt 0.397210 0.754000
vt 0.872619 0.699304
vt 0.397210 0.788310
vt 0.895601 0.946089
vt 0.419130 0.825327
vt 0.419743 0.018165
vt 0.895601 0.985282
vt 0.419130 0.786134
vt 0.394042 0.754001
vt 0.869452 0.648896
vt 0.394042 0.747671
vt 0.419130 0.831461
vt 0.895601 0.939955
vt 0.869452 0.655225
vt 0.383423 0.778144
vt 0.910128 0.530222
vt 0.670203 0.963151
vt 0.394042 0.827499
vt 0.646511 0.963151
vt 0.383423 0.803874
vt 0.628467 0.963151
vt 0.383423 0.823471
vt 0.664554 0.963151
vt 0.383423 0.784278
vt 0.863460 0.025508
vt 0.391738 0.822620
vt 0.868606 0.025508
vt 0.404986 0.822620
vt 0.860293 0.025508
vt 0.399514 0.822620
vt 0.855147 0.025508
vt 0.849675 0.095886
vt 0.860293 0.094127
vt 0.399514 0.754000
vt 0.855147 0.094127
vt 0.849675 0.027267
vt 0.860293 0.059817
vt 0.399514 0.788310
vt 0.855147 0.059817
vt 0.849675 0.061576
vt 0.429791 0.783363
vt 0.416861 0.825327
vt 0.423442 0.783673
vt 0.434937 0.783363
vt 0.429791 0.822556
vt 0.416861 0.786134
vt 0.423442 0.822866
vt 0.434937 0.822556
vt 0.391738 0.754001
vt 0.863460 0.094127
vt 0.404986 0.754000
vt 0.868606 0.094127
vt 0.391738 0.745206
vt 0.416861 0.833964
vt 0.863460 0.102920
vt 0.429791 0.774726
vt 0.423442 0.775036
vt 0.404986 0.745206
vt 0.868606 0.102920
vt 0.434937 0.774726
vt 0.381154 0.775641
vt 0.812277 0.709718
vt 0.863460 0.018165
vt 0.391738 0.829964
vt 0.807132 0.709718
vt 0.868606 0.018165
vt 0.444759 0.775033
vt 0.404986 0.829963
vt 0.812277 0.737952
vt 0.381154 0.803874
vt 0.807132 0.737952
vt 0.444759 0.803266
vt 0.812277 0.757548
vt 0.381154 0.823471
vt 0.807132 0.757548
vt 0.444759 0.822863
vt 0.812277 0.718355
vt 0.381154 0.784278
vt 0.807132 0.718355
vt 0.444759 0.783670
vt 0.423442 0.803269
vt 0.434937 0.802960
vt 0.423442 0.810792
vt 0.434937 0.810482
vt 0.807132 0.745474
vt 0.444759 0.810789
vt 0.868606 0.059817
vt 0.404986 0.788310
vt 0.868606 0.071405
vt 0.404986 0.776722
vt 0.855147 0.071405
vt 0.849675 0.049989
vt 0.855147 0.046569
vt 0.849675 0.074824
vt 0.868606 0.046569
vt 0.404986 0.801558
vt 0.849675 0.103229
vt 0.855147 0.018165
vt 0.807132 0.768920
vt 0.444759 0.834235
vt 0.423442 0.834238
vt 0.855147 0.102921
vt 0.434937 0.833928
vt 0.849675 0.018473
vt 0.429791 0.802960
vt 0.416861 0.805730
vt 0.860293 0.102920
vt 0.429791 0.833928
vt 0.416861 0.774762
vt 0.399514 0.745206
vt 0.391738 0.788310
vt 0.863460 0.059817
vt 0.860293 0.018165
vt 0.812277 0.768920
vt 0.399514 0.829963
vt 0.381154 0.834843
vt 0.863460 0.046569
vt 0.391738 0.801558
vt 0.399514 0.801558
vt 0.860293 0.046569
vt 0.860293 0.071405
vt 0.399514 0.776722
vt 0.391738 0.776722
vt 0.863460 0.071405
vt 0.381154 0.811397
vt 0.812277 0.745474
vt 0.429791 0.810482
vt 0.416861 0.798208
vt 0.682467 0.582730
vt 0.867400 0.310324
vt 0.898239 0.690954
vt 0.916283 0.690954
vt 0.433571 0.895817
vt 0.517455 0.950915
vt 0.880707 0.690954
vt 0.653749 0.554440
vt 0.653749 0.515247
vt 0.302966 0.281491
vt 0.344876 0.898048
vt 0.517455 0.962071
vt 0.653749 0.506378
vt 0.266132 0.281491
vt 0.653749 0.534843
vt 0.291559 0.281491
vt 0.403523 0.941144
vt 0.527091 0.968698
vt 0.653749 0.517351
vt 0.659556 0.582730
vt 0.867400 0.335207
vt 0.630838 0.560575
vt 0.659556 0.622733
vt 0.631946 0.496805
vt 0.009291 0.016444
vt 0.630838 0.506378
vt 0.266132 0.306374
vt 0.321981 0.898356
vt 0.494544 0.962071
vt 0.302966 0.306374
vt 0.630838 0.515247
vt 0.380616 0.909321
vt 0.886204 0.248416
vt 0.630838 0.554440
vt 0.880707 0.666071
vt 0.884910 0.914803
vt 0.494544 0.950915
vt 0.916283 0.666071
vt 0.456482 0.895817
vt 0.898239 0.666071
vt 0.630838 0.534843
vt 0.291559 0.306374
vt 0.484907 0.968698
vt 0.380612 0.941144
vt 0.630838 0.517351
vt 0.505993 0.950915
vt 0.880707 0.678505
vt 0.679368 0.554440
vt 0.679368 0.515247
vt 0.374045 0.892376
vt 0.842534 0.568756
vt 0.378749 0.897886
vt 0.374045 0.883507
vt 0.302966 0.253667
vt 0.370571 0.897689
vt 0.266132 0.253667
vt 0.679368 0.506378
vt 0.679368 0.534843
vt 0.291559 0.253667
vt 0.679368 0.517351
vt 0.708086 0.582730
vt 0.374045 0.937704
vt 0.867400 0.282500
vt 0.420443 0.898708
vt 0.633711 0.622733
vt 0.604993 0.560575
vt 0.657791 0.496805
vt 0.266132 0.334443
vt 0.604993 0.506378
vt 0.226131 0.591599
vt 0.787349 0.934506
vt 0.296160 0.898706
vt 0.302966 0.334443
vt 0.226131 0.582730
vt 0.438266 0.595039
vt 0.787349 0.943376
vt 0.604993 0.515247
vt 0.547961 0.873932
vt 0.010876 0.704286
vt 0.787349 0.982569
vt 0.482328 0.901785
vt 0.604993 0.554440
vt 0.633711 0.582730
vt 0.547961 0.880067
vt 0.787349 0.988703
vt 0.867400 0.363277
vt 0.686944 0.904724
vt 0.604993 0.534843
vt 0.291559 0.334443
vt 0.604993 0.517351
vt 0.787349 0.945479
vt 0.856905 0.335207
vt 0.250100 0.604724
vt 0.886204 0.246312
vt 0.378679 0.909283
vt 0.333549 0.909590
vt 0.339433 0.917343
vt 0.856905 0.322773
vt 0.261549 0.604724
vt 0.420382 0.910097
vt 0.886204 0.291646
vt 0.298631 0.604724
vt 0.856905 0.282500
vt 0.886204 0.237574
vt 0.302352 0.917343
vt 0.370633 0.909137
vt 0.831655 0.741941
vt 0.700087 0.959710
vt 0.849613 0.487503
vt 0.673786 0.897638
vt 0.880707 0.243807
vt 0.826455 0.761760
vt 0.644376 0.959710
vt 0.831655 0.802446
vt 0.880707 0.295850
vt 0.304128 0.600520
vt 0.010875 0.939566
vt 0.826455 0.709718
vt 0.261560 0.600520
vt 0.053443 0.939566
vt 0.375954 0.837404
vt 0.831655 0.709718
vt 0.729756 0.959710
vt 0.248417 0.600520
vt 0.066586 0.939566
vt 0.375954 0.824997
vt 0.729756 0.947303
vt 0.375954 0.804935
vt 0.729756 0.927241
vt 0.831655 0.834973
vt 0.644376 0.927182
vt 0.831655 0.857471
vt 0.644376 0.904684
vt 0.831655 0.756214
vt 0.686944 0.959710
vt 0.831655 0.814892
vt 0.644376 0.947264
vt 0.375954 0.827374
vt 0.729756 0.949680
vt 0.849613 0.426715
vt 0.375954 0.775332
vt 0.729756 0.897638
vt 0.326265 0.913546
vt 0.826455 0.803731
vt 0.174821 0.981964
vt 0.854228 0.113486
vt 0.218747 0.600520
vt 0.181382 0.981964
vt 0.854228 0.106361
vt 0.096255 0.939566
vt 0.133464 0.981964
vt 0.854228 0.158403
vt 0.375954 0.782458
vt 0.729756 0.904764
vt 0.831655 0.770505
vt 0.673786 0.959710
vt 0.849613 0.458938
vt 0.700087 0.897638
vt 0.849613 0.473212
vt 0.686944 0.897638
vt 0.135770 0.987947
vt 0.797843 0.943508
vt 0.856905 0.363276
vt 0.224255 0.604724
vt 0.797843 0.988842
vt 0.177512 0.987947
vt 0.376726 0.917343
vt 0.296292 0.910097
vt 0.127725 0.987947
vt 0.797843 0.934770
vt 0.831655 0.864517
vt 0.849613 0.519444
vt 0.644376 0.897638
vt 0.831655 0.812476
vt 0.644376 0.949680
vt 0.880707 0.246224
vt 0.826455 0.759344
vt 0.339422 0.913546
vt 0.826455 0.818021
vt 0.880707 0.288804
vt 0.826455 0.716764
vt 0.880707 0.266306
vt 0.826455 0.739262
vt 0.154125 0.981964
vt 0.854228 0.135964
vt 0.135653 0.981964
vt 0.854228 0.156026
vt 0.382234 0.913546
vt 0.124229 0.981964
vt 0.826455 0.864518
vt 0.854228 0.168433
vt 0.880707 0.233777
vt 0.296855 0.913546
vt 0.826455 0.771789
vt 0.274718 0.600520
vt 0.040285 0.939566
vt 0.352565 0.913546
vt 0.826455 0.832295
vt 0.797843 0.982635
vt 0.171796 0.987947
vt 0.344999 0.909434
vt 0.327971 0.917343
vt 0.322112 0.909746
vt 0.350881 0.917343
vt 0.273011 0.604724
vt 0.856905 0.310324
vt 0.137677 0.987947
vt 0.797843 0.945578
vt 0.153768 0.987947
vt 0.797843 0.963055
vt 0.884910 0.886714
vt 0.898362 0.657156
vt 0.880707 0.657156
vt 0.884910 0.905889
vt 0.916283 0.657156
vt 0.884910 0.867251
vt 0.464690 0.895817
vt 0.898362 0.701746
vt 0.897608 0.212089
vt 0.916283 0.701746
vt 0.897608 0.231551
vt 0.423634 0.895817
vt 0.522771 0.941797
vt 0.897608 0.192914
vt 0.880707 0.701746
vt 0.836753 0.572166
vt 0.419743 0.552407
vt 0.292973 0.935891
vt 0.844413 0.568756
vt 0.163738 0.896697
vt 0.378784 0.895848
vt 0.419743 0.513213
vt 0.844413 0.428399
vt 0.292973 0.896697
vt 0.419743 0.532810
vt 0.292973 0.916294
vt 0.375971 0.063492
vt 0.411529 0.502937
vt 0.411529 0.437268
vt 0.375971 0.129162
vt 0.375971 0.057358
vt 0.411529 0.509072
vt 0.375971 0.322918
vt 0.411529 0.243512
vt 0.258521 0.597080
vt 0.379139 0.548265
vt 0.190619 0.885279
vt 0.226131 0.597080
vt 0.375971 0.018165
vt 0.411529 0.548265
vt 0.010875 0.885279
vt 0.438266 0.597080
vt 0.785470 0.943376
vt 0.184791 0.885279
vt 0.264349 0.597080
vt 0.411529 0.528668
vt 0.375971 0.037761
vt 0.010875 0.846086
vt 0.012754 0.704286
vt 0.351471 0.989206
vt 0.482328 0.903825
vt 0.184791 0.846086
vt 0.012755 0.515401
vt 0.190619 0.846086
vt 0.379139 0.509072
vt 0.012754 0.509071
vt 0.379139 0.502937
vt 0.012754 0.502937
vt 0.012755 0.437268
vt 0.379139 0.437268
vt 0.012754 0.243512
vt 0.379139 0.243512
vt 0.411529 0.546161
vt 0.375971 0.020268
vt 0.184791 0.883175
vt 0.184791 0.865682
vt 0.190619 0.883175
vt 0.379139 0.546161
vt 0.190619 0.865682
vt 0.379139 0.528668
vt 0.027969 0.652932
vt 0.414697 0.029913
vt 0.414697 0.023055
vt 0.021652 0.652587
vt 0.197467 0.672697
vt 0.027589 0.672677
vt 0.197449 0.692285
vt 0.196566 0.695973
vt 0.026964 0.695973
vt 0.028105 0.692174
vt 0.197484 0.653109
vt 0.414697 0.214112
vt 0.375971 0.542133
vt 0.411529 0.024299
vt 0.411529 0.058516
vt 0.375971 0.507915
vt 0.414697 0.524200
vt 0.375971 0.548267
vt 0.411529 0.018165
vt 0.446770 0.692551
vt 0.414429 0.653340
vt 0.414697 0.449829
vt 0.446805 0.653375
vt 0.414697 0.485007
vt 0.414697 0.443499
vt 0.408604 0.653334
vt 0.407777 0.695973
vt 0.408568 0.692510
vt 0.012755 0.018165
vt 0.413605 0.695973
vt 0.379139 0.018165
vt 0.414394 0.692517
vt 0.012755 0.024299
vt 0.379139 0.024299
vt 0.012755 0.058516
vt 0.379139 0.058516
vt 0.027499 0.665115
vt 0.197474 0.665178
vt 0.446794 0.665444
vt 0.414697 0.497081
vt 0.446788 0.672963
vt 0.414697 0.504603
vt 0.408593 0.665403
vt 0.408586 0.672922
vt 0.414418 0.665409
vt 0.414411 0.672928
vt 0.020931 0.665017
vt 0.021291 0.672885
vt 0.020649 0.695973
vt 0.021856 0.692376
vt 0.419743 0.515317
vt 0.292973 0.898801
vt 0.163738 0.898801
vt 0.380718 0.895887
vt 0.785470 0.962972
vt 0.010875 0.865682
vt 0.567296 0.872479
vt 0.351471 0.969610
vt 0.010875 0.883175
vt 0.785470 0.945479
vt 0.392061 0.957377
vt 0.403523 0.957377
vt 0.380612 0.957377
vt 0.413460 0.950568
vt 0.537050 0.951618
vt 0.880707 0.192914
vt 0.403523 0.950568
vt 0.531734 0.960736
vt 0.445033 0.914173
vt 0.392061 0.989206
vt 0.480265 0.960736
vt 0.868008 0.914803
vt 0.380612 0.950568
vt 0.372404 0.950568
vt 0.868008 0.905889
vt 0.433571 0.914173
vt 0.403523 0.989206
vt 0.456482 0.914173
vt 0.380612 0.989206
vt 0.372404 0.989206
vt 0.464690 0.914173
vt 0.423634 0.914173
vt 0.413460 0.989206
vt 0.881707 0.632374
vt 0.893795 0.170219
vt 0.868008 0.886714
vt 0.372404 0.969743
vt 0.562735 0.893681
vt 0.413460 0.969743
vt 0.880707 0.212089
vt 0.899627 0.632374
vt 0.754992 0.840576
vt 0.403523 0.969743
vt 0.392061 0.950568
vt 0.413460 0.957377
vt 0.880707 0.199722
vt 0.392061 0.969743
vt 0.380612 0.969743
vt 0.372404 0.957377
vt 0.868008 0.899080
vt 0.884910 0.899080
vt 0.886975 0.657156
vt 0.886204 0.265910
vt 0.396708 0.909635
vt 0.886204 0.285508
vt 0.414736 0.909986
vt 0.836753 0.431809
vt 0.163738 0.935891
vt 0.881707 0.653050
vt 0.896090 0.150447
vt 0.834874 0.431809
vt 0.374045 0.931569
vt 0.414800 0.898598
vt 0.897806 0.149614
vt 0.163738 0.916294
vt 0.396809 0.896208
vt 0.757286 0.860351
vt 0.899750 0.653050
vt 0.380702 0.900339
vt 0.396770 0.902200
vt 0.889940 0.741332
vt 0.762327 0.862799
vt 0.865175 0.322773
vt 0.865175 0.282500
vt 0.420467 0.901122
vt 0.789573 0.943442
vt 0.789573 0.934638
vt 0.296188 0.901123
vt 0.378766 0.900299
vt 0.370622 0.900118
vt 0.865175 0.335207
vt 0.333446 0.900619
vt 0.322008 0.900773
vt 0.344903 0.900471
vt 0.790991 0.982602
vt 0.789573 0.988773
vt 0.865175 0.363277
vt 0.865175 0.310324
vt 0.414797 0.902551
vt 0.889940 0.760929
vt 0.901132 0.147999
vt 0.789573 0.945529
vt 0.686944 0.927211
vt 0.380714 0.897926
vt 0.396805 0.898247
vt 0.759001 0.861184
vt 0.897608 0.199722
vt 0.886975 0.701746
vt 0.529532 0.946447
vt 0.889606 0.192914
vt 0.524216 0.955565
vt 0.093378 0.551000
vt 0.297711 0.023043
vt 0.183725 0.550999
vt 0.297710 0.564836
vt 0.297711 0.529658
vt 0.183725 0.576730
vt 0.093378 0.072361
vt 0.231386 0.023043
vt 0.183725 0.072361
vt 0.231386 0.564836
vt 0.231386 0.529658
vt 0.231386 0.057353
vt 0.183725 0.046630
vt 0.231386 0.091662
vt 0.883112 0.429680
vt 0.297711 0.044105
vt 0.093378 0.298911
vt 0.093378 0.516782
vt 0.093378 0.605196
vt 0.297711 0.018165
vt 0.093378 0.596327
vt 0.093378 0.557134
vt 0.183725 0.291574
vt 0.183725 0.485330
vt 0.297711 0.523328
vt 0.183725 0.605196
vt 0.297710 0.569714
vt 0.183725 0.596327
vt 0.183725 0.557134
vt 0.093378 0.576730
vt 0.093378 0.513359
vt 0.093378 0.106578
vt 0.231386 0.097992
vt 0.093378 0.018165
vt 0.231386 0.018165
vt 0.231386 0.293940
vt 0.093378 0.027034
vt 0.093378 0.066227
vt 0.183725 0.106578
vt 0.231386 0.523328
vt 0.183725 0.018165
vt 0.231386 0.569715
vt 0.183725 0.027034
vt 0.183725 0.066227
vt 0.093378 0.046630
vt 0.231386 0.109740
vt 0.093378 0.110001
vt 0.231386 0.044105
vt 0.231386 0.068941
vt 0.093378 0.594223
vt 0.183725 0.594223
vt 0.893216 0.429680
vt 0.814626 0.936514
vt 0.090123 0.970349
vt 0.183725 0.039108
vt 0.093378 0.039108
vt 0.490104 0.965124
vt 0.297711 0.306374
vt 0.297711 0.334443
vt 0.876907 0.914803
vt 0.487783 0.955565
vt 0.876907 0.905889
vt 0.890955 0.231551
vt 0.423634 0.903042
vt 0.906832 0.760862
vt 0.903150 0.165676
vt 0.433571 0.904508
vt 0.445033 0.904508
vt 0.456482 0.904508
vt 0.878257 0.867251
vt 0.893404 0.235013
vt 0.464690 0.903042
vt 0.890955 0.212089
vt 0.764347 0.845123
vt 0.906832 0.741399
vt 0.878257 0.886714
vt 0.572624 0.890756
vt 0.911325 0.234948
vt 0.876907 0.899080
vt 0.889606 0.199722
vt 0.754726 0.852789
vt 0.899750 0.644992
vt 0.881707 0.644992
vt 0.893530 0.158010
vt 0.755894 0.849950
vt 0.899750 0.641883
vt 0.881707 0.641883
vt 0.894699 0.160848
vt 0.790991 0.963039
vt 0.911449 0.255389
vt 0.572624 0.870904
vt 0.700087 0.904736
vt 0.754726 0.843545
vt 0.899743 0.635353
vt 0.881707 0.635353
vt 0.893530 0.167253
vt 0.686944 0.949680
vt 0.762771 0.847436
vt 0.904183 0.741388
vt 0.899014 0.741367
vt 0.762114 0.853004
vt 0.895925 0.741354
vt 0.761721 0.856332
vt 0.904183 0.760873
vt 0.901575 0.163362
vt 0.673786 0.904711
vt 0.686944 0.947284
vt 0.673786 0.927202
vt 0.895925 0.760907
vt 0.900525 0.154466
vt 0.899014 0.760894
vt 0.900918 0.157794
vt 0.893404 0.255454
vt 0.482327 0.897828
vt 0.787349 0.963006
vt 0.569109 0.871943
vt 0.673786 0.947278
vt 0.673786 0.949680
vt 0.563692 0.879522
vt 0.358890 0.969610
vt 0.358890 0.989206
vt 0.477016 0.909451
vt 0.564444 0.882522
vt 0.361753 0.969610
vt 0.361752 0.989206
vt 0.474153 0.909451
vt 0.562380 0.888656
vt 0.367765 0.969618
vt 0.367765 0.989206
vt 0.469246 0.913225
vt 0.570882 0.886158
vt 0.911350 0.239920
vt 0.911386 0.245534
vt 0.571023 0.880547
vt 0.911408 0.248889
vt 0.571107 0.877192
vt 0.893409 0.239985
vt 0.469233 0.903660
vt 0.893405 0.248954
vt 0.477139 0.901069
vt 0.893407 0.245598
vt 0.474181 0.902038
vt 0.700087 0.927220
vt 0.700087 0.947290
vt 0.700087 0.949680
vt 0.150052 0.842608
vt 0.175302 0.487128
vt 0.440078 0.432935
vt 0.596105 0.866743
vt 0.150031 0.802604
vt 0.106293 0.487128
vt 0.169474 0.487128
vt 0.330986 0.567978
vt 0.487099 0.626174
vt 0.839366 0.398715
vt 0.846507 0.045272
vt 0.487099 0.632503
vt 0.596105 0.839750
vt 0.137884 0.487128
vt 0.098633 0.487128
vt 0.038179 0.744898
vt 0.061800 0.487128
vt 0.101801 0.487128
vt 0.834874 0.398715
vt 0.038179 0.771891
vt 0.875813 0.230498
vt 0.875813 0.162296
vt 0.331629 0.562844
vt 0.799969 0.836305
vt 0.842554 0.046185
vt 0.799960 0.805525
vt 0.125686 0.487128
vt 0.799965 0.817008
vt 0.875759 0.181484
vt 0.148553 0.487128
vt 0.087227 0.487128
vt 0.596105 0.847359
vt 0.038179 0.764282
vt 0.093378 0.487128
vt 0.025480 0.744898
vt 0.098633 0.500920
vt 0.061800 0.500920
vt 0.101801 0.500920
vt 0.025480 0.771891
vt 0.834874 0.412507
vt 0.874604 0.215588
vt 0.813707 0.774760
vt 0.317921 0.564349
vt 0.025480 0.764282
vt 0.137353 0.842615
vt 0.175302 0.500920
vt 0.440078 0.446727
vt 0.583406 0.866743
vt 0.137333 0.802612
vt 0.106293 0.500920
vt 0.169474 0.500920
vt 0.318302 0.568639
vt 0.474400 0.626174
vt 0.846507 0.031480
vt 0.839366 0.412507
vt 0.474400 0.632503
vt 0.583406 0.839750
vt 0.137884 0.500920
vt 0.842544 0.032850
vt 0.812247 0.836294
vt 0.812232 0.805527
vt 0.125686 0.500920
vt 0.812240 0.817003
vt 0.874595 0.196399
vt 0.813704 0.793945
vt 0.012014 0.733001
vt 0.148553 0.500920
vt 0.087227 0.500920
vt 0.583406 0.847359
vt 0.093378 0.500920
vt 0.878288 0.181495
vt 0.438888 0.728891
vt 0.444847 0.753735
vt 0.444823 0.740486
vt 0.444868 0.771232
vt 0.347341 0.799058
vt 0.347341 0.778494
vt 0.438890 0.709716
vt 0.878343 0.230484
vt 0.878343 0.162330
vt 0.753082 0.870184
vt 0.425345 0.740556
vt 0.425114 0.728983
vt 0.877128 0.196404
vt 0.425415 0.771269
vt 0.366793 0.800291
vt 0.425042 0.709844
vt 0.766813 0.868951
vt 0.877137 0.215574
vt 0.366793 0.778494
vt 0.425380 0.753788
vt 0.766622 0.890748
vt 0.747170 0.890748
vt 0.175302 0.485330
vt 0.151708 0.842607
vt 0.440078 0.431137
vt 0.151687 0.802603
vt 0.597760 0.866743
vt 0.106293 0.485330
vt 0.169474 0.485330
vt 0.488755 0.626174
vt 0.332642 0.567984
vt 0.839366 0.396917
vt 0.846507 0.047070
vt 0.597760 0.839750
vt 0.488755 0.632503
vt 0.137884 0.485330
vt 0.798463 0.836310
vt 0.842557 0.047820
vt 0.798457 0.805525
vt 0.125686 0.485330
vt 0.798460 0.817010
vt 0.798467 0.782364
vt 0.012163 0.720539
vt 0.148553 0.485330
vt 0.087227 0.485330
vt 0.597760 0.847359
vt 0.093378 0.485330
vt 0.098633 0.485330
vt 0.039835 0.744898
vt 0.101801 0.485330
vt 0.061800 0.485330
vt 0.834874 0.396917
vt 0.039835 0.771891
vt 0.798470 0.774740
vt 0.012163 0.728162
vt 0.333346 0.563696
vt 0.039835 0.764282
vt 0.098633 0.503922
vt 0.022716 0.744898
vt 0.061800 0.503922
vt 0.101801 0.503922
vt 0.022716 0.771891
vt 0.834874 0.415509
vt 0.815534 0.774766
vt 0.316095 0.564439
vt 0.022716 0.764282
vt 0.134589 0.842617
vt 0.175302 0.503922
vt 0.440078 0.449729
vt 0.580642 0.866743
vt 0.134569 0.802613
vt 0.106293 0.503922
vt 0.169474 0.503922
vt 0.315541 0.568783
vt 0.471636 0.626174
vt 0.846507 0.028478
vt 0.839366 0.415509
vt 0.471636 0.632503
vt 0.580642 0.839750
vt 0.137884 0.503922
vt 0.842539 0.030077
vt 0.814801 0.836288
vt 0.814783 0.805527
vt 0.125686 0.503922
vt 0.814792 0.817000
vt 0.815526 0.793946
vt 0.148553 0.503922
vt 0.087227 0.503922
vt 0.580642 0.847359
vt 0.093378 0.503922
vt 0.234905 0.849510
vt 0.595598 0.926672
vt 0.542030 0.948085
vt 0.234905 0.846087
vt 0.823266 0.795183
vt 0.544852 0.948082
vt 0.873314 0.116169
vt 0.872619 0.650545
vt 0.410868 0.783526
vt 0.876466 0.116169
vt 0.455276 0.797837
vt 0.413691 0.784244
vt 0.627513 0.797848
vt 0.788502 0.732166
vt 0.878539 0.650545
vt 0.410728 0.730281
vt 0.595598 0.921476
vt 0.419325 0.730247
vt 0.781329 0.732165
vt 0.425215 0.730222
vt 0.799964 0.795177
vt 0.037928 0.804132
vt 0.813704 0.795182
vt 0.010875 0.733001
vt 0.037928 0.819055
vt 0.441845 0.730132
vt 0.798460 0.795177
vt 0.012163 0.707726
vt 0.037928 0.802499
vt 0.815525 0.795182
vt 0.010875 0.728162
vt 0.898434 0.472990
vt 0.334479 0.563033
vt 0.873387 0.162288
vt 0.899620 0.473996
vt 0.333765 0.561594
vt 0.873334 0.181478
vt 0.888775 0.489149
vt 0.873308 0.196396
vt 0.899620 0.498307
vt 0.012014 0.731603
vt 0.887587 0.488147
vt 0.010875 0.708966
vt 0.888072 0.490126
vt 0.039215 0.804132
vt 0.898922 0.499283
vt 0.010875 0.731603
vt 0.039215 0.819055
vt 0.886884 0.489124
vt 0.010875 0.707726
vt 0.039215 0.802499
vt 0.485495 0.920952
vt 0.905679 0.429680
vt 0.485495 0.915245
vt 0.905679 0.423973
vt 0.905679 0.404545
vt 0.825306 0.919021
vt 0.485495 0.895817
vt 0.825306 0.936514
vt 0.077660 0.945214
vt 0.501602 0.895817
vt 0.905679 0.436361
vt 0.485495 0.927633
vt 0.360766 0.931756
vt 0.501602 0.927633
vt 0.360766 0.949249
vt 0.077660 0.977030
vt 0.501602 0.915245
vt 0.077660 0.964642
vt 0.501602 0.920952
vt 0.077660 0.970349
vt 0.886975 0.690954
vt 0.886975 0.678505
vt 0.886975 0.666071
vt 0.020742 0.947254
vt 0.020742 0.958214
vt 0.020742 0.969174
vt 0.557889 0.930112
vt 0.020742 0.974503
vt 0.557889 0.948679
vt 0.557889 0.936605
vt 0.557889 0.956202
vt 0.891307 0.833056
vt 0.901398 0.833056
vt 0.899255 0.058567
vt 0.889163 0.058567
vt 0.548023 0.970515
vt 0.906305 0.833056
vt 0.611640 0.970515
vt 0.884256 0.058567
vt 0.567756 0.970515
vt 0.578426 0.970515
vt 0.590623 0.970515
vt 0.556743 0.970515
vt 0.868983 0.267186
vt 0.844771 0.626174
vt 0.327060 0.496890
vt 0.912977 0.439801
vt 0.548018 0.925724
vt 0.327174 0.462673
vt 0.817276 0.988291
vt 0.899353 0.628933
vt 0.350041 0.462762
vt 0.337843 0.462715
vt 0.337729 0.496931
vt 0.899353 0.607871
vt 0.307937 0.986907
vt 0.369433 0.462839
vt 0.905636 0.503417
vt 0.307937 0.952690
vt 0.369319 0.497055
vt 0.912977 0.462523
vt 0.844771 0.683113
vt 0.306253 0.462591
vt 0.844771 0.648896
vt 0.306139 0.496807
vt 0.348303 0.976983
vt 0.818001 0.962245
vt 0.351526 0.018344
vt 0.034760 0.802499
vt 0.325436 0.976983
vt 0.910748 0.379635
vt 0.328659 0.018254
vt 0.057627 0.802499
vt 0.914206 0.089918
vt 0.594456 0.897638
vt 0.328544 0.052470
vt 0.585045 0.870184
vt 0.617324 0.897638
vt 0.351411 0.052561
vt 0.339213 0.052513
vt 0.336105 0.976983
vt 0.339328 0.018296
vt 0.636716 0.897638
vt 0.874030 0.233946
vt 0.370804 0.052637
vt 0.874030 0.268163
vt 0.370918 0.018421
vt 0.015367 0.802499
vt 0.573535 0.897638
vt 0.307623 0.052388
vt 0.542030 0.897638
vt 0.307738 0.018171
vt 0.078548 0.802499
vt 0.868983 0.194430
vt 0.886243 0.503417
vt 0.349927 0.496979
vt 0.759892 0.920463
vt 0.862220 0.194430
vt 0.349902 0.504325
vt 0.337705 0.504277
vt 0.862220 0.267186
vt 0.759892 0.945298
vt 0.327035 0.504235
vt 0.894619 0.108713
vt 0.879337 0.799146
vt 0.232120 0.972948
vt 0.307176 0.542139
vt 0.414697 0.018165
vt 0.887604 0.108713
vt 0.017434 0.652212
vt 0.239136 0.972948
vt 0.016345 0.663928
vt 0.887604 0.146788
vt 0.239136 0.985022
vt 0.879337 0.811220
vt 0.894619 0.146788
vt 0.232120 0.985022
vt 0.307216 0.530065
vt 0.759892 0.958504
vt 0.314876 0.504187
vt 0.879337 0.833056
vt 0.307289 0.508230
vt 0.879337 0.837129
vt 0.759892 0.966730
vt 0.307302 0.504157
vt 0.879337 0.818743
vt 0.307241 0.522543
vt 0.314863 0.508260
vt 0.879337 0.792654
vt 0.010875 0.945214
vt 0.307154 0.548632
vt 0.020742 0.945214
vt 0.317021 0.548671
vt 0.030609 0.945214
vt 0.326887 0.548709
vt 0.041278 0.945214
vt 0.337557 0.548751
vt 0.053476 0.945214
vt 0.349754 0.548799
vt 0.911225 0.018165
vt 0.074492 0.945214
vt 0.370770 0.548881
vt 0.911225 0.024657
vt 0.370792 0.542389
vt 0.326949 0.530143
vt 0.326974 0.522620
vt 0.911225 0.036731
vt 0.370832 0.530315
vt 0.911225 0.044254
vt 0.370857 0.522793
vt 0.337691 0.508349
vt 0.337644 0.522662
vt 0.911225 0.058567
vt 0.370905 0.508480
vt 0.911225 0.062639
vt 0.759892 0.897638
vt 0.370918 0.504407
vt 0.349889 0.508397
vt 0.349841 0.522710
vt 0.327022 0.508308
vt 0.349816 0.530233
vt 0.337618 0.530185
vt 0.337578 0.542259
vt 0.326909 0.542217
vt 0.349776 0.542307
vt 0.339182 0.061866
vt 0.905595 0.089918
vt 0.883110 0.533663
vt 0.328513 0.061823
vt 0.576433 0.870184
vt 0.899230 0.560941
vt 0.351380 0.061914
vt 0.339160 0.068374
vt 0.399706 0.860897
vt 0.312113 0.454824
vt 0.385120 0.869868
vt 0.555190 0.925724
vt 0.327199 0.454883
vt 0.772615 0.894197
vt 0.898197 0.533663
vt 0.313426 0.061764
vt 0.372786 0.775332
vt 0.885334 0.560941
vt 0.365275 0.061969
vt 0.366793 0.775332
vt 0.365253 0.068478
vt 0.337869 0.454925
vt 0.810103 0.988291
vt 0.496587 0.965511
vt 0.350067 0.454973
vt 0.010875 0.775332
vt 0.510482 0.965511
vt 0.363962 0.455027
vt 0.328491 0.068332
vt 0.351287 0.089549
vt 0.747170 0.894197
vt 0.313333 0.089399
vt 0.317042 0.542178
vt 0.317082 0.530104
vt 0.317107 0.522582
vt 0.351358 0.068423
vt 0.766622 0.894197
vt 0.313404 0.068272
vt 0.328420 0.089459
vt 0.365182 0.089604
vt 0.347341 0.775332
vt 0.339089 0.089501
vt 0.226131 0.102882
vt 0.427910 0.047819
vt 0.416576 0.023055
vt 0.419743 0.047819
vt 0.262964 0.102882
vt 0.454477 0.652081
vt 0.237537 0.102882
vt 0.231386 0.102882
vt 0.402142 0.701454
vt 0.455383 0.706277
vt 0.445489 0.018165
vt 0.455383 0.660950
vt 0.618179 0.573155
vt 0.402142 0.741458
vt 0.455383 0.700143
vt 0.455383 0.680546
vt 0.021555 0.698013
vt 0.618179 0.579289
vt 0.237537 0.106311
vt 0.455383 0.673024
vt 0.414697 0.024924
vt 0.023392 0.652695
vt 0.022370 0.695973
vt 0.023563 0.692316
vt 0.022986 0.672815
vt 0.022742 0.665050
vt 0.231386 0.106311
vt 0.226131 0.106311
vt 0.427910 0.051248
vt 0.416576 0.026484
vt 0.419743 0.051248
vt 0.262964 0.106311
vt 0.457635 0.652081
vt 0.910858 0.350698
vt 0.519608 0.911973
vt 0.519608 0.931569
vt 0.078548 0.806957
vt 0.519608 0.937704
vt 0.084376 0.806957
vt 0.884109 0.362762
vt 0.887056 0.372030
vt 0.910748 0.381676
vt 0.057627 0.804540
vt 0.673370 0.964326
vt 0.862678 0.449984
vt 0.015367 0.805715
vt 0.862678 0.454863
vt 0.010875 0.805715
vt 0.723272 0.964326
vt 0.699580 0.964326
vt 0.681537 0.964326
vt 0.717624 0.964326
vt 0.883112 0.422798
vt 0.862678 0.475925
vt 0.683474 0.964326
vt 0.893216 0.422798
vt 0.090123 0.963467
vt 0.820962 0.936514
vt 0.485495 0.914070
vt 0.905679 0.422798
vt 0.077660 0.963467
vt 0.501602 0.914070
vt 0.820962 0.962245
vt 0.034760 0.805715
vt 0.074709 0.986014
vt 0.852196 0.158403
vt 0.377986 0.827374
vt 0.881089 0.028503
vt 0.377986 0.824997
vt 0.881089 0.030880
vt 0.852196 0.156026
vt 0.076898 0.986014
vt 0.847580 0.458938
vt 0.846260 0.739269
vt 0.066586 0.941773
vt 0.842612 0.832868
vt 0.828488 0.716764
vt 0.061825 0.977943
vt 0.833687 0.857471
vt 0.884436 0.089267
vt 0.833687 0.834973
vt 0.884436 0.111765
vt 0.828488 0.739262
vt 0.041110 0.977943
vt 0.852196 0.135964
vt 0.095370 0.986014
vt 0.377986 0.804935
vt 0.881089 0.050943
vt 0.852196 0.113486
vt 0.116066 0.986014
vt 0.377986 0.782458
vt 0.881089 0.073420
vt 0.847580 0.426715
vt 0.377986 0.775332
vt 0.881089 0.080546
vt 0.846260 0.707046
vt 0.852196 0.106361
vt 0.096255 0.941773
vt 0.122627 0.986014
vt 0.842612 0.800645
vt 0.833687 0.864517
vt 0.847580 0.519444
vt 0.884436 0.082221
vt 0.846260 0.799775
vt 0.010875 0.941773
vt 0.828488 0.709718
vt 0.068312 0.977943
vt 0.842612 0.893374
vt 0.053443 0.941773
vt 0.842612 0.847142
vt 0.847580 0.473212
vt 0.846260 0.753543
vt 0.847580 0.487503
vt 0.846260 0.767834
vt 0.040285 0.941773
vt 0.842612 0.861432
vt 0.828488 0.832295
vt 0.820855 0.872258
vt 0.833687 0.741941
vt 0.066871 0.932163
vt 0.377986 0.837404
vt 0.833687 0.709718
vt 0.881089 0.018473
vt 0.096540 0.932163
vt 0.828488 0.864518
vt 0.065474 0.986014
vt 0.852196 0.168433
vt 0.820855 0.840035
vt 0.833687 0.802446
vt 0.884436 0.144293
vt 0.011160 0.932163
vt 0.011159 0.977944
vt 0.828488 0.771789
vt 0.820855 0.932765
vt 0.828488 0.803731
vt 0.820855 0.900823
vt 0.833687 0.770505
vt 0.040570 0.932163
vt 0.833687 0.756214
vt 0.053728 0.932163
vt 0.828488 0.818021
vt 0.820855 0.886533
vt 0.828488 0.759344
vt 0.022619 0.977943
vt 0.833687 0.814892
vt 0.884436 0.131847
vt 0.833687 0.812476
vt 0.884436 0.134264
vt 0.828488 0.761760
vt 0.020394 0.977943
vt 0.074709 0.981964
vt 0.870567 0.363234
vt 0.877360 0.028503
vt 0.879945 0.363234
vt 0.879945 0.365611
vt 0.877360 0.030880
vt 0.870567 0.365611
vt 0.076898 0.981964
vt 0.842612 0.739269
vt 0.859052 0.222603
vt 0.849675 0.222603
vt 0.846260 0.832868
vt 0.880942 0.350642
vt 0.061825 0.981994
vt 0.871565 0.350642
vt 0.880707 0.089267
vt 0.871565 0.328144
vt 0.880707 0.111765
vt 0.880942 0.328144
vt 0.041110 0.981994
vt 0.870567 0.385673
vt 0.095370 0.981964
vt 0.879945 0.385673
vt 0.877360 0.050943
vt 0.116066 0.981964
vt 0.870567 0.408151
vt 0.877360 0.073420
vt 0.879945 0.408151
vt 0.877360 0.076583
vt 0.842612 0.711096
vt 0.879945 0.411314
vt 0.859052 0.194430
vt 0.118978 0.981964
vt 0.870567 0.411314
vt 0.849675 0.194430
vt 0.846260 0.804695
vt 0.859052 0.279059
vt 0.871565 0.353726
vt 0.880707 0.086184
vt 0.842612 0.795725
vt 0.849675 0.279059
vt 0.880942 0.353726
vt 0.064664 0.981994
vt 0.846260 0.889324
vt 0.849675 0.236878
vt 0.846260 0.847142
vt 0.859052 0.236878
vt 0.842612 0.753543
vt 0.859052 0.251168
vt 0.842612 0.767834
vt 0.849675 0.251168
vt 0.846260 0.861432
vt 0.860769 0.162817
vt 0.817207 0.872258
vt 0.870147 0.162817
vt 0.066871 0.936126
vt 0.877360 0.022435
vt 0.870147 0.190990
vt 0.879945 0.357166
vt 0.092811 0.936126
vt 0.069122 0.981964
vt 0.860769 0.190990
vt 0.870567 0.357166
vt 0.817207 0.844085
vt 0.871565 0.299578
vt 0.870147 0.106361
vt 0.880707 0.140331
vt 0.014889 0.936126
vt 0.014808 0.981994
vt 0.880942 0.299578
vt 0.860769 0.106361
vt 0.817207 0.928715
vt 0.860769 0.134252
vt 0.817207 0.900823
vt 0.870147 0.134252
vt 0.040570 0.936126
vt 0.870147 0.148543
vt 0.053728 0.936126
vt 0.860769 0.148543
vt 0.817207 0.886533
vt 0.880942 0.308062
vt 0.022619 0.981993
vt 0.871565 0.308062
vt 0.880707 0.131847
vt 0.871565 0.305646
vt 0.880707 0.134264
vt 0.020394 0.981993
vt 0.880942 0.305646
vt 0.445486 0.244718
vt 0.445487 0.462589
vt 0.445487 0.459166
vt 0.445488 0.052382
vt 0.445488 0.055804
vt 0.445487 0.432935
vt 0.445487 0.446727
vt 0.445487 0.431137
vt 0.445487 0.449729
vt 0.450894 0.244718
vt 0.450895 0.462589
vt 0.511974 0.892376
vt 0.450895 0.459166
vt 0.450897 0.052382
vt 0.450897 0.055804
vt 0.450895 0.432935
vt 0.450895 0.446727
vt 0.450895 0.431137
vt 0.450895 0.449729
vt 0.620497 0.244717
vt 0.620497 0.462588
vt 0.620497 0.459165
vt 0.620497 0.052384
vt 0.620497 0.055807
vt 0.620497 0.432934
vt 0.620497 0.446726
vt 0.620497 0.431136
vt 0.620497 0.449728
vt 0.266132 0.103866
vt 0.817298 0.506378
vt 0.631946 0.018168
vt 0.641842 0.706277
vt 0.215683 0.701454
vt 0.302966 0.103866
vt 0.511974 0.883507
vt 0.631945 0.244717
vt 0.631946 0.462588
vt 0.631946 0.459165
vt 0.631946 0.052385
vt 0.631946 0.055807
vt 0.631946 0.432934
vt 0.631946 0.446726
vt 0.631946 0.431136
vt 0.631946 0.449728
vt 0.817298 0.515247
vt 0.657791 0.018168
vt 0.189838 0.701454
vt 0.667687 0.706277
vt 0.511974 0.937704
vt 0.846016 0.582730
vt 0.657791 0.244717
vt 0.657791 0.462588
vt 0.657791 0.459165
vt 0.657791 0.052385
vt 0.657791 0.055808
vt 0.657791 0.432934
vt 0.657791 0.446726
vt 0.657791 0.431136
vt 0.657791 0.449728
vt 0.708086 0.622733
vt 0.679368 0.560574
vt 0.583416 0.496805
vt 0.009291 0.016444
vt 0.655103 0.560575
vt 0.683821 0.622733
vt 0.607681 0.496805
vt 0.009291 0.016444
vt 0.831706 0.462588
vt 0.047428 0.608637
vt 0.058632 0.106578
vt 0.831706 0.459165
vt 0.050579 0.608637
vt 0.058632 0.110001
vt 0.058632 0.516782
vt 0.425122 0.608637
vt 0.831706 0.052385
vt 0.058632 0.513360
vt 0.421971 0.608637
vt 0.831706 0.055808
vt 0.831706 0.432934
vt 0.831706 0.446726
vt 0.062032 0.608637
vt 0.058632 0.122440
vt 0.831706 0.431136
vt 0.076387 0.608637
vt 0.058632 0.138030
vt 0.831706 0.449728
vt 0.059269 0.608637
vt 0.058632 0.119439
vt 0.583416 0.462588
vt 0.641842 0.652081
vt 0.262964 0.306374
vt 0.607681 0.462588
vt 0.226131 0.306374
vt 0.427910 0.251311
vt 0.419743 0.251311
vt 0.416576 0.226546
vt 0.641842 0.660950
vt 0.208015 0.698013
vt 0.431720 0.579289
vt 0.641842 0.700143
vt 0.641842 0.680547
vt 0.237537 0.306374
vt 0.641842 0.673024
vt 0.208928 0.653121
vt 0.414697 0.226546
vt 0.208893 0.692297
vt 0.208015 0.695973
vt 0.208911 0.672709
vt 0.208918 0.665190
vt 0.231386 0.306374
vt 0.262964 0.334444
vt 0.667687 0.652081
vt 0.427910 0.279381
vt 0.226131 0.334444
vt 0.419743 0.279381
vt 0.416576 0.254615
vt 0.667687 0.660950
vt 0.405875 0.579289
vt 0.233860 0.698013
vt 0.667687 0.700143
vt 0.237537 0.334444
vt 0.667687 0.673024
vt 0.234763 0.653149
vt 0.414697 0.254615
vt 0.233860 0.695973
vt 0.234727 0.692325
vt 0.234752 0.665217
vt 0.231386 0.334444
vt 0.667687 0.680547
vt 0.234745 0.672737
vt 0.817298 0.554440
vt 0.817298 0.534843
vt 0.511974 0.931569
vt 0.291559 0.103866
vt 0.817298 0.517351
vt 0.511974 0.911973
vt 0.511974 0.894480
vt 0.445487 0.496806
vt 0.846016 0.622733
vt 0.817298 0.560574
vt 0.480250 0.573155
vt 0.264213 0.741458
vt 0.593312 0.700143
vt 0.159485 0.698013
vt 0.480250 0.579289
vt 0.593312 0.660950
vt 0.416576 0.173839
vt 0.419743 0.198604
vt 0.226131 0.253667
vt 0.427910 0.198604
vt 0.593312 0.652081
vt 0.262964 0.253667
vt 0.593312 0.680547
vt 0.237537 0.253667
vt 0.593312 0.673024
vt 0.160401 0.672665
vt 0.159485 0.695973
vt 0.160385 0.692243
vt 0.160417 0.653071
vt 0.414697 0.173839
vt 0.160406 0.665140
vt 0.231386 0.253667
vt 0.593312 0.706277
vt 0.264213 0.701454
vt 0.583417 0.018167
vt 0.583416 0.432934
vt 0.583416 0.431136
vt 0.583416 0.055807
vt 0.583416 0.052384
vt 0.583416 0.449728
vt 0.583416 0.459166
vt 0.583416 0.446726
vt 0.583415 0.244717
vt 0.607681 0.431136
vt 0.607681 0.052384
vt 0.607681 0.459165
vt 0.607681 0.446726
vt 0.607681 0.432934
vt 0.607681 0.055807
vt 0.607681 0.449728
vt 0.607680 0.244717
vt 0.455985 0.573155
vt 0.239948 0.741458
vt 0.237537 0.280020
vt 0.617577 0.673024
vt 0.184663 0.665165
vt 0.231386 0.280020
vt 0.617577 0.700143
vt 0.183750 0.698013
vt 0.455985 0.579289
vt 0.617577 0.660950
vt 0.416576 0.200192
vt 0.419743 0.224957
vt 0.226131 0.280020
vt 0.427910 0.224957
vt 0.617577 0.652081
vt 0.262964 0.280020
vt 0.617577 0.680547
vt 0.184657 0.672684
vt 0.183750 0.695973
vt 0.184639 0.692271
vt 0.184673 0.653095
vt 0.414697 0.200192
vt 0.617577 0.706277
vt 0.239948 0.701454
vt 0.607681 0.018167
vt 0.751433 0.866743
vt 0.305360 0.802510
vt 0.820443 0.966887
vt 0.877524 0.861351
vt 0.036601 0.889325
vt 0.106293 0.318431
vt 0.169474 0.318431
vt 0.486315 0.568540
vt 0.642428 0.626174
vt 0.839366 0.230017
vt 0.846507 0.213969
vt 0.751433 0.839750
vt 0.642428 0.632503
vt 0.445923 0.602249
vt 0.137884 0.318431
vt 0.645481 0.836301
vt 0.842565 0.213969
vt 0.645485 0.805506
vt 0.125686 0.318431
vt 0.645483 0.816997
vt 0.645487 0.783240
vt 0.148553 0.318431
vt 0.087227 0.318431
vt 0.751433 0.847359
vt 0.452930 0.602249
vt 0.893400 0.783882
vt 0.877524 0.841967
vt 0.093378 0.318431
vt 0.098633 0.318431
vt 0.193507 0.744898
vt 0.061800 0.318431
vt 0.101801 0.318431
vt 0.834874 0.230017
vt 0.193507 0.771891
vt 0.645488 0.774711
vt 0.486328 0.564259
vt 0.193507 0.764282
vt 0.645486 0.796504
vt 0.305380 0.842514
vt 0.440077 0.264238
vt 0.175302 0.318431
vt 0.178470 0.325767
vt 0.218471 0.288724
vt 0.015922 0.297593
vt 0.215303 0.325767
vt 0.431077 0.271571
vt 0.223304 0.648640
vt 0.020414 0.304930
vt 0.374092 0.288725
vt 0.222963 0.288724
vt 0.010875 0.277705
vt 0.436905 0.271571
vt 0.052804 0.304930
vt 0.189876 0.325767
vt 0.411529 0.277705
vt 0.375971 0.288725
vt 0.379139 0.277705
vt 0.012754 0.277705
vt 0.183725 0.325767
vt 0.431077 0.459163
vt 0.050579 0.648640
vt 0.431077 0.449726
vt 0.059269 0.648640
vt 0.431077 0.446724
vt 0.062032 0.648640
vt 0.178470 0.500920
vt 0.218471 0.113571
vt 0.178470 0.503922
vt 0.218471 0.110569
vt 0.178470 0.513359
vt 0.218471 0.101132
vt 0.015922 0.122440
vt 0.215303 0.500920
vt 0.015922 0.119439
vt 0.215303 0.503922
vt 0.015922 0.110001
vt 0.215303 0.513359
vt 0.374092 0.101132
vt 0.222963 0.101132
vt 0.374092 0.110570
vt 0.222963 0.110569
vt 0.374092 0.113572
vt 0.222963 0.113571
vt 0.020414 0.110001
vt 0.020414 0.119439
vt 0.020414 0.122440
vt 0.010876 0.465297
vt 0.436905 0.459163
vt 0.010876 0.455860
vt 0.436905 0.449726
vt 0.010876 0.452858
vt 0.436905 0.446724
vt 0.052804 0.110001
vt 0.052804 0.119439
vt 0.052804 0.122440
vt 0.189876 0.500920
vt 0.189876 0.503922
vt 0.189876 0.513359
vt 0.411529 0.465297
vt 0.375971 0.101132
vt 0.411529 0.455860
vt 0.375971 0.110570
vt 0.411529 0.452858
vt 0.375971 0.113572
vt 0.012755 0.465297
vt 0.379139 0.465297
vt 0.379139 0.455860
vt 0.012755 0.455860
vt 0.379139 0.452858
vt 0.012755 0.452858
vt 0.183725 0.500920
vt 0.183725 0.503922
vt 0.183725 0.513359
vt 0.178470 0.516782
vt 0.218471 0.097709
vt 0.015922 0.106578
vt 0.215303 0.516782
vt 0.189876 0.516782
vt 0.183725 0.516782
vt 0.431077 0.462586
vt 0.047428 0.648640
vt 0.374092 0.097710
vt 0.222963 0.097709
vt 0.020414 0.106578
vt 0.010876 0.468720
vt 0.436905 0.462586
vt 0.052804 0.106578
vt 0.411529 0.468720
vt 0.375971 0.097710
vt 0.012755 0.468720
vt 0.379139 0.468720
vt 0.445486 0.264237
vt 0.450894 0.264237
vt 0.620497 0.264237
vt 0.631945 0.264237
vt 0.657791 0.264237
vt 0.583415 0.264237
vt 0.607680 0.264237
vt 0.831706 0.264237
vt 0.230060 0.608637
vt 0.058632 0.304930
vt 0.593438 0.740498
vt 0.611410 0.740501
vt 0.593440 0.728911
vt 0.611412 0.728913
vt 0.593434 0.771251
vt 0.198766 0.799058
vt 0.611406 0.771254
vt 0.180793 0.799058
vt 0.598595 0.890748
vt 0.413894 0.721012
vt 0.886625 0.861351
vt 0.036601 0.899210
vt 0.836698 0.966887
vt 0.413993 0.701493
vt 0.839865 0.986468
vt 0.087871 0.830751
vt 0.836698 0.986406
vt 0.564564 0.866381
vt 0.180793 0.778494
vt 0.198766 0.778494
vt 0.611409 0.753748
vt 0.593437 0.753746
vt 0.611415 0.709745
vt 0.839865 0.965903
vt 0.902566 0.764363
vt 0.565552 0.846129
vt 0.593442 0.709741
vt 0.598595 0.870184
vt 0.902566 0.783882
vt 0.886625 0.840786
vt 0.593439 0.730811
vt 0.611412 0.731475
vt 0.350746 0.250911
vt 0.350681 0.270431
vt 0.598595 0.894197
vt 0.312792 0.250761
vt 0.410718 0.720993
vt 0.312727 0.270287
vt 0.564394 0.869868
vt 0.410718 0.701466
vt 0.476495 0.961555
vt 0.872626 0.599450
vt 0.327813 0.270390
vt 0.476490 0.977941
vt 0.862569 0.895434
vt 0.327879 0.250821
vt 0.364576 0.270485
vt 0.180793 0.775332
vt 0.364641 0.250966
vt 0.198766 0.775332
vt 0.338483 0.270383
vt 0.338548 0.250863
vt 0.826987 0.970829
vt 0.247022 0.984582
vt 0.029446 0.891705
vt 0.826987 0.982464
vt 0.247022 0.972948
vt 0.080716 0.838256
vt 0.242303 0.984582
vt 0.029446 0.896830
vt 0.830154 0.970829
vt 0.242303 0.972948
vt 0.080716 0.833131
vt 0.830154 0.982464
vt 0.630107 0.740504
vt 0.630108 0.728916
vt 0.630102 0.771258
vt 0.162097 0.799058
vt 0.546224 0.865381
vt 0.630108 0.731809
vt 0.350613 0.290736
vt 0.546071 0.868741
vt 0.312659 0.290587
vt 0.886772 0.741933
vt 0.879943 0.580771
vt 0.162097 0.778494
vt 0.630105 0.753751
vt 0.630111 0.709749
vt 0.547165 0.845071
vt 0.327746 0.290646
vt 0.871685 0.741933
vt 0.855310 0.876775
vt 0.364508 0.290791
vt 0.162097 0.775332
vt 0.338415 0.290688
vt 0.448316 0.961554
vt 0.302890 0.952991
vt 0.866258 0.569637
vt 0.904459 0.258900
vt 0.886772 0.789213
vt 0.879943 0.533490
vt 0.909449 0.123566
vt 0.052668 0.815182
vt 0.889372 0.258900
vt 0.855310 0.829494
vt 0.871685 0.789213
vt 0.448311 0.977939
vt 0.868936 0.865621
vt 0.010875 0.908894
vt 0.311976 0.846089
vt 0.897787 0.123566
vt 0.052683 0.802516
vt 0.347907 0.846318
vt 0.346313 0.822430
vt 0.106293 0.234024
vt 0.106293 0.278708
vt 0.163640 0.234941
vt 0.630556 0.946505
vt 0.904459 0.278729
vt 0.909449 0.103737
vt 0.620327 0.946551
vt 0.416633 0.961555
vt 0.302890 0.987401
vt 0.597624 0.897751
vt 0.163640 0.246049
vt 0.564033 0.568822
vt 0.720145 0.626174
vt 0.679002 0.626174
vt 0.522890 0.568673
vt 0.839366 0.145610
vt 0.846507 0.298376
vt 0.846507 0.253692
vt 0.839366 0.190294
vt 0.720145 0.632503
vt 0.311132 0.893257
vt 0.352275 0.893257
vt 0.679002 0.632503
vt 0.137884 0.234024
vt 0.137884 0.260103
vt 0.230082 0.744898
vt 0.098633 0.278708
vt 0.098633 0.234024
vt 0.271225 0.744898
vt 0.101801 0.278708
vt 0.061800 0.278708
vt 0.061800 0.234024
vt 0.101801 0.234024
vt 0.230082 0.771891
vt 0.834874 0.190294
vt 0.834874 0.145610
vt 0.271225 0.771891
vt 0.522671 0.564385
vt 0.609146 0.774713
vt 0.568235 0.774725
vt 0.563582 0.564519
vt 0.568229 0.836268
vt 0.842547 0.297871
vt 0.842560 0.253439
vt 0.609139 0.836290
vt 0.568238 0.805497
vt 0.609146 0.805502
vt 0.125686 0.278708
vt 0.125686 0.234024
vt 0.609143 0.816989
vt 0.568234 0.816975
vt 0.609146 0.783032
vt 0.568235 0.783041
vt 0.620304 0.930166
vt 0.416628 0.977941
vt 0.876095 0.832101
vt 0.148553 0.246006
vt 0.630492 0.930120
vt 0.889372 0.278729
vt 0.872172 0.821889
vt 0.148553 0.234941
vt 0.087227 0.278708
vt 0.087227 0.234024
vt 0.352275 0.885648
vt 0.311132 0.885648
vt 0.271225 0.764282
vt 0.230082 0.764282
vt 0.093378 0.278708
vt 0.093378 0.234024
vt 0.609146 0.797849
vt 0.568238 0.797847
vt 0.288766 0.608637
vt 0.831706 0.200477
vt 0.058632 0.368690
vt 0.178470 0.251003
vt 0.218471 0.363488
vt 0.015922 0.372358
vt 0.215303 0.251003
vt 0.431077 0.196806
vt 0.292144 0.648640
vt 0.020414 0.372358
vt 0.222963 0.363488
vt 0.374092 0.363490
vt 0.010875 0.202941
vt 0.436905 0.196806
vt 0.052804 0.372358
vt 0.189876 0.251003
vt 0.411529 0.202941
vt 0.375971 0.363490
vt 0.379139 0.202941
vt 0.012754 0.202941
vt 0.183725 0.251003
vt 0.178470 0.234024
vt 0.218471 0.380467
vt 0.015922 0.389337
vt 0.215303 0.234024
vt 0.058632 0.387503
vt 0.306088 0.608637
vt 0.831706 0.181664
vt 0.431077 0.179827
vt 0.307777 0.648640
vt 0.020414 0.389337
vt 0.374092 0.380469
vt 0.222963 0.380467
vt 0.010875 0.185962
vt 0.436905 0.179827
vt 0.052804 0.389337
vt 0.189876 0.234024
vt 0.375971 0.380469
vt 0.411529 0.185962
vt 0.379139 0.185962
vt 0.012754 0.185962
vt 0.183725 0.234024
vt 0.445485 0.200478
vt 0.450893 0.200478
vt 0.620497 0.200477
vt 0.631945 0.200477
vt 0.657791 0.200477
vt 0.620304 0.959217
vt 0.175302 0.246127
vt 0.440073 0.191934
vt 0.609286 0.897651
vt 0.371954 0.842643
vt 0.583415 0.200477
vt 0.607680 0.200477
vt 0.178470 0.109084
vt 0.218471 0.505408
vt 0.015922 0.514277
vt 0.215303 0.109084
vt 0.657791 0.180894
vt 0.431078 0.054888
vt 0.422815 0.648640
vt 0.020414 0.514277
vt 0.374092 0.505410
vt 0.222963 0.505407
vt 0.010876 0.061022
vt 0.436905 0.054888
vt 0.052804 0.514277
vt 0.189876 0.109084
vt 0.375971 0.505410
vt 0.411529 0.061022
vt 0.379139 0.061022
vt 0.012755 0.061022
vt 0.183725 0.109084
vt 0.631945 0.180780
vt 0.620497 0.180729
vt 0.607680 0.180672
vt 0.583415 0.180565
vt 0.450893 0.179979
vt 0.445484 0.179955
vt 0.175302 0.234941
vt 0.010875 0.928723
vt 0.630605 0.959171
vt 0.440075 0.180746
vt 0.897787 0.103737
vt 0.287927 0.975686
vt 0.042383 0.815167
vt 0.876113 0.543857
vt 0.597624 0.917784
vt 0.042383 0.802501
vt 0.322276 0.846204
vt 0.609286 0.917765
vt 0.371944 0.822529
vt 0.886772 0.777563
vt 0.879943 0.545140
vt 0.871685 0.777563
vt 0.855310 0.841144
vt 0.859000 0.839506
vt 0.106293 0.254452
vt 0.701336 0.626174
vt 0.545223 0.568754
vt 0.839366 0.166039
vt 0.846507 0.277947
vt 0.329942 0.893257
vt 0.701336 0.632503
vt 0.137884 0.247063
vt 0.252415 0.744898
vt 0.098633 0.254452
vt 0.101801 0.254452
vt 0.061800 0.254452
vt 0.252415 0.771891
vt 0.834874 0.166039
vt 0.544888 0.564458
vt 0.586928 0.774719
vt 0.586922 0.836279
vt 0.842554 0.277569
vt 0.586930 0.805499
vt 0.125686 0.254452
vt 0.586926 0.816982
vt 0.586928 0.783036
vt 0.087227 0.254452
vt 0.329942 0.885648
vt 0.252415 0.764282
vt 0.093378 0.254452
vt 0.586930 0.797848
vt 0.431077 0.217092
vt 0.273466 0.648640
vt 0.020414 0.352072
vt 0.222963 0.343203
vt 0.374092 0.343204
vt 0.436905 0.217092
vt 0.010875 0.223226
vt 0.052804 0.352072
vt 0.189876 0.271289
vt 0.411529 0.223227
vt 0.375971 0.343204
vt 0.012754 0.223226
vt 0.379139 0.223227
vt 0.183725 0.271289
vt 0.218471 0.343203
vt 0.178470 0.271289
vt 0.215303 0.271289
vt 0.015922 0.352072
vt 0.445485 0.222598
vt 0.450894 0.222598
vt 0.620497 0.222597
vt 0.631945 0.222597
vt 0.657791 0.222597
vt 0.583415 0.222597
vt 0.607680 0.222597
vt 0.831706 0.217539
vt 0.273057 0.608637
vt 0.058632 0.351628
vt 0.440076 0.221966
vt 0.344302 0.842563
vt 0.175302 0.276159
vt 0.944818 0.911840
vt 0.984236 0.911764
vt 0.995453 0.945523
vt 0.944818 0.987007
vt 0.984236 0.986930
vt 0.989861 0.911764
vt 0.911093 0.911764
vt 0.978611 0.986930
vt 0.995453 0.979249
vt 0.911093 0.986930
vt 0.978611 0.911764
vt 0.989861 0.945489
vt 0.944852 0.987007
vt 0.984202 0.986930
vt 0.989861 0.979249
vt 0.978577 0.986930
vt 0.989828 0.911764
vt 0.989861 0.945523
vt 0.978577 0.911764
vt 0.989828 0.986930
vt 0.995453 0.911764
vt 0.944852 0.911840
vt 0.984202 0.911764
vt 0.995453 0.945489
vt 0.944818 0.911840
vt 0.984236 0.911764
vt 0.995453 0.945523
vt 0.944818 0.987007
vt 0.984236 0.986930
vt 0.989861 0.911764
vt 0.911093 0.911764
vt 0.978611 0.986930
vt 0.995453 0.979249
vt 0.911093 0.986930
vt 0.978611 0.911764
vt 0.989861 0.945489
vt 0.944852 0.987007
vt 0.984202 0.986930
vt 0.989861 0.979249
vt 0.978577 0.986930
vt 0.989828 0.911764
vt 0.989861 0.945523
vt 0.978577 0.911764
vt 0.989828 0.986930
vt 0.995453 0.911764
vt 0.944852 0.911840
vt 0.984202 0.911764
vt 0.995453 0.945489
vt 0.944818 0.911840
vt 0.984236 0.911764
vt 0.995453 0.945523
vt 0.944818 0.987007
vt 0.984236 0.986930
vt 0.989861 0.911764
vt 0.911093 0.911764
vt 0.978611 0.986930
vt 0.995453 0.979249
vt 0.911093 0.986930
vt 0.978611 0.911764
vt 0.989861 0.945489
vt 0.944852 0.987007
vt 0.984202 0.986930
vt 0.989861 0.979249
vt 0.978577 0.986930
vt 0.989828 0.911764
vt 0.989861 0.945523
vt 0.978577 0.911764
vt 0.989828 0.986930
vt 0.995453 0.911764
vt 0.944852 0.911840
vt 0.984202 0.911764
vt 0.995453 0.945489
vt 0.944818 0.911840
vt 0.984236 0.911764
vt 0.995453 0.945523
vt 0.944818 0.987007
vt 0.984236 0.986930
vt 0.989861 0.911764
vt 0.911093 0.911764
vt 0.978611 0.986930
vt 0.995453 0.979249
vt 0.911093 0.986930
vt 0.978611 0.911764
vt 0.989861 0.945489
vt 0.944852 0.987007
vt 0.984202 0.986930
vt 0.989861 0.979249
vt 0.978577 0.986930
vt 0.989828 0.911764
vt 0.989861 0.945523
vt 0.978577 0.911764
vt 0.989828 0.986930
vt 0.995453 0.911764
vt 0.944852 0.911840
vt 0.984202 0.911764
vt 0.995453 0.945489
vt 0.944818 0.911840
vt 0.984236 0.911764
vt 0.995453 0.945523
vt 0.944818 0.987007
vt 0.984236 0.986930
vt 0.989861 0.911764
vt 0.911093 0.911764
vt 0.978611 0.986930
vt 0.995453 0.979249
vt 0.911093 0.986930
vt 0.978611 0.911764
vt 0.989861 0.945489
vt 0.944852 0.987007
vt 0.984202 0.986930
vt 0.989861 0.979249
vt 0.978577 0.986930
vt 0.989828 0.911764
vt 0.989861 0.945523
vt 0.978577 0.911764
vt 0.989828 0.986930
vt 0.995453 0.911764
vt 0.944852 0.911840
vt 0.984202 0.911764
vt 0.995453 0.945489
vt 0.944818 0.911840
vt 0.984236 0.911764
vt 0.995453 0.945523
vt 0.944818 0.987007
vt 0.984236 0.986930
vt 0.989861 0.911764
vt 0.911093 0.911764
vt 0.978611 0.986930
vt 0.995453 0.979249
vt 0.911093 0.986930
vt 0.978611 0.911764
vt 0.989861 0.945489
vt 0.944852 0.987007
vt 0.984202 0.986930
vt 0.989861 0.979249
vt 0.978577 0.986930
vt 0.989828 0.911764
vt 0.989861 0.945523
vt 0.978577 0.911764
vt 0.989828 0.986930
vt 0.995453 0.911764
vt 0.944852 0.911840
vt 0.984202 0.911764
vt 0.995453 0.945489
vt 0.944818 0.911840
vt 0.984236 0.911764
vt 0.995453 0.945523
vt 0.944818 0.987007
vt 0.984236 0.986930
vt 0.989861 0.911764
vt 0.911093 0.911764
vt 0.978611 0.986930
vt 0.995453 0.979249
vt 0.911093 0.986930
vt 0.978611 0.911764
vt 0.989861 0.945489
vt 0.944852 0.987007
vt 0.984202 0.986930
vt 0.989861 0.979249
vt 0.978577 0.986930
vt 0.989828 0.911764
vt 0.989861 0.945523
vt 0.978577 0.911764
vt 0.989828 0.986930
vt 0.995453 0.911764
vt 0.944852 0.911840
vt 0.984202 0.911764
vt 0.995453 0.945489
vt 0.944818 0.911840
vt 0.984236 0.911764
vt 0.995453 0.945523
vt 0.944818 0.987007
vt 0.984236 0.986930
vt 0.989861 0.911764
vt 0.911093 0.911764
vt 0.978611 0.986930
vt 0.995453 0.979249
vt 0.911093 0.986930
vt 0.978611 0.911764
vt 0.989861 0.945489
vt 0.944852 0.987007
vt 0.984202 0.986930
vt 0.989861 0.979249
vt 0.978577 0.986930
vt 0.989828 0.911764
vt 0.989861 0.945523
vt 0.978577 0.911764
vt 0.989828 0.986930
vt 0.995453 0.911764
vt 0.944852 0.911840
vt 0.984202 0.911764
vt 0.995453 0.945489
vt 0.944818 0.911840
vt 0.984236 0.911764
vt 0.995453 0.945523
vt 0.944818 0.987007
vt 0.984236 0.986930
vt 0.989861 0.911764
vt 0.911093 0.911764
vt 0.978611 0.986930
vt 0.995453 0.979249
vt 0.911093 0.986930
vt 0.978611 0.911764
vt 0.989861 0.945489
vt 0.944852 0.987007
vt 0.984202 0.986930
vt 0.989861 0.979249
vt 0.978577 0.986930
vt 0.989828 0.911764
vt 0.989861 0.945523
vt 0.978577 0.911764
vt 0.989828 0.986930
vt 0.995453 0.911764
vt 0.944852 0.911840
vt 0.984202 0.911764
vt 0.995453 0.945489
vt 0.944818 0.911840
vt 0.984236 0.911764
vt 0.995453 0.945523
vt 0.944818 0.987007
vt 0.984236 0.986930
vt 0.989861 0.911764
vt 0.911093 0.911764
vt 0.978611 0.986930
vt 0.995453 0.979249
vt 0.911093 0.986930
vt 0.978611 0.911764
vt 0.989861 0.945489
vt 0.944852 0.987007
vt 0.984202 0.986930
vt 0.989861 0.979249
vt 0.978577 0.986930
vt 0.989828 0.911764
vt 0.989861 0.945523
vt 0.978577 0.911764
vt 0.989828 0.986930
vt 0.995453 0.911764
vt 0.944852 0.911840
vt 0.984202 0.911764
vt 0.995453 0.945489
vt 0.944818 0.911840
vt 0.984236 0.911764
vt 0.995453 0.945523
vt 0.944818 0.987007
vt 0.984236 0.986930
vt 0.989861 0.911764
vt 0.911093 0.911764
vt 0.978611 0.986930
vt 0.995453 0.979249
vt 0.911093 0.986930
vt 0.978611 0.911764
vt 0.989861 0.945489
vt 0.944852 0.987007
vt 0.984202 0.986930
vt 0.989861 0.979249
vt 0.978577 0.986930
vt 0.989828 0.911764
vt 0.989861 0.945523
vt 0.978577 0.911764
vt 0.989828 0.986930
vt 0.995453 0.911764
vt 0.944852 0.911840
vt 0.984202 0.911764
vt 0.995453 0.945489
vt 0.944818 0.911840
vt 0.984236 0.911764
vt 0.995453 0.945523
vt 0.944818 0.987007
vt 0.984236 0.986930
vt 0.989861 0.911764
vt 0.911093 0.911764
vt 0.978611 0.986930
vt 0.995453 0.979249
vt 0.911093 0.986930
vt 0.978611 0.911764
vt 0.989861 0.945489
vt 0.944852 0.987007
vt 0.984202 0.986930
vt 0.989861 0.979249
vt 0.978577 0.986930
vt 0.989828 0.911764
vt 0.989861 0.945523
vt 0.978577 0.911764
vt 0.989828 0.986930
vt 0.995453 0.911764
vt 0.944852 0.911840
vt 0.984202 0.911764
vt 0.995453 0.945489
vt 0.944818 0.911840
vt 0.984236 0.911764
vt 0.995453 0.945523
vt 0.944818 0.987007
vt 0.984236 0.986930
vt 0.989861 0.911764
vt 0.911093 0.911764
vt 0.978611 0.986930
vt 0.995453 0.979249
vt 0.911093 0.986930
vt 0.978611 0.911764
vt 0.989861 0.945489
vt 0.944852 0.987007
vt 0.984202 0.986930
vt 0.989861 0.979249
vt 0.978577 0.986930
vt 0.989828 0.911764
vt 0.989861 0.945523
vt 0.978577 0.911764
vt 0.989828 0.986930
vt 0.995453 0.911764
vt 0.944852 0.911840
vt 0.984202 0.911764
vt 0.995453 0.945489
vt 0.944818 0.911840
vt 0.984236 0.911764
vt 0.995453 0.945523
vt 0.944818 0.987007
vt 0.984236 0.986930
vt 0.989861 0.911764
vt 0.911093 0.911764
vt 0.978611 0.986930
vt 0.995453 0.979249
vt 0.911093 0.986930
vt 0.978611 0.911764
vt 0.989861 0.945489
vt 0.944852 0.987007
vt 0.984202 0.986930
vt 0.989861 0.979249
vt 0.978577 0.986930
vt 0.989828 0.911764
vt 0.989861 0.945523
vt 0.978577 0.911764
vt 0.989828 0.986930
vt 0.995453 0.911764
vt 0.944852 0.911840
vt 0.984202 0.911764
vt 0.995453 0.945489
vt 0.944818 0.911840
vt 0.984236 0.911764
vt 0.995453 0.945523
vt 0.944818 0.987007
vt 0.984236 0.986930
vt 0.989861 0.911764
vt 0.911093 0.911764
vt 0.978611 0.986930
vt 0.995453 0.979249
vt 0.911093 0.986930
vt 0.978611 0.911764
vt 0.989861 0.945489
vt 0.944852 0.987007
vt 0.984202 0.986930
vt 0.989861 0.979249
vt 0.978577 0.986930
vt 0.989828 0.911764
vt 0.989861 0.945523
vt 0.978577 0.911764
vt 0.989828 0.986930
vt 0.995453 0.911764
vt 0.944852 0.911840
vt 0.984202 0.911764
vt 0.995453 0.945489
vt 0.944818 0.911840
vt 0.984236 0.911764
vt 0.995453 0.945523
vt 0.944818 0.987007
vt 0.984236 0.986930
vt 0.989861 0.911764
vt 0.911093 0.911764
vt 0.978611 0.986930
vt 0.995453 0.979249
vt 0.911093 0.986930
vt 0.978611 0.911764
vt 0.989861 0.945489
vt 0.944852 0.987007
vt 0.984202 0.986930
vt 0.989861 0.979249
vt 0.978577 0.986930
vt 0.989828 0.911764
vt 0.989861 0.945523
vt 0.978577 0.911764
vt 0.989828 0.986930
vt 0.995453 0.911764
vt 0.944852 0.911840
vt 0.984202 0.911764
vt 0.995453 0.945489
vt 0.944818 0.911840
vt 0.984236 0.911764
vt 0.995453 0.945523
vt 0.944818 0.987007
vt 0.984236 0.986930
vt 0.989861 0.911764
vt 0.911093 0.911764
vt 0.978611 0.986930
vt 0.995453 0.979249
vt 0.911093 0.986930
vt 0.978611 0.911764
vt 0.989861 0.945489
vt 0.944852 0.987007
vt 0.984202 0.986930
vt 0.989861 0.979249
vt 0.978577 0.986930
vt 0.989828 0.911764
vt 0.989861 0.945523
vt 0.978577 0.911764
vt 0.989828 0.986930
vt 0.995453 0.911764
vt 0.944852 0.911840
vt 0.984202 0.911764
vt 0.995453 0.945489
vt 0.944818 0.911840
vt 0.984236 0.911764
vt 0.995453 0.945523
vt 0.944818 0.987007
vt 0.984236 0.986930
vt 0.989861 0.911764
vt 0.911093 0.911764
vt 0.978611 0.986930
vt 0.995453 0.979249
vt 0.911093 0.986930
vt 0.978611 0.911764
vt 0.989861 0.945489
vt 0.944852 0.987007
vt 0.984202 0.986930
vt 0.989861 0.979249
vt 0.978577 0.986930
vt 0.989828 0.911764
vt 0.989861 0.945523
vt 0.978577 0.911764
vt 0.989828 0.986930
vt 0.995453 0.911764
vt 0.944852 0.911840
vt 0.984202 0.911764
vt 0.995453 0.945489
vt 0.944818 0.911840
vt 0.984236 0.911764
vt 0.995453 0.945523
vt 0.944818 0.987007
vt 0.984236 0.986930
vt 0.989861 0.911764
vt 0.911093 0.911764
vt 0.978611 0.986930
vt 0.995453 0.979249
vt 0.911093 0.986930
vt 0.978611 0.911764
vt 0.989861 0.945489
vt 0.944852 0.987007
vt 0.984202 0.986930
vt 0.989861 0.979249
vt 0.978577 0.986930
vt 0.989828 0.911764
vt 0.989861 0.945523
vt 0.978577 0.911764
vt 0.989828 0.986930
vt 0.995453 0.911764
vt 0.944852 0.911840
vt 0.984202 0.911764
vt 0.995453 0.945489
vt 0.944818 0.911840
vt 0.984236 0.911764
vt 0.995453 0.945523
vt 0.944818 0.987007
vt 0.984236 0.986930
vt 0.989861 0.911764
vt 0.911093 0.911764
vt 0.978611 0.986930
vt 0.995453 0.979249
vt 0.911093 0.986930
vt 0.978611 0.911764
vt 0.989861 0.945489
vt 0.944852 0.987007
vt 0.984202 0.986930
vt 0.989861 0.979249
vt 0.978577 0.986930
vt 0.989828 0.911764
vt 0.989861 0.945523
vt 0.978577 0.911764
vt 0.989828 0.986930
vt 0.995453 0.911764
vt 0.944852 0.911840
vt 0.984202 0.911764
vt 0.995453 0.945489
vt 0.944818 0.911840
vt 0.984236 0.911764
vt 0.995453 0.945523
vt 0.944818 0.987007
vt 0.984236 0.986930
vt 0.989861 0.911764
vt 0.911093 0.911764
vt 0.978611 0.986930
vt 0.995453 0.979249
vt 0.911093 0.986930
vt 0.978611 0.911764
vt 0.989861 0.945489
vt 0.944852 0.987007
vt 0.984202 0.986930
vt 0.989861 0.979249
vt 0.978577 0.986930
vt 0.989828 0.911764
vt 0.989861 0.945523
vt 0.978577 0.911764
vt 0.989828 0.986930
vt 0.995453 0.911764
vt 0.944852 0.911840
vt 0.984202 0.911764
vt 0.995453 0.945489
vt 0.944818 0.911840
vt 0.984236 0.911764
vt 0.995453 0.945523
vt 0.944818 0.987007
vt 0.984236 0.986930
vt 0.989861 0.911764
vt 0.911093 0.911764
vt 0.978611 0.986930
vt 0.995453 0.979249
vt 0.911093 0.986930
vt 0.978611 0.911764
vt 0.989861 0.945489
vt 0.944852 0.987007
vt 0.984202 0.986930
vt 0.989861 0.979249
vt 0.978577 0.986930
vt 0.989828 0.911764
vt 0.989861 0.945523
vt 0.978577 0.911764
vt 0.989828 0.986930
vt 0.995453 0.911764
vt 0.944852 0.911840
vt 0.984202 0.911764
vt 0.995453 0.945489
vt 0.944818 0.911840
vt 0.984236 0.911764
vt 0.995453 0.945523
vt 0.944818 0.987007
vt 0.984236 0.986930
vt 0.989861 0.911764
vt 0.911093 0.911764
vt 0.978611 0.986930
vt 0.995453 0.979249
vt 0.911093 0.986930
vt 0.978611 0.911764
vt 0.989861 0.945489
vt 0.944852 0.987007
vt 0.984202 0.986930
vt 0.989861 0.979249
vt 0.978577 0.986930
vt 0.989828 0.911764
vt 0.989861 0.945523
vt 0.978577 0.911764
vt 0.989828 0.986930
vt 0.995453 0.911764
vt 0.944852 0.911840
vt 0.984202 0.911764
vt 0.995453 0.945489
vt 0.944818 0.911840
vt 0.984236 0.911764
vt 0.995453 0.945523
vt 0.944818 0.987007
vt 0.984236 0.986930
vt 0.989861 0.911764
vt 0.911093 0.911764
vt 0.978611 0.986930
vt 0.995453 0.979249
vt 0.911093 0.986930
vt 0.978611 0.911764
vt 0.989861 0.945489
vt 0.944852 0.987007
vt 0.984202 0.986930
vt 0.989861 0.979249
vt 0.978577 0.986930
vt 0.989828 0.911764
vt 0.989861 0.945523
vt 0.978577 0.911764
vt 0.989828 0.986930
vt 0.995453 0.911764
vt 0.944852 0.911840
vt 0.984202 0.911764
vt 0.995453 0.945489
vt 0.944818 0.911840
vt 0.984236 0.911764
vt 0.995453 0.945523
vt 0.944818 0.987007
vt 0.984236 0.986930
vt 0.989861 0.911764
vt 0.911093 0.911764
vt 0.978611 0.986930
vt 0.995453 0.979249
vt 0.911093 0.986930
vt 0.978611 0.911764
vt 0.989861 0.945489
vt 0.944852 0.987007
vt 0.984202 0.986930
vt 0.989861 0.979249
vt 0.978577 0.986930
vt 0.989828 0.911764
vt 0.989861 0.945523
vt 0.978577 0.911764
vt 0.989828 0.986930
vt 0.995453 0.911764
vt 0.944852 0.911840
vt 0.984202 0.911764
vt 0.995453 0.945489
vt 0.944818 0.911840
vt 0.984236 0.911764
vt 0.995453 0.945523
vt 0.944818 0.987007
vt 0.984236 0.986930
vt 0.989861 0.911764
vt 0.911093 0.911764
vt 0.978611 0.986930
vt 0.995453 0.979249
vt 0.911093 0.986930
vt 0.978611 0.911764
vt 0.989861 0.945489
vt 0.944852 0.987007
vt 0.984202 0.986930
vt 0.989861 0.979249
vt 0.978577 0.986930
vt 0.989828 0.911764
vt 0.989861 0.945523
vt 0.978577 0.911764
vt 0.989828 0.986930
vt 0.995453 0.911764
vt 0.944852 0.911840
vt 0.984202 0.911764
vt 0.995453 0.945489
vt 0.944818 0.911840
vt 0.984236 0.911764
vt 0.995453 0.945523
vt 0.944818 0.987007
vt 0.984236 0.986930
vt 0.989861 0.911764
vt 0.911093 0.911764
vt 0.978611 0.986930
vt 0.995453 0.979249
vt 0.911093 0.986930
vt 0.978611 0.911764
vt 0.989861 0.945489
vt 0.944852 0.987007
vt 0.984202 0.986930
vt 0.989861 0.979249
vt 0.978577 0.986930
vt 0.989828 0.911764
vt 0.989861 0.945523
vt 0.978577 0.911764
vt 0.989828 0.986930
vt 0.995453 0.911764
vt 0.944852 0.911840
vt 0.984202 0.911764
vt 0.995453 0.945489
vt 0.944818 0.911840
vt 0.984236 0.911764
vt 0.995453 0.945523
vt 0.944818 0.987007
vt 0.984236 0.986930
vt 0.989861 0.911764
vt 0.911093 0.911764
vt 0.978611 0.986930
vt 0.995453 0.979249
vt 0.911093 0.986930
vt 0.978611 0.911764
vt 0.989861 0.945489
vt 0.944852 0.987007
vt 0.984202 0.986930
vt 0.989861 0.979249
vt 0.978577 0.986930
vt 0.989828 0.911764
vt 0.989861 0.945523
vt 0.978577 0.911764
vt 0.989828 0.986930
vt 0.995453 0.911764
vt 0.944852 0.911840
vt 0.984202 0.911764
vt 0.995453 0.945489
vt 0.944818 0.911840
vt 0.984236 0.911764
vt 0.995453 0.945523
vt 0.944818 0.987007
vt 0.984236 0.986930
vt 0.989861 0.911764
vt 0.911093 0.911764
vt 0.978611 0.986930
vt 0.995453 0.979249
vt 0.911093 0.986930
vt 0.978611 0.911764
vt 0.989861 0.945489
vt 0.944852 0.987007
vt 0.984202 0.986930
vt 0.989861 0.979249
vt 0.978577 0.986930
vt 0.989828 0.911764
vt 0.989861 0.945523
vt 0.978577 0.911764
vt 0.989828 0.986930
vt 0.995453 0.911764
vt 0.944852 0.911840
vt 0.984202 0.911764
vt 0.995453 0.945489
vt 0.944818 0.911840
vt 0.984236 0.911764
vt 0.995453 0.945523
vt 0.944818 0.987007
vt 0.984236 0.986930
vt 0.989861 0.911764
vt 0.911093 0.911764
vt 0.978611 0.986930
vt 0.995453 0.979249
vt 0.911093 0.986930
vt 0.978611 0.911764
vt 0.989861 0.945489
vt 0.944852 0.987007
vt 0.984202 0.986930
vt 0.989861 0.979249
vt 0.978577 0.986930
vt 0.989828 0.911764
vt 0.989861 0.945523
vt 0.978577 0.911764
vt 0.989828 0.986930
vt 0.995453 0.911764
vt 0.944852 0.911840
vt 0.984202 0.911764
vt 0.995453 0.945489
vt 0.944818 0.911840
vt 0.984236 0.911764
vt 0.995453 0.945523
vt 0.944818 0.987007
vt 0.984236 0.986930
vt 0.989861 0.911764
vt 0.911093 0.911764
vt 0.978611 0.986930
vt 0.995453 0.979249
vt 0.911093 0.986930
vt 0.978611 0.911764
vt 0.989861 0.945489
vt 0.944852 0.987007
vt 0.984202 0.986930
vt 0.989861 0.979249
vt 0.978577 0.986930
vt 0.989828 0.911764
vt 0.989861 0.945523
vt 0.978577 0.911764
vt 0.989828 0.986930
vt 0.995453 0.911764
vt 0.944852 0.911840
vt 0.984202 0.911764
vt 0.995453 0.945489
vt 0.944818 0.911840
vt 0.984236 0.911764
vt 0.995453 0.945523
vt 0.944818 0.987007
vt 0.984236 0.986930
vt 0.989861 0.911764
vt 0.911093 0.911764
vt 0.978611 0.986930
vt 0.995453 0.979249
vt 0.911093 0.986930
vt 0.978611 0.911764
vt 0.989861 0.945489
vt 0.944852 0.987007
vt 0.984202 0.986930
vt 0.989861 0.979249
vt 0.978577 0.986930
vt 0.989828 0.911764
vt 0.989861 0.945523
vt 0.978577 0.911764
vt 0.989828 0.986930
vt 0.995453 0.911764
vt 0.944852 0.911840
vt 0.984202 0.911764
vt 0.995453 0.945489
vt 0.944818 0.911840
vt 0.984236 0.911764
vt 0.995453 0.945523
vt 0.944818 0.987007
vt 0.984236 0.986930
vt 0.989861 0.911764
vt 0.911093 0.911764
vt 0.978611 0.986930
vt 0.995453 0.979249
vt 0.911093 0.986930
vt 0.978611 0.911764
vt 0.989861 0.945489
vt 0.944852 0.987007
vt 0.984202 0.986930
vt 0.989861 0.979249
vt 0.978577 0.986930
vt 0.989828 0.911764
vt 0.989861 0.945523
vt 0.978577 0.911764
vt 0.989828 0.986930
vt 0.995453 0.911764
vt 0.944852 0.911840
vt 0.984202 0.911764
vt 0.995453 0.945489
vt 0.944818 0.911840
vt 0.984236 0.911764
vt 0.995453 0.945523
vt 0.944818 0.987007
vt 0.984236 0.986930
vt 0.989861 0.911764
vt 0.911093 0.911764
vt 0.978611 0.986930
vt 0.995453 0.979249
vt 0.911093 0.986930
vt 0.978611 0.911764
vt 0.989861 0.945489
vt 0.944852 0.987007
vt 0.984202 0.986930
vt 0.989861 0.979249
vt 0.978577 0.986930
vt 0.989828 0.911764
vt 0.989861 0.945523
vt 0.978577 0.911764
vt 0.989828 0.986930
vt 0.995453 0.911764
vt 0.944852 0.911840
vt 0.984202 0.911764
vt 0.995453 0.945489
vt 0.944818 0.911840
vt 0.984236 0.911764
vt 0.995453 0.945523
vt 0.944818 0.987007
vt 0.984236 0.986930
vt 0.989861 0.911764
vt 0.911093 0.911764
vt 0.978611 0.986930
vt 0.995453 0.979249
vt 0.911093 0.986930
vt 0.978611 0.911764
vt 0.989861 0.945489
vt 0.944852 0.987007
vt 0.984202 0.986930
vt 0.989861 0.979249
vt 0.978577 0.986930
vt 0.989828 0.911764
vt 0.989861 0.945523
vt 0.978577 0.911764
vt 0.989828 0.986930
vt 0.995453 0.911764
vt 0.944852 0.911840
vt 0.984202 0.911764
vt 0.995453 0.945489
vt 0.944818 0.911840
vt 0.984236 0.911764
vt 0.995453 0.945523
vt 0.944818 0.987007
vt 0.984236 0.986930
vt 0.989861 0.911764
vt 0.911093 0.911764
vt 0.978611 0.986930
vt 0.995453 0.979249
vt 0.911093 0.986930
vt 0.978611 0.911764
vt 0.989861 0.945489
vt 0.944852 0.987007
vt 0.984202 0.986930
vt 0.989861 0.979249
vt 0.978577 0.986930
vt 0.989828 0.911764
vt 0.989861 0.945523
vt 0.978577 0.911764
vt 0.989828 0.986930
vt 0.995453 0.911764
vt 0.944852 0.911840
vt 0.984202 0.911764
vt 0.995453 0.945489
vt 0.944818 0.911840
vt 0.984236 0.911764
vt 0.995453 0.945523
vt 0.944818 0.987007
vt 0.984236 0.986930
vt 0.989861 0.911764
vt 0.911093 0.911764
vt 0.978611 0.986930
vt 0.995453 0.979249
vt 0.911093 0.986930
vt 0.978611 0.911764
vt 0.989861 0.945489
vt 0.944852 0.987007
vt 0.984202 0.986930
vt 0.989861 0.979249
vt 0.978577 0.986930
vt 0.989828 0.911764
vt 0.989861 0.945523
vt 0.978577 0.911764
vt 0.989828 0.986930
vt 0.995453 0.911764
vt 0.944852 0.911840
vt 0.984202 0.911764
vt 0.995453 0.945489
vt 0.944818 0.911840
vt 0.984236 0.911764
vt 0.995453 0.945523
vt 0.944818 0.987007
vt 0.984236 0.986930
vt 0.989861 0.911764
vt 0.911093 0.911764
vt 0.978611 0.986930
vt 0.995453 0.979249
vt 0.911093 0.986930
vt 0.978611 0.911764
vt 0.989861 0.945489
vt 0.944852 0.987007
vt 0.984202 0.986930
vt 0.989861 0.979249
vt 0.978577 0.986930
vt 0.989828 0.911764
vt 0.989861 0.945523
vt 0.978577 0.911764
vt 0.989828 0.986930
vt 0.995453 0.911764
vt 0.944852 0.911840
vt 0.984202 0.911764
vt 0.995453 0.945489
vt 0.944818 0.911840
vt 0.984236 0.911764
vt 0.995453 0.945523
vt 0.944818 0.987007
vt 0.984236 0.986930
vt 0.989861 0.911764
vt 0.911093 0.911764
vt 0.978611 0.986930
vt 0.995453 0.979249
vt 0.911093 0.986930
vt 0.978611 0.911764
vt 0.989861 0.945489
vt 0.944852 0.987007
vt 0.984202 0.986930
vt 0.989861 0.979249
vt 0.978577 0.986930
vt 0.989828 0.911764
vt 0.989861 0.945523
vt 0.978577 0.911764
vt 0.989828 0.986930
vt 0.995453 0.911764
vt 0.944852 0.911840
vt 0.984202 0.911764
vt 0.995453 0.945489
vt 0.944818 0.911840
vt 0.984236 0.911764
vt 0.995453 0.945523
vt 0.944818 0.987007
vt 0.984236 0.986930
vt 0.989861 0.911764
vt 0.911093 0.911764
vt 0.978611 0.986930
vt 0.995453 0.979249
vt 0.911093 0.986930
vt 0.978611 0.911764
vt 0.989861 0.945489
vt 0.944852 0.987007
vt 0.984202 0.986930
vt 0.989861 0.979249
vt 0.978577 0.986930
vt 0.989828 0.911764
vt 0.989861 0.945523
vt 0.978577 0.911764
vt 0.989828 0.986930
vt 0.995453 0.911764
vt 0.944852 0.911840
vt 0.984202 0.911764
vt 0.995453 0.945489
vt 0.944818 0.911840
vt 0.984236 0.911764
vt 0.995453 0.945523
vt 0.944818 0.987007
vt 0.984236 0.986930
vt 0.989861 0.911764
vt 0.911093 0.911764
vt 0.978611 0.986930
vt 0.995453 0.979249
vt 0.911093 0.986930
vt 0.978611 0.911764
vt 0.989861 0.945489
vt 0.944852 0.987007
vt 0.984202 0.986930
vt 0.989861 0.979249
vt 0.978577 0.986930
vt 0.989828 0.911764
vt 0.989861 0.945523
vt 0.978577 0.911764
vt 0.989828 0.986930
vt 0.995453 0.911764
vt 0.944852 0.911840
vt 0.984202 0.911764
vt 0.995453 0.945489
vt 0.944818 0.911840
vt 0.984236 0.911764
vt 0.995453 0.945523
vt 0.944818 0.987007
vt 0.984236 0.986930
vt 0.989861 0.911764
vt 0.911093 0.911764
vt 0.978611 0.986930
vt 0.995453 0.979249
vt 0.911093 0.986930
vt 0.978611 0.911764
vt 0.989861 0.945489
vt 0.944852 0.987007
vt 0.984202 0.986930
vt 0.989861 0.979249
vt 0.978577 0.986930
vt 0.989828 0.911764
vt 0.989861 0.945523
vt 0.978577 0.911764
vt 0.989828 0.986930
vt 0.995453 0.911764
vt 0.944852 0.911840
vt 0.984202 0.911764
vt 0.995453 0.945489
vt 0.944818 0.911840
vt 0.984236 0.911764
vt 0.995453 0.945523
vt 0.944818 0.987007
vt 0.984236 0.986930
vt 0.989861 0.911764
vt 0.911093 0.911764
vt 0.978611 0.986930
vt 0.995453 0.979249
vt 0.911093 0.986930
vt 0.978611 0.911764
vt 0.989861 0.945489
vt 0.944852 0.987007
vt 0.984202 0.986930
vt 0.989861 0.979249
vt 0.978577 0.986930
vt 0.989828 0.911764
vt 0.989861 0.945523
vt 0.978577 0.911764
vt 0.989828 0.986930
vt 0.995453 0.911764
vt 0.944852 0.911840
vt 0.984202 0.911764
vt 0.995453 0.945489
vt 0.944818 0.911840
vt 0.984236 0.911764
vt 0.995453 0.945523
vt 0.944818 0.987007
vt 0.984236 0.986930
vt 0.989861 0.911764
vt 0.911093 0.911764
vt 0.978611 0.986930
vt 0.995453 0.979249
vt 0.911093 0.986930
vt 0.978611 0.911764
vt 0.989861 0.945489
vt 0.944852 0.987007
vt 0.984202 0.986930
vt 0.989861 0.979249
vt 0.978577 0.986930
vt 0.989828 0.911764
vt 0.989861 0.945523
vt 0.978577 0.911764
vt 0.989828 0.986930
vt 0.995453 0.911764
vt 0.944852 0.911840
vt 0.984202 0.911764
vt 0.995453 0.945489
vt 0.944818 0.911840
vt 0.984236 0.911764
vt 0.995453 0.945523
vt 0.944818 0.987007
vt 0.984236 0.986930
vt 0.989861 0.911764
vt 0.911093 0.911764
vt 0.978611 0.986930
vt 0.995453 0.979249
vt 0.911093 0.986930
vt 0.978611 0.911764
vt 0.989861 0.945489
vt 0.944852 0.987007
vt 0.984202 0.986930
vt 0.989861 0.979249
vt 0.978577 0.986930
vt 0.989828 0.911764
vt 0.989861 0.945523
vt 0.978577 0.911764
vt 0.989828 0.986930
vt 0.995453 0.911764
vt 0.944852 0.911840
vt 0.984202 0.911764
vt 0.995453 0.945489
vt 0.944818 0.911840
vt 0.984236 0.911764
vt 0.995453 0.945523
vt 0.944818 0.987007
vt 0.984236 0.986930
vt 0.989861 0.911764
vt 0.911093 0.911764
vt 0.978611 0.986930
vt 0.995453 0.979249
vt 0.911093 0.986930
vt 0.978611 0.911764
vt 0.989861 0.945489
vt 0.944852 0.987007
vt 0.984202 0.986930
vt 0.989861 0.979249
vt 0.978577 0.986930
vt 0.989828 0.911764
vt 0.989861 0.945523
vt 0.978577 0.911764
vt 0.989828 0.986930
vt 0.995453 0.911764
vt 0.944852 0.911840
vt 0.984202 0.911764
vt 0.995453 0.945489
vt 0.944818 0.911840
vt 0.984236 0.911764
vt 0.995453 0.945523
vt 0.944818 0.987007
vt 0.984236 0.986930
vt 0.989861 0.911764
vt 0.911093 0.911764
vt 0.978611 0.986930
vt 0.995453 0.979249
vt 0.911093 0.986930
vt 0.978611 0.911764
vt 0.989861 0.945489
vt 0.944852 0.987007
vt 0.984202 0.986930
vt 0.989861 0.979249
vt 0.978577 0.986930
vt 0.989828 0.911764
vt 0.989861 0.945523
vt 0.978577 0.911764
vt 0.989828 0.986930
vt 0.995453 0.911764
vt 0.944852 0.911840
vt 0.984202 0.911764
vt 0.995453 0.945489
vt 0.944818 0.911840
vt 0.984236 0.911764
vt 0.995453 0.945523
vt 0.944818 0.987007
vt 0.984236 0.986930
vt 0.989861 0.911764
vt 0.911093 0.911764
vt 0.978611 0.986930
vt 0.995453 0.979249
vt 0.911093 0.986930
vt 0.978611 0.911764
vt 0.989861 0.945489
vt 0.944852 0.987007
vt 0.984202 0.986930
vt 0.989861 0.979249
vt 0.978577 0.986930
vt 0.989828 0.911764
vt 0.989861 0.945523
vt 0.978577 0.911764
vt 0.989828 0.986930
vt 0.995453 0.911764
vt 0.944852 0.911840
vt 0.984202 0.911764
vt 0.995453 0.945489
vt 0.944818 0.911840
vt 0.984236 0.911764
vt 0.995453 0.945523
vt 0.944818 0.987007
vt 0.984236 0.986930
vt 0.989861 0.911764
vt 0.911093 0.911764
vt 0.978611 0.986930
vt 0.995453 0.979249
vt 0.911093 0.986930
vt 0.978611 0.911764
vt 0.989861 0.945489
vt 0.944852 0.987007
vt 0.984202 0.986930
vt 0.989861 0.979249
vt 0.978577 0.986930
vt 0.989828 0.911764
vt 0.989861 0.945523
vt 0.978577 0.911764
vt 0.989828 0.986930
vt 0.995453 0.911764
vt 0.944852 0.911840
vt 0.984202 0.911764
vt 0.995453 0.945489
vt 0.944818 0.911840
vt 0.984236 0.911764
vt 0.995453 0.945523
vt 0.944818 0.987007
vt 0.984236 0.986930
vt 0.989861 0.911764
vt 0.911093 0.911764
vt 0.978611 0.986930
vt 0.995453 0.979249
vt 0.911093 0.986930
vt 0.978611 0.911764
vt 0.989861 0.945489
vt 0.944852 0.987007
vt 0.984202 0.986930
vt 0.989861 0.979249
vt 0.978577 0.986930
vt 0.989828 0.911764
vt 0.989861 0.945523
vt 0.978577 0.911764
vt 0.989828 0.986930
vt 0.995453 0.911764
vt 0.944852 0.911840
vt 0.984202 0.911764
vt 0.995453 0.945489
vt 0.944818 0.911840
vt 0.984236 0.911764
vt 0.995453 0.945523
vt 0.944818 0.987007
vt 0.984236 0.986930
vt 0.989861 0.911764
vt 0.911093 0.911764
vt 0.978611 0.986930
vt 0.995453 0.979249
vt 0.911093 0.986930
vt 0.978611 0.911764
vt 0.989861 0.945489
vt 0.944852 0.987007
vt 0.984202 0.986930
vt 0.989861 0.979249
vt 0.978577 0.986930
vt 0.989828 0.911764
vt 0.989861 0.945523
vt 0.978577 0.911764
vt 0.989828 0.986930
vt 0.995453 0.911764
vt 0.944852 0.911840
vt 0.984202 0.911764
vt 0.995453 0.945489
vt 0.944818 0.911840
vt 0.984236 0.911764
vt 0.995453 0.945523
vt 0.944818 0.987007
vt 0.984236 0.986930
vt 0.989861 0.911764
vt 0.911093 0.911764
vt 0.978611 0.986930
vt 0.995453 0.979249
vt 0.911093 0.986930
vt 0.978611 0.911764
vt 0.989861 0.945489
vt 0.944852 0.987007
vt 0.984202 0.986930
vt 0.989861 0.979249
vt 0.978577 0.986930
vt 0.989828 0.911764
vt 0.989861 0.945523
vt 0.978577 0.911764
vt 0.989828 0.986930
vt 0.995453 0.911764
vt 0.944852 0.911840
vt 0.984202 0.911764
vt 0.995453 0.945489
vt 0.944818 0.911840
vt 0.984236 0.911764
vt 0.995453 0.945523
vt 0.944818 0.987007
vt 0.984236 0.986930
vt 0.989861 0.911764
vt 0.911093 0.911764
vt 0.978611 0.986930
vt 0.995453 0.979249
vt 0.911093 0.986930
vt 0.978611 0.911764
vt 0.989861 0.945489
vt 0.944852 0.987007
vt 0.984202 0.986930
vt 0.989861 0.979249
vt 0.978577 0.986930
vt 0.989828 0.911764
vt 0.989861 0.945523
vt 0.978577 0.911764
vt 0.989828 0.986930
vt 0.995453 0.911764
vt 0.944852 0.911840
vt 0.984202 0.911764
vt 0.995453 0.945489
vt 0.944818 0.911840
vt 0.984236 0.911764
vt 0.995453 0.945523
vt 0.944818 0.987007
vt 0.984236 0.986930
vt 0.989861 0.911764
vt 0.911093 0.911764
vt 0.978611 0.986930
vt 0.995453 0.979249
vt 0.911093 0.986930
vt 0.978611 0.911764
vt 0.989861 0.945489
vt 0.944852 0.987007
vt 0.984202 0.986930
vt 0.989861 0.979249
vt 0.978577 0.986930
vt 0.989828 0.911764
vt 0.989861 0.945523
vt 0.978577 0.911764
vt 0.989828 0.986930
vt 0.995453 0.911764
vt 0.944852 0.911840
vt 0.984202 0.911764
vt 0.995453 0.945489
vt 0.944818 0.911840
vt 0.984236 0.911764
vt 0.995453 0.945523
vt 0.944818 0.987007
vt 0.984236 0.986930
vt 0.989861 0.911764
vt 0.911093 0.911764
vt 0.978611 0.986930
vt 0.995453 0.979249
vt 0.911093 0.986930
vt 0.978611 0.911764
vt 0.989861 0.945489
vt 0.944852 0.987007
vt 0.984202 0.986930
vt 0.989861 0.979249
vt 0.978577 0.986930
vt 0.989828 0.911764
vt 0.989861 0.945523
vt 0.978577 0.911764
vt 0.989828 0.986930
vt 0.995453 0.911764
vt 0.944852 0.911840
vt 0.984202 0.911764
vt 0.995453 0.945489
vt 0.944818 0.911840
vt 0.984236 0.911764
vt 0.995453 0.945523
vt 0.944818 0.987007
vt 0.984236 0.986930
vt 0.989861 0.911764
vt 0.911093 0.911764
vt 0.978611 0.986930
vt 0.995453 0.979249
vt 0.911093 0.986930
vt 0.978611 0.911764
vt 0.989861 0.945489
vt 0.944852 0.987007
vt 0.984202 0.986930
vt 0.989861 0.979249
vt 0.978577 0.986930
vt 0.989828 0.911764
vt 0.989861 0.945523
vt 0.978577 0.911764
vt 0.989828 0.986930
vt 0.995453 0.911764
vt 0.944852 0.911840
vt 0.984202 0.911764
vt 0.995453 0.945489
vt 0.944818 0.911840
vt 0.984236 0.911764
vt 0.995453 0.945523
vt 0.944818 0.987007
vt 0.984236 0.986930
vt 0.989861 0.911764
vt 0.911093 0.911764
vt 0.978611 0.986930
vt 0.995453 0.979249
vt 0.911093 0.986930
vt 0.978611 0.911764
vt 0.989861 0.945489
vt 0.944852 0.987007
vt 0.984202 0.986930
vt 0.989861 0.979249
vt 0.978577 0.986930
vt 0.989828 0.911764
vt 0.989861 0.945523
vt 0.978577 0.911764
vt 0.989828 0.986930
vt 0.995453 0.911764
vt 0.944852 0.911840
vt 0.984202 0.911764
vt 0.995453 0.945489
vt 0.944818 0.911840
vt 0.984236 0.911764
vt 0.995453 0.945523
vt 0.944818 0.987007
vt 0.984236 0.986930
vt 0.989861 0.911764
vt 0.911093 0.911764
vt 0.978611 0.986930
vt 0.995453 0.979249
vt 0.911093 0.986930
vt 0.978611 0.911764
vt 0.989861 0.945489
vt 0.944852 0.987007
vt 0.984202 0.986930
vt 0.989861 0.979249
vt 0.978577 0.986930
vt 0.989828 0.911764
vt 0.989861 0.945523
vt 0.978577 0.911764
vt 0.989828 0.986930
vt 0.995453 0.911764
vt 0.944852 0.911840
vt 0.984202 0.911764
vt 0.995453 0.945489
vt 0.944818 0.911840
vt 0.984236 0.911764
vt 0.995453 0.945523
vt 0.944818 0.987007
vt 0.984236 0.986930
vt 0.989861 0.911764
vt 0.911093 0.911764
vt 0.978611 0.986930
vt 0.995453 0.979249
vt 0.911093 0.986930
vt 0.978611 0.911764
vt 0.989861 0.945489
vt 0.944852 0.987007
vt 0.984202 0.986930
vt 0.989861 0.979249
vt 0.978577 0.986930
vt 0.989828 0.911764
vt 0.989861 0.945523
vt 0.978577 0.911764
vt 0.989828 0.986930
vt 0.995453 0.911764
vt 0.944852 0.911840
vt 0.984202 0.911764
vt 0.995453 0.945489
vt 0.944818 0.911840
vt 0.984236 0.911764
vt 0.995453 0.945523
vt 0.944818 0.987007
vt 0.984236 0.986930
vt 0.989861 0.911764
vt 0.911093 0.911764
vt 0.978611 0.986930
vt 0.995453 0.979249
vt 0.911093 0.986930
vt 0.978611 0.911764
vt 0.989861 0.945489
vt 0.944852 0.987007
vt 0.984202 0.986930
vt 0.989861 0.979249
vt 0.978577 0.986930
vt 0.989828 0.911764
vt 0.989861 0.945523
vt 0.978577 0.911764
vt 0.989828 0.986930
vt 0.995453 0.911764
vt 0.944852 0.911840
vt 0.984202 0.911764
vt 0.995453 0.945489
vt 0.944818 0.911840
vt 0.984236 0.911764
vt 0.995453 0.945523
vt 0.944818 0.987007
vt 0.984236 0.986930
vt 0.989861 0.911764
vt 0.911093 0.911764
vt 0.978611 0.986930
vt 0.995453 0.979249
vt 0.911093 0.986930
vt 0.978611 0.911764
vt 0.989861 0.945489
vt 0.944852 0.987007
vt 0.984202 0.986930
vt 0.989861 0.979249
vt 0.978577 0.986930
vt 0.989828 0.911764
vt 0.989861 0.945523
vt 0.978577 0.911764
vt 0.989828 0.986930
vt 0.995453 0.911764
vt 0.944852 0.911840
vt 0.984202 0.911764
vt 0.995453 0.945489
vt 0.944818 0.911840
vt 0.984236 0.911764
vt 0.995453 0.945523
vt 0.944818 0.987007
vt 0.984236 0.986930
vt 0.989861 0.911764
vt 0.911093 0.911764
vt 0.978611 0.986930
vt 0.995453 0.979249
vt 0.911093 0.986930
vt 0.978611 0.911764
vt 0.989861 0.945489
vt 0.944852 0.987007
vt 0.984202 0.986930
vt 0.989861 0.979249
vt 0.978577 0.986930
vt 0.989828 0.911764
vt 0.989861 0.945523
vt 0.978577 0.911764
vt 0.989828 0.986930
vt 0.995453 0.911764
vt 0.944852 0.911840
vt 0.984202 0.911764
vt 0.995453 0.945489
vt 0.944818 0.911840
vt 0.984236 0.911764
vt 0.995453 0.945523
vt 0.944818 0.987007
vt 0.984236 0.986930
vt 0.989861 0.911764
vt 0.911093 0.911764
vt 0.978611 0.986930
vt 0.995453 0.979249
vt 0.911093 0.986930
vt 0.978611 0.911764
vt 0.989861 0.945489
vt 0.944852 0.987007
vt 0.984202 0.986930
vt 0.989861 0.979249
vt 0.978577 0.986930
vt 0.989828 0.911764
vt 0.989861 0.945523
vt 0.978577 0.911764
vt 0.989828 0.986930
vt 0.995453 0.911764
vt 0.944852 0.911840
vt 0.984202 0.911764
vt 0.995453 0.945489
vt 0.944818 0.911840
vt 0.984236 0.911764
vt 0.995453 0.945523
vt 0.944818 0.987007
vt 0.984236 0.986930
vt 0.989861 0.911764
vt 0.911093 0.911764
vt 0.978611 0.986930
vt 0.995453 0.979249
vt 0.911093 0.986930
vt 0.978611 0.911764
vt 0.989861 0.945489
vt 0.944852 0.987007
vt 0.984202 0.986930
vt 0.989861 0.979249
vt 0.978577 0.986930
vt 0.989828 0.911764
vt 0.989861 0.945523
vt 0.978577 0.911764
vt 0.989828 0.986930
vt 0.995453 0.911764
vt 0.944852 0.911840
vt 0.984202 0.911764
vt 0.995453 0.945489
vt 0.944818 0.911840
vt 0.984236 0.911764
vt 0.995453 0.945523
vt 0.944818 0.987007
vt 0.984236 0.986930
vt 0.989861 0.911764
vt 0.911093 0.911764
vt 0.978611 0.986930
vt 0.995453 0.979249
vt 0.911093 0.986930
vt 0.978611 0.911764
vt 0.989861 0.945489
vt 0.944852 0.987007
vt 0.984202 0.986930
vt 0.989861 0.979249
vt 0.978577 0.986930
vt 0.989828 0.911764
vt 0.989861 0.945523
vt 0.978577 0.911764
vt 0.989828 0.986930
vt 0.995453 0.911764
vt 0.944852 0.911840
vt 0.984202 0.911764
vt 0.995453 0.945489
vt 0.944818 0.911840
vt 0.984236 0.911764
vt 0.995453 0.945523
vt 0.944818 0.987007
vt 0.984236 0.986930
vt 0.989861 0.911764
vt 0.911093 0.911764
vt 0.978611 0.986930
vt 0.995453 0.979249
vt 0.911093 0.986930
vt 0.978611 0.911764
vt 0.989861 0.945489
vt 0.944852 0.987007
vt 0.984202 0.986930
vt 0.989861 0.979249
vt 0.978577 0.986930
vt 0.989828 0.911764
vt 0.989861 0.945523
vt 0.978577 0.911764
vt 0.989828 0.986930
vt 0.995453 0.911764
vt 0.944852 0.911840
vt 0.984202 0.911764
vt 0.995453 0.945489
vt 0.944818 0.911840
vt 0.984236 0.911764
vt 0.995453 0.945523
vt 0.944818 0.987007
vt 0.984236 0.986930
vt 0.989861 0.911764
vt 0.911093 0.911764
vt 0.978611 0.986930
vt 0.995453 0.979249
vt 0.911093 0.986930
vt 0.978611 0.911764
vt 0.989861 0.945489
vt 0.944852 0.987007
vt 0.984202 0.986930
vt 0.989861 0.979249
vt 0.978577 0.986930
vt 0.989828 0.911764
vt 0.989861 0.945523
vt 0.978577 0.911764
vt 0.989828 0.986930
vt 0.995453 0.911764
vt 0.944852 0.911840
vt 0.984202 0.911764
vt 0.995453 0.945489
vt 0.944818 0.911840
vt 0.984236 0.911764
vt 0.995453 0.945523
vt 0.944818 0.987007
vt 0.984236 0.986930
vt 0.989861 0.911764
vt 0.911093 0.911764
vt 0.978611 0.986930
vt 0.995453 0.979249
vt 0.911093 0.986930
vt 0.978611 0.911764
vt 0.989861 0.945489
vt 0.944852 0.987007
vt 0.984202 0.986930
vt 0.989861 0.979249
vt 0.978577 0.986930
vt 0.989828 0.911764
vt 0.989861 0.945523
vt 0.978577 0.911764
vt 0.989828 0.986930
vt 0.995453 0.911764
vt 0.944852 0.911840
vt 0.984202 0.911764
vt 0.995453 0.945489
vt 0.944818 0.911840
vt 0.984236 0.911764
vt 0.995453 0.945523
vt 0.944818 0.987007
vt 0.984236 0.986930
vt 0.989861 0.911764
vt 0.911093 0.911764
vt 0.978611 0.986930
vt 0.995453 0.979249
vt 0.911093 0.986930
vt 0.978611 0.911764
vt 0.989861 0.945489
vt 0.944852 0.987007
vt 0.984202 0.986930
vt 0.989861 0.979249
vt 0.978577 0.986930
vt 0.989828 0.911764
vt 0.989861 0.945523
vt 0.978577 0.911764
vt 0.989828 0.986930
vt 0.995453 0.911764
vt 0.944852 0.911840
vt 0.984202 0.911764
vt 0.995453 0.945489
vt 0.944818 0.911840
vt 0.984236 0.911764
vt 0.995453 0.945523
vt 0.944818 0.987007
vt 0.984236 0.986930
vt 0.989861 0.911764
vt 0.911093 0.911764
vt 0.978611 0.986930
vt 0.995453 0.979249
vt 0.911093 0.986930
vt 0.978611 0.911764
vt 0.989861 0.945489
vt 0.944852 0.987007
vt 0.984202 0.986930
vt 0.989861 0.979249
vt 0.978577 0.986930
vt 0.989828 0.911764
vt 0.989861 0.945523
vt 0.978577 0.911764
vt 0.989828 0.986930
vt 0.995453 0.911764
vt 0.944852 0.911840
vt 0.984202 0.911764
vt 0.995453 0.945489
vt 0.944818 0.911840
vt 0.984236 0.911764
vt 0.995453 0.945523
vt 0.944818 0.987007
vt 0.984236 0.986930
vt 0.989861 0.911764
vt 0.911093 0.911764
vt 0.978611 0.986930
vt 0.995453 0.979249
vt 0.911093 0.986930
vt 0.978611 0.911764
vt 0.989861 0.945489
vt 0.944852 0.987007
vt 0.984202 0.986930
vt 0.989861 0.979249
vt 0.978577 0.986930
vt 0.989828 0.911764
vt 0.989861 0.945523
vt 0.978577 0.911764
vt 0.989828 0.986930
vt 0.995453 0.911764
vt 0.944852 0.911840
vt 0.984202 0.911764
vt 0.995453 0.945489
vt 0.944818 0.911840
vt 0.984236 0.911764
vt 0.995453 0.945523
vt 0.944818 0.987007
vt 0.984236 0.986930
vt 0.989861 0.911764
vt 0.911093 0.911764
vt 0.978611 0.986930
vt 0.995453 0.979249
vt 0.911093 0.986930
vt 0.978611 0.911764
vt 0.989861 0.945489
vt 0.944852 0.987007
vt 0.984202 0.986930
vt 0.989861 0.979249
vt 0.978577 0.986930
vt 0.989828 0.911764
vt 0.989861 0.945523
vt 0.978577 0.911764
vt 0.989828 0.986930
vt 0.995453 0.911764
vt 0.944852 0.911840
vt 0.984202 0.911764
vt 0.995453 0.945489
vt 0.944818 0.911840
vt 0.984236 0.911764
vt 0.995453 0.945523
vt 0.944818 0.987007
vt 0.984236 0.986930
vt 0.989861 0.911764
vt 0.911093 0.911764
vt 0.978611 0.986930
vt 0.995453 0.979249
vt 0.911093 0.986930
vt 0.978611 0.911764
vt 0.989861 0.945489
vt 0.944852 0.987007
vt 0.984202 0.986930
vt 0.989861 0.979249
vt 0.978577 0.986930
vt 0.989828 0.911764
vt 0.989861 0.945523
vt 0.978577 0.911764
vt 0.989828 0.986930
vt 0.995453 0.911764
vt 0.944852 0.911840
vt 0.984202 0.911764
vt 0.995453 0.945489
vt 0.965903 0.859976
vt 0.965081 0.850570
vt 0.963694 0.852013
vt 0.962117 0.861875
vt 0.962721 0.865330
vt 0.966726 0.869382
vt 0.968113 0.867939
vt 0.969689 0.858077
vt 0.969086 0.854622
vt 0.967999 0.851982
vt 0.966592 0.850559
vt 0.962644 0.854668
vt 0.962091 0.858131
vt 0.963808 0.867970
vt 0.965215 0.869392
vt 0.969162 0.865284
vt 0.969716 0.861821
vt 0.934038 0.802253
vt 0.953738 0.847868
vt 0.934089 0.811064
vt 0.955572 0.847855
vt 0.933424 0.696526
vt 0.959329 0.856976
vt 0.933475 0.705337
vt 0.959362 0.861518
vt 0.933629 0.731768
vt 0.955734 0.870691
vt 0.933680 0.740579
vt 0.953901 0.870705
vt 0.933833 0.767011
vt 0.950143 0.861584
vt 0.933885 0.775821
vt 0.950110 0.857041
vt 0.933936 0.784632
vt 0.950782 0.852840
vt 0.933987 0.793443
vt 0.952056 0.849618
vt 0.934140 0.819874
vt 0.957278 0.849581
vt 0.934191 0.828685
vt 0.933373 0.687715
vt 0.958598 0.852784
vt 0.933527 0.714147
vt 0.958690 0.865720
vt 0.933578 0.722958
vt 0.957416 0.868941
vt 0.933731 0.749390
vt 0.952194 0.868978
vt 0.933782 0.758200
vt 0.950875 0.865775
vt 0.954736 0.859280
vt 0.953951 0.850299
vt 0.955394 0.850289
vt 0.958351 0.857467
vt 0.958376 0.861041
vt 0.955522 0.868260
vt 0.954079 0.868270
vt 0.951122 0.861093
vt 0.951096 0.857518
vt 0.951625 0.854212
vt 0.952627 0.851677
vt 0.956737 0.851648
vt 0.957775 0.854168
vt 0.957848 0.864348
vt 0.956845 0.866883
vt 0.952736 0.866912
vt 0.951697 0.864392
vt 0.993950 0.801728
vt 0.982353 0.861534
vt 0.982185 0.861454
vt 0.964931 0.848858
vt 0.982145 0.857039
vt 0.963292 0.850563
vt 0.994001 0.810539
vt 0.982316 0.856950
vt 0.993336 0.696001
vt 0.978486 0.847899
vt 0.961428 0.862221
vt 0.978456 0.848324
vt 0.962141 0.866304
vt 0.976664 0.848300
vt 0.993387 0.704812
vt 0.976629 0.847883
vt 0.993541 0.731243
vt 0.972951 0.857015
vt 0.966876 0.871094
vt 0.973120 0.857099
vt 0.968515 0.869388
vt 0.973156 0.861522
vt 0.993592 0.740054
vt 0.972985 0.861610
vt 0.993745 0.766486
vt 0.976812 0.870830
vt 0.970379 0.857731
vt 0.976842 0.870412
vt 0.969666 0.853647
vt 0.978638 0.870388
vt 0.993796 0.775296
vt 0.978675 0.870817
vt 0.993847 0.784107
vt 0.980390 0.869027
vt 0.968380 0.850527
vt 0.980290 0.868669
vt 0.966717 0.848845
vt 0.981533 0.865524
vt 0.993899 0.792917
vt 0.981679 0.865760
vt 0.994052 0.819349
vt 0.981558 0.852727
vt 0.962051 0.853701
vt 0.981417 0.852971
vt 0.961397 0.857795
vt 0.980126 0.849920
vt 0.994103 0.828160
vt 0.993285 0.687190
vt 0.980216 0.849564
vt 0.993438 0.713622
vt 0.974922 0.849605
vt 0.963427 0.869425
vt 0.975021 0.849966
vt 0.965089 0.871107
vt 0.973775 0.853054
vt 0.993489 0.722433
vt 0.973633 0.852818
vt 0.993643 0.748864
vt 0.973740 0.865860
vt 0.969756 0.866250
vt 0.973882 0.865616
vt 0.970410 0.862157
vt 0.975178 0.868735
vt 0.993694 0.757675
vt 0.975085 0.869095
s 0
usemtl MT00_Wall_Extern_Herod_Temp
f 1782/3322/1 706/1360/1 51/119/1 1780/3319/1
f 511/1020/2 156/332/2 164/354/2 508/1014/2
f 173/375/2 6/18/2 5/13/2 175/379/2
f 461/946/1 439/920/1 7/20/1 174/378/1
f 177/382/3 173/374/3 6/17/3 40/99/3
f 369/802/3 366/796/3 25/73/3 144/307/3
f 1667/3143/4 20/61/4 19/59/4 959/1846/4
f 445/928/1 441/922/1 11/32/1 29/84/1
f 46/110/3 31/86/3 10/29/3 41/100/3
f 40/99/3 6/17/3 15/49/3 45/109/3
f 439/920/1 442/924/1 16/53/1 7/20/1
f 6/18/2 15/48/2 14/43/2 5/13/2
f 963/1853/3 1667/3142/3 20/62/3 35/92/3
f 968/1861/5 443/925/5 18/57/5 966/1859/5
f 965/1857/6 17/55/6 983/1891/6 962/1851/6
f 766/1490/2 780/1522/2 53/123/2 142/302/2
f 7/21/3 22/66/3 26/76/3 16/54/3
f 29/83/3 33/89/3 24/70/3 11/33/3
f 769/1498/4 761/1480/4 144/308/4 57/133/4
f 174/377/3 176/381/3 22/66/3 7/21/3
f 510/1018/3 518/1032/3 33/89/3 29/83/3
f 511/1019/3 27/77/3 143/304/3 515/1028/3
f 966/1858/3 964/1854/3 32/88/3 18/58/3
f 519/1033/3 516/1029/3 31/86/3 46/110/3
f 535/1056/1 445/928/1 29/84/1 510/1017/1
f 541/1066/3 550/1085/3 544/1071/3 543/1069/3
f 1710/3214/3 1707/3211/3 155/331/3 527/1046/3
f 442/924/1 446/929/1 38/96/1 16/53/1
f 45/109/3 15/49/3 34/90/3 47/111/3
f 16/54/3 26/76/3 36/93/3 38/97/3
f 181/394/3 115/248/3 118/256/3 179/385/3
f 967/1860/3 963/1853/3 35/92/3 123/267/3
f 780/1523/5 763/1484/5 140/297/5 53/124/5
f 403/856/3 45/109/3 47/111/3 402/855/3
f 533/1054/3 519/1033/3 46/110/3 401/854/3
f 1378/2599/5 702/1352/5 119/260/5 1370/2584/5
f 782/1528/1 771/1504/1 143/306/1 114/245/1
f 5/14/3 14/44/3 42/102/3 43/105/3
f 399/851/3 40/99/3 45/109/3 403/856/3
f 401/854/3 46/110/3 41/100/3 400/852/3
f 415/879/3 177/382/3 40/99/3 399/851/3
f 774/1510/5 762/1482/5 125/269/5 368/800/5
f 708/1363/2 701/1351/2 115/249/2 181/393/2
f 772/1506/1 769/1499/1 57/134/1 159/341/1
f 1405/2656/7 977/1880/7 1058/2058/7 1139/2227/7
f 773/1508/4 781/1526/4 55/130/4 369/801/4
f 440/921/5 459/944/5 44/107/5 9/27/5
f 768/1494/2 765/1488/2 158/336/2 54/126/2
f 180/390/3 50/116/3 49/113/3 182/395/3
f 25/72/3 156/333/3 113/244/3 159/339/3
f 1789/3335/3 1785/3328/3 65/152/3 77/182/3
f 87/200/3 82/190/3 69/161/3 79/186/3
f 1847/3425/1 1787/3332/1 62/146/1 1674/3163/1
f 1792/3339/2 1786/3330/2 64/150/2 448/931/2
f 1791/3338/3 95/217/3 1674/3164/3 1847/3426/3
f 1171/2280/5 79/185/5 69/162/5 1191/2303/5
f 971/1868/4 970/1865/4 19/59/4 20/61/4
f 453/937/2 83/194/2 68/158/2 450/933/2
f 103/231/3 96/218/3 67/155/3 85/197/3
f 1837/3412/3 101/228/3 72/171/3 1668/3148/3
f 1831/3403/2 1830/3402/2 73/175/2 451/935/2
f 1668/3147/1 1833/3406/1 71/166/1 72/170/1
f 1834/3408/3 1829/3400/3 70/164/3 81/188/3
f 976/1879/3 35/92/3 20/62/3 971/1867/3
f 981/1887/5 972/1872/5 18/57/5 443/925/5
f 17/55/6 973/1874/6 977/1882/6 983/1891/6
f 1830/3401/3 73/176/3 80/187/3 1835/3409/3
f 83/193/3 68/159/3 78/183/3 86/199/3
f 1172/2281/5 100/227/5 79/185/5 1171/2280/5
f 1786/3329/3 64/149/3 76/180/3 1788/3333/3
f 102/229/3 87/200/3 79/186/3 100/226/3
f 513/1024/3 83/193/3 86/199/3 521/1036/3
f 972/1871/3 18/58/3 32/88/3 974/1876/3
f 523/1039/3 103/231/3 85/197/3 520/1034/3
f 534/1055/2 513/1023/2 83/194/2 453/937/2
f 522/1037/3 512/1021/3 82/191/3 87/201/3
f 81/188/3 70/164/3 92/212/3 91/210/3
f 451/935/2 73/175/2 93/214/2 454/938/2
f 101/228/3 104/232/3 89/207/3 72/171/3
f 73/176/3 93/215/3 90/209/3 80/187/3
f 980/1886/3 123/267/3 35/92/3 976/1879/3
f 71/167/3 97/220/3 105/233/3 88/204/3
f 80/187/3 90/209/3 104/232/3 101/228/3
f 521/1036/3 86/199/3 103/231/3 523/1039/3
f 1787/3331/3 1790/3337/3 99/225/3 62/145/3
f 84/195/3 102/229/3 100/226/3 66/153/3
f 1190/2301/5 66/154/5 100/227/5 1172/2281/5
f 1833/3405/3 1836/3411/3 97/220/3 71/167/3
f 1835/3409/3 80/187/3 101/228/3 1837/3412/3
f 86/199/3 78/183/3 96/218/3 103/231/3
f 1788/3333/3 76/180/3 95/217/3 1791/3338/3
f 150/321/8 528/1047/8 1115/2176/8 1065/2077/8
f 2016/3730/1 75/178/1 1070/2088/1 2020/3736/1
f 1834/3407/1 81/189/1 1067/2082/1 1838/3414/1
f 1403/2654/7 962/1852/7 983/1892/7 1404/2655/7
f 273/609/2 272/607/2 1102/2158/2 1103/2160/2
f 152/325/5 1143/2236/5 1142/2232/5 1063/2071/5
f 411/872/5 160/342/5 171/369/5 413/876/5
f 778/1518/1 770/1502/1 113/243/1 515/1027/1
f 718/1378/5 703/1354/5 50/118/5 357/782/5
f 1088/2128/5 1447/2741/5 214/482/5 1502/2843/5
f 374/810/3 183/397/3 109/238/3 359/784/3
f 361/787/3 111/241/3 110/239/3 360/785/3
f 359/784/3 109/238/3 107/236/3 356/780/3
f 531/1052/3 524/1040/3 111/241/3 361/787/3
f 356/780/3 107/236/3 112/242/3 362/788/3
f 142/301/3 53/125/3 140/298/3 136/291/3
f 409/867/3 406/862/3 128/273/3 141/300/3
f 373/809/3 357/781/3 50/117/3 180/389/3
f 1371/2586/3 1370/2583/3 119/259/3 178/384/3
f 701/1350/5 705/1359/5 118/258/5 115/250/5
f 703/1354/5 707/1362/5 49/114/5 50/118/5
f 776/1514/4 767/1492/4 139/295/4 407/864/4
f 362/788/3 112/242/3 137/292/3 364/791/3
f 767/1492/4 768/1495/4 54/127/4 139/295/4
f 87/202/4 102/230/4 1071/2090/4 1072/2093/4
f 978/1883/7 56/131/7 127/272/7 979/1885/7
f 154/329/8 152/326/8 1063/2072/8 1066/2080/8
f 90/209/3 133/284/3 135/287/3 104/232/3
f 982/1890/3 517/1031/3 123/267/3 980/1886/3
f 91/210/3 92/212/3 130/278/3 134/285/3
f 454/938/2 93/214/2 131/280/2 457/942/2
f 104/232/3 135/287/3 132/282/3 89/207/3
f 93/215/3 131/281/3 133/284/3 90/209/3
f 27/78/3 125/270/3 114/246/3 143/305/3
f 407/863/3 411/871/3 157/334/3 55/129/3
f 961/1849/7 960/1848/7 127/272/7 56/131/7
f 775/1512/5 764/1486/5 128/274/5 406/861/5
f 402/855/3 47/111/3 126/271/3 408/865/3
f 969/1864/3 967/1860/3 123/267/3 517/1031/3
f 446/929/1 458/943/1 121/263/1 38/96/1
f 47/111/3 34/90/3 122/265/3 126/271/3
f 38/97/3 36/93/3 124/268/3 121/264/3
f 762/1482/5 782/1529/5 114/247/5 125/269/5
f 765/1488/2 779/1520/2 138/294/2 158/336/2
f 777/1516/2 766/1490/2 142/302/2 514/1026/2
f 514/1025/3 142/303/3 136/288/3 525/1042/3
f 525/1041/1 136/289/1 169/364/1 529/1050/1
f 158/337/3 138/293/3 145/310/3 160/343/3
f 1173/2282/2 457/942/2 534/1055/2 1213/2327/2
f 367/798/3 368/799/3 125/270/3 27/78/3
f 1708/3212/3 152/327/3 154/330/3 1711/3215/3
f 1712/3216/3 528/1048/3 150/322/3 1625/3090/3
f 1707/3211/3 1706/3210/3 153/328/3 155/331/3
f 1642/3108/3 1654/3123/3 151/324/3 148/318/3
f 1625/3090/3 150/322/3 149/319/3 1644/3113/3
f 1709/3213/5 460/945/5 148/317/5 1642/3107/5
f 1706/3210/3 1713/3219/3 147/314/3 153/328/3
f 1713/3218/4 147/313/4 146/311/4 1656/3128/4
f 1656/3127/3 146/312/3 152/327/3 1708/3212/3
f 54/128/3 158/338/3 160/345/3 139/296/3
f 23/67/3 162/348/3 13/39/3 8/22/3
f 144/307/3 25/73/3 159/340/3 57/135/3
f 770/1502/1 772/1506/1 159/341/1 113/243/1
f 1169/2278/5 1185/2296/5 12/35/5 161/346/5
f 409/866/4 141/299/4 165/356/4 412/874/4
f 1182/2292/5 1169/2278/5 161/346/5 365/792/5
f 532/1053/3 412/873/3 165/357/3 106/235/3
f 413/875/3 397/849/3 166/358/3 170/367/3
f 370/804/3 372/807/3 164/355/3 168/361/3
f 530/1051/3 371/806/3 163/351/3 508/1013/3
f 160/344/1 145/309/1 167/360/1 171/370/1
f 366/795/5 157/335/5 170/368/5 370/803/5
f 367/797/4 27/79/4 163/352/4 371/805/4
f 156/332/2 25/74/2 168/362/2 164/354/2
f 1364/2577/3 375/812/3 189/408/3 1361/2574/3
f 1363/2576/3 1360/2572/3 183/397/3 374/810/3
f 1358/2569/3 180/390/3 182/395/3 1350/2555/3
f 1368/2581/2 708/1363/2 181/393/2 1359/2571/2
f 1366/2579/3 1356/2565/3 177/382/3 415/879/3
f 1359/2570/3 181/394/3 179/385/3 1357/2567/3
f 1349/2553/3 1355/2564/3 176/381/3 174/377/3
f 1356/2565/3 1353/2560/3 173/374/3 177/382/3
f 1367/2580/1 461/946/1 174/378/1 1349/2552/1
f 1353/2559/2 173/375/2 175/379/2 1354/2563/2
f 707/1361/1 709/1364/1 182/396/1 49/115/1
f 1357/2566/9 179/386/9 188/405/9 1351/2557/9
f 1371/2585/10 178/383/10 187/403/10 1372/2588/10
f 1766/3296/11 52/121/11 186/401/11 1769/3302/11
f 373/808/12 180/391/12 189/409/12 375/811/12
f 1386/2612/3 1372/2587/3 187/404/3 1362/2575/3
f 1934/3597/1 1913/3564/1 51/119/1 706/1360/1
f 619/1200/2 622/1205/2 333/727/2 325/705/2
f 342/749/2 344/753/2 190/411/2 191/416/2
f 483/970/1 343/752/1 192/418/1 462/947/1
f 346/756/3 225/501/3 191/415/3 342/748/3
f 389/834/3 314/685/3 209/470/3 386/828/3
f 1761/3284/5 1746/3262/5 204/458/5 205/460/5
f 468/954/1 213/481/1 196/430/1 464/949/1
f 231/512/3 226/502/3 195/427/3 215/485/3
f 225/501/3 230/511/3 200/448/3 191/415/3
f 462/947/1 192/418/1 201/452/1 465/951/1
f 191/416/2 190/411/2 199/441/2 200/447/2
f 1751/3267/3 221/495/3 205/461/3 1761/3283/3
f 1747/3263/4 1756/3276/4 203/456/4 466/952/4
f 1754/3272/3 1755/3274/3 202/454/3 216/487/3
f 876/1646/2 312/681/2 236/524/2 884/1666/2
f 192/419/3 201/453/3 210/473/3 206/463/3
f 213/480/3 196/431/3 208/467/3 218/490/3
f 879/1654/5 239/532/5 314/686/5 871/1636/5
f 343/751/3 192/419/3 206/463/3 345/755/3
f 620/1201/3 213/480/3 218/490/3 612/1187/3
f 619/1199/3 615/1191/3 313/683/3 211/474/3
f 1756/3275/3 203/457/3 217/489/3 1753/3270/3
f 611/1186/3 231/512/3 215/485/3 614/1189/3
f 596/1161/1 620/1202/1 213/481/1 468/954/1
f 1513/2860/3 603/1173/3 324/704/3 1510/2856/3
f 465/951/1 201/452/1 224/499/1 469/955/1
f 230/511/3 232/513/3 219/491/3 200/448/3
f 1746/3261/3 1752/3269/3 220/493/3 204/459/3
f 201/453/3 224/500/3 222/496/3 210/473/3
f 350/768/3 348/759/3 289/636/3 288/633/3
f 581/1136/1 582/1137/1 570/1117/1 593/1156/1
f 884/1667/4 236/525/4 310/677/4 873/1640/4
f 423/891/3 422/890/3 232/513/3 230/511/3
f 598/1163/3 421/889/3 231/512/3 611/1186/3
f 1377/2597/4 1373/2590/4 290/640/4 711/1367/4
f 886/1672/1 287/630/1 313/684/1 881/1660/1
f 190/412/3 228/506/3 227/504/3 199/442/3
f 419/886/3 423/891/3 230/511/3 225/501/3
f 421/889/3 420/887/3 226/502/3 231/512/3
f 436/916/3 419/886/3 225/501/3 346/756/3
f 888/1678/4 388/832/4 296/650/4 872/1638/4
f 715/1373/2 350/767/2 288/634/2 710/1366/2
f 882/1662/1 328/714/1 239/533/1 879/1655/1
f 304/665/1 267/595/1 1096/2142/1 1107/2167/1
f 887/1676/5 389/833/5 238/531/5 885/1670/5
f 1197/2309/4 194/426/4 229/509/4 1181/2290/4
f 878/1650/2 237/527/2 327/709/2 875/1644/2
f 349/764/3 351/769/3 234/518/3 235/521/3
f 1757/3277/3 294/647/3 221/495/3 1751/3267/3
f 1976/3665/3 253/568/3 243/541/3 1971/3657/3
f 263/588/3 255/572/3 247/551/3 258/578/3
f 1671/3156/1 1670/3153/1 240/535/1 1974/3662/1
f 1979/3669/2 470/956/2 242/539/2 1972/3659/2
f 1978/3668/3 1671/3155/3 1670/3152/3 270/602/3
f 1177/2286/4 1204/2318/4 247/552/4 255/573/4
f 1643/3111/5 205/460/5 204/458/5 241/538/5
f 475/962/2 472/958/2 246/548/2 259/581/2
f 277/615/3 261/584/3 245/545/3 271/603/3
f 270/602/3 1670/3152/3 250/561/3 275/612/3
f 470/956/2 473/960/2 251/565/2 242/539/2
f 1670/3153/1 250/560/1 249/556/1 240/535/1
f 253/568/3 257/576/3 248/554/3 243/541/3
f 1683/3179/3 1643/3110/3 205/461/3 221/495/3
f 1685/3181/4 466/952/4 203/456/4 1677/3170/4
f 1680/3174/3 216/487/3 202/454/3 1679/3173/3
f 242/540/3 252/567/3 256/575/3 251/566/3
f 259/580/3 262/586/3 254/570/3 246/549/3
f 1178/2287/4 1177/2286/4 255/573/4 274/611/4
f 1972/3658/3 1975/3663/3 252/567/3 242/540/3
f 276/613/3 274/610/3 255/574/3 263/587/3
f 617/1195/3 609/1183/3 262/586/3 259/580/3
f 1677/3169/3 1681/3176/3 217/489/3 203/457/3
f 607/1180/3 610/1184/3 261/584/3 277/615/3
f 597/1162/2 475/962/2 259/581/2 617/1196/2
f 608/1181/3 263/588/3 258/578/3 618/1197/3
f 257/576/3 267/597/3 268/598/3 248/554/3
f 473/960/2 476/963/2 269/600/2 251/565/2
f 275/612/3 250/561/3 265/592/3 278/616/3
f 241/537/3 204/459/3 220/493/3 1682/3178/3
f 251/566/3 256/575/3 266/594/3 269/601/3
f 209/469/3 328/712/3 286/629/3 325/706/3
f 249/559/3 264/590/3 279/617/3 272/605/3
f 256/575/3 275/612/3 278/616/3 266/594/3
f 609/1183/3 607/1180/3 277/615/3 262/586/3
f 1974/3661/3 240/536/3 273/608/3 1977/3667/3
f 260/583/3 244/543/3 274/610/3 276/613/3
f 1203/2316/4 1178/2287/4 274/611/4 244/544/4
f 240/536/3 249/557/3 272/606/3 273/608/3
f 252/567/3 270/602/3 275/612/3 256/575/3
f 262/586/3 277/615/3 271/603/3 254/570/3
f 1975/3663/3 1978/3668/3 270/602/3 252/567/3
f 267/596/1 257/577/1 1094/2138/1 1096/2143/1
f 528/1047/8 154/329/8 1066/2080/8 1115/2176/8
f 299/655/13 604/1174/13 1112/2172/13 1113/2173/13
f 102/230/4 84/196/4 1074/2100/4 1071/2090/4
f 604/1174/4 1448/2745/4 1112/2172/4
f 1977/3666/2 273/609/2 1103/2160/2 1981/3673/2
f 1684/3180/3 1683/3179/3 221/495/3 294/647/3
f 432/909/4 434/913/4 340/743/4 329/715/4
f 891/1684/1 615/1192/1 286/628/1 880/1658/1
f 717/1375/4 378/816/4 235/523/4 712/1369/4
f 732/1414/2 383/823/2 1425/2683/2 1488/2821/2
f 395/846/3 379/817/3 282/623/3 352/771/3
f 381/820/3 380/818/3 283/624/3 284/626/3
f 379/817/3 377/814/3 281/622/3 282/623/3
f 600/1167/3 381/820/3 284/626/3 606/1179/3
f 377/814/3 382/821/3 285/627/3 281/622/3
f 312/682/3 306/667/3 310/676/3 236/526/3
f 430/905/3 311/680/3 298/653/3 427/900/3
f 394/845/3 349/763/3 235/522/3 378/815/3
f 1374/2592/3 347/758/3 290/639/3 1373/2589/3
f 710/1365/4 288/635/4 289/638/4 713/1370/4
f 712/1369/4 235/523/4 234/519/4 714/1372/4
f 890/1682/5 428/902/5 309/674/5 877/1648/5
f 877/1648/5 309/674/5 237/528/5 878/1651/5
f 382/821/3 384/824/3 307/671/3 285/627/3
f 1694/3195/5 260/582/5 1099/2150/5 1700/3203/5
f 1682/3177/4 220/494/4 1091/2133/4 1688/3186/4
f 1686/3182/3 1684/3180/3 294/647/3 613/1188/3
f 266/594/3 278/616/3 305/666/3 303/663/3
f 267/597/3 304/664/3 300/657/3 268/598/3
f 476/963/2 479/966/2 301/660/2 269/600/2
f 278/616/3 265/592/3 302/661/3 305/666/3
f 211/474/3 313/683/3 287/631/3 296/649/3
f 428/901/3 238/530/3 326/707/3 432/908/3
f 269/601/3 266/594/3 303/663/3 301/659/3
f 889/1680/4 427/899/4 298/654/4 874/1642/4
f 1163/2269/1 1164/2270/1 1146/2245/1 1145/2244/1
f 1748/3264/3 613/1188/3 294/647/3 1757/3277/3
f 422/890/3 429/903/3 297/652/3 232/513/3
f 469/955/1 224/499/1 292/644/1 480/967/1
f 232/513/3 297/652/3 293/645/3 219/491/3
f 872/1638/4 296/650/4 287/632/4 886/1673/4
f 224/500/3 292/643/3 295/648/3 222/496/3
f 892/1686/2 616/1193/2 312/681/2 876/1646/2
f 616/1194/3 605/1177/3 306/667/3 312/682/3
f 605/1178/1 602/1171/1 338/738/1 306/668/1
f 875/1644/2 327/709/2 308/672/2 883/1664/2
f 1211/2325/4 431/906/4 280/620/4 1179/2288/4
f 387/830/3 211/475/3 296/651/3 388/831/3
f 327/710/3 329/716/3 315/687/3 308/673/3
f 91/211/1 134/286/1 1075/2102/1 1069/2086/1
f 1813/3376/2 99/224/2 1080/2114/2 1825/3395/2
f 1521/2873/3 318/694/3 321/700/3 1507/2852/3
f 1520/2871/3 1519/2869/3 319/697/3 320/699/3
f 1512/2859/4 1521/2872/4 318/695/4 482/969/4
f 1509/2855/3 323/703/3 317/691/3 1506/2850/3
f 1506/2849/5 1508/2854/5 316/690/5 317/692/5
f 1508/2853/3 1511/2858/3 322/702/3 316/689/3
f 237/529/3 309/675/3 329/718/3 327/711/3
f 207/464/3 193/420/3 198/437/3 331/721/3
f 314/685/3 239/534/3 328/713/3 209/470/3
f 1510/2856/3 324/704/3 323/703/3 1509/2855/3
f 1175/2284/4 330/719/4 197/433/4 1198/2311/4
f 430/904/5 433/911/5 334/729/5 311/679/5
f 507/1010/1 538/1061/1 1526/2881/1 1527/2882/1
f 1210/2324/4 385/825/4 330/719/4 1175/2284/4
f 599/1165/3 623/1207/3 334/730/3 433/910/3
f 880/1658/1 286/628/1 328/714/1 882/1662/1
f 434/912/3 339/741/3 335/731/3 418/883/3
f 601/1168/3 622/1206/3 332/724/3 392/840/3
f 391/838/3 337/735/3 333/728/3 393/841/3
f 386/827/4 391/837/4 339/742/4 326/708/4
f 387/829/5 392/839/5 332/725/5 211/476/5
f 329/717/1 340/744/1 336/733/1 315/688/1
f 1924/3581/3 1917/3572/3 355/777/3 396/848/3
f 1922/3579/3 395/846/3 352/771/3 1907/3554/3
f 1903/3546/3 1914/3566/3 351/769/3 349/764/3
f 1932/3595/2 1905/3551/2 350/767/2 715/1373/2
f 1928/3591/3 436/916/3 346/756/3 1899/3533/3
f 1905/3550/3 1901/3543/3 348/759/3 350/768/3
f 1912/3563/3 343/751/3 345/755/3 1897/3531/3
f 1899/3533/3 346/756/3 342/748/3 1989/3681/3
f 1930/3593/1 1912/3562/1 343/752/1 483/970/1
f 1989/3682/2 1895/3525/2 344/753/2 342/749/2
f 714/1371/1 234/520/1 351/770/1 716/1374/1
f 1901/3542/14 1916/3571/14 354/774/14 348/760/14
f 1374/2591/15 1375/2594/15 353/772/15 347/757/15
f 1904/3548/16 1918/3574/16 186/401/16 52/121/16
f 394/844/17 396/847/17 355/778/17 349/765/17
f 1938/3601/3 1919/3576/3 353/773/3 1375/2593/3
f 347/757/18 353/772/18 396/847/18 394/844/18
f 1897/3531/3 345/755/3 395/846/3 1922/3579/3
f 1919/3576/3 1924/3581/3 396/848/3 353/773/3
f 311/679/5 334/729/5 392/839/5 387/829/5
f 209/471/4 337/736/4 391/837/4 386/827/4
f 623/1207/3 601/1168/3 392/840/3 334/730/3
f 325/705/2 333/727/2 337/737/2 209/472/2
f 1179/2288/4 280/620/4 385/825/4 1210/2324/4
f 228/508/4 424/892/4 1424/2680/4 1430/2694/4
f 311/680/3 387/830/3 388/831/3 298/653/3
f 339/741/3 391/838/3 393/841/3 335/731/3
f 347/758/3 394/845/3 378/815/3 290/639/3
f 210/473/3 222/496/3 382/821/3 377/814/3
f 612/1187/3 218/490/3 381/820/3 600/1167/3
f 206/463/3 210/473/3 377/814/3 379/817/3
f 218/490/3 208/467/3 380/818/3 381/820/3
f 345/755/3 206/463/3 379/817/3 395/846/3
f 711/1367/4 290/640/4 378/816/4 717/1375/4
f 871/1636/5 314/686/5 389/833/5 887/1676/5
f 874/1642/4 298/654/4 388/832/4 888/1678/4
f 238/530/3 389/834/3 386/828/3 326/707/3
f 178/383/19 373/808/19 375/811/19 187/403/19
f 1355/2564/3 1363/2576/3 374/810/3 176/381/3
f 1362/2575/3 187/404/3 375/812/3 1364/2577/3
f 141/299/4 367/797/4 371/805/4 165/356/4
f 25/75/5 366/795/5 370/803/5 168/363/5
f 106/235/3 165/357/3 371/806/3 530/1051/3
f 170/367/3 166/358/3 372/807/3 370/804/3
f 1194/2306/1 1212/2326/1 535/1056/1 458/943/1
f 733/1417/5 737/1425/5 1482/2807/5 1483/2809/5
f 141/300/3 128/273/3 368/799/3 367/798/3
f 36/93/3 362/788/3 364/791/3 124/268/3
f 178/384/3 119/259/3 357/781/3 373/809/3
f 26/76/3 356/780/3 362/788/3 36/93/3
f 518/1032/3 531/1052/3 361/787/3 33/89/3
f 22/66/3 359/784/3 356/780/3 26/76/3
f 33/89/3 361/787/3 360/785/3 24/70/3
f 176/381/3 374/810/3 359/784/3 22/66/3
f 702/1352/5 718/1378/5 357/782/5 119/260/5
f 761/1480/4 773/1508/4 369/801/4 144/308/4
f 764/1486/5 774/1510/5 368/800/5 128/274/5
f 55/129/3 157/334/3 366/796/3 369/802/3
f 1916/3570/3 1926/3583/3 437/917/3 354/775/3
f 348/761/20 354/776/20 437/918/20 435/914/20
f 1907/3554/3 352/771/3 436/916/3 1928/3591/3
f 222/496/3 295/648/3 384/824/3 382/821/3
f 602/1172/3 599/1165/3 433/910/3 338/739/3
f 306/669/5 338/740/5 433/911/5 430/904/5
f 1181/2290/4 229/509/4 431/906/4 1211/2325/4
f 340/745/3 434/912/3 418/883/3 336/734/3
f 873/1640/4 310/677/4 427/899/4 889/1680/4
f 309/675/3 428/901/3 432/908/3 329/718/3
f 885/1670/5 238/531/5 428/902/5 890/1682/5
f 348/762/3 435/915/3 425/895/3 289/637/3
f 306/670/3 430/905/3 427/900/3 310/678/3
f 685/1322/5 655/1267/5 1458/2769/5 1459/2771/5
f 326/708/4 339/742/4 434/913/4 432/909/4
f 352/771/3 282/623/3 419/886/3 436/916/3
f 284/626/3 283/624/3 420/887/3 421/889/3
f 282/623/3 281/622/3 423/891/3 419/886/3
f 713/1370/4 289/638/4 425/894/4 719/1381/4
f 606/1179/3 284/626/3 421/889/3 598/1163/3
f 281/622/3 285/627/3 422/890/3 423/891/3
f 1351/2556/3 188/406/3 416/880/3 1365/2578/3
f 179/387/21 414/877/21 416/881/21 188/407/21
f 1360/2572/3 1366/2579/3 415/879/3 183/397/3
f 171/371/3 167/359/3 397/849/3 413/875/3
f 529/1049/3 169/365/3 412/873/3 532/1053/3
f 136/290/4 409/866/4 412/874/4 169/366/4
f 459/944/5 487/976/5 410/868/5 44/107/5
f 112/242/3 402/855/3 408/865/3 137/292/3
f 763/1484/5 775/1512/5 406/861/5 140/297/5
f 139/296/3 160/345/3 411/871/3 407/863/3
f 781/1526/4 776/1514/4 407/864/4 55/130/4
f 179/388/3 118/257/3 405/859/3 414/878/3
f 136/291/3 140/298/3 406/862/3 409/867/3
f 661/1276/2 658/1271/2 1465/2782/2 1468/2786/2
f 157/335/5 411/872/5 413/876/5 170/368/5
f 183/397/3 415/879/3 399/851/3 109/238/3
f 111/241/3 401/854/3 400/852/3 110/239/3
f 109/238/3 399/851/3 403/856/3 107/236/3
f 705/1359/5 720/1387/5 405/860/5 118/258/5
f 524/1040/3 533/1054/3 401/854/3 111/241/3
f 107/236/3 403/856/3 402/855/3 112/242/3
f 41/101/5 400/853/5 487/976/5 459/944/5
f 226/503/4 481/968/4 486/975/4 420/888/4
f 110/240/5 360/786/5 485/974/5 456/940/5
f 283/625/4 478/965/4 484/971/4 380/819/4
f 1936/3599/1 1930/3593/1 483/970/1 1209/2323/1
f 380/819/4 484/971/4 467/953/4 208/468/4
f 208/468/4 467/953/4 464/950/4 196/432/4
f 1518/2867/4 1512/2859/4 482/969/4 1208/2322/4
f 420/888/4 486/975/4 478/965/4 283/625/4
f 285/627/3 307/671/3 429/903/3 422/890/3
f 1201/2314/1 469/955/1 480/967/1 1207/2321/1
f 245/546/4 271/604/4 477/964/4 471/957/4
f 1176/2285/2 1206/2320/2 476/963/2 473/960/2
f 1216/2331/2 1205/2319/2 475/962/2 597/1162/2
f 271/604/4 254/571/4 474/961/4 477/964/4
f 1691/3189/4 1199/2312/4 466/952/4 1685/3181/4
f 1202/2315/2 1176/2285/2 473/960/2 470/956/2
f 1205/2319/2 1204/2317/2 472/958/2 475/962/2
f 254/571/4 246/550/4 472/959/4 474/961/4
f 1982/3674/2 1202/2315/2 470/956/2 1979/3669/2
f 195/428/4 463/948/4 481/968/4 226/503/4
f 1174/2283/1 465/951/1 469/955/1 1201/2314/1
f 1217/2332/1 596/1161/1 468/954/1 1200/2313/1
f 1750/3266/4 1747/3263/4 466/952/4 1199/2312/4
f 1196/2308/1 462/947/1 465/951/1 1174/2283/1
f 1200/2313/1 468/954/1 464/949/1 1198/2310/1
f 1209/2323/1 483/970/1 462/947/1 1196/2308/1
f 1369/2582/1 1195/2307/1 461/946/1 1367/2580/1
f 360/786/5 24/71/5 444/927/5 485/974/5
f 24/71/5 11/34/5 441/923/5 444/927/5
f 1644/3112/5 149/320/5 460/945/5 1709/3213/5
f 400/853/5 110/240/5 456/940/5 487/976/5
f 1187/2298/1 1194/2306/1 458/943/1 446/929/1
f 1193/2305/2 454/938/2 457/942/2 1173/2282/2
f 67/156/5 449/932/5 455/939/5 96/219/5
f 1170/2279/2 451/935/2 454/938/2 1193/2305/2
f 1213/2327/2 534/1055/2 453/937/2 1192/2304/2
f 96/219/5 455/939/5 452/936/5 78/184/5
f 1832/3404/2 1831/3403/2 451/935/2 1170/2279/2
f 1192/2304/2 453/937/2 450/933/2 1191/2302/2
f 78/184/5 452/936/5 450/934/5 68/160/5
f 1795/3344/2 1792/3339/2 448/931/2 1189/2300/2
f 10/30/5 41/101/5 459/944/5 440/921/5
f 1168/2277/1 1187/2298/1 446/929/1 442/924/1
f 1212/2326/1 1186/2297/1 445/928/1 535/1056/1
f 1184/2294/1 1168/2277/1 442/924/1 439/920/1
f 1186/2297/1 1185/2295/1 441/922/1 445/928/1
f 1195/2307/1 1184/2294/1 439/920/1 461/946/1
f 542/1068/7 540/1065/7 496/990/7 504/1003/7
f 44/108/5 410/869/5 506/1009/5 491/983/5
f 547/1078/3 541/1066/3 543/1069/3 545/1074/3
f 1524/2877/4 497/992/4 507/1012/4 1527/2883/4
f 1532/2890/1 1534/2892/1 503/1001/1 500/997/1
f 526/1045/2 30/85/2 495/989/2 536/1059/2
f 1523/2876/2 1522/2875/2 488/980/2 493/986/2
f 1530/2887/5 1528/2885/5 501/998/5 490/982/5
f 1533/2891/1 1536/2895/1 537/1060/1 502/1000/1
f 1524/2877/4 1525/2879/4 498/993/4 497/992/4
f 545/1073/5 1526/2880/5 1522/2874/5 129/275/5
f 1536/2895/1 1532/2890/1 500/997/1 537/1060/1
f 1525/2878/2 1523/2876/2 493/986/2 498/994/2
f 538/1062/7 507/1011/7 496/990/7 540/1065/7
f 1534/2892/1 1531/2889/1 499/995/1 503/1001/1
f 1535/2894/5 1530/2887/5 490/982/5 505/1006/5
f 1528/2884/1 1533/2891/1 502/1000/1 501/999/1
f 9/26/5 44/108/5 491/983/5 494/987/5
f 1531/2888/4 1529/2886/4 489/981/4 499/996/4
f 30/85/2 9/28/2 494/988/2 495/989/2
f 137/292/3 408/865/3 533/1054/3 524/1040/3
f 167/359/3 529/1049/3 532/1053/3 397/849/3
f 124/268/3 364/791/3 531/1052/3 518/1032/3
f 166/358/3 106/235/3 530/1051/3 372/807/3
f 372/807/3 530/1051/3 508/1013/3 164/355/3
f 397/849/3 532/1053/3 106/235/3 166/358/3
f 1711/3215/3 154/330/3 528/1048/3 1712/3216/3
f 145/309/1 525/1041/1 529/1050/1 167/360/1
f 138/293/3 514/1025/3 525/1042/3 145/310/3
f 779/1520/2 777/1516/2 514/1026/2 138/294/2
f 964/1854/3 969/1864/3 517/1031/3 32/88/3
f 974/1876/3 32/88/3 517/1031/3 982/1890/3
f 364/791/3 137/292/3 524/1040/3 531/1052/3
f 771/1504/1 778/1518/1 515/1027/1 143/306/1
f 257/577/1 253/569/1 1095/2141/1 1094/2138/1
f 272/607/2 279/618/2 1101/2154/2 1102/2158/2
f 133/284/3 521/1036/3 523/1039/3 135/287/3
f 134/285/3 130/278/3 512/1021/3 522/1037/3
f 457/942/2 131/280/2 513/1023/2 534/1055/2
f 135/287/3 523/1039/3 520/1034/3 132/282/3
f 131/281/3 513/1024/3 521/1036/3 133/284/3
f 408/865/3 126/271/3 519/1033/3 533/1054/3
f 1654/3123/3 1710/3214/3 527/1046/3 151/324/3
f 458/943/1 535/1056/1 510/1017/1 121/263/1
f 126/271/3 122/265/3 516/1029/3 519/1033/3
f 156/333/3 511/1019/3 515/1028/3 113/244/3
f 121/264/3 124/268/3 518/1032/3 510/1018/3
f 27/80/2 511/1020/2 508/1014/2 163/353/2
f 129/276/22 526/1043/22 547/1078/22 545/1074/22
f 1437/2714/23 1433/2703/23 545/1074/23 543/1069/23
f 1432/2699/23 1437/2714/23 543/1069/23 544/1071/23
f 506/1007/1 410/870/1 546/1076/1 548/1080/1
f 410/870/1 487/977/1 547/1078/1 546/1076/1
f 1535/2893/2 505/1004/2 551/1086/2 1537/2896/2
f 1182/2291/2 365/793/2 549/1083/2 1214/2328/2
f 487/977/3 456/941/3 541/1066/3 547/1078/3
f 456/941/3 485/972/3 550/1085/3 541/1066/3
f 506/1008/7 548/1081/7 539/1064/7 492/984/7
f 505/1005/7 492/984/7 539/1064/7 551/1087/7
f 548/1081/7 538/1062/7 540/1065/7 539/1064/7
f 551/1087/7 539/1064/7 540/1065/7 542/1068/7
f 536/1057/7 488/978/7 538/1062/7 548/1081/7
f 526/1044/4 536/1058/4 548/1082/4 546/1077/4
f 1526/2880/5 538/1063/5 488/979/5 1522/2874/5
f 1527/2882/1 1526/2881/1 545/1075/1 1433/2704/1
f 1537/2896/4 551/1086/4 1397/2638/4 1539/2900/4
f 551/1087/7 542/1068/7 1398/2641/7 1397/2639/7
f 1432/2700/2 544/1070/2 1215/2329/2 552/1088/2
f 1541/2903/2 1432/2700/2 552/1088/2 1538/2898/2
f 325/706/3 286/629/3 615/1191/3 619/1199/3
f 292/643/3 620/1201/3 612/1187/3 295/648/3
f 229/510/4 559/1096/4 590/1149/4 431/907/4
f 559/1096/4 560/1097/4 589/1148/4 590/1149/4
f 280/621/4 561/1098/4 588/1146/4 385/826/4
f 561/1098/4 562/1102/4 587/1145/4 588/1146/4
f 331/722/5 555/1092/5 586/1143/5 390/836/5
f 555/1092/5 556/1093/5 585/1142/5 586/1143/5
f 1206/2320/2 1180/2289/2 479/966/2 476/963/2
f 291/641/1 577/1128/1 583/1138/1 223/497/1
f 595/1159/2 594/1158/2 568/1113/2 567/1109/2
f 577/1128/1 578/1131/1 584/1139/1 583/1138/1
f 233/514/2 563/1103/2 554/1091/2 299/656/2
f 330/720/4 557/1094/4 580/1134/4 197/434/4
f 557/1094/4 558/1095/4 579/1133/4 580/1134/4
f 431/907/4 590/1149/4 561/1098/4 280/621/4
f 227/505/5 571/1118/5 573/1120/5 199/443/5
f 571/1118/5 572/1119/5 574/1123/5 573/1120/5
f 426/898/5 592/1154/5 571/1118/5 227/505/5
f 592/1154/5 591/1153/5 572/1119/5 571/1118/5
f 621/1203/1 593/1156/1 577/1128/1 291/641/1
f 199/444/2 573/1121/2 563/1103/2 233/514/2
f 573/1121/2 574/1122/2 564/1104/2 563/1103/2
f 211/477/2 332/726/2 622/1205/2 619/1200/2
f 223/497/1 583/1138/1 575/1124/1 198/438/1
f 583/1138/1 584/1139/1 576/1127/1 575/1124/1
f 385/826/4 588/1146/4 557/1094/4 330/720/4
f 588/1146/4 587/1145/4 558/1095/4 557/1094/4
f 197/435/1 580/1135/1 581/1136/1 212/478/1
f 580/1135/1 579/1132/1 582/1137/1 581/1136/1
f 194/424/4 566/1107/4 559/1096/4 229/510/4
f 566/1107/4 565/1106/4 560/1097/4 559/1096/4
f 198/439/5 575/1125/5 555/1092/5 331/722/5
f 575/1125/5 576/1126/5 556/1093/5 555/1092/5
f 214/484/2 567/1110/2 566/1108/2 194/425/2
f 567/1110/2 568/1112/2 565/1105/2 566/1108/2
f 297/652/3 611/1186/3 614/1189/3 293/645/3
f 480/967/1 292/644/1 620/1202/1 596/1161/1
f 1507/2852/3 321/700/3 603/1173/3 1513/2860/3
f 429/903/3 598/1163/3 611/1186/3 297/652/3
f 233/515/13 299/655/13 1113/2173/13 1114/2175/13
f 301/659/3 303/663/3 609/1183/3 617/1195/3
f 305/666/3 302/661/3 610/1184/3 607/1180/3
f 479/966/2 597/1162/2 617/1196/2 301/660/2
f 304/664/3 608/1181/3 618/1197/3 300/657/3
f 303/663/3 305/666/3 607/1180/3 609/1183/3
f 276/614/5 263/589/5 1098/2149/5 1097/2147/5
f 522/1038/1 87/203/1 1072/2094/1 1082/2119/1
f 881/1660/1 313/684/1 615/1192/1 891/1684/1
f 384/824/3 600/1167/3 606/1179/3 307/671/3
f 1681/3176/3 1686/3182/3 613/1188/3 217/489/3
f 1753/3270/3 217/489/3 613/1188/3 1748/3264/3
f 883/1664/2 308/672/2 616/1193/2 892/1686/2
f 308/673/3 315/687/3 605/1177/3 616/1194/3
f 315/688/1 336/733/1 602/1171/1 605/1178/1
f 279/619/4 264/591/4 1100/2152/4 1101/2155/4
f 623/1208/5 599/1164/5 688/1326/5 689/1329/5
f 393/841/3 333/728/3 622/1206/3 601/1168/3
f 601/1169/5 623/1208/5 689/1329/5 690/1331/5
f 295/648/3 612/1187/3 600/1167/3 384/824/3
f 336/734/3 418/883/3 599/1165/3 602/1172/3
f 307/671/3 606/1179/3 598/1163/3 429/903/3
f 1180/2289/2 1216/2331/2 597/1162/2 479/966/2
f 1207/2321/1 480/967/1 596/1161/1 1217/2332/1
f 299/656/2 554/1091/2 595/1159/2 604/1175/2
f 554/1091/2 553/1090/2 594/1158/2 595/1159/2
f 212/478/1 581/1136/1 593/1156/1 621/1203/1
f 563/1103/2 564/1104/2 553/1090/2 554/1091/2
f 561/1099/3 590/1150/3 627/1216/3 624/1209/3
f 590/1151/1 589/1147/1 626/1214/1 627/1217/1
f 589/1147/7 562/1101/7 625/1212/7 626/1214/7
f 562/1101/2 561/1100/2 624/1210/2 625/1212/2
f 570/1116/7 578/1130/7 630/1223/7 628/1219/7
f 593/1157/5 570/1116/5 628/1219/5 631/1225/5
f 577/1129/3 593/1157/3 631/1225/3 629/1221/3
f 578/1130/4 577/1129/4 629/1221/4 630/1223/4
f 585/1140/7 569/1114/7 634/1231/7 635/1233/7
f 569/1114/7 591/1152/7 637/1237/7 634/1231/7
f 591/1152/1 592/1155/1 638/1239/1 637/1237/1
f 728/1405/24 1322/2511/24 1486/2818/24 1485/2815/24
f 1885/3502/24 731/1412/24 1489/2824/24 1889/3510/24
f 592/1155/1 426/897/1 633/1229/1 638/1239/1
f 586/1144/2 585/1140/2 635/1233/2 636/1235/2
f 390/835/2 586/1144/2 636/1235/2 632/1228/2
f 595/1160/7 567/1111/7 640/1243/7 641/1245/7
f 655/1267/5 653/1264/5 1457/2767/5 1458/2769/5
f 604/1176/4 595/1160/4 641/1245/4 642/1248/4
f 567/1111/5 214/483/5 639/1241/5 640/1243/5
f 637/1238/4 638/1240/4 645/1251/4 643/1249/4
f 638/1240/4 633/1230/4 644/1250/4 645/1251/4
f 648/1256/1 1413/2665/1 646/1253/1 647/1254/1
f 647/1255/4 646/1252/4 645/1251/4 644/1250/4
f 424/893/1 733/1416/1 1483/2810/1 1424/2681/1
f 695/1338/1 641/1246/1 650/1259/1 696/1339/1
f 645/1251/4 646/1252/4 649/1257/4 643/1249/4
f 640/1244/1 639/1242/1 651/1260/1 652/1262/1
f 1407/2658/5 1406/2657/5 653/1264/5 627/1218/5
f 627/1218/5 653/1264/5 655/1267/5 624/1211/5
f 684/1321/5 685/1322/5 656/1269/5 654/1265/5
f 681/1317/2 680/1316/2 657/1270/2 631/1226/2
f 631/1226/2 657/1270/2 658/1271/2 629/1222/2
f 1415/2667/2 661/1276/2 660/1274/2 659/1273/2
f 659/1272/4 660/1275/4 632/1227/4 636/1236/4
f 694/1337/1 648/1256/1 1451/2754/1 1453/2759/1
f 639/1241/5 214/483/5 1447/2742/5 1446/2737/5
f 383/822/4 207/465/4 1428/2688/4 1425/2684/4
f 363/790/2 723/1391/2 1480/2803/2 1435/2710/2
f 659/1272/4 636/1236/4 635/1234/4 664/1280/4
f 1415/2667/2 659/1273/2 664/1281/2 1416/2668/2
f 681/1317/2 631/1226/2 628/1220/2 682/1318/2
f 684/1321/5 654/1265/5 665/1282/5 686/1323/5
f 1407/2658/5 627/1218/5 626/1215/5 1408/2659/5
f 640/1244/1 652/1262/1 666/1284/1 662/1277/1
f 641/1246/1 640/1244/1 662/1277/1 650/1259/1
f 664/1280/4 635/1234/4 671/1294/4 677/1307/4
f 650/1259/1 662/1277/1 676/1305/1 675/1303/1
f 1416/2668/2 664/1281/2 677/1308/2 1418/2672/2
f 637/1238/4 643/1249/4 673/1298/4 672/1296/4
f 634/1232/4 637/1238/4 672/1296/4 670/1292/4
f 662/1277/1 666/1284/1 679/1313/1 676/1305/1
f 635/1234/4 634/1232/4 670/1292/4 671/1294/4
f 682/1318/2 628/1220/2 668/1288/2 683/1319/2
f 643/1249/4 649/1257/4 674/1300/4 673/1298/4
f 686/1323/5 665/1282/5 678/1310/5 687/1324/5
f 628/1220/2 630/1224/2 669/1291/2 668/1288/2
f 626/1215/5 625/1213/5 667/1286/5 663/1278/5
f 1408/2659/5 626/1215/5 663/1278/5 1409/2661/5
f 696/1339/1 650/1259/1 675/1303/1 697/1340/1
f 660/1274/2 661/1276/2 1468/2786/2 1469/2788/2
f 653/1264/5 1406/2657/5 1456/2765/5 1457/2767/5
f 722/1389/1 404/857/1 1434/2707/1 1479/2800/1
f 14/46/2 48/112/2 1523/2876/2 1525/2878/2
f 1322/2511/24 1316/2498/24 1499/2839/24 1486/2818/24
f 642/1247/1 694/1337/1 1453/2759/1 1449/2748/1
f 227/505/1 228/507/1 1430/2695/1 1431/2697/1
f 43/106/1 42/103/1 1441/2724/1 1440/2722/1
f 665/1283/2 682/1318/2 683/1319/2 678/1311/2
f 654/1266/2 681/1317/2 682/1318/2 665/1283/2
f 654/1266/2 656/1268/2 680/1316/2 681/1317/2
f 625/1213/5 686/1323/5 687/1324/5 667/1286/5
f 624/1211/5 684/1321/5 686/1323/5 625/1213/5
f 624/1211/5 655/1267/5 685/1322/5 684/1321/5
f 632/1227/4 660/1275/4 1469/2789/4 1443/2730/4
f 651/1260/1 639/1242/1 1446/2738/1 1455/2762/1
f 658/1271/2 657/1270/2 1464/2780/2 1465/2782/2
f 1411/2663/7 676/1306/7 679/1314/7 1409/2660/7
f 692/1335/7 693/1336/7 663/1279/7 667/1287/7
f 691/1334/7 692/1335/7 667/1287/7 687/1325/7
f 683/1320/7 691/1334/7 687/1325/7 678/1312/7
f 1412/2664/7 697/1341/7 675/1304/7 1410/2662/7
f 669/1290/7 700/1347/7 690/1332/7 668/1289/7
f 689/1330/7 688/1328/7 693/1336/7 692/1335/7
f 690/1332/7 689/1330/7 692/1335/7 691/1334/7
f 668/1289/7 690/1332/7 691/1334/7 683/1320/7
f 1410/2662/7 675/1304/7 676/1306/7 1411/2663/7
f 1414/2666/1 696/1339/1 697/1340/1 1417/2670/1
f 1413/2665/1 695/1338/1 696/1339/1 1414/2666/1
f 642/1247/1 641/1246/1 695/1338/1 694/1337/1
f 1421/2675/7 1420/2674/7 699/1345/7 700/1347/7
f 1420/2674/7 1419/2673/7 698/1344/7 699/1345/7
f 1422/2676/7 1417/2669/7 697/1341/7 1412/2664/7
f 1418/2671/7 1421/2675/7 700/1347/7 669/1290/7
f 648/1256/1 647/1254/1 1452/2756/1 1451/2754/1
f 723/1392/4 728/1404/4 1485/2816/4 1480/2804/4
f 1325/2514/25 1324/2513/25 1497/2835/25 1492/2829/25
f 633/1229/1 426/897/1 1423/2677/1 1445/2734/1
f 599/1166/1 418/884/1 698/1342/1 688/1327/1
f 393/842/2 601/1170/2 690/1333/2 700/1348/2
f 335/732/4 393/843/4 700/1349/4 699/1346/4
f 418/885/4 335/732/4 699/1346/4 698/1343/4
f 43/106/5 404/858/5 720/1387/5 705/1359/5
f 228/508/4 713/1370/4 719/1381/4 424/892/4
f 23/68/5 363/789/5 1435/2711/5 1438/2716/5
f 1434/2709/3 1433/2705/3 1437/2715/3 1436/2713/3
f 1895/3526/2 1932/3595/2 715/1373/2 344/754/2
f 193/421/1 714/1371/1 716/1374/1 341/747/1
f 190/413/4 710/1365/4 713/1370/4 228/508/4
f 207/465/4 712/1369/4 714/1372/4 193/422/4
f 344/754/2 715/1373/2 710/1366/2 190/414/2
f 1854/3435/25 1325/2514/25 1492/2829/25 1866/3461/25
f 383/822/4 717/1375/4 712/1369/4 207/465/4
f 1909/3556/1 1934/3597/1 706/1360/1 2/3/1
f 1354/2562/2 175/380/2 708/1363/2 1368/2581/2
f 8/23/1 172/373/1 709/1364/1 707/1361/1
f 5/15/5 43/106/5 705/1359/5 701/1350/5
f 23/68/5 8/24/5 707/1362/5 703/1354/5
f 175/380/2 5/16/2 701/1351/2 708/1363/2
f 363/789/5 23/68/5 703/1354/5 718/1378/5
f 718/1379/7 702/1353/7 721/1388/7 724/1395/7
f 1378/2598/7 720/1385/7 725/1398/7 1379/2600/7
f 720/1386/1 404/857/1 722/1389/1 725/1396/1
f 1778/3315/1 2/3/1 706/1360/1 1782/3322/1
f 644/1250/4 633/1230/4 1445/2735/4 1450/2752/4
f 1324/2513/25 726/1400/25 1484/2812/25 1497/2835/25
f 725/1397/4 722/1390/4 726/1399/4 727/1401/4
f 363/790/2 718/1380/2 724/1393/2 723/1391/2
f 723/1392/4 724/1394/4 729/1406/4 728/1404/4
f 1887/3505/1 1881/3495/1 737/1425/1 738/1426/1
f 404/858/5 43/106/5 1440/2722/5 1434/2708/5
f 390/835/2 632/1228/2 1443/2731/2 1442/2727/2
f 711/1368/7 717/1376/7 735/1420/7 734/1418/7
f 1377/2596/7 711/1368/7 734/1418/7 1380/2601/7
f 424/893/1 719/1382/1 736/1422/1 733/1416/1
f 1885/3502/2 1880/3494/2 730/1409/2 731/1412/2
f 717/1377/2 383/823/2 732/1414/2 735/1419/2
f 733/1417/5 736/1423/5 738/1426/5 737/1425/5
f 657/1270/2 680/1316/2 1461/2776/2 1464/2780/2
f 726/1399/4 722/1390/4 1479/2801/4 1484/2813/4
f 1886/3503/7 735/1420/7 730/1410/7 1880/3493/7
f 1882/3496/7 1879/3492/7 736/1424/7 1380/2601/7
f 1886/3503/7 1878/3491/7 734/1418/7 735/1420/7
f 502/1000/1 537/1060/1 760/1478/1 749/1452/1
f 488/980/2 536/1059/2 759/1476/2 755/1464/2
f 496/991/4 507/1012/4 754/1462/4 757/1470/4
f 491/983/5 506/1009/5 753/1460/5 741/1432/5
f 492/985/5 505/1006/5 752/1458/5 742/1434/5
f 489/981/4 504/1002/4 751/1456/4 739/1428/4
f 500/997/1 503/1001/1 750/1454/1 748/1450/1
f 536/1059/2 495/989/2 744/1438/2 759/1476/2
f 493/986/2 488/980/2 755/1464/2 743/1436/2
f 490/982/5 501/998/5 758/1472/5 740/1430/5
f 506/1009/5 492/985/5 742/1434/5 753/1460/5
f 497/992/4 498/993/4 746/1442/4 745/1440/4
f 507/1012/4 497/992/4 745/1440/4 754/1462/4
f 537/1060/1 500/997/1 748/1450/1 760/1478/1
f 498/994/2 493/986/2 743/1436/2 746/1443/2
f 504/1002/4 496/991/4 757/1470/4 751/1456/4
f 503/1001/1 499/995/1 747/1446/1 750/1454/1
f 505/1006/5 490/982/5 740/1430/5 752/1458/5
f 501/999/1 502/1000/1 749/1452/1 758/1473/1
f 494/987/5 491/983/5 741/1432/5 756/1466/5
f 499/996/4 489/981/4 739/1428/4 747/1447/4
f 495/989/2 494/988/2 756/1467/2 744/1438/2
f 780/1524/3 766/1491/3 814/1569/3 785/1535/3
f 745/1441/7 746/1444/7 806/1560/7 807/1561/7
f 766/1491/3 777/1517/3 825/1582/3 814/1569/3
f 761/1481/3 769/1500/3 817/1574/3 809/1564/3
f 753/1461/7 742/1435/7 798/1551/7 795/1548/7
f 772/1507/3 770/1503/3 818/1575/3 820/1577/3
f 763/1485/3 780/1525/3 785/1534/3 811/1566/3
f 740/1431/7 758/1474/7 790/1543/7 805/1558/7
f 773/1509/3 761/1481/3 809/1564/3 821/1578/3
f 771/1505/3 782/1530/3 789/1540/3 819/1576/3
f 743/1437/7 755/1465/7 784/1533/7 804/1557/7
f 774/1511/3 764/1487/3 812/1567/3 822/1579/3
f 744/1439/7 756/1468/7 786/1536/7 803/1556/7
f 762/1483/3 774/1511/3 822/1579/3 810/1565/3
f 759/1477/7 744/1439/7 803/1556/7 793/1546/7
f 775/1513/3 763/1485/3 811/1566/3 823/1580/3
f 747/1448/7 739/1429/7 800/1553/7 808/1562/7
f 769/1501/3 772/1507/3 820/1577/3 817/1573/3
f 748/1451/7 750/1455/7 801/1554/7 802/1555/7
f 776/1515/3 781/1527/3 787/1538/3 824/1581/3
f 756/1469/7 741/1433/7 796/1549/7 786/1537/7
f 781/1527/3 773/1509/3 821/1578/3 787/1538/3
f 859/1622/26 866/1629/26 826/1583/26 819/1576/26
f 867/1630/27 865/1628/27 825/1582/27 783/1532/27
f 869/1633/28 864/1627/28 824/1581/28 787/1538/28
f 851/1612/29 863/1626/29 823/1580/29 811/1566/29
f 852/1613/29 862/1625/29 822/1579/29 812/1567/29
f 849/1610/28 861/1624/28 821/1578/28 809/1564/28
f 858/1621/26 860/1623/26 820/1577/26 818/1575/26
f 865/1628/27 854/1615/27 814/1569/27 825/1582/27
f 853/1614/27 867/1630/27 783/1532/27 813/1568/27
f 850/1611/29 870/1635/29 789/1541/29 810/1565/29
f 863/1626/29 852/1613/29 812/1567/29 823/1580/29
f 855/1616/28 856/1618/28 816/1571/28 815/1570/28
f 864/1627/28 855/1616/28 815/1570/28 824/1581/28
f 866/1629/26 858/1621/26 818/1575/26 826/1583/26
f 856/1617/27 853/1614/27 813/1568/27 816/1572/27
f 861/1624/28 869/1633/28 787/1538/28 821/1578/28
f 860/1623/26 857/1620/26 817/1573/26 820/1577/26
f 862/1625/29 850/1611/29 810/1565/29 822/1579/29
f 870/1634/26 859/1622/26 819/1576/26 789/1540/26
f 868/1632/29 851/1612/29 811/1566/29 785/1534/29
f 857/1619/28 849/1610/28 809/1564/28 817/1574/28
f 854/1615/27 868/1631/27 785/1535/27 814/1569/27
f 779/1521/3 765/1489/3 813/1568/3 783/1532/3
f 754/1463/7 745/1441/7 807/1561/7 794/1547/7
f 782/1531/3 762/1483/3 810/1565/3 789/1541/3
f 760/1479/7 748/1451/7 802/1555/7 791/1544/7
f 749/1453/7 760/1479/7 791/1544/7 792/1545/7
f 764/1487/3 775/1513/3 823/1580/3 812/1567/3
f 746/1445/7 743/1437/7 804/1557/7 806/1559/7
f 755/1465/7 759/1477/7 793/1546/7 784/1533/7
f 768/1496/3 767/1493/3 815/1570/3 816/1571/3
f 751/1457/7 757/1471/7 788/1539/7 799/1552/7
f 757/1471/7 754/1463/7 794/1547/7 788/1539/7
f 767/1493/3 776/1515/3 824/1581/3 815/1570/3
f 750/1455/7 747/1449/7 808/1563/7 801/1554/7
f 741/1433/7 753/1461/7 795/1548/7 796/1549/7
f 770/1503/3 778/1519/3 826/1583/3 818/1575/3
f 752/1459/7 740/1431/7 805/1558/7 797/1550/7
f 778/1519/3 771/1505/3 819/1576/3 826/1583/3
f 742/1435/7 752/1459/7 797/1550/7 798/1551/7
f 765/1489/3 768/1497/3 816/1572/3 813/1568/3
f 758/1475/7 749/1453/7 792/1545/7 790/1542/7
f 777/1517/3 779/1521/3 783/1532/3 825/1582/3
f 739/1429/7 751/1457/7 799/1552/7 800/1553/7
f 803/1556/30 786/1536/30 828/1585/30 836/1595/30
f 808/1562/31 800/1553/31 831/1590/31 839/1599/31
f 786/1537/32 796/1549/32 833/1592/32 828/1586/32
f 790/1542/33 792/1545/33 841/1602/33 830/1588/33
f 797/1550/32 805/1558/32 832/1591/32 844/1605/32
f 801/1554/33 808/1563/33 839/1600/33 842/1603/33
f 799/1552/31 788/1539/31 829/1587/31 843/1604/31
f 806/1559/30 804/1557/30 835/1594/30 838/1597/30
f 791/1544/33 802/1555/33 840/1601/33 848/1609/33
f 794/1547/31 807/1561/31 837/1596/31 846/1607/31
f 807/1561/31 806/1560/31 838/1598/31 837/1596/31
f 795/1548/32 798/1551/32 834/1593/32 845/1606/32
f 805/1558/32 790/1543/32 830/1589/32 832/1591/32
f 804/1557/30 784/1533/30 827/1584/30 835/1594/30
f 793/1546/30 803/1556/30 836/1595/30 847/1608/30
f 802/1555/33 801/1554/33 842/1603/33 840/1601/33
f 800/1553/31 799/1552/31 843/1604/31 831/1590/31
f 798/1551/32 797/1550/32 844/1605/32 834/1593/32
f 796/1549/32 795/1548/32 845/1606/32 833/1592/32
f 788/1539/31 794/1547/31 846/1607/31 829/1587/31
f 784/1533/30 793/1546/30 847/1608/30 827/1584/30
f 792/1545/33 791/1544/33 848/1609/33 841/1602/33
f 836/1595/34 828/1585/34 868/1631/34 854/1615/34
f 839/1599/35 831/1590/35 849/1610/35 857/1619/35
f 828/1586/36 833/1592/36 851/1612/36 868/1632/36
f 830/1588/37 841/1602/37 859/1622/37 870/1634/37
f 844/1605/36 832/1591/36 850/1611/36 862/1625/36
f 842/1603/37 839/1600/37 857/1620/37 860/1623/37
f 843/1604/35 829/1587/35 869/1633/35 861/1624/35
f 838/1597/34 835/1594/34 853/1614/34 856/1617/34
f 848/1609/37 840/1601/37 858/1621/37 866/1629/37
f 846/1607/35 837/1596/35 855/1616/35 864/1627/35
f 837/1596/35 838/1598/35 856/1618/35 855/1616/35
f 845/1606/36 834/1593/36 852/1613/36 863/1626/36
f 832/1591/36 830/1589/36 870/1635/36 850/1611/36
f 835/1594/34 827/1584/34 867/1630/34 853/1614/34
f 847/1608/34 836/1595/34 854/1615/34 865/1628/34
f 840/1601/37 842/1603/37 860/1623/37 858/1621/37
f 831/1590/35 843/1604/35 861/1624/35 849/1610/35
f 834/1593/36 844/1605/36 862/1625/36 852/1613/36
f 833/1592/36 845/1606/36 863/1626/36 851/1612/36
f 829/1587/35 846/1607/35 864/1627/35 869/1633/35
f 827/1584/34 847/1608/34 865/1628/34 867/1630/34
f 841/1602/37 848/1609/37 866/1629/37 859/1622/37
f 878/1652/3 875/1645/3 924/1760/3 930/1774/3
f 910/1728/7 909/1726/7 927/1766/7 929/1770/7
f 883/1665/3 892/1687/3 940/1800/3 939/1798/3
f 891/1685/3 880/1659/3 934/1789/3 941/1803/3
f 909/1726/7 900/1707/7 956/1840/7 927/1766/7
f 890/1683/3 877/1649/3 928/1768/3 943/1807/3
f 912/1737/7 901/1709/7 957/1842/7 933/1787/7
f 902/1712/7 893/1689/7 949/1823/7 958/1845/7
f 877/1649/3 878/1653/3 930/1775/3 928/1768/3
f 907/1722/7 910/1729/7 929/1771/7 923/1759/7
f 901/1709/7 913/1739/7 935/1791/7 957/1842/7
f 889/1681/3 874/1643/3 922/1757/3 944/1809/3
f 895/1694/7 897/1702/7 953/1835/7 951/1828/7
f 900/1707/7 895/1694/7 951/1828/7 956/1840/7
f 872/1639/3 886/1674/3 947/1814/3 918/1749/3
f 911/1732/7 914/1741/7 937/1795/7 931/1778/7
f 899/1706/7 905/1718/7 919/1751/7 955/1839/7
f 892/1687/3 876/1647/3 926/1764/3 940/1800/3
f 904/1716/7 898/1703/7 954/1836/7 917/1747/7
f 876/1647/3 884/1668/3 948/1818/3 926/1764/3
f 898/1703/7 906/1720/7 921/1755/7 954/1836/7
f 875/1645/3 883/1665/3 939/1798/3 924/1760/3
f 568/1112/2 908/1723/2 894/1690/2 565/1105/2
f 576/1126/5 911/1733/5 903/1713/5 556/1093/5
f 565/1106/4 894/1691/4 905/1717/4 560/1097/4
f 579/1132/1 896/1696/1 913/1738/1 582/1137/1
f 587/1145/4 898/1704/4 904/1715/4 558/1095/4
f 584/1139/1 914/1740/1 911/1734/1 576/1127/1
f 585/1141/5 897/1700/5 895/1695/5 569/1115/5
f 574/1122/2 910/1730/2 907/1721/2 564/1104/2
f 570/1117/1 901/1710/1 912/1736/1 578/1131/1
f 591/1153/5 900/1708/5 909/1727/5 572/1119/5
f 572/1119/5 909/1727/5 910/1731/5 574/1123/5
f 589/1148/4 899/1705/4 906/1719/4 562/1102/4
f 558/1095/4 904/1715/4 896/1697/4 579/1133/4
f 594/1158/2 902/1711/2 908/1724/2 568/1113/2
f 564/1104/2 907/1721/2 893/1688/2 553/1090/2
f 578/1131/1 912/1736/1 914/1740/1 584/1139/1
f 556/1093/5 903/1713/5 897/1701/5 585/1142/5
f 562/1102/4 906/1719/4 898/1704/4 587/1145/4
f 560/1097/4 905/1717/4 899/1705/4 589/1148/4
f 569/1115/5 895/1695/5 900/1708/5 591/1153/5
f 582/1137/1 913/1738/1 901/1710/1 570/1117/1
f 553/1090/2 893/1688/2 902/1711/2 594/1158/2
f 949/1822/2 939/1799/2 940/1801/2 958/1844/2
f 935/1790/1 936/1792/1 941/1802/1 957/1843/1
f 951/1829/5 942/1804/5 943/1806/5 956/1841/5
f 919/1750/4 920/1752/4 944/1808/4 955/1838/4
f 921/1754/4 922/1756/4 945/1810/4 954/1837/4
f 915/1742/5 916/1744/5 946/1812/5 953/1834/5
f 933/1786/1 934/1788/1 938/1796/1 937/1794/1
f 923/1758/2 924/1761/2 939/1799/2 949/1822/2
f 958/1844/2 940/1801/2 926/1765/2 925/1762/2
f 917/1746/4 918/1748/4 947/1815/4 952/1830/4
f 955/1838/4 944/1808/4 922/1756/4 921/1754/4
f 927/1767/5 928/1769/5 930/1776/5 929/1772/5
f 956/1841/5 943/1806/5 928/1769/5 927/1767/5
f 957/1843/1 941/1802/1 934/1788/1 933/1786/1
f 929/1773/2 930/1777/2 924/1761/2 923/1758/2
f 953/1834/5 946/1812/5 942/1804/5 951/1829/5
f 937/1794/1 938/1796/1 932/1782/1 931/1779/1
f 954/1837/4 945/1810/4 918/1748/4 917/1746/4
f 952/1831/1 947/1816/1 936/1792/1 935/1790/1
f 950/1824/4 948/1819/4 920/1752/4 919/1750/4
f 931/1780/5 932/1783/5 916/1744/5 915/1742/5
f 925/1762/2 926/1765/2 948/1820/2 950/1825/2
f 881/1661/3 891/1685/3 941/1803/3 936/1793/3
f 906/1720/7 899/1706/7 955/1839/7 921/1755/7
f 887/1677/3 885/1671/3 942/1805/3 946/1813/3
f 885/1671/3 890/1683/3 943/1807/3 942/1805/3
f 896/1698/7 904/1716/7 917/1747/7 952/1832/7
f 882/1663/3 879/1656/3 932/1784/3 938/1797/3
f 873/1641/3 889/1681/3 944/1809/3 920/1753/3
f 908/1725/7 902/1712/7 958/1845/7 925/1763/7
f 888/1679/3 872/1639/3 918/1749/3 945/1811/3
f 894/1692/7 908/1725/7 925/1763/7 950/1826/7
f 874/1643/3 888/1679/3 945/1811/3 922/1757/3
f 893/1689/7 907/1722/7 923/1759/7 949/1823/7
f 886/1675/3 881/1661/3 936/1793/3 947/1817/3
f 903/1714/7 911/1735/7 931/1781/7 915/1743/7
f 871/1637/3 887/1677/3 946/1813/3 916/1745/3
f 914/1741/7 912/1737/7 933/1787/7 937/1795/7
f 884/1669/3 873/1641/3 920/1753/3 948/1821/3
f 905/1718/7 894/1693/7 950/1827/7 919/1751/7
f 880/1659/3 882/1663/3 938/1797/3 934/1789/3
f 897/1702/7 903/1714/7 915/1743/7 953/1835/7
f 879/1657/3 871/1637/3 916/1745/3 932/1785/3
f 913/1739/7 896/1699/7 952/1833/7 935/1791/7
f 985/1894/3 991/1905/3 969/1864/3 964/1854/3
f 987/1899/5 965/1855/5 968/1861/5 990/1904/5
f 991/1905/3 989/1903/3 967/1860/3 969/1864/3
f 1061/2065/7 1060/2063/7 960/1848/7 961/1849/7
f 989/1903/3 984/1893/3 963/1853/3 967/1860/3
f 1158/2262/38 1037/2008/38 1006/1937/38 1153/2256/38
f 988/1902/3 985/1894/3 964/1854/3 966/1858/3
f 1405/2656/7 1404/2655/7 983/1892/7 977/1880/7
f 990/1904/5 968/1861/5 966/1859/5 988/1901/5
f 984/1893/3 1666/3139/3 1667/3142/3 963/1853/3
f 1666/3138/4 1667/3143/4 959/1846/4 992/1906/4
f 1165/2273/7 1403/2654/7 960/1848/7 1060/2063/7
f 997/1922/3 974/1876/3 982/1890/3 1004/1935/3
f 1219/2335/5 1003/1934/5 981/1887/5 1218/2334/5
f 1004/1935/3 982/1890/3 980/1886/3 1002/1933/3
f 1059/2060/7 978/1883/7 979/1885/7 1057/2057/7
f 1235/2365/2 1056/2055/2 1051/2044/2 1157/2260/2
f 1002/1933/3 980/1886/3 976/1879/3 999/1927/3
f 994/1914/3 972/1871/3 974/1876/3 997/1922/3
f 1151/2254/1 1145/2244/1 975/1877/1 1007/1940/1
f 1003/1934/5 994/1913/5 972/1872/5 981/1887/5
f 999/1927/3 976/1879/3 971/1867/3 993/1911/3
f 993/1910/4 1000/1928/4 970/1865/4 971/1868/4
f 147/313/4 1666/3138/4 992/1906/4 146/311/4
f 153/328/3 147/314/3 1666/3139/3 984/1893/3
f 460/945/5 990/1904/5 988/1901/5 148/317/5
f 150/322/3 986/1895/3 987/1898/3 149/319/3
f 148/318/3 151/324/3 985/1894/3 988/1902/3
f 146/312/3 992/1907/3 1143/2237/3 152/327/3
f 155/331/3 153/328/3 984/1893/3 989/1903/3
f 1789/3334/1 77/181/1 1068/2085/1 1793/3341/1
f 527/1046/3 155/331/3 989/1903/3 991/1905/3
f 149/320/5 987/1899/5 990/1904/5 460/945/5
f 151/324/3 527/1046/3 991/1905/3 985/1894/3
f 1754/3271/5 216/488/5 1093/2137/5 1760/3282/5
f 1145/2244/1 1146/2245/1 1140/2229/1 975/1877/1
f 72/172/4 71/168/4 1000/1928/4 993/1910/4
f 89/208/3 999/1927/3 993/1911/3 72/173/3
f 449/932/5 67/156/5 994/1913/5 1003/1934/5
f 84/195/3 66/153/3 995/1915/3 996/1919/3
f 67/157/3 994/1914/3 997/1922/3 85/198/3
f 71/169/3 88/205/3 998/1923/3 1000/1929/3
f 132/283/3 1002/1933/3 999/1927/3 89/208/3
f 81/189/1 91/211/1 1069/2086/1 1067/2082/1
f 1790/3336/2 98/223/2 1081/2116/2 1794/3343/2
f 520/1035/3 1004/1935/3 1002/1933/3 132/283/3
f 1190/2301/5 449/932/5 1003/1934/5 1219/2335/5
f 85/198/3 997/1922/3 1004/1935/3 520/1035/3
f 986/1896/4 150/323/4 1065/2078/4 1064/2074/4
f 1154/2257/39 1008/1941/39 1053/2048/39 1155/2258/39
f 1246/2384/3 1251/2393/3 1025/1982/3 1022/1976/3
f 1156/2259/39 1152/2255/39 1011/1951/39 1052/2046/39
f 1160/2264/1 1148/2250/1 1010/1945/1 1141/2231/1
f 1159/2263/38 1147/2248/38 1009/1943/38 1054/2051/38
f 1252/2394/3 1033/2001/3 1015/1958/3 1040/2020/3
f 1553/2927/2 1544/2909/2 1020/1971/2 1021/1973/2
f 1141/2230/7 1010/1946/7 1016/1960/7 1043/2025/7
f 1054/2050/7 1009/1944/7 1017/1964/7 1049/2040/7
f 1006/1938/7 1037/2009/7 1030/1992/7 1019/1969/7
f 1571/2977/5 1568/2969/5 1015/1959/5 1033/2000/5
f 1543/2907/2 1566/2961/2 1018/1966/2 1026/1983/2
f 1544/2909/2 1543/2907/2 1026/1983/2 1020/1971/2
f 1561/2951/4 1546/2913/4 1034/2002/4 1035/2004/4
f 1546/2913/4 1556/2933/4 1027/1985/4 1034/2002/4
f 1565/2959/5 1572/2979/5 1024/1979/5 1012/1952/5
f 1575/2985/1 1550/2921/1 1022/1975/1 1025/1981/1
f 1038/2012/7 1053/2049/7 1050/2042/7 1047/2033/7
f 1010/1947/7 1054/2050/7 1049/2040/7 1016/1961/7
f 1051/2045/7 1056/2054/7 1045/2029/7 1029/1990/7
f 1549/2919/1 1558/2941/1 1039/2016/1 1023/1977/1
f 1550/2921/1 1549/2919/1 1023/1977/1 1022/1975/1
f 1555/2931/2 1553/2927/2 1021/1973/2 1032/1998/2
f 1154/2257/39 1156/2259/39 1052/2046/39 1008/1941/39
f 1556/2934/2 1555/2931/2 1032/1998/2 1027/1986/2
f 1155/2258/39 1053/2048/39 1038/2013/39 1150/2253/39
f 1157/2260/2 1051/2044/2 1037/2010/2 1158/2261/2
f 1153/2256/38 1006/1937/38 1009/1943/38 1147/2248/38
f 1558/2942/4 1562/2953/4 1013/1954/4 1039/2017/4
f 1562/2953/4 1561/2951/4 1035/2004/4 1013/1954/4
f 1009/1944/7 1006/1938/7 1019/1969/7 1017/1964/7
f 975/1878/7 1140/2228/7 1044/2027/7 1041/2021/7
f 1140/2228/7 1141/2230/7 1043/2025/7 1044/2027/7
f 1566/2962/5 1565/2959/5 1012/1952/5 1018/1967/5
f 1568/2969/1 1576/2987/1 1040/2019/1 1015/1959/1
f 1572/2979/5 1571/2977/5 1033/2000/5 1024/1979/5
f 1576/2987/1 1575/2985/1 1025/1981/1 1040/2019/1
f 1008/1942/7 1052/2047/7 1028/1988/7 1042/2023/7
f 1011/1949/7 1007/1939/7 1014/1956/7 1048/2037/7
f 1007/1939/7 975/1878/7 1041/2021/7 1014/1956/7
f 1053/2049/7 1008/1942/7 1042/2023/7 1050/2042/7
f 1037/2011/7 1051/2045/7 1029/1990/7 1030/1993/7
f 1036/2006/7 1038/2014/7 1047/2034/7 1031/1996/7
f 1052/2047/7 1011/1950/7 1048/2038/7 1028/1988/7
f 1056/2054/7 1055/2052/7 1046/2031/7 1045/2029/7
f 1055/2052/7 1036/2006/7 1031/1996/7 1046/2031/7
f 1152/2255/1 1151/2254/1 1007/1940/1 1011/1951/1
f 1150/2252/2 1038/2015/2 1036/2007/2 1149/2251/2
f 1148/2249/38 1159/2263/38 1054/2051/38 1010/1948/38
f 1149/2251/2 1036/2007/2 1055/2053/2 1161/2267/2
f 1117/2180/2 1118/2185/2 1005/1936/2 1250/2391/2
f 1161/2267/2 1055/2053/2 1056/2055/2 1235/2365/2
f 1085/2123/3 1082/2118/3 1072/2095/3 1071/2091/3
f 1794/3342/3 1793/3340/3 1068/2084/3 1080/2115/3
f 1839/3416/3 1838/3413/3 1067/2083/3 1079/2112/3
f 1079/2112/3 1067/2083/3 1069/2087/3 1078/2110/3
f 1083/2120/3 1085/2122/3 1071/2092/3 1074/2099/3
f 1077/2107/3 1078/2109/3 1086/2124/3 1084/2121/3
f 1078/2110/3 1069/2087/3 1075/2101/3 1086/2125/3
f 1749/3265/3 1760/3281/3 1093/2136/3 1105/2163/3
f 1103/2161/3 1102/2159/3 1094/2139/3 1095/2140/3
f 1981/3672/3 1103/2161/3 1095/2140/3 1980/3671/3
f 1110/2170/3 1097/2146/3 1098/2148/3 1106/2164/3
f 1690/3188/3 1105/2163/3 1093/2136/3 1687/3183/3
f 1102/2159/3 1101/2156/3 1096/2144/3 1094/2139/3
f 1108/2168/3 1099/2151/3 1097/2146/3 1110/2170/3
f 1100/2153/3 1109/2169/3 1111/2171/3 1101/2157/3
f 1688/3185/3 1091/2132/3 1089/2130/3 1689/3187/3
f 1101/2157/3 1111/2171/3 1107/2166/3 1096/2145/3
f 1759/3280/3 1758/3278/3 1089/2130/3 1091/2132/3
f 1517/2866/3 1514/2862/3 1087/2126/3 1104/2162/3
f 1515/2864/3 1516/2865/3 1090/2131/3 1092/2135/3
f 1084/2121/3 1086/2124/3 1085/2122/3 1083/2120/3
f 1086/2125/3 1075/2101/3 1082/2118/3 1085/2123/3
f 1758/3278/3 1749/3265/3 1105/2163/3 1089/2130/3
f 1111/2171/3 1110/2170/3 1106/2164/3 1107/2166/3
f 1689/3187/3 1089/2130/3 1105/2163/3 1690/3188/3
f 1109/2169/3 1108/2168/3 1110/2170/3 1111/2171/3
f 1516/2865/3 1517/2866/3 1104/2162/3 1090/2131/3
f 1115/2177/3 1116/2178/3 1064/2075/3 1065/2079/3
f 1063/2073/3 1142/2233/3 1144/2240/3 1066/2081/3
f 1066/2081/3 1144/2240/3 1116/2178/3 1115/2177/3
f 1083/2120/3 1074/2099/3 1073/2096/3 1118/2184/3
f 1077/2107/3 1084/2121/3 1117/2181/3 1076/2103/3
f 1084/2121/3 1083/2120/3 1118/2184/3 1117/2181/3
f 1716/3223/4 322/701/4 1092/2134/4 1725/3236/4
f 88/206/5 105/234/5 1078/2111/5 1077/2108/5
f 998/1924/5 88/206/5 1077/2108/5 1076/2104/5
f 84/196/4 996/1920/4 1073/2097/4 1074/2100/4
f 105/234/2 97/221/2 1079/2113/2 1078/2111/2
f 134/286/1 522/1038/1 1082/2119/1 1075/2102/1
f 1511/2857/4 233/516/4 1114/2174/4 1515/2863/4
f 608/1182/1 304/665/1 1107/2167/1 1106/2165/1
f 263/589/1 608/1182/1 1106/2165/1 1098/2149/1
f 996/1921/2 1005/1936/2 1118/2185/2 1073/2098/2
f 260/582/5 276/614/5 1097/2147/5 1099/2150/5
f 1134/2219/3 1123/2192/3 1120/2187/3 1119/2186/3
f 1125/2198/3 1134/2219/3 1119/2186/3 1121/2188/3
f 1218/2333/1 981/1888/1 1125/2196/1 1220/2337/1
f 965/1857/2 962/1851/2 1167/2276/2
f 1167/2276/4 962/1851/4 1062/2068/4 1166/2274/4
f 1220/2336/4 1125/2197/4 1126/2200/4 1221/2338/4
f 1222/2340/5 1223/2343/5 1127/2201/5 1130/2207/5
f 1224/2344/5 1225/2345/5 1128/2203/5 1124/2194/5
f 1225/2345/5 1226/2348/5 1129/2206/5 1128/2203/5
f 1223/2343/5 1224/2344/5 1124/2194/5 1127/2201/5
f 1247/2385/40 1242/2378/40 1241/2376/40 1248/2387/40
f 1136/2222/3 1133/2218/3 1127/2202/3 1124/2195/3
f 1230/2356/2 1165/2272/2 1060/2064/2 1227/2349/2
f 1137/2223/3 1136/2222/3 1124/2195/3 1128/2204/3
f 1229/2355/1 1138/2225/1 1131/2211/1 1228/2352/1
f 1227/2349/2 1060/2064/2 1061/2066/2 1222/2339/2
f 981/1889/3 443/926/3 1134/2219/3 1125/2198/3
f 443/926/3 968/1862/3 1123/2192/3 1134/2219/3
f 1123/2192/3 1122/2189/3 1135/2220/3 1120/2187/3
f 1120/2187/3 1135/2220/3 1132/2214/3 1133/2218/3
f 1263/2415/41 1264/2417/41 1260/2409/41 1261/2411/41
f 1121/2188/3 1119/2186/3 1136/2222/3 1137/2223/3
f 1119/2186/3 1120/2187/3 1133/2218/3 1136/2222/3
f 1126/2199/3 1125/2198/3 1121/2188/3 1138/2224/3
f 1138/2224/3 1121/2188/3 1137/2223/3 1131/2212/3
f 1133/2218/3 1132/2214/3 1130/2208/3 1127/2202/3
f 1221/2338/1 1126/2200/1 1138/2225/1 1229/2355/1
f 1146/2245/1 1160/2264/1 1141/2231/1 1140/2229/1
f 1005/1936/2 1161/2267/2 1235/2365/2 1250/2391/2
f 996/1921/2 1149/2251/2 1161/2267/2 1005/1936/2
f 992/1908/42 959/1847/42 1159/2263/42 1148/2249/42
f 995/1916/2 1150/2252/2 1149/2251/2 996/1921/2
f 987/1900/1 986/1897/1 1151/2254/1 1152/2255/1
f 970/1866/42 1153/2256/42 1147/2248/42 19/60/42
f 998/1925/2 1157/2260/2 1158/2261/2 1000/1930/2
f 973/1873/43 1155/2258/43 1150/2253/43 995/1917/43
f 17/56/43 965/1856/43 1156/2259/43 1154/2257/43
f 959/1847/42 19/60/42 1147/2248/42 1159/2263/42
f 1143/2238/1 992/1909/1 1148/2250/1 1160/2264/1
f 965/1856/43 987/1900/43 1152/2255/43 1156/2259/43
f 17/56/43 1154/2257/43 1155/2258/43 973/1873/43
f 986/1897/1 1064/2076/1 1116/2179/1 1163/2269/1
f 1000/1931/42 1158/2262/42 1153/2256/42 970/1866/42
f 1116/2179/1 1144/2241/1 1164/2270/1 1163/2269/1
f 1151/2254/1 986/1897/1 1163/2269/1 1145/2244/1
f 1166/2275/2 1062/2069/2 1165/2272/2 1230/2356/2
f 1123/2193/4 1167/2276/4 1166/2274/4 1122/2190/4
f 1058/2059/1 1221/2338/1 1229/2355/1 1139/2226/1
f 1131/2212/3 1137/2223/3 1128/2204/3 1129/2205/3
f 1139/2226/1 1229/2355/1 1228/2352/1 1057/2056/1
f 1057/2056/1 1228/2352/1 1226/2346/1 1059/2061/1
f 1135/2221/2 1230/2356/2 1227/2349/2 1132/2215/2
f 961/1850/5 56/132/5 1224/2344/5 1223/2343/5
f 978/1884/5 1059/2062/5 1226/2348/5 1225/2345/5
f 56/132/5 978/1884/5 1225/2345/5 1224/2344/5
f 1061/2067/5 961/1850/5 1223/2343/5 1222/2340/5
f 977/1881/4 1220/2336/4 1221/2338/4 1058/2059/4
f 973/1874/1 1218/2333/1 1220/2337/1 977/1882/1
f 66/154/5 1190/2301/5 1219/2335/5 995/1918/5
f 995/1918/5 1219/2335/5 1218/2334/5 973/1875/5
f 291/642/1 1207/2321/1 1217/2332/1 621/1204/1
f 300/658/2 618/1198/2 1216/2331/2 1180/2289/2
f 268/599/2 300/658/2 1180/2289/2 1206/2320/2
f 550/1084/4 1214/2328/4 1395/2635/4 1399/2644/4
f 485/973/2 1182/2291/2 1214/2328/2 550/1084/2
f 172/372/1 8/25/1 1184/2294/1 1195/2307/1
f 28/81/1 12/36/1 1185/2295/1 1186/2297/1
f 8/25/1 13/40/1 1168/2277/1 1184/2294/1
f 509/1015/1 28/81/1 1186/2297/1 1212/2326/1
f 13/40/1 37/94/1 1187/2298/1 1168/2277/1
f 1785/3327/2 1795/3344/2 1189/2300/2 65/151/2
f 82/192/2 1192/2304/2 1191/2302/2 69/163/2
f 1829/3399/2 1832/3404/2 1170/2279/2 70/165/2
f 512/1022/2 1213/2327/2 1192/2304/2 82/192/2
f 70/165/2 1170/2279/2 1193/2305/2 92/213/2
f 92/213/2 1193/2305/2 1173/2282/2 130/279/2
f 37/94/1 120/261/1 1194/2306/1 1187/2298/1
f 1348/2550/1 172/372/1 1195/2307/1 1369/2582/1
f 341/746/1 1209/2323/1 1196/2308/1 193/423/1
f 212/479/1 1200/2313/1 1198/2310/1 197/436/1
f 193/423/1 1196/2308/1 1174/2283/1 198/440/1
f 1755/3273/4 1750/3266/4 1199/2312/4 202/455/4
f 621/1204/1 1217/2332/1 1200/2313/1 212/479/1
f 198/440/1 1174/2283/1 1201/2314/1 223/498/1
f 1971/3656/2 243/542/2 1202/2315/2 1982/3674/2
f 258/579/2 247/553/2 1204/2317/2 1205/2319/2
f 243/542/2 248/555/2 1176/2285/2 1202/2315/2
f 1679/3172/4 202/455/4 1199/2312/4 1691/3189/4
f 618/1198/2 258/579/2 1205/2319/2 1216/2331/2
f 248/555/2 268/599/2 1206/2320/2 1176/2285/2
f 223/498/1 1201/2314/1 1207/2321/1 291/642/1
f 1519/2868/4 1518/2867/4 1208/2322/4 319/696/4
f 1910/3558/1 1936/3599/1 1209/2323/1 341/746/1
f 481/968/4 1181/2290/4 1211/2325/4 486/975/4
f 120/261/1 509/1015/1 1212/2326/1 1194/2306/1
f 478/965/4 1179/2288/4 1210/2324/4 484/971/4
f 484/971/4 1210/2324/4 1175/2284/4 467/953/4
f 467/953/4 1175/2284/4 1198/2311/4 464/950/4
f 486/975/4 1211/2325/4 1179/2288/4 478/965/4
f 471/957/4 477/964/4 1178/2287/4 1203/2316/4
f 477/964/4 474/961/4 1177/2286/4 1178/2287/4
f 474/961/4 472/959/4 1204/2318/4 1177/2286/4
f 463/948/4 1197/2309/4 1181/2290/4 481/968/4
f 485/974/5 444/927/5 1169/2278/5 1182/2292/5
f 444/927/5 441/923/5 1185/2296/5 1169/2278/5
f 130/279/2 1173/2282/2 1213/2327/2 512/1022/2
f 449/932/5 1190/2301/5 1172/2281/5 455/939/5
f 455/939/5 1172/2281/5 1171/2280/5 452/936/5
f 452/936/5 1171/2280/5 1191/2303/5 450/934/5
f 1122/2191/2 1166/2275/2 1230/2356/2 1135/2221/2
f 1231/2358/3 1232/2359/3 1234/2363/3 1233/2362/3
f 1248/2387/40 1241/2376/40 1240/2375/40 1243/2380/40
f 1237/2370/44 1238/2371/44 1130/2209/44 1132/2216/44
f 1160/2265/45 1146/2246/45 1242/2378/45 1247/2385/45
f 1144/2242/46 1231/2357/46 1242/2379/46 1164/2271/46
f 1233/2361/47 1237/2369/47 1240/2374/47 1241/2377/47
f 1231/2357/48 1233/2361/48 1241/2377/48 1242/2379/48
f 1237/2369/49 1132/2217/49 1227/2350/49 1240/2374/49
f 1243/2380/50 1240/2375/50 1227/2351/50 1222/2341/50
f 1144/2243/51 1142/2234/51 1232/2359/51 1231/2358/51
f 1234/2363/52 1238/2371/52 1237/2370/52 1233/2362/52
f 1164/2271/53 1242/2379/53 1146/2247/53
f 1232/2360/54 1142/2235/54 1143/2239/54 1247/2386/54
f 1234/2364/55 1232/2360/55 1247/2386/55 1248/2388/55
f 1238/2372/56 1234/2364/56 1248/2388/56 1243/2381/56
f 1130/2210/57 1238/2372/57 1243/2381/57 1222/2342/57
f 1160/2266/58 1247/2386/58 1143/2239/58
f 1253/2396/3 1255/2400/3 1256/2401/3 1254/2397/3
f 1264/2417/41 1262/2413/41 1259/2408/41 1260/2409/41
f 1257/2404/59 1131/2212/59 1129/2205/59 1258/2405/59
f 1249/2389/60 1263/2415/60 1261/2411/60 1235/2366/60
f 1117/2182/61 1250/2392/61 1261/2412/61 1253/2395/61
f 1255/2399/62 1260/2410/62 1259/2407/62 1257/2403/62
f 1253/2395/63 1261/2412/63 1260/2410/63 1255/2399/63
f 1257/2403/64 1259/2407/64 1228/2353/64 1131/2213/64
f 1262/2413/65 1226/2347/65 1228/2354/65 1259/2408/65
f 1117/2183/66 1253/2396/66 1254/2397/66 1076/2105/66
f 1256/2401/67 1255/2400/67 1257/2404/67 1258/2405/67
f 1250/2392/68 1235/2367/68 1261/2412/68
f 1254/2398/69 1263/2416/69 998/1926/69 1076/2106/69
f 1256/2402/70 1264/2418/70 1263/2416/70 1254/2398/70
f 1258/2406/71 1262/2414/71 1264/2418/71 1256/2402/71
f 1129/2206/72 1226/2348/72 1262/2414/72 1258/2406/72
f 1249/2390/73 998/1926/73 1263/2416/73
f 1251/2393/3 1252/2394/3 1040/2020/3 1025/1982/3
f 1244/2382/3 1246/2384/3 1022/1976/3 1023/1978/3
f 1013/1955/3 1244/2382/3 1023/1978/3 1039/2018/3
f 1245/2383/3 1239/2373/3 1252/2394/3 1251/2393/3
f 1162/2268/3 1245/2383/3 1251/2393/3 1246/2384/3
f 1001/1932/3 1162/2268/3 1246/2384/3 1244/2382/3
f 1239/2373/3 1024/1980/3 1033/2001/3 1252/2394/3
f 1035/2005/3 1001/1932/3 1244/2382/3 1013/1955/3
f 1266/2420/3 1267/2421/3 1239/2373/3 1245/2383/3
f 1265/2419/3 1266/2420/3 1245/2383/3 1162/2268/3
f 1267/2421/3 1012/1953/3 1024/1980/3 1239/2373/3
f 1236/2368/3 1265/2419/3 1162/2268/3 1001/1932/3
f 1034/2003/3 1236/2368/3 1001/1932/3 1035/2005/3
f 1020/1972/3 1026/1984/3 1267/2421/3 1266/2420/3
f 1021/1974/3 1020/1972/3 1266/2420/3 1265/2419/3
f 1032/1999/3 1021/1974/3 1265/2419/3 1236/2368/3
f 1027/1987/3 1032/1999/3 1236/2368/3 1034/2003/3
f 1026/1984/3 1018/1968/3 1012/1953/3 1267/2421/3
f 1343/2540/1 1276/2436/1 1289/2455/1 1342/2539/1
f 735/1421/5 732/1415/5 731/1413/5 730/1411/5
f 1327/2519/2 1269/2425/2 1287/2453/2 1341/2538/2
f 1342/2539/1 1289/2455/1 1286/2452/1 1340/2537/1
f 1333/2528/3 1339/2536/3 1285/2451/3 1275/2435/3
f 1284/2450/74 1307/2485/74 1390/2621/74 1389/2619/74
f 1335/2531/3 1281/2447/3 1283/2449/3 1337/2533/3
f 1328/2520/3 1336/2532/3 1282/2448/3 1270/2427/3
f 1385/2609/3 1382/2603/3 1281/2447/3 1335/2531/3
f 728/1405/2 729/1407/2 1320/2507/2 1322/2511/2
f 1330/2523/75 1272/2429/75 1279/2444/75 1346/2548/75
f 1326/2516/2 1268/2422/2 1269/2426/2 1327/2518/2
f 1340/2537/1 1286/2452/1 1277/2438/1 1344/2543/1
f 1329/2521/3 1326/2515/3 1268/2423/3 1271/2428/3
f 1344/2542/3 1328/2520/3 1270/2427/3 1277/2439/3
f 1332/2527/3 1274/2433/3 1272/2430/3 1330/2522/3
f 1339/2536/3 1329/2521/3 1271/2428/3 1285/2451/3
f 1341/2538/2 1287/2453/2 1274/2434/2 1332/2526/2
f 1331/2524/3 1273/2431/3 1278/2440/3 1345/2544/3
f 1336/2532/3 1333/2528/3 1275/2435/3 1282/2448/3
f 1337/2533/3 1283/2449/3 1280/2445/3 1334/2529/3
f 1300/2475/76 1273/2432/76 1280/2446/76 1303/2480/76
f 1352/2558/1 1294/2465/1 1292/2460/1 1350/2554/1
f 1358/2568/77 1300/2475/77 1303/2480/77 1361/2573/77
f 1290/2456/1 1276/2437/1 1288/2454/1 1294/2465/1
f 1294/2465/1 1288/2454/1 1278/2441/1 1292/2460/1
f 1276/2436/1 1290/2457/1 1311/2491/1 1289/2455/1
f 1269/2425/2 1296/2469/2 1310/2490/2 1287/2453/2
f 1289/2455/1 1311/2491/1 1309/2489/1 1286/2452/1
f 1381/2602/78 1319/2504/78 1312/2493/78 1384/2608/78
f 1275/2435/3 1285/2451/3 1308/2488/3 1302/2479/3
f 1281/2447/3 1304/2482/3 1306/2484/3 1283/2449/3
f 1270/2427/3 1282/2448/3 1305/2483/3 1297/2471/3
f 1382/2603/3 1383/2605/3 1304/2482/3 1281/2447/3
f 1272/2429/79 1299/2473/79 1293/2464/79 1279/2444/79
f 1268/2422/2 1295/2466/2 1296/2470/2 1269/2426/2
f 1286/2452/1 1309/2489/1 1291/2458/1 1277/2438/1
f 1271/2428/3 1268/2423/3 1295/2467/3 1298/2472/3
f 1277/2439/3 1270/2427/3 1297/2471/3 1291/2459/3
f 1274/2433/3 1301/2477/3 1299/2474/3 1272/2430/3
f 1285/2451/3 1271/2428/3 1298/2472/3 1308/2488/3
f 1287/2453/2 1310/2490/2 1301/2478/2 1274/2434/2
f 1273/2431/3 1300/2476/3 1292/2461/3 1278/2440/3
f 1282/2448/3 1275/2435/3 1302/2479/3 1305/2483/3
f 1323/2512/80 1318/2503/80 1314/2495/80 1313/2494/80
f 1850/3429/7 1312/2493/7 1317/2499/7 1861/3453/7
f 1319/2504/7 725/1398/7 727/1402/7 1321/2508/7
f 1323/2512/80 1313/2494/80 1315/2496/80 1320/2506/80
f 1448/2745/3 1447/2743/3 1088/2129/3 1112/2172/3
f 331/722/5 390/836/5 1442/2728/5 1429/2691/5
f 1321/2509/1 1324/2513/1 1325/2514/1 1317/2502/1
f 1348/2551/1 1290/2456/1 1294/2465/1 1352/2558/1
f 680/1316/2 656/1268/2 1460/2773/2 1461/2776/2
f 207/466/2 331/723/2 1429/2692/2 1428/2689/2
f 162/349/2 23/69/2 1438/2717/2 1439/2719/2
f 647/1255/4 644/1250/4 1450/2752/4 1452/2757/4
f 1379/2600/7 725/1398/7 1319/2504/7 1381/2602/7
f 724/1395/7 721/1388/7 1318/2503/7 1323/2512/7
f 1293/2462/4 1307/2485/4 1319/2505/4 1321/2510/4
f 724/1395/7 1323/2512/7 1320/2506/7 729/1408/7
f 426/898/5 227/505/5 1431/2697/5 1423/2678/5
f 727/1403/1 726/1400/1 1324/2513/1 1321/2509/1
f 1283/2449/3 1306/2484/3 1303/2481/3 1280/2445/3
f 1279/2442/81 1293/2462/81 1321/2510/81 1317/2500/81
f 1284/2450/82 1279/2443/82 1317/2501/82 1312/2492/82
f 1307/2485/83 1284/2450/83 1312/2492/83 1319/2505/83
f 731/1413/5 732/1415/5 1488/2822/5 1489/2825/5
f 1772/3305/3 1337/2533/3 1334/2529/3 1769/3301/3
f 1771/3304/3 1768/3300/3 1333/2528/3 1336/2532/3
f 1766/3295/3 1331/2524/3 1345/2544/3 1780/3318/3
f 1776/3309/2 1341/2538/2 1332/2526/2 1767/3297/2
f 1774/3307/3 1764/3292/3 1329/2521/3 1339/2536/3
f 1767/3298/3 1332/2527/3 1330/2522/3 1765/3294/3
f 1779/3317/3 1763/3291/3 1328/2520/3 1344/2542/3
f 1764/3292/3 1784/3326/3 1326/2515/3 1329/2521/3
f 1775/3308/1 1340/2537/1 1344/2543/1 1779/3316/1
f 1784/3324/2 1326/2516/2 1327/2518/2 1762/3287/2
f 1765/3293/84 1330/2523/84 1346/2548/84 1781/3321/84
f 1783/3323/3 1385/2609/3 1335/2531/3 1770/3303/3
f 1763/3291/3 1771/3304/3 1336/2532/3 1328/2520/3
f 1770/3303/3 1335/2531/3 1337/2533/3 1772/3305/3
f 1781/3320/3 1346/2546/3 1338/2534/3 1773/3306/3
f 1768/3300/3 1774/3307/3 1339/2536/3 1333/2528/3
f 1777/3313/1 1342/2539/1 1340/2537/1 1775/3308/1
f 1762/3286/2 1327/2519/2 1341/2538/2 1776/3309/2
f 1778/3314/1 1343/2540/1 1342/2539/1 1777/3313/1
f 1322/2511/2 1320/2507/2 1315/2497/2 1316/2498/2
f 1273/2432/85 1331/2525/85 1334/2530/85 1280/2446/85
f 1288/2454/1 1347/2549/1 1345/2545/1 1278/2441/1
f 1276/2437/1 1343/2541/1 1347/2549/1 1288/2454/1
f 180/392/86 1358/2568/86 1361/2573/86 189/410/86
f 709/1364/1 1352/2558/1 1350/2554/1 182/396/1
f 1290/2457/1 1348/2550/1 1369/2582/1 1311/2491/1
f 1296/2469/2 1354/2562/2 1368/2581/2 1310/2490/2
f 1311/2491/1 1369/2582/1 1367/2580/1 1309/2489/1
f 1302/2479/3 1308/2488/3 1366/2579/3 1360/2572/3
f 1293/2463/3 1351/2556/3 1365/2578/3 1307/2486/3
f 1304/2482/3 1362/2575/3 1364/2577/3 1306/2484/3
f 1297/2471/3 1305/2483/3 1363/2576/3 1355/2564/3
f 1383/2605/3 1386/2612/3 1362/2575/3 1304/2482/3
f 1299/2473/87 1357/2566/87 1351/2557/87 1293/2464/87
f 1295/2466/2 1353/2559/2 1354/2563/2 1296/2470/2
f 1309/2489/1 1367/2580/1 1349/2552/1 1291/2458/1
f 1298/2472/3 1295/2467/3 1353/2560/3 1356/2565/3
f 1291/2459/3 1297/2471/3 1355/2564/3 1349/2553/3
f 1301/2477/3 1359/2570/3 1357/2567/3 1299/2474/3
f 1308/2488/3 1298/2472/3 1356/2565/3 1366/2579/3
f 1310/2490/2 1368/2581/2 1359/2571/2 1301/2478/2
f 1300/2476/3 1358/2569/3 1350/2555/3 1292/2461/3
f 1305/2483/3 1302/2479/3 1360/2572/3 1363/2576/3
f 1306/2484/3 1364/2577/3 1361/2574/3 1303/2481/3
f 1307/2486/3 1365/2578/3 1386/2612/3 1383/2605/3
f 1773/3306/3 1338/2534/3 1385/2609/3 1783/3323/3
f 721/1388/7 1379/2600/7 1381/2602/7 1318/2503/7
f 1338/2535/88 1346/2547/88 1387/2613/88 1391/2625/88
f 1318/2503/89 1381/2602/89 1384/2608/89 1314/2495/89
f 1279/2443/90 1284/2450/90 1389/2619/90 1388/2616/90
f 1878/3491/7 1882/3496/7 1380/2601/7 734/1418/7
f 719/1383/7 1377/2596/7 1380/2601/7 736/1424/7
f 702/1353/7 1378/2598/7 1379/2600/7 721/1388/7
f 1926/3583/3 1938/3601/3 1375/2593/3 437/917/3
f 435/914/91 437/918/91 1375/2594/91 1374/2591/91
f 435/915/3 1374/2592/3 1373/2589/3 425/895/3
f 719/1384/4 425/896/4 1373/2590/4 1377/2597/4
f 1365/2578/3 416/880/3 1372/2587/3 1386/2612/3
f 414/877/92 1371/2585/92 1372/2588/92 416/881/92
f 414/878/3 405/859/3 1370/2583/3 1371/2586/3
f 720/1387/5 1378/2599/5 1370/2584/5 405/860/5
f 1387/2614/3 1388/2617/3 1389/2620/3 1391/2624/3
f 1389/2620/3 1390/2622/3 1393/2628/3 1392/2626/3
f 1391/2624/3 1389/2620/3 1392/2626/3 1394/2631/3
f 1385/2610/93 1338/2535/93 1391/2625/93 1394/2632/93
f 1307/2487/5 1383/2606/5 1393/2629/5 1390/2623/5
f 1382/2604/1 1385/2611/1 1394/2633/1 1392/2627/1
f 1346/2548/94 1279/2444/94 1388/2618/94 1387/2615/94
f 1383/2607/95 1382/2604/95 1392/2627/95 1393/2630/95
f 1402/2652/2 1400/2647/2 1399/2645/2 1395/2634/2
f 1540/2902/2 1401/2650/2 1396/2636/2 1539/2899/2
f 1401/2650/2 1402/2652/2 1395/2634/2 1396/2636/2
f 1538/2897/5 552/1089/5 1401/2651/5 1540/2901/5
f 544/1071/3 550/1085/3 1399/2646/3 1400/2648/3
f 1215/2330/5 544/1072/5 1400/2649/5 1402/2653/5
f 552/1089/5 1215/2330/5 1402/2653/5 1401/2651/5
f 1214/2328/4 549/1083/4 1396/2637/4 1395/2635/4
f 979/1885/7 127/272/7 1404/2655/7 1405/2656/7
f 960/1848/7 1403/2654/7 1404/2655/7 127/272/7
f 1062/2070/7 962/1852/7 1403/2654/7 1165/2273/7
f 979/1885/7 1405/2656/7 1139/2227/7 1057/2057/7
f 547/1079/4 526/1044/4 546/1077/4
f 688/1328/7 1410/2662/7 1411/2663/7 693/1336/7
f 698/1344/7 1412/2664/7 1410/2662/7 688/1328/7
f 693/1336/7 1411/2663/7 1409/2660/7 663/1279/7
f 1406/2657/5 651/1261/5 1455/2763/5 1456/2765/5
f 656/1269/5 685/1322/5 1459/2771/5 1460/2774/5
f 666/1285/5 1408/2659/5 1409/2661/5 679/1315/5
f 652/1263/5 1407/2658/5 1408/2659/5 666/1285/5
f 652/1263/5 651/1261/5 1406/2657/5 1407/2658/5
f 1419/2673/7 1422/2676/7 1412/2664/7 698/1344/7
f 604/1176/4 642/1248/4 1449/2749/4 1448/2746/4
f 672/1297/7 673/1299/7 1422/2676/7 1419/2673/7
f 677/1309/7 671/1295/7 1421/2675/7 1418/2671/7
f 673/1299/7 674/1301/7 1417/2669/7 1422/2676/7
f 670/1293/7 672/1297/7 1419/2673/7 1420/2674/7
f 671/1295/7 670/1293/7 1420/2674/7 1421/2675/7
f 646/1253/1 1413/2665/1 1414/2666/1 649/1258/1
f 649/1258/1 1414/2666/1 1417/2670/1 674/1302/1
f 630/1224/2 1416/2668/2 1418/2672/2 669/1291/2
f 629/1222/2 1415/2667/2 1416/2668/2 630/1224/2
f 629/1222/2 658/1271/2 661/1276/2 1415/2667/2
f 694/1337/1 695/1338/1 1413/2665/1 648/1256/1
f 1476/2797/3 1462/2778/3 1474/2795/3 1475/2796/3
f 1493/2831/3 1494/2832/3 1462/2778/3 1476/2797/3
f 1467/2785/3 1471/2792/3 1473/2794/3 1474/2795/3
f 1463/2779/3 1467/2785/3 1474/2795/3 1462/2778/3
f 1445/2736/3 1472/2793/3 1454/2761/3 1450/2753/3
f 1444/2733/3 1466/2784/3 1472/2793/3 1445/2736/3
f 1443/2732/3 1470/2791/3 1466/2784/3 1444/2733/3
f 1469/2790/3 1468/2787/3 1470/2791/3 1443/2732/3
f 1451/2755/3 1452/2758/3 1450/2753/3 1454/2761/3
f 1447/2744/3 1448/2747/3 1449/2750/3 1446/2739/3
f 1423/2679/3 1427/2687/3 1444/2733/3 1445/2736/3
f 1427/2687/3 1442/2729/3 1443/2732/3 1444/2733/3
f 1440/2723/3 1441/2725/3 1433/2705/3 1434/2709/3
f 1430/2696/3 1424/2682/3 1423/2679/3 1431/2698/3
f 1436/2713/3 1437/2715/3 1432/2701/3 1435/2712/3
f 1426/2686/3 1425/2685/3 1442/2729/3 1427/2687/3
f 1425/2685/3 1428/2690/3 1429/2693/3 1442/2729/3
f 1424/2682/3 1426/2686/3 1427/2687/3 1423/2679/3
f 1435/2712/3 1432/2701/3 1439/2720/3 1438/2718/3
f 172/373/1 1348/2551/1 1352/2558/1 709/1364/1
f 1475/2796/3 1474/2795/3 1473/2794/3 1477/2798/3
f 1495/2833/3 1463/2779/3 1462/2778/3 1494/2832/3
f 1477/2798/3 1473/2794/3 1464/2781/3 1461/2777/3
f 1471/2792/3 1470/2791/3 1468/2787/3 1465/2783/3
f 1477/2798/3 1461/2777/3 1460/2775/3 1459/2772/3
f 1475/2796/3 1477/2798/3 1459/2772/3 1458/2770/3
f 1476/2797/3 1475/2796/3 1458/2770/3 1457/2768/3
f 1493/2831/3 1476/2797/3 1457/2768/3 1456/2766/3
f 1472/2793/3 1466/2784/3 1467/2785/3 1463/2779/3
f 1454/2761/3 1472/2793/3 1463/2779/3 1495/2833/3
f 1473/2794/3 1471/2792/3 1465/2783/3 1464/2781/3
f 1466/2784/3 1470/2791/3 1471/2792/3 1467/2785/3
f 1478/2799/3 1479/2802/3 1434/2709/3 1436/2713/3
f 1480/2805/3 1478/2799/3 1436/2713/3 1435/2712/3
f 1496/2834/3 1481/2806/3 1478/2799/3 1480/2805/3
f 1481/2806/3 1490/2827/3 1479/2802/3 1478/2799/3
f 1426/2686/3 1424/2682/3 1483/2811/3 1487/2820/3
f 1425/2685/3 1426/2686/3 1487/2820/3 1488/2823/3
f 1497/2836/3 1484/2814/3 1479/2802/3 1490/2827/3
f 1889/3509/3 1489/2826/3 1488/2823/3 1883/3497/3
f 1486/2819/3 1499/2838/3 1491/2828/3 1496/2834/3
f 1866/3462/3 1492/2830/3 1498/2837/3 1869/3472/3
f 1873/3478/3 1869/3472/3 1498/2837/3 1500/2840/3
f 1864/3459/3 1873/3478/3 1500/2840/3 1491/2828/3
f 1491/2828/3 1500/2840/3 1481/2806/3 1496/2834/3
f 1500/2840/3 1498/2837/3 1490/2827/3 1481/2806/3
f 1485/2817/3 1486/2819/3 1496/2834/3 1480/2805/3
f 1490/2827/3 1498/2837/3 1492/2830/3 1497/2836/3
f 1446/2740/3 1493/2831/3 1456/2766/3 1455/2764/3
f 1453/2760/3 1495/2833/3 1494/2832/3 1449/2751/3
f 1446/2740/3 1449/2751/3 1494/2832/3 1493/2831/3
f 1451/2755/3 1454/2761/3 1495/2833/3 1453/2760/3
f 214/484/3 194/425/3 1501/2842/3 1502/2844/3
f 1514/2861/5 1088/2128/5 1502/2843/5 1520/2870/5
f 1197/2309/4 463/948/4 1504/2847/4 1505/2848/4
f 463/948/4 195/428/4 1503/2845/4 1504/2847/4
f 194/426/4 1197/2309/4 1505/2848/4 1501/2841/4
f 1087/2127/5 1514/2861/5 1520/2870/5 320/698/5
f 1501/2841/4 1505/2848/4 1518/2867/4 1519/2868/4
f 322/701/4 1511/2857/4 1515/2863/4 1092/2134/4
f 1113/2173/3 1112/2172/3 1517/2866/3 1516/2865/3
f 1114/2175/3 1113/2173/3 1516/2865/3 1515/2864/3
f 1112/2172/3 1088/2129/3 1514/2862/3 1517/2866/3
f 215/486/3 1507/2852/3 1513/2860/3 614/1190/3
f 1505/2848/4 1504/2847/4 1512/2859/4 1518/2867/4
f 293/646/3 1510/2856/3 1509/2855/3 219/492/3
f 199/445/3 233/517/3 1511/2858/3 1508/2853/3
f 200/449/5 199/446/5 1508/2854/5 1506/2849/5
f 219/492/3 1509/2855/3 1506/2850/3 200/450/3
f 1504/2847/4 1503/2845/4 1521/2872/4 1512/2859/4
f 1502/2844/3 1501/2842/3 1519/2869/3 1520/2871/3
f 1503/2846/3 1507/2852/3 215/486/3
f 614/1190/3 1513/2860/3 1510/2856/3 293/646/3
f 1529/2886/4 1541/2904/4 504/1002/4 489/981/4
f 42/104/4 14/45/4 1525/2879/4 1524/2877/4
f 48/112/2 129/277/2 1522/2875/2 1523/2876/2
f 42/104/4 1524/2877/4 1527/2883/4
f 1441/2726/4 42/104/4 1527/2883/4 1433/2706/4
f 162/350/4 1439/2721/4 1432/2702/4 1541/2904/4
f 542/1067/5 1538/2897/5 1540/2901/5 1398/2642/5
f 1398/2643/2 1540/2902/2 1539/2899/2 1397/2640/2
f 504/1003/2 1541/2903/2 1538/2898/2 542/1068/2
f 549/1083/4 1537/2896/4 1539/2900/4 1396/2637/4
f 365/793/2 1535/2893/2 1537/2896/2 549/1083/2
f 13/41/4 162/350/4 1529/2886/4 1531/2888/4
f 12/37/1 28/82/1 1533/2891/1 1528/2884/1
f 365/794/5 161/347/5 1530/2887/5 1535/2894/5
f 37/95/1 13/42/1 1531/2889/1 1534/2892/1
f 509/1016/1 120/262/1 1532/2890/1 1536/2895/1
f 28/82/1 509/1016/1 1536/2895/1 1533/2891/1
f 161/347/5 12/38/5 1528/2885/5 1530/2887/5
f 120/262/1 37/95/1 1534/2892/1 1532/2890/1
f 1529/2886/4 162/350/4 1541/2904/4
f 1014/1957/1 1041/2022/1 1574/2983/1 1577/2989/1
f 1566/2963/7 1543/2908/7 1579/2993/7 1602/3047/7
f 1042/2024/5 1028/1989/5 1570/2975/5 1573/2981/5
f 1569/2972/3 1577/2990/3 1613/3077/3 1605/3059/3
f 1048/2039/1 1014/1957/1 1577/2989/1 1569/2973/1
f 1549/2920/7 1550/2922/7 1586/3008/7 1585/3006/7
f 1047/2035/5 1050/2043/5 1564/2957/5 1567/2965/5
f 1542/2905/3 1567/2966/3 1603/3051/3 1578/2991/3
f 1049/2041/4 1017/1965/4 1560/2949/4 1563/2955/4
f 1571/2978/7 1572/2980/7 1608/3068/7 1607/3066/7
f 1016/1962/4 1049/2041/4 1563/2955/4 1559/2945/4
f 1551/2924/3 1548/2918/3 1584/3004/3 1587/3010/3
f 1030/1994/2 1029/1991/2 1554/2929/2 1557/2937/2
f 1543/2908/7 1544/2910/7 1580/2996/7 1579/2993/7
f 1029/1991/2 1045/2030/2 1552/2925/2 1554/2929/2
f 1573/2982/3 1570/2976/3 1606/3064/3 1609/3070/3
f 1044/2028/1 1043/2026/1 1548/2917/1 1551/2923/1
f 1553/2928/7 1555/2932/7 1591/3017/7 1589/3014/7
f 1043/2026/1 1016/1963/1 1559/2946/1 1548/2917/1
f 1545/2912/3 1542/2905/3 1578/2991/3 1581/2998/3
f 1041/2022/1 1044/2028/1 1551/2923/1 1574/2983/1
f 1575/2986/7 1576/2988/7 1612/3076/7 1611/3074/7
f 1050/2043/5 1042/2024/5 1573/2981/5 1564/2957/5
f 1554/2930/3 1552/2926/3 1588/3012/3 1590/3015/3
f 1019/1970/4 1030/1995/4 1557/2938/4 1547/2915/4
f 1546/2914/7 1561/2952/7 1597/3038/7 1582/2999/7
f 1017/1965/4 1019/1970/4 1547/2915/4 1560/2949/4
f 1577/2990/3 1574/2984/3 1610/3072/3 1613/3077/3
f 1046/2032/2 1031/1997/2 1542/2906/2 1545/2911/2
f 1555/2932/7 1556/2935/7 1592/3019/7 1591/3017/7
f 1031/1997/2 1047/2036/2 1567/2967/2 1542/2906/2
f 1560/2950/3 1547/2916/3 1583/3002/3 1596/3036/3
f 1028/1989/5 1048/2039/5 1569/2973/5 1570/2975/5
f 1557/2939/3 1554/2930/3 1590/3015/3 1593/3023/3
f 1045/2030/2 1046/2032/2 1545/2911/2 1552/2925/2
f 1556/2936/7 1546/2914/7 1582/2999/7 1592/3020/7
f 1613/3078/1 1610/3071/1 1611/3073/1 1612/3075/1
f 1609/3069/5 1606/3063/5 1607/3065/5 1608/3067/5
f 1605/3060/1 1613/3078/1 1612/3075/1 1604/3055/1
f 1603/3052/5 1600/3043/5 1601/3045/5 1602/3048/5
f 1599/3041/4 1596/3035/4 1597/3037/4 1598/3039/4
f 1595/3031/4 1599/3041/4 1598/3039/4 1594/3027/4
f 1593/3024/2 1590/3016/2 1591/3018/2 1592/3021/2
f 1590/3016/2 1588/3011/2 1589/3013/2 1591/3018/2
f 1587/3009/1 1584/3003/1 1585/3005/1 1586/3007/1
f 1584/3003/1 1595/3032/1 1594/3028/1 1585/3005/1
f 1610/3071/1 1587/3009/1 1586/3007/1 1611/3073/1
f 1600/3043/5 1609/3069/5 1608/3067/5 1601/3045/5
f 1583/3001/4 1593/3025/4 1592/3022/4 1582/3000/4
f 1596/3035/4 1583/3001/4 1582/3000/4 1597/3037/4
f 1581/2997/2 1578/2992/2 1579/2994/2 1580/2995/2
f 1578/2992/2 1603/3053/2 1602/3049/2 1579/2994/2
f 1606/3063/5 1605/3061/5 1604/3056/5 1607/3065/5
f 1588/3011/2 1581/2997/2 1580/2995/2 1589/3013/2
f 1548/2918/3 1559/2947/3 1595/3033/3 1584/3004/3
f 1576/2988/7 1568/2970/7 1604/3057/7 1612/3076/7
f 1570/2976/3 1569/2974/3 1605/3062/3 1606/3064/3
f 1558/2943/7 1549/2920/7 1585/3006/7 1594/3029/7
f 1567/2968/3 1564/2958/3 1600/3044/3 1603/3054/3
f 1568/2971/7 1571/2978/7 1607/3066/7 1604/3058/7
f 1574/2984/3 1551/2924/3 1587/3010/3 1610/3072/3
f 1565/2960/7 1566/2964/7 1602/3050/7 1601/3046/7
f 1552/2926/3 1545/2912/3 1581/2998/3 1588/3012/3
f 1550/2922/7 1575/2986/7 1611/3074/7 1586/3008/7
f 1563/2956/3 1560/2950/3 1596/3036/3 1599/3042/3
f 1544/2910/7 1553/2928/7 1589/3014/7 1580/2996/7
f 1564/2958/3 1573/2982/3 1609/3070/3 1600/3044/3
f 1561/2952/7 1562/2954/7 1598/3040/7 1597/3038/7
f 1572/2980/7 1565/2960/7 1601/3046/7 1608/3068/7
f 1559/2948/3 1563/2956/3 1599/3042/3 1595/3034/3
f 1547/2916/3 1557/2940/3 1593/3026/3 1583/3002/3
f 1562/2954/7 1558/2944/7 1594/3030/7 1598/3040/7
f 342/750/3 191/417/3 1617/3082/3 1618/3083/3
f 1353/2561/3 1622/3087/3 1616/3081/3 173/376/3
f 1353/2561/3 1295/2468/3 1620/3085/3 1622/3087/3
f 2033/3754/96 2025/3744/96 1614/3079/96 3/5/96
f 1784/3325/3 1840/3417/3 1621/3086/3 1326/2517/3
f 1295/2468/3 1268/2424/3 1619/3084/3 1620/3085/3
f 1268/2424/3 1326/2517/3 1621/3086/3 1619/3084/3
f 6/19/3 173/376/3 1616/3081/3 1615/3080/3
f 200/451/3 1506/2851/3 1617/3082/3 191/417/3
f 6/19/3 1615/3080/3 1713/3217/3 15/50/3
f 2025/3744/3 2026/3745/3 1623/3088/3 1614/3079/3
f 1620/3085/3 1619/3084/3 1629/3094/3 1630/3095/3
f 1615/3080/3 1624/3089/3 147/315/3 1713/3217/3
f 1506/2851/3 317/693/3 1627/3092/3 1617/3082/3
f 1619/3084/3 1621/3086/3 1631/3096/3 1629/3094/3
f 1615/3080/3 1616/3081/3 1626/3091/3 1624/3089/3
f 1618/3083/3 1617/3082/3 1627/3092/3 1628/3093/3
f 1622/3087/3 1632/3097/3 1626/3091/3 1616/3081/3
f 1622/3087/3 1620/3085/3 1630/3095/3 1632/3097/3
f 1840/3417/3 1841/3418/3 1631/3096/3 1621/3086/3
f 1742/3257/3 1738/3253/3 1640/3105/3 1638/3103/3
f 1743/3258/3 1739/3254/3 1636/3101/3 1637/3102/3
f 1744/3259/3 1641/3106/3 1635/3100/3 1740/3255/3
f 1761/3285/3 205/462/3 1636/3101/3 1739/3254/3
f 1744/3259/3 1741/3256/3 1639/3104/3 1641/3106/3
f 1678/3171/3 1740/3255/3 1635/3100/3 1634/3099/3
f 1846/3423/3 1842/3419/3 1640/3105/3 1738/3253/3
f 1741/3256/3 1742/3257/3 1638/3103/3 1639/3104/3
f 2031/3750/3 2027/3746/3 1633/3098/3 1745/3260/3
f 20/64/4 147/316/4 1667/3145/4
f 1637/3102/3 1636/3101/3 1648/3117/3 1649/3118/3
f 1634/3099/3 1635/3100/3 1647/3116/3 1646/3115/3
f 31/87/3 516/1030/3 1710/3214/3 1654/3123/3
f 1842/3419/3 1843/3420/3 1652/3121/3 1640/3105/3
f 2027/3746/3 2028/3747/3 1645/3114/3 1633/3098/3
f 1641/3106/3 1639/3104/3 1651/3120/3 1653/3122/3
f 1639/3104/3 1638/3103/3 1650/3119/3 1651/3120/3
f 1638/3103/3 1640/3105/3 1652/3121/3 1650/3119/3
f 1634/3099/3 1646/3115/3 971/1869/3 20/63/3
f 1641/3106/3 1653/3122/3 1647/3116/3 1635/3100/3
f 205/462/3 1643/3109/3 1648/3117/3 1636/3101/3
f 1646/3115/3 1647/3116/3 1659/3131/3 1658/3130/3
f 1643/3109/3 1655/3124/3 1660/3132/3 1648/3117/3
f 2028/3747/3 2029/3748/3 1657/3129/3 1645/3114/3
f 1843/3420/3 1844/3421/3 1664/3136/3 1652/3121/3
f 1646/3115/3 1658/3130/3 993/1912/3 971/1869/3
f 147/315/3 1624/3089/3 1676/3168/3 1666/3140/3
f 1649/3118/3 1648/3117/3 1660/3132/3 1661/3133/3
f 1653/3122/3 1651/3120/3 1663/3135/3 1665/3137/3
f 1651/3120/3 1650/3119/3 1662/3134/3 1663/3135/3
f 129/277/3 1711/3215/3 1712/3216/3 526/1045/3
f 1650/3119/3 1652/3121/3 1664/3136/3 1662/3134/3
f 1653/3122/3 1665/3137/3 1659/3131/3 1647/3116/3
f 1663/3135/3 1662/3134/3 1672/3158/3 1673/3159/3
f 1662/3134/3 1664/3136/3 1674/3162/3 1672/3158/3
f 2029/3748/3 2032/3751/3 60/140/3 1657/3129/3
f 1665/3137/3 1675/3165/3 1669/3149/3 1659/3131/3
f 1658/3130/3 1659/3131/3 1669/3149/3 1668/3146/3
f 1655/3124/3 250/562/3 1670/3154/3 1660/3132/3
f 1661/3133/3 1660/3132/3 1670/3154/3 1671/3157/3
f 1844/3421/3 1847/3424/3 1674/3162/3 1664/3136/3
f 1658/3130/3 1668/3146/3 72/174/3 993/1912/3
f 1665/3137/3 1663/3135/3 1673/3159/3 1675/3165/3
f 1666/3140/3 1676/3168/3 1678/3171/3 1667/3144/3
f 1678/3171/3 1634/3099/3 20/63/3 1667/3144/3
f 1693/3193/4 1679/3172/4 1691/3189/4 1703/3207/4
f 1705/3209/3 1689/3187/3 1690/3188/3 1702/3206/3
f 1701/3205/3 1688/3185/3 1689/3187/3 1705/3209/3
f 1702/3206/3 1690/3188/3 1687/3183/3 1700/3202/3
f 1695/3196/3 1699/3201/3 1686/3182/3 1681/3176/3
f 1703/3207/4 1691/3189/4 1685/3181/4 1698/3200/4
f 1699/3201/3 1704/3208/3 1684/3180/3 1686/3182/3
f 1696/3198/4 1682/3177/4 1688/3186/4 1701/3204/4
f 216/488/5 1680/3175/5 1687/3184/5 1093/2137/5
f 1704/3208/3 1697/3199/3 1683/3179/3 1684/3180/3
f 63/148/3 241/537/3 1682/3178/3 1696/3197/3
f 1692/3191/3 1695/3196/3 1681/3176/3 1677/3169/3
f 1694/3194/3 1680/3174/3 1679/3173/3 1693/3192/3
f 1698/3200/4 1685/3181/4 1677/3170/4 1692/3190/4
f 1697/3199/3 1655/3126/3 1643/3110/3 1683/3179/3
f 1655/3125/5 1643/3111/5 241/538/5 63/147/5
f 250/563/5 1655/3125/5 63/147/5 249/558/5
f 265/593/3 250/564/3 1655/3126/3 1697/3199/3
f 471/957/4 1698/3200/4 1692/3190/4 245/546/4
f 260/583/3 1694/3194/3 1693/3192/3 244/543/3
f 245/547/3 261/585/3 1695/3196/3 1692/3191/3
f 249/559/3 63/148/3 1696/3197/3 264/590/3
f 302/662/3 265/593/3 1697/3199/3 1704/3208/3
f 264/591/4 1696/3198/4 1701/3204/4 1100/2152/4
f 610/1185/3 302/662/3 1704/3208/3 1699/3201/3
f 1203/2316/4 1703/3207/4 1698/3200/4 471/957/4
f 261/585/3 610/1185/3 1699/3201/3 1695/3196/3
f 1108/2168/3 1702/3206/3 1700/3202/3 1099/2151/3
f 1100/2153/3 1701/3205/3 1705/3209/3 1109/2169/3
f 1109/2169/3 1705/3209/3 1702/3206/3 1108/2168/3
f 244/544/4 1693/3193/4 1703/3207/4 1203/2316/4
f 1680/3175/5 1694/3195/5 1700/3203/5 1687/3184/5
f 9/27/5 1644/3112/5 1709/3213/5 440/921/5
f 14/46/3 1656/3127/3 1708/3212/3 48/112/3
f 440/921/5 1709/3213/5 1642/3107/5 10/30/5
f 30/85/3 1625/3090/3 1644/3113/3 9/28/3
f 10/31/3 31/87/3 1654/3123/3 1642/3108/3
f 122/266/3 34/91/3 1706/3210/3 1707/3211/3
f 526/1045/3 1712/3216/3 1625/3090/3 30/85/3
f 48/112/3 1708/3212/3 1711/3215/3 129/277/3
f 516/1030/3 122/266/3 1707/3211/3 1710/3214/3
f 15/51/4 1713/3218/4 1656/3128/4 14/47/4
f 1715/3222/3 1751/3267/3 1761/3283/3 1729/3242/3
f 34/91/3 15/52/3 1713/3219/3 1706/3210/3
f 319/696/4 1208/2322/4 1728/3241/4 1719/3228/4
f 1752/3268/4 1716/3223/4 1725/3236/4 1759/3279/4
f 1090/2131/3 1104/2162/3 1727/3240/3 1724/3235/3
f 1092/2135/3 1090/2131/3 1724/3235/3 1725/3237/3
f 1104/2162/3 1087/2126/3 1726/3238/3 1727/3240/3
f 320/698/5 1718/3226/5 1726/3239/5 1087/2127/5
f 321/700/3 1717/3225/3 1723/3234/3 603/1173/3
f 1208/2322/4 482/969/4 1722/3233/4 1728/3241/4
f 603/1173/3 1723/3234/3 1721/3232/3 324/704/3
f 324/704/3 1721/3232/3 1715/3222/3 323/703/3
f 316/689/3 322/702/3 1716/3224/3 1714/3220/3
f 318/694/3 1720/3230/3 1717/3225/3 321/700/3
f 320/699/3 319/697/3 1719/3229/3 1718/3227/3
f 482/969/4 318/695/4 1720/3231/4 1722/3233/4
f 323/703/3 1715/3222/3 1729/3242/3 317/691/3
f 317/692/5 316/690/5 1714/3221/5 1729/3243/5
f 2026/3745/3 2030/3749/3 1737/3252/3 1623/3088/3
f 1630/3095/3 1629/3094/3 1730/3245/3 1736/3251/3
f 1841/3418/3 1845/3422/3 1731/3246/3 1631/3096/3
f 1624/3089/3 1626/3091/3 1735/3250/3 1676/3168/3
f 1632/3097/3 1630/3095/3 1736/3251/3 1734/3249/3
f 1632/3097/3 1734/3249/3 1735/3250/3 1626/3091/3
f 1628/3093/3 1627/3092/3 1733/3248/3 1732/3247/3
f 1629/3094/3 1631/3096/3 1731/3246/3 1730/3245/3
f 2030/3749/3 2031/3750/3 1745/3260/3 1737/3252/3
f 1736/3251/3 1730/3245/3 1742/3257/3 1741/3256/3
f 1845/3422/3 1846/3423/3 1738/3253/3 1731/3246/3
f 1676/3168/3 1735/3250/3 1740/3255/3 1678/3171/3
f 1734/3249/3 1736/3251/3 1741/3256/3 1744/3259/3
f 1734/3249/3 1744/3259/3 1740/3255/3 1735/3250/3
f 1732/3247/3 1733/3248/3 1739/3254/3 1743/3258/3
f 1730/3245/3 1731/3246/3 1738/3253/3 1742/3257/3
f 317/693/3 1729/3244/3 1733/3248/3 1627/3092/3
f 220/494/4 1752/3268/4 1759/3279/4 1091/2133/4
f 1719/3228/4 1728/3241/4 1750/3266/4 1755/3273/4
f 1724/3235/3 1727/3240/3 1749/3265/3 1758/3278/3
f 1725/3237/3 1724/3235/3 1758/3278/3 1759/3280/3
f 1727/3240/3 1726/3238/3 1760/3281/3 1749/3265/3
f 1718/3226/5 1754/3271/5 1760/3282/5 1726/3239/5
f 1717/3225/3 1753/3270/3 1748/3264/3 1723/3234/3
f 1728/3241/4 1722/3233/4 1747/3263/4 1750/3266/4
f 1723/3234/3 1748/3264/3 1757/3277/3 1721/3232/3
f 1721/3232/3 1757/3277/3 1751/3267/3 1715/3222/3
f 1714/3220/3 1716/3224/3 1752/3269/3 1746/3261/3
f 1720/3230/3 1756/3275/3 1753/3270/3 1717/3225/3
f 1718/3227/3 1719/3229/3 1755/3274/3 1754/3272/3
f 1722/3233/4 1720/3231/4 1756/3276/4 1747/3263/4
f 1729/3243/5 1714/3221/5 1746/3262/5 1761/3284/5
f 1729/3244/3 1761/3285/3 1739/3254/3 1733/3248/3
f 417/882/3 1773/3306/3 1783/3323/3 1376/2595/3
f 2/4/1 1778/3314/1 1777/3313/1 1183/2293/1
f 1183/2293/1 1777/3313/1 1775/3308/1 438/919/1
f 108/237/3 398/850/3 1774/3307/3 1768/3300/3
f 185/399/3 1781/3320/3 1773/3306/3 417/882/3
f 184/398/3 1770/3303/3 1772/3305/3 376/813/3
f 21/65/3 358/783/3 1771/3304/3 1763/3291/3
f 1376/2595/3 1783/3323/3 1770/3303/3 184/398/3
f 117/254/97 1765/3293/97 1781/3321/97 185/400/97
f 438/919/1 1775/3308/1 1779/3316/1 1/1/1
f 1/2/3 21/65/3 1763/3291/3 1779/3317/3
f 116/252/3 1767/3298/3 1765/3294/3 117/255/3
f 398/850/3 39/98/3 1764/3292/3 1774/3307/3
f 704/1355/2 1776/3310/2 1767/3299/2 116/251/2
f 52/122/3 1766/3295/3 1780/3318/3 51/120/3
f 358/783/3 108/237/3 1768/3300/3 1771/3304/3
f 376/813/3 1772/3305/3 1769/3301/3 186/402/3
f 1343/2541/1 1778/3315/1 1782/3322/1 1347/2549/1
f 1331/2525/98 1766/3296/98 1769/3302/98 1334/2530/98
f 1347/2549/1 1782/3322/1 1780/3319/1 1345/2545/1
f 59/139/2 1188/2299/2 1795/3344/2 1785/3327/2
f 1081/2117/3 1070/2089/3 1793/3340/3 1794/3342/3
f 99/224/2 1790/3336/2 1794/3343/2 1080/2114/2
f 75/178/1 1789/3334/1 1793/3341/1 1070/2088/1
f 1188/2299/2 447/930/2 1792/3339/2 1795/3344/2
f 74/177/3 1788/3333/3 1791/3338/3 94/216/3
f 61/143/3 98/222/3 1790/3337/3 1787/3331/3
f 58/137/3 1786/3329/3 1788/3333/3 74/177/3
f 447/930/2 58/136/2 1786/3330/2 1792/3339/2
f 75/179/3 59/138/3 1785/3328/3 1789/3335/3
f 65/151/2 1189/2300/2 1826/3396/2 1799/3351/2
f 1799/3351/2 1826/3396/2 1827/3397/2 1800/3353/2
f 1800/3353/2 1827/3397/2 1828/3398/2 1801/3355/2
f 1080/2115/3 1068/2084/3 1822/3388/3 1825/3394/3
f 1825/3394/3 1822/3388/3 1821/3386/3 1824/3392/3
f 1824/3392/3 1821/3386/3 1820/3384/3 1823/3391/3
f 1189/2300/2 448/931/2 1817/3381/2 1826/3396/2
f 1826/3396/2 1817/3381/2 1818/3382/2 1827/3397/2
f 1827/3397/2 1818/3382/2 1819/3383/2 1828/3398/2
f 1836/3410/2 1811/3372/2 1823/3390/2 1839/3415/2
f 1811/3372/2 1812/3374/2 1824/3393/2 1823/3390/2
f 1812/3374/2 1813/3376/2 1825/3395/2 1824/3393/2
f 77/181/1 1807/3367/1 1822/3389/1 1068/2085/1
f 1807/3367/1 1806/3365/1 1821/3387/1 1822/3389/1
f 1806/3365/1 1805/3363/1 1820/3385/1 1821/3387/1
f 76/180/3 1810/3371/3 1816/3380/3 95/217/3
f 1810/3371/3 1809/3370/3 1815/3379/3 1816/3380/3
f 1809/3370/3 1808/3369/3 1814/3378/3 1815/3379/3
f 62/145/3 99/225/3 1813/3377/3 1798/3349/3
f 1798/3349/3 1813/3377/3 1812/3375/3 1797/3347/3
f 1797/3347/3 1812/3375/3 1811/3373/3 1796/3345/3
f 64/149/3 1802/3357/3 1810/3371/3 76/180/3
f 1802/3357/3 1803/3359/3 1809/3370/3 1810/3371/3
f 1803/3359/3 1804/3361/3 1808/3369/3 1809/3370/3
f 77/182/3 65/152/3 1799/3352/3 1807/3368/3
f 1807/3368/3 1799/3352/3 1800/3354/3 1806/3366/3
f 1806/3366/3 1800/3354/3 1801/3356/3 1805/3364/3
f 1674/3163/1 62/146/1 1798/3350/1 1673/3160/1
f 1673/3160/1 1798/3350/1 1797/3348/1 1675/3166/1
f 1675/3166/1 1797/3348/1 1796/3346/1 1669/3150/1
f 448/931/2 64/150/2 1802/3358/2 1817/3381/2
f 1817/3381/2 1802/3358/2 1803/3360/2 1818/3382/2
f 1818/3382/2 1803/3360/2 1804/3362/2 1819/3383/2
f 95/217/3 1816/3380/3 1673/3161/3 1674/3164/3
f 1816/3380/3 1815/3379/3 1675/3167/3 1673/3161/3
f 1815/3379/3 1814/3378/3 1669/3151/3 1675/3167/3
f 97/221/2 1836/3410/2 1839/3415/2 1079/2113/2
f 1801/3355/2 1828/3398/2 1832/3404/2 1829/3399/2
f 1823/3391/3 1820/3384/3 1838/3413/3 1839/3416/3
f 1828/3398/2 1819/3383/2 1831/3403/2 1832/3404/2
f 1805/3363/1 1834/3407/1 1838/3414/1 1820/3385/1
f 1808/3369/3 1835/3409/3 1837/3412/3 1814/3378/3
f 1796/3345/3 1811/3373/3 1836/3411/3 1833/3405/3
f 1804/3361/3 1830/3401/3 1835/3409/3 1808/3369/3
f 1805/3364/3 1801/3356/3 1829/3400/3 1834/3408/3
f 1669/3150/1 1796/3346/1 1833/3406/1 1668/3147/1
f 1819/3383/2 1804/3362/2 1830/3402/2 1831/3403/2
f 1814/3378/3 1837/3412/3 1668/3148/3 1669/3151/3
f 3/6/2 1784/3324/2 1762/3287/2 4/12/2
f 1737/3252/3 1745/3260/3 1846/3423/3 1845/3422/3
f 1623/3088/3 1737/3252/3 1845/3422/3 1841/3418/3
f 1645/3114/3 1657/3129/3 1844/3421/3 1843/3420/3
f 1633/3098/3 1645/3114/3 1843/3420/3 1842/3419/3
f 1745/3260/3 1633/3098/3 1842/3419/3 1846/3423/3
f 1614/3079/3 1623/3088/3 1841/3418/3 1840/3417/3
f 3/5/3 1614/3079/3 1840/3417/3 1784/3325/3
f 1657/3129/3 60/140/3 1847/3424/3 1844/3421/3
f 60/141/1 61/144/1 1787/3332/1 1847/3425/1
f 39/98/3 3/7/3 1784/3326/3 1764/3292/3
f 1883/3497/3 1890/3511/3 1872/3477/3 1865/3460/3
f 1865/3460/3 1872/3477/3 1873/3478/3 1864/3459/3
f 1890/3511/99 1888/3506/99 1868/3469/99 1872/3477/99
f 1872/3477/100 1868/3469/100 1869/3472/100 1873/3478/100
f 1900/3537/101 1899/3534/101 1989/3683/101 1968/3649/101
f 1867/3464/102 1866/3462/102 1869/3472/102 1868/3469/102
f 1499/2838/3 1871/3475/3 1864/3459/3 1491/2828/3
f 1871/3475/3 1870/3473/3 1865/3460/3 1864/3459/3
f 1314/2495/7 1384/2608/7 1862/3457/7 1848/3427/7
f 1848/3427/7 1862/3457/7 1863/3458/7 1849/3428/7
f 1879/3492/7 1851/3430/7 1860/3449/7 1887/3504/7
f 1851/3430/7 1850/3429/7 1861/3453/7 1860/3449/7
f 1313/2494/7 1314/2495/7 1848/3427/7 1859/3448/7
f 1859/3448/7 1848/3427/7 1849/3428/7 1858/3447/7
f 1384/2608/7 1312/2493/7 1850/3429/7 1862/3457/7
f 1862/3457/7 1850/3429/7 1851/3430/7 1863/3458/7
f 1313/2494/7 1859/3448/7 1852/3431/7 1315/2496/7
f 1859/3448/7 1858/3447/7 1853/3433/7 1852/3431/7
f 1316/2498/2 1315/2497/2 1852/3432/2 1857/3446/2
f 1857/3446/2 1852/3432/2 1853/3434/2 1856/3445/2
f 1317/2502/1 1325/2514/1 1854/3435/1 1861/3454/1
f 1881/3495/103 1855/3444/103 1867/3465/103 1884/3498/103
f 1855/3440/104 1854/3436/104 1866/3463/104 1867/3466/104
f 1316/2498/24 1857/3446/24 1871/3476/24 1499/2839/24
f 1857/3446/24 1856/3445/24 1870/3474/24 1871/3476/24
f 4/8/105 1762/3288/105 1874/3479/105 1875/3482/105
f 704/1356/5 4/9/5 1855/3441/5 1860/3450/5
f 1776/3311/106 704/1357/106 1860/3451/106 1861/3455/106
f 1776/3312/4 1861/3456/4 1854/3437/4 1762/3289/4
f 1875/3483/3 1874/3480/3 1876/3485/3 1877/3488/3
f 1762/3290/107 1854/3438/107 1876/3486/107 1874/3481/107
f 1855/3442/108 4/10/108 1875/3484/108 1877/3489/108
f 1854/3439/109 1855/3443/109 1877/3490/109 1876/3487/109
f 737/1425/25 1881/3495/25 1884/3498/25 1482/2807/25
f 736/1424/7 1879/3492/7 1887/3504/7 738/1427/7
f 1482/2808/3 1884/3499/3 1888/3506/3 1483/2811/3
f 1487/2820/3 1483/2811/3 1888/3506/3 1890/3511/3
f 1488/2823/3 1487/2820/3 1890/3511/3 1883/3497/3
f 1870/3473/3 1889/3509/3 1883/3497/3 1865/3460/3
f 1849/3428/7 1863/3458/7 1882/3496/7 1878/3491/7
f 1858/3447/7 1849/3428/7 1878/3491/7 1886/3503/7
f 1863/3458/7 1851/3430/7 1879/3492/7 1882/3496/7
f 1858/3447/7 1886/3503/7 1880/3493/7 1853/3433/7
f 1856/3445/2 1853/3434/2 1880/3494/2 1885/3502/2
f 1860/3452/1 1855/3444/1 1881/3495/1 1887/3505/1
f 1856/3445/24 1885/3502/24 1889/3510/24 1870/3474/24
f 1899/3534/110 1900/3537/110 1927/3584/110 1928/3588/110
f 1893/3520/5 1892/3515/5 1899/3535/5 1928/3589/5
f 1994/3698/2 1893/3521/2 1928/3590/2 1927/3586/2
f 1891/3512/111 1894/3523/111 1927/3585/111 1900/3538/111
f 1867/3467/111 1868/3470/111 1894/3523/111 1891/3512/111
f 1994/3698/112 1993/3697/112 1893/3521/112
f 1993/3696/113 1992/3694/113 1892/3516/113 1893/3522/113
f 1992/3695/114 1990/3688/114 1892/3517/114
f 417/882/3 1376/2595/3 1937/3600/3 1925/3582/3
f 2008/3720/3 2013/3725/3 1938/3601/3 1926/3583/3
f 2/4/1 1183/2293/1 1935/3598/1 1909/3557/1
f 2000/3708/1 2012/3724/1 1936/3599/1 1910/3558/1
f 341/747/1 716/1374/1 1933/3596/1 1910/3559/1
f 2000/3707/1 2011/3723/1 1934/3597/1 1909/3556/1
f 4/11/2 704/1358/2 1931/3594/2 1896/3529/2
f 1991/3691/2 2010/3722/2 1932/3595/2 1895/3526/2
f 1183/2293/1 438/919/1 1929/3592/1 1935/3598/1
f 2012/3724/1 2009/3721/1 1930/3593/1 1936/3599/1
f 108/237/115 1908/3555/115 1927/3587/115 398/850/115
f 1999/3706/116 1907/3554/116 1928/3591/116 1927/3587/116
f 185/399/3 417/882/3 1925/3582/3 1915/3569/3
f 2003/3714/3 2008/3720/3 1926/3583/3 1916/3570/3
f 184/398/3 376/813/3 1923/3580/3 1920/3577/3
f 2005/3717/3 2007/3719/3 1924/3581/3 1919/3576/3
f 21/65/3 1898/3532/3 1921/3578/3 358/783/3
f 1995/3699/3 1897/3531/3 1922/3579/3 2006/3718/3
f 1376/2595/3 184/398/3 1920/3577/3 1937/3600/3
f 2013/3725/3 2005/3717/3 1919/3576/3 1938/3601/3
f 349/766/117 355/779/117 1917/3573/117 1903/3547/117
f 1997/3703/118 2004/3716/118 1918/3574/118 1904/3548/118
f 117/254/119 185/400/119 1915/3568/119 1902/3545/119
f 1996/3701/120 2003/3713/120 1916/3571/120 1901/3542/120
f 438/919/1 1/1/1 1911/3561/1 1929/3592/1
f 2009/3721/1 2001/3710/1 1912/3562/1 1930/3593/1
f 1/2/3 1911/3560/3 1898/3532/3 21/65/3
f 2001/3709/3 1912/3563/3 1897/3531/3 1995/3699/3
f 116/252/3 117/255/3 1902/3544/3 1906/3553/3
f 1998/3705/3 1996/3700/3 1901/3543/3 1905/3550/3
f 398/850/121 1927/3587/121 1900/3541/121 39/98/121
f 704/1358/2 116/253/2 1906/3552/2 1931/3594/2
f 2010/3722/2 1998/3704/2 1905/3551/2 1932/3595/2
f 52/122/3 51/120/3 1913/3565/3 1904/3549/3
f 1997/3702/3 2002/3712/3 1914/3566/3 1903/3546/3
f 358/783/3 1921/3578/3 1908/3555/3 108/237/3
f 2006/3718/3 1922/3579/3 1907/3554/3 1999/3706/3
f 376/813/3 186/402/3 1918/3575/3 1923/3580/3
f 2007/3719/3 2004/3715/3 1917/3572/3 1924/3581/3
f 716/1374/1 351/770/1 1914/3567/1 1933/3596/1
f 2011/3723/1 2002/3711/1 1913/3564/1 1934/3597/1
f 2023/3741/2 1940/3605/2 1950/3622/2 2022/3739/2
f 2021/3738/3 1949/3620/3 1948/3618/3 2020/3735/3
f 2022/3739/2 1950/3622/2 1947/3617/2 2019/3734/2
f 2017/3732/2 1945/3614/2 1949/3621/2 2021/3737/2
f 2015/3728/3 2018/3733/3 1946/3616/3 1943/3611/3
f 2014/3726/3 1942/3609/3 1945/3615/3 2017/3731/3
f 2024/3743/3 2015/3728/3 1943/3611/3 1941/3607/3
f 1939/3604/3 1946/3616/3 2018/3733/3
f 2019/3734/2 1947/3617/2 1941/3608/2 2024/3742/2
f 2032/3752/1 1939/3602/1 1942/3610/1 2014/3727/1
f 2016/3729/3 1944/3612/3 1940/3606/3 2023/3740/3
f 1956/3633/1 1944/3613/1 1948/3619/1 1960/3639/1
f 1976/3664/1 1956/3633/1 1960/3639/1 1980/3670/1
f 1940/3605/2 1951/3623/2 1962/3643/2 1950/3622/2
f 1949/3620/3 1961/3641/3 1960/3640/3 1948/3618/3
f 1950/3622/2 1962/3643/2 1959/3638/2 1947/3617/2
f 1945/3614/2 1957/3635/2 1961/3642/2 1949/3621/2
f 1943/3611/3 1946/3616/3 1958/3637/3 1955/3632/3
f 1942/3609/3 1954/3630/3 1957/3636/3 1945/3615/3
f 1941/3607/3 1943/3611/3 1955/3632/3 1952/3625/3
f 1946/3616/3 1939/3604/3 1953/3627/3 1958/3637/3
f 1947/3617/2 1959/3638/2 1952/3626/2 1941/3608/2
f 1939/3602/1 1953/3628/1 1954/3631/1 1942/3610/1
f 1944/3612/3 1956/3634/3 1951/3624/3 1940/3606/3
f 1986/3678/3 1985/3677/3 1970/3655/3 1969/3654/3
f 1987/3679/3 1986/3678/3 1969/3654/3 1964/3645/3
f 1973/3660/3 1953/3629/3 1939/3603/3 1967/3648/3
f 1983/3675/3 1973/3660/3 1967/3648/3 1966/3647/3
f 1984/3676/3 1983/3675/3 1966/3647/3 1965/3646/3
f 1985/3677/3 1984/3676/3 1965/3646/3 1970/3655/3
f 1988/3680/3 1987/3679/3 1964/3645/3 1963/3644/3
f 94/216/3 1791/3338/3 1847/3426/3 60/142/3
f 1989/3684/122 1988/3680/122 1963/3644/122 1968/3651/122
f 1900/3541/123 1968/3650/123 2033/3756/123
f 253/569/1 1976/3664/1 1980/3670/1 1095/2141/1
f 1951/3623/2 1971/3656/2 1982/3674/2 1962/3643/2
f 1961/3641/3 1981/3672/3 1980/3671/3 1960/3640/3
f 1962/3643/2 1982/3674/2 1979/3669/2 1959/3638/2
f 1957/3635/2 1977/3666/2 1981/3673/2 1961/3642/2
f 1955/3632/3 1958/3637/3 1978/3668/3 1975/3663/3
f 1954/3630/3 1974/3661/3 1977/3667/3 1957/3636/3
f 1952/3625/3 1955/3632/3 1975/3663/3 1972/3658/3
f 1958/3637/3 1953/3627/3 1671/3155/3 1978/3668/3
f 1959/3638/2 1979/3669/2 1972/3659/2 1952/3626/2
f 1953/3628/1 1671/3156/1 1974/3662/1 1954/3631/1
f 1956/3634/3 1976/3665/3 1971/3657/3 1951/3624/3
f 342/750/3 1618/3083/3 1988/3680/3 1989/3684/3
f 1618/3083/3 1628/3093/3 1987/3679/3 1988/3680/3
f 1628/3093/3 1732/3247/3 1986/3678/3 1987/3679/3
f 1732/3247/3 1743/3258/3 1985/3677/3 1986/3678/3
f 1743/3258/3 1637/3102/3 1984/3676/3 1985/3677/3
f 1637/3102/3 1649/3118/3 1983/3675/3 1984/3676/3
f 1649/3118/3 1661/3133/3 1973/3660/3 1983/3675/3
f 1661/3133/3 1671/3157/3 1953/3629/3 1973/3660/3
f 1990/3686/124 1891/3513/124 1900/3539/124
f 1899/3536/5 1892/3518/5 1895/3527/5 1989/3685/5
f 447/930/2 2019/3734/2 2024/3742/2 58/136/2
f 75/179/3 2016/3729/3 2023/3740/3 59/138/3
f 1892/3519/125 1990/3687/125 1991/3690/125 1895/3528/125
f 1888/3507/113 1884/3500/113 1992/3694/113 1993/3696/113
f 1891/3514/126 1990/3688/126 1992/3695/126
f 1993/3697/127 1994/3698/127 1894/3524/127
f 1894/3524/2 1994/3698/2 1927/3586/2
f 1933/3596/1 1914/3567/1 2002/3711/1 2011/3723/1
f 1923/3580/3 1918/3575/3 2004/3715/3 2007/3719/3
f 1921/3578/3 2006/3718/3 1999/3706/3 1908/3555/3
f 1904/3549/3 1913/3565/3 2002/3712/3 1997/3702/3
f 1931/3594/2 1906/3552/2 1998/3704/2 2010/3722/2
f 1906/3553/3 1902/3544/3 1996/3700/3 1998/3705/3
f 1911/3560/3 2001/3709/3 1995/3699/3 1898/3532/3
f 1929/3592/1 1911/3561/1 2001/3710/1 2009/3721/1
f 1902/3545/128 1915/3568/128 2003/3713/128 1996/3701/128
f 1903/3547/129 1917/3573/129 2004/3716/129 1997/3703/129
f 1937/3600/3 1920/3577/3 2005/3717/3 2013/3725/3
f 1898/3532/3 1995/3699/3 2006/3718/3 1921/3578/3
f 1920/3577/3 1923/3580/3 2007/3719/3 2005/3717/3
f 1915/3569/3 1925/3582/3 2008/3720/3 2003/3714/3
f 1935/3598/1 1929/3592/1 2009/3721/1 2012/3724/1
f 1910/3559/1 1933/3596/1 2011/3723/1 2000/3707/1
f 1909/3557/1 1935/3598/1 2012/3724/1 2000/3708/1
f 1925/3582/3 1937/3600/3 2013/3725/3 2008/3720/3
f 1908/3555/130 1999/3706/130 1927/3587/130
f 1896/3529/2 1931/3594/2 2010/3722/2 1991/3691/2
f 58/137/3 74/177/3 2015/3728/3 2024/3743/3
f 61/143/3 2014/3726/3 2017/3731/3 98/222/3
f 74/177/3 94/216/3 2018/3733/3 2015/3728/3
f 98/223/2 2017/3732/2 2021/3737/2 1081/2116/2
f 1188/2299/2 2022/3739/2 2019/3734/2 447/930/2
f 1081/2117/3 2021/3738/3 2020/3735/3 1070/2089/3
f 59/139/2 2023/3741/2 2022/3739/2 1188/2299/2
f 1944/3613/1 2016/3730/1 2020/3736/1 1948/3619/1
f 1969/3654/3 1970/3655/3 2031/3750/3 2030/3749/3
f 1964/3645/3 1969/3654/3 2030/3749/3 2026/3745/3
f 1966/3647/3 1967/3648/3 2029/3748/3 2028/3747/3
f 1965/3646/3 1966/3647/3 2028/3747/3 2027/3746/3
f 1970/3655/3 1965/3646/3 2027/3746/3 2031/3750/3
f 1963/3644/3 1964/3645/3 2026/3745/3 2025/3744/3
f 1967/3648/3 1939/3603/3 2032/3751/3 2029/3748/3
f 60/141/1 2032/3752/1 2014/3727/1 61/144/1
f 1963/3644/131 2025/3744/131 2033/3754/131 1968/3651/131
f 3/6/2 4/12/2 1896/3530/2 2033/3755/2
f 1968/3652/132 1991/3692/132 1990/3689/132 1900/3540/132
f 1968/3653/133 2033/3755/133 1896/3530/133 1991/3693/133
f 1123/2193/2 968/1863/2 1167/2276/2
f 968/1863/2 965/1857/2 1167/2276/2
f 215/486/3 195/429/3 1503/2846/3
f 1503/2846/3 1521/2873/3 1507/2852/3
f 147/316/5 1666/3141/5 1667/3145/5
f 1667/3145/4 971/1870/4 20/64/4
f 2018/3733/3 94/216/3 2032/3753/3
f 94/216/3 60/142/3 2032/3753/3
f 2032/3753/3 1939/3604/3 2018/3733/3
f 3/7/134 39/98/134 2033/3756/134
f 39/98/135 1900/3541/135 2033/3756/135
f 1992/3695/1 1884/3501/1 1891/3514/1
f 1884/3501/1 1867/3468/1 1891/3514/1
f 1894/3524/136 1868/3471/136 1888/3508/136
f 1888/3508/136 1993/3697/136 1894/3524/136
f 2037/3766/7 2036/3763/7 2034/3757/7 2035/3760/7
f 2041/3778/3 2040/3775/3 2039/3772/3 2038/3769/3
f 2036/3764/137 2037/3767/137 2041/3779/137 2038/3770/137
f 2035/3761/138 2034/3758/138 2039/3773/138 2040/3776/138
f 2037/3768/139 2035/3762/139 2040/3777/139 2041/3780/139
f 2034/3759/140 2036/3765/140 2038/3771/140 2039/3774/140
f 2045/3790/7 2044/3787/7 2042/3781/7 2043/3784/7
f 2049/3802/3 2048/3799/3 2047/3796/3 2046/3793/3
f 2044/3788/141 2045/3791/141 2049/3803/141 2046/3794/141
f 2043/3785/142 2042/3782/142 2047/3797/142 2048/3800/142
f 2045/3792/143 2043/3786/143 2048/3801/143 2049/3804/143
f 2042/3783/144 2044/3789/144 2046/3795/144 2047/3798/144
f 2053/3814/7 2052/3811/7 2050/3805/7 2051/3808/7
f 2057/3826/3 2056/3823/3 2055/3820/3 2054/3817/3
f 2052/3812/145 2053/3815/145 2057/3827/145 2054/3818/145
f 2051/3809/146 2050/3806/146 2055/3821/146 2056/3824/146
f 2053/3816/147 2051/3810/147 2056/3825/147 2057/3828/147
f 2050/3807/148 2052/3813/148 2054/3819/148 2055/3822/148
f 2061/3838/7 2060/3835/7 2058/3829/7 2059/3832/7
f 2065/3850/3 2064/3847/3 2063/3844/3 2062/3841/3
f 2060/3836/149 2061/3839/149 2065/3851/149 2062/3842/149
f 2059/3833/150 2058/3830/150 2063/3845/150 2064/3848/150
f 2061/3840/151 2059/3834/151 2064/3849/151 2065/3852/151
f 2058/3831/152 2060/3837/152 2062/3843/152 2063/3846/152
f 2069/3862/7 2068/3859/7 2066/3853/7 2067/3856/7
f 2073/3874/3 2072/3871/3 2071/3868/3 2070/3865/3
f 2068/3860/153 2069/3863/153 2073/3875/153 2070/3866/153
f 2067/3857/154 2066/3854/154 2071/3869/154 2072/3872/154
f 2069/3864/155 2067/3858/155 2072/3873/155 2073/3876/155
f 2066/3855/156 2068/3861/156 2070/3867/156 2071/3870/156
f 2077/3886/7 2076/3883/7 2074/3877/7 2075/3880/7
f 2081/3898/3 2080/3895/3 2079/3892/3 2078/3889/3
f 2076/3884/157 2077/3887/157 2081/3899/157 2078/3890/157
f 2075/3881/158 2074/3878/158 2079/3893/158 2080/3896/158
f 2077/3888/159 2075/3882/159 2080/3897/159 2081/3900/159
f 2074/3879/160 2076/3885/160 2078/3891/160 2079/3894/160
f 2085/3910/7 2084/3907/7 2082/3901/7 2083/3904/7
f 2089/3922/3 2088/3919/3 2087/3916/3 2086/3913/3
f 2084/3908/161 2085/3911/161 2089/3923/161 2086/3914/161
f 2083/3905/162 2082/3902/162 2087/3917/162 2088/3920/162
f 2085/3912/163 2083/3906/163 2088/3921/163 2089/3924/163
f 2082/3903/164 2084/3909/164 2086/3915/164 2087/3918/164
f 2093/3934/7 2092/3931/7 2090/3925/7 2091/3928/7
f 2097/3946/3 2096/3943/3 2095/3940/3 2094/3937/3
f 2092/3932/165 2093/3935/165 2097/3947/165 2094/3938/165
f 2091/3929/166 2090/3926/166 2095/3941/166 2096/3944/166
f 2093/3936/167 2091/3930/167 2096/3945/167 2097/3948/167
f 2090/3927/168 2092/3933/168 2094/3939/168 2095/3942/168
f 2101/3958/7 2100/3955/7 2098/3949/7 2099/3952/7
f 2105/3970/3 2104/3967/3 2103/3964/3 2102/3961/3
f 2100/3956/169 2101/3959/169 2105/3971/169 2102/3962/169
f 2099/3953/170 2098/3950/170 2103/3965/170 2104/3968/170
f 2101/3960/171 2099/3954/171 2104/3969/171 2105/3972/171
f 2098/3951/172 2100/3957/172 2102/3963/172 2103/3966/172
f 2109/3982/7 2108/3979/7 2106/3973/7 2107/3976/7
f 2113/3994/3 2112/3991/3 2111/3988/3 2110/3985/3
f 2108/3980/173 2109/3983/173 2113/3995/173 2110/3986/173
f 2107/3977/174 2106/3974/174 2111/3989/174 2112/3992/174
f 2109/3984/175 2107/3978/175 2112/3993/175 2113/3996/175
f 2106/3975/176 2108/3981/176 2110/3987/176 2111/3990/176
f 2117/4006/7 2116/4003/7 2114/3997/7 2115/4000/7
f 2121/4018/3 2120/4015/3 2119/4012/3 2118/4009/3
f 2116/4004/177 2117/4007/177 2121/4019/177 2118/4010/177
f 2115/4001/178 2114/3998/178 2119/4013/178 2120/4016/178
f 2117/4008/179 2115/4002/179 2120/4017/179 2121/4020/179
f 2114/3999/180 2116/4005/180 2118/4011/180 2119/4014/180
f 2125/4030/7 2124/4027/7 2122/4021/7 2123/4024/7
f 2129/4042/3 2128/4039/3 2127/4036/3 2126/4033/3
f 2124/4028/181 2125/4031/181 2129/4043/181 2126/4034/181
f 2123/4025/182 2122/4022/182 2127/4037/182 2128/4040/182
f 2125/4032/183 2123/4026/183 2128/4041/183 2129/4044/183
f 2122/4023/184 2124/4029/184 2126/4035/184 2127/4038/184
f 2133/4054/7 2132/4051/7 2130/4045/7 2131/4048/7
f 2137/4066/3 2136/4063/3 2135/4060/3 2134/4057/3
f 2132/4052/185 2133/4055/185 2137/4067/185 2134/4058/185
f 2131/4049/186 2130/4046/186 2135/4061/186 2136/4064/186
f 2133/4056/187 2131/4050/187 2136/4065/187 2137/4068/187
f 2130/4047/188 2132/4053/188 2134/4059/188 2135/4062/188
f 2141/4078/7 2140/4075/7 2138/4069/7 2139/4072/7
f 2145/4090/3 2144/4087/3 2143/4084/3 2142/4081/3
f 2140/4076/189 2141/4079/189 2145/4091/189 2142/4082/189
f 2139/4073/190 2138/4070/190 2143/4085/190 2144/4088/190
f 2141/4080/191 2139/4074/191 2144/4089/191 2145/4092/191
f 2138/4071/192 2140/4077/192 2142/4083/192 2143/4086/192
f 2149/4102/7 2148/4099/7 2146/4093/7 2147/4096/7
f 2153/4114/3 2152/4111/3 2151/4108/3 2150/4105/3
f 2148/4100/193 2149/4103/193 2153/4115/193 2150/4106/193
f 2147/4097/194 2146/4094/194 2151/4109/194 2152/4112/194
f 2149/4104/195 2147/4098/195 2152/4113/195 2153/4116/195
f 2146/4095/196 2148/4101/196 2150/4107/196 2151/4110/196
f 2157/4126/7 2156/4123/7 2154/4117/7 2155/4120/7
f 2161/4138/3 2160/4135/3 2159/4132/3 2158/4129/3
f 2156/4124/197 2157/4127/197 2161/4139/197 2158/4130/197
f 2155/4121/198 2154/4118/198 2159/4133/198 2160/4136/198
f 2157/4128/199 2155/4122/199 2160/4137/199 2161/4140/199
f 2154/4119/200 2156/4125/200 2158/4131/200 2159/4134/200
f 2165/4150/7 2164/4147/7 2162/4141/7 2163/4144/7
f 2169/4162/3 2168/4159/3 2167/4156/3 2166/4153/3
f 2164/4148/201 2165/4151/201 2169/4163/201 2166/4154/201
f 2163/4145/202 2162/4142/202 2167/4157/202 2168/4160/202
f 2165/4152/203 2163/4146/203 2168/4161/203 2169/4164/203
f 2162/4143/204 2164/4149/204 2166/4155/204 2167/4158/204
f 2173/4174/7 2172/4171/7 2170/4165/7 2171/4168/7
f 2177/4186/3 2176/4183/3 2175/4180/3 2174/4177/3
f 2172/4172/205 2173/4175/205 2177/4187/205 2174/4178/205
f 2171/4169/206 2170/4166/206 2175/4181/206 2176/4184/206
f 2173/4176/207 2171/4170/207 2176/4185/207 2177/4188/207
f 2170/4167/208 2172/4173/208 2174/4179/208 2175/4182/208
f 2181/4198/7 2180/4195/7 2178/4189/7 2179/4192/7
f 2185/4210/3 2184/4207/3 2183/4204/3 2182/4201/3
f 2180/4196/209 2181/4199/209 2185/4211/209 2182/4202/209
f 2179/4193/210 2178/4190/210 2183/4205/210 2184/4208/210
f 2181/4200/211 2179/4194/211 2184/4209/211 2185/4212/211
f 2178/4191/212 2180/4197/212 2182/4203/212 2183/4206/212
f 2189/4222/7 2188/4219/7 2186/4213/7 2187/4216/7
f 2193/4234/3 2192/4231/3 2191/4228/3 2190/4225/3
f 2188/4220/213 2189/4223/213 2193/4235/213 2190/4226/213
f 2187/4217/214 2186/4214/214 2191/4229/214 2192/4232/214
f 2189/4224/215 2187/4218/215 2192/4233/215 2193/4236/215
f 2186/4215/216 2188/4221/216 2190/4227/216 2191/4230/216
f 2197/4246/7 2196/4243/7 2194/4237/7 2195/4240/7
f 2201/4258/3 2200/4255/3 2199/4252/3 2198/4249/3
f 2196/4244/217 2197/4247/217 2201/4259/217 2198/4250/217
f 2195/4241/218 2194/4238/218 2199/4253/218 2200/4256/218
f 2197/4248/219 2195/4242/219 2200/4257/219 2201/4260/219
f 2194/4239/220 2196/4245/220 2198/4251/220 2199/4254/220
f 2205/4270/7 2204/4267/7 2202/4261/7 2203/4264/7
f 2209/4282/3 2208/4279/3 2207/4276/3 2206/4273/3
f 2204/4268/221 2205/4271/221 2209/4283/221 2206/4274/221
f 2203/4265/222 2202/4262/222 2207/4277/222 2208/4280/222
f 2205/4272/223 2203/4266/223 2208/4281/223 2209/4284/223
f 2202/4263/224 2204/4269/224 2206/4275/224 2207/4278/224
f 2213/4294/7 2212/4291/7 2210/4285/7 2211/4288/7
f 2217/4306/3 2216/4303/3 2215/4300/3 2214/4297/3
f 2212/4292/225 2213/4295/225 2217/4307/225 2214/4298/225
f 2211/4289/226 2210/4286/226 2215/4301/226 2216/4304/226
f 2213/4296/227 2211/4290/227 2216/4305/227 2217/4308/227
f 2210/4287/228 2212/4293/228 2214/4299/228 2215/4302/228
f 2221/4318/7 2220/4315/7 2218/4309/7 2219/4312/7
f 2225/4330/3 2224/4327/3 2223/4324/3 2222/4321/3
f 2220/4316/229 2221/4319/229 2225/4331/229 2222/4322/229
f 2219/4313/230 2218/4310/230 2223/4325/230 2224/4328/230
f 2221/4320/231 2219/4314/231 2224/4329/231 2225/4332/231
f 2218/4311/232 2220/4317/232 2222/4323/232 2223/4326/232
f 2229/4342/7 2228/4339/7 2226/4333/7 2227/4336/7
f 2233/4354/3 2232/4351/3 2231/4348/3 2230/4345/3
f 2228/4340/233 2229/4343/233 2233/4355/233 2230/4346/233
f 2227/4337/234 2226/4334/234 2231/4349/234 2232/4352/234
f 2229/4344/235 2227/4338/235 2232/4353/235 2233/4356/235
f 2226/4335/236 2228/4341/236 2230/4347/236 2231/4350/236
f 2237/4366/7 2236/4363/7 2234/4357/7 2235/4360/7
f 2241/4378/3 2240/4375/3 2239/4372/3 2238/4369/3
f 2236/4364/237 2237/4367/237 2241/4379/237 2238/4370/237
f 2235/4361/238 2234/4358/238 2239/4373/238 2240/4376/238
f 2237/4368/239 2235/4362/239 2240/4377/239 2241/4380/239
f 2234/4359/240 2236/4365/240 2238/4371/240 2239/4374/240
f 2245/4390/7 2244/4387/7 2242/4381/7 2243/4384/7
f 2249/4402/3 2248/4399/3 2247/4396/3 2246/4393/3
f 2244/4388/241 2245/4391/241 2249/4403/241 2246/4394/241
f 2243/4385/242 2242/4382/242 2247/4397/242 2248/4400/242
f 2245/4392/243 2243/4386/243 2248/4401/243 2249/4404/243
f 2242/4383/244 2244/4389/244 2246/4395/244 2247/4398/244
f 2253/4414/7 2252/4411/7 2250/4405/7 2251/4408/7
f 2257/4426/3 2256/4423/3 2255/4420/3 2254/4417/3
f 2252/4412/245 2253/4415/245 2257/4427/245 2254/4418/245
f 2251/4409/246 2250/4406/246 2255/4421/246 2256/4424/246
f 2253/4416/247 2251/4410/247 2256/4425/247 2257/4428/247
f 2250/4407/248 2252/4413/248 2254/4419/248 2255/4422/248
f 2261/4438/7 2260/4435/7 2258/4429/7 2259/4432/7
f 2265/4450/3 2264/4447/3 2263/4444/3 2262/4441/3
f 2260/4436/249 2261/4439/249 2265/4451/249 2262/4442/249
f 2259/4433/250 2258/4430/250 2263/4445/250 2264/4448/250
f 2261/4440/251 2259/4434/251 2264/4449/251 2265/4452/251
f 2258/4431/252 2260/4437/252 2262/4443/252 2263/4446/252
f 2269/4462/7 2268/4459/7 2266/4453/7 2267/4456/7
f 2273/4474/3 2272/4471/3 2271/4468/3 2270/4465/3
f 2268/4460/253 2269/4463/253 2273/4475/253 2270/4466/253
f 2267/4457/254 2266/4454/254 2271/4469/254 2272/4472/254
f 2269/4464/255 2267/4458/255 2272/4473/255 2273/4476/255
f 2266/4455/256 2268/4461/256 2270/4467/256 2271/4470/256
f 2277/4486/7 2276/4483/7 2274/4477/7 2275/4480/7
f 2281/4498/3 2280/4495/3 2279/4492/3 2278/4489/3
f 2276/4484/257 2277/4487/257 2281/4499/257 2278/4490/257
f 2275/4481/258 2274/4478/258 2279/4493/258 2280/4496/258
f 2277/4488/259 2275/4482/259 2280/4497/259 2281/4500/259
f 2274/4479/260 2276/4485/260 2278/4491/260 2279/4494/260
f 2285/4510/7 2284/4507/7 2282/4501/7 2283/4504/7
f 2289/4522/3 2288/4519/3 2287/4516/3 2286/4513/3
f 2284/4508/261 2285/4511/261 2289/4523/261 2286/4514/261
f 2283/4505/262 2282/4502/262 2287/4517/262 2288/4520/262
f 2285/4512/263 2283/4506/263 2288/4521/263 2289/4524/263
f 2282/4503/264 2284/4509/264 2286/4515/264 2287/4518/264
f 2293/4534/7 2292/4531/7 2290/4525/7 2291/4528/7
f 2297/4546/3 2296/4543/3 2295/4540/3 2294/4537/3
f 2292/4532/265 2293/4535/265 2297/4547/265 2294/4538/265
f 2291/4529/266 2290/4526/266 2295/4541/266 2296/4544/266
f 2293/4536/267 2291/4530/267 2296/4545/267 2297/4548/267
f 2290/4527/268 2292/4533/268 2294/4539/268 2295/4542/268
f 2301/4558/7 2300/4555/7 2298/4549/7 2299/4552/7
f 2305/4570/3 2304/4567/3 2303/4564/3 2302/4561/3
f 2300/4556/269 2301/4559/269 2305/4571/269 2302/4562/269
f 2299/4553/270 2298/4550/270 2303/4565/270 2304/4568/270
f 2301/4560/271 2299/4554/271 2304/4569/271 2305/4572/271
f 2298/4551/272 2300/4557/272 2302/4563/272 2303/4566/272
f 2309/4582/7 2308/4579/7 2306/4573/7 2307/4576/7
f 2313/4594/3 2312/4591/3 2311/4588/3 2310/4585/3
f 2308/4580/273 2309/4583/273 2313/4595/273 2310/4586/273
f 2307/4577/274 2306/4574/274 2311/4589/274 2312/4592/274
f 2309/4584/275 2307/4578/275 2312/4593/275 2313/4596/275
f 2306/4575/276 2308/4581/276 2310/4587/276 2311/4590/276
f 2317/4606/7 2316/4603/7 2314/4597/7 2315/4600/7
f 2321/4618/3 2320/4615/3 2319/4612/3 2318/4609/3
f 2316/4604/277 2317/4607/277 2321/4619/277 2318/4610/277
f 2315/4601/278 2314/4598/278 2319/4613/278 2320/4616/278
f 2317/4608/279 2315/4602/279 2320/4617/279 2321/4620/279
f 2314/4599/280 2316/4605/280 2318/4611/280 2319/4614/280
f 2325/4630/7 2324/4627/7 2322/4621/7 2323/4624/7
f 2329/4642/3 2328/4639/3 2327/4636/3 2326/4633/3
f 2324/4628/281 2325/4631/281 2329/4643/281 2326/4634/281
f 2323/4625/282 2322/4622/282 2327/4637/282 2328/4640/282
f 2325/4632/283 2323/4626/283 2328/4641/283 2329/4644/283
f 2322/4623/284 2324/4629/284 2326/4635/284 2327/4638/284
f 2333/4654/7 2332/4651/7 2330/4645/7 2331/4648/7
f 2337/4666/3 2336/4663/3 2335/4660/3 2334/4657/3
f 2332/4652/285 2333/4655/285 2337/4667/285 2334/4658/285
f 2331/4649/286 2330/4646/286 2335/4661/286 2336/4664/286
f 2333/4656/287 2331/4650/287 2336/4665/287 2337/4668/287
f 2330/4647/288 2332/4653/288 2334/4659/288 2335/4662/288
f 2341/4678/7 2340/4675/7 2338/4669/7 2339/4672/7
f 2345/4690/3 2344/4687/3 2343/4684/3 2342/4681/3
f 2340/4676/289 2341/4679/289 2345/4691/289 2342/4682/289
f 2339/4673/290 2338/4670/290 2343/4685/290 2344/4688/290
f 2341/4680/291 2339/4674/291 2344/4689/291 2345/4692/291
f 2338/4671/292 2340/4677/292 2342/4683/292 2343/4686/292
f 2349/4702/7 2348/4699/7 2346/4693/7 2347/4696/7
f 2353/4714/3 2352/4711/3 2351/4708/3 2350/4705/3
f 2348/4700/293 2349/4703/293 2353/4715/293 2350/4706/293
f 2347/4697/294 2346/4694/294 2351/4709/294 2352/4712/294
f 2349/4704/295 2347/4698/295 2352/4713/295 2353/4716/295
f 2346/4695/296 2348/4701/296 2350/4707/296 2351/4710/296
f 2357/4726/7 2356/4723/7 2354/4717/7 2355/4720/7
f 2361/4738/3 2360/4735/3 2359/4732/3 2358/4729/3
f 2356/4724/297 2357/4727/297 2361/4739/297 2358/4730/297
f 2355/4721/298 2354/4718/298 2359/4733/298 2360/4736/298
f 2357/4728/299 2355/4722/299 2360/4737/299 2361/4740/299
f 2354/4719/300 2356/4725/300 2358/4731/300 2359/4734/300
f 2365/4750/7 2364/4747/7 2362/4741/7 2363/4744/7
f 2369/4762/3 2368/4759/3 2367/4756/3 2366/4753/3
f 2364/4748/301 2365/4751/301 2369/4763/301 2366/4754/301
f 2363/4745/302 2362/4742/302 2367/4757/302 2368/4760/302
f 2365/4752/303 2363/4746/303 2368/4761/303 2369/4764/303
f 2362/4743/304 2364/4749/304 2366/4755/304 2367/4758/304
f 2373/4774/7 2372/4771/7 2370/4765/7 2371/4768/7
f 2377/4786/3 2376/4783/3 2375/4780/3 2374/4777/3
f 2372/4772/305 2373/4775/305 2377/4787/305 2374/4778/305
f 2371/4769/306 2370/4766/306 2375/4781/306 2376/4784/306
f 2373/4776/307 2371/4770/307 2376/4785/307 2377/4788/307
f 2370/4767/308 2372/4773/308 2374/4779/308 2375/4782/308
f 2381/4798/7 2380/4795/7 2378/4789/7 2379/4792/7
f 2385/4810/3 2384/4807/3 2383/4804/3 2382/4801/3
f 2380/4796/309 2381/4799/309 2385/4811/309 2382/4802/309
f 2379/4793/310 2378/4790/310 2383/4805/310 2384/4808/310
f 2381/4800/311 2379/4794/311 2384/4809/311 2385/4812/311
f 2378/4791/312 2380/4797/312 2382/4803/312 2383/4806/312
f 2389/4822/7 2388/4819/7 2386/4813/7 2387/4816/7
f 2393/4834/3 2392/4831/3 2391/4828/3 2390/4825/3
f 2388/4820/313 2389/4823/313 2393/4835/313 2390/4826/313
f 2387/4817/314 2386/4814/314 2391/4829/314 2392/4832/314
f 2389/4824/315 2387/4818/315 2392/4833/315 2393/4836/315
f 2386/4815/316 2388/4821/316 2390/4827/316 2391/4830/316
f 2397/4846/7 2396/4843/7 2394/4837/7 2395/4840/7
f 2401/4858/3 2400/4855/3 2399/4852/3 2398/4849/3
f 2396/4844/317 2397/4847/317 2401/4859/317 2398/4850/317
f 2395/4841/318 2394/4838/318 2399/4853/318 2400/4856/318
f 2397/4848/319 2395/4842/319 2400/4857/319 2401/4860/319
f 2394/4839/320 2396/4845/320 2398/4851/320 2399/4854/320
f 2405/4870/7 2404/4867/7 2402/4861/7 2403/4864/7
f 2409/4882/3 2408/4879/3 2407/4876/3 2406/4873/3
f 2404/4868/321 2405/4871/321 2409/4883/321 2406/4874/321
f 2403/4865/322 2402/4862/322 2407/4877/322 2408/4880/322
f 2405/4872/323 2403/4866/323 2408/4881/323 2409/4884/323
f 2402/4863/324 2404/4869/324 2406/4875/324 2407/4878/324
f 2413/4894/7 2412/4891/7 2410/4885/7 2411/4888/7
f 2417/4906/3 2416/4903/3 2415/4900/3 2414/4897/3
f 2412/4892/325 2413/4895/325 2417/4907/325 2414/4898/325
f 2411/4889/326 2410/4886/326 2415/4901/326 2416/4904/326
f 2413/4896/327 2411/4890/327 2416/4905/327 2417/4908/327
f 2410/4887/328 2412/4893/328 2414/4899/328 2415/4902/328
f 2421/4918/7 2420/4915/7 2418/4909/7 2419/4912/7
f 2425/4930/3 2424/4927/3 2423/4924/3 2422/4921/3
f 2420/4916/329 2421/4919/329 2425/4931/329 2422/4922/329
f 2419/4913/330 2418/4910/330 2423/4925/330 2424/4928/330
f 2421/4920/331 2419/4914/331 2424/4929/331 2425/4932/331
f 2418/4911/332 2420/4917/332 2422/4923/332 2423/4926/332
f 2429/4942/7 2428/4939/7 2426/4933/7 2427/4936/7
f 2433/4954/3 2432/4951/3 2431/4948/3 2430/4945/3
f 2428/4940/333 2429/4943/333 2433/4955/333 2430/4946/333
f 2427/4937/334 2426/4934/334 2431/4949/334 2432/4952/334
f 2429/4944/335 2427/4938/335 2432/4953/335 2433/4956/335
f 2426/4935/336 2428/4941/336 2430/4947/336 2431/4950/336
f 2437/4966/7 2436/4963/7 2434/4957/7 2435/4960/7
f 2441/4978/3 2440/4975/3 2439/4972/3 2438/4969/3
f 2436/4964/337 2437/4967/337 2441/4979/337 2438/4970/337
f 2435/4961/338 2434/4958/338 2439/4973/338 2440/4976/338
f 2437/4968/339 2435/4962/339 2440/4977/339 2441/4980/339
f 2434/4959/340 2436/4965/340 2438/4971/340 2439/4974/340
f 2445/4990/7 2444/4987/7 2442/4981/7 2443/4984/7
f 2449/5002/3 2448/4999/3 2447/4996/3 2446/4993/3
f 2444/4988/341 2445/4991/341 2449/5003/341 2446/4994/341
f 2443/4985/342 2442/4982/342 2447/4997/342 2448/5000/342
f 2445/4992/343 2443/4986/343 2448/5001/343 2449/5004/343
f 2442/4983/344 2444/4989/344 2446/4995/344 2447/4998/344
f 2453/5014/7 2452/5011/7 2450/5005/7 2451/5008/7
f 2457/5026/3 2456/5023/3 2455/5020/3 2454/5017/3
f 2452/5012/345 2453/5015/345 2457/5027/345 2454/5018/345
f 2451/5009/346 2450/5006/346 2455/5021/346 2456/5024/346
f 2453/5016/347 2451/5010/347 2456/5025/347 2457/5028/347
f 2450/5007/348 2452/5013/348 2454/5019/348 2455/5022/348
f 2461/5038/7 2460/5035/7 2458/5029/7 2459/5032/7
f 2465/5050/3 2464/5047/3 2463/5044/3 2462/5041/3
f 2460/5036/349 2461/5039/349 2465/5051/349 2462/5042/349
f 2459/5033/350 2458/5030/350 2463/5045/350 2464/5048/350
f 2461/5040/351 2459/5034/351 2464/5049/351 2465/5052/351
f 2458/5031/352 2460/5037/352 2462/5043/352 2463/5046/352
f 2469/5062/7 2468/5059/7 2466/5053/7 2467/5056/7
f 2473/5074/3 2472/5071/3 2471/5068/3 2470/5065/3
f 2468/5060/353 2469/5063/353 2473/5075/353 2470/5066/353
f 2467/5057/354 2466/5054/354 2471/5069/354 2472/5072/354
f 2469/5064/355 2467/5058/355 2472/5073/355 2473/5076/355
f 2466/5055/356 2468/5061/356 2470/5067/356 2471/5070/356
f 2477/5086/7 2476/5083/7 2474/5077/7 2475/5080/7
f 2481/5098/3 2480/5095/3 2479/5092/3 2478/5089/3
f 2476/5084/357 2477/5087/357 2481/5099/357 2478/5090/357
f 2475/5081/358 2474/5078/358 2479/5093/358 2480/5096/358
f 2477/5088/359 2475/5082/359 2480/5097/359 2481/5100/359
f 2474/5079/360 2476/5085/360 2478/5091/360 2479/5094/360
f 2485/5110/7 2484/5107/7 2482/5101/7 2483/5104/7
f 2489/5122/3 2488/5119/3 2487/5116/3 2486/5113/3
f 2484/5108/361 2485/5111/361 2489/5123/361 2486/5114/361
f 2483/5105/362 2482/5102/362 2487/5117/362 2488/5120/362
f 2485/5112/363 2483/5106/363 2488/5121/363 2489/5124/363
f 2482/5103/364 2484/5109/364 2486/5115/364 2487/5118/364
f 2493/5134/7 2492/5131/7 2490/5125/7 2491/5128/7
f 2497/5146/3 2496/5143/3 2495/5140/3 2494/5137/3
f 2492/5132/365 2493/5135/365 2497/5147/365 2494/5138/365
f 2491/5129/366 2490/5126/366 2495/5141/366 2496/5144/366
f 2493/5136/367 2491/5130/367 2496/5145/367 2497/5148/367
f 2490/5127/368 2492/5133/368 2494/5139/368 2495/5142/368
f 2501/5158/7 2500/5155/7 2498/5149/7 2499/5152/7
f 2505/5170/3 2504/5167/3 2503/5164/3 2502/5161/3
f 2500/5156/369 2501/5159/369 2505/5171/369 2502/5162/369
f 2499/5153/370 2498/5150/370 2503/5165/370 2504/5168/370
f 2501/5160/371 2499/5154/371 2504/5169/371 2505/5172/371
f 2498/5151/372 2500/5157/372 2502/5163/372 2503/5166/372
f 2509/5182/7 2508/5179/7 2506/5173/7 2507/5176/7
f 2513/5194/3 2512/5191/3 2511/5188/3 2510/5185/3
f 2508/5180/373 2509/5183/373 2513/5195/373 2510/5186/373
f 2507/5177/374 2506/5174/374 2511/5189/374 2512/5192/374
f 2509/5184/375 2507/5178/375 2512/5193/375 2513/5196/375
f 2506/5175/376 2508/5181/376 2510/5187/376 2511/5190/376
f 2517/5206/7 2516/5203/7 2514/5197/7 2515/5200/7
f 2521/5218/3 2520/5215/3 2519/5212/3 2518/5209/3
f 2516/5204/377 2517/5207/377 2521/5219/377 2518/5210/377
f 2515/5201/378 2514/5198/378 2519/5213/378 2520/5216/378
f 2517/5208/379 2515/5202/379 2520/5217/379 2521/5220/379
f 2514/5199/380 2516/5205/380 2518/5211/380 2519/5214/380
f 2525/5230/7 2524/5227/7 2522/5221/7 2523/5224/7
f 2529/5242/3 2528/5239/3 2527/5236/3 2526/5233/3
f 2524/5228/381 2525/5231/381 2529/5243/381 2526/5234/381
f 2523/5225/382 2522/5222/382 2527/5237/382 2528/5240/382
f 2525/5232/383 2523/5226/383 2528/5241/383 2529/5244/383
f 2522/5223/384 2524/5229/384 2526/5235/384 2527/5238/384
f 2533/5254/7 2532/5251/7 2530/5245/7 2531/5248/7
f 2537/5266/3 2536/5263/3 2535/5260/3 2534/5257/3
f 2532/5252/385 2533/5255/385 2537/5267/385 2534/5258/385
f 2531/5249/386 2530/5246/386 2535/5261/386 2536/5264/386
f 2533/5256/387 2531/5250/387 2536/5265/387 2537/5268/387
f 2530/5247/388 2532/5253/388 2534/5259/388 2535/5262/388
f 2541/5278/7 2540/5275/7 2538/5269/7 2539/5272/7
f 2545/5290/3 2544/5287/3 2543/5284/3 2542/5281/3
f 2540/5276/389 2541/5279/389 2545/5291/389 2542/5282/389
f 2539/5273/390 2538/5270/390 2543/5285/390 2544/5288/390
f 2541/5280/391 2539/5274/391 2544/5289/391 2545/5292/391
f 2538/5271/392 2540/5277/392 2542/5283/392 2543/5286/392
f 2549/5302/7 2548/5299/7 2546/5293/7 2547/5296/7
f 2553/5314/3 2552/5311/3 2551/5308/3 2550/5305/3
f 2548/5300/393 2549/5303/393 2553/5315/393 2550/5306/393
f 2547/5297/394 2546/5294/394 2551/5309/394 2552/5312/394
f 2549/5304/395 2547/5298/395 2552/5313/395 2553/5316/395
f 2546/5295/396 2548/5301/396 2550/5307/396 2551/5310/396
f 2557/5326/7 2556/5323/7 2554/5317/7 2555/5320/7
f 2561/5338/3 2560/5335/3 2559/5332/3 2558/5329/3
f 2556/5324/397 2557/5327/397 2561/5339/397 2558/5330/397
f 2555/5321/398 2554/5318/398 2559/5333/398 2560/5336/398
f 2557/5328/399 2555/5322/399 2560/5337/399 2561/5340/399
f 2554/5319/400 2556/5325/400 2558/5331/400 2559/5334/400
f 2565/5350/7 2564/5347/7 2562/5341/7 2563/5344/7
f 2569/5362/3 2568/5359/3 2567/5356/3 2566/5353/3
f 2564/5348/401 2565/5351/401 2569/5363/401 2566/5354/401
f 2563/5345/402 2562/5342/402 2567/5357/402 2568/5360/402
f 2565/5352/403 2563/5346/403 2568/5361/403 2569/5364/403
f 2562/5343/404 2564/5349/404 2566/5355/404 2567/5358/404
f 2573/5374/7 2572/5371/7 2570/5365/7 2571/5368/7
f 2577/5386/3 2576/5383/3 2575/5380/3 2574/5377/3
f 2572/5372/405 2573/5375/405 2577/5387/405 2574/5378/405
f 2571/5369/406 2570/5366/406 2575/5381/406 2576/5384/406
f 2573/5376/407 2571/5370/407 2576/5385/407 2577/5388/407
f 2570/5367/408 2572/5373/408 2574/5379/408 2575/5382/408
f 2581/5398/7 2580/5395/7 2578/5389/7 2579/5392/7
f 2585/5410/3 2584/5407/3 2583/5404/3 2582/5401/3
f 2580/5396/409 2581/5399/409 2585/5411/409 2582/5402/409
f 2579/5393/410 2578/5390/410 2583/5405/410 2584/5408/410
f 2581/5400/411 2579/5394/411 2584/5409/411 2585/5412/411
f 2578/5391/412 2580/5397/412 2582/5403/412 2583/5406/412
f 2589/5422/7 2588/5419/7 2586/5413/7 2587/5416/7
f 2593/5434/3 2592/5431/3 2591/5428/3 2590/5425/3
f 2588/5420/413 2589/5423/413 2593/5435/413 2590/5426/413
f 2587/5417/414 2586/5414/414 2591/5429/414 2592/5432/414
f 2589/5424/415 2587/5418/415 2592/5433/415 2593/5436/415
f 2586/5415/416 2588/5421/416 2590/5427/416 2591/5430/416
f 2597/5446/7 2596/5443/7 2594/5437/7 2595/5440/7
f 2601/5458/3 2600/5455/3 2599/5452/3 2598/5449/3
f 2596/5444/417 2597/5447/417 2601/5459/417 2598/5450/417
f 2595/5441/418 2594/5438/418 2599/5453/418 2600/5456/418
f 2597/5448/419 2595/5442/419 2600/5457/419 2601/5460/419
f 2594/5439/420 2596/5445/420 2598/5451/420 2599/5454/420
f 2605/5470/7 2604/5467/7 2602/5461/7 2603/5464/7
f 2609/5482/3 2608/5479/3 2607/5476/3 2606/5473/3
f 2604/5468/421 2605/5471/421 2609/5483/421 2606/5474/421
f 2603/5465/422 2602/5462/422 2607/5477/422 2608/5480/422
f 2605/5472/423 2603/5466/423 2608/5481/423 2609/5484/423
f 2602/5463/424 2604/5469/424 2606/5475/424 2607/5478/424
f 2613/5494/7 2612/5491/7 2610/5485/7 2611/5488/7
f 2617/5506/3 2616/5503/3 2615/5500/3 2614/5497/3
f 2612/5492/425 2613/5495/425 2617/5507/425 2614/5498/425
f 2611/5489/426 2610/5486/426 2615/5501/426 2616/5504/426
f 2613/5496/427 2611/5490/427 2616/5505/427 2617/5508/427
f 2610/5487/428 2612/5493/428 2614/5499/428 2615/5502/428
s 1
f 2629/5520/3 2630/5521/3 2690/5620/429 2689/5618/430
f 2625/5516/3 2626/5517/3 2682/5604/431 2681/5602/432
f 2620/5511/3 2629/5520/3 2689/5618/430 2670/5581/433
f 2631/5522/3 2632/5523/3 2694/5629/434 2693/5627/435
f 2622/5513/3 2631/5522/3 2693/5627/435 2674/5588/436
f 2633/5524/3 2634/5525/3 2698/5637/437 2697/5635/438
f 2624/5515/3 2633/5524/3 2697/5635/438 2678/5596/439
f 2628/5519/3 2619/5510/3 2669/5579/440 2686/5612/441
f 2626/5517/3 2627/5518/3 2685/5610/442 2682/5604/431
f 2630/5521/3 2621/5512/3 2673/5586/443 2690/5620/429
f 2627/5518/3 2628/5519/3 2686/5612/441 2685/5610/442
f 2632/5523/3 2623/5514/3 2677/5594/444 2694/5629/434
f 2621/5512/3 2622/5513/3 2674/5588/436 2673/5586/443
f 2634/5525/3 2625/5516/3 2681/5602/432 2698/5637/437
f 2623/5514/3 2624/5515/3 2678/5596/439 2677/5594/444
f 2636/5528/445 2635/5526/446 2668/5576/447 2671/5582/448
f 2638/5532/449 2637/5530/450 2672/5584/451 2675/5590/452
f 2640/5536/453 2639/5534/454 2676/5592/455 2679/5598/456
f 2642/5540/457 2641/5538/458 2680/5600/459 2683/5606/460
f 2644/5544/461 2643/5542/462 2684/5608/463 2687/5614/464
f 2646/5548/465 2645/5546/466 2688/5616/467 2691/5622/468
f 2648/5553/469 2647/5551/470 2692/5625/471 2695/5631/472
f 2650/5557/473 2649/5555/474 2696/5633/475 2699/5639/476
f 2635/5526/446 2644/5544/461 2687/5614/464 2668/5576/447
f 2637/5530/450 2646/5549/465 2691/5623/468 2672/5584/451
f 2639/5534/454 2648/5553/469 2695/5631/472 2676/5592/455
f 2641/5538/458 2650/5557/473 2699/5639/476 2680/5600/459
f 2643/5542/462 2642/5540/457 2683/5606/460 2684/5608/463
f 2645/5546/466 2636/5528/445 2671/5582/448 2688/5616/467
f 2647/5551/470 2638/5532/449 2675/5590/452 2692/5625/471
f 2649/5555/474 2640/5536/453 2679/5598/456 2696/5633/475
f 2618/5509/3 2620/5511/3 2619/5510/3
f 2618/5509/3 2622/5513/3 2621/5512/3
f 2618/5509/3 2624/5515/3 2623/5514/3
f 2618/5509/3 2626/5517/3 2625/5516/3
f 2618/5509/3 2628/5519/3 2627/5518/3
f 2618/5509/3 2630/5521/3 2629/5520/3
f 2618/5509/3 2632/5523/3 2631/5522/3
f 2618/5509/3 2634/5525/3 2633/5524/3
f 2618/5509/3 2619/5510/3 2628/5519/3
f 2618/5509/3 2621/5512/3 2630/5521/3
f 2618/5509/3 2623/5514/3 2632/5523/3
f 2618/5509/3 2625/5516/3 2634/5525/3
f 2618/5509/3 2627/5518/3 2626/5517/3
f 2618/5509/3 2629/5520/3 2620/5511/3
f 2618/5509/3 2631/5522/3 2622/5513/3
f 2618/5509/3 2633/5524/3 2624/5515/3
f 2653/5561/7 2652/5560/7 2635/5527/446 2636/5529/445
f 2655/5563/7 2654/5562/7 2637/5531/450 2638/5533/449
f 2657/5565/7 2656/5564/7 2639/5535/454 2640/5537/453
f 2659/5567/7 2658/5566/7 2641/5539/458 2642/5541/457
f 2661/5569/7 2660/5568/7 2643/5543/462 2644/5545/461
f 2663/5571/7 2662/5570/7 2645/5547/466 2646/5550/465
f 2665/5573/7 2664/5572/7 2647/5552/470 2648/5554/469
f 2667/5575/7 2666/5574/7 2649/5556/474 2650/5558/473
f 2652/5560/7 2661/5569/7 2644/5545/461 2635/5527/446
f 2654/5562/7 2663/5571/7 2646/5550/465 2637/5531/450
f 2656/5564/7 2665/5573/7 2648/5554/469 2639/5535/454
f 2658/5566/7 2667/5575/7 2650/5558/473 2641/5539/458
f 2660/5568/7 2659/5567/7 2642/5541/457 2643/5543/462
f 2662/5570/7 2653/5561/7 2636/5529/445 2645/5547/466
f 2664/5572/7 2655/5563/7 2638/5533/449 2647/5552/470
f 2666/5574/7 2657/5565/7 2640/5537/453 2649/5556/474
f 2651/5559/7 2652/5560/7 2653/5561/7
f 2651/5559/7 2654/5562/7 2655/5563/7
f 2651/5559/7 2656/5564/7 2657/5565/7
f 2651/5559/7 2658/5566/7 2659/5567/7
f 2651/5559/7 2660/5568/7 2661/5569/7
f 2651/5559/7 2662/5570/7 2663/5571/7
f 2651/5559/7 2664/5572/7 2665/5573/7
f 2651/5559/7 2666/5574/7 2667/5575/7
f 2651/5559/7 2661/5569/7 2652/5560/7
f 2651/5559/7 2663/5571/7 2654/5562/7
f 2651/5559/7 2665/5573/7 2656/5564/7
f 2651/5559/7 2667/5575/7 2658/5566/7
f 2651/5559/7 2659/5567/7 2660/5568/7
f 2651/5559/7 2653/5561/7 2662/5570/7
f 2651/5559/7 2655/5563/7 2664/5572/7
f 2651/5559/7 2657/5565/7 2666/5574/7
f 2669/5578/440 2670/5580/433 2671/5583/448 2668/5577/447
f 2673/5587/443 2674/5589/436 2675/5591/452 2672/5585/451
f 2677/5595/444 2678/5597/439 2679/5599/456 2676/5593/455
f 2681/5603/432 2682/5605/431 2683/5607/460 2680/5601/459
f 2685/5611/442 2686/5613/441 2687/5615/464 2684/5609/463
f 2689/5619/430 2690/5621/429 2691/5624/468 2688/5617/467
f 2693/5628/435 2694/5630/434 2695/5632/472 2692/5626/471
f 2697/5636/438 2698/5638/437 2699/5640/476 2696/5634/475
f 2686/5613/441 2669/5578/440 2668/5577/447 2687/5615/464
f 2690/5621/429 2673/5587/443 2672/5585/451 2691/5624/468
f 2694/5630/434 2677/5595/444 2676/5593/455 2695/5632/472
f 2698/5638/437 2681/5603/432 2680/5601/459 2699/5640/476
f 2682/5605/431 2685/5611/442 2684/5609/463 2683/5607/460
f 2670/5580/433 2689/5619/430 2688/5617/467 2671/5583/448
f 2674/5589/436 2693/5628/435 2692/5626/471 2675/5591/452
f 2678/5597/439 2697/5636/438 2696/5634/475 2679/5599/456
f 2619/5510/3 2620/5511/3 2670/5581/433 2669/5579/440
o D01_Royal_Port_Herod_Low
v -137.975815 44.714394 183.104080
v -138.226044 44.691353 186.223282
v -135.544907 44.671761 183.273239
v -134.966629 44.642670 185.480835
v -138.804321 44.720448 184.015686
v -136.730835 44.695793 182.820496
v -137.040115 44.667320 186.676041
v -134.871048 44.651466 184.289413
v -138.899902 44.711647 185.207123
v -135.795135 44.648720 186.392441
v -136.642868 59.835846 181.770966
v -133.921631 59.782719 185.880066
v -139.849518 59.860497 183.616898
v -138.567871 59.854443 182.207611
v -135.199265 59.788773 187.286713
v -137.120331 59.807369 187.726105
v -138.953033 59.831409 187.028885
v -133.773300 59.791515 184.042084
v -139.996384 59.851700 185.459244
v -134.811752 59.811813 182.472504
v -135.544907 44.851952 183.273239
v -138.899902 44.891838 185.207123
v -134.871048 44.831657 184.289413
v -138.226044 44.871548 186.223282
v -137.040115 44.847511 186.676041
v -135.795135 44.828911 186.392441
v -137.975815 44.894585 183.104080
v -138.804321 44.900639 184.015686
v -134.966629 44.822861 185.480835
v -136.730835 44.875984 182.820496
v -137.975815 44.714394 157.591583
v -138.226044 44.691353 154.472382
v -135.544907 44.671761 157.422409
v -134.966629 44.642670 155.214813
v -138.804321 44.720448 156.679962
v -136.730835 44.695793 157.875168
v -137.040115 44.667320 154.019623
v -134.871048 44.651466 156.406250
v -138.899902 44.711647 155.488541
v -135.795135 44.648720 154.303207
v -136.642868 59.835846 158.924698
v -133.921631 59.782719 154.815598
v -139.849518 59.860497 157.078766
v -138.567871 59.854443 158.488052
v -135.199265 59.788773 153.408936
v -137.120331 59.807369 152.969543
v -138.953033 59.831409 153.666763
v -133.773300 59.791515 156.653580
v -139.996384 59.851700 155.236404
v -134.811752 59.811813 158.223145
v -135.544907 44.851952 157.422409
v -138.899902 44.891838 155.488541
v -134.871048 44.831657 156.406250
v -138.226044 44.871548 154.472382
v -137.040115 44.847511 154.019623
v -135.795135 44.828911 154.303207
v -137.975815 44.894585 157.591583
v -138.804321 44.900639 156.679962
v -134.966629 44.822861 155.214813
v -136.730835 44.875984 157.875168
v -136.730835 58.784168 182.820496
v -136.728973 58.837029 182.798279
v -137.988388 58.855698 183.085052
v -137.975815 58.802765 183.104080
v -134.944717 58.783707 185.489212
v -134.966629 58.731041 185.480835
v -135.795135 58.737099 186.392441
v -135.782623 58.789780 186.411209
v -137.040115 58.755695 186.676041
v -137.041809 58.808449 186.698151
v -138.226044 58.779732 186.223282
v -138.241409 58.832573 186.240311
v -134.848007 58.792534 184.284210
v -134.871048 58.739838 184.289413
v -138.899902 58.800026 185.207123
v -138.923172 58.852943 185.212463
v -135.529465 58.812904 183.256378
v -135.544907 58.760136 183.273239
v -138.826523 58.861771 184.007217
v -138.804321 58.808823 184.015686
v -139.997635 62.676353 185.454529
v -138.959091 62.656059 187.024109
v -136.650482 62.660500 181.770432
v -134.817810 62.636463 182.467712
v -135.203003 62.613426 187.288879
v -133.921432 62.607372 185.879639
v -133.774536 62.616169 184.037354
v -138.571625 62.679096 182.209778
v -139.849319 62.685150 183.616470
v -137.127945 62.632023 187.725571
v -136.728973 58.837029 157.897369
v -136.730835 58.784168 157.875168
v -137.975815 58.802765 157.591583
v -137.988388 58.855698 157.610611
v -134.966629 58.731041 155.214813
v -134.944717 58.783707 155.206451
v -135.782623 58.789780 154.284439
v -135.795135 58.737099 154.303207
v -137.041809 58.808449 153.997513
v -137.040115 58.755695 154.019623
v -138.241409 58.832573 154.455353
v -138.226044 58.779732 154.472382
v -134.871048 58.739838 156.406250
v -134.848007 58.792534 156.411438
v -138.923172 58.852943 155.483185
v -138.899902 58.800026 155.488541
v -135.544907 58.760136 157.422409
v -135.529465 58.812904 157.439285
v -138.804321 58.808823 156.679962
v -138.826523 58.861771 156.688446
v -139.997635 62.676353 155.241135
v -139.965637 62.707623 155.248413
v -138.937836 62.687328 153.694962
v -138.959091 62.656059 153.671555
v -136.652954 62.691769 158.894653
v -136.650482 62.660500 158.925232
v -134.817810 62.636463 158.227936
v -134.839066 62.667736 158.204575
v -135.203003 62.613426 153.406769
v -135.220276 62.644695 153.432785
v -133.951797 62.638641 154.827606
v -133.921432 62.607372 154.816010
v -133.806427 62.647442 156.651047
v -133.774536 62.616169 156.658295
v -138.571625 62.679096 158.485886
v -138.554321 62.710369 158.459778
v -139.818848 62.716423 157.067551
v -139.849319 62.685150 157.079193
v -137.125519 62.663296 153.000626
v -137.127945 62.632023 152.970078
v -115.194778 44.714394 183.104080
v -115.445007 44.691353 186.223282
v -112.763870 44.671761 183.273239
v -112.185593 44.642670 185.480835
v -116.023285 44.720448 184.015686
v -113.949799 44.695793 182.820496
v -114.259079 44.667320 186.676041
v -112.090012 44.651466 184.289413
v -116.118866 44.711647 185.207123
v -113.014099 44.648720 186.392441
v -113.861832 59.835846 181.770966
v -111.140594 59.782719 185.880066
v -117.068481 59.860497 183.616898
v -115.786835 59.854443 182.207611
v -112.418228 59.788773 187.286713
v -114.339294 59.807369 187.726105
v -116.171997 59.831409 187.028885
v -110.992264 59.791515 184.042084
v -117.215347 59.851700 185.459244
v -112.030716 59.811813 182.472504
v -112.763870 44.851952 183.273239
v -116.118866 44.891838 185.207123
v -112.090012 44.831657 184.289413
v -115.445007 44.871548 186.223282
v -114.259079 44.847511 186.676041
v -113.014099 44.828911 186.392441
v -115.194778 44.894585 183.104080
v -116.023285 44.900639 184.015686
v -112.185593 44.822861 185.480835
v -113.949799 44.875984 182.820496
v -115.194778 44.714394 157.591583
v -115.445007 44.691353 154.472382
v -112.763870 44.671761 157.422409
v -112.185593 44.642670 155.214813
v -116.023285 44.720448 156.679962
v -113.949799 44.695793 157.875168
v -114.259079 44.667320 154.019623
v -112.090012 44.651466 156.406250
v -116.118866 44.711647 155.488541
v -113.014099 44.648720 154.303207
v -113.861832 59.835846 158.924698
v -111.140594 59.782719 154.815598
v -117.068481 59.860497 157.078766
v -115.786835 59.854443 158.488052
v -112.418228 59.788773 153.408936
v -114.339294 59.807369 152.969543
v -116.171997 59.831409 153.666763
v -110.992264 59.791515 156.653580
v -117.215347 59.851700 155.236404
v -112.030716 59.811813 158.223145
v -112.763870 44.851952 157.422409
v -116.118866 44.891838 155.488541
v -112.090012 44.831657 156.406250
v -115.445007 44.871548 154.472382
v -114.259079 44.847511 154.019623
v -113.014099 44.828911 154.303207
v -115.194778 44.894585 157.591583
v -116.023285 44.900639 156.679962
v -112.185593 44.822861 155.214813
v -113.949799 44.875984 157.875168
v -113.949799 58.784168 182.820496
v -113.947937 58.837029 182.798279
v -115.207352 58.855698 183.085052
v -115.194778 58.802765 183.104080
v -112.163681 58.783707 185.489212
v -112.185593 58.731041 185.480835
v -113.014099 58.737099 186.392441
v -113.001587 58.789780 186.411209
v -114.259079 58.755695 186.676041
v -114.260773 58.808449 186.698151
v -115.445007 58.779732 186.223282
v -115.460373 58.832573 186.240311
v -112.066971 58.792534 184.284210
v -112.090012 58.739838 184.289413
v -116.118866 58.800026 185.207123
v -116.142136 58.852943 185.212463
v -112.748428 58.812904 183.256378
v -112.763870 58.760136 183.273239
v -116.045486 58.861771 184.007217
v -116.023285 58.808823 184.015686
v -117.216599 62.676353 185.454529
v -116.178055 62.656059 187.024109
v -113.869446 62.660500 181.770432
v -112.036774 62.636463 182.467712
v -112.421967 62.613426 187.288879
v -111.140396 62.607372 185.879639
v -110.993500 62.616169 184.037354
v -115.790588 62.679096 182.209778
v -117.068283 62.685150 183.616470
v -114.346909 62.632023 187.725571
v -113.947937 58.837029 157.897369
v -113.949799 58.784168 157.875168
v -115.194778 58.802765 157.591583
v -115.207352 58.855698 157.610611
v -112.185593 58.731041 155.214813
v -112.163681 58.783707 155.206451
v -113.001587 58.789780 154.284439
v -113.014099 58.737099 154.303207
v -114.260773 58.808449 153.997513
v -114.259079 58.755695 154.019623
v -115.460373 58.832573 154.455353
v -115.445007 58.779732 154.472382
v -112.090012 58.739838 156.406250
v -112.066971 58.792534 156.411438
v -116.142136 58.852943 155.483185
v -116.118866 58.800026 155.488541
v -112.763870 58.760136 157.422409
v -112.748428 58.812904 157.439285
v -116.023285 58.808823 156.679962
v -116.045486 58.861771 156.688446
v -117.216599 62.676353 155.241135
v -117.184601 62.707623 155.248413
v -116.156799 62.687328 153.694962
v -116.178055 62.656059 153.671555
v -113.871918 62.691769 158.894653
v -113.869446 62.660500 158.925232
v -112.036774 62.636463 158.227936
v -112.058029 62.667736 158.204575
v -112.421967 62.613426 153.406769
v -112.439240 62.644695 153.432785
v -111.170761 62.638641 154.827606
v -111.140396 62.607372 154.816010
v -111.025391 62.647442 156.651047
v -110.993500 62.616169 156.658295
v -115.790588 62.679096 158.485886
v -115.773285 62.710369 158.459778
v -117.037811 62.716423 157.067551
v -117.068283 62.685150 157.079193
v -114.344482 62.663296 153.000626
v -114.346909 62.632023 152.970078
v -92.413742 44.714394 183.104080
v -92.663956 44.691353 186.223282
v -89.982834 44.671761 183.273239
v -89.404549 44.642670 185.480835
v -93.242249 44.720448 184.015686
v -91.168755 44.695793 182.820496
v -91.478043 44.667320 186.676041
v -89.308975 44.651466 184.289413
v -93.337830 44.711647 185.207123
v -90.233055 44.648720 186.392441
v -91.080795 59.835846 181.770966
v -88.359550 59.782719 185.880066
v -94.287430 59.860497 183.616898
v -93.005798 59.854443 182.207611
v -89.637184 59.788773 187.286713
v -91.558258 59.807369 187.726105
v -93.390961 59.831409 187.028885
v -88.211227 59.791515 184.042084
v -94.434311 59.851700 185.459244
v -89.249680 59.811813 182.472504
v -89.982834 44.851952 183.273239
v -93.337830 44.891838 185.207123
v -89.308975 44.831657 184.289413
v -92.663956 44.871548 186.223282
v -91.478043 44.847511 186.676041
v -90.233055 44.828911 186.392441
v -92.413742 44.894585 183.104080
v -93.242249 44.900639 184.015686
v -89.404549 44.822861 185.480835
v -91.168755 44.875984 182.820496
v -92.413742 44.714394 157.591583
v -92.663956 44.691353 154.472382
v -89.982834 44.671761 157.422409
v -89.404549 44.642670 155.214813
v -93.242249 44.720448 156.679962
v -91.168755 44.695793 157.875168
v -91.478043 44.667320 154.019623
v -89.308975 44.651466 156.406250
v -93.337830 44.711647 155.488541
v -90.233055 44.648720 154.303207
v -91.080795 59.835846 158.924698
v -88.359550 59.782719 154.815598
v -94.287430 59.860497 157.078766
v -93.005798 59.854443 158.488052
v -89.637184 59.788773 153.408936
v -91.558258 59.807369 152.969543
v -93.390961 59.831409 153.666763
v -88.211227 59.791515 156.653580
v -94.434311 59.851700 155.236404
v -89.249680 59.811813 158.223145
v -89.982834 44.851952 157.422409
v -93.337830 44.891838 155.488541
v -89.308975 44.831657 156.406250
v -92.663956 44.871548 154.472382
v -91.478043 44.847511 154.019623
v -90.233055 44.828911 154.303207
v -92.413742 44.894585 157.591583
v -93.242249 44.900639 156.679962
v -89.404549 44.822861 155.214813
v -91.168755 44.875984 157.875168
v -91.168755 58.784168 182.820496
v -91.166893 58.837029 182.798279
v -92.426308 58.855698 183.085052
v -92.413742 58.802765 183.104080
v -89.382645 58.783707 185.489212
v -89.404549 58.731041 185.480835
v -90.233055 58.737099 186.392441
v -90.220551 58.789780 186.411209
v -91.478043 58.755695 186.676041
v -91.479736 58.808449 186.698151
v -92.663956 58.779732 186.223282
v -92.679337 58.832573 186.240311
v -89.285927 58.792534 184.284210
v -89.308975 58.739838 184.289413
v -93.337830 58.800026 185.207123
v -93.361084 58.852943 185.212463
v -89.967392 58.812904 183.256378
v -89.982834 58.760136 183.273239
v -93.264450 58.861771 184.007217
v -93.242249 58.808823 184.015686
v -94.435547 62.676353 185.454529
v -93.397018 62.656059 187.024109
v -91.088409 62.660500 181.770432
v -89.255737 62.636463 182.467712
v -89.640930 62.613426 187.288879
v -88.359360 62.607372 185.879639
v -88.212463 62.616169 184.037354
v -93.009552 62.679096 182.209778
v -94.287247 62.685150 183.616470
v -91.565872 62.632023 187.725571
v -91.166893 58.837029 157.897369
v -91.168755 58.784168 157.875168
v -92.413742 58.802765 157.591583
v -92.426308 58.855698 157.610611
v -89.404549 58.731041 155.214813
v -89.382645 58.783707 155.206451
v -90.220551 58.789780 154.284439
v -90.233055 58.737099 154.303207
v -91.479736 58.808449 153.997513
v -91.478043 58.755695 154.019623
v -92.679337 58.832573 154.455353
v -92.663956 58.779732 154.472382
v -89.308975 58.739838 156.406250
v -89.285927 58.792534 156.411438
v -93.361084 58.852943 155.483185
v -93.337830 58.800026 155.488541
v -89.982834 58.760136 157.422409
v -89.967392 58.812904 157.439285
v -93.242249 58.808823 156.679962
v -93.264450 58.861771 156.688446
v -94.435547 62.676353 155.241135
v -94.403564 62.707623 155.248413
v -93.375763 62.687328 153.694962
v -93.397018 62.656059 153.671555
v -91.090881 62.691769 158.894653
v -91.088409 62.660500 158.925232
v -89.255737 62.636463 158.227936
v -89.276993 62.667736 158.204575
v -89.640930 62.613426 153.406769
v -89.658203 62.644695 153.432785
v -88.389725 62.638641 154.827606
v -88.359360 62.607372 154.816010
v -88.244354 62.647442 156.651047
v -88.212463 62.616169 156.658295
v -93.009552 62.679096 158.485886
v -92.992233 62.710369 158.459778
v -94.256760 62.716423 157.067551
v -94.287247 62.685150 157.079193
v -91.563446 62.663296 153.000626
v -91.565872 62.632023 152.970078
v -69.632698 44.714394 183.104080
v -69.882919 44.691353 186.223282
v -67.201797 44.671761 183.273239
v -66.623505 44.642670 185.480835
v -70.461212 44.720448 184.015686
v -68.387711 44.695793 182.820496
v -68.697006 44.667320 186.676041
v -66.527931 44.651466 184.289413
v -70.556786 44.711647 185.207123
v -67.452011 44.648720 186.392441
v -68.299751 59.835846 181.770966
v -65.578506 59.782719 185.880066
v -71.506393 59.860497 183.616898
v -70.224762 59.854443 182.207611
v -66.856140 59.788773 187.286713
v -68.777214 59.807369 187.726105
v -70.609917 59.831409 187.028885
v -65.430183 59.791515 184.042084
v -71.653275 59.851700 185.459244
v -66.468636 59.811813 182.472504
v -67.201797 44.851952 183.273239
v -70.556786 44.891838 185.207123
v -66.527931 44.831657 184.289413
v -69.882919 44.871548 186.223282
v -68.697006 44.847511 186.676041
v -67.452011 44.828911 186.392441
v -69.632698 44.894585 183.104080
v -70.461212 44.900639 184.015686
v -66.623505 44.822861 185.480835
v -68.387711 44.875984 182.820496
v -69.632698 44.714394 157.591583
v -69.882919 44.691353 154.472382
v -67.201797 44.671761 157.422409
v -66.623505 44.642670 155.214813
v -70.461212 44.720448 156.679962
v -68.387711 44.695793 157.875168
v -68.697006 44.667320 154.019623
v -66.527931 44.651466 156.406250
v -70.556786 44.711647 155.488541
v -67.452011 44.648720 154.303207
v -68.299751 59.835846 158.924698
v -65.578506 59.782719 154.815598
v -71.506393 59.860497 157.078766
v -70.224762 59.854443 158.488052
v -66.856140 59.788773 153.408936
v -68.777214 59.807369 152.969543
v -70.609917 59.831409 153.666763
v -65.430183 59.791515 156.653580
v -71.653275 59.851700 155.236404
v -66.468636 59.811813 158.223145
v -67.201797 44.851952 157.422409
v -70.556786 44.891838 155.488541
v -66.527931 44.831657 156.406250
v -69.882919 44.871548 154.472382
v -68.697006 44.847511 154.019623
v -67.452011 44.828911 154.303207
v -69.632698 44.894585 157.591583
v -70.461212 44.900639 156.679962
v -66.623505 44.822861 155.214813
v -68.387711 44.875984 157.875168
v -68.387711 58.784168 182.820496
v -68.385849 58.837029 182.798279
v -69.645264 58.855698 183.085052
v -69.632698 58.802765 183.104080
v -66.601601 58.783707 185.489212
v -66.623505 58.731041 185.480835
v -67.452011 58.737099 186.392441
v -67.439507 58.789780 186.411209
v -68.697006 58.755695 186.676041
v -68.698692 58.808449 186.698151
v -69.882919 58.779732 186.223282
v -69.898293 58.832573 186.240311
v -66.504883 58.792534 184.284210
v -66.527931 58.739838 184.289413
v -70.556786 58.800026 185.207123
v -70.580048 58.852943 185.212463
v -67.186348 58.812904 183.256378
v -67.201797 58.760136 183.273239
v -70.483414 58.861771 184.007217
v -70.461212 58.808823 184.015686
v -71.654510 62.676353 185.454529
v -70.615974 62.656059 187.024109
v -68.307365 62.660500 181.770432
v -66.474693 62.636463 182.467712
v -66.859894 62.613426 187.288879
v -65.578323 62.607372 185.879639
v -65.431427 62.616169 184.037354
v -70.228508 62.679096 182.209778
v -71.506203 62.685150 183.616470
v -68.784836 62.632023 187.725571
v -68.385849 58.837029 157.897369
v -68.387711 58.784168 157.875168
v -69.632698 58.802765 157.591583
v -69.645264 58.855698 157.610611
v -66.623505 58.731041 155.214813
v -66.601601 58.783707 155.206451
v -67.439507 58.789780 154.284439
v -67.452011 58.737099 154.303207
v -68.698692 58.808449 153.997513
v -68.697006 58.755695 154.019623
v -69.898293 58.832573 154.455353
v -69.882919 58.779732 154.472382
v -66.527931 58.739838 156.406250
v -66.504883 58.792534 156.411438
v -70.580048 58.852943 155.483185
v -70.556786 58.800026 155.488541
v -67.201797 58.760136 157.422409
v -67.186348 58.812904 157.439285
v -70.461212 58.808823 156.679962
v -70.483414 58.861771 156.688446
v -71.654510 62.676353 155.241135
v -71.622528 62.707623 155.248413
v -70.594727 62.687328 153.694962
v -70.615974 62.656059 153.671555
v -68.309837 62.691769 158.894653
v -68.307365 62.660500 158.925232
v -66.474693 62.636463 158.227936
v -66.495956 62.667736 158.204575
v -66.859894 62.613426 153.406769
v -66.877167 62.644695 153.432785
v -65.608688 62.638641 154.827606
v -65.578323 62.607372 154.816010
v -65.463318 62.647442 156.651047
v -65.431427 62.616169 156.658295
v -70.228508 62.679096 158.485886
v -70.211197 62.710369 158.459778
v -71.475723 62.716423 157.067551
v -71.506203 62.685150 157.079193
v -68.782410 62.663296 153.000626
v -68.784836 62.632023 152.970078
v -46.851662 44.714394 183.104080
v -47.101883 44.691353 186.223282
v -44.420761 44.671761 183.273239
v -43.842472 44.642670 185.480835
v -47.680172 44.720448 184.015686
v -45.606678 44.695793 182.820496
v -45.915966 44.667320 186.676041
v -43.746895 44.651466 184.289413
v -47.775749 44.711647 185.207123
v -44.670982 44.648720 186.392441
v -45.518715 59.835846 181.770966
v -42.797478 59.782719 185.880066
v -48.725357 59.860497 183.616898
v -47.443722 59.854443 182.207611
v -44.075108 59.788773 187.286713
v -45.996178 59.807369 187.726105
v -47.828880 59.831409 187.028885
v -42.649147 59.791515 184.042084
v -48.872238 59.851700 185.459244
v -43.687599 59.811813 182.472504
v -44.420761 44.851952 183.273239
v -47.775749 44.891838 185.207123
v -43.746895 44.831657 184.289413
v -47.101883 44.871548 186.223282
v -45.915966 44.847511 186.676041
v -44.670982 44.828911 186.392441
v -46.851662 44.894585 183.104080
v -47.680172 44.900639 184.015686
v -43.842472 44.822861 185.480835
v -45.606678 44.875984 182.820496
v -46.851662 44.714394 157.591583
v -47.101883 44.691353 154.472382
v -44.420761 44.671761 157.422409
v -43.842472 44.642670 155.214813
v -47.680172 44.720448 156.679962
v -45.606678 44.695793 157.875168
v -45.915966 44.667320 154.019623
v -43.746895 44.651466 156.406250
v -47.775749 44.711647 155.488541
v -44.670982 44.648720 154.303207
v -45.518715 59.835846 158.924698
v -42.797478 59.782719 154.815598
v -48.725357 59.860497 157.078766
v -47.443722 59.854443 158.488052
v -44.075108 59.788773 153.408936
v -45.996178 59.807369 152.969543
v -47.828880 59.831409 153.666763
v -42.649147 59.791515 156.653580
v -48.872238 59.851700 155.236404
v -43.687599 59.811813 158.223145
v -44.420761 44.851952 157.422409
v -47.775749 44.891838 155.488541
v -43.746895 44.831657 156.406250
v -47.101883 44.871548 154.472382
v -45.915966 44.847511 154.019623
v -44.670982 44.828911 154.303207
v -46.851662 44.894585 157.591583
v -47.680172 44.900639 156.679962
v -43.842472 44.822861 155.214813
v -45.606678 44.875984 157.875168
v -45.606678 58.784168 182.820496
v -45.604820 58.837029 182.798279
v -46.864231 58.855698 183.085052
v -46.851662 58.802765 183.104080
v -43.820564 58.783707 185.489212
v -43.842472 58.731041 185.480835
v -44.670982 58.737099 186.392441
v -44.658470 58.789780 186.411209
v -45.915966 58.755695 186.676041
v -45.917656 58.808449 186.698151
v -47.101883 58.779732 186.223282
v -47.117256 58.832573 186.240311
v -43.723850 58.792534 184.284210
v -43.746895 58.739838 184.289413
v -47.775749 58.800026 185.207123
v -47.799011 58.852943 185.212463
v -44.405312 58.812904 183.256378
v -44.420761 58.760136 183.273239
v -47.702377 58.861771 184.007217
v -47.680172 58.808823 184.015686
v -48.873474 62.676353 185.454529
v -47.834938 62.656059 187.024109
v -45.526329 62.660500 181.770432
v -43.693657 62.636463 182.467712
v -44.078857 62.613426 187.288879
v -42.797287 62.607372 185.879639
v -42.650391 62.616169 184.037354
v -47.447472 62.679096 182.209778
v -48.725166 62.685150 183.616470
v -46.003792 62.632023 187.725571
v -45.604820 58.837029 157.897369
v -45.606678 58.784168 157.875168
v -46.851662 58.802765 157.591583
v -46.864231 58.855698 157.610611
v -43.842472 58.731041 155.214813
v -43.820564 58.783707 155.206451
v -44.658470 58.789780 154.284439
v -44.670982 58.737099 154.303207
v -45.917656 58.808449 153.997513
v -45.915966 58.755695 154.019623
v -47.117256 58.832573 154.455353
v -47.101883 58.779732 154.472382
v -43.746895 58.739838 156.406250
v -43.723850 58.792534 156.411438
v -47.799011 58.852943 155.483185
v -47.775749 58.800026 155.488541
v -44.420761 58.760136 157.422409
v -44.405312 58.812904 157.439285
v -47.680172 58.808823 156.679962
v -47.702377 58.861771 156.688446
v -48.873474 62.676353 155.241135
v -48.841492 62.707623 155.248413
v -47.813690 62.687328 153.694962
v -47.834938 62.656059 153.671555
v -45.528801 62.691769 158.894653
v -45.526329 62.660500 158.925232
v -43.693657 62.636463 158.227936
v -43.714920 62.667736 158.204575
v -44.078857 62.613426 153.406769
v -44.096130 62.644695 153.432785
v -42.827648 62.638641 154.827606
v -42.797287 62.607372 154.816010
v -42.682281 62.647442 156.651047
v -42.650391 62.616169 156.658295
v -47.447472 62.679096 158.485886
v -47.430161 62.710369 158.459778
v -48.694691 62.716423 157.067551
v -48.725166 62.685150 157.079193
v -46.001373 62.663296 153.000626
v -46.003792 62.632023 152.970078
v -24.070627 44.714394 183.104080
v -24.320848 44.691353 186.223282
v -21.639725 44.671761 183.273239
v -21.061436 44.642670 185.480835
v -24.899136 44.720448 184.015686
v -22.825642 44.695793 182.820496
v -23.134930 44.667320 186.676041
v -20.965858 44.651466 184.289413
v -24.994713 44.711647 185.207123
v -21.889944 44.648720 186.392441
v -22.737680 59.835846 181.770966
v -20.016439 59.782719 185.880066
v -25.944324 59.860497 183.616898
v -24.662685 59.854443 182.207611
v -21.294071 59.788773 187.286713
v -23.215143 59.807369 187.726105
v -25.047846 59.831409 187.028885
v -19.868114 59.791515 184.042084
v -26.091200 59.851700 185.459244
v -20.906563 59.811813 182.472504
v -21.639725 44.851952 183.273239
v -24.994713 44.891838 185.207123
v -20.965858 44.831657 184.289413
v -24.320848 44.871548 186.223282
v -23.134930 44.847511 186.676041
v -21.889944 44.828911 186.392441
v -24.070627 44.894585 183.104080
v -24.899136 44.900639 184.015686
v -21.061436 44.822861 185.480835
v -22.825642 44.875984 182.820496
v -24.070627 44.714394 157.591583
v -24.320848 44.691353 154.472382
v -21.639725 44.671761 157.422409
v -21.061436 44.642670 155.214813
v -24.899136 44.720448 156.679962
v -22.825642 44.695793 157.875168
v -23.134930 44.667320 154.019623
v -20.965858 44.651466 156.406250
v -24.994713 44.711647 155.488541
v -21.889944 44.648720 154.303207
v -22.737680 59.835846 158.924698
v -20.016439 59.782719 154.815598
v -25.944324 59.860497 157.078766
v -24.662685 59.854443 158.488052
v -21.294071 59.788773 153.408936
v -23.215143 59.807369 152.969543
v -25.047846 59.831409 153.666763
v -19.868114 59.791515 156.653580
v -26.091200 59.851700 155.236404
v -20.906563 59.811813 158.223145
v -21.639725 44.851952 157.422409
v -24.994713 44.891838 155.488541
v -20.965858 44.831657 156.406250
v -24.320848 44.871548 154.472382
v -23.134930 44.847511 154.019623
v -21.889944 44.828911 154.303207
v -24.070627 44.894585 157.591583
v -24.899136 44.900639 156.679962
v -21.061436 44.822861 155.214813
v -22.825642 44.875984 157.875168
v -22.825642 58.784168 182.820496
v -22.823782 58.837029 182.798279
v -24.083195 58.855698 183.085052
v -24.070627 58.802765 183.104080
v -21.039528 58.783707 185.489212
v -21.061436 58.731041 185.480835
v -21.889944 58.737099 186.392441
v -21.877434 58.789780 186.411209
v -23.134930 58.755695 186.676041
v -23.136620 58.808449 186.698151
v -24.320848 58.779732 186.223282
v -24.336222 58.832573 186.240311
v -20.942814 58.792534 184.284210
v -20.965858 58.739838 184.289413
v -24.994713 58.800026 185.207123
v -25.017977 58.852943 185.212463
v -21.624275 58.812904 183.256378
v -21.639725 58.760136 183.273239
v -24.921341 58.861771 184.007217
v -24.899136 58.808823 184.015686
v -26.092442 62.676353 185.454529
v -25.053905 62.656059 187.024109
v -22.745296 62.660500 181.770432
v -20.912622 62.636463 182.467712
v -21.297821 62.613426 187.288879
v -20.016249 62.607372 185.879639
v -19.869354 62.616169 184.037354
v -24.666435 62.679096 182.209778
v -25.944134 62.685150 183.616470
v -23.222759 62.632023 187.725571
v -22.823782 58.837029 157.897369
v -22.825642 58.784168 157.875168
v -24.070627 58.802765 157.591583
v -24.083195 58.855698 157.610611
v -21.061436 58.731041 155.214813
v -21.039528 58.783707 155.206451
v -21.877434 58.789780 154.284439
v -21.889944 58.737099 154.303207
v -23.136620 58.808449 153.997513
v -23.134930 58.755695 154.019623
v -24.336222 58.832573 154.455353
v -24.320848 58.779732 154.472382
v -20.965858 58.739838 156.406250
v -20.942814 58.792534 156.411438
v -25.017977 58.852943 155.483185
v -24.994713 58.800026 155.488541
v -21.639725 58.760136 157.422409
v -21.624275 58.812904 157.439285
v -24.899136 58.808823 156.679962
v -24.921341 58.861771 156.688446
v -26.092442 62.676353 155.241135
v -26.060455 62.707623 155.248413
v -25.032654 62.687328 153.694962
v -25.053905 62.656059 153.671555
v -22.747766 62.691769 158.894653
v -22.745296 62.660500 158.925232
v -20.912622 62.636463 158.227936
v -20.933884 62.667736 158.204575
v -21.297821 62.613426 153.406769
v -21.315092 62.644695 153.432785
v -20.046612 62.638641 154.827606
v -20.016249 62.607372 154.816010
v -19.901245 62.647442 156.651047
v -19.869354 62.616169 156.658295
v -24.666435 62.679096 158.485886
v -24.649126 62.710369 158.459778
v -25.913654 62.716423 157.067551
v -25.944134 62.685150 157.079193
v -23.220335 62.663296 153.000626
v -23.222759 62.632023 152.970078
v -1.289593 44.714394 183.104080
v -1.539814 44.691353 186.223282
v 1.141312 44.671761 183.273239
v 1.719599 44.642670 185.480835
v -2.118101 44.720448 184.015686
v -0.044607 44.695793 182.820496
v -0.353895 44.667320 186.676041
v 1.815176 44.651466 184.289413
v -2.213678 44.711647 185.207123
v 0.891090 44.648720 186.392441
v 0.043354 59.835846 181.770966
v 2.764595 59.782719 185.880066
v -3.163288 59.860497 183.616898
v -1.881651 59.854443 182.207611
v 1.486965 59.788773 187.286713
v -0.434109 59.807369 187.726105
v -2.266809 59.831409 187.028885
v 2.912922 59.791515 184.042084
v -3.310165 59.851700 185.459244
v 1.874472 59.811813 182.472504
v 1.141312 44.851952 183.273239
v -2.213678 44.891838 185.207123
v 1.815176 44.831657 184.289413
v -1.539814 44.871548 186.223282
v -0.353895 44.847511 186.676041
v 0.891090 44.828911 186.392441
v -1.289593 44.894585 183.104080
v -2.118101 44.900639 184.015686
v 1.719599 44.822861 185.480835
v -0.044607 44.875984 182.820496
v -1.289593 44.714394 157.591583
v -1.539814 44.691353 154.472382
v 1.141312 44.671761 157.422409
v 1.719599 44.642670 155.214813
v -2.118101 44.720448 156.679962
v -0.044607 44.695793 157.875168
v -0.353895 44.667320 154.019623
v 1.815176 44.651466 156.406250
v -2.213678 44.711647 155.488541
v 0.891090 44.648720 154.303207
v 0.043354 59.835846 158.924698
v 2.764595 59.782719 154.815598
v -3.163288 59.860497 157.078766
v -1.881651 59.854443 158.488052
v 1.486965 59.788773 153.408936
v -0.434109 59.807369 152.969543
v -2.266809 59.831409 153.666763
v 2.912922 59.791515 156.653580
v -3.310165 59.851700 155.236404
v 1.874472 59.811813 158.223145
v 1.141312 44.851952 157.422409
v -2.213678 44.891838 155.488541
v 1.815176 44.831657 156.406250
v -1.539814 44.871548 154.472382
v -0.353895 44.847511 154.019623
v 0.891090 44.828911 154.303207
v -1.289593 44.894585 157.591583
v -2.118101 44.900639 156.679962
v 1.719599 44.822861 155.214813
v -0.044607 44.875984 157.875168
v -0.044607 58.784168 182.820496
v -0.042746 58.837029 182.798279
v -1.302160 58.855698 183.085052
v -1.289593 58.802765 183.104080
v 1.741508 58.783707 185.489212
v 1.719599 58.731041 185.480835
v 0.891090 58.737099 186.392441
v 0.903601 58.789780 186.411209
v -0.353895 58.755695 186.676041
v -0.355583 58.808449 186.698151
v -1.539814 58.779732 186.223282
v -1.555185 58.832573 186.240311
v 1.838221 58.792534 184.284210
v 1.815176 58.739838 184.289413
v -2.213678 58.800026 185.207123
v -2.236942 58.852943 185.212463
v 1.156761 58.812904 183.256378
v 1.141312 58.760136 183.273239
v -2.140306 58.861771 184.007217
v -2.118101 58.808823 184.015686
v -3.311405 62.676353 185.454529
v -2.272869 62.656059 187.024109
v 0.035740 62.660500 181.770432
v 1.868412 62.636463 182.467712
v 1.483215 62.613426 187.288879
v 2.764786 62.607372 185.879639
v 2.911682 62.616169 184.037354
v -1.885401 62.679096 182.209778
v -3.163097 62.685150 183.616470
v -0.441723 62.632023 187.725571
v -0.042746 58.837029 157.897369
v -0.044607 58.784168 157.875168
v -1.289593 58.802765 157.591583
v -1.302160 58.855698 157.610611
v 1.719599 58.731041 155.214813
v 1.741508 58.783707 155.206451
v 0.903601 58.789780 154.284439
v 0.891090 58.737099 154.303207
v -0.355583 58.808449 153.997513
v -0.353895 58.755695 154.019623
v -1.555185 58.832573 154.455353
v -1.539814 58.779732 154.472382
v 1.815176 58.739838 156.406250
v 1.838221 58.792534 156.411438
v -2.236942 58.852943 155.483185
v -2.213678 58.800026 155.488541
v 1.141312 58.760136 157.422409
v 1.156761 58.812904 157.439285
v -2.118101 58.808823 156.679962
v -2.140306 58.861771 156.688446
v -3.311405 62.676353 155.241135
v -3.279419 62.707623 155.248413
v -2.251617 62.687328 153.694962
v -2.272869 62.656059 153.671555
v 0.033268 62.691769 158.894653
v 0.035740 62.660500 158.925232
v 1.868412 62.636463 158.227936
v 1.847153 62.667736 158.204575
v 1.483215 62.613426 153.406769
v 1.465942 62.644695 153.432785
v 2.734423 62.638641 154.827606
v 2.764786 62.607372 154.816010
v 2.879791 62.647442 156.651047
v 2.911682 62.616169 156.658295
v -1.885401 62.679096 158.485886
v -1.868090 62.710369 158.459778
v -3.132618 62.716423 157.067551
v -3.163097 62.685150 157.079193
v -0.439299 62.663296 153.000626
v -0.441723 62.632023 152.970078
v 21.491444 44.714394 183.104080
v 21.241222 44.691353 186.223282
v 23.922348 44.671761 183.273239
v 24.500633 44.642670 185.480835
v 20.662933 44.720448 184.015686
v 22.736427 44.695793 182.820496
v 22.427139 44.667320 186.676041
v 24.596210 44.651466 184.289413
v 20.567360 44.711647 185.207123
v 23.672127 44.648720 186.392441
v 22.824390 59.835846 181.770966
v 25.545631 59.782719 185.880066
v 19.617748 59.860497 183.616898
v 20.899387 59.854443 182.207611
v 24.268002 59.788773 187.286713
v 22.346928 59.807369 187.726105
v 20.514225 59.831409 187.028885
v 25.693958 59.791515 184.042084
v 19.470871 59.851700 185.459244
v 24.655506 59.811813 182.472504
v 23.922348 44.851952 183.273239
v 20.567360 44.891838 185.207123
v 24.596210 44.831657 184.289413
v 21.241222 44.871548 186.223282
v 22.427139 44.847511 186.676041
v 23.672127 44.828911 186.392441
v 21.491444 44.894585 183.104080
v 20.662933 44.900639 184.015686
v 24.500633 44.822861 185.480835
v 22.736427 44.875984 182.820496
v 21.491444 44.714394 157.591583
v 21.241222 44.691353 154.472382
v 23.922348 44.671761 157.422409
v 24.500633 44.642670 155.214813
v 20.662933 44.720448 156.679962
v 22.736427 44.695793 157.875168
v 22.427139 44.667320 154.019623
v 24.596210 44.651466 156.406250
v 20.567360 44.711647 155.488541
v 23.672127 44.648720 154.303207
v 22.824390 59.835846 158.924698
v 25.545631 59.782719 154.815598
v 19.617748 59.860497 157.078766
v 20.899387 59.854443 158.488052
v 24.268002 59.788773 153.408936
v 22.346928 59.807369 152.969543
v 20.514225 59.831409 153.666763
v 25.693958 59.791515 156.653580
v 19.470871 59.851700 155.236404
v 24.655506 59.811813 158.223145
v 23.922348 44.851952 157.422409
v 20.567360 44.891838 155.488541
v 24.596210 44.831657 156.406250
v 21.241222 44.871548 154.472382
v 22.427139 44.847511 154.019623
v 23.672127 44.828911 154.303207
v 21.491444 44.894585 157.591583
v 20.662933 44.900639 156.679962
v 24.500633 44.822861 155.214813
v 22.736427 44.875984 157.875168
v 22.736427 58.784168 182.820496
v 22.738289 58.837029 182.798279
v 21.478874 58.855698 183.085052
v 21.491444 58.802765 183.104080
v 24.522545 58.783707 185.489212
v 24.500633 58.731041 185.480835
v 23.672127 58.737099 186.392441
v 23.684635 58.789780 186.411209
v 22.427139 58.755695 186.676041
v 22.425453 58.808449 186.698151
v 21.241222 58.779732 186.223282
v 21.225849 58.832573 186.240311
v 24.619255 58.792534 184.284210
v 24.596210 58.739838 184.289413
v 20.567360 58.800026 185.207123
v 20.544094 58.852943 185.212463
v 23.937798 58.812904 183.256378
v 23.922348 58.760136 183.273239
v 20.640728 58.861771 184.007217
v 20.662933 58.808823 184.015686
v 19.469631 62.676353 185.454529
v 20.508167 62.656059 187.024109
v 22.816776 62.660500 181.770432
v 24.649448 62.636463 182.467712
v 24.264252 62.613426 187.288879
v 25.545822 62.607372 185.879639
v 25.692719 62.616169 184.037354
v 20.895634 62.679096 182.209778
v 19.617939 62.685150 183.616470
v 22.339314 62.632023 187.725571
v 22.738289 58.837029 157.897369
v 22.736427 58.784168 157.875168
v 21.491444 58.802765 157.591583
v 21.478874 58.855698 157.610611
v 24.500633 58.731041 155.214813
v 24.522545 58.783707 155.206451
v 23.684635 58.789780 154.284439
v 23.672127 58.737099 154.303207
v 22.425453 58.808449 153.997513
v 22.427139 58.755695 154.019623
v 21.225849 58.832573 154.455353
v 21.241222 58.779732 154.472382
v 24.596210 58.739838 156.406250
v 24.619255 58.792534 156.411438
v 20.544094 58.852943 155.483185
v 20.567360 58.800026 155.488541
v 23.922348 58.760136 157.422409
v 23.937798 58.812904 157.439285
v 20.662933 58.808823 156.679962
v 20.640728 58.861771 156.688446
v 19.469631 62.676353 155.241135
v 19.501617 62.707623 155.248413
v 20.529419 62.687328 153.694962
v 20.508167 62.656059 153.671555
v 22.814304 62.691769 158.894653
v 22.816776 62.660500 158.925232
v 24.649448 62.636463 158.227936
v 24.628189 62.667736 158.204575
v 24.264252 62.613426 153.406769
v 24.246979 62.644695 153.432785
v 25.515457 62.638641 154.827606
v 25.545822 62.607372 154.816010
v 25.660828 62.647442 156.651047
v 25.692719 62.616169 156.658295
v 20.895634 62.679096 158.485886
v 20.912945 62.710369 158.459778
v 19.648418 62.716423 157.067551
v 19.617939 62.685150 157.079193
v 22.341736 62.663296 153.000626
v 22.339314 62.632023 152.970078
v 44.272488 44.714394 183.104080
v 44.022266 44.691353 186.223282
v 46.703396 44.671761 183.273239
v 47.281681 44.642670 185.480835
v 43.443981 44.720448 184.015686
v 45.517475 44.695793 182.820496
v 45.208187 44.667320 186.676041
v 47.377262 44.651466 184.289413
v 43.348400 44.711647 185.207123
v 46.453175 44.648720 186.392441
v 45.605434 59.835846 181.770966
v 48.326679 59.782719 185.880066
v 42.398792 59.860497 183.616898
v 43.680431 59.854443 182.207611
v 47.049053 59.788773 187.286713
v 45.127972 59.807369 187.726105
v 43.295269 59.831409 187.028885
v 48.475010 59.791515 184.042084
v 42.251919 59.851700 185.459244
v 47.436558 59.811813 182.472504
v 46.703396 44.851952 183.273239
v 43.348400 44.891838 185.207123
v 47.377262 44.831657 184.289413
v 44.022266 44.871548 186.223282
v 45.208187 44.847511 186.676041
v 46.453175 44.828911 186.392441
v 44.272488 44.894585 183.104080
v 43.443981 44.900639 184.015686
v 47.281681 44.822861 185.480835
v 45.517475 44.875984 182.820496
v 44.272488 44.714394 157.591583
v 44.022266 44.691353 154.472382
v 46.703396 44.671761 157.422409
v 47.281681 44.642670 155.214813
v 43.443981 44.720448 156.679962
v 45.517475 44.695793 157.875168
v 45.208187 44.667320 154.019623
v 47.377262 44.651466 156.406250
v 43.348400 44.711647 155.488541
v 46.453175 44.648720 154.303207
v 45.605434 59.835846 158.924698
v 48.326679 59.782719 154.815598
v 42.398792 59.860497 157.078766
v 43.680431 59.854443 158.488052
v 47.049053 59.788773 153.408936
v 45.127972 59.807369 152.969543
v 43.295269 59.831409 153.666763
v 48.475010 59.791515 156.653580
v 42.251919 59.851700 155.236404
v 47.436558 59.811813 158.223145
v 46.703396 44.851952 157.422409
v 43.348400 44.891838 155.488541
v 47.377262 44.831657 156.406250
v 44.022266 44.871548 154.472382
v 45.208187 44.847511 154.019623
v 46.453175 44.828911 154.303207
v 44.272488 44.894585 157.591583
v 43.443981 44.900639 156.679962
v 47.281681 44.822861 155.214813
v 45.517475 44.875984 157.875168
v 45.517475 58.784168 182.820496
v 45.519337 58.837029 182.798279
v 44.259922 58.855698 183.085052
v 44.272488 58.802765 183.104080
v 47.303593 58.783707 185.489212
v 47.281681 58.731041 185.480835
v 46.453175 58.737099 186.392441
v 46.465687 58.789780 186.411209
v 45.208187 58.755695 186.676041
v 45.206493 58.808449 186.698151
v 44.022266 58.779732 186.223282
v 44.006893 58.832573 186.240311
v 47.400303 58.792534 184.284210
v 47.377262 58.739838 184.289413
v 43.348400 58.800026 185.207123
v 43.325138 58.852943 185.212463
v 46.718845 58.812904 183.256378
v 46.703396 58.760136 183.273239
v 43.421772 58.861771 184.007217
v 43.443981 58.808823 184.015686
v 42.250675 62.676353 185.454529
v 43.289211 62.656059 187.024109
v 45.597820 62.660500 181.770432
v 47.430500 62.636463 182.467712
v 47.045300 62.613426 187.288879
v 48.326870 62.607372 185.879639
v 48.473766 62.616169 184.037354
v 43.676678 62.679096 182.209778
v 42.398983 62.685150 183.616470
v 45.120358 62.632023 187.725571
v 45.519337 58.837029 157.897369
v 45.517475 58.784168 157.875168
v 44.272488 58.802765 157.591583
v 44.259922 58.855698 157.610611
v 47.281681 58.731041 155.214813
v 47.303593 58.783707 155.206451
v 46.465687 58.789780 154.284439
v 46.453175 58.737099 154.303207
v 45.206493 58.808449 153.997513
v 45.208187 58.755695 154.019623
v 44.006893 58.832573 154.455353
v 44.022266 58.779732 154.472382
v 47.377262 58.739838 156.406250
v 47.400303 58.792534 156.411438
v 43.325138 58.852943 155.483185
v 43.348400 58.800026 155.488541
v 46.703396 58.760136 157.422409
v 46.718845 58.812904 157.439285
v 43.443981 58.808823 156.679962
v 43.421772 58.861771 156.688446
v 42.250675 62.676353 155.241135
v 42.282665 62.707623 155.248413
v 43.310459 62.687328 153.694962
v 43.289211 62.656059 153.671555
v 45.595348 62.691769 158.894653
v 45.597820 62.660500 158.925232
v 47.430500 62.636463 158.227936
v 47.409237 62.667736 158.204575
v 47.045300 62.613426 153.406769
v 47.028027 62.644695 153.432785
v 48.296505 62.638641 154.827606
v 48.326870 62.607372 154.816010
v 48.441875 62.647442 156.651047
v 48.473766 62.616169 156.658295
v 43.676678 62.679096 158.485886
v 43.693989 62.710369 158.459778
v 42.429462 62.716423 157.067551
v 42.398983 62.685150 157.079193
v 45.122784 62.663296 153.000626
v 45.120358 62.632023 152.970078
v 67.053528 44.714394 183.104080
v 66.803299 44.691353 186.223282
v 69.484421 44.671761 183.273239
v 70.062714 44.642670 185.480835
v 66.225021 44.720448 184.015686
v 68.298508 44.695793 182.820496
v 67.989227 44.667320 186.676041
v 70.158295 44.651466 184.289413
v 66.129440 44.711647 185.207123
v 69.234207 44.648720 186.392441
v 68.386475 59.835846 181.770966
v 71.107712 59.782719 185.880066
v 65.179825 59.860497 183.616898
v 66.461472 59.854443 182.207611
v 69.830078 59.788773 187.286713
v 67.909012 59.807369 187.726105
v 66.076309 59.831409 187.028885
v 71.256042 59.791515 184.042084
v 65.032959 59.851700 185.459244
v 70.217590 59.811813 182.472504
v 69.484421 44.851952 183.273239
v 66.129440 44.891838 185.207123
v 70.158295 44.831657 184.289413
v 66.803299 44.871548 186.223282
v 67.989227 44.847511 186.676041
v 69.234207 44.828911 186.392441
v 67.053528 44.894585 183.104080
v 66.225021 44.900639 184.015686
v 70.062714 44.822861 185.480835
v 68.298508 44.875984 182.820496
v 67.053528 44.714394 157.591583
v 66.803299 44.691353 154.472382
v 69.484421 44.671761 157.422409
v 70.062714 44.642670 155.214813
v 66.225021 44.720448 156.679962
v 68.298508 44.695793 157.875168
v 67.989227 44.667320 154.019623
v 70.158295 44.651466 156.406250
v 66.129440 44.711647 155.488541
v 69.234207 44.648720 154.303207
v 68.386475 59.835846 158.924698
v 71.107712 59.782719 154.815598
v 65.179825 59.860497 157.078766
v 66.461472 59.854443 158.488052
v 69.830078 59.788773 153.408936
v 67.909012 59.807369 152.969543
v 66.076309 59.831409 153.666763
v 71.256042 59.791515 156.653580
v 65.032959 59.851700 155.236404
v 70.217590 59.811813 158.223145
v 69.484421 44.851952 157.422409
v 66.129440 44.891838 155.488541
v 70.158295 44.831657 156.406250
v 66.803299 44.871548 154.472382
v 67.989227 44.847511 154.019623
v 69.234207 44.828911 154.303207
v 67.053528 44.894585 157.591583
v 66.225021 44.900639 156.679962
v 70.062714 44.822861 155.214813
v 68.298508 44.875984 157.875168
v 68.298508 58.784168 182.820496
v 68.300369 58.837029 182.798279
v 67.040955 58.855698 183.085052
v 67.053528 58.802765 183.104080
v 70.084625 58.783707 185.489212
v 70.062714 58.731041 185.480835
v 69.234207 58.737099 186.392441
v 69.246719 58.789780 186.411209
v 67.989227 58.755695 186.676041
v 67.987534 58.808449 186.698151
v 66.803299 58.779732 186.223282
v 66.787933 58.832573 186.240311
v 70.181335 58.792534 184.284210
v 70.158295 58.739838 184.289413
v 66.129440 58.800026 185.207123
v 66.106171 58.852943 185.212463
v 69.499878 58.812904 183.256378
v 69.484421 58.760136 183.273239
v 66.202805 58.861771 184.007217
v 66.225021 58.808823 184.015686
v 65.031708 62.676353 185.454529
v 66.070251 62.656059 187.024109
v 68.378860 62.660500 181.770432
v 70.211533 62.636463 182.467712
v 69.826324 62.613426 187.288879
v 71.107910 62.607372 185.879639
v 71.254791 62.616169 184.037354
v 66.457718 62.679096 182.209778
v 65.180023 62.685150 183.616470
v 67.901398 62.632023 187.725571
v 68.300369 58.837029 157.897369
v 68.298508 58.784168 157.875168
v 67.053528 58.802765 157.591583
v 67.040955 58.855698 157.610611
v 70.062714 58.731041 155.214813
v 70.084625 58.783707 155.206451
v 69.246719 58.789780 154.284439
v 69.234207 58.737099 154.303207
v 67.987534 58.808449 153.997513
v 67.989227 58.755695 154.019623
v 66.787933 58.832573 154.455353
v 66.803299 58.779732 154.472382
v 70.158295 58.739838 156.406250
v 70.181335 58.792534 156.411438
v 66.106171 58.852943 155.483185
v 66.129440 58.800026 155.488541
v 69.484421 58.760136 157.422409
v 69.499878 58.812904 157.439285
v 66.225021 58.808823 156.679962
v 66.202805 58.861771 156.688446
v 65.031708 62.676353 155.241135
v 65.063690 62.707623 155.248413
v 66.091492 62.687328 153.694962
v 66.070251 62.656059 153.671555
v 68.376389 62.691769 158.894653
v 68.378860 62.660500 158.925232
v 70.211533 62.636463 158.227936
v 70.190262 62.667736 158.204575
v 69.826324 62.613426 153.406769
v 69.809067 62.644695 153.432785
v 71.077545 62.638641 154.827606
v 71.107910 62.607372 154.816010
v 71.222900 62.647442 156.651047
v 71.254791 62.616169 156.658295
v 66.457718 62.679096 158.485886
v 66.475021 62.710369 158.459778
v 65.210495 62.716423 157.067551
v 65.180023 62.685150 157.079193
v 67.903824 62.663296 153.000626
v 67.901398 62.632023 152.970078
v -131.264679 92.418228 170.428436
v 61.985203 92.418228 170.428436
v -131.264679 91.542023 172.849258
v 61.985203 91.542023 172.849258
v -128.874283 87.966690 182.727356
v 59.184879 87.966690 182.727356
v 61.985203 88.636803 180.875931
v -131.264679 88.636803 180.875931
v 59.802738 61.387466 170.428436
v 59.802738 61.387466 174.420303
v 59.802738 61.387466 187.656006
v -140.877731 61.387466 170.428436
v -140.877747 61.387466 174.420303
v -140.877747 61.387466 187.656006
v -131.264679 91.542023 168.007614
v 61.985203 91.542023 168.007614
v -128.874283 87.966690 158.129517
v 59.184879 87.966690 158.129517
v 61.985203 88.636803 159.980942
v -131.264679 88.636803 159.980942
v 59.802738 61.387466 166.436569
v 59.802738 61.387466 153.200867
v -140.877747 61.387466 166.436569
v -140.877747 61.387466 153.200867
v -144.486496 61.387466 190.689423
v -144.486496 61.404819 190.708939
v -144.503845 61.404819 190.689423
v -144.487534 68.060913 170.428436
v -144.503845 68.037628 170.428436
v 75.207031 61.387466 190.689423
v 75.224380 61.404819 190.689423
v 75.207031 61.404819 190.708939
v -144.486496 68.037628 190.708939
v -144.445160 68.064720 190.692795
v -144.487534 68.060913 190.677261
v -144.503845 68.037628 190.689423
v -144.503845 61.404819 170.428436
v -144.486496 61.387466 170.428436
v 75.224380 68.037628 190.689423
v 75.208069 68.060913 190.677261
v 75.165680 68.064720 190.692795
v 75.207031 68.037628 190.708939
v 75.207031 61.387466 170.428436
v 75.224380 61.404819 170.428436
v 75.224380 68.037628 170.428436
v 75.208069 68.060913 170.428436
v 61.985203 72.888519 182.707840
v 61.967846 72.888519 182.727356
v 61.980068 72.861420 182.743500
v 62.001507 72.865234 182.715332
v -131.247314 72.888519 182.727356
v -131.264679 72.888519 182.707840
v -131.280975 72.865234 182.715332
v -131.259537 72.861420 182.743500
v -131.264679 72.888519 170.428436
v -131.280975 72.865234 170.428436
v 62.001507 72.865234 170.428436
v 61.985203 72.888519 170.428436
v 61.967846 83.278427 182.707840
v 61.967846 83.261070 182.727356
v 61.985203 83.261070 182.707840
v -131.247330 83.278427 182.707840
v -131.264679 83.261070 182.707840
v -131.247314 83.261070 182.727356
v -131.247330 83.278427 170.428436
v -131.264679 83.261070 170.428436
v 61.985203 83.261070 170.428436
v 61.967846 83.278427 170.428436
v 61.985203 87.973480 182.708572
v 61.967846 87.966690 182.727356
v -131.264679 87.973480 182.708572
v -131.247314 87.966690 182.727356
v -131.264679 85.008041 170.428436
v -131.247330 84.990692 170.428436
v 61.967846 84.990692 170.428436
v 61.985203 85.008041 170.428436
v 61.967846 85.008041 182.727356
v 61.967846 84.990692 182.707840
v 61.985203 85.008041 182.708542
v -131.264679 85.008041 182.708542
v -131.247330 84.990692 182.707840
v -131.247314 85.008041 182.727356
v -144.486496 61.387466 174.420303
v -144.503845 61.404819 174.420303
v -144.503845 68.037628 174.420303
v -144.487534 68.060913 174.418365
v 75.208069 68.060913 174.418365
v 75.224380 68.037628 174.420303
v 75.224380 61.404819 174.420303
v 75.207031 61.387466 174.420303
v -131.280975 72.865234 172.851196
v -131.264679 72.888519 172.849258
v 61.985203 72.888519 172.849258
v 62.001507 72.865234 172.851196
v -131.264679 83.261070 172.849258
v -131.247330 83.278427 172.849258
v 61.967846 83.278427 172.849258
v 61.985203 83.261070 172.849258
v -131.247330 84.990692 172.849258
v -131.264679 85.008041 172.849258
v 61.985203 85.008041 172.849258
v 61.967846 84.990692 172.849258
v 61.442822 83.295776 182.098450
v 61.425945 83.295776 182.117950
v 61.460949 83.278427 182.137802
v -130.705429 83.295776 182.117950
v -130.722290 83.295776 182.098450
v -130.740433 83.278427 182.137802
v -130.515533 83.278427 172.849258
v -130.498306 83.295776 172.849258
v -130.498306 83.295776 170.428436
v -130.515533 83.278427 170.428436
v 61.218830 83.295776 172.849258
v 61.236057 83.278427 172.849258
v -130.515533 84.990692 170.428436
v -130.498306 84.973343 170.428436
v 61.425945 84.973343 182.117950
v 61.442822 84.973343 182.098450
v 61.460949 84.990692 182.137802
v -130.722290 84.973343 182.098450
v -130.705429 84.973343 182.117950
v -130.740433 84.990692 182.137802
v 61.236057 83.278427 170.428436
v 61.218830 83.295776 170.428436
v 61.218830 84.973343 170.428436
v 61.236057 84.990692 170.428436
v -130.498306 84.973343 172.849258
v -130.515533 84.990692 172.849258
v 61.236057 84.990692 172.849258
v 61.218830 84.973343 172.849258
v -140.877747 68.037628 190.708939
v -140.853455 68.064720 190.692795
v -140.877747 61.387466 190.689423
v -140.877747 61.404819 190.708939
v -128.874283 83.261070 182.727356
v -128.858551 83.278427 182.707840
v -128.898575 72.861420 182.743500
v -128.874283 72.888519 182.727356
v -128.858551 84.990692 182.707840
v -128.874283 85.008041 182.727356
v -128.856934 91.559357 172.848328
v -128.874283 91.553925 172.868149
v -128.856934 91.535477 172.867340
v -128.398956 83.278427 182.137787
v -128.382965 83.295776 182.117950
v -128.382965 84.973343 182.117950
v -128.398956 84.990692 182.137787
v 59.802738 61.404819 190.708939
v 59.802738 61.387466 190.689423
v 59.802738 68.037628 190.708939
v 59.801495 68.064720 190.692795
v 59.184879 83.261070 182.727356
v 59.184071 83.278427 182.707840
v 59.186131 72.861420 182.743500
v 59.184879 72.888519 182.727356
v 59.184071 84.990692 182.707840
v 59.184879 85.008041 182.727356
v 59.167530 91.559357 172.848312
v 59.167530 91.535477 172.867340
v 59.184879 91.553925 172.868149
v 59.160412 83.278427 182.137787
v 59.159595 83.295776 182.117950
v 59.159595 84.973343 182.117950
v 59.160412 84.990692 182.137787
v -144.503845 61.404819 187.656006
v -144.486496 61.387466 187.656006
v 75.224380 68.037628 187.656006
v 75.208069 68.060913 187.647659
v 62.001507 72.865234 180.884277
v 61.985203 72.888519 180.875931
v 61.985203 83.261070 180.875931
v 61.967846 83.278427 180.861221
v 61.967846 84.990692 180.861221
v 61.985203 85.008041 180.875931
v -144.503845 68.037628 187.656006
v -144.487534 68.060913 187.647659
v 75.224380 61.404819 187.656006
v 75.207031 61.387466 187.656006
v -131.280975 72.865234 180.884277
v -131.264679 72.888519 180.875931
v -131.264679 83.261070 180.875931
v -131.247314 83.278427 180.861221
v -131.247314 84.990692 180.861221
v -131.264679 85.008041 180.875931
v 61.418789 83.278427 180.395645
v 61.401226 83.295776 180.380753
v 61.401226 84.973343 180.380753
v 61.418789 84.990692 180.395645
v -130.698273 83.278427 180.395645
v -130.680695 83.295776 180.380753
v -130.680695 84.973343 180.380753
v -130.698273 84.990692 180.395645
v -128.856934 88.643341 180.857849
v -128.874283 88.658897 180.866653
v -128.856934 88.652267 180.884781
v 59.167530 88.652267 180.884781
v 59.184879 88.658897 180.866653
v 59.167530 88.643341 180.857849
v -128.874283 89.274391 183.475189
v -128.874863 89.283928 183.501282
v -131.264679 89.281067 183.456390
v -131.247314 89.274391 183.475189
v -131.282547 89.283951 183.501205
v -131.264679 92.849609 173.597046
v -131.282272 92.863052 173.605057
v -131.282394 93.736755 170.447083
v -131.282394 93.736755 170.409790
v -131.264679 93.723358 170.428436
v 61.985203 89.944397 181.623718
v 62.003002 89.959778 181.633194
v 62.003078 89.283951 183.501190
v 61.967846 89.274391 183.475189
v 61.985203 89.281067 183.456390
v -128.856934 93.736267 170.409805
v -128.874283 93.759567 170.428436
v -128.856934 93.736267 170.447083
v -131.264679 89.944397 181.623718
v -131.282471 89.960365 181.631454
v 62.002926 93.736755 170.409805
v 62.002926 93.736755 170.447083
v 61.985203 93.723358 170.428436
v 62.002850 92.863480 173.605057
v 61.985203 92.849609 173.597046
v 59.184879 89.274391 183.475189
v 59.202328 89.283928 183.501282
v -128.874283 89.966415 181.614395
v -128.856934 89.959976 181.632629
v 59.167530 93.075195 172.765793
v 59.184879 93.098511 172.765121
v 59.167530 89.959976 181.632629
v 59.184879 89.966415 181.614395
v -128.917160 88.850983 184.759247
v -128.917221 88.860168 184.766891
v -132.571060 88.860168 184.766891
v -132.596283 88.866455 184.745743
v -132.592758 88.850967 184.759323
v -132.593033 92.703949 173.538269
v -132.596283 92.711029 173.540970
v -132.592911 93.772400 170.410248
v -132.592911 93.772400 170.446625
v -132.596130 93.782990 170.447037
v -132.596130 93.782990 170.409836
v 63.314503 89.945267 181.675323
v 63.317829 89.953766 181.680481
v 63.317944 88.866455 184.745758
v 63.292706 88.860168 184.766891
v 63.314419 88.850967 184.759323
v -132.592834 89.989349 181.545197
v -132.596176 89.997963 181.550034
v 63.314571 93.772568 170.410187
v 63.317814 93.783157 170.409790
v 63.317814 93.783157 170.447083
v 63.314571 93.772568 170.446686
v 63.317791 92.743500 173.541016
v 63.314648 92.736237 173.538269
v -128.856934 93.079788 172.765793
v -128.856934 93.102264 172.746216
v -128.874283 93.110107 172.783676
v 60.475506 88.850983 184.759247
v 60.477413 88.860168 184.766891
v -128.874802 90.102524 183.977905
v -128.874283 90.123863 183.950104
v -131.278946 90.111694 183.954758
v -131.257065 90.102524 183.977905
v -131.247314 90.123863 183.950104
v -131.279022 93.557816 173.871262
v -131.247314 93.567032 173.874863
v -131.279160 94.712921 170.409790
v -131.279160 94.712921 170.447083
v -131.247330 94.723282 170.446686
v -131.247330 94.723282 170.410187
v 61.999668 90.746475 182.098221
v 61.967846 90.755173 182.102814
v 61.999477 90.111710 183.954758
v 61.967846 90.123863 183.950104
v 61.977596 90.102524 183.977905
v -128.891632 94.723282 170.410187
v -128.891632 94.723282 170.446686
v -128.874283 94.710907 170.428436
v -131.279129 90.746941 182.096802
v -131.247314 90.755165 182.102814
v 61.999683 94.712936 170.447083
v 61.999683 94.712936 170.409790
v 61.967846 94.723282 170.410187
v 61.967846 94.723282 170.446686
v 61.967846 93.567032 173.874863
v 61.999706 93.558075 173.871231
v -128.874283 93.556732 173.850510
v -128.891647 93.567032 173.874863
v 59.200413 90.102524 183.977905
v 59.184879 90.123863 183.950104
v -128.856934 90.739807 182.093735
v -128.874283 90.745934 182.075317
v -128.891647 90.748940 182.121033
v 59.202229 94.723282 170.410187
v 59.184879 94.710907 170.428436
v 59.202229 94.723282 170.446686
v 59.202229 93.567032 173.874863
v 59.184879 93.556686 173.850647
v 59.167530 90.739807 182.093735
v 59.202229 90.748947 182.121033
v 59.184879 90.745941 182.075317
v 59.184879 93.718994 170.409760
v 59.184879 93.741409 170.428436
v 59.184879 93.718994 170.447113
v -144.503845 66.512482 170.428436
v -144.485779 66.495125 170.428436
v 75.205887 66.495125 170.428436
v 75.224380 66.512482 170.428436
v 75.224380 66.512482 190.689423
v 75.207031 66.512482 190.708939
v 75.205460 66.495125 190.692719
v -144.486496 66.512482 190.708939
v -144.503845 66.512482 190.689423
v -144.485519 66.495125 190.692459
v -144.503845 66.512482 174.420303
v -144.485764 66.495125 174.420303
v 75.205841 66.495125 174.420303
v 75.224380 66.512482 174.420303
v -140.877747 66.512482 190.708939
v -140.877747 66.495125 190.692307
v 59.802738 66.512482 190.708939
v 59.802738 66.495125 190.692398
v -144.503845 66.512482 187.656006
v -144.485672 66.495125 187.656006
v 75.224380 66.512482 187.656006
v 75.205704 66.495125 187.656006
v 75.207031 62.359463 190.708939
v 75.224380 62.359463 190.689423
v 75.205460 62.376816 190.692719
v -144.503845 62.359463 190.689423
v -144.486496 62.359463 190.708939
v -144.485519 62.376816 190.692459
v -144.503845 62.359463 174.420303
v -144.485764 62.376816 174.420303
v 75.205841 62.376816 174.420303
v 75.224380 62.359463 174.420303
v -140.877747 62.359463 190.708939
v -140.877747 62.376816 190.692307
v 59.802738 62.359463 190.708939
v 59.802738 62.376816 190.692398
v -144.503845 62.359463 187.656006
v -144.485672 62.376816 187.656006
v 75.224380 62.359463 187.656006
v 75.205704 62.376816 187.656006
v -144.485779 62.376816 170.428436
v -144.503845 62.359463 170.428436
v 75.224380 62.359463 170.428436
v 75.205887 62.376816 170.428436
v -142.748398 62.394169 170.428436
v -142.766434 62.376816 170.428436
v -142.766434 66.495125 170.428436
v -142.748398 66.477768 170.428436
v 73.487457 62.376816 170.428436
v 73.468933 62.394169 170.428436
v 73.468933 66.477768 170.428436
v 73.487457 66.495125 170.428436
v 73.468933 66.477768 174.420303
v 73.487503 66.495125 174.420303
v 73.487640 66.495125 187.656006
v 73.468933 66.477768 187.656006
v -142.748398 66.477768 189.110962
v -142.731049 66.477768 189.130478
v -142.766708 66.495125 189.146927
v -142.766556 66.495125 187.656006
v -142.748398 66.477768 187.656006
v 73.451584 66.477768 189.202667
v 73.468933 66.477768 189.183243
v 73.487900 66.495125 189.219025
v 59.802731 66.495125 189.146973
v 59.802731 66.477768 189.130478
v -140.877747 66.495125 189.147064
v -140.877747 66.477768 189.130478
v -142.766464 66.495125 174.420303
v -142.748398 66.477768 174.420303
v 73.451584 62.394169 189.202667
v 73.487900 62.376816 189.219025
v 73.468933 62.394169 189.183243
v -142.748398 62.394169 189.110962
v -142.766708 62.376816 189.146927
v -142.731049 62.394169 189.130478
v -142.766464 62.376816 174.420303
v -142.748398 62.394169 174.420303
v 73.468933 62.394169 174.420303
v 73.487503 62.376816 174.420303
v -140.877747 62.376816 189.147064
v -140.877747 62.394169 189.130478
v 59.802731 62.376816 189.146973
v 59.802731 62.394169 189.130478
v -142.766556 62.376816 187.656006
v -142.748398 62.394169 187.656006
v 73.487640 62.376816 187.656006
v 73.468933 62.394169 187.656006
v -142.765930 63.749584 170.428436
v -142.748398 63.732231 170.428436
v -142.748398 65.139709 170.428436
v -142.765930 65.122360 170.428436
v 73.468933 63.732231 170.428436
v 73.486816 63.749584 170.428436
v 73.486816 65.122360 170.428436
v 73.468933 65.139709 170.428436
v 73.451584 65.139709 189.202667
v 73.487015 65.122360 189.221252
v 73.468933 65.139709 189.183243
v 73.451584 63.732231 189.202667
v 73.468933 63.732231 189.183243
v 73.487015 63.749584 189.221252
v -142.748398 65.139709 189.110962
v -142.765991 65.122360 189.149048
v -142.731049 65.139709 189.130478
v -142.748398 63.732231 189.110962
v -142.731049 63.732231 189.130478
v -142.765991 63.749584 189.149048
v -142.765930 65.122360 174.420303
v -142.748398 65.139709 174.420303
v -142.748398 63.732231 174.420303
v -142.765930 63.749584 174.420303
v 73.468933 65.139709 174.420303
v 73.486832 65.122360 174.420303
v 73.486832 63.749584 174.420303
v 73.468933 63.732231 174.420303
v -140.878311 65.122360 189.149063
v -140.877747 65.139709 189.130478
v -140.877747 63.732231 189.130478
v -140.878311 63.749584 189.149063
v 59.802792 65.122360 189.149017
v 59.802731 65.139709 189.130478
v 59.802731 63.732231 189.130478
v 59.802792 63.749584 189.149017
v -142.765945 65.122360 187.656830
v -142.748398 65.139709 187.656006
v -142.748398 63.732231 187.656006
v -142.765945 63.749584 187.656830
v 73.486908 65.122360 187.656830
v 73.468933 65.139709 187.656006
v 73.468933 63.732231 187.656006
v 73.486908 63.749584 187.656830
v -144.658844 63.761784 170.428436
v -144.628967 63.749584 170.428436
v -144.628967 65.122360 170.428436
v -144.658844 65.110153 170.428436
v 75.339630 63.749584 170.428436
v 75.369812 63.761784 170.428436
v 75.369812 65.110153 170.428436
v 75.339630 65.122360 170.428436
v 75.369812 65.110168 191.124207
v 75.339447 65.122360 191.116318
v 75.348724 65.109665 191.148071
v 75.348724 63.762280 191.148071
v 75.339447 63.749584 191.116318
v 75.369812 63.761784 191.124207
v -144.637756 65.109665 191.148071
v -144.628906 65.122360 191.116165
v -144.658844 65.110153 191.124207
v -144.658844 63.761780 191.124207
v -144.628906 63.749584 191.116165
v -144.637756 63.762280 191.148071
v -144.658844 65.110153 174.420303
v -144.628952 65.122360 174.420303
v -144.628952 63.749584 174.420303
v -144.658844 63.761784 174.420303
v 75.339615 65.122360 174.420303
v 75.369812 65.110153 174.420303
v 75.369812 63.761784 174.420303
v 75.339615 63.749584 174.420303
v -140.938095 65.109665 191.148071
v -140.937531 65.122360 191.116150
v -140.937531 63.749584 191.116150
v -140.938095 63.762280 191.148071
v 59.808506 65.109665 191.148071
v 59.808445 65.122360 191.116196
v 59.808445 63.749584 191.116196
v 59.808506 63.762280 191.148071
v -144.658844 65.110153 187.743408
v -144.628937 65.122360 187.742599
v -144.628937 63.749584 187.742599
v -144.658844 63.761784 187.743408
v 75.369812 65.110153 187.741043
v 75.339554 65.122360 187.740234
v 75.339554 63.749584 187.740234
v 75.369812 63.761784 187.741043
v -145.328735 64.448166 170.428436
v -145.328735 64.423767 170.428436
v 76.039719 64.423767 170.428436
v 76.039719 64.448166 170.428436
v 76.039719 64.423775 191.818024
v 76.039719 64.448166 191.818024
v 76.017624 64.448662 191.840836
v 76.017624 64.423279 191.840836
v -145.306641 64.423279 191.840836
v -145.306641 64.448662 191.840836
v -145.328735 64.448166 191.818024
v -145.328735 64.423767 191.818024
v -145.328735 64.448166 174.420303
v -145.328735 64.423767 174.420303
v 76.039719 64.423767 174.420303
v 76.039719 64.448166 174.420303
v -140.938095 64.448662 191.840836
v -140.938095 64.423279 191.840836
v 59.808506 64.448662 191.840836
v 59.808506 64.423279 191.840836
v -145.328735 64.448166 187.743408
v -145.328735 64.423767 187.743408
v 76.039719 64.448166 187.741043
v 76.039719 64.423767 187.741043
v -144.486496 61.387466 150.167450
v -144.503845 61.404819 150.167450
v -144.486496 61.404819 150.147934
v 75.207031 61.387466 150.167450
v 75.207031 61.404819 150.147934
v 75.224380 61.404819 150.167450
v -144.486496 68.037628 150.147934
v -144.503845 68.037628 150.167450
v -144.487534 68.060913 150.179611
v -144.445160 68.064720 150.164078
v 75.224380 68.037628 150.167450
v 75.207031 68.037628 150.147934
v 75.165680 68.064720 150.164078
v 75.208069 68.060913 150.179611
v 61.985203 72.888519 158.149033
v 62.001507 72.865234 158.141541
v 61.980068 72.861420 158.113373
v 61.967846 72.888519 158.129517
v -131.247314 72.888519 158.129517
v -131.259537 72.861420 158.113373
v -131.280975 72.865234 158.141541
v -131.264679 72.888519 158.149033
v 61.985203 83.261070 158.149033
v 61.967846 83.261070 158.129517
v 61.967846 83.278427 158.149033
v -131.247314 83.261070 158.129517
v -131.264679 83.261070 158.149033
v -131.247330 83.278427 158.149033
v 61.967846 87.966690 158.129517
v 61.985203 87.973480 158.148300
v -131.247314 87.966690 158.129517
v -131.264679 87.973480 158.148300
v 61.967846 85.008041 158.129517
v 61.985203 85.008041 158.148331
v 61.967846 84.990692 158.149033
v -131.264679 85.008041 158.148331
v -131.247314 85.008041 158.129517
v -131.247330 84.990692 158.149033
v -144.503845 61.404819 166.436569
v -144.486496 61.387466 166.436569
v -144.487534 68.060913 166.438507
v -144.503845 68.037628 166.436569
v 75.224380 68.037628 166.436569
v 75.208069 68.060913 166.438507
v 75.207031 61.387466 166.436569
v 75.224380 61.404819 166.436569
v -131.264679 72.888519 168.007614
v -131.280975 72.865234 168.005676
v 62.001507 72.865234 168.005676
v 61.985203 72.888519 168.007614
v -131.247330 83.278427 168.007614
v -131.264679 83.261070 168.007614
v 61.985203 83.261070 168.007614
v 61.967846 83.278427 168.007614
v -131.264679 85.008041 168.007614
v -131.247330 84.990692 168.007614
v 61.967846 84.990692 168.007614
v 61.985203 85.008041 168.007614
v 61.442822 83.295776 158.758423
v 61.460949 83.278427 158.719070
v 61.425945 83.295776 158.738922
v -130.740433 83.278427 158.719070
v -130.722290 83.295776 158.758423
v -130.705429 83.295776 158.738922
v -130.498306 83.295776 168.007614
v -130.515533 83.278427 168.007614
v 61.236057 83.278427 168.007614
v 61.218830 83.295776 168.007614
v 61.425945 84.973343 158.738922
v 61.460949 84.990692 158.719070
v 61.442822 84.973343 158.758423
v -130.722290 84.973343 158.758423
v -130.740433 84.990692 158.719070
v -130.705429 84.973343 158.738922
v -130.515533 84.990692 168.007614
v -130.498306 84.973343 168.007614
v 61.218830 84.973343 168.007614
v 61.236057 84.990692 168.007614
v -140.853455 68.064720 150.164078
v -140.877747 68.037628 150.147934
v -140.877747 61.404819 150.147934
v -140.877747 61.387466 150.167450
v -128.858551 83.278427 158.149033
v -128.874283 83.261070 158.129517
v -128.874283 72.888519 158.129517
v -128.898575 72.861420 158.113373
v -128.874283 85.008041 158.129517
v -128.858551 84.990692 158.149033
v -128.856934 91.559357 168.008545
v -128.856934 91.535477 167.989532
v -128.874283 91.553925 167.988724
v -128.382965 83.295776 158.738922
v -128.398956 83.278427 158.719086
v -128.398956 84.990692 158.719086
v -128.382965 84.973343 158.738922
v 59.802738 61.387466 150.167450
v 59.802738 61.404819 150.147934
v 59.801495 68.064720 150.164078
v 59.802738 68.037628 150.147934
v 59.184071 83.278427 158.149033
v 59.184879 83.261070 158.129517
v 59.184879 72.888519 158.129517
v 59.186131 72.861420 158.113373
v 59.184879 85.008041 158.129517
v 59.184071 84.990692 158.149033
v 59.167530 91.559357 168.008560
v 59.184879 91.553925 167.988724
v 59.167530 91.535477 167.989532
v 59.159595 83.295776 158.738922
v 59.160412 83.278427 158.719086
v 59.160412 84.990692 158.719086
v 59.159595 84.973343 158.738922
v -144.486496 61.387466 153.200867
v -144.503845 61.404819 153.200867
v 75.208069 68.060913 153.209213
v 75.224380 68.037628 153.200867
v 61.985203 72.888519 159.980942
v 62.001507 72.865234 159.972595
v 61.967846 83.278427 159.995651
v 61.985203 83.261070 159.980942
v 61.985203 85.008041 159.980942
v 61.967846 84.990692 159.995651
v -144.487534 68.060913 153.209213
v -144.503845 68.037628 153.200867
v 75.207031 61.387466 153.200867
v 75.224380 61.404819 153.200867
v -131.264679 72.888519 159.980942
v -131.280975 72.865234 159.972595
v -131.247314 83.278427 159.995651
v -131.264679 83.261070 159.980942
v -131.264679 85.008041 159.980942
v -131.247314 84.990692 159.995651
v 61.401226 83.295776 160.476120
v 61.418789 83.278427 160.461227
v 61.418789 84.990692 160.461227
v 61.401226 84.973343 160.476120
v -130.680695 83.295776 160.476120
v -130.698273 83.278427 160.461227
v -130.698273 84.990692 160.461227
v -130.680695 84.973343 160.476120
v -128.856934 88.643341 159.999023
v -128.856934 88.652267 159.972092
v -128.874283 88.658897 159.990219
v 59.167530 88.652267 159.972092
v 59.167530 88.643341 159.999023
v 59.184879 88.658897 159.990219
v -128.874863 89.283928 157.355591
v -128.874283 89.274391 157.381683
v -131.264679 89.281067 157.400482
v -131.282547 89.283951 157.355667
v -131.247314 89.274391 157.381683
v -131.282272 92.863052 167.251816
v -131.264679 92.849609 167.259827
v 62.003002 89.959778 159.223679
v 61.985203 89.944397 159.233154
v 61.985203 89.281067 157.400482
v 61.967846 89.274391 157.381683
v 62.003078 89.283951 157.355682
v -131.282471 89.960365 159.225418
v -131.264679 89.944397 159.233154
v 61.985203 92.849609 167.259827
v 62.002850 92.863480 167.251816
v 59.202328 89.283928 157.355591
v 59.184879 89.274391 157.381683
v -128.856934 89.959976 159.224243
v -128.874283 89.966415 159.242477
v 59.184879 93.098511 168.091751
v 59.167530 93.075195 168.091080
v 59.184879 89.966415 159.242477
v 59.167530 89.959976 159.224243
v -128.917221 88.860168 156.089981
v -128.917160 88.850983 156.097626
v -132.571060 88.860168 156.089981
v -132.592758 88.850967 156.097549
v -132.596283 88.866455 156.111130
v -132.596283 92.711029 167.315903
v -132.593033 92.703949 167.318604
v 63.317829 89.953766 159.176392
v 63.314503 89.945267 159.181549
v 63.317944 88.866455 156.111115
v 63.314419 88.850967 156.097549
v 63.292706 88.860168 156.089981
v -132.596176 89.997963 159.306839
v -132.592834 89.989349 159.311676
v 63.314648 92.736237 167.318604
v 63.317791 92.743500 167.315857
v -128.874283 93.110107 168.073196
v -128.856934 93.102264 168.110657
v -128.856934 93.079788 168.091080
v 60.477413 88.860168 156.089981
v 60.475506 88.850983 156.097626
v -128.874283 90.123863 156.906769
v -128.874802 90.102524 156.878967
v -131.278946 90.111702 156.902115
v -131.247314 90.123863 156.906769
v -131.257065 90.102524 156.878967
v -131.247314 93.567032 166.982010
v -131.279022 93.557816 166.985611
v 61.967846 90.755173 158.754059
v 61.999668 90.746475 158.758652
v 61.999477 90.111710 156.902115
v 61.977596 90.102524 156.878967
v 61.967846 90.123863 156.906769
v -131.247314 90.755165 158.754059
v -131.279129 90.746941 158.760071
v 61.999706 93.558075 166.985641
v 61.967846 93.567032 166.982010
v -128.891647 93.567032 166.982010
v -128.874283 93.556732 167.006363
v 59.184879 90.123863 156.906769
v 59.200413 90.102524 156.878967
v -128.856934 90.739807 158.763138
v -128.891647 90.748940 158.735840
v -128.874283 90.745934 158.781555
v 59.184879 93.556686 167.006226
v 59.202229 93.567032 166.982010
v 59.167530 90.739807 158.763138
v 59.184879 90.745941 158.781555
v 59.202229 90.748947 158.735840
v 75.224380 66.512482 150.167450
v 75.205460 66.495125 150.164154
v 75.207031 66.512482 150.147934
v -144.486496 66.512482 150.147934
v -144.485519 66.495125 150.164413
v -144.503845 66.512482 150.167450
v -144.485764 66.495125 166.436569
v -144.503845 66.512482 166.436569
v 75.224380 66.512482 166.436569
v 75.205841 66.495125 166.436569
v -140.877747 66.495125 150.164566
v -140.877747 66.512482 150.147934
v 59.802738 66.495125 150.164474
v 59.802738 66.512482 150.147934
v -144.485672 66.495125 153.200867
v -144.503845 66.512482 153.200867
v 75.205704 66.495125 153.200867
v 75.224380 66.512482 153.200867
v 75.207031 62.359463 150.147934
v 75.205460 62.376816 150.164154
v 75.224380 62.359463 150.167450
v -144.503845 62.359463 150.167450
v -144.485519 62.376816 150.164413
v -144.486496 62.359463 150.147934
v -144.485764 62.376816 166.436569
v -144.503845 62.359463 166.436569
v 75.224380 62.359463 166.436569
v 75.205841 62.376816 166.436569
v -140.877747 62.376816 150.164566
v -140.877747 62.359463 150.147934
v 59.802738 62.376816 150.164474
v 59.802738 62.359463 150.147934
v -144.485672 62.376816 153.200867
v -144.503845 62.359463 153.200867
v 75.205704 62.376816 153.200867
v 75.224380 62.359463 153.200867
v 73.487503 66.495125 166.436569
v 73.468933 66.477768 166.436569
v 73.468933 66.477768 153.200867
v 73.487640 66.495125 153.200867
v -142.748398 66.477768 151.745911
v -142.766708 66.495125 151.709946
v -142.731049 66.477768 151.726395
v -142.748398 66.477768 153.200867
v -142.766556 66.495125 153.200867
v 73.451584 66.477768 151.654205
v 73.487900 66.495125 151.637848
v 73.468933 66.477768 151.673630
v 59.802731 66.477768 151.726395
v 59.802731 66.495125 151.709900
v -140.877747 66.477768 151.726395
v -140.877747 66.495125 151.709808
v -142.748398 66.477768 166.436569
v -142.766464 66.495125 166.436569
v 73.451584 62.394169 151.654205
v 73.468933 62.394169 151.673630
v 73.487900 62.376816 151.637848
v -142.748398 62.394169 151.745911
v -142.731049 62.394169 151.726395
v -142.766708 62.376816 151.709946
v -142.748398 62.394169 166.436569
v -142.766464 62.376816 166.436569
v 73.487503 62.376816 166.436569
v 73.468933 62.394169 166.436569
v -140.877747 62.394169 151.726395
v -140.877747 62.376816 151.709808
v 59.802731 62.394169 151.726395
v 59.802731 62.376816 151.709900
v -142.748398 62.394169 153.200867
v -142.766556 62.376816 153.200867
v 73.468933 62.394169 153.200867
v 73.487640 62.376816 153.200867
v 73.451584 65.139709 151.654205
v 73.468933 65.139709 151.673630
v 73.487015 65.122360 151.635620
v 73.451584 63.732231 151.654205
v 73.487015 63.749584 151.635620
v 73.468933 63.732231 151.673630
v -142.748398 65.139709 151.745911
v -142.731049 65.139709 151.726395
v -142.765991 65.122360 151.707825
v -142.748398 63.732231 151.745911
v -142.765991 63.749584 151.707825
v -142.731049 63.732231 151.726395
v -142.748398 65.139709 166.436569
v -142.765930 65.122360 166.436569
v -142.765930 63.749584 166.436569
v -142.748398 63.732231 166.436569
v 73.486832 65.122360 166.436569
v 73.468933 65.139709 166.436569
v 73.468933 63.732231 166.436569
v 73.486832 63.749584 166.436569
v -140.877747 65.139709 151.726395
v -140.878311 65.122360 151.707809
v -140.878311 63.749584 151.707809
v -140.877747 63.732231 151.726395
v 59.802731 65.139709 151.726395
v 59.802792 65.122360 151.707855
v 59.802792 63.749584 151.707855
v 59.802731 63.732231 151.726395
v -142.748398 65.139709 153.200867
v -142.765945 65.122360 153.200043
v -142.765945 63.749584 153.200043
v -142.748398 63.732231 153.200867
v 73.468933 65.139709 153.200867
v 73.486908 65.122360 153.200043
v 73.486908 63.749584 153.200043
v 73.468933 63.732231 153.200867
v 75.369812 65.110153 149.732666
v 75.348724 65.109665 149.708801
v 75.339447 65.122360 149.740555
v 75.348724 63.762280 149.708801
v 75.369812 63.761780 149.732666
v 75.339447 63.749584 149.740555
v -144.637756 65.109665 149.708801
v -144.658844 65.110168 149.732666
v -144.628906 65.122360 149.740707
v -144.658844 63.761784 149.732666
v -144.637756 63.762280 149.708801
v -144.628906 63.749584 149.740707
v -144.628952 65.122360 166.436569
v -144.658844 65.110153 166.436569
v -144.658844 63.761784 166.436569
v -144.628952 63.749584 166.436569
v 75.369812 65.110153 166.436569
v 75.339615 65.122360 166.436569
v 75.339615 63.749584 166.436569
v 75.369812 63.761784 166.436569
v -140.937531 65.122360 149.740723
v -140.938095 65.109665 149.708801
v -140.938095 63.762280 149.708801
v -140.937531 63.749584 149.740723
v 59.808445 65.122360 149.740677
v 59.808506 65.109665 149.708801
v 59.808506 63.762280 149.708801
v 59.808445 63.749584 149.740677
v -144.628937 65.122360 153.114273
v -144.658844 65.110153 153.113464
v -144.658844 63.761784 153.113464
v -144.628937 63.749584 153.114273
v 75.339554 65.122360 153.116638
v 75.369812 65.110153 153.115829
v 75.369812 63.761784 153.115829
v 75.339554 63.749584 153.116638
v 76.039719 64.423767 149.038849
v 76.017624 64.423279 149.016037
v 76.017624 64.448662 149.016037
v 76.039719 64.448166 149.038849
v -145.306641 64.423279 149.016037
v -145.328735 64.423775 149.038849
v -145.328735 64.448166 149.038849
v -145.306641 64.448662 149.016037
v -145.328735 64.423767 166.436569
v -145.328735 64.448166 166.436569
v 76.039719 64.448166 166.436569
v 76.039719 64.423767 166.436569
v -140.938095 64.423279 149.016037
v -140.938095 64.448662 149.016037
v 59.808506 64.423279 149.016037
v 59.808506 64.448662 149.016037
v -145.328735 64.423767 153.113464
v -145.328735 64.448166 153.113464
v 76.039719 64.423767 153.115829
v 76.039719 64.448166 153.115829
vn 0.0405 -0.7095 -0.7036
vn -0.3531 -0.7157 -0.6025
vn -0.4872 -0.2316 -0.8420
vn 0.0649 -0.2275 -0.9716
vn 0.3440 -0.7165 0.6069
vn 0.6250 -0.7309 0.2740
vn 0.8887 -0.2405 0.3903
vn 0.4844 -0.2313 0.8437
vn -0.6258 -0.7297 -0.2756
vn -0.6605 -0.7321 0.1665
vn -0.9391 -0.2422 0.2439
vn -0.8885 -0.2408 -0.3906
vn 0.6565 -0.7329 -0.1786
vn 0.4234 -0.7193 -0.5508
vn 0.6004 -0.2335 -0.7649
vn 0.9381 -0.2420 -0.2479
vn -0.0573 -0.7100 0.7018
vn -0.0703 -0.2275 0.9712
vn -0.4375 -0.7196 0.5392
vn -0.6050 -0.2336 0.7612
vn 0.9155 -0.0017 0.4023
vn 0.9155 -0.0000 0.4023
vn 0.9674 -0.0000 -0.2534
vn 0.9674 -0.0017 -0.2534
vn 0.6198 -0.0016 -0.7848
vn 0.6198 -0.0000 -0.7848
vn 0.0694 -0.0000 -0.9976
vn 0.0694 -0.0016 -0.9976
vn 0.4994 -0.0016 0.8664
vn -0.0695 -0.0016 0.9976
vn -0.0695 -0.0000 0.9976
vn 0.4994 -0.0000 0.8664
vn 0.4994 0.0003 0.8664
vn -0.0694 0.0001 0.9976
vn -0.6198 -0.0017 0.7847
vn -0.6198 -0.0000 0.7848
vn 0.6198 0.0001 -0.7847
vn 0.0694 -0.0001 -0.9976
vn -0.9674 -0.0002 0.2534
vn -0.9155 -0.0003 -0.4023
vn 0.9674 0.0002 -0.2534
vn -0.9674 -0.0018 0.2534
vn -0.9674 -0.0000 0.2534
vn -0.6198 -0.0001 0.7848
vn 0.4234 -0.7193 0.5508
vn 0.6004 -0.2335 0.7649
vn 0.0649 -0.2275 0.9716
vn 0.0405 -0.7095 0.7035
vn 0.9155 0.0003 0.4023
vn -0.9155 -0.0017 -0.4023
vn -0.9155 -0.0000 -0.4023
vn -0.4994 -0.0003 -0.8664
vn -0.4994 -0.0000 -0.8664
vn -0.4994 -0.0016 -0.8664
vn -0.9673 -0.0000 0.2535
vn 0.6198 -0.0000 -0.7847
vn -0.6198 -0.0000 0.7847
vn -0.0694 -0.0000 0.9976
vn -0.3531 -0.7157 0.6025
vn -0.4872 -0.2316 0.8420
vn -0.8885 -0.2408 0.3906
vn -0.6258 -0.7297 0.2756
vn 0.3440 -0.7165 -0.6069
vn 0.4844 -0.2313 -0.8437
vn 0.8887 -0.2405 -0.3903
vn 0.6250 -0.7309 -0.2740
vn -0.9391 -0.2422 -0.2439
vn -0.6605 -0.7321 -0.1665
vn 0.6565 -0.7329 0.1786
vn 0.9381 -0.2420 0.2479
vn -0.0573 -0.7100 -0.7018
vn -0.0703 -0.2275 -0.9712
vn -0.6050 -0.2336 -0.7612
vn -0.4375 -0.7196 -0.5392
vn 0.4994 -0.0016 -0.8664
vn 0.4994 -0.0000 -0.8664
vn -0.0696 -0.0000 -0.9976
vn -0.0695 -0.0016 -0.9976
vn 0.4994 0.0111 -0.8663
vn -0.0693 0.0107 -0.9975
vn -0.6198 -0.0000 -0.7847
vn -0.6198 -0.0017 -0.7847
vn 0.0695 0.0106 0.9975
vn -0.4993 0.0106 0.8664
vn -0.9678 0.0112 -0.2513
vn -0.9155 0.0111 0.4022
vn 0.9155 -0.0017 -0.4023
vn 0.9674 -0.0017 0.2534
vn 0.9674 -0.0000 0.2534
vn 0.9155 -0.0000 -0.4023
vn -0.6197 0.0109 -0.7848
vn 0.9673 0.0116 0.2533
vn 0.6199 0.0110 0.7846
vn -0.9674 -0.0000 -0.2534
vn -0.9674 -0.0018 -0.2534
vn 0.9154 0.0116 -0.4023
vn -0.9155 -0.0000 0.4023
vn -0.9155 -0.0017 0.4023
vn 0.0694 -0.0016 0.9976
vn -0.4994 -0.0016 0.8664
vn -0.4994 -0.0000 0.8664
vn 0.0695 -0.0000 0.9976
vn 0.6198 -0.0016 0.7848
vn 0.6198 -0.0000 0.7847
vn 0.0694 -0.0000 0.9976
vn -0.0694 -0.0000 -0.9976
vn -0.6662 0.7238 -0.1795
vn -0.4308 0.7100 -0.5571
vn 0.4421 0.7099 0.5482
vn 0.0561 0.7005 0.7115
vn 0.3572 0.7058 -0.6118
vn 0.6352 0.7199 -0.2797
vn 0.6701 0.7224 0.1704
vn -0.3497 0.7072 0.6145
vn -0.6338 0.7218 0.2780
vn -0.0432 0.6997 -0.7132
vn 0.9673 -0.0017 -0.2534
vn 0.0695 -0.0000 -0.9976
vn -0.0695 -0.0000 -0.9976
vn -0.6662 0.7238 -0.1796
vn 0.6352 0.7199 -0.2796
vn -0.0430 0.6997 -0.7132
vn 0.6251 -0.7309 0.2740
vn -0.8885 -0.2407 -0.3906
vn -0.0694 -0.0016 0.9976
vn -0.6198 -0.0016 0.7847
vn -0.9674 -0.0017 0.2534
vn -0.4994 -0.0017 -0.8664
vn 0.6251 -0.7309 -0.2740
vn 0.6565 -0.7328 0.1786
vn -0.6198 -0.0016 -0.7847
vn -0.9674 -0.0017 -0.2534
vn -0.6663 0.7238 -0.1795
vn -0.4309 0.7099 -0.5571
vn 0.3571 0.7058 -0.6118
vn 0.6701 0.7225 0.1704
vn -0.6338 0.7218 0.2779
vn -0.0432 0.6996 -0.7132
vn 0.0695 -0.0001 -0.9976
vn 0.9674 0.0002 -0.2533
vn -0.6663 0.7238 -0.1794
vn 0.6198 -0.0016 -0.7847
vn 0.0693 -0.0000 -0.9976
vn -0.6198 -0.0000 -0.7848
vn -0.9673 -0.0000 -0.2535
vn 0.0560 0.7005 0.7115
vn 0.0405 -0.7095 -0.7035
vn -0.9674 -0.0000 0.2533
vn -0.8885 -0.2407 0.3906
vn -0.9674 -0.0000 -0.2533
vn -0.4995 -0.0000 0.8663
vn 0.6701 0.7224 0.1705
vn -0.0431 0.6996 -0.7132
vn -0.6662 0.7238 -0.1798
vn -0.3498 0.7072 0.6145
vn 0.6565 -0.7328 -0.1786
vn -0.0694 -0.0016 -0.9976
vn 0.0693 -0.0000 0.9976
vn 0.6198 -0.0000 0.7848
vn -0.0430 0.6996 -0.7132
vn 0.9998 -0.0179 -0.0000
vn 0.9998 0.0190 -0.0000
vn 0.9998 0.0192 -0.0000
vn -0.9998 -0.0179 -0.0000
vn -0.9998 0.0186 -0.0000
vn -0.3432 0.9393 -0.0000
vn -0.3428 0.9394 -0.0000
vn -0.3427 0.9394 -0.0000
vn -0.9999 -0.0118 0.0058
vn -0.9999 0.0106 0.0057
vn -0.9999 0.0106 -0.0000
vn -0.9999 -0.0118 -0.0000
vn 0.0130 0.9997 0.0195
vn 0.0282 0.9996 -0.0000
vn 0.0267 0.9996 -0.0007
vn 0.0123 0.9998 0.0159
vn 0.0011 -0.0106 0.9999
vn 0.0013 0.0104 0.9999
vn -0.0000 0.0104 0.9999
vn -0.0000 -0.0107 0.9999
vn 0.9999 -0.0120 -0.0000
vn 0.9999 0.0105 -0.0000
vn 0.9999 0.0106 -0.0000
vn 0.9999 -0.0121 -0.0000
vn 0.0232 -0.9997 -0.0000
vn 0.0262 -0.9997 -0.0000
vn 0.0250 -0.9997 -0.0005
vn 0.0231 -0.9997 -0.0000
vn -0.0082 0.0016 1.0000
vn -0.0001 0.0015 1.0000
vn -0.0000 0.0019 1.0000
vn -0.0082 0.0019 1.0000
vn -1.0000 0.0015 -0.0000
vn -1.0000 0.0017 -0.0000
vn 0.0386 -0.9553 0.2930
vn 0.0449 -0.9550 0.2933
vn 0.0557 -0.9455 0.3208
vn 0.0490 -0.9459 0.3209
vn -0.0000 -0.1726 0.9850
vn 0.0071 -0.1727 0.9849
vn 0.0070 -0.5066 0.8621
vn -0.0000 -0.5066 0.8622
vn -1.0000 -0.0025 -0.0000
vn -1.0000 -0.0000 -0.0000
vn -1.0000 -0.0032 -0.0000
vn -0.0232 0.9997 -0.0000
vn -0.0262 0.9997 -0.0000
vn -0.0251 0.9997 -0.0005
vn -0.0232 0.9997 0.0001
vn -0.0137 -0.9998 0.0174
vn -0.0282 -0.9996 -0.0000
vn -0.0265 -0.9996 -0.0007
vn -0.0128 -0.9998 0.0169
vn -0.0136 0.9998 0.0175
vn -0.0000 0.9996 0.0294
vn -0.0128 0.9998 0.0169
vn -0.9998 -0.0178 -0.0000
vn -0.9998 0.0187 -0.0000
vn -1.0000 -0.0036 -0.0000
vn -0.0262 -0.9997 -0.0000
vn -0.0232 -0.9997 -0.0000
vn -0.0251 -0.9997 -0.0005
vn 1.0000 0.0018 0.0017
vn 0.9999 0.0161 -0.0000
vn 0.9997 0.0231 -0.0000
vn 0.9998 0.0198 0.0068
vn 0.9998 0.0102 -0.0142
vn 0.9997 0.0101 -0.0242
vn 0.9997 -0.0102 -0.0242
vn 0.9998 -0.0103 -0.0141
vn -0.0282 0.9996 -0.0000
vn -0.0266 0.9996 -0.0006
vn 0.3432 0.9393 -0.0000
vn 0.3428 0.9394 -0.0000
vn 0.3427 0.9394 -0.0000
vn -0.9999 0.0101 -0.0000
vn -0.9998 0.0101 -0.0183
vn -0.9998 -0.0101 -0.0183
vn -0.9999 -0.0101 -0.0000
vn -0.0082 0.0118 0.9999
vn -0.0000 0.0117 0.9999
vn -0.0000 -0.0118 0.9999
vn -0.0082 -0.0119 0.9999
vn 0.9998 0.0102 -0.0183
vn 0.9998 -0.0102 -0.0183
vn 0.9998 0.0102 0.0183
vn 0.9998 -0.0102 0.0183
vn 0.9999 -0.0102 -0.0000
vn 0.9999 0.0102 -0.0000
vn -0.9997 0.0102 -0.0242
vn -0.9997 -0.0102 -0.0242
vn 0.0282 -0.9996 -0.0000
vn 0.0266 -0.9996 -0.0006
vn 0.0262 0.9997 -0.0000
vn 0.0250 0.9997 0.0005
vn 0.0231 0.9997 -0.0000
vn 0.0232 0.9997 -0.0000
vn -0.0251 0.9997 0.0005
vn -0.0251 -0.9997 0.0005
vn 0.0250 -0.9997 0.0005
vn -0.9998 0.0102 -0.0143
vn -0.9998 -0.0104 -0.0142
vn -0.0000 -0.9497 -0.3132
vn 0.0078 -0.9459 -0.3244
vn 0.0074 -0.9451 -0.3266
vn -0.0000 -0.9483 -0.3175
vn 0.0001 0.0657 0.9978
vn -0.0000 0.0657 0.9978
vn -0.0000 0.0600 0.9982
vn 0.0001 0.0600 0.9982
vn -1.0000 -0.0053 0.0083
vn -1.0000 -0.0014 0.0083
vn -1.0000 0.0016 0.0094
vn -1.0000 0.0017 0.0092
vn -0.3408 0.9401 0.0044
vn -0.3404 0.9403 0.0045
vn -0.0000 -0.0201 0.9998
vn -0.0000 0.0170 0.9999
vn -0.0000 0.0171 0.9999
vn 0.9999 0.0107 0.0057
vn 0.9999 -0.0122 0.0058
vn 0.0131 -0.9997 0.0195
vn 0.0122 -0.9998 0.0159
vn -0.9999 0.0107 0.0059
vn -0.9999 0.0116 0.0020
vn -1.0000 0.0010 -0.0017
vn -0.0507 0.9607 0.2729
vn 0.9999 0.0115 0.0020
vn 0.9999 0.0105 0.0059
vn 1.0000 0.0010 -0.0017
vn -0.0000 -0.0066 1.0000
vn -0.0000 -0.0065 1.0000
vn -0.0000 -0.9996 0.0295
vn -0.0000 -0.9996 0.0294
vn -0.0000 -0.9996 0.0293
vn -0.0000 0.9996 0.0295
vn -0.0000 0.9996 0.0293
vn -0.0000 -0.0108 0.9999
vn -0.0000 -0.9497 -0.3133
vn 0.0001 0.0117 0.9999
vn 0.0084 0.0118 0.9999
vn 0.0084 -0.0118 0.9999
vn -0.9998 -0.0101 0.0183
vn -0.9998 0.0101 0.0183
vn -0.0054 0.0105 0.9999
vn -0.0053 -0.0106 0.9999
vn -0.0000 0.0016 1.0000
vn 0.0070 0.0015 1.0000
vn 0.0070 0.0019 1.0000
vn -0.0000 0.8554 0.5181
vn 0.0013 0.8557 0.5174
vn 0.0013 0.8569 0.5155
vn -0.0000 0.8554 0.5179
vn 0.0068 -0.0066 1.0000
vn -0.0079 -0.0066 0.9999
vn -0.0082 -0.1726 0.9850
vn 1.0000 -0.0036 -0.0000
vn 1.0000 -0.0031 -0.0000
vn 1.0000 -0.0000 -0.0000
vn 0.0250 0.9997 -0.0005
vn 1.0000 0.0015 -0.0000
vn 1.0000 0.0016 -0.0000
vn 1.0000 0.0017 -0.0000
vn -0.9999 -0.0117 -0.0000
vn 0.9998 -0.0178 -0.0000
vn 0.0386 -0.9553 -0.2930
vn 0.0490 -0.9459 -0.3209
vn 0.0557 -0.9455 -0.3208
vn 0.0448 -0.9549 -0.2934
vn -0.0000 0.9629 -0.2700
vn -0.0000 0.9646 -0.2636
vn -0.0055 0.9646 -0.2636
vn -0.0510 0.9616 -0.2697
vn -0.0273 -0.9425 -0.3332
vn -0.0371 -0.9463 -0.3210
vn -0.0434 -0.9461 -0.3210
vn -0.0324 -0.9423 -0.3332
vn -0.9999 -0.0117 -0.0039
vn -0.9999 -0.0138 -0.0000
vn -0.9999 -0.0111 -0.0041
vn 0.9999 -0.0117 0.0039
vn 0.9999 -0.0139 -0.0000
vn -0.9999 -0.0158 0.0037
vn -0.0000 0.9410 0.3384
vn -0.0001 0.9410 0.3384
vn -0.0001 0.9397 0.3421
vn 0.0001 0.9396 0.3422
vn -0.0081 -0.5066 0.8621
vn 0.0365 -0.9426 -0.3320
vn 0.0417 -0.9425 -0.3317
vn 1.0000 -0.0052 0.0083
vn 1.0000 -0.0014 0.0082
vn -0.0000 0.5072 -0.8618
vn -0.0000 0.5071 -0.8619
vn 0.0001 0.5012 -0.8653
vn -0.0001 0.5012 -0.8653
vn 0.9998 0.0198 0.0046
vn -0.5665 0.7807 -0.2637
vn -0.5568 0.7870 -0.2658
vn -0.5573 0.7860 -0.2677
vn -0.5671 0.7797 -0.2656
vn 0.5602 0.7841 0.2672
vn 0.5599 0.7861 0.2618
vn 0.5502 0.7923 0.2638
vn 0.5506 0.7902 0.2692
vn 0.5628 0.7817 0.2688
vn 0.5531 0.7878 0.2710
vn 1.0000 0.0018 -0.0017
vn 0.9998 0.0197 -0.0068
vn -0.5665 0.7807 0.2637
vn -0.5671 0.7797 0.2655
vn -0.5573 0.7860 0.2677
vn -0.5569 0.7869 0.2658
vn -0.5684 0.7784 0.2665
vn -0.5584 0.7849 0.2688
vn 0.9999 -0.0117 -0.0039
vn -0.0111 0.9660 0.2583
vn -0.0056 0.9641 0.2656
vn -0.9998 0.0194 0.0066
vn -0.9997 0.0226 -0.0000
vn -0.0070 -0.9456 -0.3253
vn -0.0096 -0.9447 -0.3279
vn 0.9999 -0.0110 -0.0040
vn -0.0064 0.9466 -0.3223
vn -0.0063 0.9486 -0.3165
vn 0.0034 0.9486 -0.3166
vn 0.0035 0.9469 -0.3215
vn -0.0064 0.9468 0.3218
vn 0.0035 0.9466 0.3223
vn 0.0034 0.9486 0.3166
vn -0.0063 0.9485 0.3166
vn -0.0041 0.9466 -0.3223
vn -0.0042 0.9486 -0.3166
vn 0.0075 0.9485 -0.3166
vn 0.0074 0.9468 -0.3218
vn -0.0040 0.9459 0.3245
vn 0.0004 0.9489 0.3155
vn 0.0074 0.9468 0.3218
vn -0.0041 0.9466 0.3222
vn 0.0074 0.9485 0.3166
vn -0.0042 0.9486 0.3166
vn -0.0000 0.9444 0.3288
vn 0.0014 0.9444 0.3288
vn -0.0004 0.9489 0.3155
vn 0.0035 0.9463 0.3234
vn 0.5601 0.7841 -0.2671
vn 0.5506 0.7902 -0.2692
vn 0.5502 0.7923 -0.2637
vn 0.5598 0.7862 -0.2617
vn -0.0111 0.9660 0.2584
vn -0.0048 0.5318 0.8468
vn -0.0000 0.5295 0.8483
vn -0.0000 0.5428 0.8399
vn -0.0047 0.5449 0.8385
vn -0.5682 0.7751 0.2763
vn -0.5580 0.7817 0.2783
vn -0.0000 0.5428 0.8398
vn 0.0051 0.5334 0.8458
vn 0.0050 0.5465 0.8374
vn -0.9998 0.0195 0.0045
vn -0.0000 -1.0000 -0.0000
vn 0.0011 -1.0000 -0.0000
vn -0.0038 0.8579 0.5138
vn -0.0000 0.8554 0.5180
vn -0.0037 0.8583 0.5132
vn -0.9999 0.0105 -0.0000
vn -0.0105 -0.9999 -0.0000
vn -0.0100 -1.0000 -0.0000
vn -0.0095 -1.0000 -0.0000
vn -0.0100 1.0000 -0.0000
vn -0.0104 0.9999 -0.0000
vn -0.0095 1.0000 -0.0000
vn 0.0100 -0.9999 -0.0000
vn 0.0100 -1.0000 -0.0000
vn 0.0104 -0.9999 -0.0000
vn 0.0095 -1.0000 -0.0000
vn -0.0000 0.9999 0.0111
vn -0.0000 0.9999 0.0112
vn -0.0063 1.0000 0.0077
vn -0.0031 1.0000 0.0040
vn -0.0000 -1.0000 0.0057
vn 0.0011 -1.0000 0.0056
vn -0.0047 -1.0000 0.0058
vn -0.0048 -1.0000 -0.0000
vn -0.0047 -1.0000 -0.0000
vn 0.9998 0.0193 0.0058
vn 0.9998 -0.0178 0.0056
vn -0.0052 0.0169 0.9998
vn -0.0052 -0.0200 0.9998
vn 0.9999 0.0132 -0.0000
vn 0.9999 -0.0137 -0.0000
vn 0.9998 -0.0140 0.0111
vn 0.9998 0.0135 0.0111
vn 0.0001 0.0137 0.9999
vn -0.0000 -0.0122 0.9999
vn -0.0104 -0.0124 0.9999
vn -0.0103 0.0139 0.9999
vn -0.0003 0.0137 0.9999
vn -0.0004 -0.0122 0.9999
vn -0.0038 0.0121 0.9999
vn -0.0039 -0.0137 0.9999
vn -0.0003 -0.0137 0.9999
vn -0.0003 0.0122 0.9999
vn -0.0038 0.0136 0.9999
vn -0.0038 -0.0121 0.9999
vn 0.9999 0.0137 0.0002
vn 0.9999 -0.0132 -0.0000
vn 0.9999 0.0137 -0.0000
vn -0.9999 0.0130 0.0001
vn -0.9999 -0.0134 -0.0000
vn -0.9999 0.0129 -0.0000
vn -0.9998 0.0132 0.0117
vn -0.9998 -0.0137 0.0116
vn 0.0100 1.0000 -0.0000
vn 0.0100 0.9999 -0.0000
vn -0.0000 -0.9999 0.0112
vn -0.0000 -0.9999 0.0111
vn -0.0064 -1.0000 0.0077
vn -0.0031 -1.0000 0.0040
vn 0.0104 0.9999 -0.0000
vn 0.0095 1.0000 -0.0000
vn 0.0019 -0.9999 0.0103
vn 0.0010 -1.0000 0.0091
vn 0.0019 0.9999 0.0103
vn 0.0010 1.0000 0.0091
vn -0.9998 0.0137 0.0117
vn -0.9998 -0.0131 0.0117
vn -0.9999 -0.0129 -0.0000
vn -0.9999 0.0134 -0.0000
vn -0.0087 1.0000 -0.0000
vn -0.0092 1.0000 -0.0000
vn -0.0065 1.0000 -0.0000
vn -0.0069 1.0000 -0.0000
vn 0.0093 1.0000 -0.0000
vn 0.0065 1.0000 -0.0000
vn -0.9999 0.0133 -0.0001
vn -0.9999 -0.0130 -0.0000
vn -0.0000 1.0000 0.0087
vn -0.0000 1.0000 0.0064
vn -0.0005 1.0000 0.0064
vn 0.9999 -0.0132 0.0002
vn 0.0008 1.0000 0.0072
vn 0.0012 1.0000 0.0059
vn -0.0092 -1.0000 -0.0000
vn -0.0064 -1.0000 -0.0000
vn -0.0087 -1.0000 -0.0000
vn -0.0026 -1.0000 0.0033
vn -0.0040 -1.0000 0.0046
vn -0.0068 -1.0000 -0.0000
vn 0.9998 -0.0135 0.0111
vn 0.9998 0.0141 0.0111
vn -0.0025 1.0000 0.0033
vn -0.0040 1.0000 0.0047
vn 0.0002 0.0122 0.9999
vn -0.0000 -0.0137 0.9999
vn -0.0105 -0.0138 0.9998
vn -0.0103 0.0124 0.9999
vn -0.0000 -1.0000 0.0087
vn -0.0000 -1.0000 0.0064
vn 0.0010 0.7105 0.7037
vn 0.0010 0.7326 0.6807
vn -0.0000 0.7324 0.6809
vn -0.0000 0.7104 0.7038
vn -0.7147 0.6995 0.0041
vn -0.6926 0.7213 0.0040
vn -0.6940 0.7200 -0.0000
vn -0.7159 0.6982 -0.0000
vn 0.6937 -0.7203 -0.0000
vn 0.7157 -0.6985 -0.0000
vn 0.6936 -0.7203 -0.0000
vn -0.6940 -0.7200 -0.0000
vn -0.7159 -0.6982 -0.0000
vn -0.7157 -0.6984 -0.0000
vn -0.6938 -0.7202 -0.0000
vn 0.7159 0.6982 -0.0000
vn 0.6938 0.7202 -0.0000
vn 0.6924 0.7215 0.0040
vn 0.7147 0.6994 0.0042
vn -0.0000 -0.7324 0.6809
vn -0.0000 -0.7103 0.7039
vn -0.0000 -0.7104 0.7038
vn 0.6938 -0.7201 -0.0000
vn 0.7159 -0.6982 -0.0000
vn 0.7147 -0.6995 0.0042
vn 0.6924 -0.7215 0.0039
vn -0.0040 -0.7112 0.7030
vn -0.0038 -0.7334 0.6797
vn 0.0088 -1.0000 -0.0000
vn 0.0093 -1.0000 -0.0000
vn 0.0065 -1.0000 -0.0000
vn 0.0069 -1.0000 -0.0000
vn -0.6938 -0.7201 -0.0000
vn 0.0008 -1.0000 0.0072
vn 0.0013 -1.0000 0.0059
vn 0.0088 1.0000 -0.0000
vn 0.0069 1.0000 -0.0000
vn -0.6938 0.7201 -0.0000
vn -0.7157 0.6984 -0.0000
vn -0.0039 0.7334 0.6797
vn -0.0040 0.7112 0.7029
vn -0.9998 -0.0178 -0.0058
vn -0.9998 0.0187 -0.0058
vn 0.7157 0.6985 -0.0000
vn 0.6937 0.7203 -0.0000
vn -0.6926 -0.7213 0.0040
vn -0.7147 -0.6994 0.0042
vn 0.0010 -0.7326 0.6806
vn 0.0010 -0.7106 0.7036
vn 1.0000 0.0015 -0.0093
vn 1.0000 0.0016 -0.0092
vn 0.3408 0.9401 -0.0044
vn 0.3404 0.9403 -0.0044
vn -0.9999 -0.0118 -0.0057
vn -0.9999 0.0107 -0.0057
vn 0.0011 -0.0105 -0.9999
vn -0.0000 -0.0107 -0.9999
vn -0.0000 0.0104 -0.9999
vn 0.0013 0.0105 -0.9999
vn 1.0000 0.0015 0.0094
vn 1.0000 0.0017 0.0092
vn 1.0000 -0.0025 -0.0000
vn -0.0081 0.0016 -1.0000
vn -0.0082 0.0019 -1.0000
vn -0.0000 0.0019 -1.0000
vn -0.0000 0.0015 -1.0000
vn 0.0131 0.9997 -0.0195
vn 0.0123 0.9998 -0.0159
vn 0.0267 0.9996 0.0006
vn 0.0078 -0.9459 0.3244
vn 0.0074 -0.9451 0.3266
vn -0.0324 -0.9423 0.3332
vn -0.0273 -0.9424 0.3333
vn -0.0000 -0.1726 -0.9850
vn -0.0000 -0.5066 -0.8622
vn 0.0071 -0.5066 -0.8621
vn 0.0071 -0.1727 -0.9849
vn -0.9999 -0.0111 0.0041
vn -0.9999 -0.0158 -0.0037
vn -1.0000 -0.0014 -0.0083
vn 1.0000 -0.0015 -0.0082
vn 0.9999 -0.0155 -0.0036
vn 0.9999 -0.0110 0.0040
vn -0.0137 -0.9998 -0.0174
vn -0.0128 -0.9998 -0.0169
vn -0.0265 -0.9996 0.0006
vn -0.0137 0.9998 -0.0174
vn -0.0128 0.9998 -0.0169
vn -0.0000 0.9996 -0.0294
vn -0.0000 0.9619 0.2733
vn -0.0507 0.9607 0.2730
vn -0.0056 0.9641 0.2655
vn -0.0112 0.9660 0.2582
vn -0.0000 0.9661 0.2583
vn 0.9998 0.0102 0.0142
vn 0.9998 -0.0103 0.0142
vn 0.9997 -0.0102 0.0243
vn 0.9997 0.0101 0.0242
vn -0.0266 0.9996 0.0006
vn 0.0012 -0.0201 0.9998
vn 0.0012 0.0168 0.9999
vn -0.9997 -0.0102 0.0243
vn -0.9997 0.0102 0.0242
vn -0.0082 0.0118 -0.9999
vn -0.0082 -0.0119 -0.9999
vn -0.0000 -0.0118 -0.9999
vn -0.0000 0.0117 -0.9999
vn -0.0000 0.8554 -0.5180
vn -0.0000 0.8554 -0.5179
vn -0.0000 0.8554 -0.5181
vn 0.0266 -0.9996 0.0006
vn 0.9999 -0.0156 0.0036
vn -0.9998 -0.0104 0.0142
vn -0.9998 0.0102 0.0142
vn -0.0434 -0.9461 0.3210
vn -0.0371 -0.9463 0.3210
vn 0.0001 0.0657 -0.9978
vn 0.0001 0.0599 -0.9982
vn -0.0000 0.0600 -0.9982
vn -0.0000 0.0657 -0.9978
vn 0.0131 -0.9997 -0.0195
vn 0.0122 -0.9998 -0.0159
vn -0.0000 -0.9996 -0.0293
vn -0.0000 -0.9996 -0.0295
vn -1.0000 0.0017 -0.0093
vn -1.0000 0.0015 -0.0094
vn -0.3403 0.9403 -0.0045
vn -0.3408 0.9401 -0.0044
vn -0.0000 -0.0201 -0.9998
vn -0.0000 0.0171 -0.9999
vn -0.0000 0.0170 -0.9999
vn 0.9999 -0.0122 -0.0058
vn 0.9999 0.0106 -0.0057
vn -0.9999 0.0107 -0.0059
vn -1.0000 0.0011 0.0017
vn -0.9999 0.0116 -0.0020
vn 0.9999 0.0115 -0.0020
vn 1.0000 0.0010 0.0018
vn 0.9999 0.0105 -0.0059
vn -0.0000 -0.0066 -1.0000
vn -0.0000 -0.0065 -1.0000
vn -0.0000 -0.9996 -0.0294
vn -0.0000 0.9996 -0.0293
vn -0.0000 0.9996 -0.0295
vn -0.0000 -0.0108 -0.9999
vn -0.0000 -0.9497 0.3133
vn -0.0000 -0.9483 0.3175
vn -0.0000 -0.9497 0.3132
vn 0.0001 -0.0118 -0.9999
vn 0.0083 -0.0118 -0.9999
vn 0.0085 0.0118 -0.9999
vn -0.0052 -0.0107 -0.9999
vn -0.0054 0.0105 -0.9999
vn 0.0001 0.0016 -1.0000
vn 0.0071 0.0019 -1.0000
vn 0.0070 0.0016 -1.0000
vn 0.0013 0.8569 -0.5155
vn 0.0012 0.8557 -0.5174
vn 0.0068 -0.0066 -1.0000
vn -0.0079 -0.0066 -0.9999
vn -0.0082 -0.1726 -0.9850
vn -0.9999 -0.0117 0.0039
vn -0.0001 0.5012 0.8653
vn -0.0001 0.5263 0.8503
vn 0.0001 0.5264 0.8503
vn 0.0001 0.5012 0.8653
vn 0.0417 -0.9424 0.3318
vn 0.0365 -0.9426 0.3319
vn 0.0001 0.5264 -0.8502
vn -0.0002 0.5263 -0.8503
vn -1.0000 -0.0052 -0.0083
vn 0.0001 0.9410 -0.3384
vn -0.0000 0.9396 -0.3422
vn -0.0001 0.9397 -0.3421
vn -0.0001 0.9410 -0.3384
vn -0.0081 -0.5066 -0.8621
vn 1.0000 -0.0052 -0.0082
vn -0.0001 0.5072 0.8618
vn -0.0000 0.5071 0.8619
vn 0.9998 0.0198 -0.0047
vn 0.5673 0.7756 -0.2767
vn 0.5573 0.7821 -0.2789
vn 0.5531 0.7878 -0.2710
vn 0.5628 0.7817 -0.2689
vn -0.0041 0.9444 -0.3287
vn -0.0040 0.9459 -0.3245
vn 0.0004 0.9489 -0.3155
vn -0.0000 0.9444 -0.3288
vn -0.0329 -0.9568 0.2889
vn -0.0270 -0.9571 0.2886
vn -0.5583 0.7849 -0.2688
vn -0.5683 0.7784 -0.2666
vn 0.5672 0.7756 0.2768
vn 0.5572 0.7821 0.2789
vn -0.0270 -0.9571 -0.2887
vn -0.0329 -0.9568 -0.2890
vn -0.0070 -0.9456 0.3253
vn -0.0068 -0.9456 0.3253
vn -0.0056 0.9646 -0.2637
vn -0.9998 0.0195 -0.0066
vn 0.0019 -0.9999 -0.0103
vn 0.0010 -1.0000 -0.0091
vn -0.0000 -0.9999 -0.0111
vn -0.0000 -0.9999 -0.0112
vn 0.0014 0.9444 -0.3288
vn -0.0004 0.9489 -0.3155
vn 0.0035 0.9463 -0.3234
vn 0.0035 0.9444 -0.3287
vn 0.0035 0.9444 0.3287
vn -0.0041 0.9444 0.3287
vn -0.0048 0.5318 -0.8468
vn -0.0047 0.5450 -0.8384
vn -0.0000 0.5428 -0.8399
vn -0.0000 0.5295 -0.8483
vn -0.0509 0.9616 -0.2698
vn -0.5581 0.7817 -0.2783
vn -0.5683 0.7750 -0.2763
vn -0.0000 0.5428 -0.8398
vn 0.0051 0.5465 -0.8375
vn 0.0052 0.5335 -0.8458
vn -0.9998 0.0195 -0.0045
vn -0.0037 0.8579 -0.5137
vn -0.0037 0.8583 -0.5132
vn 0.3408 0.9401 0.0044
vn 0.3404 0.9403 0.0044
vn 0.0012 -0.0201 -0.9998
vn 0.0011 0.0168 -0.9999
vn -0.0000 0.9999 -0.0111
vn -0.0000 0.9999 -0.0112
vn -0.0031 1.0000 -0.0040
vn -0.0063 1.0000 -0.0077
vn -0.0000 -1.0000 -0.0057
vn 0.0011 -1.0000 -0.0057
vn -0.0047 -1.0000 -0.0058
vn 0.9998 -0.0178 -0.0056
vn 0.9998 0.0193 -0.0058
vn -0.0052 -0.0200 -0.9998
vn -0.0052 0.0169 -0.9998
vn 0.9998 0.0135 -0.0111
vn 0.9998 -0.0141 -0.0111
vn 0.9999 -0.0137 0.0001
vn -0.0000 0.0137 -0.9999
vn -0.0104 0.0139 -0.9999
vn -0.0104 -0.0124 -0.9999
vn 0.0002 -0.0122 -0.9999
vn -0.0003 0.0137 -0.9999
vn -0.0003 -0.0122 -0.9999
vn -0.0038 0.0121 -0.9999
vn -0.0003 0.0122 -0.9999
vn -0.0003 -0.0137 -0.9999
vn -0.0038 -0.0136 -0.9999
vn 0.9999 0.0132 0.0001
vn -0.0039 0.0137 -0.9999
vn -0.0038 -0.0121 -0.9999
vn -0.9999 -0.0133 0.0001
vn -0.9999 0.0130 -0.0000
vn -0.9998 0.0132 -0.0117
vn -0.9998 -0.0137 -0.0116
vn -0.0063 -1.0000 -0.0077
vn -0.0031 -1.0000 -0.0040
vn 0.0019 0.9999 -0.0103
vn 0.0010 1.0000 -0.0091
vn -0.9998 0.0137 -0.0116
vn -0.9998 -0.0131 -0.0117
vn -0.0068 1.0000 -0.0000
vn -0.0000 1.0000 -0.0087
vn -0.0000 1.0000 -0.0064
vn 0.0008 1.0000 -0.0072
vn 0.0013 1.0000 -0.0059
vn -0.0041 -1.0000 -0.0047
vn -0.0026 -1.0000 -0.0032
vn 0.9998 0.0141 -0.0111
vn 0.9998 -0.0134 -0.0111
vn -0.0041 1.0000 -0.0046
vn -0.0026 1.0000 -0.0032
vn -0.0000 0.0122 -0.9999
vn -0.0104 0.0124 -0.9999
vn -0.0104 -0.0139 -0.9998
vn 0.0001 -0.0137 -0.9999
vn -0.0000 -1.0000 -0.0064
vn -0.0000 -1.0000 -0.0087
vn 0.0010 0.7106 -0.7036
vn -0.0000 0.7103 -0.7039
vn -0.0000 0.7324 -0.6809
vn 0.0010 0.7326 -0.6806
vn -0.7147 0.6994 -0.0041
vn -0.6926 0.7213 -0.0040
vn -0.6939 0.7201 -0.0000
vn 0.6937 0.7202 -0.0000
vn -0.0000 -0.7324 -0.6809
vn -0.0000 -0.7104 -0.7038
vn 0.6924 -0.7215 -0.0039
vn 0.7147 -0.6994 -0.0041
vn -0.0039 -0.7334 -0.6797
vn -0.0040 -0.7113 -0.7029
vn 0.7147 0.6995 -0.0042
vn 0.6924 0.7215 -0.0040
vn 0.6938 0.7201 -0.0000
vn -0.0005 -1.0000 -0.0064
vn 0.0008 -1.0000 -0.0072
vn 0.0013 -1.0000 -0.0059
vn -0.0000 0.7104 -0.7038
vn -0.0040 0.7112 -0.7029
vn -0.0039 0.7334 -0.6797
vn -0.6926 -0.7213 -0.0040
vn -0.7147 -0.6994 -0.0041
vn 0.0010 -0.7326 -0.6807
vn 0.0010 -0.7106 -0.7036
vn -0.9998 -0.0178 0.0057
vn -0.9998 0.0188 0.0058
vn 0.0001 0.9619 0.2732
vt 0.942869 0.735017
vt 0.964505 0.734679
vt 0.928447 0.734392
vt 0.986140 0.733966
vt 0.950081 0.735105
vt 0.935658 0.734744
vt 0.971716 0.734327
vt 0.921235 0.734095
vt 0.993352 0.734095
vt 0.957294 0.734976
vt 0.978928 0.734055
vt 0.956406 0.664410
vt 0.941698 0.540186
vt 0.971554 0.627544
vt 0.965646 0.646927
vt 0.954750 0.553264
vt 0.964429 0.569366
vt 0.970535 0.587657
vt 0.926193 0.691705
vt 0.924634 0.528661
vt 0.972868 0.607296
vt 0.943625 0.679276
vt 0.928447 0.737031
vt 0.957294 0.737615
vt 0.921235 0.736734
vt 0.993352 0.736734
vt 0.964505 0.737318
vt 0.971716 0.736966
vt 0.978928 0.736694
vt 0.942869 0.737656
vt 0.950081 0.737744
vt 0.986140 0.736605
vt 0.935658 0.737383
vt 0.942869 0.735017
vt 0.964505 0.734679
vt 0.928447 0.734392
vt 0.986140 0.733966
vt 0.950081 0.735105
vt 0.935658 0.734744
vt 0.971716 0.734327
vt 0.921235 0.734095
vt 0.993352 0.734095
vt 0.957294 0.734976
vt 0.978928 0.734055
vt 0.956406 0.664410
vt 0.941698 0.540186
vt 0.971554 0.627544
vt 0.965646 0.646927
vt 0.954750 0.553264
vt 0.964429 0.569366
vt 0.970535 0.587657
vt 0.926193 0.691705
vt 0.924634 0.528661
vt 0.972868 0.607296
vt 0.943625 0.679276
vt 0.928447 0.737031
vt 0.957294 0.737615
vt 0.921235 0.736734
vt 0.993352 0.736734
vt 0.964505 0.737318
vt 0.971716 0.736966
vt 0.978928 0.736694
vt 0.942869 0.737656
vt 0.950081 0.737744
vt 0.986140 0.736605
vt 0.935658 0.737383
vt 0.935658 0.941082
vt 0.944087 0.654444
vt 0.944348 0.654655
vt 0.951448 0.640451
vt 0.942869 0.941355
vt 0.951137 0.640316
vt 0.933260 0.553702
vt 0.986140 0.940304
vt 0.933080 0.553992
vt 0.978928 0.940393
vt 0.943129 0.564439
vt 0.943374 0.564206
vt 0.971716 0.940665
vt 0.950705 0.577400
vt 0.950997 0.577236
vt 0.964505 0.941017
vt 0.955435 0.592147
vt 0.955756 0.592059
vt 0.921876 0.674249
vt 0.920237 0.547095
vt 0.993352 0.940433
vt 0.921235 0.940433
vt 0.921784 0.673875
vt 0.920145 0.547491
vt 0.957294 0.941315
vt 0.956989 0.608000
vt 0.957326 0.607991
vt 0.934463 0.666400
vt 0.928447 0.940730
vt 0.934261 0.666126
vt 0.955456 0.624431
vt 0.950081 0.941443
vt 0.955106 0.624365
vt 0.991360 0.607068
vt 0.988822 0.583108
vt 0.972143 0.675677
vt 0.957267 0.694641
vt 0.969840 0.540169
vt 0.954240 0.523041
vt 0.938903 0.710814
vt 0.936306 0.509614
vt 0.982902 0.654081
vt 0.989155 0.630939
vt 0.981528 0.560437
vt 0.944348 0.654655
vt 0.935658 0.941540
vt 0.935658 0.941082
vt 0.942869 0.941355
vt 0.951448 0.640451
vt 0.942869 0.941813
vt 0.986140 0.940304
vt 0.933260 0.553702
vt 0.986140 0.940762
vt 0.943374 0.564206
vt 0.978928 0.940851
vt 0.978928 0.940393
vt 0.950997 0.577236
vt 0.971716 0.941123
vt 0.971716 0.940665
vt 0.955756 0.592059
vt 0.964505 0.941475
vt 0.964505 0.941017
vt 0.921235 0.940433
vt 0.993352 0.940433
vt 0.921876 0.674249
vt 0.920237 0.547095
vt 0.921235 0.940891
vt 0.993352 0.940891
vt 0.957326 0.607991
vt 0.957294 0.941773
vt 0.957294 0.941315
vt 0.928447 0.940730
vt 0.934463 0.666400
vt 0.928447 0.941188
vt 0.950081 0.941443
vt 0.955456 0.624431
vt 0.950081 0.941901
vt 0.991360 0.607068
vt 0.991660 0.606940
vt 0.991662 0.607187
vt 0.989145 0.583154
vt 0.989094 0.582914
vt 0.988822 0.583108
vt 0.972332 0.675966
vt 0.972465 0.675757
vt 0.972143 0.675677
vt 0.957267 0.694641
vt 0.957573 0.694804
vt 0.957402 0.694985
vt 0.969840 0.540169
vt 0.970015 0.539859
vt 0.970155 0.540052
vt 0.954533 0.522839
vt 0.954361 0.522682
vt 0.954240 0.523041
vt 0.936596 0.509361
vt 0.939212 0.711054
vt 0.936306 0.509614
vt 0.938903 0.710814
vt 0.982902 0.654081
vt 0.983226 0.654083
vt 0.983138 0.654314
vt 0.989421 0.631115
vt 0.989464 0.630873
vt 0.989155 0.630939
vt 0.981855 0.560402
vt 0.981757 0.560182
vt 0.981528 0.560437
vt 0.942869 0.735017
vt 0.964505 0.734679
vt 0.928447 0.734392
vt 0.986140 0.733966
vt 0.950081 0.735105
vt 0.935658 0.734744
vt 0.971716 0.734327
vt 0.921235 0.734095
vt 0.993352 0.734095
vt 0.957294 0.734976
vt 0.978928 0.734055
vt 0.956406 0.664410
vt 0.941698 0.540186
vt 0.971554 0.627544
vt 0.965646 0.646927
vt 0.954750 0.553264
vt 0.964429 0.569366
vt 0.970535 0.587657
vt 0.926193 0.691705
vt 0.924634 0.528661
vt 0.972868 0.607296
vt 0.943625 0.679276
vt 0.928447 0.737031
vt 0.957294 0.737615
vt 0.921235 0.736734
vt 0.993352 0.736734
vt 0.964505 0.737318
vt 0.971716 0.736966
vt 0.978928 0.736694
vt 0.942869 0.737656
vt 0.950081 0.737744
vt 0.986140 0.736605
vt 0.935658 0.737383
vt 0.942869 0.735017
vt 0.964505 0.734679
vt 0.928447 0.734392
vt 0.986140 0.733966
vt 0.950081 0.735105
vt 0.935658 0.734744
vt 0.971716 0.734327
vt 0.921235 0.734095
vt 0.993352 0.734095
vt 0.957294 0.734976
vt 0.978928 0.734055
vt 0.956406 0.664410
vt 0.941698 0.540186
vt 0.971554 0.627544
vt 0.965646 0.646927
vt 0.954750 0.553264
vt 0.964429 0.569366
vt 0.970535 0.587657
vt 0.926193 0.691705
vt 0.924634 0.528661
vt 0.972868 0.607296
vt 0.943625 0.679276
vt 0.928447 0.737031
vt 0.957294 0.737615
vt 0.921235 0.736734
vt 0.993352 0.736734
vt 0.964505 0.737318
vt 0.971716 0.736966
vt 0.978928 0.736694
vt 0.942869 0.737656
vt 0.950081 0.737744
vt 0.986140 0.736605
vt 0.935658 0.737383
vt 0.935658 0.941082
vt 0.944087 0.654444
vt 0.944348 0.654655
vt 0.951448 0.640451
vt 0.942869 0.941355
vt 0.951137 0.640316
vt 0.933260 0.553702
vt 0.986140 0.940304
vt 0.933080 0.553992
vt 0.978928 0.940393
vt 0.943129 0.564439
vt 0.943374 0.564206
vt 0.971716 0.940665
vt 0.950705 0.577400
vt 0.950997 0.577236
vt 0.964505 0.941017
vt 0.955435 0.592147
vt 0.955756 0.592059
vt 0.921876 0.674249
vt 0.920237 0.547095
vt 0.993352 0.940433
vt 0.921235 0.940433
vt 0.921784 0.673875
vt 0.920145 0.547491
vt 0.957294 0.941315
vt 0.956989 0.608000
vt 0.957326 0.607991
vt 0.934463 0.666400
vt 0.928447 0.940730
vt 0.934261 0.666126
vt 0.955456 0.624431
vt 0.950081 0.941443
vt 0.955106 0.624365
vt 0.991360 0.607068
vt 0.988822 0.583108
vt 0.972143 0.675677
vt 0.957267 0.694641
vt 0.969840 0.540169
vt 0.954240 0.523041
vt 0.938903 0.710814
vt 0.936306 0.509614
vt 0.982902 0.654081
vt 0.989155 0.630939
vt 0.981528 0.560437
vt 0.944348 0.654655
vt 0.935658 0.941540
vt 0.935658 0.941082
vt 0.942869 0.941355
vt 0.951448 0.640451
vt 0.942869 0.941813
vt 0.986140 0.940304
vt 0.933260 0.553702
vt 0.986140 0.940762
vt 0.943374 0.564206
vt 0.978928 0.940851
vt 0.978928 0.940393
vt 0.950997 0.577236
vt 0.971716 0.941123
vt 0.971716 0.940665
vt 0.955756 0.592059
vt 0.964505 0.941475
vt 0.964505 0.941017
vt 0.921235 0.940433
vt 0.993352 0.940433
vt 0.921876 0.674249
vt 0.920237 0.547095
vt 0.921235 0.940891
vt 0.993352 0.940891
vt 0.957326 0.607991
vt 0.957294 0.941773
vt 0.957294 0.941315
vt 0.928447 0.940730
vt 0.934463 0.666400
vt 0.928447 0.941188
vt 0.950081 0.941443
vt 0.955456 0.624431
vt 0.950081 0.941901
vt 0.991360 0.607068
vt 0.991660 0.606940
vt 0.991662 0.607187
vt 0.989145 0.583154
vt 0.989094 0.582914
vt 0.988822 0.583108
vt 0.972332 0.675966
vt 0.972465 0.675757
vt 0.972143 0.675677
vt 0.957267 0.694641
vt 0.957573 0.694804
vt 0.957402 0.694985
vt 0.969840 0.540169
vt 0.970015 0.539859
vt 0.970155 0.540052
vt 0.954533 0.522839
vt 0.954361 0.522682
vt 0.954240 0.523041
vt 0.936596 0.509361
vt 0.939212 0.711054
vt 0.936306 0.509614
vt 0.938903 0.710814
vt 0.982902 0.654081
vt 0.983226 0.654083
vt 0.983138 0.654314
vt 0.989421 0.631115
vt 0.989464 0.630873
vt 0.989155 0.630939
vt 0.981855 0.560402
vt 0.981757 0.560182
vt 0.981528 0.560437
vt 0.942869 0.735017
vt 0.964505 0.734679
vt 0.928447 0.734392
vt 0.986140 0.733966
vt 0.950081 0.735105
vt 0.935658 0.734744
vt 0.971716 0.734327
vt 0.921235 0.734095
vt 0.993352 0.734095
vt 0.957294 0.734976
vt 0.978928 0.734055
vt 0.956406 0.664410
vt 0.941698 0.540186
vt 0.971554 0.627544
vt 0.965646 0.646927
vt 0.954750 0.553264
vt 0.964429 0.569366
vt 0.970535 0.587657
vt 0.926193 0.691705
vt 0.924634 0.528661
vt 0.972868 0.607296
vt 0.943625 0.679276
vt 0.928447 0.737031
vt 0.957294 0.737615
vt 0.921235 0.736734
vt 0.993352 0.736734
vt 0.964505 0.737318
vt 0.971716 0.736966
vt 0.978928 0.736694
vt 0.942869 0.737656
vt 0.950081 0.737744
vt 0.986140 0.736605
vt 0.935658 0.737383
vt 0.942869 0.735017
vt 0.964505 0.734679
vt 0.928447 0.734392
vt 0.986140 0.733966
vt 0.950081 0.735105
vt 0.935658 0.734744
vt 0.971716 0.734327
vt 0.921235 0.734095
vt 0.993352 0.734095
vt 0.957294 0.734976
vt 0.978928 0.734055
vt 0.956406 0.664410
vt 0.941698 0.540186
vt 0.971554 0.627544
vt 0.965646 0.646927
vt 0.954750 0.553264
vt 0.964429 0.569366
vt 0.970535 0.587657
vt 0.926193 0.691705
vt 0.924634 0.528661
vt 0.972868 0.607296
vt 0.943625 0.679276
vt 0.928447 0.737031
vt 0.957294 0.737615
vt 0.921235 0.736734
vt 0.993352 0.736734
vt 0.964505 0.737318
vt 0.971716 0.736966
vt 0.978928 0.736694
vt 0.942869 0.737656
vt 0.950081 0.737744
vt 0.986140 0.736605
vt 0.935658 0.737383
vt 0.935658 0.941082
vt 0.944087 0.654444
vt 0.944348 0.654655
vt 0.951448 0.640451
vt 0.942869 0.941355
vt 0.951137 0.640316
vt 0.933260 0.553702
vt 0.986140 0.940304
vt 0.933080 0.553992
vt 0.978928 0.940393
vt 0.943129 0.564439
vt 0.943374 0.564206
vt 0.971716 0.940665
vt 0.950705 0.577400
vt 0.950997 0.577236
vt 0.964505 0.941017
vt 0.955435 0.592147
vt 0.955756 0.592059
vt 0.921876 0.674249
vt 0.920237 0.547095
vt 0.993352 0.940433
vt 0.921235 0.940433
vt 0.921784 0.673875
vt 0.920145 0.547491
vt 0.957294 0.941315
vt 0.956989 0.608000
vt 0.957326 0.607991
vt 0.934463 0.666400
vt 0.928447 0.940730
vt 0.934261 0.666126
vt 0.955456 0.624431
vt 0.950081 0.941443
vt 0.955106 0.624365
vt 0.991360 0.607068
vt 0.988822 0.583108
vt 0.972143 0.675677
vt 0.957267 0.694641
vt 0.969840 0.540169
vt 0.954240 0.523041
vt 0.938903 0.710814
vt 0.936306 0.509614
vt 0.982902 0.654081
vt 0.989155 0.630939
vt 0.981528 0.560437
vt 0.944348 0.654655
vt 0.935658 0.941540
vt 0.935658 0.941082
vt 0.942869 0.941355
vt 0.951448 0.640451
vt 0.942869 0.941813
vt 0.986140 0.940304
vt 0.933260 0.553702
vt 0.986140 0.940762
vt 0.943374 0.564206
vt 0.978928 0.940851
vt 0.978928 0.940393
vt 0.950997 0.577236
vt 0.971716 0.941123
vt 0.971716 0.940665
vt 0.955756 0.592059
vt 0.964505 0.941475
vt 0.964505 0.941017
vt 0.921235 0.940433
vt 0.993352 0.940433
vt 0.921876 0.674249
vt 0.920237 0.547095
vt 0.921235 0.940891
vt 0.993352 0.940891
vt 0.957326 0.607991
vt 0.957294 0.941773
vt 0.957294 0.941315
vt 0.928447 0.940730
vt 0.934463 0.666400
vt 0.928447 0.941188
vt 0.950081 0.941443
vt 0.955456 0.624431
vt 0.950081 0.941901
vt 0.991360 0.607068
vt 0.991660 0.606940
vt 0.991662 0.607187
vt 0.989145 0.583154
vt 0.989094 0.582914
vt 0.988822 0.583108
vt 0.972332 0.675966
vt 0.972465 0.675757
vt 0.972143 0.675677
vt 0.957267 0.694641
vt 0.957573 0.694804
vt 0.957402 0.694985
vt 0.969840 0.540169
vt 0.970015 0.539859
vt 0.970155 0.540052
vt 0.954533 0.522839
vt 0.954361 0.522682
vt 0.954240 0.523041
vt 0.936596 0.509361
vt 0.939212 0.711054
vt 0.936306 0.509614
vt 0.938903 0.710814
vt 0.982902 0.654081
vt 0.983226 0.654083
vt 0.983138 0.654314
vt 0.989421 0.631115
vt 0.989464 0.630873
vt 0.989155 0.630939
vt 0.981855 0.560402
vt 0.981757 0.560182
vt 0.981528 0.560437
vt 0.942869 0.735017
vt 0.964505 0.734679
vt 0.928447 0.734392
vt 0.986140 0.733966
vt 0.950081 0.735105
vt 0.935658 0.734744
vt 0.971716 0.734327
vt 0.921235 0.734095
vt 0.993352 0.734095
vt 0.957294 0.734976
vt 0.978928 0.734055
vt 0.956406 0.664410
vt 0.941698 0.540186
vt 0.971554 0.627544
vt 0.965646 0.646927
vt 0.954750 0.553264
vt 0.964429 0.569366
vt 0.970535 0.587657
vt 0.926193 0.691705
vt 0.924634 0.528661
vt 0.972868 0.607296
vt 0.943625 0.679276
vt 0.928447 0.737031
vt 0.957294 0.737615
vt 0.921235 0.736734
vt 0.993352 0.736734
vt 0.964505 0.737318
vt 0.971716 0.736966
vt 0.978928 0.736694
vt 0.942869 0.737656
vt 0.950081 0.737744
vt 0.986140 0.736605
vt 0.935658 0.737383
vt 0.942869 0.735017
vt 0.964505 0.734679
vt 0.928447 0.734392
vt 0.986140 0.733966
vt 0.950081 0.735105
vt 0.935658 0.734744
vt 0.971716 0.734327
vt 0.921235 0.734095
vt 0.993352 0.734095
vt 0.957294 0.734976
vt 0.978928 0.734055
vt 0.956406 0.664410
vt 0.941698 0.540186
vt 0.971554 0.627544
vt 0.965646 0.646927
vt 0.954750 0.553264
vt 0.964429 0.569366
vt 0.970535 0.587657
vt 0.926193 0.691705
vt 0.924634 0.528661
vt 0.972868 0.607296
vt 0.943625 0.679276
vt 0.928447 0.737031
vt 0.957294 0.737615
vt 0.921235 0.736734
vt 0.993352 0.736734
vt 0.964505 0.737318
vt 0.971716 0.736966
vt 0.978928 0.736694
vt 0.942869 0.737656
vt 0.950081 0.737744
vt 0.986140 0.736605
vt 0.935658 0.737383
vt 0.935658 0.941082
vt 0.944087 0.654444
vt 0.944348 0.654655
vt 0.951448 0.640451
vt 0.942869 0.941355
vt 0.951137 0.640316
vt 0.933260 0.553702
vt 0.986140 0.940304
vt 0.933080 0.553992
vt 0.978928 0.940393
vt 0.943129 0.564439
vt 0.943374 0.564206
vt 0.971716 0.940665
vt 0.950705 0.577400
vt 0.950997 0.577236
vt 0.964505 0.941017
vt 0.955435 0.592147
vt 0.955756 0.592059
vt 0.921876 0.674249
vt 0.920237 0.547095
vt 0.993352 0.940433
vt 0.921235 0.940433
vt 0.921784 0.673875
vt 0.920145 0.547491
vt 0.957294 0.941315
vt 0.956989 0.608000
vt 0.957326 0.607991
vt 0.934463 0.666400
vt 0.928447 0.940730
vt 0.934261 0.666126
vt 0.955456 0.624431
vt 0.950081 0.941443
vt 0.955106 0.624365
vt 0.991360 0.607068
vt 0.988822 0.583108
vt 0.972143 0.675677
vt 0.957267 0.694641
vt 0.969840 0.540169
vt 0.954240 0.523041
vt 0.938903 0.710814
vt 0.936306 0.509614
vt 0.982902 0.654081
vt 0.989155 0.630939
vt 0.981528 0.560437
vt 0.944348 0.654655
vt 0.935658 0.941540
vt 0.935658 0.941082
vt 0.942869 0.941355
vt 0.951448 0.640451
vt 0.942869 0.941813
vt 0.986140 0.940304
vt 0.933260 0.553702
vt 0.986140 0.940762
vt 0.943374 0.564206
vt 0.978928 0.940851
vt 0.978928 0.940393
vt 0.950997 0.577236
vt 0.971716 0.941123
vt 0.971716 0.940665
vt 0.955756 0.592059
vt 0.964505 0.941475
vt 0.964505 0.941017
vt 0.921235 0.940433
vt 0.993352 0.940433
vt 0.921876 0.674249
vt 0.920237 0.547095
vt 0.921235 0.940891
vt 0.993352 0.940891
vt 0.957326 0.607991
vt 0.957294 0.941773
vt 0.957294 0.941315
vt 0.928447 0.940730
vt 0.934463 0.666400
vt 0.928447 0.941188
vt 0.950081 0.941443
vt 0.955456 0.624431
vt 0.950081 0.941901
vt 0.991360 0.607068
vt 0.991660 0.606940
vt 0.991662 0.607187
vt 0.989145 0.583154
vt 0.989094 0.582914
vt 0.988822 0.583108
vt 0.972332 0.675966
vt 0.972465 0.675757
vt 0.972143 0.675677
vt 0.957267 0.694641
vt 0.957573 0.694804
vt 0.957402 0.694985
vt 0.969840 0.540169
vt 0.970015 0.539859
vt 0.970155 0.540052
vt 0.954533 0.522839
vt 0.954361 0.522682
vt 0.954240 0.523041
vt 0.936596 0.509361
vt 0.939212 0.711054
vt 0.936306 0.509614
vt 0.938903 0.710814
vt 0.982902 0.654081
vt 0.983226 0.654083
vt 0.983138 0.654314
vt 0.989421 0.631115
vt 0.989464 0.630873
vt 0.989155 0.630939
vt 0.981855 0.560402
vt 0.981757 0.560182
vt 0.981528 0.560437
vt 0.942869 0.735017
vt 0.964505 0.734679
vt 0.928447 0.734392
vt 0.986140 0.733966
vt 0.950081 0.735105
vt 0.935658 0.734744
vt 0.971716 0.734327
vt 0.921235 0.734095
vt 0.993352 0.734095
vt 0.957294 0.734976
vt 0.978928 0.734055
vt 0.956406 0.664410
vt 0.941698 0.540186
vt 0.971554 0.627544
vt 0.965646 0.646927
vt 0.954750 0.553264
vt 0.964429 0.569366
vt 0.970535 0.587657
vt 0.926193 0.691705
vt 0.924634 0.528661
vt 0.972868 0.607296
vt 0.943625 0.679276
vt 0.928447 0.737031
vt 0.957294 0.737615
vt 0.921235 0.736734
vt 0.993352 0.736734
vt 0.964505 0.737318
vt 0.971716 0.736966
vt 0.978928 0.736694
vt 0.942869 0.737656
vt 0.950081 0.737744
vt 0.986140 0.736605
vt 0.935658 0.737383
vt 0.942869 0.735017
vt 0.964505 0.734679
vt 0.928447 0.734392
vt 0.986140 0.733966
vt 0.950081 0.735105
vt 0.935658 0.734744
vt 0.971716 0.734327
vt 0.921235 0.734095
vt 0.993352 0.734095
vt 0.957294 0.734976
vt 0.978928 0.734055
vt 0.956406 0.664410
vt 0.941698 0.540186
vt 0.971554 0.627544
vt 0.965646 0.646927
vt 0.954750 0.553264
vt 0.964429 0.569366
vt 0.970535 0.587657
vt 0.926193 0.691705
vt 0.924634 0.528661
vt 0.972868 0.607296
vt 0.943625 0.679276
vt 0.928447 0.737031
vt 0.957294 0.737615
vt 0.921235 0.736734
vt 0.993352 0.736734
vt 0.964505 0.737318
vt 0.971716 0.736966
vt 0.978928 0.736694
vt 0.942869 0.737656
vt 0.950081 0.737744
vt 0.986140 0.736605
vt 0.935658 0.737383
vt 0.935658 0.941082
vt 0.944087 0.654444
vt 0.944348 0.654655
vt 0.951448 0.640451
vt 0.942869 0.941355
vt 0.951137 0.640316
vt 0.933260 0.553702
vt 0.986140 0.940304
vt 0.933080 0.553992
vt 0.978928 0.940393
vt 0.943129 0.564439
vt 0.943374 0.564206
vt 0.971716 0.940665
vt 0.950705 0.577400
vt 0.950997 0.577236
vt 0.964505 0.941017
vt 0.955435 0.592147
vt 0.955756 0.592059
vt 0.921876 0.674249
vt 0.920237 0.547095
vt 0.993352 0.940433
vt 0.921235 0.940433
vt 0.921784 0.673875
vt 0.920145 0.547491
vt 0.957294 0.941315
vt 0.956989 0.608000
vt 0.957326 0.607991
vt 0.934463 0.666400
vt 0.928447 0.940730
vt 0.934261 0.666126
vt 0.955456 0.624431
vt 0.950081 0.941443
vt 0.955106 0.624365
vt 0.991360 0.607068
vt 0.988822 0.583108
vt 0.972143 0.675677
vt 0.957267 0.694641
vt 0.969840 0.540169
vt 0.954240 0.523041
vt 0.938903 0.710814
vt 0.936306 0.509614
vt 0.982902 0.654081
vt 0.989155 0.630939
vt 0.981528 0.560437
vt 0.944348 0.654655
vt 0.935658 0.941540
vt 0.935658 0.941082
vt 0.942869 0.941355
vt 0.951448 0.640451
vt 0.942869 0.941813
vt 0.986140 0.940304
vt 0.933260 0.553702
vt 0.986140 0.940762
vt 0.943374 0.564206
vt 0.978928 0.940851
vt 0.978928 0.940393
vt 0.950997 0.577236
vt 0.971716 0.941123
vt 0.971716 0.940665
vt 0.955756 0.592059
vt 0.964505 0.941475
vt 0.964505 0.941017
vt 0.921235 0.940433
vt 0.993352 0.940433
vt 0.921876 0.674249
vt 0.920237 0.547095
vt 0.921235 0.940891
vt 0.993352 0.940891
vt 0.957326 0.607991
vt 0.957294 0.941773
vt 0.957294 0.941315
vt 0.928447 0.940730
vt 0.934463 0.666400
vt 0.928447 0.941188
vt 0.950081 0.941443
vt 0.955456 0.624431
vt 0.950081 0.941901
vt 0.991360 0.607068
vt 0.991660 0.606940
vt 0.991662 0.607187
vt 0.989145 0.583154
vt 0.989094 0.582914
vt 0.988822 0.583108
vt 0.972332 0.675966
vt 0.972465 0.675757
vt 0.972143 0.675677
vt 0.957267 0.694641
vt 0.957573 0.694804
vt 0.957402 0.694985
vt 0.969840 0.540169
vt 0.970015 0.539859
vt 0.970155 0.540052
vt 0.954533 0.522839
vt 0.954361 0.522682
vt 0.954240 0.523041
vt 0.936596 0.509361
vt 0.939212 0.711054
vt 0.936306 0.509614
vt 0.938903 0.710814
vt 0.982902 0.654081
vt 0.983226 0.654083
vt 0.983138 0.654314
vt 0.989421 0.631115
vt 0.989464 0.630873
vt 0.989155 0.630939
vt 0.981855 0.560402
vt 0.981757 0.560182
vt 0.981528 0.560437
vt 0.942869 0.735017
vt 0.964505 0.734679
vt 0.928447 0.734392
vt 0.986140 0.733966
vt 0.950081 0.735105
vt 0.935658 0.734744
vt 0.971716 0.734327
vt 0.921235 0.734095
vt 0.993352 0.734095
vt 0.957294 0.734976
vt 0.978928 0.734055
vt 0.956406 0.664410
vt 0.941698 0.540186
vt 0.971554 0.627544
vt 0.965646 0.646927
vt 0.954750 0.553264
vt 0.964429 0.569366
vt 0.970535 0.587657
vt 0.926193 0.691705
vt 0.924634 0.528661
vt 0.972868 0.607296
vt 0.943625 0.679276
vt 0.928447 0.737031
vt 0.957294 0.737615
vt 0.921235 0.736734
vt 0.993352 0.736734
vt 0.964505 0.737318
vt 0.971716 0.736966
vt 0.978928 0.736694
vt 0.942869 0.737656
vt 0.950081 0.737744
vt 0.986140 0.736605
vt 0.935658 0.737383
vt 0.942869 0.735017
vt 0.964505 0.734679
vt 0.928447 0.734392
vt 0.986140 0.733966
vt 0.950081 0.735105
vt 0.935658 0.734744
vt 0.971716 0.734327
vt 0.921235 0.734095
vt 0.993352 0.734095
vt 0.957294 0.734976
vt 0.978928 0.734055
vt 0.956406 0.664410
vt 0.941698 0.540186
vt 0.971554 0.627544
vt 0.965646 0.646927
vt 0.954750 0.553264
vt 0.964429 0.569366
vt 0.970535 0.587657
vt 0.926193 0.691705
vt 0.924634 0.528661
vt 0.972868 0.607296
vt 0.943625 0.679276
vt 0.928447 0.737031
vt 0.957294 0.737615
vt 0.921235 0.736734
vt 0.993352 0.736734
vt 0.964505 0.737318
vt 0.971716 0.736966
vt 0.978928 0.736694
vt 0.942869 0.737656
vt 0.950081 0.737744
vt 0.986140 0.736605
vt 0.935658 0.737383
vt 0.935658 0.941082
vt 0.944087 0.654444
vt 0.944348 0.654655
vt 0.951448 0.640451
vt 0.942869 0.941355
vt 0.951137 0.640316
vt 0.933260 0.553702
vt 0.986140 0.940304
vt 0.933080 0.553992
vt 0.978928 0.940393
vt 0.943129 0.564439
vt 0.943374 0.564206
vt 0.971716 0.940665
vt 0.950705 0.577400
vt 0.950997 0.577236
vt 0.964505 0.941017
vt 0.955435 0.592147
vt 0.955756 0.592059
vt 0.921876 0.674249
vt 0.920237 0.547095
vt 0.993352 0.940433
vt 0.921235 0.940433
vt 0.921784 0.673875
vt 0.920145 0.547491
vt 0.957294 0.941315
vt 0.956989 0.608000
vt 0.957326 0.607991
vt 0.934463 0.666400
vt 0.928447 0.940730
vt 0.934261 0.666126
vt 0.955456 0.624431
vt 0.950081 0.941443
vt 0.955106 0.624365
vt 0.991360 0.607068
vt 0.988822 0.583108
vt 0.972143 0.675677
vt 0.957267 0.694641
vt 0.969840 0.540169
vt 0.954240 0.523041
vt 0.938903 0.710814
vt 0.936306 0.509614
vt 0.982902 0.654081
vt 0.989155 0.630939
vt 0.981528 0.560437
vt 0.944348 0.654655
vt 0.935658 0.941540
vt 0.935658 0.941082
vt 0.942869 0.941355
vt 0.951448 0.640451
vt 0.942869 0.941813
vt 0.986140 0.940304
vt 0.933260 0.553702
vt 0.986140 0.940762
vt 0.943374 0.564206
vt 0.978928 0.940851
vt 0.978928 0.940393
vt 0.950997 0.577236
vt 0.971716 0.941123
vt 0.971716 0.940665
vt 0.955756 0.592059
vt 0.964505 0.941475
vt 0.964505 0.941017
vt 0.921235 0.940433
vt 0.993352 0.940433
vt 0.921876 0.674249
vt 0.920237 0.547095
vt 0.921235 0.940891
vt 0.993352 0.940891
vt 0.957326 0.607991
vt 0.957294 0.941773
vt 0.957294 0.941315
vt 0.928447 0.940730
vt 0.934463 0.666400
vt 0.928447 0.941188
vt 0.950081 0.941443
vt 0.955456 0.624431
vt 0.950081 0.941901
vt 0.991360 0.607068
vt 0.991660 0.606940
vt 0.991662 0.607187
vt 0.989145 0.583154
vt 0.989094 0.582914
vt 0.988822 0.583108
vt 0.972332 0.675966
vt 0.972465 0.675757
vt 0.972143 0.675677
vt 0.957267 0.694641
vt 0.957573 0.694804
vt 0.957402 0.694985
vt 0.969840 0.540169
vt 0.970015 0.539859
vt 0.970155 0.540052
vt 0.954533 0.522839
vt 0.954361 0.522682
vt 0.954240 0.523041
vt 0.936596 0.509361
vt 0.939212 0.711054
vt 0.936306 0.509614
vt 0.938903 0.710814
vt 0.982902 0.654081
vt 0.983226 0.654083
vt 0.983138 0.654314
vt 0.989421 0.631115
vt 0.989464 0.630873
vt 0.989155 0.630939
vt 0.981855 0.560402
vt 0.981757 0.560182
vt 0.981528 0.560437
vt 0.942869 0.735017
vt 0.964505 0.734679
vt 0.928447 0.734392
vt 0.986140 0.733966
vt 0.950081 0.735105
vt 0.935658 0.734744
vt 0.971716 0.734327
vt 0.921235 0.734095
vt 0.993352 0.734095
vt 0.957294 0.734976
vt 0.978928 0.734055
vt 0.956406 0.664410
vt 0.941698 0.540186
vt 0.971554 0.627544
vt 0.965646 0.646927
vt 0.954750 0.553264
vt 0.964429 0.569366
vt 0.970535 0.587657
vt 0.926193 0.691705
vt 0.924634 0.528661
vt 0.972868 0.607296
vt 0.943625 0.679276
vt 0.928447 0.737031
vt 0.957294 0.737615
vt 0.921235 0.736734
vt 0.993352 0.736734
vt 0.964505 0.737318
vt 0.971716 0.736966
vt 0.978928 0.736694
vt 0.942869 0.737656
vt 0.950081 0.737744
vt 0.986140 0.736605
vt 0.935658 0.737383
vt 0.942869 0.735017
vt 0.964505 0.734679
vt 0.928447 0.734392
vt 0.986140 0.733966
vt 0.950081 0.735105
vt 0.935658 0.734744
vt 0.971716 0.734327
vt 0.921235 0.734095
vt 0.993352 0.734095
vt 0.957294 0.734976
vt 0.978928 0.734055
vt 0.956406 0.664410
vt 0.941698 0.540186
vt 0.971554 0.627544
vt 0.965646 0.646927
vt 0.954750 0.553264
vt 0.964429 0.569366
vt 0.970535 0.587657
vt 0.926193 0.691705
vt 0.924634 0.528661
vt 0.972868 0.607296
vt 0.943625 0.679276
vt 0.928447 0.737031
vt 0.957294 0.737615
vt 0.921235 0.736734
vt 0.993352 0.736734
vt 0.964505 0.737318
vt 0.971716 0.736966
vt 0.978928 0.736694
vt 0.942869 0.737656
vt 0.950081 0.737744
vt 0.986140 0.736605
vt 0.935658 0.737383
vt 0.935658 0.941082
vt 0.944087 0.654444
vt 0.944348 0.654655
vt 0.951448 0.640451
vt 0.942869 0.941355
vt 0.951137 0.640316
vt 0.933260 0.553702
vt 0.986140 0.940304
vt 0.933080 0.553992
vt 0.978928 0.940393
vt 0.943129 0.564439
vt 0.943374 0.564206
vt 0.971716 0.940665
vt 0.950705 0.577400
vt 0.950997 0.577236
vt 0.964505 0.941017
vt 0.955435 0.592147
vt 0.955756 0.592059
vt 0.921876 0.674249
vt 0.920237 0.547095
vt 0.993352 0.940433
vt 0.921235 0.940433
vt 0.921784 0.673875
vt 0.920145 0.547491
vt 0.957294 0.941315
vt 0.956989 0.608000
vt 0.957326 0.607991
vt 0.934463 0.666400
vt 0.928447 0.940730
vt 0.934261 0.666126
vt 0.955456 0.624431
vt 0.950081 0.941443
vt 0.955106 0.624365
vt 0.991360 0.607068
vt 0.988822 0.583108
vt 0.972143 0.675677
vt 0.957267 0.694641
vt 0.969840 0.540169
vt 0.954240 0.523041
vt 0.938903 0.710814
vt 0.936306 0.509614
vt 0.982902 0.654081
vt 0.989155 0.630939
vt 0.981528 0.560437
vt 0.944348 0.654655
vt 0.935658 0.941540
vt 0.935658 0.941082
vt 0.942869 0.941355
vt 0.951448 0.640451
vt 0.942869 0.941813
vt 0.986140 0.940304
vt 0.933260 0.553702
vt 0.986140 0.940762
vt 0.943374 0.564206
vt 0.978928 0.940851
vt 0.978928 0.940393
vt 0.950997 0.577236
vt 0.971716 0.941123
vt 0.971716 0.940665
vt 0.955756 0.592059
vt 0.964505 0.941475
vt 0.964505 0.941017
vt 0.921235 0.940433
vt 0.993352 0.940433
vt 0.921876 0.674249
vt 0.920237 0.547095
vt 0.921235 0.940891
vt 0.993352 0.940891
vt 0.957326 0.607991
vt 0.957294 0.941773
vt 0.957294 0.941315
vt 0.928447 0.940730
vt 0.934463 0.666400
vt 0.928447 0.941188
vt 0.950081 0.941443
vt 0.955456 0.624431
vt 0.950081 0.941901
vt 0.991360 0.607068
vt 0.991660 0.606940
vt 0.991662 0.607187
vt 0.989145 0.583154
vt 0.989094 0.582914
vt 0.988822 0.583108
vt 0.972332 0.675966
vt 0.972465 0.675757
vt 0.972143 0.675677
vt 0.957267 0.694641
vt 0.957573 0.694804
vt 0.957402 0.694985
vt 0.969840 0.540169
vt 0.970015 0.539859
vt 0.970155 0.540052
vt 0.954533 0.522839
vt 0.954361 0.522682
vt 0.954240 0.523041
vt 0.936596 0.509361
vt 0.939212 0.711054
vt 0.936306 0.509614
vt 0.938903 0.710814
vt 0.982902 0.654081
vt 0.983226 0.654083
vt 0.983138 0.654314
vt 0.989421 0.631115
vt 0.989464 0.630873
vt 0.989155 0.630939
vt 0.981855 0.560402
vt 0.981757 0.560182
vt 0.981528 0.560437
vt 0.942869 0.735017
vt 0.964505 0.734679
vt 0.928447 0.734392
vt 0.986140 0.733966
vt 0.950081 0.735105
vt 0.935658 0.734744
vt 0.971716 0.734327
vt 0.921235 0.734095
vt 0.993352 0.734095
vt 0.957294 0.734976
vt 0.978928 0.734055
vt 0.956406 0.664410
vt 0.941698 0.540186
vt 0.971554 0.627544
vt 0.965646 0.646927
vt 0.954750 0.553264
vt 0.964429 0.569366
vt 0.970535 0.587657
vt 0.926193 0.691705
vt 0.924634 0.528661
vt 0.972868 0.607296
vt 0.943625 0.679276
vt 0.928447 0.737031
vt 0.957294 0.737615
vt 0.921235 0.736734
vt 0.993352 0.736734
vt 0.964505 0.737318
vt 0.971716 0.736966
vt 0.978928 0.736694
vt 0.942869 0.737656
vt 0.950081 0.737744
vt 0.986140 0.736605
vt 0.935658 0.737383
vt 0.942869 0.735017
vt 0.964505 0.734679
vt 0.928447 0.734392
vt 0.986140 0.733966
vt 0.950081 0.735105
vt 0.935658 0.734744
vt 0.971716 0.734327
vt 0.921235 0.734095
vt 0.993352 0.734095
vt 0.957294 0.734976
vt 0.978928 0.734055
vt 0.956406 0.664410
vt 0.941698 0.540186
vt 0.971554 0.627544
vt 0.965646 0.646927
vt 0.954750 0.553264
vt 0.964429 0.569366
vt 0.970535 0.587657
vt 0.926193 0.691705
vt 0.924634 0.528661
vt 0.972868 0.607296
vt 0.943625 0.679276
vt 0.928447 0.737031
vt 0.957294 0.737615
vt 0.921235 0.736734
vt 0.993352 0.736734
vt 0.964505 0.737318
vt 0.971716 0.736966
vt 0.978928 0.736694
vt 0.942869 0.737656
vt 0.950081 0.737744
vt 0.986140 0.736605
vt 0.935658 0.737383
vt 0.935658 0.941082
vt 0.944087 0.654444
vt 0.944348 0.654655
vt 0.951448 0.640451
vt 0.942869 0.941355
vt 0.951137 0.640316
vt 0.933260 0.553702
vt 0.986140 0.940304
vt 0.933080 0.553992
vt 0.978928 0.940393
vt 0.943129 0.564439
vt 0.943374 0.564206
vt 0.971716 0.940665
vt 0.950705 0.577400
vt 0.950997 0.577236
vt 0.964505 0.941017
vt 0.955435 0.592147
vt 0.955756 0.592059
vt 0.921876 0.674249
vt 0.920237 0.547095
vt 0.993352 0.940433
vt 0.921235 0.940433
vt 0.921784 0.673875
vt 0.920145 0.547491
vt 0.957294 0.941315
vt 0.956989 0.608000
vt 0.957326 0.607991
vt 0.934463 0.666400
vt 0.928447 0.940730
vt 0.934261 0.666126
vt 0.955456 0.624431
vt 0.950081 0.941443
vt 0.955106 0.624365
vt 0.991360 0.607068
vt 0.988822 0.583108
vt 0.972143 0.675677
vt 0.957267 0.694641
vt 0.969840 0.540169
vt 0.954240 0.523041
vt 0.938903 0.710814
vt 0.936306 0.509614
vt 0.982902 0.654081
vt 0.989155 0.630939
vt 0.981528 0.560437
vt 0.944348 0.654655
vt 0.935658 0.941540
vt 0.935658 0.941082
vt 0.942869 0.941355
vt 0.951448 0.640451
vt 0.942869 0.941813
vt 0.986140 0.940304
vt 0.933260 0.553702
vt 0.986140 0.940762
vt 0.943374 0.564206
vt 0.978928 0.940851
vt 0.978928 0.940393
vt 0.950997 0.577236
vt 0.971716 0.941123
vt 0.971716 0.940665
vt 0.955756 0.592059
vt 0.964505 0.941475
vt 0.964505 0.941017
vt 0.921235 0.940433
vt 0.993352 0.940433
vt 0.921876 0.674249
vt 0.920237 0.547095
vt 0.921235 0.940891
vt 0.993352 0.940891
vt 0.957326 0.607991
vt 0.957294 0.941773
vt 0.957294 0.941315
vt 0.928447 0.940730
vt 0.934463 0.666400
vt 0.928447 0.941188
vt 0.950081 0.941443
vt 0.955456 0.624431
vt 0.950081 0.941901
vt 0.991360 0.607068
vt 0.991660 0.606940
vt 0.991662 0.607187
vt 0.989145 0.583154
vt 0.989094 0.582914
vt 0.988822 0.583108
vt 0.972332 0.675966
vt 0.972465 0.675757
vt 0.972143 0.675677
vt 0.957267 0.694641
vt 0.957573 0.694804
vt 0.957402 0.694985
vt 0.969840 0.540169
vt 0.970015 0.539859
vt 0.970155 0.540052
vt 0.954533 0.522839
vt 0.954361 0.522682
vt 0.954240 0.523041
vt 0.936596 0.509361
vt 0.939212 0.711054
vt 0.936306 0.509614
vt 0.938903 0.710814
vt 0.982902 0.654081
vt 0.983226 0.654083
vt 0.983138 0.654314
vt 0.989421 0.631115
vt 0.989464 0.630873
vt 0.989155 0.630939
vt 0.981855 0.560402
vt 0.981757 0.560182
vt 0.981528 0.560437
vt 0.942869 0.735017
vt 0.964505 0.734679
vt 0.928447 0.734392
vt 0.986140 0.733966
vt 0.950081 0.735105
vt 0.935658 0.734744
vt 0.971716 0.734327
vt 0.921235 0.734095
vt 0.993352 0.734095
vt 0.957294 0.734976
vt 0.978928 0.734055
vt 0.956406 0.664410
vt 0.941698 0.540186
vt 0.971554 0.627544
vt 0.965646 0.646927
vt 0.954750 0.553264
vt 0.964429 0.569366
vt 0.970535 0.587657
vt 0.926193 0.691705
vt 0.924634 0.528661
vt 0.972868 0.607296
vt 0.943625 0.679276
vt 0.928447 0.737031
vt 0.957294 0.737615
vt 0.921235 0.736734
vt 0.993352 0.736734
vt 0.964505 0.737318
vt 0.971716 0.736966
vt 0.978928 0.736694
vt 0.942869 0.737656
vt 0.950081 0.737744
vt 0.986140 0.736605
vt 0.935658 0.737383
vt 0.942869 0.735017
vt 0.964505 0.734679
vt 0.928447 0.734392
vt 0.986140 0.733966
vt 0.950081 0.735105
vt 0.935658 0.734744
vt 0.971716 0.734327
vt 0.921235 0.734095
vt 0.993352 0.734095
vt 0.957294 0.734976
vt 0.978928 0.734055
vt 0.956406 0.664410
vt 0.941698 0.540186
vt 0.971554 0.627544
vt 0.965646 0.646927
vt 0.954750 0.553264
vt 0.964429 0.569366
vt 0.970535 0.587657
vt 0.926193 0.691705
vt 0.924634 0.528661
vt 0.972868 0.607296
vt 0.943625 0.679276
vt 0.928447 0.737031
vt 0.957294 0.737615
vt 0.921235 0.736734
vt 0.993352 0.736734
vt 0.964505 0.737318
vt 0.971716 0.736966
vt 0.978928 0.736694
vt 0.942869 0.737656
vt 0.950081 0.737744
vt 0.986140 0.736605
vt 0.935658 0.737383
vt 0.935658 0.941082
vt 0.944087 0.654444
vt 0.944348 0.654655
vt 0.951448 0.640451
vt 0.942869 0.941355
vt 0.951137 0.640316
vt 0.933260 0.553702
vt 0.986140 0.940304
vt 0.933080 0.553992
vt 0.978928 0.940393
vt 0.943129 0.564439
vt 0.943374 0.564206
vt 0.971716 0.940665
vt 0.950705 0.577400
vt 0.950997 0.577236
vt 0.964505 0.941017
vt 0.955435 0.592147
vt 0.955756 0.592059
vt 0.921876 0.674249
vt 0.920237 0.547095
vt 0.993352 0.940433
vt 0.921235 0.940433
vt 0.921784 0.673875
vt 0.920145 0.547491
vt 0.957294 0.941315
vt 0.956989 0.608000
vt 0.957326 0.607991
vt 0.934463 0.666400
vt 0.928447 0.940730
vt 0.934261 0.666126
vt 0.955456 0.624431
vt 0.950081 0.941443
vt 0.955106 0.624365
vt 0.991360 0.607068
vt 0.988822 0.583108
vt 0.972143 0.675677
vt 0.957267 0.694641
vt 0.969840 0.540169
vt 0.954240 0.523041
vt 0.938903 0.710814
vt 0.936306 0.509614
vt 0.982902 0.654081
vt 0.989155 0.630939
vt 0.981528 0.560437
vt 0.944348 0.654655
vt 0.935658 0.941540
vt 0.935658 0.941082
vt 0.942869 0.941355
vt 0.951448 0.640451
vt 0.942869 0.941813
vt 0.986140 0.940304
vt 0.933260 0.553702
vt 0.986140 0.940762
vt 0.943374 0.564206
vt 0.978928 0.940851
vt 0.978928 0.940393
vt 0.950997 0.577236
vt 0.971716 0.941123
vt 0.971716 0.940665
vt 0.955756 0.592059
vt 0.964505 0.941475
vt 0.964505 0.941017
vt 0.921235 0.940433
vt 0.993352 0.940433
vt 0.921876 0.674249
vt 0.920237 0.547095
vt 0.921235 0.940891
vt 0.993352 0.940891
vt 0.957326 0.607991
vt 0.957294 0.941773
vt 0.957294 0.941315
vt 0.928447 0.940730
vt 0.934463 0.666400
vt 0.928447 0.941188
vt 0.950081 0.941443
vt 0.955456 0.624431
vt 0.950081 0.941901
vt 0.991360 0.607068
vt 0.991660 0.606940
vt 0.991662 0.607187
vt 0.989145 0.583154
vt 0.989094 0.582914
vt 0.988822 0.583108
vt 0.972332 0.675966
vt 0.972465 0.675757
vt 0.972143 0.675677
vt 0.957267 0.694641
vt 0.957573 0.694804
vt 0.957402 0.694985
vt 0.969840 0.540169
vt 0.970015 0.539859
vt 0.970155 0.540052
vt 0.954533 0.522839
vt 0.954361 0.522682
vt 0.954240 0.523041
vt 0.936596 0.509361
vt 0.939212 0.711054
vt 0.936306 0.509614
vt 0.938903 0.710814
vt 0.982902 0.654081
vt 0.983226 0.654083
vt 0.983138 0.654314
vt 0.989421 0.631115
vt 0.989464 0.630873
vt 0.989155 0.630939
vt 0.981855 0.560402
vt 0.981757 0.560182
vt 0.981528 0.560437
vt 0.942869 0.735017
vt 0.964505 0.734679
vt 0.928447 0.734392
vt 0.986140 0.733966
vt 0.950081 0.735105
vt 0.935658 0.734744
vt 0.971716 0.734327
vt 0.921235 0.734095
vt 0.993352 0.734095
vt 0.957294 0.734976
vt 0.978928 0.734055
vt 0.956406 0.664410
vt 0.941698 0.540186
vt 0.971554 0.627544
vt 0.965646 0.646927
vt 0.954750 0.553264
vt 0.964429 0.569366
vt 0.970535 0.587657
vt 0.926193 0.691705
vt 0.924634 0.528661
vt 0.972868 0.607296
vt 0.943625 0.679276
vt 0.928447 0.737031
vt 0.957294 0.737615
vt 0.921235 0.736734
vt 0.993352 0.736734
vt 0.964505 0.737318
vt 0.971716 0.736966
vt 0.978928 0.736694
vt 0.942869 0.737656
vt 0.950081 0.737744
vt 0.986140 0.736605
vt 0.935658 0.737383
vt 0.942869 0.735017
vt 0.964505 0.734679
vt 0.928447 0.734392
vt 0.986140 0.733966
vt 0.950081 0.735105
vt 0.935658 0.734744
vt 0.971716 0.734327
vt 0.921235 0.734095
vt 0.993352 0.734095
vt 0.957294 0.734976
vt 0.978928 0.734055
vt 0.956406 0.664410
vt 0.941698 0.540186
vt 0.971554 0.627544
vt 0.965646 0.646927
vt 0.954750 0.553264
vt 0.964429 0.569366
vt 0.970535 0.587657
vt 0.926193 0.691705
vt 0.924634 0.528661
vt 0.972868 0.607296
vt 0.943625 0.679276
vt 0.928447 0.737031
vt 0.957294 0.737615
vt 0.921235 0.736734
vt 0.993352 0.736734
vt 0.964505 0.737318
vt 0.971716 0.736966
vt 0.978928 0.736694
vt 0.942869 0.737656
vt 0.950081 0.737744
vt 0.986140 0.736605
vt 0.935658 0.737383
vt 0.935658 0.941082
vt 0.944087 0.654444
vt 0.944348 0.654655
vt 0.951448 0.640451
vt 0.942869 0.941355
vt 0.951137 0.640316
vt 0.933260 0.553702
vt 0.986140 0.940304
vt 0.933080 0.553992
vt 0.978928 0.940393
vt 0.943129 0.564439
vt 0.943374 0.564206
vt 0.971716 0.940665
vt 0.950705 0.577400
vt 0.950997 0.577236
vt 0.964505 0.941017
vt 0.955435 0.592147
vt 0.955756 0.592059
vt 0.921876 0.674249
vt 0.920237 0.547095
vt 0.993352 0.940433
vt 0.921235 0.940433
vt 0.921784 0.673875
vt 0.920145 0.547491
vt 0.957294 0.941315
vt 0.956989 0.608000
vt 0.957326 0.607991
vt 0.934463 0.666400
vt 0.928447 0.940730
vt 0.934261 0.666126
vt 0.955456 0.624431
vt 0.950081 0.941443
vt 0.955106 0.624365
vt 0.991360 0.607068
vt 0.988822 0.583108
vt 0.972143 0.675677
vt 0.957267 0.694641
vt 0.969840 0.540169
vt 0.954240 0.523041
vt 0.938903 0.710814
vt 0.936306 0.509614
vt 0.982902 0.654081
vt 0.989155 0.630939
vt 0.981528 0.560437
vt 0.944348 0.654655
vt 0.935658 0.941540
vt 0.935658 0.941082
vt 0.942869 0.941355
vt 0.951448 0.640451
vt 0.942869 0.941813
vt 0.986140 0.940304
vt 0.933260 0.553702
vt 0.986140 0.940762
vt 0.943374 0.564206
vt 0.978928 0.940851
vt 0.978928 0.940393
vt 0.950997 0.577236
vt 0.971716 0.941123
vt 0.971716 0.940665
vt 0.955756 0.592059
vt 0.964505 0.941475
vt 0.964505 0.941017
vt 0.921235 0.940433
vt 0.993352 0.940433
vt 0.921876 0.674249
vt 0.920237 0.547095
vt 0.921235 0.940891
vt 0.993352 0.940891
vt 0.957326 0.607991
vt 0.957294 0.941773
vt 0.957294 0.941315
vt 0.928447 0.940730
vt 0.934463 0.666400
vt 0.928447 0.941188
vt 0.950081 0.941443
vt 0.955456 0.624431
vt 0.950081 0.941901
vt 0.991360 0.607068
vt 0.991660 0.606940
vt 0.991662 0.607187
vt 0.989145 0.583154
vt 0.989094 0.582914
vt 0.988822 0.583108
vt 0.972332 0.675966
vt 0.972465 0.675757
vt 0.972143 0.675677
vt 0.957267 0.694641
vt 0.957573 0.694804
vt 0.957402 0.694985
vt 0.969840 0.540169
vt 0.970015 0.539859
vt 0.970155 0.540052
vt 0.954533 0.522839
vt 0.954361 0.522682
vt 0.954240 0.523041
vt 0.936596 0.509361
vt 0.939212 0.711054
vt 0.936306 0.509614
vt 0.938903 0.710814
vt 0.982902 0.654081
vt 0.983226 0.654083
vt 0.983138 0.654314
vt 0.989421 0.631115
vt 0.989464 0.630873
vt 0.989155 0.630939
vt 0.981855 0.560402
vt 0.981757 0.560182
vt 0.981528 0.560437
vt 0.880285 0.667630
vt 0.871136 0.922060
vt 0.883915 0.677244
vt 0.874766 0.912446
vt 0.441559 0.010438
vt 0.441559 0.850265
vt 0.886803 0.880571
vt 0.895952 0.709119
vt 0.251386 0.912147
vt 0.236679 0.912147
vt 0.187915 0.912147
vt 0.251386 0.015956
vt 0.236679 0.015956
vt 0.187915 0.015956
vt 0.883915 0.658017
vt 0.874766 0.931673
vt 0.554813 0.852095
vt 0.554813 0.012268
vt 0.886803 0.963548
vt 0.895952 0.626142
vt 0.266093 0.912147
vt 0.314856 0.912147
vt 0.266093 0.015956
vt 0.314856 0.015956
vt 0.176740 -0.000160
vt 0.118597 0.964842
vt 0.842804 0.941015
vt 0.780902 -0.000160
vt 0.335967 0.980939
vt 0.118648 0.964937
vt 0.780674 -0.000160
vt 0.842702 0.941015
vt 0.118547 0.964937
vt 0.828813 0.780104
vt 0.868990 0.544606
vt 0.821664 0.222045
vt 0.844440 0.696422
vt 0.821546 0.222045
vt 0.176740 0.980939
vt 0.013953 0.978257
vt 0.780902 0.436675
vt 0.845794 0.940995
vt 0.839713 0.780104
vt 0.014004 0.978352
vt 0.845896 0.940995
vt 0.335967 -0.000160
vt 0.780674 0.436675
vt 0.013903 0.978352
vt 0.173750 0.980940
vt 0.777680 0.304827
vt 0.398978 0.916060
vt 0.081357 0.980845
vt 0.777409 0.305212
vt 0.912947 0.096200
vt 0.868990 0.625017
vt 0.777363 0.304795
vt 0.912812 0.096064
vt 0.821735 0.141636
vt 0.844440 0.615962
vt 0.777576 0.304625
vt 0.821617 0.141588
vt 0.399079 0.916060
vt 0.828813 0.860563
vt 0.842702 0.860560
vt 0.251386 -0.000160
vt 0.842804 0.860560
vt 0.828813 0.610994
vt 0.791461 0.982069
vt 0.139033 -0.000160
vt 0.873071 0.000845
vt 0.791578 0.982021
vt 0.746724 0.926719
vt 0.081357 0.000115
vt 0.791721 0.982148
vt 0.746859 0.926583
vt 0.777405 0.771000
vt 0.173750 -0.000160
vt 0.791508 0.982166
vt 0.777680 0.771381
vt 0.139135 -0.000160
vt 0.251386 0.980939
vt 0.845794 0.860549
vt 0.839713 0.860563
vt 0.845896 0.860549
vt 0.828813 0.691454
vt 0.791533 0.901615
vt 0.873071 0.081256
vt 0.791650 0.901615
vt 0.889977 0.398047
vt 0.357641 0.974029
vt 0.876179 0.097817
vt 0.831580 0.466562
vt 0.545745 0.862693
vt 0.357627 0.973920
vt 0.831682 0.466562
vt 0.731344 0.940086
vt 0.116750 0.058999
vt 0.357762 0.973893
vt 0.746859 0.856418
vt 0.731452 0.939765
vt 0.814847 0.032463
vt 0.357762 0.974041
vt 0.876061 0.097847
vt 0.746724 0.856442
vt 0.545745 -0.000160
vt 0.386907 0.940083
vt 0.862827 0.365125
vt 0.933755 0.297298
vt 0.386692 0.940187
vt 0.862725 0.365125
vt 0.879286 0.000291
vt 0.810766 0.593399
vt 0.386520 0.939948
vt 0.912812 0.166332
vt 0.879168 0.000261
vt 0.116750 0.921961
vt 0.386790 0.939765
vt 0.912947 0.166357
vt 0.933755 0.248535
vt 0.879286 0.049044
vt 0.810766 0.544606
vt 0.879168 0.049044
vt 0.814847 0.081256
vt 0.876060 0.049055
vt 0.889977 0.349284
vt 0.876178 0.049055
vt 0.901680 0.000129
vt 0.422311 0.862985
vt 0.874909 0.537866
vt 0.730803 0.866762
vt 0.502771 0.862693
vt 0.831682 0.420234
vt 0.730796 0.866483
vt 0.932952 0.398047
vt 0.731023 0.866616
vt 0.874808 0.537866
vt 0.831580 0.420234
vt 0.422311 0.000129
vt 0.883956 0.293372
vt 0.862776 0.411544
vt 0.416978 0.866763
vt 0.838314 0.319488
vt 0.890780 0.297298
vt 0.862725 0.411449
vt 0.838212 0.319488
vt 0.502771 -0.000160
vt 0.416979 0.866483
vt 0.862827 0.411449
vt 0.883956 0.342136
vt 0.838314 0.368250
vt 0.890780 0.248535
vt 0.838212 0.368250
vt 0.932952 0.349284
vt 0.874807 0.489108
vt 0.901680 0.048892
vt 0.874909 0.489108
vt 0.889551 0.873294
vt 0.124623 0.027957
vt 0.441559 0.862693
vt 0.124725 0.027976
vt 0.898700 0.716397
vt 0.884493 0.407256
vt 0.441559 -0.000160
vt 0.884409 0.407192
vt 0.910986 0.667630
vt 0.881348 0.463868
vt 0.893105 0.147404
vt 0.881247 0.463883
vt 0.905286 0.147497
vt 0.881248 0.214460
vt 0.901837 0.922060
vt 0.881348 0.214444
vt 0.453817 0.862693
vt 0.887708 0.262828
vt 0.126080 0.041108
vt 0.407702 0.892342
vt 0.905286 0.196260
vt 0.430391 0.862977
vt 0.887646 0.262741
vt 0.407693 0.892625
vt 0.901837 0.873294
vt 0.125980 0.041120
vt 0.887747 0.262728
vt 0.910986 0.716397
vt 0.874949 0.415593
vt 0.893105 0.196168
vt 0.430391 0.000129
vt 0.718978 0.892557
vt 0.874848 0.415611
vt 0.453817 -0.000160
vt 0.874886 0.415509
vt 0.718881 0.892342
vt 0.236679 -0.000160
vt 0.842804 0.876411
vt 0.828813 0.844711
vt 0.842703 0.876411
vt 0.844440 0.680569
vt 0.821560 0.206193
vt 0.868990 0.560451
vt 0.821678 0.206201
vt 0.873071 0.065411
vt 0.791636 0.917459
vt 0.828813 0.675601
vt 0.791518 0.917467
vt 0.839713 0.844710
vt 0.845896 0.876399
vt 0.236679 0.980939
vt 0.845794 0.876399
vt 0.810766 0.554227
vt 0.879168 0.039425
vt 0.933755 0.258148
vt 0.879286 0.039433
vt 0.889977 0.358897
vt 0.876178 0.058668
vt 0.814847 0.071635
vt 0.876060 0.058676
vt 0.890780 0.258148
vt 0.838212 0.358637
vt 0.883956 0.332522
vt 0.838314 0.358637
vt 0.901680 0.039279
vt 0.874909 0.498720
vt 0.932952 0.358897
vt 0.874807 0.498720
vt 0.893105 0.157017
vt 0.879986 0.454367
vt 0.910986 0.677244
vt 0.880086 0.454351
vt 0.901837 0.912446
vt 0.882610 0.223962
vt 0.905286 0.157111
vt 0.882509 0.223978
vt 0.911620 -0.000160
vt 0.900383 0.402206
vt 0.133407 0.970270
vt 0.586951 0.857854
vt 0.900322 0.402121
vt 0.133507 0.970270
vt 0.726558 0.870439
vt 0.899580 0.002393
vt 0.420211 0.860721
vt 0.900487 0.402050
vt 0.726922 0.870145
vt 0.586951 -0.000160
vt 0.136593 0.966593
vt 0.415754 0.870429
vt 0.628875 0.850421
vt 0.921559 0.092554
vt 0.136497 0.966624
vt 0.628975 0.850421
vt 0.891034 0.600906
vt 0.420211 0.002393
vt 0.886056 0.295636
vt 0.136497 0.966432
vt 0.415384 0.870145
vt 0.891138 0.601062
vt 0.886988 0.332522
vt 0.890481 0.564166
vt 0.921559 0.055810
vt 0.890380 0.564166
vt 0.921559 0.046197
vt 0.890380 0.554552
vt 0.886988 0.342136
vt 0.890481 0.554552
vt 0.911620 0.036584
vt 0.899729 0.438945
vt 0.898648 0.039279
vt 0.899830 0.438945
vt 0.896137 0.147404
vt 0.902355 0.543975
vt 0.914609 0.046197
vt 0.902254 0.543975
vt 0.580001 0.857854
vt 0.133507 0.962778
vt 0.405176 0.920740
vt 0.904669 -0.000160
vt 0.133407 0.962778
vt 0.899276 0.592083
vt 0.903185 0.193996
vt 0.432491 0.860713
vt 0.133459 0.962594
vt 0.899380 0.592239
vt 0.404810 0.920441
vt 0.914609 0.092554
vt 0.628975 0.842929
vt 0.902908 0.497625
vt 0.580000 -0.000160
vt 0.628875 0.842929
vt 0.713480 0.920808
vt 0.895205 0.193904
vt 0.432491 0.002393
vt 0.628924 0.842745
vt 0.713665 0.920441
vt 0.903012 0.497469
vt 0.898648 0.048892
vt 0.899830 0.448558
vt 0.911620 0.046197
vt 0.899729 0.448558
vt 0.904669 0.046197
vt 0.898622 0.545734
vt 0.902254 0.147497
vt 0.898723 0.545734
vt 0.914609 0.055810
vt 0.902254 0.534362
vt 0.896137 0.157017
vt 0.902355 0.534362
vt 0.902254 0.157111
vt 0.898723 0.555347
vt 0.904669 0.036584
vt 0.898622 0.555347
vt 0.173750 0.964824
vt 0.777339 0.338734
vt 0.081357 0.964805
vt 0.777069 0.338959
vt 0.176740 0.015956
vt 0.780903 0.036035
vt 0.335967 0.964823
vt 0.780674 0.036035
vt 0.502771 0.010438
vt 0.442058 0.866557
vt 0.422311 0.010797
vt 0.442223 0.866837
vt 0.116750 0.911418
vt 0.409509 0.939831
vt 0.545745 0.010437
vt 0.409742 0.940149
vt 0.430391 0.010797
vt 0.699594 0.902755
vt 0.453817 0.010438
vt 0.699625 0.902473
vt 0.663649 0.839513
vt 0.115514 0.964504
vt 0.688837 0.944212
vt 0.133575 0.958954
vt 0.893270 0.037093
vt 0.115456 0.964410
vt 0.133677 0.958982
vt 0.672945 -0.000160
vt 0.688837 0.944543
vt 0.115557 0.964382
vt 0.420211 0.012850
vt 0.440211 0.870207
vt 0.586951 0.010212
vt 0.440380 0.870490
vt 0.580001 0.010212
vt 0.694635 0.930778
vt 0.432491 0.012849
vt 0.694666 0.930493
vt 0.335967 0.068632
vt 0.780676 0.282173
vt 0.176740 0.912147
vt 0.780904 0.282173
vt 0.173750 0.068632
vt 0.774438 0.626893
vt 0.081357 0.068728
vt 0.774171 0.626889
vt 0.502771 0.850265
vt 0.701427 0.867321
vt 0.422311 0.850553
vt 0.701426 0.867601
vt 0.116750 0.071476
vt 0.704621 0.940689
vt 0.545745 0.850265
vt 0.704618 0.941007
vt 0.430391 0.850545
vt 0.437432 0.893682
vt 0.453817 0.850265
vt 0.437431 0.893399
vt 0.663649 -0.000160
vt 0.118728 0.034324
vt 0.381527 0.944212
vt 0.115461 0.043470
vt 0.672945 0.839513
vt 0.381527 0.944543
vt 0.118685 0.034202
vt 0.904596 0.776217
vt 0.118787 0.034230
vt 0.115563 0.043441
vt 0.420211 0.850448
vt 0.702564 0.870854
vt 0.586951 0.847733
vt 0.702563 0.871137
vt 0.580001 0.847733
vt 0.429467 0.921603
vt 0.432491 0.850439
vt 0.429467 0.921317
vt 0.842702 0.928970
vt 0.828813 0.792150
vt 0.187915 -0.000160
vt 0.842804 0.928970
vt 0.828813 0.623040
vt 0.791471 0.970024
vt 0.873071 0.012876
vt 0.791589 0.969991
vt 0.814847 0.039734
vt 0.876061 0.090576
vt 0.889977 0.390772
vt 0.876179 0.090543
vt 0.932952 0.390772
vt 0.874808 0.530592
vt 0.901680 0.007463
vt 0.874909 0.530534
vt 0.905286 0.188927
vt 0.886684 0.255480
vt 0.901837 0.880571
vt 0.886792 0.255523
vt 0.844440 0.628008
vt 0.821606 0.153634
vt 0.868990 0.612986
vt 0.821724 0.153667
vt 0.839713 0.792150
vt 0.845895 0.928951
vt 0.187915 0.980939
vt 0.845794 0.928951
vt 0.810766 0.586128
vt 0.879168 0.007531
vt 0.933755 0.290023
vt 0.879286 0.007564
vt 0.890780 0.290023
vt 0.838212 0.326763
vt 0.883956 0.300705
vt 0.838314 0.326821
vt 0.893105 0.188834
vt 0.875811 0.422870
vt 0.910986 0.709119
vt 0.875903 0.422797
vt 0.899405 0.009311
vt 0.900364 0.408970
vt 0.911620 0.006664
vt 0.900262 0.409029
vt 0.904669 0.006664
vt 0.899154 0.585261
vt 0.903011 0.187078
vt 0.899257 0.585320
vt 0.886231 0.302554
vt 0.891015 0.594142
vt 0.921559 0.085730
vt 0.890913 0.594083
vt 0.914609 0.085730
vt 0.902786 0.504447
vt 0.895380 0.186985
vt 0.902889 0.504388
vt 0.704729 -0.000160
vt 0.115557 0.930123
vt 0.799761 0.624341
vt 0.115456 0.930116
vt 0.896348 0.003786
vt 0.707719 -0.000160
vt 0.115507 0.930022
vt 0.896366 0.003678
vt 0.799474 0.624341
vt 0.707719 0.839513
vt 0.360751 0.973451
vt 0.129463 -0.000053
vt 0.799474 0.314783
vt 0.916591 0.807980
vt 0.360838 0.973508
vt 0.129361 -0.000060
vt 0.118787 -0.000067
vt 0.704729 0.839513
vt 0.360751 0.973565
vt 0.118685 -0.000060
vt 0.799761 0.314783
vt 0.435481 0.010438
vt 0.696890 0.879306
vt 0.407162 0.858398
vt 0.696891 0.879023
vt 0.893282 0.719366
vt 0.887692 0.401687
vt 0.928223 0.056139
vt 0.435480 -0.000160
vt 0.887608 0.401622
vt 0.721718 0.878797
vt 0.407161 0.869150
vt 0.752965 0.826395
vt 0.887747 0.401500
vt 0.722082 0.878507
vt 0.928121 0.056300
vt 0.878498 0.680213
vt 0.927703 0.013868
vt 0.753118 0.868820
vt 0.927607 0.013876
vt 0.350171 0.973007
vt 0.928118 0.000752
vt 0.753282 0.881953
vt 0.350171 0.972859
vt 0.753282 0.882101
vt 0.870830 0.249106
vt 0.874877 0.667630
vt 0.350263 0.972933
vt 0.928223 0.000704
vt 0.870935 0.249155
vt 0.881385 0.877602
vt 0.885372 0.523292
vt 0.896434 0.401529
vt 0.118547 0.945928
vt 0.885274 0.523256
vt 0.407161 0.005986
vt 0.118547 0.953936
vt 0.139996 0.010150
vt 0.887150 0.515508
vt 0.404877 0.878507
vt 0.435481 0.862693
vt 0.140094 0.010311
vt 0.405246 0.878791
vt 0.126080 0.021589
vt 0.884134 0.870324
vt 0.139996 0.010346
vt 0.887213 0.515691
vt 0.125977 0.021571
vt 0.751844 0.817497
vt 0.094863 0.009975
vt 0.886024 0.049397
vt 0.094743 0.009902
vt 0.751086 0.817495
vt 0.094863 0.009827
vt 0.890534 0.712089
vt 0.928127 0.048281
vt 0.752993 0.834411
vt 0.928024 0.048284
vt 0.896193 0.449226
vt 0.874807 0.569574
vt 0.896193 0.449078
vt 0.874807 0.569426
vt 0.865729 0.922060
vt 0.874899 0.569500
vt 0.896339 0.435946
vt 0.877218 0.556554
vt 0.869349 0.909477
vt 0.877311 0.556587
vt 0.435480 0.850266
vt 0.434395 0.878842
vt 0.407162 0.018493
vt 0.434213 0.878559
vt 0.890414 0.002280
vt 0.713797 -0.000160
vt 0.890437 0.002171
vt 0.669936 -0.000160
vt 0.797870 0.311251
vt 0.115490 0.050254
vt 0.097230 0.970143
vt 0.898197 0.775808
vt 0.742450 -0.000160
vt 0.797581 0.311483
vt 0.115563 0.050358
vt 0.713797 0.839513
vt 0.129441 0.006498
vt 0.911174 0.810950
vt 0.129339 0.006491
vt 0.412131 0.858587
vt 0.688102 0.970664
vt 0.605370 0.016071
vt 0.688102 0.970495
vt 0.605380 0.000127
vt 0.894546 0.868522
vt 0.738169 0.970237
vt 0.084974 0.980860
vt 0.894586 0.868385
vt 0.085065 0.980965
vt 0.412132 0.875001
vt 0.758374 0.821015
vt 0.738467 0.970404
vt 0.894630 0.868460
vt 0.758594 0.868783
vt 0.894630 0.820702
vt 0.129347 0.981017
vt 0.894596 0.820701
vt 0.758714 0.882099
vt 0.900968 0.868143
vt 0.901014 0.868279
vt 0.758714 0.881955
vt 0.894607 0.807532
vt 0.141585 0.980971
vt 0.900972 0.868297
vt 0.894564 0.807516
vt 0.927311 0.154043
vt 0.927285 0.153897
vt 0.900925 0.868159
vt 0.891001 0.401326
vt 0.123980 0.946107
vt 0.897662 0.820415
vt 0.880134 0.297035
vt 0.897620 0.820410
vt 0.050556 0.000123
vt 0.897750 0.807302
vt 0.882339 0.284101
vt 0.605380 0.852306
vt 0.050556 0.000267
vt 0.492987 0.970237
vt 0.882261 0.283985
vt 0.412132 0.000130
vt 0.123980 0.959293
vt 0.050493 0.000181
vt 0.897795 0.807227
vt 0.492690 0.970405
vt 0.758424 0.834754
vt 0.894504 0.854728
vt 0.097755 0.980983
vt 0.894462 0.854732
vt 0.897795 0.868318
vt 0.890756 0.449225
vt 0.924714 0.000472
vt 0.897752 0.868336
vt 0.872377 0.344410
vt 0.924671 0.000456
vt 0.897704 0.868197
vt 0.872377 0.344261
vt 0.890756 0.449080
vt 0.897748 0.868181
vt 0.874507 0.331274
vt 0.897628 0.855059
vt 0.890873 0.435960
vt 0.897662 0.855057
vt 0.669955 0.839513
vt 0.096914 0.000413
vt 0.133575 0.952157
vt 0.797870 -0.000159
vt 0.742450 0.817494
vt 0.797581 -0.000159
vt 0.096836 0.000509
vt 0.887326 0.039339
vt 0.133677 0.952025
vt 0.096764 0.000356
vt 0.412131 0.012808
vt 0.531599 0.970457
vt 0.605366 0.840040
vt 0.531573 0.970288
vt 0.599603 0.016256
vt 0.615596 -0.000067
vt 0.860950 0.895840
vt 0.599157 0.016264
vt 0.089712 0.973940
vt 0.089612 0.973852
vt 0.599601 0.005858
vt 0.870781 0.895840
vt 0.599468 0.005895
vt 0.089742 0.973792
vt 0.129465 0.973901
vt 0.870781 0.852976
vt 0.129467 0.973753
vt 0.920786 0.155223
vt 0.920808 0.155368
vt 0.142961 0.973923
vt 0.920671 0.155389
vt 0.142978 0.973774
vt 0.870781 0.838416
vt 0.870781 0.838271
vt 0.920651 0.155245
vt 0.873706 0.295528
vt 0.885229 0.710618
vt 0.608377 0.852188
vt 0.873570 0.295499
vt 0.874983 0.287723
vt 0.615668 0.852188
vt 0.874842 0.287734
vt 0.599476 0.846545
vt 0.599606 0.846583
vt 0.874923 0.287598
vt 0.861022 0.838271
vt 0.882277 0.049497
vt 0.861022 0.838416
vt 0.882276 0.049329
vt 0.882386 0.049412
vt 0.097001 0.973901
vt 0.870781 0.887981
vt 0.096992 0.973753
vt 0.865798 0.344266
vt 0.865797 0.344411
vt 0.885229 0.760327
vt 0.865660 0.344413
vt 0.865659 0.344266
vt 0.885229 0.760182
vt 0.885229 0.745622
vt 0.867905 0.330087
vt 0.868042 0.330112
vt 0.884086 0.035341
vt 0.861022 0.852976
vt 0.883998 0.035267
vt 0.599601 0.834482
vt 0.615667 0.839760
vt 0.599153 0.834414
vt 0.717447 -0.000160
vt 0.886611 0.000654
vt 0.794302 0.000542
vt 0.886559 0.000756
vt 0.608377 -0.000144
vt 0.861022 0.888058
vt 0.886464 0.000586
vt 0.794592 0.000124
vt 0.859665 0.364176
vt 0.873771 0.760327
vt 0.782106 0.980634
vt 0.891517 0.766528
vt 0.859735 0.364269
vt 0.782207 0.980682
vt 0.873771 0.760182
vt 0.859633 0.364317
vt 0.873771 0.745622
vt 0.859603 0.378882
vt 0.896299 0.780119
vt 0.859705 0.378809
vt 0.717447 0.839513
vt 0.129463 0.010433
vt 0.794303 0.312168
vt 0.873771 0.710540
vt 0.608448 0.839838
vt 0.129404 0.010616
vt 0.859633 0.413973
vt 0.794592 0.312225
vt 0.907944 0.812780
vt 0.129361 0.010424
vt 0.859735 0.413808
vt 0.895626 0.766454
vt 0.663569 0.852354
vt 0.752652 -0.000157
vt 0.097230 0.960429
vt 0.895533 0.766528
vt 0.663637 0.852455
vt 0.751893 -0.000158
vt 0.895626 0.766603
vt 0.097162 0.960529
vt 0.751135 -0.000159
vt 0.838121 0.696422
vt 0.812616 0.683822
vt 0.831838 0.225738
vt 0.812512 0.683822
vt 0.834828 0.236930
vt 0.474854 0.929637
vt 0.835131 0.691454
vt 0.474854 0.929751
vt 0.835131 0.610994
vt 0.139033 0.006652
vt 0.400210 0.929751
vt 0.167431 -0.000160
vt 0.400122 0.929696
vt 0.139135 0.006652
vt 0.381634 0.951538
vt 0.834829 0.156458
vt 0.046619 0.981217
vt 0.381649 0.951770
vt 0.400198 0.929636
vt 0.167431 0.980940
vt 0.812566 0.603274
vt 0.398978 0.922870
vt 0.778957 0.951539
vt 0.838121 0.615962
vt 0.399079 0.922870
vt 0.812616 0.603369
vt 0.831837 0.145266
vt 0.046619 0.000127
vt 0.812511 0.603357
vt 0.778948 0.951771
vt 0.838121 0.680569
vt 0.812616 0.667971
vt 0.831838 0.209885
vt 0.812512 0.667971
vt 0.834828 0.221078
vt 0.460148 0.929637
vt 0.835131 0.675601
vt 0.460148 0.929751
vt 0.167431 0.964824
vt 0.744689 0.951538
vt 0.046620 0.016239
vt 0.744689 0.951772
vt 0.167431 0.068632
vt 0.528210 0.951540
vt 0.046620 0.912431
vt 0.528210 0.951773
vt 0.838121 0.628008
vt 0.812616 0.615415
vt 0.831838 0.157324
vt 0.812512 0.615415
vt 0.835131 0.623040
vt 0.411385 0.929751
vt 0.834828 0.168517
vt 0.411385 0.929637
vt 0.339922 -0.000160
vt 0.013903 0.982615
vt 0.778879 0.948083
vt 0.835757 0.780104
vt 0.779086 0.948200
vt 0.014004 0.982615
vt 0.844937 0.313105
vt 0.821472 0.477863
vt 0.078367 0.981214
vt 0.845043 0.313118
vt 0.778865 0.948315
vt 0.125976 0.967816
vt 0.118547 0.969200
vt 0.825823 0.778322
vt 0.832768 0.780104
vt 0.339922 0.980939
vt 0.125894 0.967751
vt 0.118648 0.969200
vt 0.381593 0.948083
vt 0.822728 0.766807
vt 0.078366 0.000127
vt 0.125976 0.967702
vt 0.381603 0.948315
vt 0.825719 0.778334
vt 0.832768 0.844711
vt 0.825823 0.713711
vt 0.822729 0.702188
vt 0.825719 0.713711
vt 0.821471 0.413243
vt 0.845042 0.248503
vt 0.835757 0.844710
vt 0.844937 0.248503
vt 0.339922 0.964823
vt 0.415857 0.948083
vt 0.078366 0.016239
vt 0.415857 0.948316
vt 0.339922 0.068632
vt 0.632317 0.948083
vt 0.078366 0.912429
vt 0.632317 0.948316
vt 0.825823 0.766275
vt 0.832768 0.792150
vt 0.822729 0.754749
vt 0.825719 0.766275
vt 0.835757 0.792150
vt 0.844937 0.301059
vt 0.821471 0.465804
vt 0.845043 0.301059
vt 0.822729 0.686336
vt 0.825719 0.697857
vt 0.832768 0.860563
vt 0.825823 0.697857
vt 0.835757 0.860563
vt 0.844937 0.232652
vt 0.821471 0.397390
vt 0.845042 0.232652
vt 0.860615 0.703435
vt 0.857625 0.701525
vt 0.815606 0.686336
vt 0.857522 0.701525
vt 0.824715 0.225737
vt 0.849411 0.874100
vt 0.854531 0.703435
vt 0.849307 0.874100
vt 0.828591 0.397390
vt 0.847466 0.390875
vt 0.852401 0.855327
vt 0.847361 0.390875
vt 0.850457 0.239118
vt 0.859095 0.236061
vt 0.841947 0.236930
vt 0.859200 0.236061
vt 0.850457 0.223265
vt 0.859095 0.251910
vt 0.841947 0.221078
vt 0.859200 0.251910
vt 0.841946 0.168517
vt 0.859200 0.304461
vt 0.850457 0.170704
vt 0.859094 0.304461
vt 0.854531 0.629244
vt 0.849307 0.799905
vt 0.115456 0.012192
vt 0.390366 0.000248
vt 0.758971 0.966754
vt 0.115557 0.012192
vt 0.824716 0.151403
vt 0.052313 0.007803
vt 0.115496 0.012369
vt 0.849412 0.799762
vt 0.759321 0.966513
vt 0.824715 0.157324
vt 0.849411 0.805683
vt 0.854531 0.635022
vt 0.849307 0.805683
vt 0.390366 0.936125
vt 0.382040 0.966753
vt 0.631965 0.848924
vt 0.850457 0.164640
vt 0.859094 0.310525
vt 0.632066 0.848924
vt 0.841945 0.162310
vt 0.052049 0.973546
vt 0.632029 0.849102
vt 0.381682 0.966513
vt 0.859201 0.310667
vt 0.052314 0.912431
vt 0.516637 0.966795
vt 0.390376 0.876785
vt 0.516637 0.967036
vt 0.052313 0.016239
vt 0.740738 0.966533
vt 0.390373 0.008290
vt 0.740738 0.966775
vt 0.824715 0.209885
vt 0.849411 0.858248
vt 0.854531 0.687583
vt 0.849307 0.858248
vt 0.378538 0.965258
vt 0.635056 0.842997
vt 0.787624 0.406774
vt 0.828588 0.472011
vt 0.072938 0.973543
vt 0.635120 0.842819
vt 0.847467 0.316247
vt 0.787848 0.407160
vt 0.852401 0.929805
vt 0.635157 0.842997
vt 0.847361 0.316389
vt 0.860615 0.629244
vt 0.134567 0.025845
vt 0.862855 0.169178
vt 0.857625 0.627333
vt 0.815607 0.760670
vt 0.072672 0.007803
vt 0.134662 0.025695
vt 0.787848 0.000115
vt 0.857521 0.627190
vt 0.378537 -0.000160
vt 0.134662 0.025884
vt 0.862793 0.169091
vt 0.787624 0.000492
vt 0.815606 0.702188
vt 0.857521 0.685672
vt 0.860615 0.687583
vt 0.857625 0.685672
vt 0.852401 0.871179
vt 0.847361 0.375021
vt 0.828590 0.413243
vt 0.847466 0.375021
vt 0.072673 0.016239
vt 0.787828 0.020145
vt 0.378538 0.008116
vt 0.787604 0.020145
vt 0.072672 0.912429
vt 0.787588 0.261697
vt 0.378538 0.904305
vt 0.787364 0.261696
vt 0.815606 0.754749
vt 0.857521 0.633111
vt 0.860615 0.635022
vt 0.857625 0.633111
vt 0.828589 0.465804
vt 0.847467 0.322455
vt 0.852401 0.923740
vt 0.847361 0.322455
vt 0.818484 0.244664
vt 0.867329 0.239696
vt 0.866159 0.703435
vt 0.867227 0.239696
vt 0.848988 0.703435
vt 0.811857 0.082282
vt 0.848885 0.703435
vt 0.857945 0.855327
vt 0.856613 0.391619
vt 0.810766 0.869919
vt 0.856510 0.391619
vt 0.810766 0.405825
vt 0.856104 0.239118
vt 0.856001 0.239118
vt 0.631965 0.842949
vt 0.395763 0.936126
vt 0.016173 0.974184
vt 0.810766 0.331196
vt 0.632021 0.842768
vt 0.856105 0.164489
vt 0.395858 0.936282
vt 0.632066 0.842949
vt 0.856001 0.164640
vt 0.372994 0.965258
vt 0.635056 0.848973
vt 0.390086 0.962181
vt 0.857945 0.929805
vt 0.389898 0.962337
vt 0.635157 0.848973
vt 0.856614 0.317147
vt 0.810767 0.944549
vt 0.036648 0.008402
vt 0.856510 0.316996
vt 0.389743 0.961931
vt 0.115456 0.006215
vt 0.848988 0.629244
vt 0.015907 0.008449
vt 0.811857 0.007940
vt 0.115503 0.006035
vt 0.395842 0.000086
vt 0.848885 0.629093
vt 0.115557 0.006215
vt 0.395753 0.000243
vt 0.866159 0.629244
vt 0.867227 0.165502
vt 0.372994 -0.000160
vt 0.867164 0.165416
vt 0.772574 0.962188
vt 0.818484 0.319006
vt 0.036382 0.974136
vt 0.772907 0.961931
vt 0.867329 0.165351
vt 0.811857 0.066430
vt 0.848885 0.687583
vt 0.848988 0.687583
vt 0.866159 0.687583
vt 0.867227 0.223843
vt 0.818484 0.260516
vt 0.867329 0.223843
vt 0.856001 0.223265
vt 0.810766 0.389973
vt 0.856104 0.223265
vt 0.810766 0.885772
vt 0.856510 0.375769
vt 0.857945 0.871179
vt 0.856613 0.375769
vt 0.015907 0.016879
vt 0.396204 0.008279
vt 0.395753 0.008291
vt 0.372994 0.008117
vt 0.754632 0.962588
vt 0.036382 0.965706
vt 0.754632 0.962338
vt 0.015907 0.913074
vt 0.396212 0.876785
vt 0.395761 0.876785
vt 0.372994 0.904305
vt 0.522479 0.962703
vt 0.036382 0.069513
vt 0.522479 0.962453
vt 0.811857 0.013865
vt 0.848885 0.635019
vt 0.848988 0.635022
vt 0.866159 0.635022
vt 0.867227 0.171280
vt 0.818484 0.313080
vt 0.867329 0.171277
vt 0.810766 0.337409
vt 0.856104 0.170701
vt 0.856001 0.170704
vt 0.857945 0.923740
vt 0.856614 0.323212
vt 0.810766 0.938336
vt 0.856510 0.323208
vt 0.801617 0.709810
vt 0.419530 0.977885
vt 0.810766 0.244664
vt 0.419530 0.977740
vt 0.804138 0.082282
vt 0.673592 0.856368
vt 0.809522 0.709810
vt 0.673586 0.856224
vt 0.818442 0.869919
vt 0.475612 0.908029
vt 0.807125 0.882915
vt 0.475612 0.908174
vt 0.799220 0.882915
vt 0.774306 0.850341
vt 0.818442 0.405825
vt 0.774171 0.850341
vt 0.799220 0.800729
vt 0.774306 0.768148
vt 0.132668 0.010049
vt 0.023155 0.982457
vt 0.818441 0.323670
vt 0.132596 0.010177
vt 0.774170 0.768180
vt 0.764326 0.470297
vt 0.343085 0.962636
vt 0.764594 0.470383
vt 0.132544 0.010044
vt 0.350555 0.962634
vt 0.060671 0.981353
vt 0.132544 -0.000093
vt 0.768735 0.470331
vt 0.818442 0.952074
vt 0.043630 0.000130
vt 0.060563 0.981438
vt 0.399389 0.908028
vt 0.769003 0.470245
vt 0.807125 0.800729
vt 0.060563 0.981289
vt 0.132668 -0.000098
vt 0.399360 0.908174
vt 0.343046 0.002733
vt 0.764594 0.000362
vt 0.127378 0.963234
vt 0.023154 0.000130
vt 0.804139 0.000128
vt 0.127325 0.963366
vt 0.764325 0.000445
vt 0.749739 0.852833
vt 0.809522 0.627624
vt 0.749763 0.852687
vt 0.127254 0.963239
vt 0.801617 0.627624
vt 0.032060 0.000259
vt 0.127255 0.953094
vt 0.495780 0.977885
vt 0.810766 0.326818
vt 0.043630 0.982455
vt 0.032060 0.000111
vt 0.769005 0.000419
vt 0.495751 0.977741
vt 0.350551 0.002732
vt 0.032168 0.000195
vt 0.127378 0.953099
vt 0.768735 0.000341
vt 0.809522 0.693958
vt 0.688280 0.855542
vt 0.804138 0.066430
vt 0.688285 0.855686
vt 0.810766 0.260516
vt 0.434238 0.977740
vt 0.801617 0.693958
vt 0.434238 0.977885
vt 0.818442 0.389973
vt 0.774171 0.834488
vt 0.799220 0.867062
vt 0.774306 0.834488
vt 0.807125 0.867062
vt 0.460905 0.908174
vt 0.818442 0.885772
vt 0.460905 0.908029
vt 0.342911 0.018943
vt 0.764574 0.034894
vt 0.023154 0.016615
vt 0.764305 0.034899
vt 0.043630 0.965970
vt 0.769452 0.034863
vt 0.350691 0.018942
vt 0.769183 0.034862
vt 0.342911 0.894485
vt 0.764394 0.325153
vt 0.023155 0.913099
vt 0.764125 0.325152
vt 0.043629 0.069488
vt 0.769229 0.325105
vt 0.350701 0.894484
vt 0.768960 0.325105
vt 0.809522 0.641049
vt 0.737319 0.853265
vt 0.804138 0.013525
vt 0.737322 0.853409
vt 0.810766 0.313421
vt 0.483322 0.977741
vt 0.801617 0.641049
vt 0.483325 0.977885
vt 0.799220 0.814164
vt 0.774306 0.781585
vt 0.818441 0.337077
vt 0.774171 0.781588
vt 0.818442 0.938667
vt 0.411828 0.908028
vt 0.807125 0.814164
vt 0.411825 0.908174
vt 0.805620 0.709810
vt 0.805519 0.709810
vt 0.803223 0.882915
vt 0.803122 0.882915
vt 0.132953 0.004921
vt 0.803223 0.797973
vt 0.132953 0.005030
vt 0.803122 0.797973
vt 0.132828 0.005032
vt 0.346769 0.965558
vt 0.132829 0.004919
vt 0.346873 0.965558
vt 0.127094 0.958110
vt 0.346851 -0.000159
vt 0.127094 0.958223
vt 0.346744 -0.000158
vt 0.126970 0.958221
vt 0.805620 0.624868
vt 0.126970 0.958112
vt 0.805519 0.624868
vt 0.805620 0.693958
vt 0.805519 0.693958
vt 0.803223 0.867062
vt 0.803122 0.867062
vt 0.346574 0.018961
vt 0.347029 0.018961
vt 0.346577 0.894480
vt 0.347035 0.894480
vt 0.805620 0.641049
vt 0.805519 0.641049
vt 0.803122 0.814164
vt 0.803223 0.814164
vt 0.326032 -0.000160
vt 0.014384 -0.000160
vt 0.842804 0.780104
vt 0.780925 0.876731
vt 0.828813 0.941023
vt 0.842702 0.780104
vt 0.014435 -0.000065
vt 0.332977 0.980939
vt 0.014333 -0.000065
vt 0.780696 0.876731
vt 0.326032 0.980939
vt 0.087459 -0.000160
vt 0.780925 0.439897
vt 0.845794 0.780104
vt 0.332977 -0.000160
vt 0.780696 0.439897
vt 0.087510 -0.000065
vt 0.839713 0.941022
vt 0.087408 -0.000065
vt 0.845896 0.780104
vt 0.164441 -0.000160
vt 0.821522 0.302593
vt 0.772439 0.968743
vt 0.136044 -0.000159
vt 0.844440 0.776881
vt 0.821474 0.302496
vt 0.135942 -0.000159
vt 0.868990 0.464195
vt 0.891479 0.781275
vt 0.821592 0.302448
vt 0.155133 0.980845
vt 0.821735 0.302576
vt 0.772295 0.969097
vt 0.891344 0.781411
vt 0.828813 0.771913
vt 0.343617 0.968852
vt 0.791603 0.821156
vt 0.142226 -0.000160
vt 0.164442 0.980942
vt 0.343809 0.968743
vt 0.142125 -0.000160
vt 0.155133 0.000115
vt 0.888219 0.851711
vt 0.344166 0.969047
vt 0.873071 0.161667
vt 0.343772 0.969089
vt 0.791721 0.821204
vt 0.888354 0.851847
vt 0.889977 0.300520
vt 0.399922 0.899833
vt 0.876179 0.000291
vt 0.865760 0.458925
vt 0.814847 0.130049
vt 0.399754 0.899586
vt 0.876061 0.000262
vt 0.888354 0.781579
vt 0.119740 0.058999
vt 0.888219 0.781554
vt 0.400032 0.899408
vt 0.456806 0.862693
vt 0.865659 0.458925
vt 0.400142 0.899733
vt 0.456806 -0.000160
vt 0.354320 0.973304
vt 0.741734 0.899679
vt 0.881835 0.146846
vt 0.119740 0.921961
vt 0.354455 0.973277
vt 0.741700 0.899408
vt 0.891344 0.851568
vt 0.810766 0.495813
vt 0.354455 0.973425
vt 0.891479 0.851543
vt 0.879168 0.097828
vt 0.933755 0.199771
vt 0.354334 0.973412
vt 0.881733 0.146846
vt 0.879286 0.097798
vt 0.932952 0.300520
vt 0.874808 0.440351
vt 0.865760 0.412608
vt 0.499781 0.862693
vt 0.865659 0.412608
vt 0.408275 0.888174
vt 0.901680 0.097655
vt 0.415121 0.862985
vt 0.865709 0.412513
vt 0.874909 0.440351
vt 0.408266 0.888457
vt 0.499781 -0.000160
vt 0.719483 0.888174
vt 0.881835 0.100520
vt 0.890780 0.199771
vt 0.881733 0.100520
vt 0.838212 0.417012
vt 0.415121 0.000129
vt 0.883956 0.390899
vt 0.881784 0.100426
vt 0.719580 0.888389
vt 0.838314 0.417012
vt 0.554813 -0.000160
vt 0.884409 0.157756
vt 0.889551 0.970826
vt 0.884494 0.157820
vt 0.554813 0.862692
vt 0.121897 0.006609
vt 0.898700 0.618864
vt 0.121795 0.006590
vt 0.567071 -0.000160
vt 0.874886 0.166077
vt 0.712855 0.912554
vt 0.901837 0.970826
vt 0.874949 0.166161
vt 0.427401 0.862985
vt 0.905286 0.098734
vt 0.874848 0.166179
vt 0.712862 0.912833
vt 0.910986 0.618864
vt 0.123152 0.019753
vt 0.887747 0.512142
vt 0.567071 0.862692
vt 0.123252 0.019741
vt 0.398994 0.912554
vt 0.893105 0.098641
vt 0.427401 0.000129
vt 0.123212 0.019842
vt 0.398993 0.912833
vt 0.887646 0.512155
vt 0.828813 0.876415
vt 0.842702 0.844708
vt 0.266093 -0.000160
vt 0.842804 0.844708
vt 0.868990 0.528762
vt 0.821649 0.237889
vt 0.844440 0.712274
vt 0.821532 0.237896
vt 0.828813 0.707306
vt 0.791547 0.885763
vt 0.873071 0.097100
vt 0.791664 0.885770
vt 0.266093 0.980939
vt 0.845794 0.844700
vt 0.839713 0.876415
vt 0.845896 0.844700
vt 0.933755 0.238921
vt 0.879286 0.058656
vt 0.810766 0.534985
vt 0.879168 0.058663
vt 0.814847 0.090877
vt 0.876060 0.039434
vt 0.889977 0.339670
vt 0.876178 0.039441
vt 0.883956 0.351749
vt 0.838314 0.377863
vt 0.890780 0.238921
vt 0.838212 0.377863
vt 0.932952 0.339670
vt 0.874807 0.479496
vt 0.901680 0.058505
vt 0.874909 0.479496
vt 0.910986 0.658017
vt 0.882609 0.473384
vt 0.893105 0.137790
vt 0.882509 0.473400
vt 0.905286 0.137884
vt 0.879986 0.204941
vt 0.901837 0.931673
vt 0.880087 0.204926
vt 0.911620 0.092554
vt 0.143831 0.009910
vt 0.900383 0.494909
vt 0.893767 0.503954
vt 0.899580 0.095391
vt 0.417221 0.860722
vt 0.143831 0.010102
vt 0.900487 0.495065
vt 0.405569 0.916173
vt 0.570061 0.857854
vt 0.143735 0.009941
vt 0.893706 0.503869
vt 0.405935 0.916472
vt 0.417221 0.002393
vt 0.886056 0.388635
vt 0.139994 0.968698
vt 0.714440 0.916173
vt 0.891138 0.508044
vt 0.921559 -0.000160
vt 0.139994 0.968890
vt 0.106306 0.970353
vt 0.891034 0.508200
vt 0.570061 -0.000160
vt 0.139898 0.968859
vt 0.714254 0.916539
vt 0.106407 0.970353
vt 0.921559 0.036584
vt 0.890380 0.544938
vt 0.886988 0.351749
vt 0.890481 0.544938
vt 0.898648 0.058505
vt 0.899830 0.458172
vt 0.911620 0.055811
vt 0.899729 0.458172
vt 0.577011 0.857854
vt 0.899215 0.499301
vt 0.726555 0.873950
vt 0.425301 0.860721
vt 0.903185 0.100998
vt 0.899380 0.499231
vt 0.726918 0.873656
vt 0.904669 0.092554
vt 0.899276 0.499387
vt 0.914609 -0.000160
vt 0.106306 0.962862
vt 0.902908 0.590324
vt 0.895205 0.100904
vt 0.425301 0.002393
vt 0.106358 0.962678
vt 0.415383 0.873656
vt 0.903012 0.590480
vt 0.577011 -0.000160
vt 0.106407 0.962862
vt 0.415754 0.873940
vt 0.896137 0.137790
vt 0.902355 0.553588
vt 0.914609 0.036584
vt 0.902254 0.553588
vt 0.904669 0.055811
vt 0.898622 0.536121
vt 0.902254 0.137884
vt 0.898723 0.536121
vt 0.155133 0.964805
vt 0.750535 0.982482
vt 0.164441 0.015956
vt 0.750577 0.982192
vt 0.332977 0.964823
vt 0.780696 0.840536
vt 0.326032 0.015956
vt 0.780924 0.840536
vt 0.415121 0.010797
vt 0.700194 0.898588
vt 0.499781 0.010437
vt 0.700225 0.898306
vt 0.456806 0.010437
vt 0.725819 0.909356
vt 0.119740 0.911418
vt 0.725866 0.909035
vt 0.567071 0.852095
vt 0.424076 0.912628
vt 0.427401 0.010797
vt 0.424241 0.912908
vt 0.739462 0.839512
vt 0.398871 0.934013
vt 0.105394 0.034161
vt 0.660659 -0.000160
vt 0.398871 0.934344
vt 0.105364 0.034035
vt 0.893226 0.061624
vt 0.105462 0.034075
vt 0.570061 0.010212
vt 0.695409 0.926511
vt 0.417222 0.012849
vt 0.695440 0.926226
vt 0.425301 0.012850
vt 0.440211 0.873718
vt 0.577011 0.010212
vt 0.440380 0.874001
vt 0.326032 0.912147
vt 0.780923 0.594399
vt 0.332977 0.068632
vt 0.780694 0.594399
vt 0.155133 0.068728
vt 0.479809 0.973615
vt 0.164441 0.912150
vt 0.479807 0.973323
vt 0.415121 0.850554
vt 0.438008 0.889514
vt 0.499781 0.850265
vt 0.438007 0.889231
vt 0.456806 0.850265
vt 0.427240 0.900556
vt 0.119740 0.071476
vt 0.427236 0.900234
vt 0.567071 0.012268
vt 0.683483 0.913392
vt 0.427401 0.850553
vt 0.683481 0.913672
vt 0.739442 -0.000160
vt 0.706135 0.934013
vt 0.111606 0.005704
vt 0.904596 0.756840
vt 0.111674 0.005790
vt 0.660659 0.839513
vt 0.706135 0.934344
vt 0.111576 0.005831
vt 0.570061 0.847733
vt 0.430228 0.917335
vt 0.417222 0.850448
vt 0.430228 0.917049
vt 0.425301 0.850448
vt 0.702561 0.874365
vt 0.577011 0.847733
vt 0.702559 0.874648
vt 0.314856 -0.000160
vt 0.842804 0.792149
vt 0.828813 0.928976
vt 0.842703 0.792149
vt 0.873071 0.149636
vt 0.791710 0.833235
vt 0.828813 0.759867
vt 0.791593 0.833202
vt 0.889977 0.307795
vt 0.876179 0.007566
vt 0.814847 0.122778
vt 0.876061 0.007533
vt 0.901680 0.090322
vt 0.874909 0.447683
vt 0.932952 0.307795
vt 0.874807 0.447625
vt 0.901837 0.963548
vt 0.875904 0.173366
vt 0.905286 0.106068
vt 0.875811 0.173439
vt 0.868990 0.476226
vt 0.821602 0.290419
vt 0.844440 0.764835
vt 0.821485 0.290452
vt 0.314856 0.980939
vt 0.845794 0.792148
vt 0.839713 0.928975
vt 0.845896 0.792148
vt 0.933755 0.207046
vt 0.879286 0.090525
vt 0.810766 0.503085
vt 0.879168 0.090558
vt 0.883956 0.383566
vt 0.838314 0.409679
vt 0.890780 0.207046
vt 0.838212 0.409737
vt 0.910986 0.626142
vt 0.886792 0.504938
vt 0.893105 0.105974
vt 0.886684 0.504895
vt 0.911620 0.085730
vt 0.900261 0.488087
vt 0.899405 0.088473
vt 0.900364 0.488146
vt 0.903011 0.107916
vt 0.899257 0.506150
vt 0.904669 0.085730
vt 0.899155 0.506209
vt 0.921559 0.006664
vt 0.890913 0.515023
vt 0.886231 0.381717
vt 0.891015 0.514963
vt 0.895380 0.107823
vt 0.902889 0.583561
vt 0.914609 0.006664
vt 0.902786 0.583502
vt 0.628875 -0.000160
vt 0.109074 0.000015
vt 0.795943 0.937073
vt 0.720437 0.839512
vt 0.109134 -0.000078
vt 0.896366 0.094332
vt 0.796230 0.937073
vt 0.109175 0.000022
vt 0.896348 0.094226
vt 0.720437 -0.000160
vt 0.126363 0.010561
vt 0.796230 0.627563
vt 0.628875 0.839513
vt 0.126314 0.010662
vt 0.115245 0.039867
vt 0.795943 0.627563
vt 0.916591 0.725077
vt 0.126261 0.010568
vt 0.115347 0.039860
vt 0.399202 0.016733
vt 0.434071 0.883282
vt 0.548735 0.852095
vt 0.434067 0.883570
vt 0.893282 0.615894
vt 0.123149 0.000203
vt 0.870935 0.193727
vt 0.399202 0.005981
vt 0.752965 0.937659
vt 0.123232 0.000029
vt 0.408500 0.882198
vt 0.870833 0.193565
vt 0.548735 0.862692
vt 0.123252 0.000221
vt 0.408864 0.882501
vt 0.753118 0.895234
vt 0.870319 0.235985
vt 0.878498 0.655047
vt 0.870415 0.235993
vt 0.102685 0.959530
vt 0.896434 0.496775
vt 0.885275 0.615748
vt 0.881385 0.966518
vt 0.885372 0.615711
vt 0.884134 0.973796
vt 0.887213 0.623314
vt 0.887692 0.152248
vt 0.548735 -0.000160
vt 0.722073 0.882561
vt 0.887608 0.152184
vt 0.102685 0.951522
vt 0.399202 0.869149
vt 0.887747 0.152062
vt 0.887150 0.623497
vt 0.722247 0.882198
vt 0.752993 0.929643
vt 0.870736 0.201580
vt 0.890534 0.623172
vt 0.870839 0.201583
vt 0.869349 0.934643
vt 0.877311 0.582413
vt 0.896339 0.462358
vt 0.877219 0.582445
vt 0.399202 0.856641
vt 0.700436 0.894332
vt 0.548735 0.012268
vt 0.700401 0.894618
vt 0.726515 0.839512
vt 0.890570 0.095828
vt 0.890547 0.095722
vt 0.761336 -0.000147
vt 0.663637 0.842741
vt 0.898197 0.757249
vt 0.800860 -0.000004
vt 0.115347 0.000125
vt 0.733155 -0.000160
vt 0.801149 0.000025
vt 0.115232 0.000166
vt 0.911174 0.722107
vt 0.126239 0.004018
vt 0.726515 -0.000160
vt 0.126341 0.004010
vt 0.596153 0.836386
vt 0.787223 0.736108
vt 0.404171 0.016544
vt 0.787066 0.736105
vt 0.596163 0.852331
vt 0.347182 0.973635
vt 0.788468 0.682043
vt 0.130455 0.952934
vt 0.404172 0.000130
vt 0.758374 0.943039
vt 0.347118 0.973549
vt 0.788319 0.681718
vt 0.901014 0.807224
vt 0.927331 0.092940
vt 0.347182 0.973492
vt 0.900970 0.807299
vt 0.130585 0.952906
vt 0.927331 0.140717
vt 0.900962 0.854977
vt 0.758594 0.895271
vt 0.900996 0.854976
vt 0.880199 0.391408
vt 0.924549 0.048232
vt 0.108119 0.959350
vt 0.891001 0.496978
vt 0.924591 0.048227
vt 0.343550 0.973630
vt 0.924670 0.061337
vt 0.882339 0.404459
vt 0.108118 0.946164
vt 0.404172 0.875005
vt 0.343487 0.973572
vt 0.924714 0.061412
vt 0.788353 0.946202
vt 0.596163 0.000127
vt 0.343550 0.973486
vt 0.788468 0.945866
vt 0.882258 0.404575
vt 0.927256 0.106624
vt 0.900840 0.820953
vt 0.758424 0.929300
vt 0.900882 0.820958
vt 0.890873 0.462344
vt 0.924618 0.013592
vt 0.874516 0.357332
vt 0.924583 0.013591
vt 0.887398 0.059447
vt 0.060480 0.000130
vt 0.109175 0.039765
vt 0.096843 0.019428
vt 0.760479 0.817506
vt 0.060480 0.000301
vt 0.800860 0.311560
vt 0.096914 0.019275
vt 0.733155 0.839512
vt 0.060371 0.000254
vt 0.109022 0.039720
vt 0.801149 0.311560
vt 0.596155 0.012402
vt 0.783478 0.905114
vt 0.404171 0.862327
vt 0.783321 0.905108
vt 0.860950 0.780848
vt 0.625886 0.852095
vt 0.589940 0.836199
vt 0.590386 0.836201
vt 0.130585 0.961587
vt 0.920690 0.097883
vt 0.870781 0.780848
vt 0.130526 0.961726
vt 0.590252 0.846562
vt 0.920552 0.097920
vt 0.130456 0.961594
vt 0.590384 0.846600
vt 0.870781 0.823711
vt 0.920592 0.140851
vt 0.920730 0.140849
vt 0.618594 -0.000160
vt 0.885229 0.809891
vt 0.873664 0.392956
vt 0.873798 0.392926
vt 0.875088 0.400692
vt 0.590389 0.005857
vt 0.875024 0.400814
vt 0.625886 -0.000160
vt 0.874948 0.400685
vt 0.590257 0.005895
vt 0.870781 0.788707
vt 0.920558 0.105792
vt 0.920696 0.105801
vt 0.868081 0.358503
vt 0.885229 0.774887
vt 0.867945 0.358528
vt 0.861022 0.823711
vt 0.884136 0.063520
vt 0.884224 0.063447
vt 0.625886 0.012268
vt 0.589943 0.018193
vt 0.590391 0.017963
vt 0.730165 0.839512
vt 0.886838 0.097325
vt 0.632606 0.982559
vt 0.861022 0.788629
vt 0.618666 0.852172
vt 0.886695 0.097391
vt 0.632659 0.982247
vt 0.886787 0.097225
vt 0.896299 0.752938
vt 0.782178 0.966152
vt 0.873771 0.774887
vt 0.782076 0.966079
vt 0.730165 -0.000160
vt 0.126363 0.000076
vt 0.343472 0.982559
vt 0.907944 0.720277
vt 0.126261 0.000085
vt 0.782207 0.931174
vt 0.618666 0.012191
vt 0.873771 0.809969
vt 0.126305 -0.000107
vt 0.782106 0.931009
vt 0.343085 0.982247
vt 0.835131 0.771913
vt 0.142226 0.006651
vt 0.549498 0.929751
vt 0.069683 0.981217
vt 0.834830 0.317403
vt 0.778854 0.958684
vt 0.549511 0.929636
vt 0.158123 0.980942
vt 0.549586 0.929696
vt 0.142125 0.006651
vt 0.778869 0.958453
vt 0.158122 -0.000160
vt 0.121720 0.965605
vt 0.136044 0.006653
vt 0.381593 0.958452
vt 0.831837 0.306209
vt 0.069682 0.000127
vt 0.121638 0.965654
vt 0.812511 0.764286
vt 0.381603 0.958685
vt 0.838121 0.776881
vt 0.121638 0.965541
vt 0.135942 0.006653
vt 0.812616 0.764274
vt 0.831838 0.241590
vt 0.812512 0.699672
vt 0.838121 0.712274
vt 0.812616 0.699672
vt 0.835131 0.707306
vt 0.489561 0.929751
vt 0.834828 0.252782
vt 0.489561 0.929637
vt 0.069682 0.016239
vt 0.415857 0.958686
vt 0.158122 0.015956
vt 0.415857 0.958452
vt 0.069682 0.912431
vt 0.632311 0.958685
vt 0.158122 0.912150
vt 0.632311 0.958452
vt 0.831838 0.294151
vt 0.812512 0.752228
vt 0.838121 0.764835
vt 0.812616 0.752228
vt 0.834829 0.305343
vt 0.538323 0.929637
vt 0.835131 0.759867
vt 0.538323 0.929751
vt 0.329022 -0.000160
vt 0.087510 0.004198
vt 0.381634 0.954995
vt 0.821474 0.316918
vt 0.055304 0.981217
vt 0.087472 0.004291
vt 0.845043 0.152184
vt 0.381649 0.955227
vt 0.835757 0.941022
vt 0.087408 0.004198
vt 0.844937 0.152197
vt 0.832768 0.941023
vt 0.014435 0.004199
vt 0.825823 0.617393
vt 0.822727 0.605864
vt 0.055304 0.000127
vt 0.014373 0.004291
vt 0.778910 0.955228
vt 0.825719 0.617380
vt 0.329022 0.980939
vt 0.014333 0.004199
vt 0.778920 0.954996
vt 0.822729 0.670483
vt 0.825719 0.682004
vt 0.832768 0.876415
vt 0.825823 0.682004
vt 0.835757 0.876415
vt 0.844937 0.216801
vt 0.821471 0.381538
vt 0.845042 0.216801
vt 0.055304 0.016239
vt 0.744655 0.955229
vt 0.329022 0.964823
vt 0.744655 0.954995
vt 0.055305 0.912431
vt 0.528196 0.955230
vt 0.329022 0.068632
vt 0.528196 0.954996
vt 0.822728 0.617922
vt 0.825719 0.629439
vt 0.832768 0.928976
vt 0.825823 0.629439
vt 0.821473 0.328977
vt 0.845043 0.164243
vt 0.835757 0.928975
vt 0.844937 0.164243
vt 0.841947 0.252782
vt 0.859200 0.220211
vt 0.850457 0.254970
vt 0.859094 0.220211
vt 0.850457 0.307531
vt 0.859094 0.167660
vt 0.841947 0.305343
vt 0.859200 0.167660
vt 0.854531 0.777627
vt 0.849307 0.948299
vt 0.824716 0.300072
vt 0.063988 0.007803
vt 0.849412 0.948442
vt 0.792951 0.410390
vt 0.381528 0.936147
vt 0.792728 0.410768
vt 0.849245 0.948385
vt 0.854531 0.771849
vt 0.849307 0.942520
vt 0.824715 0.294151
vt 0.849411 0.942520
vt 0.381528 0.000270
vt 0.792728 0.817024
vt 0.646921 0.888661
vt 0.064254 0.973546
vt 0.841946 0.311550
vt 0.646857 0.888839
vt 0.792951 0.817410
vt 0.859201 0.161455
vt 0.850457 0.313596
vt 0.859094 0.161597
vt 0.646820 0.888661
vt 0.381539 0.059609
vt 0.792468 0.671956
vt 0.063988 0.912431
vt 0.792692 0.671956
vt 0.381535 0.928105
vt 0.792708 0.430419
vt 0.063989 0.016239
vt 0.792932 0.430420
vt 0.854531 0.719288
vt 0.849307 0.889954
vt 0.824715 0.241590
vt 0.849411 0.889954
vt 0.364460 0.965262
vt 0.124706 0.936606
vt 0.791088 0.000499
vt 0.852401 0.780849
vt 0.124604 0.936606
vt 0.847361 0.465370
vt 0.828590 0.322770
vt 0.060733 0.973546
vt 0.124642 0.936428
vt 0.847467 0.465512
vt 0.791310 0.000113
vt 0.860615 0.777626
vt 0.050766 0.981600
vt 0.638147 0.848911
vt 0.857625 0.775716
vt 0.364460 -0.000160
vt 0.050671 0.981638
vt 0.638248 0.848911
vt 0.791087 0.406758
vt 0.815606 0.612002
vt 0.060998 0.007803
vt 0.050671 0.981449
vt 0.791310 0.407136
vt 0.857521 0.775859
vt 0.860615 0.719287
vt 0.857625 0.717377
vt 0.815606 0.670483
vt 0.857522 0.717377
vt 0.828591 0.381538
vt 0.847466 0.406731
vt 0.852401 0.839475
vt 0.847361 0.406731
vt 0.364460 0.008117
vt 0.791067 0.387107
vt 0.060997 0.016239
vt 0.791291 0.387107
vt 0.364460 0.904309
vt 0.790825 0.145569
vt 0.060998 0.912431
vt 0.791049 0.145568
vt 0.860615 0.771848
vt 0.857625 0.769938
vt 0.815606 0.617922
vt 0.857521 0.769938
vt 0.852401 0.786914
vt 0.847361 0.459304
vt 0.828591 0.328977
vt 0.847466 0.459304
vt 0.646921 0.882686
vt 0.386925 0.000269
vt 0.646820 0.882686
vt 0.856001 0.313596
vt 0.012652 0.974184
vt 0.810767 0.480454
vt 0.646866 0.882504
vt 0.856105 0.313747
vt 0.387021 0.000113
vt 0.370004 0.965262
vt 0.124706 0.942581
vt 0.784402 0.412892
vt 0.810766 0.795290
vt 0.033126 0.008402
vt 0.124650 0.942763
vt 0.856510 0.466240
vt 0.784635 0.413262
vt 0.857945 0.780849
vt 0.124604 0.942581
vt 0.856614 0.466089
vt 0.844939 0.944619
vt 0.848988 0.777627
vt 0.844876 0.944705
vt 0.386915 0.936152
vt 0.012917 0.008449
vt 0.811857 0.156624
vt 0.844778 0.944548
vt 0.387005 0.936310
vt 0.848885 0.777778
vt 0.866159 0.777626
vt 0.638147 0.842936
vt 0.867227 0.313891
vt 0.818484 0.170321
vt 0.033392 0.974137
vt 0.638194 0.842756
vt 0.784635 0.000121
vt 0.867329 0.314042
vt 0.370004 -0.000160
vt 0.638248 0.842936
vt 0.784402 0.000485
vt 0.848988 0.719288
vt 0.811857 0.098134
vt 0.848885 0.719288
vt 0.818484 0.228811
vt 0.867329 0.255548
vt 0.866159 0.719287
vt 0.867227 0.255548
vt 0.810766 0.421677
vt 0.856104 0.254970
vt 0.856001 0.254970
vt 0.857945 0.839475
vt 0.856613 0.407470
vt 0.810766 0.854067
vt 0.856510 0.407470
vt 0.386915 0.928105
vt 0.012917 0.016879
vt 0.387366 0.928107
vt 0.033392 0.965707
vt 0.784598 0.019835
vt 0.370004 0.008117
vt 0.784366 0.019840
vt 0.386924 0.059610
vt 0.012918 0.913074
vt 0.387375 0.059609
vt 0.033392 0.069513
vt 0.784126 0.270147
vt 0.370004 0.904309
vt 0.783894 0.270147
vt 0.848988 0.771849
vt 0.811857 0.150698
vt 0.848885 0.771852
vt 0.818484 0.176247
vt 0.867329 0.308116
vt 0.866159 0.771848
vt 0.867227 0.308112
vt 0.856001 0.307531
vt 0.810766 0.474242
vt 0.856104 0.307534
vt 0.810766 0.801503
vt 0.856510 0.460029
vt 0.857945 0.786914
vt 0.856614 0.460025
vt 0.799220 0.965101
vt 0.774306 0.932534
vt 0.132003 0.023644
vt 0.353834 0.002765
vt 0.765739 0.474340
vt 0.132127 0.023638
vt 0.005670 0.982457
vt 0.818442 0.487980
vt 0.132075 0.023772
vt 0.774170 0.932502
vt 0.765471 0.474427
vt 0.361304 0.002764
vt 0.033225 0.979596
vt 0.132127 0.013503
vt 0.772732 0.470331
vt 0.807125 0.965101
vt 0.033116 0.979660
vt 0.132003 0.013497
vt 0.551864 0.908174
vt 0.818441 0.787765
vt 0.026144 0.000130
vt 0.033116 0.979511
vt 0.551835 0.908028
vt 0.772464 0.470244
vt 0.353830 0.962638
vt 0.765739 0.944360
vt 0.597319 0.859852
vt 0.809522 0.791996
vt 0.597409 0.859760
vt 0.005670 0.000130
vt 0.804139 0.164436
vt 0.765469 0.944282
vt 0.597445 0.859903
vt 0.801617 0.791996
vt 0.034539 0.002742
vt 0.590660 0.852687
vt 0.343278 0.977885
vt 0.361335 0.962638
vt 0.034430 0.002679
vt 0.590577 0.852787
vt 0.772732 0.000362
vt 0.810766 0.162510
vt 0.026145 0.982456
vt 0.034539 0.002594
vt 0.772463 0.000445
vt 0.343308 0.977741
vt 0.804138 0.098134
vt 0.658899 0.857050
vt 0.809522 0.725662
vt 0.658893 0.856906
vt 0.801617 0.725662
vt 0.404823 0.977885
vt 0.810766 0.228811
vt 0.404823 0.977740
vt 0.799220 0.898767
vt 0.774306 0.866195
vt 0.818442 0.421677
vt 0.774171 0.866195
vt 0.818442 0.854067
vt 0.490320 0.908029
vt 0.807125 0.898767
vt 0.490320 0.908174
vt 0.005670 0.016615
vt 0.765021 0.909836
vt 0.353691 0.946428
vt 0.765291 0.909837
vt 0.361471 0.946428
vt 0.772712 0.034890
vt 0.026145 0.965972
vt 0.772443 0.034895
vt 0.005670 0.913099
vt 0.765245 0.619576
vt 0.353681 0.070916
vt 0.765514 0.619576
vt 0.361471 0.070916
vt 0.772532 0.325116
vt 0.026145 0.069488
vt 0.772263 0.325116
vt 0.804138 0.151039
vt 0.609862 0.859327
vt 0.809522 0.778570
vt 0.609854 0.859183
vt 0.801617 0.778570
vt 0.355735 0.977885
vt 0.810766 0.175907
vt 0.355738 0.977741
vt 0.818442 0.474573
vt 0.774171 0.919094
vt 0.799220 0.951666
vt 0.774306 0.919097
vt 0.807125 0.951666
vt 0.539399 0.908174
vt 0.818441 0.801172
vt 0.539396 0.908028
vt 0.131718 0.018516
vt 0.803223 0.967856
vt 0.131842 0.018514
vt 0.357620 -0.000159
vt 0.131842 0.018627
vt 0.357517 -0.000159
vt 0.131718 0.018625
vt 0.803122 0.967856
vt 0.594109 0.856060
vt 0.357636 0.965529
vt 0.594197 0.855966
vt 0.805519 0.794751
vt 0.594270 0.856042
vt 0.805620 0.794751
vt 0.594185 0.856139
vt 0.357530 0.965529
vt 0.805519 0.725662
vt 0.805620 0.725662
vt 0.803122 0.898767
vt 0.803223 0.898767
vt 0.357809 0.946409
vt 0.357353 0.946409
vt 0.357805 0.070922
vt 0.357347 0.070922
vt 0.805519 0.778570
vt 0.805620 0.778570
vt 0.803223 0.951666
vt 0.803122 0.951666
s 1
usemtl MT01_Royal_Port_Herod
f 2761/5709/477 2762/5710/478 2713/5655/479 2710/5652/480
f 2767/5718/481 2764/5713/482 2711/5653/483 2714/5656/484
f 2778/5737/485 2775/5733/486 2718/5661/487 2712/5654/488
f 2772/5725/489 2776/5734/490 2719/5662/491 2717/5659/492
f 2769/5721/493 2767/5718/481 2714/5656/484 2715/5657/494
f 2775/5733/486 2771/5724/495 2716/5658/496 2718/5661/487
f 2771/5724/495 2769/5721/493 2715/5657/494 2716/5658/496
f 2765/5714/497 2728/5672/498 2722/5666/499 2773/5727/500
f 2777/5735/501 2720/5663/502 2729/5673/503 2760/5707/504
f 2766/5716/505 2768/5719/506 2724/5668/507 2725/5669/508
f 2784/5744/509 2789/5750/510 2715/5657/494 2714/5656/484
f 2768/5719/506 2770/5722/511 2723/5667/512 2724/5668/507
f 2783/5743/513 2719/5662/491 2710/5652/480 2782/5742/514
f 2765/5714/497 2766/5716/505 2725/5669/508 2728/5672/498
f 2780/5740/515 2788/5749/516 2712/5654/488 2718/5661/487
f 2786/5746/517 2717/5659/492 2719/5662/491 2783/5743/513
f 2770/5722/511 2774/5731/518 2721/5664/519 2723/5667/512
f 2781/5741/520 2780/5740/515 2718/5661/487 2716/5658/496
f 2807/5779/521 2749/5695/522 2740/5685/523 2790/5751/524
f 2785/5745/525 2784/5744/509 2714/5656/484 2711/5653/483
f 2785/5745/525 2711/5653/483 2717/5660/492 2786/5747/517
f 2774/5731/518 2779/5738/526 2727/5671/527 2721/5664/519
f 2764/5713/482 2772/5726/489 2717/5660/492 2711/5653/483
f 2788/5749/516 2787/5748/528 2713/5655/479 2712/5654/488
f 2760/5707/504 2729/5673/503 2726/5670/529 2763/5711/530
f 2762/5710/478 2778/5737/485 2712/5654/488 2713/5655/479
f 2779/5738/526 2763/5711/530 2726/5670/529 2727/5671/527
f 2782/5742/514 2710/5652/480 2713/5655/479 2787/5748/528
f 2773/5728/500 2722/5665/499 2720/5663/502 2777/5735/501
f 2789/5750/510 2781/5741/520 2716/5658/496 2715/5657/494
f 2721/5664/519 2727/5671/527 2704/5645/527 2708/5650/531
f 2720/5663/502 2702/5643/532 2705/5646/503 2729/5673/503
f 2727/5671/527 2726/5670/529 2700/5641/529 2704/5645/527
f 2722/5665/499 2707/5648/499 2702/5643/532 2720/5663/502
f 2723/5667/512 2721/5664/519 2708/5650/531 2701/5642/533
f 2728/5672/498 2703/5644/498 2707/5649/499 2722/5666/499
f 2724/5668/507 2723/5667/512 2701/5642/533 2706/5647/534
f 2725/5669/508 2724/5668/507 2706/5647/534 2709/5651/508
f 2728/5672/498 2725/5669/508 2709/5651/508 2703/5644/498
f 2729/5673/503 2705/5646/503 2700/5641/529 2726/5670/529
f 2793/5755/535 2743/5688/536 2742/5687/537 2809/5782/538
f 2796/5760/539 2744/5689/540 2741/5686/541 2795/5758/542
f 2809/5782/538 2742/5687/537 2748/5694/543 2804/5775/544
f 2803/5771/545 2747/5692/546 2749/5695/522 2807/5779/521
f 2798/5763/547 2745/5690/548 2744/5689/540 2796/5760/539
f 2804/5775/544 2748/5694/543 2746/5691/549 2800/5766/550
f 2800/5766/550 2746/5691/549 2745/5690/548 2798/5763/547
f 2795/5758/542 2741/5686/541 2747/5693/546 2803/5772/545
f 2790/5751/524 2740/5685/523 2743/5688/536 2793/5755/535
f 2797/5762/551 2755/5702/552 2754/5701/553 2799/5765/554
f 2818/5796/555 2744/5689/540 2745/5690/548 2829/5814/556
f 2799/5765/554 2754/5701/553 2753/5700/557 2801/5768/558
f 2815/5792/559 2824/5806/560 2743/5688/536 2740/5685/523
f 2810/5784/561 2748/5694/543 2742/5687/537 2827/5811/562
f 2794/5757/563 2802/5770/564 2752/5699/565 2758/5705/566
f 2813/5789/567 2746/5691/549 2748/5694/543 2810/5784/561
f 2823/5805/568 2816/5793/569 2749/5695/522 2747/5692/546
f 2801/5768/558 2753/5700/557 2751/5697/570 2805/5777/571
f 2821/5801/572 2741/5686/541 2744/5689/540 2818/5796/555
f 2816/5793/569 2815/5792/559 2740/5685/523 2749/5695/522
f 2821/5801/572 2823/5804/568 2747/5693/546 2741/5686/541
f 2805/5777/571 2751/5697/570 2757/5704/573 2808/5781/574
f 2794/5757/563 2758/5705/566 2755/5702/552 2797/5762/551
f 2827/5811/562 2742/5687/537 2743/5688/536 2824/5806/560
f 2791/5753/575 2792/5754/576 2756/5703/577 2759/5706/578
f 2806/5778/579 2791/5753/575 2759/5706/578 2750/5696/580
f 2808/5781/574 2757/5704/573 2756/5703/577 2792/5754/576
f 2802/5769/564 2806/5778/579 2750/5696/580 2752/5698/565
f 2829/5814/556 2745/5690/548 2746/5691/549 2813/5789/567
f 2751/5697/570 2738/5683/570 2734/5678/573 2757/5704/573
f 2750/5696/580 2759/5706/578 2735/5679/581 2732/5676/580
f 2757/5704/573 2734/5678/573 2730/5674/577 2756/5703/577
f 2752/5698/565 2750/5696/580 2732/5676/580 2737/5681/565
f 2753/5700/557 2731/5675/557 2738/5683/570 2751/5697/570
f 2758/5705/566 2752/5699/565 2737/5682/565 2733/5677/566
f 2754/5701/553 2736/5680/582 2731/5675/557 2753/5700/557
f 2755/5702/552 2739/5684/552 2736/5680/582 2754/5701/553
f 2758/5705/566 2733/5677/566 2739/5684/552 2755/5702/552
f 2759/5706/578 2756/5703/577 2730/5674/577 2735/5679/581
f 2779/5739/526 2774/5732/518 2775/5733/486 2778/5737/485
f 2777/5736/501 2760/5708/504 2761/5709/477 2776/5734/490
f 2763/5712/530 2779/5739/526 2778/5737/485 2762/5710/478
f 2773/5729/500 2777/5736/501 2776/5734/490 2772/5725/489
f 2774/5732/518 2770/5723/511 2771/5724/495 2775/5733/486
f 2765/5715/497 2773/5730/500 2772/5726/489 2764/5713/482
f 2770/5723/511 2768/5720/506 2769/5721/493 2771/5724/495
f 2768/5720/506 2766/5717/505 2767/5718/481 2769/5721/493
f 2766/5717/505 2765/5715/497 2764/5713/482 2767/5718/481
f 2760/5708/504 2763/5712/530 2762/5710/478 2761/5709/477
f 2809/5783/538 2804/5776/544 2805/5777/571 2808/5781/574
f 2807/5780/521 2790/5752/524 2791/5753/575 2806/5778/579
f 2793/5756/535 2809/5783/538 2808/5781/574 2792/5754/576
f 2803/5773/545 2807/5780/521 2806/5778/579 2802/5769/564
f 2804/5776/544 2800/5767/550 2801/5768/558 2805/5777/571
f 2795/5759/542 2803/5774/545 2802/5770/564 2794/5757/563
f 2800/5767/550 2798/5764/547 2799/5765/554 2801/5768/558
f 2798/5764/547 2796/5761/539 2797/5762/551 2799/5765/554
f 2796/5761/539 2795/5759/542 2794/5757/563 2797/5762/551
f 2790/5752/524 2793/5756/535 2792/5754/576 2791/5753/575
f 2811/5785/583 2812/5787/584 2813/5789/567 2810/5784/561
f 2815/5792/559 2816/5793/569 2817/5794/585 2814/5790/586
f 2819/5797/587 2820/5799/588 2821/5801/572 2818/5796/555
f 2823/5804/568 2821/5801/572 2820/5800/588 2822/5802/589
f 2825/5807/590 2826/5809/591 2827/5811/562 2824/5806/560
f 2824/5806/560 2815/5792/559 2814/5791/586 2825/5808/590
f 2812/5788/584 2828/5812/592 2829/5814/556 2813/5789/567
f 2816/5793/569 2823/5805/568 2822/5803/589 2817/5795/585
f 2826/5810/591 2811/5786/583 2810/5784/561 2827/5811/562
f 2828/5813/592 2819/5798/587 2818/5796/555 2829/5814/556
f 2776/5734/490 2761/5709/477 2710/5652/480 2719/5662/491
f 2891/5883/477 2892/5884/478 2843/5829/479 2840/5826/480
f 2897/5892/481 2894/5887/482 2841/5827/483 2844/5830/484
f 2908/5911/485 2905/5907/486 2848/5835/487 2842/5828/488
f 2902/5899/489 2906/5908/490 2849/5836/491 2847/5833/492
f 2899/5895/493 2897/5892/481 2844/5830/484 2845/5831/494
f 2905/5907/486 2901/5898/495 2846/5832/496 2848/5835/487
f 2901/5898/495 2899/5895/493 2845/5831/494 2846/5832/496
f 2895/5888/497 2858/5846/498 2852/5840/499 2903/5901/593
f 2907/5909/501 2850/5837/502 2859/5847/594 2890/5881/504
f 2896/5890/505 2898/5893/506 2854/5842/507 2855/5843/508
f 2914/5918/509 2919/5924/510 2845/5831/494 2844/5830/484
f 2898/5893/506 2900/5896/511 2853/5841/533 2854/5842/507
f 2913/5917/513 2849/5836/491 2840/5826/480 2912/5916/514
f 2895/5888/497 2896/5890/505 2855/5843/508 2858/5846/498
f 2910/5914/515 2918/5923/516 2842/5828/488 2848/5835/487
f 2916/5920/517 2847/5833/492 2849/5836/491 2913/5917/513
f 2900/5896/511 2904/5905/518 2851/5838/519 2853/5841/533
f 2911/5915/520 2910/5914/515 2848/5835/487 2846/5832/496
f 2937/5953/521 2879/5869/522 2870/5859/523 2920/5925/524
f 2915/5919/525 2914/5918/509 2844/5830/484 2841/5827/483
f 2915/5919/525 2841/5827/483 2847/5834/492 2916/5921/517
f 2904/5905/518 2909/5912/526 2857/5845/527 2851/5838/519
f 2894/5887/482 2902/5900/489 2847/5834/492 2841/5827/483
f 2918/5923/516 2917/5922/528 2843/5829/479 2842/5828/488
f 2890/5881/504 2859/5847/594 2856/5844/529 2893/5885/530
f 2892/5884/478 2908/5911/485 2842/5828/488 2843/5829/479
f 2909/5912/526 2893/5885/530 2856/5844/529 2857/5845/527
f 2912/5916/514 2840/5826/480 2843/5829/479 2917/5922/528
f 2903/5902/593 2852/5839/499 2850/5837/502 2907/5909/501
f 2919/5924/510 2911/5915/520 2846/5832/496 2845/5831/494
f 2851/5838/519 2857/5845/527 2834/5819/527 2838/5824/519
f 2850/5837/502 2832/5817/532 2835/5820/503 2859/5847/594
f 2857/5845/527 2856/5844/529 2830/5815/529 2834/5819/527
f 2852/5839/499 2837/5822/499 2832/5817/532 2850/5837/502
f 2853/5841/533 2851/5838/519 2838/5824/519 2831/5816/533
f 2858/5846/498 2833/5818/498 2837/5823/499 2852/5840/499
f 2854/5842/507 2853/5841/533 2831/5816/533 2836/5821/534
f 2855/5843/508 2854/5842/507 2836/5821/534 2839/5825/508
f 2858/5846/498 2855/5843/508 2839/5825/508 2833/5818/498
f 2859/5847/594 2835/5820/503 2830/5815/529 2856/5844/529
f 2923/5929/535 2873/5862/536 2872/5861/537 2939/5956/538
f 2926/5934/539 2874/5863/540 2871/5860/541 2925/5932/542
f 2939/5956/538 2872/5861/537 2878/5868/543 2934/5949/544
f 2933/5945/545 2877/5866/546 2879/5869/522 2937/5953/521
f 2928/5937/547 2875/5864/548 2874/5863/540 2926/5934/539
f 2934/5949/544 2878/5868/543 2876/5865/549 2930/5940/550
f 2930/5940/550 2876/5865/549 2875/5864/548 2928/5937/547
f 2925/5932/542 2871/5860/541 2877/5867/546 2933/5946/545
f 2920/5925/524 2870/5859/523 2873/5862/536 2923/5929/535
f 2927/5936/551 2885/5876/552 2884/5875/595 2929/5939/554
f 2948/5970/555 2874/5863/540 2875/5864/548 2959/5988/556
f 2929/5939/554 2884/5875/595 2883/5874/557 2931/5942/558
f 2945/5966/559 2954/5980/560 2873/5862/536 2870/5859/523
f 2940/5958/561 2878/5868/543 2872/5861/537 2957/5985/562
f 2924/5931/563 2932/5944/564 2882/5873/565 2888/5879/566
f 2943/5963/567 2876/5865/549 2878/5868/543 2940/5958/561
f 2953/5979/568 2946/5967/569 2879/5869/522 2877/5866/546
f 2931/5942/558 2883/5874/557 2881/5871/570 2935/5951/571
f 2951/5975/572 2871/5860/541 2874/5863/540 2948/5970/555
f 2946/5967/569 2945/5966/559 2870/5859/523 2879/5869/522
f 2951/5975/572 2953/5978/568 2877/5867/546 2871/5860/541
f 2935/5951/571 2881/5871/570 2887/5878/573 2938/5955/574
f 2924/5931/563 2888/5879/566 2885/5876/552 2927/5936/551
f 2957/5985/562 2872/5861/537 2873/5862/536 2954/5980/560
f 2921/5927/575 2922/5928/576 2886/5877/577 2889/5880/578
f 2936/5952/579 2921/5927/575 2889/5880/578 2880/5870/580
f 2938/5955/574 2887/5878/573 2886/5877/577 2922/5928/576
f 2932/5943/564 2936/5952/579 2880/5870/580 2882/5872/565
f 2959/5988/556 2875/5864/548 2876/5865/549 2943/5963/567
f 2881/5871/570 2868/5857/570 2864/5852/573 2887/5878/573
f 2880/5870/580 2889/5880/578 2865/5853/581 2862/5850/580
f 2887/5878/573 2864/5852/573 2860/5848/577 2886/5877/577
f 2882/5872/565 2880/5870/580 2862/5850/580 2867/5855/565
f 2883/5874/557 2861/5849/557 2868/5857/570 2881/5871/570
f 2888/5879/566 2882/5873/565 2867/5856/565 2863/5851/566
f 2884/5875/595 2866/5854/582 2861/5849/557 2883/5874/557
f 2885/5876/552 2869/5858/552 2866/5854/582 2884/5875/595
f 2888/5879/566 2863/5851/566 2869/5858/552 2885/5876/552
f 2889/5880/578 2886/5877/577 2860/5848/577 2865/5853/581
f 2909/5913/526 2904/5906/518 2905/5907/486 2908/5911/485
f 2907/5910/501 2890/5882/504 2891/5883/477 2906/5908/490
f 2893/5886/530 2909/5913/526 2908/5911/485 2892/5884/478
f 2903/5903/593 2907/5910/501 2906/5908/490 2902/5899/489
f 2904/5906/518 2900/5897/511 2901/5898/495 2905/5907/486
f 2895/5889/497 2903/5904/593 2902/5900/489 2894/5887/482
f 2900/5897/511 2898/5894/506 2899/5895/493 2901/5898/495
f 2898/5894/506 2896/5891/505 2897/5892/481 2899/5895/493
f 2896/5891/505 2895/5889/497 2894/5887/482 2897/5892/481
f 2890/5882/504 2893/5886/530 2892/5884/478 2891/5883/477
f 2939/5957/538 2934/5950/544 2935/5951/571 2938/5955/574
f 2937/5954/521 2920/5926/524 2921/5927/575 2936/5952/579
f 2923/5930/535 2939/5957/538 2938/5955/574 2922/5928/576
f 2933/5947/545 2937/5954/521 2936/5952/579 2932/5943/564
f 2934/5950/544 2930/5941/550 2931/5942/558 2935/5951/571
f 2925/5933/542 2933/5948/545 2932/5944/564 2924/5931/563
f 2930/5941/550 2928/5938/547 2929/5939/554 2931/5942/558
f 2928/5938/547 2926/5935/539 2927/5936/551 2929/5939/554
f 2926/5935/539 2925/5933/542 2924/5931/563 2927/5936/551
f 2920/5926/524 2923/5930/535 2922/5928/576 2921/5927/575
f 2941/5959/596 2942/5961/584 2943/5963/567 2940/5958/561
f 2945/5966/559 2946/5967/569 2947/5968/585 2944/5964/586
f 2949/5971/587 2950/5973/597 2951/5975/572 2948/5970/555
f 2953/5978/568 2951/5975/572 2950/5974/597 2952/5976/589
f 2955/5981/590 2956/5983/591 2957/5985/562 2954/5980/560
f 2954/5980/560 2945/5966/559 2944/5965/586 2955/5982/590
f 2942/5962/584 2958/5986/598 2959/5988/556 2943/5963/567
f 2946/5967/569 2953/5979/568 2952/5977/589 2947/5969/585
f 2956/5984/591 2941/5960/596 2940/5958/561 2957/5985/562
f 2958/5987/598 2949/5972/587 2948/5970/555 2959/5988/556
f 2906/5908/490 2891/5883/477 2840/5826/480 2849/5836/491
f 3021/6057/477 3022/6058/478 2973/6003/479 2970/6000/480
f 3027/6066/481 3024/6061/599 2971/6001/483 2974/6004/484
f 3038/6085/485 3035/6081/486 2978/6009/487 2972/6002/600
f 3032/6073/489 3036/6082/490 2979/6010/491 2977/6007/492
f 3029/6069/493 3027/6066/481 2974/6004/484 2975/6005/494
f 3035/6081/486 3031/6072/495 2976/6006/496 2978/6009/487
f 3031/6072/495 3029/6069/493 2975/6005/494 2976/6006/496
f 3025/6062/497 2988/6020/498 2982/6014/499 3033/6075/500
f 3037/6083/501 2980/6011/502 2989/6021/594 3020/6055/504
f 3026/6064/505 3028/6067/601 2984/6016/534 2985/6017/508
f 3044/6092/509 3049/6098/510 2975/6005/494 2974/6004/484
f 3028/6067/601 3030/6070/602 2983/6015/512 2984/6016/534
f 3043/6091/513 2979/6010/491 2970/6000/480 3042/6090/514
f 3025/6062/497 3026/6064/505 2985/6017/508 2988/6020/498
f 3040/6088/515 3048/6097/516 2972/6002/600 2978/6009/487
f 3046/6094/517 2977/6007/492 2979/6010/491 3043/6091/513
f 3030/6070/602 3034/6079/603 2981/6012/519 2983/6015/512
f 3041/6089/520 3040/6088/515 2978/6009/487 2976/6006/496
f 3067/6127/521 3009/6043/522 3000/6033/523 3050/6099/524
f 3045/6093/525 3044/6092/509 2974/6004/484 2971/6001/483
f 3045/6093/525 2971/6001/483 2977/6008/492 3046/6095/517
f 3034/6079/603 3039/6086/526 2987/6019/527 2981/6012/519
f 3024/6061/599 3032/6074/489 2977/6008/492 2971/6001/483
f 3048/6097/516 3047/6096/528 2973/6003/479 2972/6002/600
f 3020/6055/504 2989/6021/594 2986/6018/529 3023/6059/604
f 3022/6058/478 3038/6085/485 2972/6002/600 2973/6003/479
f 3039/6086/526 3023/6059/604 2986/6018/529 2987/6019/527
f 3042/6090/514 2970/6000/480 2973/6003/479 3047/6096/528
f 3033/6076/500 2982/6013/499 2980/6011/502 3037/6083/501
f 3049/6098/510 3041/6089/520 2976/6006/496 2975/6005/494
f 2981/6012/519 2987/6019/527 2964/5993/527 2968/5998/519
f 2980/6011/502 2962/5991/532 2965/5994/503 2989/6021/594
f 2987/6019/527 2986/6018/529 2960/5989/529 2964/5993/527
f 2982/6013/499 2967/5996/499 2962/5991/532 2980/6011/502
f 2983/6015/512 2981/6012/519 2968/5998/519 2961/5990/533
f 2988/6020/498 2963/5992/498 2967/5997/499 2982/6014/499
f 2984/6016/534 2983/6015/512 2961/5990/533 2966/5995/534
f 2985/6017/508 2984/6016/534 2966/5995/534 2969/5999/508
f 2988/6020/498 2985/6017/508 2969/5999/508 2963/5992/498
f 2989/6021/594 2965/5994/503 2960/5989/529 2986/6018/529
f 3053/6103/535 3003/6036/536 3002/6035/537 3069/6130/538
f 3056/6108/539 3004/6037/540 3001/6034/541 3055/6106/605
f 3069/6130/538 3002/6035/537 3008/6042/543 3064/6123/544
f 3063/6119/606 3007/6040/546 3009/6043/522 3067/6127/521
f 3058/6111/547 3005/6038/548 3004/6037/540 3056/6108/539
f 3064/6123/544 3008/6042/543 3006/6039/549 3060/6114/550
f 3060/6114/550 3006/6039/549 3005/6038/548 3058/6111/547
f 3055/6106/605 3001/6034/541 3007/6041/546 3063/6120/606
f 3050/6099/524 3000/6033/523 3003/6036/536 3053/6103/535
f 3057/6110/551 3015/6050/552 3014/6049/595 3059/6113/554
f 3078/6144/555 3004/6037/540 3005/6038/548 3089/6162/556
f 3059/6113/554 3014/6049/595 3013/6048/557 3061/6116/607
f 3075/6140/559 3084/6154/560 3003/6036/536 3000/6033/523
f 3070/6132/561 3008/6042/543 3002/6035/537 3087/6159/562
f 3054/6105/563 3062/6118/564 3012/6047/565 3018/6053/566
f 3073/6137/567 3006/6039/549 3008/6042/543 3070/6132/561
f 3083/6153/568 3076/6141/569 3009/6043/522 3007/6040/546
f 3061/6116/607 3013/6048/557 3011/6045/570 3065/6125/608
f 3081/6149/572 3001/6034/541 3004/6037/540 3078/6144/555
f 3076/6141/569 3075/6140/559 3000/6033/523 3009/6043/522
f 3081/6149/572 3083/6152/568 3007/6041/546 3001/6034/541
f 3065/6125/608 3011/6045/570 3017/6052/573 3068/6129/574
f 3054/6105/563 3018/6053/566 3015/6050/552 3057/6110/551
f 3087/6159/562 3002/6035/537 3003/6036/536 3084/6154/560
f 3051/6101/575 3052/6102/576 3016/6051/577 3019/6054/578
f 3066/6126/579 3051/6101/575 3019/6054/578 3010/6044/580
f 3068/6129/574 3017/6052/573 3016/6051/577 3052/6102/576
f 3062/6117/564 3066/6126/579 3010/6044/580 3012/6046/565
f 3089/6162/556 3005/6038/548 3006/6039/549 3073/6137/567
f 3011/6045/570 2998/6031/570 2994/6026/573 3017/6052/573
f 3010/6044/580 3019/6054/578 2995/6027/581 2992/6024/580
f 3017/6052/573 2994/6026/573 2990/6022/577 3016/6051/577
f 3012/6046/565 3010/6044/580 2992/6024/580 2997/6029/565
f 3013/6048/557 2991/6023/557 2998/6031/570 3011/6045/570
f 3018/6053/566 3012/6047/565 2997/6030/565 2993/6025/566
f 3014/6049/595 2996/6028/582 2991/6023/557 3013/6048/557
f 3015/6050/552 2999/6032/552 2996/6028/582 3014/6049/595
f 3018/6053/566 2993/6025/566 2999/6032/552 3015/6050/552
f 3019/6054/578 3016/6051/577 2990/6022/577 2995/6027/581
f 3039/6087/526 3034/6080/603 3035/6081/486 3038/6085/485
f 3037/6084/501 3020/6056/504 3021/6057/477 3036/6082/490
f 3023/6060/604 3039/6087/526 3038/6085/485 3022/6058/478
f 3033/6077/500 3037/6084/501 3036/6082/490 3032/6073/489
f 3034/6080/603 3030/6071/602 3031/6072/495 3035/6081/486
f 3025/6063/497 3033/6078/500 3032/6074/489 3024/6061/599
f 3030/6071/602 3028/6068/601 3029/6069/493 3031/6072/495
f 3028/6068/601 3026/6065/505 3027/6066/481 3029/6069/493
f 3026/6065/505 3025/6063/497 3024/6061/599 3027/6066/481
f 3020/6056/504 3023/6060/604 3022/6058/478 3021/6057/477
f 3069/6131/538 3064/6124/544 3065/6125/608 3068/6129/574
f 3067/6128/521 3050/6100/524 3051/6101/575 3066/6126/579
f 3053/6104/535 3069/6131/538 3068/6129/574 3052/6102/576
f 3063/6121/606 3067/6128/521 3066/6126/579 3062/6117/564
f 3064/6124/544 3060/6115/550 3061/6116/607 3065/6125/608
f 3055/6107/605 3063/6122/606 3062/6118/564 3054/6105/563
f 3060/6115/550 3058/6112/547 3059/6113/554 3061/6116/607
f 3058/6112/547 3056/6109/539 3057/6110/551 3059/6113/554
f 3056/6109/539 3055/6107/605 3054/6105/563 3057/6110/551
f 3050/6100/524 3053/6104/535 3052/6102/576 3051/6101/575
f 3071/6133/609 3072/6135/610 3073/6137/567 3070/6132/561
f 3075/6140/559 3076/6141/569 3077/6142/585 3074/6138/586
f 3079/6145/611 3080/6147/597 3081/6149/572 3078/6144/555
f 3083/6152/568 3081/6149/572 3080/6148/597 3082/6150/612
f 3085/6155/590 3086/6157/613 3087/6159/562 3084/6154/560
f 3084/6154/560 3075/6140/559 3074/6139/586 3085/6156/590
f 3072/6136/610 3088/6160/614 3089/6162/556 3073/6137/567
f 3076/6141/569 3083/6153/568 3082/6151/612 3077/6143/585
f 3086/6158/613 3071/6134/609 3070/6132/561 3087/6159/562
f 3088/6161/614 3079/6146/611 3078/6144/555 3089/6162/556
f 3036/6082/490 3021/6057/477 2970/6000/480 2979/6010/491
f 3151/6231/477 3152/6232/478 3103/6177/479 3100/6174/480
f 3157/6240/481 3154/6235/599 3101/6175/483 3104/6178/484
f 3168/6259/485 3165/6255/486 3108/6183/487 3102/6176/600
f 3162/6247/489 3166/6256/490 3109/6184/491 3107/6181/492
f 3159/6243/493 3157/6240/481 3104/6178/484 3105/6179/494
f 3165/6255/486 3161/6246/495 3106/6180/496 3108/6183/487
f 3161/6246/495 3159/6243/493 3105/6179/494 3106/6180/496
f 3155/6236/497 3118/6194/498 3112/6188/499 3163/6249/500
f 3167/6257/501 3110/6185/502 3119/6195/503 3150/6229/504
f 3156/6238/505 3158/6241/601 3114/6190/534 3115/6191/508
f 3174/6266/509 3179/6272/510 3105/6179/494 3104/6178/484
f 3158/6241/601 3160/6244/602 3113/6189/533 3114/6190/534
f 3173/6265/513 3109/6184/491 3100/6174/480 3172/6264/615
f 3155/6236/497 3156/6238/505 3115/6191/508 3118/6194/498
f 3170/6262/515 3178/6271/516 3102/6176/600 3108/6183/487
f 3176/6268/616 3107/6181/492 3109/6184/491 3173/6265/513
f 3160/6244/602 3164/6253/603 3111/6186/519 3113/6189/533
f 3171/6263/520 3170/6262/515 3108/6183/487 3106/6180/496
f 3197/6301/521 3139/6217/522 3130/6207/523 3180/6273/524
f 3175/6267/525 3174/6266/509 3104/6178/484 3101/6175/483
f 3175/6267/525 3101/6175/483 3107/6182/492 3176/6269/616
f 3164/6253/603 3169/6260/526 3117/6193/527 3111/6186/519
f 3154/6235/599 3162/6248/489 3107/6182/492 3101/6175/483
f 3178/6271/516 3177/6270/528 3103/6177/479 3102/6176/600
f 3150/6229/504 3119/6195/503 3116/6192/529 3153/6233/604
f 3152/6232/478 3168/6259/485 3102/6176/600 3103/6177/479
f 3169/6260/526 3153/6233/604 3116/6192/529 3117/6193/527
f 3172/6264/615 3100/6174/480 3103/6177/479 3177/6270/528
f 3163/6250/500 3112/6187/499 3110/6185/502 3167/6257/501
f 3179/6272/510 3171/6263/520 3106/6180/496 3105/6179/494
f 3111/6186/519 3117/6193/527 3094/6167/527 3098/6172/519
f 3110/6185/502 3092/6165/532 3095/6168/503 3119/6195/503
f 3117/6193/527 3116/6192/529 3090/6163/529 3094/6167/527
f 3112/6187/499 3097/6170/499 3092/6165/532 3110/6185/502
f 3113/6189/533 3111/6186/519 3098/6172/519 3091/6164/533
f 3118/6194/498 3093/6166/498 3097/6171/499 3112/6188/499
f 3114/6190/534 3113/6189/533 3091/6164/533 3096/6169/534
f 3115/6191/508 3114/6190/534 3096/6169/534 3099/6173/508
f 3118/6194/498 3115/6191/508 3099/6173/508 3093/6166/498
f 3119/6195/503 3095/6168/503 3090/6163/529 3116/6192/529
f 3183/6277/535 3133/6210/536 3132/6209/537 3199/6304/538
f 3186/6282/539 3134/6211/540 3131/6208/541 3185/6280/605
f 3199/6304/538 3132/6209/537 3138/6216/543 3194/6297/544
f 3193/6293/606 3137/6214/546 3139/6217/522 3197/6301/521
f 3188/6285/547 3135/6212/548 3134/6211/540 3186/6282/539
f 3194/6297/544 3138/6216/543 3136/6213/549 3190/6288/550
f 3190/6288/550 3136/6213/549 3135/6212/548 3188/6285/547
f 3185/6280/605 3131/6208/541 3137/6215/546 3193/6294/606
f 3180/6273/524 3130/6207/523 3133/6210/536 3183/6277/535
f 3187/6284/551 3145/6224/552 3144/6223/595 3189/6287/554
f 3208/6318/555 3134/6211/540 3135/6212/548 3219/6336/556
f 3189/6287/554 3144/6223/595 3143/6222/557 3191/6290/607
f 3205/6314/559 3214/6328/560 3133/6210/536 3130/6207/523
f 3200/6306/561 3138/6216/543 3132/6209/537 3217/6333/562
f 3184/6279/563 3192/6292/564 3142/6221/565 3148/6227/566
f 3203/6311/567 3136/6213/549 3138/6216/543 3200/6306/561
f 3213/6327/568 3206/6315/569 3139/6217/522 3137/6214/546
f 3191/6290/607 3143/6222/557 3141/6219/570 3195/6299/608
f 3211/6323/572 3131/6208/541 3134/6211/540 3208/6318/555
f 3206/6315/569 3205/6314/559 3130/6207/523 3139/6217/522
f 3211/6323/572 3213/6326/568 3137/6215/546 3131/6208/541
f 3195/6299/608 3141/6219/570 3147/6226/573 3198/6303/574
f 3184/6279/563 3148/6227/566 3145/6224/552 3187/6284/551
f 3217/6333/562 3132/6209/537 3133/6210/536 3214/6328/560
f 3181/6275/575 3182/6276/576 3146/6225/577 3149/6228/578
f 3196/6300/579 3181/6275/575 3149/6228/578 3140/6218/580
f 3198/6303/574 3147/6226/573 3146/6225/577 3182/6276/576
f 3192/6291/564 3196/6300/579 3140/6218/580 3142/6220/565
f 3219/6336/556 3135/6212/548 3136/6213/549 3203/6311/567
f 3141/6219/570 3128/6205/570 3124/6200/573 3147/6226/573
f 3140/6218/580 3149/6228/578 3125/6201/581 3122/6198/580
f 3147/6226/573 3124/6200/573 3120/6196/577 3146/6225/577
f 3142/6220/565 3140/6218/580 3122/6198/580 3127/6203/565
f 3143/6222/557 3121/6197/557 3128/6205/570 3141/6219/570
f 3148/6227/566 3142/6221/565 3127/6204/565 3123/6199/566
f 3144/6223/595 3126/6202/582 3121/6197/557 3143/6222/557
f 3145/6224/552 3129/6206/552 3126/6202/582 3144/6223/595
f 3148/6227/566 3123/6199/566 3129/6206/552 3145/6224/552
f 3149/6228/578 3146/6225/577 3120/6196/577 3125/6201/581
f 3169/6261/526 3164/6254/603 3165/6255/486 3168/6259/485
f 3167/6258/501 3150/6230/504 3151/6231/477 3166/6256/490
f 3153/6234/604 3169/6261/526 3168/6259/485 3152/6232/478
f 3163/6251/500 3167/6258/501 3166/6256/490 3162/6247/489
f 3164/6254/603 3160/6245/602 3161/6246/495 3165/6255/486
f 3155/6237/497 3163/6252/500 3162/6248/489 3154/6235/599
f 3160/6245/602 3158/6242/601 3159/6243/493 3161/6246/495
f 3158/6242/601 3156/6239/505 3157/6240/481 3159/6243/493
f 3156/6239/505 3155/6237/497 3154/6235/599 3157/6240/481
f 3150/6230/504 3153/6234/604 3152/6232/478 3151/6231/477
f 3199/6305/538 3194/6298/544 3195/6299/608 3198/6303/574
f 3197/6302/521 3180/6274/524 3181/6275/575 3196/6300/579
f 3183/6278/535 3199/6305/538 3198/6303/574 3182/6276/576
f 3193/6295/606 3197/6302/521 3196/6300/579 3192/6291/564
f 3194/6298/544 3190/6289/550 3191/6290/607 3195/6299/608
f 3185/6281/605 3193/6296/606 3192/6292/564 3184/6279/563
f 3190/6289/550 3188/6286/547 3189/6287/554 3191/6290/607
f 3188/6286/547 3186/6283/539 3187/6284/551 3189/6287/554
f 3186/6283/539 3185/6281/605 3184/6279/563 3187/6284/551
f 3180/6274/524 3183/6278/535 3182/6276/576 3181/6275/575
f 3201/6307/617 3202/6309/610 3203/6311/567 3200/6306/561
f 3205/6314/559 3206/6315/569 3207/6316/585 3204/6312/586
f 3209/6319/611 3210/6321/597 3211/6323/572 3208/6318/555
f 3213/6326/568 3211/6323/572 3210/6322/597 3212/6324/612
f 3215/6329/590 3216/6331/613 3217/6333/562 3214/6328/560
f 3214/6328/560 3205/6314/559 3204/6313/586 3215/6330/590
f 3202/6310/610 3218/6334/614 3219/6336/556 3203/6311/567
f 3206/6315/569 3213/6327/568 3212/6325/612 3207/6317/585
f 3216/6332/613 3201/6308/617 3200/6306/561 3217/6333/562
f 3218/6335/614 3209/6320/611 3208/6318/555 3219/6336/556
f 3166/6256/490 3151/6231/477 3100/6174/480 3109/6184/491
f 3281/6405/477 3282/6406/478 3233/6351/479 3230/6348/480
f 3287/6414/481 3284/6409/599 3231/6349/483 3234/6352/484
f 3298/6433/485 3295/6429/486 3238/6357/487 3232/6350/488
f 3292/6421/489 3296/6430/490 3239/6358/491 3237/6355/492
f 3289/6417/493 3287/6414/481 3234/6352/484 3235/6353/494
f 3295/6429/486 3291/6420/495 3236/6354/496 3238/6357/487
f 3291/6420/495 3289/6417/493 3235/6353/494 3236/6354/496
f 3285/6410/497 3248/6368/498 3242/6362/499 3293/6423/593
f 3297/6431/618 3240/6359/502 3249/6369/619 3280/6403/504
f 3286/6412/505 3288/6415/601 3244/6364/534 3245/6365/508
f 3304/6440/509 3309/6446/510 3235/6353/494 3234/6352/484
f 3288/6415/601 3290/6418/602 3243/6363/533 3244/6364/534
f 3303/6439/513 3239/6358/491 3230/6348/480 3302/6438/514
f 3285/6410/497 3286/6412/505 3245/6365/508 3248/6368/498
f 3300/6436/515 3308/6445/516 3232/6350/488 3238/6357/487
f 3306/6442/616 3237/6355/492 3239/6358/491 3303/6439/513
f 3290/6418/602 3294/6427/603 3241/6360/519 3243/6363/533
f 3301/6437/520 3300/6436/515 3238/6357/487 3236/6354/496
f 3327/6475/521 3269/6391/522 3260/6381/523 3310/6447/524
f 3305/6441/525 3304/6440/509 3234/6352/484 3231/6349/483
f 3305/6441/525 3231/6349/483 3237/6356/492 3306/6443/616
f 3294/6427/603 3299/6434/526 3247/6367/527 3241/6360/519
f 3284/6409/599 3292/6422/489 3237/6356/492 3231/6349/483
f 3308/6445/516 3307/6444/528 3233/6351/479 3232/6350/488
f 3280/6403/504 3249/6369/619 3246/6366/529 3283/6407/604
f 3282/6406/478 3298/6433/485 3232/6350/488 3233/6351/479
f 3299/6434/526 3283/6407/604 3246/6366/529 3247/6367/527
f 3302/6438/514 3230/6348/480 3233/6351/479 3307/6444/528
f 3293/6424/593 3242/6361/499 3240/6359/502 3297/6431/618
f 3309/6446/510 3301/6437/520 3236/6354/496 3235/6353/494
f 3241/6360/519 3247/6367/527 3224/6341/527 3228/6346/531
f 3240/6359/502 3222/6339/532 3225/6342/503 3249/6369/619
f 3247/6367/527 3246/6366/529 3220/6337/529 3224/6341/527
f 3242/6361/499 3227/6344/499 3222/6339/532 3240/6359/502
f 3243/6363/533 3241/6360/519 3228/6346/531 3221/6338/533
f 3248/6368/498 3223/6340/498 3227/6345/499 3242/6362/499
f 3244/6364/534 3243/6363/533 3221/6338/533 3226/6343/534
f 3245/6365/508 3244/6364/534 3226/6343/534 3229/6347/508
f 3248/6368/498 3245/6365/508 3229/6347/508 3223/6340/498
f 3249/6369/619 3225/6342/503 3220/6337/529 3246/6366/529
f 3313/6451/535 3263/6384/536 3262/6383/537 3329/6478/538
f 3316/6456/539 3264/6385/540 3261/6382/541 3315/6454/605
f 3329/6478/538 3262/6383/537 3268/6390/543 3324/6471/544
f 3323/6467/606 3267/6388/546 3269/6391/522 3327/6475/521
f 3318/6459/547 3265/6386/548 3264/6385/540 3316/6456/539
f 3324/6471/544 3268/6390/543 3266/6387/549 3320/6462/550
f 3320/6462/550 3266/6387/549 3265/6386/548 3318/6459/547
f 3315/6454/605 3261/6382/541 3267/6389/546 3323/6468/606
f 3310/6447/524 3260/6381/523 3263/6384/536 3313/6451/535
f 3317/6458/551 3275/6398/552 3274/6397/595 3319/6461/554
f 3338/6492/555 3264/6385/540 3265/6386/548 3349/6510/556
f 3319/6461/554 3274/6397/595 3273/6396/620 3321/6464/607
f 3335/6488/559 3344/6502/560 3263/6384/536 3260/6381/523
f 3330/6480/561 3268/6390/543 3262/6383/537 3347/6507/562
f 3314/6453/563 3322/6466/564 3272/6395/565 3278/6401/566
f 3333/6485/567 3266/6387/549 3268/6390/543 3330/6480/561
f 3343/6501/568 3336/6489/569 3269/6391/522 3267/6388/546
f 3321/6464/607 3273/6396/620 3271/6393/570 3325/6473/608
f 3341/6497/572 3261/6382/541 3264/6385/540 3338/6492/555
f 3336/6489/569 3335/6488/559 3260/6381/523 3269/6391/522
f 3341/6497/572 3343/6500/568 3267/6389/546 3261/6382/541
f 3325/6473/608 3271/6393/570 3277/6400/573 3328/6477/574
f 3314/6453/563 3278/6401/566 3275/6398/552 3317/6458/551
f 3347/6507/562 3262/6383/537 3263/6384/536 3344/6502/560
f 3311/6449/575 3312/6450/576 3276/6399/577 3279/6402/578
f 3326/6474/579 3311/6449/575 3279/6402/578 3270/6392/580
f 3328/6477/574 3277/6400/573 3276/6399/577 3312/6450/576
f 3322/6465/564 3326/6474/579 3270/6392/580 3272/6394/565
f 3349/6510/556 3265/6386/548 3266/6387/549 3333/6485/567
f 3271/6393/570 3258/6379/621 3254/6374/573 3277/6400/573
f 3270/6392/580 3279/6402/578 3255/6375/581 3252/6372/580
f 3277/6400/573 3254/6374/573 3250/6370/577 3276/6399/577
f 3272/6394/565 3270/6392/580 3252/6372/580 3257/6377/565
f 3273/6396/620 3251/6371/557 3258/6379/621 3271/6393/570
f 3278/6401/566 3272/6395/565 3257/6378/565 3253/6373/566
f 3274/6397/595 3256/6376/582 3251/6371/557 3273/6396/620
f 3275/6398/552 3259/6380/552 3256/6376/582 3274/6397/595
f 3278/6401/566 3253/6373/566 3259/6380/552 3275/6398/552
f 3279/6402/578 3276/6399/577 3250/6370/577 3255/6375/581
f 3299/6435/526 3294/6428/603 3295/6429/486 3298/6433/485
f 3297/6432/618 3280/6404/504 3281/6405/477 3296/6430/490
f 3283/6408/604 3299/6435/526 3298/6433/485 3282/6406/478
f 3293/6425/593 3297/6432/618 3296/6430/490 3292/6421/489
f 3294/6428/603 3290/6419/602 3291/6420/495 3295/6429/486
f 3285/6411/497 3293/6426/593 3292/6422/489 3284/6409/599
f 3290/6419/602 3288/6416/601 3289/6417/493 3291/6420/495
f 3288/6416/601 3286/6413/505 3287/6414/481 3289/6417/493
f 3286/6413/505 3285/6411/497 3284/6409/599 3287/6414/481
f 3280/6404/504 3283/6408/604 3282/6406/478 3281/6405/477
f 3329/6479/538 3324/6472/544 3325/6473/608 3328/6477/574
f 3327/6476/521 3310/6448/524 3311/6449/575 3326/6474/579
f 3313/6452/535 3329/6479/538 3328/6477/574 3312/6450/576
f 3323/6469/606 3327/6476/521 3326/6474/579 3322/6465/564
f 3324/6472/544 3320/6463/550 3321/6464/607 3325/6473/608
f 3315/6455/605 3323/6470/606 3322/6466/564 3314/6453/563
f 3320/6463/550 3318/6460/547 3319/6461/554 3321/6464/607
f 3318/6460/547 3316/6457/539 3317/6458/551 3319/6461/554
f 3316/6457/539 3315/6455/605 3314/6453/563 3317/6458/551
f 3310/6448/524 3313/6452/535 3312/6450/576 3311/6449/575
f 3331/6481/596 3332/6483/610 3333/6485/567 3330/6480/561
f 3335/6488/559 3336/6489/569 3337/6490/585 3334/6486/622
f 3339/6493/587 3340/6495/597 3341/6497/572 3338/6492/555
f 3343/6500/568 3341/6497/572 3340/6496/597 3342/6498/612
f 3345/6503/590 3346/6505/613 3347/6507/562 3344/6502/560
f 3344/6502/560 3335/6488/559 3334/6487/622 3345/6504/590
f 3332/6484/610 3348/6508/614 3349/6510/556 3333/6485/567
f 3336/6489/569 3343/6501/568 3342/6499/612 3337/6491/585
f 3346/6506/613 3331/6482/596 3330/6480/561 3347/6507/562
f 3348/6509/614 3339/6494/587 3338/6492/555 3349/6510/556
f 3296/6430/490 3281/6405/477 3230/6348/480 3239/6358/491
f 3411/6579/623 3412/6580/478 3363/6525/479 3360/6522/480
f 3417/6588/481 3414/6583/599 3361/6523/483 3364/6526/484
f 3428/6607/485 3425/6603/486 3368/6531/487 3362/6524/600
f 3422/6595/489 3426/6604/490 3369/6532/491 3367/6529/492
f 3419/6591/493 3417/6588/481 3364/6526/484 3365/6527/494
f 3425/6603/486 3421/6594/495 3366/6528/496 3368/6531/487
f 3421/6594/495 3419/6591/493 3365/6527/494 3366/6528/496
f 3415/6584/497 3378/6542/498 3372/6536/499 3423/6597/500
f 3427/6605/501 3370/6533/502 3379/6543/619 3410/6577/504
f 3416/6586/505 3418/6589/601 3374/6538/534 3375/6539/508
f 3434/6614/509 3439/6620/510 3365/6527/494 3364/6526/484
f 3418/6589/601 3420/6592/602 3373/6537/533 3374/6538/534
f 3433/6613/513 3369/6532/491 3360/6522/480 3432/6612/514
f 3415/6584/497 3416/6586/505 3375/6539/508 3378/6542/498
f 3430/6610/515 3438/6619/516 3362/6524/600 3368/6531/487
f 3436/6616/616 3367/6529/492 3369/6532/491 3433/6613/513
f 3420/6592/602 3424/6601/603 3371/6534/519 3373/6537/533
f 3431/6611/520 3430/6610/515 3368/6531/487 3366/6528/496
f 3457/6649/521 3399/6565/522 3390/6555/523 3440/6621/524
f 3435/6615/525 3434/6614/509 3364/6526/484 3361/6523/483
f 3435/6615/525 3361/6523/483 3367/6530/492 3436/6617/616
f 3424/6601/603 3429/6608/526 3377/6541/527 3371/6534/519
f 3414/6583/599 3422/6596/489 3367/6530/492 3361/6523/483
f 3438/6619/516 3437/6618/528 3363/6525/479 3362/6524/600
f 3410/6577/504 3379/6543/619 3376/6540/529 3413/6581/604
f 3412/6580/478 3428/6607/485 3362/6524/600 3363/6525/479
f 3429/6608/526 3413/6581/604 3376/6540/529 3377/6541/527
f 3432/6612/514 3360/6522/480 3363/6525/479 3437/6618/528
f 3423/6598/500 3372/6535/499 3370/6533/502 3427/6605/501
f 3439/6620/510 3431/6611/520 3366/6528/496 3365/6527/494
f 3371/6534/519 3377/6541/527 3354/6515/527 3358/6520/624
f 3370/6533/502 3352/6513/532 3355/6516/503 3379/6543/619
f 3377/6541/527 3376/6540/529 3350/6511/529 3354/6515/527
f 3372/6535/499 3357/6518/499 3352/6513/532 3370/6533/502
f 3373/6537/533 3371/6534/519 3358/6520/624 3351/6512/533
f 3378/6542/498 3353/6514/498 3357/6519/499 3372/6536/499
f 3374/6538/534 3373/6537/533 3351/6512/533 3356/6517/534
f 3375/6539/508 3374/6538/534 3356/6517/534 3359/6521/508
f 3378/6542/498 3375/6539/508 3359/6521/508 3353/6514/498
f 3379/6543/619 3355/6516/503 3350/6511/529 3376/6540/529
f 3443/6625/535 3393/6558/536 3392/6557/625 3459/6652/538
f 3446/6630/539 3394/6559/540 3391/6556/541 3445/6628/605
f 3459/6652/538 3392/6557/625 3398/6564/543 3454/6645/544
f 3453/6641/545 3397/6562/546 3399/6565/522 3457/6649/521
f 3448/6633/547 3395/6560/548 3394/6559/540 3446/6630/539
f 3454/6645/544 3398/6564/543 3396/6561/549 3450/6636/550
f 3450/6636/550 3396/6561/549 3395/6560/548 3448/6633/547
f 3445/6628/605 3391/6556/541 3397/6563/546 3453/6642/545
f 3440/6621/524 3390/6555/523 3393/6558/536 3443/6625/535
f 3447/6632/551 3405/6572/552 3404/6571/582 3449/6635/554
f 3468/6666/555 3394/6559/540 3395/6560/548 3479/6684/556
f 3449/6635/554 3404/6571/582 3403/6570/620 3451/6638/558
f 3465/6662/559 3474/6676/560 3393/6558/536 3390/6555/523
f 3460/6654/561 3398/6564/543 3392/6557/625 3477/6681/562
f 3444/6627/563 3452/6640/564 3402/6569/565 3408/6575/566
f 3463/6659/567 3396/6561/549 3398/6564/543 3460/6654/561
f 3473/6675/568 3466/6663/569 3399/6565/522 3397/6562/546
f 3451/6638/558 3403/6570/620 3401/6567/570 3455/6647/608
f 3471/6671/572 3391/6556/541 3394/6559/540 3468/6666/555
f 3466/6663/569 3465/6662/559 3390/6555/523 3399/6565/522
f 3471/6671/572 3473/6674/568 3397/6563/546 3391/6556/541
f 3455/6647/608 3401/6567/570 3407/6574/573 3458/6651/574
f 3444/6627/563 3408/6575/566 3405/6572/552 3447/6632/551
f 3477/6681/562 3392/6557/625 3393/6558/536 3474/6676/560
f 3441/6623/575 3442/6624/576 3406/6573/577 3409/6576/581
f 3456/6648/579 3441/6623/575 3409/6576/581 3400/6566/580
f 3458/6651/574 3407/6574/573 3406/6573/577 3442/6624/576
f 3452/6639/564 3456/6648/579 3400/6566/580 3402/6568/565
f 3479/6684/556 3395/6560/548 3396/6561/549 3463/6659/567
f 3401/6567/570 3388/6553/626 3384/6548/573 3407/6574/573
f 3400/6566/580 3409/6576/581 3385/6549/581 3382/6546/580
f 3407/6574/573 3384/6548/573 3380/6544/627 3406/6573/577
f 3402/6568/565 3400/6566/580 3382/6546/580 3387/6551/565
f 3403/6570/620 3381/6545/557 3388/6553/626 3401/6567/570
f 3408/6575/566 3402/6569/565 3387/6552/565 3383/6547/566
f 3404/6571/582 3386/6550/582 3381/6545/557 3403/6570/620
f 3405/6572/552 3389/6554/552 3386/6550/582 3404/6571/582
f 3408/6575/566 3383/6547/566 3389/6554/552 3405/6572/552
f 3409/6576/581 3406/6573/577 3380/6544/627 3385/6549/581
f 3429/6609/526 3424/6602/603 3425/6603/486 3428/6607/485
f 3427/6606/501 3410/6578/504 3411/6579/623 3426/6604/490
f 3413/6582/604 3429/6609/526 3428/6607/485 3412/6580/478
f 3423/6599/500 3427/6606/501 3426/6604/490 3422/6595/489
f 3424/6602/603 3420/6593/602 3421/6594/495 3425/6603/486
f 3415/6585/497 3423/6600/500 3422/6596/489 3414/6583/599
f 3420/6593/602 3418/6590/601 3419/6591/493 3421/6594/495
f 3418/6590/601 3416/6587/505 3417/6588/481 3419/6591/493
f 3416/6587/505 3415/6585/497 3414/6583/599 3417/6588/481
f 3410/6578/504 3413/6582/604 3412/6580/478 3411/6579/623
f 3459/6653/538 3454/6646/544 3455/6647/608 3458/6651/574
f 3457/6650/521 3440/6622/524 3441/6623/575 3456/6648/579
f 3443/6626/535 3459/6653/538 3458/6651/574 3442/6624/576
f 3453/6643/545 3457/6650/521 3456/6648/579 3452/6639/564
f 3454/6646/544 3450/6637/550 3451/6638/558 3455/6647/608
f 3445/6629/605 3453/6644/545 3452/6640/564 3444/6627/563
f 3450/6637/550 3448/6634/547 3449/6635/554 3451/6638/558
f 3448/6634/547 3446/6631/539 3447/6632/551 3449/6635/554
f 3446/6631/539 3445/6629/605 3444/6627/563 3447/6632/551
f 3440/6622/524 3443/6626/535 3442/6624/576 3441/6623/575
f 3461/6655/596 3462/6657/610 3463/6659/567 3460/6654/561
f 3465/6662/559 3466/6663/569 3467/6664/585 3464/6660/622
f 3469/6667/587 3470/6669/597 3471/6671/572 3468/6666/555
f 3473/6674/568 3471/6671/572 3470/6670/597 3472/6672/628
f 3475/6677/590 3476/6679/613 3477/6681/562 3474/6676/560
f 3474/6676/560 3465/6662/559 3464/6661/622 3475/6678/590
f 3462/6658/610 3478/6682/629 3479/6684/556 3463/6659/567
f 3466/6663/569 3473/6675/568 3472/6673/628 3467/6665/585
f 3476/6680/613 3461/6656/596 3460/6654/561 3477/6681/562
f 3478/6683/629 3469/6668/587 3468/6666/555 3479/6684/556
f 3426/6604/490 3411/6579/623 3360/6522/480 3369/6532/491
f 3541/6753/477 3542/6754/478 3493/6699/479 3490/6696/480
f 3547/6762/481 3544/6757/599 3491/6697/483 3494/6700/484
f 3558/6781/485 3555/6777/486 3498/6705/487 3492/6698/600
f 3552/6769/489 3556/6778/490 3499/6706/491 3497/6703/492
f 3549/6765/493 3547/6762/481 3494/6700/484 3495/6701/494
f 3555/6777/486 3551/6768/495 3496/6702/496 3498/6705/487
f 3551/6768/495 3549/6765/493 3495/6701/494 3496/6702/496
f 3545/6758/497 3508/6716/498 3502/6710/499 3553/6771/500
f 3557/6779/501 3500/6707/502 3509/6717/503 3540/6751/504
f 3546/6760/505 3548/6763/506 3504/6712/534 3505/6713/508
f 3564/6788/509 3569/6794/510 3495/6701/494 3494/6700/484
f 3548/6763/506 3550/6766/602 3503/6711/533 3504/6712/534
f 3563/6787/513 3499/6706/491 3490/6696/480 3562/6786/514
f 3545/6758/497 3546/6760/505 3505/6713/508 3508/6716/498
f 3560/6784/515 3568/6793/516 3492/6698/600 3498/6705/487
f 3566/6790/616 3497/6703/492 3499/6706/491 3563/6787/513
f 3550/6766/602 3554/6775/603 3501/6708/519 3503/6711/533
f 3561/6785/520 3560/6784/515 3498/6705/487 3496/6702/496
f 3587/6823/521 3529/6739/522 3520/6729/523 3570/6795/524
f 3565/6789/525 3564/6788/509 3494/6700/484 3491/6697/483
f 3565/6789/525 3491/6697/483 3497/6704/492 3566/6791/616
f 3554/6775/603 3559/6782/526 3507/6715/527 3501/6708/519
f 3544/6757/599 3552/6770/489 3497/6704/492 3491/6697/483
f 3568/6793/516 3567/6792/528 3493/6699/479 3492/6698/600
f 3540/6751/504 3509/6717/503 3506/6714/529 3543/6755/604
f 3542/6754/478 3558/6781/485 3492/6698/600 3493/6699/479
f 3559/6782/526 3543/6755/604 3506/6714/529 3507/6715/527
f 3562/6786/514 3490/6696/480 3493/6699/479 3567/6792/528
f 3553/6772/500 3502/6709/499 3500/6707/502 3557/6779/501
f 3569/6794/510 3561/6785/520 3496/6702/496 3495/6701/494
f 3501/6708/519 3507/6715/527 3484/6689/527 3488/6694/519
f 3500/6707/502 3482/6687/532 3485/6690/503 3509/6717/503
f 3507/6715/527 3506/6714/529 3480/6685/529 3484/6689/527
f 3502/6709/499 3487/6692/499 3482/6687/532 3500/6707/502
f 3503/6711/533 3501/6708/519 3488/6694/519 3481/6686/533
f 3508/6716/498 3483/6688/498 3487/6693/499 3502/6710/499
f 3504/6712/534 3503/6711/533 3481/6686/533 3486/6691/534
f 3505/6713/508 3504/6712/534 3486/6691/534 3489/6695/508
f 3508/6716/498 3505/6713/508 3489/6695/508 3483/6688/498
f 3509/6717/503 3485/6690/503 3480/6685/529 3506/6714/529
f 3573/6799/535 3523/6732/536 3522/6731/625 3589/6826/538
f 3576/6804/539 3524/6733/540 3521/6730/541 3575/6802/605
f 3589/6826/538 3522/6731/625 3528/6738/543 3584/6819/544
f 3583/6815/606 3527/6736/546 3529/6739/522 3587/6823/521
f 3578/6807/547 3525/6734/548 3524/6733/540 3576/6804/539
f 3584/6819/544 3528/6738/543 3526/6735/549 3580/6810/550
f 3580/6810/550 3526/6735/549 3525/6734/548 3578/6807/547
f 3575/6802/605 3521/6730/541 3527/6737/546 3583/6816/606
f 3570/6795/524 3520/6729/523 3523/6732/536 3573/6799/535
f 3577/6806/551 3535/6746/552 3534/6745/595 3579/6809/554
f 3598/6840/555 3524/6733/540 3525/6734/548 3609/6858/556
f 3579/6809/554 3534/6745/595 3533/6744/620 3581/6812/607
f 3595/6836/559 3604/6850/560 3523/6732/536 3520/6729/523
f 3590/6828/561 3528/6738/543 3522/6731/625 3607/6855/562
f 3574/6801/563 3582/6814/564 3532/6743/565 3538/6749/566
f 3593/6833/567 3526/6735/549 3528/6738/543 3590/6828/561
f 3603/6849/568 3596/6837/569 3529/6739/522 3527/6736/546
f 3581/6812/607 3533/6744/620 3531/6741/570 3585/6821/608
f 3601/6845/572 3521/6730/541 3524/6733/540 3598/6840/555
f 3596/6837/569 3595/6836/559 3520/6729/523 3529/6739/522
f 3601/6845/572 3603/6848/568 3527/6737/546 3521/6730/541
f 3585/6821/608 3531/6741/570 3537/6748/573 3588/6825/574
f 3574/6801/563 3538/6749/566 3535/6746/552 3577/6806/551
f 3607/6855/562 3522/6731/625 3523/6732/536 3604/6850/560
f 3571/6797/575 3572/6798/576 3536/6747/577 3539/6750/578
f 3586/6822/579 3571/6797/575 3539/6750/578 3530/6740/580
f 3588/6825/574 3537/6748/573 3536/6747/577 3572/6798/576
f 3582/6813/564 3586/6822/579 3530/6740/580 3532/6742/565
f 3609/6858/556 3525/6734/548 3526/6735/549 3593/6833/567
f 3531/6741/570 3518/6727/570 3514/6722/573 3537/6748/573
f 3530/6740/580 3539/6750/578 3515/6723/581 3512/6720/580
f 3537/6748/573 3514/6722/573 3510/6718/577 3536/6747/577
f 3532/6742/565 3530/6740/580 3512/6720/580 3517/6725/565
f 3533/6744/620 3511/6719/620 3518/6727/570 3531/6741/570
f 3538/6749/566 3532/6743/565 3517/6726/565 3513/6721/566
f 3534/6745/595 3516/6724/582 3511/6719/620 3533/6744/620
f 3535/6746/552 3519/6728/552 3516/6724/582 3534/6745/595
f 3538/6749/566 3513/6721/566 3519/6728/552 3535/6746/552
f 3539/6750/578 3536/6747/577 3510/6718/577 3515/6723/581
f 3559/6783/526 3554/6776/603 3555/6777/486 3558/6781/485
f 3557/6780/501 3540/6752/504 3541/6753/477 3556/6778/490
f 3543/6756/604 3559/6783/526 3558/6781/485 3542/6754/478
f 3553/6773/500 3557/6780/501 3556/6778/490 3552/6769/489
f 3554/6776/603 3550/6767/602 3551/6768/495 3555/6777/486
f 3545/6759/497 3553/6774/500 3552/6770/489 3544/6757/599
f 3550/6767/602 3548/6764/506 3549/6765/493 3551/6768/495
f 3548/6764/506 3546/6761/505 3547/6762/481 3549/6765/493
f 3546/6761/505 3545/6759/497 3544/6757/599 3547/6762/481
f 3540/6752/504 3543/6756/604 3542/6754/478 3541/6753/477
f 3589/6827/538 3584/6820/544 3585/6821/608 3588/6825/574
f 3587/6824/521 3570/6796/524 3571/6797/575 3586/6822/579
f 3573/6800/535 3589/6827/538 3588/6825/574 3572/6798/576
f 3583/6817/606 3587/6824/521 3586/6822/579 3582/6813/564
f 3584/6820/544 3580/6811/550 3581/6812/607 3585/6821/608
f 3575/6803/605 3583/6818/606 3582/6814/564 3574/6801/563
f 3580/6811/550 3578/6808/547 3579/6809/554 3581/6812/607
f 3578/6808/547 3576/6805/539 3577/6806/551 3579/6809/554
f 3576/6805/539 3575/6803/605 3574/6801/563 3577/6806/551
f 3570/6796/524 3573/6800/535 3572/6798/576 3571/6797/575
f 3591/6829/630 3592/6831/610 3593/6833/567 3590/6828/561
f 3595/6836/559 3596/6837/569 3597/6838/585 3594/6834/586
f 3599/6841/587 3600/6843/597 3601/6845/572 3598/6840/555
f 3603/6848/568 3601/6845/572 3600/6844/597 3602/6846/589
f 3605/6851/631 3606/6853/613 3607/6855/562 3604/6850/560
f 3604/6850/560 3595/6836/559 3594/6835/586 3605/6852/631
f 3592/6832/610 3608/6856/629 3609/6858/556 3593/6833/567
f 3596/6837/569 3603/6849/568 3602/6847/589 3597/6839/585
f 3606/6854/613 3591/6830/630 3590/6828/561 3607/6855/562
f 3608/6857/629 3599/6842/587 3598/6840/555 3609/6858/556
f 3556/6778/490 3541/6753/477 3490/6696/480 3499/6706/491
f 3671/6927/477 3672/6928/478 3623/6873/479 3620/6870/480
f 3677/6936/481 3674/6931/482 3621/6871/483 3624/6874/484
f 3688/6955/485 3685/6951/486 3628/6879/487 3622/6872/600
f 3682/6943/489 3686/6952/490 3629/6880/491 3627/6877/492
f 3679/6939/493 3677/6936/481 3624/6874/484 3625/6875/494
f 3685/6951/486 3681/6942/495 3626/6876/496 3628/6879/487
f 3681/6942/495 3679/6939/493 3625/6875/494 3626/6876/496
f 3675/6932/497 3638/6890/498 3632/6884/499 3683/6945/500
f 3687/6953/501 3630/6881/502 3639/6891/619 3670/6925/504
f 3676/6934/505 3678/6937/506 3634/6886/507 3635/6887/508
f 3694/6962/509 3699/6968/510 3625/6875/494 3624/6874/484
f 3678/6937/506 3680/6940/602 3633/6885/512 3634/6886/507
f 3693/6961/513 3629/6880/491 3620/6870/480 3692/6960/615
f 3675/6932/497 3676/6934/505 3635/6887/508 3638/6890/498
f 3690/6958/515 3698/6967/516 3622/6872/600 3628/6879/487
f 3696/6964/616 3627/6877/492 3629/6880/491 3693/6961/513
f 3680/6940/602 3684/6949/518 3631/6882/519 3633/6885/512
f 3691/6959/520 3690/6958/515 3628/6879/487 3626/6876/496
f 3717/6997/521 3659/6913/522 3650/6903/523 3700/6969/524
f 3695/6963/525 3694/6962/509 3624/6874/484 3621/6871/483
f 3695/6963/525 3621/6871/483 3627/6878/492 3696/6965/616
f 3684/6949/518 3689/6956/526 3637/6889/527 3631/6882/519
f 3674/6931/482 3682/6944/489 3627/6878/492 3621/6871/483
f 3698/6967/516 3697/6966/528 3623/6873/479 3622/6872/600
f 3670/6925/504 3639/6891/619 3636/6888/529 3673/6929/604
f 3672/6928/478 3688/6955/485 3622/6872/600 3623/6873/479
f 3689/6956/526 3673/6929/604 3636/6888/529 3637/6889/527
f 3692/6960/615 3620/6870/480 3623/6873/479 3697/6966/528
f 3683/6946/500 3632/6883/499 3630/6881/502 3687/6953/501
f 3699/6968/510 3691/6959/520 3626/6876/496 3625/6875/494
f 3631/6882/519 3637/6889/527 3614/6863/527 3618/6868/519
f 3630/6881/502 3612/6861/532 3615/6864/503 3639/6891/619
f 3637/6889/527 3636/6888/529 3610/6859/529 3614/6863/527
f 3632/6883/499 3617/6866/499 3612/6861/532 3630/6881/502
f 3633/6885/512 3631/6882/519 3618/6868/519 3611/6860/533
f 3638/6890/498 3613/6862/498 3617/6867/499 3632/6884/499
f 3634/6886/507 3633/6885/512 3611/6860/533 3616/6865/534
f 3635/6887/508 3634/6886/507 3616/6865/534 3619/6869/508
f 3638/6890/498 3635/6887/508 3619/6869/508 3613/6862/498
f 3639/6891/619 3615/6864/503 3610/6859/529 3636/6888/529
f 3703/6973/535 3653/6906/536 3652/6905/625 3719/7000/538
f 3706/6978/539 3654/6907/540 3651/6904/541 3705/6976/542
f 3719/7000/538 3652/6905/625 3658/6912/543 3714/6993/544
f 3713/6989/545 3657/6910/546 3659/6913/522 3717/6997/521
f 3708/6981/547 3655/6908/548 3654/6907/540 3706/6978/539
f 3714/6993/544 3658/6912/543 3656/6909/549 3710/6984/550
f 3710/6984/550 3656/6909/549 3655/6908/548 3708/6981/547
f 3705/6976/542 3651/6904/541 3657/6911/546 3713/6990/545
f 3700/6969/524 3650/6903/523 3653/6906/536 3703/6973/535
f 3707/6980/551 3665/6920/552 3664/6919/595 3709/6983/554
f 3728/7014/555 3654/6907/540 3655/6908/548 3739/7032/556
f 3709/6983/554 3664/6919/595 3663/6918/557 3711/6986/607
f 3725/7010/559 3734/7024/560 3653/6906/536 3650/6903/523
f 3720/7002/561 3658/6912/543 3652/6905/625 3737/7029/562
f 3704/6975/563 3712/6988/564 3662/6917/565 3668/6923/566
f 3723/7007/567 3656/6909/549 3658/6912/543 3720/7002/561
f 3733/7023/568 3726/7011/569 3659/6913/522 3657/6910/546
f 3711/6986/607 3663/6918/557 3661/6915/570 3715/6995/571
f 3731/7019/572 3651/6904/541 3654/6907/540 3728/7014/555
f 3726/7011/569 3725/7010/559 3650/6903/523 3659/6913/522
f 3731/7019/572 3733/7022/568 3657/6911/546 3651/6904/541
f 3715/6995/571 3661/6915/570 3667/6922/573 3718/6999/574
f 3704/6975/563 3668/6923/566 3665/6920/552 3707/6980/551
f 3737/7029/562 3652/6905/625 3653/6906/536 3734/7024/560
f 3701/6971/575 3702/6972/576 3666/6921/577 3669/6924/578
f 3716/6996/579 3701/6971/575 3669/6924/578 3660/6914/580
f 3718/6999/574 3667/6922/573 3666/6921/577 3702/6972/576
f 3712/6987/564 3716/6996/579 3660/6914/580 3662/6916/565
f 3739/7032/556 3655/6908/548 3656/6909/549 3723/7007/567
f 3661/6915/570 3648/6901/570 3644/6896/573 3667/6922/573
f 3660/6914/580 3669/6924/578 3645/6897/581 3642/6894/580
f 3667/6922/573 3644/6896/573 3640/6892/577 3666/6921/577
f 3662/6916/565 3660/6914/580 3642/6894/580 3647/6899/565
f 3663/6918/557 3641/6893/620 3648/6901/570 3661/6915/570
f 3668/6923/566 3662/6917/565 3647/6900/565 3643/6895/566
f 3664/6919/595 3646/6898/582 3641/6893/620 3663/6918/557
f 3665/6920/552 3649/6902/552 3646/6898/582 3664/6919/595
f 3668/6923/566 3643/6895/566 3649/6902/552 3665/6920/552
f 3669/6924/578 3666/6921/577 3640/6892/577 3645/6897/581
f 3689/6957/526 3684/6950/518 3685/6951/486 3688/6955/485
f 3687/6954/501 3670/6926/504 3671/6927/477 3686/6952/490
f 3673/6930/604 3689/6957/526 3688/6955/485 3672/6928/478
f 3683/6947/500 3687/6954/501 3686/6952/490 3682/6943/489
f 3684/6950/518 3680/6941/602 3681/6942/495 3685/6951/486
f 3675/6933/497 3683/6948/500 3682/6944/489 3674/6931/482
f 3680/6941/602 3678/6938/506 3679/6939/493 3681/6942/495
f 3678/6938/506 3676/6935/505 3677/6936/481 3679/6939/493
f 3676/6935/505 3675/6933/497 3674/6931/482 3677/6936/481
f 3670/6926/504 3673/6930/604 3672/6928/478 3671/6927/477
f 3719/7001/538 3714/6994/544 3715/6995/571 3718/6999/574
f 3717/6998/521 3700/6970/524 3701/6971/575 3716/6996/579
f 3703/6974/535 3719/7001/538 3718/6999/574 3702/6972/576
f 3713/6991/545 3717/6998/521 3716/6996/579 3712/6987/564
f 3714/6994/544 3710/6985/550 3711/6986/607 3715/6995/571
f 3705/6977/542 3713/6992/545 3712/6988/564 3704/6975/563
f 3710/6985/550 3708/6982/547 3709/6983/554 3711/6986/607
f 3708/6982/547 3706/6979/539 3707/6980/551 3709/6983/554
f 3706/6979/539 3705/6977/542 3704/6975/563 3707/6980/551
f 3700/6970/524 3703/6974/535 3702/6972/576 3701/6971/575
f 3721/7003/596 3722/7005/610 3723/7007/567 3720/7002/561
f 3725/7010/559 3726/7011/569 3727/7012/585 3724/7008/586
f 3729/7015/611 3730/7017/597 3731/7019/572 3728/7014/555
f 3733/7022/568 3731/7019/572 3730/7018/597 3732/7020/612
f 3735/7025/590 3736/7027/613 3737/7029/562 3734/7024/560
f 3734/7024/560 3725/7010/559 3724/7009/586 3735/7026/590
f 3722/7006/610 3738/7030/629 3739/7032/556 3723/7007/567
f 3726/7011/569 3733/7023/568 3732/7021/612 3727/7013/585
f 3736/7028/613 3721/7004/596 3720/7002/561 3737/7029/562
f 3738/7031/629 3729/7016/611 3728/7014/555 3739/7032/556
f 3686/6952/490 3671/6927/477 3620/6870/480 3629/6880/491
f 3801/7101/477 3802/7102/478 3753/7047/479 3750/7044/480
f 3807/7110/481 3804/7105/482 3751/7045/483 3754/7048/484
f 3818/7129/485 3815/7125/486 3758/7053/487 3752/7046/488
f 3812/7117/632 3816/7126/490 3759/7054/491 3757/7051/492
f 3809/7113/493 3807/7110/481 3754/7048/484 3755/7049/494
f 3815/7125/486 3811/7116/495 3756/7050/496 3758/7053/487
f 3811/7116/495 3809/7113/493 3755/7049/494 3756/7050/496
f 3805/7106/497 3768/7064/498 3762/7058/499 3813/7119/500
f 3817/7127/501 3760/7055/532 3769/7065/503 3800/7099/504
f 3806/7108/505 3808/7111/601 3764/7060/507 3765/7061/508
f 3824/7136/509 3829/7142/510 3755/7049/494 3754/7048/484
f 3808/7111/601 3810/7114/602 3763/7059/512 3764/7060/507
f 3823/7135/513 3759/7054/491 3750/7044/480 3822/7134/615
f 3805/7106/497 3806/7108/505 3765/7061/508 3768/7064/498
f 3820/7132/515 3828/7141/516 3752/7046/488 3758/7053/487
f 3826/7138/616 3757/7051/492 3759/7054/491 3823/7135/513
f 3810/7114/602 3814/7123/603 3761/7056/519 3763/7059/512
f 3821/7133/520 3820/7132/515 3758/7053/487 3756/7050/496
f 3847/7171/521 3789/7087/522 3780/7077/523 3830/7143/524
f 3825/7137/525 3824/7136/509 3754/7048/484 3751/7045/483
f 3825/7137/525 3751/7045/483 3757/7052/492 3826/7139/616
f 3814/7123/603 3819/7130/526 3767/7063/527 3761/7056/519
f 3804/7105/482 3812/7118/632 3757/7052/492 3751/7045/483
f 3828/7141/516 3827/7140/528 3753/7047/479 3752/7046/488
f 3800/7099/504 3769/7065/503 3766/7062/529 3803/7103/604
f 3802/7102/478 3818/7129/485 3752/7046/488 3753/7047/479
f 3819/7130/526 3803/7103/604 3766/7062/529 3767/7063/527
f 3822/7134/615 3750/7044/480 3753/7047/479 3827/7140/528
f 3813/7120/500 3762/7057/499 3760/7055/532 3817/7127/501
f 3829/7142/510 3821/7133/520 3756/7050/496 3755/7049/494
f 3761/7056/519 3767/7063/527 3744/7037/527 3748/7042/519
f 3760/7055/532 3742/7035/532 3745/7038/503 3769/7065/503
f 3767/7063/527 3766/7062/529 3740/7033/529 3744/7037/527
f 3762/7057/499 3747/7040/499 3742/7035/532 3760/7055/532
f 3763/7059/512 3761/7056/519 3748/7042/519 3741/7034/533
f 3768/7064/498 3743/7036/498 3747/7041/499 3762/7058/499
f 3764/7060/507 3763/7059/512 3741/7034/533 3746/7039/534
f 3765/7061/508 3764/7060/507 3746/7039/534 3749/7043/508
f 3768/7064/498 3765/7061/508 3749/7043/508 3743/7036/498
f 3769/7065/503 3745/7038/503 3740/7033/529 3766/7062/529
f 3833/7147/535 3783/7080/536 3782/7079/537 3849/7174/538
f 3836/7152/539 3784/7081/540 3781/7078/541 3835/7150/542
f 3849/7174/538 3782/7079/537 3788/7086/543 3844/7167/544
f 3843/7163/606 3787/7084/546 3789/7087/522 3847/7171/521
f 3838/7155/547 3785/7082/548 3784/7081/540 3836/7152/539
f 3844/7167/544 3788/7086/543 3786/7083/549 3840/7158/550
f 3840/7158/550 3786/7083/549 3785/7082/548 3838/7155/547
f 3835/7150/542 3781/7078/541 3787/7085/546 3843/7164/606
f 3830/7143/524 3780/7077/523 3783/7080/536 3833/7147/535
f 3837/7154/551 3795/7094/552 3794/7093/595 3839/7157/633
f 3858/7188/555 3784/7081/540 3785/7082/548 3869/7206/556
f 3839/7157/633 3794/7093/595 3793/7092/557 3841/7160/558
f 3855/7184/559 3864/7198/560 3783/7080/536 3780/7077/523
f 3850/7176/561 3788/7086/543 3782/7079/537 3867/7203/562
f 3834/7149/563 3842/7162/564 3792/7091/565 3798/7097/566
f 3853/7181/567 3786/7083/549 3788/7086/543 3850/7176/561
f 3863/7197/568 3856/7185/569 3789/7087/522 3787/7084/546
f 3841/7160/558 3793/7092/557 3791/7089/570 3845/7169/608
f 3861/7193/572 3781/7078/541 3784/7081/540 3858/7188/555
f 3856/7185/569 3855/7184/559 3780/7077/523 3789/7087/522
f 3861/7193/572 3863/7196/568 3787/7085/546 3781/7078/541
f 3845/7169/608 3791/7089/570 3797/7096/573 3848/7173/574
f 3834/7149/563 3798/7097/566 3795/7094/552 3837/7154/551
f 3867/7203/562 3782/7079/537 3783/7080/536 3864/7198/560
f 3831/7145/575 3832/7146/576 3796/7095/577 3799/7098/634
f 3846/7170/579 3831/7145/575 3799/7098/634 3790/7088/635
f 3848/7173/574 3797/7096/573 3796/7095/577 3832/7146/576
f 3842/7161/564 3846/7170/579 3790/7088/635 3792/7090/565
f 3869/7206/556 3785/7082/548 3786/7083/549 3853/7181/567
f 3791/7089/570 3778/7075/570 3774/7070/573 3797/7096/573
f 3790/7088/635 3799/7098/634 3775/7071/581 3772/7068/580
f 3797/7096/573 3774/7070/573 3770/7066/577 3796/7095/577
f 3792/7090/565 3790/7088/635 3772/7068/580 3777/7073/565
f 3793/7092/557 3771/7067/557 3778/7075/570 3791/7089/570
f 3798/7097/566 3792/7091/565 3777/7074/565 3773/7069/566
f 3794/7093/595 3776/7072/582 3771/7067/557 3793/7092/557
f 3795/7094/552 3779/7076/552 3776/7072/582 3794/7093/595
f 3798/7097/566 3773/7069/566 3779/7076/552 3795/7094/552
f 3799/7098/634 3796/7095/577 3770/7066/577 3775/7071/581
f 3819/7131/526 3814/7124/603 3815/7125/486 3818/7129/485
f 3817/7128/501 3800/7100/504 3801/7101/477 3816/7126/490
f 3803/7104/604 3819/7131/526 3818/7129/485 3802/7102/478
f 3813/7121/500 3817/7128/501 3816/7126/490 3812/7117/632
f 3814/7124/603 3810/7115/602 3811/7116/495 3815/7125/486
f 3805/7107/497 3813/7122/500 3812/7118/632 3804/7105/482
f 3810/7115/602 3808/7112/601 3809/7113/493 3811/7116/495
f 3808/7112/601 3806/7109/505 3807/7110/481 3809/7113/493
f 3806/7109/505 3805/7107/497 3804/7105/482 3807/7110/481
f 3800/7100/504 3803/7104/604 3802/7102/478 3801/7101/477
f 3849/7175/538 3844/7168/544 3845/7169/608 3848/7173/574
f 3847/7172/521 3830/7144/524 3831/7145/575 3846/7170/579
f 3833/7148/535 3849/7175/538 3848/7173/574 3832/7146/576
f 3843/7165/606 3847/7172/521 3846/7170/579 3842/7161/564
f 3844/7168/544 3840/7159/550 3841/7160/558 3845/7169/608
f 3835/7151/542 3843/7166/606 3842/7162/564 3834/7149/563
f 3840/7159/550 3838/7156/547 3839/7157/633 3841/7160/558
f 3838/7156/547 3836/7153/539 3837/7154/551 3839/7157/633
f 3836/7153/539 3835/7151/542 3834/7149/563 3837/7154/551
f 3830/7144/524 3833/7148/535 3832/7146/576 3831/7145/575
f 3851/7177/583 3852/7179/610 3853/7181/567 3850/7176/561
f 3855/7184/559 3856/7185/569 3857/7186/585 3854/7182/586
f 3859/7189/611 3860/7191/597 3861/7193/572 3858/7188/555
f 3863/7196/568 3861/7193/572 3860/7192/597 3862/7194/612
f 3865/7199/590 3866/7201/613 3867/7203/562 3864/7198/560
f 3864/7198/560 3855/7184/559 3854/7183/586 3865/7200/590
f 3852/7180/610 3868/7204/614 3869/7206/556 3853/7181/567
f 3856/7185/569 3863/7197/568 3862/7195/612 3857/7187/585
f 3866/7202/613 3851/7178/583 3850/7176/561 3867/7203/562
f 3868/7205/614 3859/7190/611 3858/7188/555 3869/7206/556
f 3816/7126/490 3801/7101/477 3750/7044/480 3759/7054/491
f 3931/7275/477 3932/7276/478 3883/7221/479 3880/7218/480
f 3937/7284/481 3934/7279/599 3881/7219/483 3884/7222/484
f 3948/7303/485 3945/7299/486 3888/7227/487 3882/7220/488
f 3942/7291/489 3946/7300/490 3889/7228/491 3887/7225/492
f 3939/7287/493 3937/7284/481 3884/7222/484 3885/7223/494
f 3945/7299/486 3941/7290/495 3886/7224/496 3888/7227/487
f 3941/7290/495 3939/7287/493 3885/7223/494 3886/7224/496
f 3935/7280/497 3898/7238/498 3892/7232/499 3943/7293/593
f 3947/7301/501 3890/7229/502 3899/7239/594 3930/7273/504
f 3936/7282/505 3938/7285/601 3894/7234/507 3895/7235/508
f 3954/7310/509 3959/7316/510 3885/7223/494 3884/7222/484
f 3938/7285/601 3940/7288/602 3893/7233/533 3894/7234/507
f 3953/7309/513 3889/7228/491 3880/7218/480 3952/7308/514
f 3935/7280/497 3936/7282/505 3895/7235/508 3898/7238/498
f 3950/7306/515 3958/7315/516 3882/7220/488 3888/7227/487
f 3956/7312/517 3887/7225/492 3889/7228/491 3953/7309/513
f 3940/7288/602 3944/7297/603 3891/7230/519 3893/7233/533
f 3951/7307/520 3950/7306/515 3888/7227/487 3886/7224/496
f 3977/7345/521 3919/7261/522 3910/7251/523 3960/7317/524
f 3955/7311/525 3954/7310/509 3884/7222/484 3881/7219/483
f 3955/7311/525 3881/7219/483 3887/7226/492 3956/7313/517
f 3944/7297/603 3949/7304/526 3897/7237/527 3891/7230/519
f 3934/7279/599 3942/7292/489 3887/7226/492 3881/7219/483
f 3958/7315/516 3957/7314/528 3883/7221/479 3882/7220/488
f 3930/7273/504 3899/7239/594 3896/7236/529 3933/7277/604
f 3932/7276/478 3948/7303/485 3882/7220/488 3883/7221/479
f 3949/7304/526 3933/7277/604 3896/7236/529 3897/7237/527
f 3952/7308/514 3880/7218/480 3883/7221/479 3957/7314/528
f 3943/7294/593 3892/7231/499 3890/7229/502 3947/7301/501
f 3959/7316/510 3951/7307/520 3886/7224/496 3885/7223/494
f 3891/7230/519 3897/7237/527 3874/7211/527 3878/7216/519
f 3890/7229/502 3872/7209/532 3875/7212/503 3899/7239/594
f 3897/7237/527 3896/7236/529 3870/7207/529 3874/7211/527
f 3892/7231/499 3877/7214/499 3872/7209/532 3890/7229/502
f 3893/7233/533 3891/7230/519 3878/7216/519 3871/7208/533
f 3898/7238/498 3873/7210/498 3877/7215/499 3892/7232/499
f 3894/7234/507 3893/7233/533 3871/7208/533 3876/7213/534
f 3895/7235/508 3894/7234/507 3876/7213/534 3879/7217/508
f 3898/7238/498 3895/7235/508 3879/7217/508 3873/7210/498
f 3899/7239/594 3875/7212/503 3870/7207/529 3896/7236/529
f 3963/7321/535 3913/7254/536 3912/7253/537 3979/7348/538
f 3966/7326/539 3914/7255/540 3911/7252/541 3965/7324/605
f 3979/7348/538 3912/7253/537 3918/7260/543 3974/7341/544
f 3973/7337/545 3917/7258/546 3919/7261/522 3977/7345/521
f 3968/7329/547 3915/7256/548 3914/7255/540 3966/7326/539
f 3974/7341/544 3918/7260/543 3916/7257/549 3970/7332/550
f 3970/7332/550 3916/7257/549 3915/7256/548 3968/7329/547
f 3965/7324/605 3911/7252/541 3917/7259/546 3973/7338/545
f 3960/7317/524 3910/7251/523 3913/7254/536 3963/7321/535
f 3967/7328/551 3925/7268/552 3924/7267/595 3969/7331/633
f 3988/7362/555 3914/7255/540 3915/7256/548 3999/7380/556
f 3969/7331/633 3924/7267/595 3923/7266/557 3971/7334/558
f 3985/7358/559 3994/7372/560 3913/7254/536 3910/7251/523
f 3980/7350/561 3918/7260/543 3912/7253/537 3997/7377/562
f 3964/7323/563 3972/7336/564 3922/7265/565 3928/7271/566
f 3983/7355/567 3916/7257/549 3918/7260/543 3980/7350/561
f 3993/7371/568 3986/7359/569 3919/7261/522 3917/7258/546
f 3971/7334/558 3923/7266/557 3921/7263/570 3975/7343/608
f 3991/7367/572 3911/7252/541 3914/7255/540 3988/7362/555
f 3986/7359/569 3985/7358/559 3910/7251/523 3919/7261/522
f 3991/7367/572 3993/7370/568 3917/7259/546 3911/7252/541
f 3975/7343/608 3921/7263/570 3927/7270/573 3978/7347/574
f 3964/7323/563 3928/7271/566 3925/7268/552 3967/7328/551
f 3997/7377/562 3912/7253/537 3913/7254/536 3994/7372/560
f 3961/7319/575 3962/7320/576 3926/7269/577 3929/7272/578
f 3976/7344/579 3961/7319/575 3929/7272/578 3920/7262/580
f 3978/7347/574 3927/7270/573 3926/7269/577 3962/7320/576
f 3972/7335/564 3976/7344/579 3920/7262/580 3922/7264/565
f 3999/7380/556 3915/7256/548 3916/7257/549 3983/7355/567
f 3921/7263/570 3908/7249/570 3904/7244/573 3927/7270/573
f 3920/7262/580 3929/7272/578 3905/7245/581 3902/7242/580
f 3927/7270/573 3904/7244/573 3900/7240/577 3926/7269/577
f 3922/7264/565 3920/7262/580 3902/7242/580 3907/7247/565
f 3923/7266/557 3901/7241/557 3908/7249/570 3921/7263/570
f 3928/7271/566 3922/7265/565 3907/7248/565 3903/7243/566
f 3924/7267/595 3906/7246/582 3901/7241/557 3923/7266/557
f 3925/7268/552 3909/7250/552 3906/7246/582 3924/7267/595
f 3928/7271/566 3903/7243/566 3909/7250/552 3925/7268/552
f 3929/7272/578 3926/7269/577 3900/7240/577 3905/7245/581
f 3949/7305/526 3944/7298/603 3945/7299/486 3948/7303/485
f 3947/7302/501 3930/7274/504 3931/7275/477 3946/7300/490
f 3933/7278/604 3949/7305/526 3948/7303/485 3932/7276/478
f 3943/7295/593 3947/7302/501 3946/7300/490 3942/7291/489
f 3944/7298/603 3940/7289/602 3941/7290/495 3945/7299/486
f 3935/7281/497 3943/7296/593 3942/7292/489 3934/7279/599
f 3940/7289/602 3938/7286/601 3939/7287/493 3941/7290/495
f 3938/7286/601 3936/7283/505 3937/7284/481 3939/7287/493
f 3936/7283/505 3935/7281/497 3934/7279/599 3937/7284/481
f 3930/7274/504 3933/7278/604 3932/7276/478 3931/7275/477
f 3979/7349/538 3974/7342/544 3975/7343/608 3978/7347/574
f 3977/7346/521 3960/7318/524 3961/7319/575 3976/7344/579
f 3963/7322/535 3979/7349/538 3978/7347/574 3962/7320/576
f 3973/7339/545 3977/7346/521 3976/7344/579 3972/7335/564
f 3974/7342/544 3970/7333/550 3971/7334/558 3975/7343/608
f 3965/7325/605 3973/7340/545 3972/7336/564 3964/7323/563
f 3970/7333/550 3968/7330/547 3969/7331/633 3971/7334/558
f 3968/7330/547 3966/7327/539 3967/7328/551 3969/7331/633
f 3966/7327/539 3965/7325/605 3964/7323/563 3967/7328/551
f 3960/7318/524 3963/7322/535 3962/7320/576 3961/7319/575
f 3981/7351/617 3982/7353/610 3983/7355/567 3980/7350/561
f 3985/7358/559 3986/7359/569 3987/7360/585 3984/7356/586
f 3989/7363/587 3990/7365/597 3991/7367/572 3988/7362/555
f 3993/7370/568 3991/7367/572 3990/7366/597 3992/7368/612
f 3995/7373/590 3996/7375/591 3997/7377/562 3994/7372/560
f 3994/7372/560 3985/7358/559 3984/7357/586 3995/7374/590
f 3982/7354/610 3998/7378/636 3999/7380/556 3983/7355/567
f 3986/7359/569 3993/7371/568 3992/7369/612 3987/7361/585
f 3996/7376/591 3981/7352/617 3980/7350/561 3997/7377/562
f 3998/7379/636 3989/7364/587 3988/7362/555 3999/7380/556
f 3946/7300/490 3931/7275/477 3880/7218/480 3889/7228/491
f 4043/7463/637 4347/8209/638 4336/8187/639 4088/7585/637
f 4083/7575/640 4333/8181/641 4346/8207/641 4036/7443/640
f 4027/7415/642 4085/7579/642 4090/7589/643 4055/7501/644
f 4313/8126/645 4035/7439/646 4174/7787/647 4323/8149/648
f 4058/7507/649 4171/7781/650 4184/7807/651 4104/7620/652
f 4310/8114/653 4041/7457/654 4149/7733/655 4321/8145/656
f 4308/8109/657 4044/7465/658 4087/7583/659 4318/8139/660
f 4074/7549/661 4101/7611/662 4128/7687/663 4125/7681/664
f 4050/7485/665 4137/7705/666 4134/7699/667 4063/7526/668
f 4054/7499/669 4091/7591/669 4094/7597/670 4065/7531/670
f 4206/7867/671 4238/7948/672 4681/9019/673 4656/8953/674
f 4005/7386/675 4069/7539/676 4211/7883/677 4223/7911/678
f 4072/7545/679 4000/7381/680 4014/7395/680 4559/8721/681
f 4064/7529/682 4095/7599/683 4108/7637/684 4111/7643/685
f 4080/7566/686 4182/7803/687 4191/7821/688 4121/7670/689
f 4061/7518/690 4135/7701/691 4143/7721/691 4107/7632/692
f 4164/7768/693 4341/8198/694 4333/8181/641 4083/7575/640
f 4099/7607/681 4183/7805/695 4007/7388/680 4002/7383/680
f 4098/7605/696 4073/7547/697 4114/7649/697 4127/7685/698
f 4257/8001/699 4214/7893/700 4278/8043/701 4287/8056/702
f 4054/7499/669 4065/7531/670 4556/8715/670 4551/8705/669
f 4102/7613/703 4185/7809/704 4186/7811/705 4117/7656/706
f 4318/8139/660 4087/7583/659 4166/7771/659 4325/8153/660
f 4095/7599/683 4181/7801/707 4188/7815/708 4108/7637/684
f 4027/7415/642 4055/7501/644 4552/8707/643 4545/8693/642
f 4167/7773/709 4086/7581/709 4093/7595/710 4168/7775/711
f 4548/8699/709 4553/8709/710 4056/7503/711 4045/7467/709
f 4110/7641/712 4109/7639/713 4126/7683/714 4115/7651/715
f 4105/7624/716 4144/7723/717 4145/7725/718 4120/7667/719
f 4185/7809/704 4112/7645/720 4129/7689/721 4186/7811/705
f 4572/8761/722 4581/8787/723 4124/7679/724 4123/7677/725
f 4109/7639/713 4189/7817/726 4190/7819/727 4126/7683/714
f 4101/7611/662 4172/7783/728 4187/7813/729 4128/7687/663
f 4558/8719/730 4571/8759/731 4122/7675/732 4067/7535/733
f 4064/7529/682 4111/7643/685 4570/8757/734 4555/8713/683
f 4560/8723/696 4579/8783/735 4114/7649/697 4073/7547/697
f 4074/7549/661 4125/7681/664 4582/8789/736 4561/8725/662
f 4189/7817/726 4106/7628/737 4119/7664/738 4190/7819/727
f 4224/7913/739 4210/7878/740 4246/7971/741 4258/8004/742
f 4140/7711/743 4157/7749/744 4227/7918/745 4255/7994/746
f 4181/7801/707 4061/7519/690 4107/7633/692 4188/7815/708
f 4183/7805/695 4079/7564/747 4070/7541/748 4007/7388/680
f 4004/7385/675 4005/7386/675 4223/7911/678 4198/7844/678
f 4179/7797/669 4051/7488/749 4062/7523/750 4180/7799/670
f 4175/7789/642 4034/7435/751 4052/7492/752 4178/7795/644
f 4147/7729/753 4339/8193/754 4337/8189/755 4133/7697/753
f 4325/8153/660 4166/7771/659 4038/7447/756 4309/8111/757
f 4172/7783/728 4077/7557/758 4118/7659/759 4187/7813/729
f 4159/7756/760 4196/7836/761 4230/7928/762 4228/7922/763
f 4193/7827/764 4141/7715/765 4257/8001/699 4225/7915/766
f 4139/7709/767 4156/7747/768 4005/7386/675 4004/7385/675
f 4155/7745/769 4138/7707/770 4146/7727/771 4163/7765/771
f 4135/7701/691 4152/7739/772 4160/7759/773 4143/7721/691
f 4321/8145/656 4149/7733/655 4130/7691/655 4319/8141/774
f 4199/7846/775 4224/7913/739 4258/8004/742 4231/7930/742
f 4144/7723/717 4161/7761/776 4162/7763/718 4145/7725/718
f 4138/7707/770 4080/7567/686 4121/7671/689 4146/7727/771
f 4161/7761/776 4103/7616/777 4116/7653/778 4162/7763/718
f 4110/7641/712 4115/7651/715 4580/8785/779 4569/8755/780
f 4319/8141/774 4130/7691/655 4032/7429/781 4312/8122/782
f 4154/7743/783 4047/7473/784 4059/7511/785 4151/7737/667
f 4150/7735/786 4040/7453/787 4048/7477/788 4153/7741/789
f 4156/7747/768 4076/7553/790 4069/7539/676 4005/7386/675
f 4081/7570/791 4139/7709/767 4004/7385/675 4071/7543/792
f 4152/7739/772 4058/7508/649 4104/7621/652 4160/7759/773
f 4173/7785/793 4100/7609/794 4003/7384/795 4006/7387/795
f 4171/7781/650 4096/7601/730 4113/7647/796 4184/7807/651
f 4182/7803/687 4098/7605/696 4127/7685/698 4191/7821/688
f 4169/7777/797 4092/7593/797 4097/7603/798 4170/7779/799
f 4323/8149/648 4174/7787/647 4084/7577/647 4315/8133/800
f 4088/7585/637 4336/8187/639 4343/8201/639 4176/7791/801
f 4205/7865/802 4204/7861/803 4236/7944/804 4239/7951/805
f 4692/9050/806 4213/7891/807 4302/8095/808 4671/8988/809
f 4209/7875/810 4221/7907/811 4254/7992/812 4242/7959/813
f 4000/7381/680 4002/7383/680 4203/7859/814 4207/7869/815
f 4002/7383/680 4007/7388/680 4216/7897/816 4203/7859/814
f 4015/7396/795 4665/8977/817 4220/7905/818 4001/7382/795
f 4007/7388/680 4070/7541/748 4200/7848/819 4216/7897/816
f 4192/7823/820 4197/7840/821 4158/7753/822 4142/7718/823
f 4071/7543/792 4004/7385/675 4198/7844/678 4201/7851/824
f 4204/7861/803 4217/7899/825 4247/7976/826 4236/7944/804
f 4078/7561/827 4173/7785/793 4006/7387/795 4068/7537/828
f 4195/7832/829 4194/7828/830 4226/7916/831 4229/7926/832
f 4225/7915/766 4257/8001/699 4287/8056/702 4292/8065/833
f 4241/7957/834 4267/8021/835 4702/9076/836 4680/9017/837
f 4253/7990/838 4251/7987/839 4281/8047/840 4286/8055/841
f 4243/7962/842 4253/7990/838 4286/8055/841 4271/8029/843
f 4691/9046/844 4713/9095/845 4278/8043/701 4214/7893/700
f 4240/7953/846 4237/7946/847 4265/8018/848 4268/8023/849
f 4237/7946/847 4248/7978/850 4279/8044/851 4265/8018/848
f 4003/7384/795 4001/7382/795 4220/7905/818 4222/7909/852
f 4303/8097/853 4304/8100/854 4228/7922/763 4298/8080/855 4295/8073/856
f 4202/7854/857 4199/7846/775 4231/7930/742 4235/7940/858
f 4217/7899/825 4202/7855/857 4235/7941/858 4247/7976/826
f 4006/7387/795 4003/7384/795 4222/7909/852 4208/7873/859
f 4720/9109/860 4294/8071/861 4283/8049/862 4711/9091/863
f 4297/8078/864 4285/8053/865 4284/8052/866 4296/8076/867
f 4701/9074/868 4270/8027/869 4276/8039/870 4712/9093/871
f 4280/8045/872 4293/8067/873 4288/8057/874 4266/8019/875
f 4266/8019/875 4288/8057/874 4277/8041/876 4269/8026/877
f 4261/8009/878 4290/8060/879 4300/8086/880 4293/8066/873
f 4300/8085/880 4272/8030/881 4285/8053/865 4297/8078/864
f 4690/9044/882 4710/9090/883 4282/8048/884 4250/7984/885
f 4303/8096/886 4228/7921/763 4304/8101/854
f 4233/7934/887 4232/7932/888 4260/8008/889 4263/8014/890
f 4248/7978/850 4234/7939/891 4262/8012/892 4279/8044/851
f 4232/7932/888 4259/8006/888 4289/8059/893 4260/8008/889
f 4259/8006/888 4245/7967/894 4275/8037/895 4289/8059/893
f 4228/7922/763 4230/7928/762 4301/8090/896 4298/8080/855
f 4020/7401/897 4549/8701/898 4042/7461/898 4008/7389/897
f 4091/7591/669 4179/7797/669 4180/7799/670 4094/7597/670
f 4012/7393/897 4011/7392/897 4008/7389/897 4009/7390/897
f 4013/7394/897 4012/7393/897 4009/7390/897 4010/7391/897
f 4033/7432/899 4131/7693/900 4136/7703/789 4053/7496/901
f 4137/7705/666 4154/7743/783 4151/7737/667 4134/7699/667
f 4085/7579/642 4175/7789/642 4178/7795/644 4090/7589/643
f 4543/8689/640 4036/7443/640 4346/8207/641 4749/9194/641
f 4731/9148/800 4305/8103/800 4028/7417/902 4546/8695/647
f 4324/8151/903 4316/8135/904 4373/8271/904 4364/8248/905
f 4334/8183/906 4342/8199/907 4389/8315/908 4381/8299/906
f 4307/8107/909 4317/8137/910 4358/8231/910 4356/8227/910
f 4345/8205/906 4334/8183/906 4381/8299/906 4350/8215/906
f 4317/8137/910 4326/8155/911 4359/8233/912 4358/8231/910
f 4338/8191/913 4340/8195/914 4387/8311/913 4385/8307/913
f 4342/8199/907 4332/8176/915 4379/8290/916 4389/8315/908
f 4307/8107/909 4356/8227/910 4760/9216/910 4733/9152/910
f 4332/8177/915 4338/8191/913 4385/8307/913 4379/8291/916
f 4148/7731/917 4010/7391/897 4177/7793/898 4029/7419/918
f 4024/7405/919 4165/7769/920 4013/7394/897 4132/7695/917
f 4082/7573/921 4037/7445/921 4011/7392/897 4012/7393/897
f 4165/7769/920 4082/7573/921 4012/7393/897 4013/7394/897
f 4043/7463/637 4550/8703/637 4750/9196/639 4347/8209/638
f 4132/7695/917 4013/7394/897 4010/7391/897 4148/7731/917
f 4176/7791/801 4343/8201/639 4328/8160/922 4030/7423/923
f 4133/7697/753 4337/8189/755 4331/8172/924 4025/7409/925
f 4010/7391/897 4009/7390/897 4089/7587/898 4177/7793/898
f 4434/8412/926 4360/8235/927 4367/8255/928 4403/8345/929
f 4422/8391/930 4372/8269/931 4362/8240/932 4409/8365/933
f 4426/8398/934 4370/8265/935 4372/8269/931 4422/8391/930
f 4375/8275/936 4404/8346/937 4427/8399/938 4388/8313/939
f 4417/8382/926 4357/8229/927 4360/8235/927 4434/8412/926
f 4401/8338/940 4366/8252/941 4370/8265/935 4426/8398/934
f 4354/8223/942 4397/8330/943 4420/8387/943 4383/8303/944
f 4430/8405/945 4365/8250/946 4374/8273/946 4414/8377/947
f 4407/8358/948 4361/8237/949 4365/8250/946 4430/8405/945
f 4335/8185/950 4348/8211/951 4353/8221/950 4384/8305/950
f 4322/8147/952 4320/8143/953 4371/8267/953 4369/8263/953
f 4314/8129/954 4324/8151/903 4364/8248/905 4363/8243/955
f 4344/8203/956 4335/8185/950 4384/8305/950 4391/8319/957
f 4320/8143/953 4314/8130/954 4363/8244/955 4371/8267/953
f 4345/8205/906 4350/8215/906 4785/9286/906 4748/9192/906
f 4326/8155/911 4311/8118/958 4368/8258/959 4359/8233/912
f 4329/8164/960 4344/8203/956 4391/8319/957 4376/8278/961
f 4340/8195/914 4329/8165/960 4376/8279/961 4387/8311/913
f 4378/8286/962 4410/8366/963 4431/8406/964 4390/8317/965
f 4429/8403/966 4413/8375/967 4458/8483/968 4474/8515/969
f 4390/8317/965 4431/8406/964 4415/8378/964 4382/8301/965
f 4399/8334/970 4444/8431/971 4849/9446/971 4812/9355/970
f 4784/9284/965 4349/8213/972 4394/8325/973 4811/9353/964
f 4425/8396/974 4421/8389/974 4466/8499/975 4470/8507/976
f 4383/8303/944 4420/8387/943 4435/8413/977 4392/8321/944
f 4402/8339/978 4425/8396/974 4470/8507/976 4446/8436/979
f 4354/8223/942 4787/9290/944 4814/9358/943 4397/8330/943
f 4399/8334/970 4418/8383/970 4461/8489/971 4444/8431/971
f 4393/8323/980 4416/8380/980 4459/8485/981 4438/8419/981
f 4432/8408/982 4412/8371/983 4455/8472/984 4475/8517/985
f 4392/8321/944 4435/8413/977 4405/8349/986 4377/8283/987
f 4421/8389/974 4408/8359/988 4452/8460/989 4466/8499/975
f 4386/8309/990 4423/8392/991 4411/8368/992 4380/8295/993
f 4416/8380/980 4432/8408/982 4475/8517/985 4459/8485/981
f 4388/8313/939 4427/8399/938 4423/8392/991 4386/8309/990
f 4412/8372/983 4424/8394/994 4467/8501/995 4455/8473/984
f 4487/8538/996 4447/8441/997 4469/8505/998 4499/8555/999
f 4491/8546/1000 4453/8465/1001 4473/8513/1002 4501/8557/1003
f 4442/8427/1004 4483/8531/1005 4495/8551/1005 4463/8493/1006
f 4476/8519/1007 4502/8558/1008 4494/8550/1009 4460/8487/1010
f 4503/8559/1011 4477/8521/1012 4445/8433/1013 4486/8536/1014
f 4472/8511/1015 4500/8556/1016 4498/8554/1017 4468/8503/1015
f 4480/8527/1018 4504/8560/1019 4485/8534/1020 4450/8453/1021
f 4468/8503/1015 4498/8554/1017 4489/8542/1022 4456/8477/1023
f 4463/8493/1006 4495/8551/1005 4504/8560/1019 4480/8527/1018
f 4436/8415/1024 4419/8385/1025 4464/8495/1026 4479/8525/1027
f 4460/8487/1010 4494/8550/1009 4482/8530/1009 4437/8417/1028
f 4408/8360/988 4429/8403/966 4474/8515/969 4452/8461/989
f 4424/8394/994 4428/8401/994 4471/8509/995 4467/8501/995
f 4393/8323/980 4438/8419/981 4847/9442/981 4810/9351/980
f 4406/8353/1029 4436/8415/1024 4479/8525/1027 4449/8448/1030
f 4809/9349/967 4844/9436/968 4439/8421/968 4396/8328/967
f 4428/8401/994 4406/8354/1029 4449/8449/1030 4471/8509/995
f 4418/8383/970 4433/8410/1031 4478/8523/1032 4461/8489/971
f 4499/8555/999 4469/8505/998 4465/8497/998 4497/8553/999
f 4501/8557/1003 4473/8513/1002 4457/8481/1033 4493/8549/1034
f 4497/8553/999 4465/8497/998 4451/8457/1035 4490/8544/1036
f 4506/8565/1037 4618/8865/693 4757/9210/694 4745/9181/1038
f 4442/8427/1004 4851/9450/1006 4879/9503/1005 4483/8531/1005
f 4496/8552/1039 4462/8491/1040 4477/8521/1012 4503/8559/1011
f 4846/9440/1010 4437/8417/1028 4482/8530/1009 4876/9500/1009
f 4454/8468/1041 4492/8548/1042 4502/8558/1008 4476/8519/1007
f 4448/8444/1043 4488/8540/1044 4500/8556/1016 4472/8511/1015
f 4519/8609/1045 4527/8639/1046 4624/8877/799 4621/8871/797
f 4518/8605/1047 4520/8613/1048 4622/8873/711 4619/8867/709
f 4315/8133/800 4084/7577/647 4028/7417/902 4305/8103/800
f 4729/9142/1049 4739/9164/648 4628/8885/647 4512/8585/1050
f 4092/7593/797 4057/7505/797 4066/7533/799 4097/7603/798
f 4726/9129/1051 4737/9160/1052 4603/8833/1053 4516/8599/1054
f 4046/7469/1055 4169/7777/797 4170/7779/799 4060/7514/1056
f 4100/7609/794 4075/7551/1057 4001/7382/795 4003/7384/795
f 4523/8623/1058 4530/8650/1059 4588/8801/1060 4589/8803/1061
f 4529/8645/1062 4564/8733/1063 4638/8905/1064 4623/8875/650
f 4662/8968/1065 4685/9029/1066 4683/9023/1067 4658/8957/1068
f 4017/7398/1069 4668/8983/1070 4661/8965/1071 4533/8661/1072
f 4019/7400/680 4664/8975/1073 4653/8942/1074 4536/8667/1075
f 4534/8663/1076 4660/8962/1077 4659/8960/1078 4018/7399/795
f 4542/8684/1079 4577/8775/1080 4643/8915/1081 4636/8901/687
f 4532/8656/1082 4566/8742/1083 4597/8821/1084 4587/8799/1084
f 4618/8865/693 4543/8689/640 4749/9194/641 4757/9210/694
f 4559/8721/681 4014/7395/680 4019/7400/680 4635/8899/695
f 4072/7545/679 4099/7607/681 4002/7383/680 4000/7381/680
f 4256/7998/1085 4228/7923/1086 4304/8102/1087 4303/8099/1088 4215/7895/1089
f 4554/8711/797 4557/8717/798 4066/7533/799 4057/7505/797
f 4563/8729/1090 4575/8770/1091 4640/8909/1092 4637/8903/1093
f 4732/9150/660 4741/9168/660 4620/8869/659 4547/8697/659
f 4555/8713/683 4570/8757/734 4642/8913/1094 4633/8895/707
f 4031/7426/1095 4327/8157/1096 4339/8193/754 4147/7729/753
f 4619/8867/709 4622/8873/711 4553/8709/710 4548/8699/709
f 4086/7581/709 4045/7467/709 4056/7503/711 4093/7595/710
f 4569/8755/780 4580/8785/779 4644/8917/1097 4641/8911/1098
f 4568/8751/1099 4578/8780/1100 4599/8825/1101 4596/8819/1102
f 4131/7693/900 4150/7735/786 4153/7741/789 4136/7703/789
f 4583/8791/1103 4590/8805/1104 4607/8841/1104 4602/8831/1105
f 4112/7645/720 4123/7677/725 4124/7679/724 4129/7689/721
f 4561/8725/662 4582/8789/736 4639/8907/1106 4626/8881/728
f 4068/7537/828 4006/7387/795 4208/7873/859 4212/7887/1107
f 4096/7601/730 4067/7535/733 4122/7675/732 4113/7647/796
f 4562/8727/794 4015/7396/795 4001/7382/795 4075/7551/1057
f 4077/7558/758 4155/7745/769 4163/7765/771 4118/7660/759
f 4641/8911/1098 4644/8917/1097 4576/8772/1108 4567/8747/1109
f 4658/8958/1068 4683/9024/1067 4689/9042/1110 4666/8979/1111
f 4593/8811/1112 4693/9054/1113 4672/8993/1114 4610/8847/1115
f 4633/8895/707 4642/8913/1094 4566/8743/1083 4532/8657/1082
f 4539/8674/1116 4574/8766/1117 4615/8859/1118 4609/8845/1119
f 4016/7397/1069 4652/8940/1070 4668/8983/1070 4017/7398/1069
f 4631/8891/669 4634/8897/670 4531/8653/1120 4526/8635/1121
f 4627/8883/642 4632/8893/644 4525/8631/1122 4513/8588/1123
f 4601/8829/1124 4585/8795/1124 4753/9202/1125 4755/9206/1126
f 4741/9168/660 4724/9122/1127 4515/8595/1128 4620/8869/659
f 4626/8881/728 4639/8907/1106 4574/8767/1117 4539/8675/1116
f 4611/8850/1129 4671/8990/809 4673/8996/1130 4650/8935/1131
f 4647/8927/1132 4670/8987/1133 4691/9046/844 4595/8817/1134
f 4591/8807/1135 4016/7397/1069 4017/7398/1069 4608/8843/1136
f 4609/8845/1119 4615/8859/1118 4598/8823/1118 4592/8809/1137
f 4587/8799/1084 4597/8821/1084 4614/8857/1138 4604/8835/1139
f 4737/9160/1052 4735/9156/1140 4584/8793/1053 4603/8833/1053
f 4651/8938/1141 4676/9002/1142 4695/9060/1142 4667/8981/1143
f 4596/8819/1102 4599/8825/1101 4616/8861/1144 4613/8855/1102
f 4592/8809/1137 4598/8823/1118 4577/8776/1080 4542/8685/1079
f 4613/8855/1102 4616/8861/1144 4573/8763/1145 4565/8738/1146
f 4637/8903/1093 4640/8909/1092 4581/8787/723 4572/8761/722
f 4735/9156/1140 4727/9133/1147 4511/8581/1148 4584/8793/1053
f 4606/8839/1149 4605/8837/1060 4528/8642/1150 4522/8620/1151
f 4602/8831/1105 4607/8841/1104 4521/8617/1152 4517/8602/1153
f 4608/8843/1136 4017/7398/1069 4533/8661/1072 4537/8669/1154
f 4541/8681/1155 4535/8665/1156 4016/7397/1069 4591/8807/1135
f 4604/8835/1139 4614/8857/1138 4564/8734/1063 4529/8646/1062
f 4625/8879/793 4018/7399/795 4015/7396/795 4562/8727/794
f 4623/8875/650 4638/8905/1064 4571/8759/731 4558/8719/730
f 4636/8901/687 4643/8915/1081 4579/8783/735 4560/8723/696
f 4621/8871/797 4624/8877/799 4557/8717/798 4554/8711/797
f 4739/9164/648 4731/9148/800 4546/8695/647 4628/8885/647
f 4550/8703/637 4630/8889/801 4759/9214/639 4750/9196/639
f 4014/7395/680 4657/8955/1157 4664/8975/1073 4019/7400/680
f 4674/8998/1158 4721/9111/1159 4716/9099/1160 4669/8985/1161
f 4018/7399/795 4659/8960/1078 4665/8977/817 4015/7396/795
f 4656/8953/674 4681/9019/673 4688/9040/1162 4663/8973/1163
f 4000/7381/680 4207/7869/815 4657/8955/1157 4014/7395/680
f 4229/7926/832 4226/7916/831 4291/8062/1164 4299/8082/1165
f 4635/8899/695 4019/7400/680 4536/8667/1075 4540/8678/1166
f 4645/8919/1167 4594/8814/1168 4612/8852/1169 4649/8931/1170
f 4535/8665/1156 4655/8950/1171 4652/8940/1070 4016/7397/1069
f 4210/7879/740 4209/7876/810 4242/7960/813 4246/7972/741
f 4538/8672/1172 4534/8663/1076 4018/7399/795 4625/8879/793
f 4648/8928/1173 4674/8998/1158 4669/8985/1161 4646/8922/1174
f 4670/8987/1133 4718/9106/1175 4713/9095/845 4691/9046/844
f 4684/9028/1176 4705/9081/1177 4704/9080/1178 4682/9021/1179
f 4699/9068/1180 4708/9087/1181 4717/9102/1182 4696/9062/1183
f 4682/9021/1179 4704/9080/1178 4710/9090/883 4690/9044/882
f 4666/8979/1111 4689/9042/1110 4249/7981/1184 4218/7901/1185
f 4680/9017/837 4702/9076/836 4709/9089/1186 4687/9038/1187
f 4244/7966/1188 4243/7962/842 4271/8029/843 4273/8033/1189
f 4221/7907/811 4219/7903/1190 4252/7988/1191 4254/7992/812
f 4730/9146/904 4777/9258/904 4351/8217/904 4306/8105/904
f 4654/8945/1192 4678/9008/1193 4676/9002/1142 4651/8938/1141
f 4663/8973/1163 4688/9040/1162 4678/9009/1193 4654/8946/1192
f 4667/8981/1143 4695/9060/1142 4685/9030/1066 4662/8969/1065
f 4302/8093/1194 4303/8097/853 4295/8073/856 4719/9107/1195 4671/8990/809
f 4725/9125/1196 4770/9240/1197 4773/9250/1198 4736/9158/1199
f 4714/9096/1200 4723/9117/1201 4703/9077/1202 4707/9084/1203
f 4290/8060/879 4274/8034/1204 4272/8031/881 4300/8086/880
f 4708/9087/1181 4701/9074/868 4712/9093/871 4717/9102/1182
f 4696/9063/1183 4717/9103/1182 4723/9117/1201 4714/9096/1200
f 4723/9118/1201 4720/9109/860 4711/9091/863 4703/9078/1202
f 4264/8015/1205 4261/8010/878 4293/8067/873 4280/8045/872
f 4677/9004/1206 4700/9073/1207 4697/9065/1208 4675/9000/1209
f 4303/8098/853 4302/8094/1194 4671/8989/1210
f 4687/9038/1187 4709/9089/1186 4698/9067/1211 4679/9013/1212
f 4675/9000/1209 4697/9065/1208 4715/9098/1213 4694/9058/1209
f 4694/9058/1209 4715/9098/1213 4706/9082/1214 4686/9034/1215
f 4671/8990/809 4719/9107/1195 4722/9114/1216 4673/8996/1130
f 4308/8109/657 4732/9150/660 4547/8697/659 4044/7465/658
f 4551/8705/669 4556/8715/670 4634/8897/670 4631/8891/669
f 4022/7403/897 4020/7401/897 4008/7389/897 4011/7392/897
f 4023/7404/897 4021/7402/897 4020/7401/897 4022/7403/897
f 4514/8591/1217 4524/8627/1218 4590/8805/1104 4583/8791/1103
f 4589/8803/1061 4588/8801/1060 4605/8837/1060 4606/8839/1149
f 4545/8693/642 4552/8707/643 4632/8893/644 4627/8883/642
f 4039/7450/1219 4167/7773/709 4168/7775/711 4049/7481/1220
f 4509/8575/1221 4601/8829/1124 4755/9206/1126 4742/9170/1222
f 4738/9162/903 4768/9235/905 4777/9258/904 4730/9146/904
f 4751/9198/950 4786/9288/950 4353/8221/950 4348/8211/951
f 4316/8135/904 4306/8105/904 4351/8217/904 4373/8271/904
f 4748/9192/906 4785/9286/906 4793/9302/908 4756/9208/907
f 4733/9152/910 4760/9216/910 4763/9222/912 4740/9166/911
f 4752/9200/1223 4789/9294/1223 4791/9298/1223 4754/9204/1224
f 4756/9208/907 4793/9302/908 4783/9279/1225 4746/9184/1226
f 4311/8119/958 4322/8147/952 4369/8263/953 4368/8259/959
f 4746/9185/1226 4783/9280/1225 4789/9294/1223 4752/9200/1223
f 4600/8827/1227 4508/8571/1228 4629/8887/898 4021/7402/897
f 4505/8561/1229 4586/8797/1227 4023/7404/897 4617/8863/920
f 4544/8691/921 4022/7403/897 4011/7392/897 4037/7445/921
f 4617/8863/920 4023/7404/897 4022/7403/897 4544/8691/921
f 4009/7390/897 4008/7389/897 4042/7461/898 4089/7587/898
f 4586/8797/1227 4600/8827/1227 4021/7402/897 4023/7404/897
f 4630/8889/801 4510/8578/1230 4744/9178/1231 4759/9214/639
f 4585/8795/1124 4507/8568/1232 4747/9189/1233 4753/9202/1125
f 4021/7402/897 4629/8887/898 4549/8701/898 4020/7401/897
f 4828/9383/926 4797/9311/1234 4771/9245/1235 4762/9220/1236
f 4816/9362/1237 4803/9331/1238 4766/9230/1239 4774/9252/1240
f 4820/9369/1241 4816/9362/1237 4774/9252/1240 4772/9248/1242
f 4778/9260/1243 4790/9296/1244 4823/9374/1245 4799/9317/1246
f 4400/8336/1247 4355/8225/927 4357/8229/927 4417/8382/926
f 4796/9309/1248 4820/9369/1241 4772/9248/1242 4769/9237/1249
f 4414/8377/947 4374/8273/946 4352/8219/1250 4395/8327/1251
f 4824/9376/1251 4808/9348/947 4776/9256/946 4767/9233/946
f 4802/9329/1252 4824/9376/1251 4767/9233/946 4764/9224/1253
f 4758/9212/956 4795/9306/957 4786/9288/950 4751/9198/950
f 4736/9158/1199 4773/9250/1198 4775/9254/1198 4734/9154/1198
f 4728/9137/1254 4765/9226/1255 4768/9235/905 4738/9162/903
f 4382/8301/965 4415/8378/964 4394/8325/973 4349/8213/972
f 4734/9154/1198 4775/9254/1198 4765/9227/1255 4728/9138/1254
f 4813/9357/926 4828/9383/926 4762/9220/1236 4761/9218/927
f 4740/9166/911 4763/9222/912 4770/9241/1197 4725/9126/1196
f 4743/9173/1256 4780/9266/1257 4795/9306/957 4758/9212/956
f 4754/9204/1224 4791/9298/1223 4780/9267/1257 4743/9174/1256
f 4781/9271/1258 4792/9300/965 4827/9381/964 4805/9337/1259
f 4825/9377/966 4860/9468/1260 4844/9436/968 4809/9349/967
f 4792/9300/965 4784/9284/965 4811/9353/964 4827/9381/964
f 4433/8410/1031 4402/8340/978 4446/8437/979 4478/8523/1032
f 4808/9348/947 4395/8327/1251 4352/8219/1250 4776/9256/946
f 4821/9370/1261 4856/9460/1262 4852/9452/1262 4817/9363/1261
f 4787/9290/944 4794/9304/944 4831/9388/943 4814/9358/943
f 4798/9312/1263 4834/9396/1264 4856/9460/1262 4821/9370/1261
f 4400/8336/1247 4813/9357/926 4761/9218/927 4355/8225/927
f 4419/8385/1025 4398/8332/1025 4441/8425/1026 4464/8495/1026
f 4829/9384/1031 4864/9476/1032 4834/9397/1264 4798/9313/1263
f 4826/9379/982 4863/9474/985 4843/9431/1265 4806/9340/1266
f 4794/9304/944 4779/9263/1267 4801/9325/1268 4831/9388/943
f 4817/9363/1261 4852/9452/1262 4840/9419/1269 4804/9332/1270
f 4788/9292/1271 4782/9275/1272 4807/9345/1273 4819/9367/1274
f 4810/9351/980 4847/9442/981 4863/9474/985 4826/9379/982
f 4790/9296/1244 4788/9292/1271 4819/9367/1274 4823/9374/1245
f 4806/9341/1266 4843/9432/1265 4855/9458/1275 4818/9365/1276
f 4870/9489/1277 4883/9507/1278 4857/9462/1279 4833/9393/1280
f 4874/9497/1281 4885/9509/1003 4861/9470/1002 4839/9417/1282
f 4493/8549/1034 4457/8481/1033 4440/8423/1283 4481/8529/1034
f 4862/9472/1007 4846/9440/1010 4876/9500/1009 4884/9508/1008
f 4484/8532/1039 4443/8429/1284 4462/8491/1040 4496/8552/1039
f 4858/9464/1285 4854/9456/1285 4880/9504/1286 4882/9506/1286
f 4866/9480/1018 4836/9405/1287 4868/9485/1288 4886/9510/1019
f 4854/9456/1285 4842/9427/1289 4872/9493/1290 4880/9504/1286
f 4851/9450/1006 4866/9480/1018 4886/9510/1019 4879/9503/1005
f 4830/9386/1024 4867/9482/1027 4850/9448/1026 4815/9360/1025
f 4887/9511/1011 4871/9491/1291 4832/9390/1292 4865/9478/1293
f 4804/9333/1270 4840/9420/1269 4860/9468/1260 4825/9377/966
f 4818/9365/1276 4855/9458/1275 4859/9466/1294 4822/9372/1276
f 4413/8375/967 4396/8328/967 4439/8421/968 4458/8483/968
f 4800/9320/1295 4837/9409/1296 4867/9482/1027 4830/9386/1024
f 4815/9360/1025 4850/9448/1026 4441/8425/1026 4398/8332/1025
f 4822/9372/1276 4859/9466/1294 4837/9410/1296 4800/9321/1295
f 4812/9355/970 4849/9446/971 4864/9476/1032 4829/9384/1031
f 4883/9507/1278 4881/9505/1297 4853/9454/1279 4857/9462/1279
f 4885/9509/1003 4877/9501/1034 4845/9438/1033 4861/9470/1002
f 4881/9505/1297 4875/9499/1298 4838/9414/1299 4853/9454/1279
f 4484/8532/1039 4878/9502/1039 4848/9444/1040 4443/8429/1284
f 4878/9502/1039 4887/9511/1011 4865/9478/1293 4848/9444/1040
f 4877/9501/1034 4481/8529/1034 4440/8423/1283 4845/9438/1033
f 4841/9423/1300 4862/9472/1007 4884/9508/1008 4873/9495/1301
f 4835/9401/1302 4858/9464/1285 4882/9506/1286 4869/9487/1303
f 4024/7406/919 4025/7410/925 4026/7413/1304
f 4029/7420/918 4030/7424/923 4031/7428/1095
f 4032/7430/781 4033/7433/899 4034/7436/751 4035/7440/646
f 4038/7448/756 4039/7451/1219 4040/7454/787 4041/7458/654
f 4046/7470/1055 4047/7474/784 4048/7478/788 4049/7482/1220
f 4050/7486/665 4051/7489/749 4052/7493/752 4053/7497/901
f 4058/7510/649 4059/7513/785 4060/7515/1056
f 4061/7520/690 4062/7524/750 4063/7528/668
f 4076/7554/790 4077/7559/758 4078/7563/827
f 4079/7565/747 4080/7569/686 4081/7571/791
f 4102/7614/703 4103/7617/777 4104/7622/652
f 4105/7625/716 4106/7629/737 4107/7634/692
f 4116/7654/778 4117/7657/706 4118/7661/759
f 4119/7665/738 4120/7668/719 4121/7672/689
f 4140/7712/743 4141/7716/765 4142/7720/823
f 4157/7750/744 4158/7755/822 4159/7757/760
f 4192/7824/820 4193/7826/764 4194/7829/830
f 4195/7833/829 4196/7837/761 4197/7841/821
f 4200/7849/819 4201/7852/824 4202/7856/857
f 4205/7863/802 4206/7866/671 4207/7870/815
f 4210/7880/740 4211/7884/677 4212/7888/1107
f 4213/7892/807 4214/7894/700 4215/7896/1089
f 4218/7902/1185 4219/7904/1190 4220/7906/818
f 4233/7935/887 4234/7938/891 4235/7943/858
f 4238/7949/672 4239/7950/805 4240/7954/846 4241/7958/834
f 4244/7964/1188 4245/7968/894 4246/7973/741
f 4249/7980/1184 4250/7983/885 4251/7986/839 4252/7989/1191
f 4255/7995/746 4256/8000/1085 4257/8003/699
f 4262/8012/892 4263/8013/890 4264/8017/1205
f 4267/8021/835 4268/8022/849 4269/8024/877 4270/8028/869
f 4273/8033/1189 4274/8035/1204 4275/8038/895
f 4276/8040/870 4277/8042/876 4278/8043/701
f 4281/8047/840 4282/8048/884 4283/8050/862 4284/8051/866
f 4291/8063/1164 4292/8065/833 4293/8068/873
f 4294/8070/861 4295/8074/856 4296/8077/867
f 4299/8083/1165 4300/8087/880 4301/8091/896
f 4309/8113/757 4310/8115/653 4311/8121/958
f 4312/8123/782 4313/8128/645 4314/8131/954
f 4327/8159/1096 4328/8161/922 4329/8167/960
f 4330/8168/1305 4331/8173/924 4332/8178/915
f 4361/8239/949 4362/8242/932 4363/8245/955
f 4366/8254/941 4367/8257/928 4368/8260/959
f 4375/8276/936 4376/8280/961 4377/8284/987
f 4378/8287/962 4379/8292/916 4380/8296/993
f 4401/8337/940 4402/8341/978 4403/8344/929
f 4404/8348/937 4405/8350/986 4406/8356/1029
f 4407/8357/948 4408/8361/988 4409/8364/933
f 4410/8367/963 4411/8369/992 4412/8374/983
f 4445/8435/1013 4446/8438/979 4447/8443/997
f 4448/8445/1043 4449/8450/1030 4450/8454/1021
f 4451/8459/1035 4452/8462/989 4453/8467/1001
f 4454/8469/1041 4455/8474/984 4456/8478/1023
f 4485/8533/1020 4486/8535/1014 4487/8537/996 4488/8539/1044
f 4489/8541/1022 4490/8543/1036 4491/8545/1000 4492/8547/1042
f 4505/8562/1229 4506/8567/1037 4507/8569/1232
f 4508/8572/1228 4509/8577/1221 4510/8579/1230
f 4511/8582/1148 4512/8586/1050 4513/8590/1123 4514/8592/1217
f 4515/8596/1128 4516/8600/1054 4517/8604/1153 4518/8606/1047
f 4519/8610/1045 4520/8614/1048 4521/8619/1152 4522/8622/1151
f 4523/8624/1058 4524/8628/1218 4525/8632/1122 4526/8636/1121
f 4527/8641/1046 4528/8643/1150 4529/8647/1062
f 4530/8652/1059 4531/8654/1120 4532/8658/1082
f 4537/8670/1154 4538/8673/1172 4539/8676/1116
f 4540/8679/1166 4541/8682/1155 4542/8686/1079
f 4563/8730/1090 4564/8735/1063 4565/8739/1146
f 4566/8744/1083 4567/8748/1109 4568/8752/1099
f 4573/8764/1145 4574/8768/1117 4575/8771/1091
f 4576/8773/1108 4577/8777/1080 4578/8781/1100
f 4593/8813/1112 4594/8816/1168 4595/8818/1134
f 4610/8849/1115 4611/8851/1129 4612/8854/1169
f 4645/8920/1167 4646/8923/1174 4647/8926/1132
f 4648/8929/1173 4649/8932/1170 4650/8936/1131
f 4653/8943/1074 4654/8947/1192 4655/8951/1171
f 4660/8964/1077 4661/8967/1071 4662/8970/1065
f 4677/9005/1206 4678/9010/1193 4679/9014/1212
f 4684/9026/1176 4685/9031/1066 4686/9035/1215
f 4691/9047/844 4692/9051/806 4693/9055/1113
f 4698/9066/1211 4699/9069/1180 4700/9072/1207
f 4705/9081/1177 4706/9083/1214 4707/9085/1203
f 4716/9100/1160 4717/9104/1182 4718/9106/1175
f 4721/9112/1159 4722/9115/1216 4723/9119/1201
f 4724/9124/1127 4725/9128/1196 4726/9130/1051
f 4727/9134/1147 4728/9139/1254 4729/9143/1049
f 4742/9171/1222 4743/9175/1256 4744/9179/1231
f 4745/9182/1038 4746/9186/1226 4747/9190/1233
f 4764/9225/1253 4765/9228/1255 4766/9232/1239
f 4769/9239/1249 4770/9242/1197 4771/9247/1235
f 4778/9261/1243 4779/9264/1267 4780/9268/1257
f 4781/9272/1258 4782/9276/1272 4783/9281/1225
f 4796/9308/1248 4797/9310/1234 4798/9314/1263
f 4799/9318/1246 4800/9322/1295 4801/9326/1268
f 4802/9328/1252 4803/9330/1238 4804/9334/1270
f 4805/9338/1259 4806/9342/1266 4807/9346/1273
f 4832/9392/1292 4833/9395/1280 4834/9398/1264
f 4835/9402/1302 4836/9406/1287 4837/9411/1296
f 4838/9416/1299 4839/9418/1282 4840/9422/1269
f 4841/9424/1300 4842/9428/1289 4843/9433/1265
f 4868/9484/1288 4869/9486/1303 4870/9488/1277 4871/9490/1291
f 4872/9492/1290 4873/9494/1301 4874/9496/1281 4875/9498/1298
f 4165/7770/920 4024/7407/919 4026/7412/1304 4164/7767/693
f 4131/7694/900 4033/7433/899 4032/7430/781 4130/7692/655
f 4148/7732/917 4029/7421/918 4031/7427/1095 4147/7730/753
f 4085/7580/642 4027/7416/642 4028/7418/902 4084/7578/647
f 4167/7774/709 4039/7451/1219 4038/7448/756 4166/7772/659
f 4089/7588/898 4042/7462/898 4043/7464/637 4088/7586/637
f 4327/8158/1096 4031/7428/1095 4030/7424/923 4328/8162/922
f 4330/8169/1305 4026/7413/1304 4025/7410/925 4331/8174/924
f 4135/7702/691 4061/7521/690 4063/7527/668 4134/7700/667
f 4137/7706/666 4050/7486/665 4053/7497/901 4136/7704/789
f 4091/7592/669 4054/7500/669 4055/7502/644 4090/7590/643
f 4169/7778/797 4046/7471/1055 4049/7483/1220 4168/7776/711
f 4033/7434/899 4053/7498/901 4052/7494/752 4034/7437/751
f 4039/7452/1219 4049/7484/1220 4048/7479/788 4040/7455/787
f 4095/7600/683 4064/7530/682 4065/7532/670 4094/7598/670
f 4171/7782/650 4058/7509/649 4060/7516/1056 4170/7780/799
f 4059/7512/785 4047/7475/784 4046/7472/1055 4060/7517/1056
f 4062/7524/750 4051/7490/749 4050/7487/665 4063/7528/668
f 4071/7544/792 4201/7852/824 4200/7849/819 4070/7542/748
f 4069/7540/676 4076/7555/790 4078/7562/827 4068/7538/828
f 4070/7542/748 4079/7565/747 4081/7571/791 4071/7544/792
f 4099/7608/681 4072/7546/679 4073/7548/697 4098/7606/696
f 4139/7710/767 4081/7572/791 4080/7568/686 4138/7708/770
f 4173/7786/793 4078/7563/827 4077/7559/758 4172/7784/728
f 4037/7446/921 4082/7574/921 4083/7576/640 4036/7444/640
f 4175/7790/642 4085/7580/642 4084/7578/647 4174/7788/647
f 4045/7468/709 4086/7582/709 4087/7584/659 4044/7466/658
f 4177/7794/898 4089/7588/898 4088/7586/637 4176/7792/801
f 4179/7798/669 4091/7592/669 4090/7590/643 4178/7796/644
f 4057/7506/797 4092/7594/797 4093/7596/710 4056/7504/711
f 4181/7802/707 4095/7600/683 4094/7598/670 4180/7800/670
f 4067/7536/733 4096/7602/730 4097/7604/798 4066/7534/799
f 4183/7806/695 4099/7608/681 4098/7606/696 4182/7804/687
f 4075/7552/1057 4100/7610/794 4101/7612/662 4074/7550/661
f 4230/7929/762 4196/7838/761 4195/7834/829 4229/7927/832
f 4144/7724/717 4105/7626/716 4107/7635/692 4143/7722/691
f 4109/7640/713 4110/7642/712 4111/7644/685 4108/7638/684
f 4185/7810/704 4102/7614/703 4104/7622/652 4184/7808/651
f 4116/7654/778 4103/7618/777 4102/7615/703 4117/7657/706
f 4119/7665/738 4106/7630/737 4105/7627/716 4120/7668/719
f 4127/7686/698 4114/7650/697 4115/7652/715 4126/7684/714
f 4146/7728/771 4121/7673/689 4120/7669/719 4145/7726/718
f 4187/7814/729 4118/7662/759 4117/7658/706 4186/7812/705
f 4189/7818/726 4109/7640/713 4108/7638/684 4188/7816/708
f 4123/7678/725 4112/7646/720 4113/7648/796 4122/7676/732
f 4191/7822/688 4127/7686/698 4126/7684/714 4190/7820/727
f 4125/7682/664 4128/7688/663 4129/7690/721 4124/7680/724
f 4150/7736/786 4131/7694/900 4130/7692/655 4149/7734/655
f 4024/7408/919 4132/7696/917 4133/7698/753 4025/7411/925
f 4152/7740/772 4135/7702/691 4134/7700/667 4151/7738/667
f 4154/7744/783 4137/7706/666 4136/7704/789 4153/7742/789
f 4156/7748/768 4139/7710/767 4138/7708/770 4155/7746/769
f 4157/7751/744 4140/7713/743 4142/7719/823 4158/7754/822
f 4161/7762/776 4144/7724/717 4143/7722/691 4160/7760/773
f 4163/7766/771 4146/7728/771 4145/7726/718 4162/7764/718
f 4192/7824/820 4142/7720/823 4141/7716/765 4193/7826/764
f 4140/7714/743 4255/7996/746 4257/8002/699 4141/7717/765
f 4132/7696/917 4148/7732/917 4147/7730/753 4133/7698/753
f 4040/7456/787 4150/7736/786 4149/7734/655 4041/7459/654
f 4058/7510/649 4152/7740/772 4151/7738/667 4059/7513/785
f 4047/7476/784 4154/7744/783 4153/7742/789 4048/7480/788
f 4076/7556/790 4156/7748/768 4155/7746/769 4077/7560/758
f 4103/7619/777 4161/7762/776 4160/7760/773 4104/7623/652
f 4118/7663/759 4163/7766/771 4162/7764/718 4116/7655/778
f 4196/7839/761 4159/7757/760 4158/7755/822 4197/7842/821
s 0
f 4228/7924/1086 4256/7999/1306 4255/7997/746 4227/7919/745
s 1
f 4082/7574/921 4165/7770/920 4164/7767/693 4083/7576/640
f 4086/7582/709 4167/7774/709 4166/7772/659 4087/7584/659
f 4092/7594/797 4169/7778/797 4168/7776/711 4093/7596/710
f 4096/7602/730 4171/7782/650 4170/7780/799 4097/7604/798
f 4100/7610/794 4173/7786/793 4172/7784/728 4101/7612/662
f 4034/7438/751 4175/7790/642 4174/7788/647 4035/7441/646
f 4029/7422/918 4177/7794/898 4176/7792/801 4030/7425/923
f 4051/7491/749 4179/7798/669 4178/7796/644 4052/7495/752
f 4061/7522/690 4181/7802/707 4180/7800/670 4062/7525/750
f 4079/7565/747 4183/7806/695 4182/7804/687 4080/7569/686
f 4112/7646/720 4185/7810/704 4184/7808/651 4113/7648/796
f 4128/7688/663 4187/7814/729 4186/7812/705 4129/7690/721
f 4106/7631/737 4189/7818/726 4188/7816/708 4107/7636/692
f 4121/7674/689 4191/7822/688 4190/7820/727 4119/7666/738
f 4226/7917/831 4194/7830/830 4193/7827/764 4225/7915/766
f 4197/7843/821 4192/7825/820 4194/7831/830 4195/7835/829
f 4199/7847/775 4202/7857/857 4201/7853/824 4198/7845/678
f 4204/7862/803 4205/7864/802 4207/7871/815 4203/7860/814
f 4209/7877/810 4210/7881/740 4212/7889/1107 4208/7874/859
f 4218/7901/1185 4249/7981/1184 4252/7988/1191 4219/7903/1190
f 4217/7900/825 4204/7862/803 4203/7860/814 4216/7898/816
f 4219/7904/1190 4221/7908/811 4222/7910/852 4220/7906/818
f 4224/7914/739 4199/7847/775 4198/7845/678 4223/7912/678
f 4210/7882/740 4224/7914/739 4223/7912/678 4211/7885/677
f 4221/7908/811 4209/7877/810 4208/7874/859 4222/7910/852
f 4202/7858/857 4217/7900/825 4216/7898/816 4200/7850/819
f 4238/7948/672 4206/7867/671 4205/7865/802 4239/7951/805
f 4302/8095/808 4213/7891/807 4215/7895/1089 4303/8099/1088
f 4225/7915/766 4292/8065/833 4291/8063/1164 4226/7917/831
f 4159/7758/760 4228/7925/763 4227/7920/745 4157/7752/744
f 4256/8000/1085 4215/7896/1089 4214/7894/700 4257/8003/699
f 4068/7538/828 4212/7890/1107 4211/7886/677 4069/7540/676
f 4232/7933/888 4233/7936/887 4235/7942/858 4231/7931/742
f 4237/7947/847 4240/7955/846 4239/7952/805 4236/7945/804
f 4243/7963/842 4244/7965/1188 4246/7974/741 4242/7961/813
f 4248/7979/850 4237/7947/847 4236/7945/804 4247/7977/826
f 4251/7986/839 4253/7991/838 4254/7993/812 4252/7989/1191
f 4259/8007/888 4232/7933/888 4231/7931/742 4258/8005/742
f 4245/7969/894 4259/8007/888 4258/8005/742 4246/7975/741
f 4253/7991/838 4243/7963/842 4242/7961/813 4254/7993/812
f 4234/7938/891 4248/7979/850 4247/7977/826 4235/7943/858
f 4233/7937/887 4263/8013/890 4262/8012/892 4234/7939/891
f 4301/8091/896 4230/7929/762 4229/7927/832 4299/8083/1165
f 4267/8021/835 4241/7957/834 4240/7956/846 4268/8022/849
f 4261/8011/878 4264/8016/1205 4263/8014/890 4260/8008/889
f 4266/8020/875 4269/8025/877 4268/8023/849 4265/8018/848
f 4272/8032/881 4274/8035/1204 4273/8033/1189 4271/8029/843
f 4276/8039/870 4270/8027/869 4269/8026/877 4277/8041/876
f 4280/8046/872 4266/8020/875 4265/8018/848 4279/8044/851
f 4284/8051/866 4285/8054/865 4286/8055/841 4281/8047/840
f 4290/8061/879 4261/8011/878 4260/8008/889 4289/8059/893
f 4292/8065/833 4287/8056/702 4288/8058/874 4293/8068/873
f 4287/8056/702 4278/8043/701 4277/8042/876 4288/8058/874
f 4274/8036/1204 4290/8061/879 4289/8059/893 4275/8037/895
f 4283/8049/862 4294/8071/861 4296/8076/867 4284/8052/866
f 4300/8088/880 4297/8079/864 4298/8081/855 4301/8092/896
f 4297/8079/864 4296/8077/867 4295/8074/856 4298/8081/855
f 4285/8054/865 4272/8032/881 4271/8029/843 4286/8055/841
f 4264/8017/1205 4280/8046/872 4279/8044/851 4262/8012/892
f 4299/8084/1165 4291/8064/1164 4293/8069/873 4300/8089/880
f 4275/8038/895 4245/7970/894 4244/7966/1188 4273/8033/1189
f 4250/7984/885 4282/8048/884 4281/8047/840 4251/7987/839
f 4041/7460/654 4310/8116/653 4309/8112/757 4038/7449/756
f 4035/7442/646 4313/8127/645 4312/8124/782 4032/7431/781
f 4318/8140/660 4325/8154/660 4326/8156/911 4317/8138/910
f 4313/8128/645 4323/8150/648 4324/8152/903 4314/8131/954
f 4310/8117/653 4321/8146/656 4322/8148/952 4311/8120/958
f 4321/8146/656 4319/8142/774 4320/8144/953 4322/8148/952
f 4308/8110/657 4318/8140/660 4317/8138/910 4307/8108/909
f 4323/8150/648 4315/8134/800 4316/8136/904 4324/8152/903
f 4315/8134/800 4305/8104/800 4306/8106/904 4316/8136/904
f 4319/8142/774 4312/8125/782 4314/8132/954 4320/8144/953
f 4325/8154/660 4309/8113/757 4311/8121/958 4326/8156/911
f 4344/8204/956 4329/8166/960 4328/8163/922 4343/8202/639
f 4338/8192/913 4332/8179/915 4331/8175/924 4337/8190/755
f 4334/8184/906 4345/8206/906 4346/8208/641 4333/8182/641
f 4342/8200/907 4334/8184/906 4333/8182/641 4341/8197/694
f 4348/8212/951 4335/8186/950 4336/8188/639 4347/8210/638
f 4340/8196/914 4338/8192/913 4337/8190/755 4339/8194/754
f 4329/8167/960 4340/8196/914 4339/8194/754 4327/8159/1096
f 4332/8180/915 4342/8200/907 4341/8197/694 4330/8170/1305
f 4335/8186/950 4344/8204/956 4343/8202/639 4336/8188/639
f 4358/8232/910 4359/8234/912 4360/8236/927 4357/8230/927
f 4363/8246/955 4364/8249/905 4365/8251/946 4361/8238/949
f 4368/8261/959 4369/8264/953 4370/8266/935 4366/8253/941
f 4369/8264/953 4371/8268/953 4372/8270/931 4370/8266/935
f 4356/8228/910 4358/8232/910 4357/8230/927 4355/8226/927
f 4364/8249/905 4373/8272/904 4374/8274/946 4365/8251/946
f 4373/8272/904 4351/8218/904 4352/8220/1250 4374/8274/946
f 4371/8268/953 4363/8247/955 4362/8241/932 4372/8270/931
f 4359/8234/912 4368/8262/959 4367/8256/928 4360/8236/927
f 4404/8347/937 4375/8276/936 4377/8284/987 4405/8351/986
f 4410/8367/963 4378/8288/962 4380/8297/993 4411/8369/992
f 4392/8322/944 4377/8285/987 4376/8281/961 4391/8320/957
f 4386/8310/990 4380/8298/993 4379/8293/916 4385/8308/913
f 4382/8302/965 4349/8214/972 4350/8216/906 4381/8300/906
f 4390/8318/965 4382/8302/965 4381/8300/906 4389/8316/908
f 4354/8224/942 4383/8304/944 4384/8306/950 4353/8222/950
f 4388/8314/939 4386/8310/990 4385/8308/913 4387/8312/913
f 4375/8277/936 4388/8314/939 4387/8312/913 4376/8282/961
f 4378/8289/962 4390/8318/965 4389/8316/908 4379/8294/916
f 4383/8304/944 4392/8322/944 4391/8320/957 4384/8306/950
f 4366/8254/941 4401/8337/940 4403/8344/929 4367/8257/928
f 4361/8239/949 4407/8357/948 4409/8364/933 4362/8242/932
f 4436/8416/1024 4406/8355/1029 4405/8352/986 4435/8414/977
f 4434/8412/926 4403/8345/929 4402/8342/978 4433/8411/1031
f 4424/8395/994 4412/8373/983 4411/8370/992 4423/8393/991
f 4422/8391/930 4409/8365/933 4408/8362/988 4421/8390/974
f 4416/8381/980 4393/8324/980 4394/8326/973 4415/8379/964
f 4414/8377/947 4395/8327/1251 4396/8329/967 4413/8376/967
f 4432/8409/982 4416/8381/980 4415/8379/964 4431/8407/964
f 4430/8405/945 4414/8377/947 4413/8376/967 4429/8404/966
f 4398/8333/1025 4419/8386/1025 4420/8388/943 4397/8331/943
f 4400/8336/1247 4417/8382/926 4418/8384/970 4399/8335/970
f 4428/8402/994 4424/8395/994 4423/8393/991 4427/8400/938
f 4426/8398/934 4422/8391/930 4421/8390/974 4425/8397/974
f 4406/8356/1029 4428/8402/994 4427/8400/938 4404/8348/937
f 4401/8338/940 4426/8398/934 4425/8397/974 4402/8343/978
f 4412/8374/983 4432/8409/982 4431/8407/964 4410/8367/963
f 4407/8358/948 4430/8405/945 4429/8404/966 4408/8363/988
f 4419/8386/1025 4436/8416/1024 4435/8414/977 4420/8388/943
f 4417/8382/926 4434/8412/926 4433/8411/1031 4418/8384/970
f 4488/8539/1044 4448/8446/1043 4450/8455/1021 4485/8533/1020
f 4492/8547/1042 4454/8470/1041 4456/8479/1023 4489/8541/1022
f 4480/8528/1018 4450/8456/1021 4449/8451/1030 4479/8526/1027
f 4478/8524/1032 4446/8439/979 4445/8434/1013 4477/8522/1012
f 4468/8504/1015 4456/8480/1023 4455/8475/984 4467/8502/995
f 4466/8500/975 4452/8463/989 4451/8458/1035 4465/8498/998
f 4460/8488/1010 4437/8418/1028 4438/8420/981 4459/8486/981
f 4458/8484/968 4439/8422/968 4440/8424/1283 4457/8482/1033
f 4476/8520/1007 4460/8488/1010 4459/8486/981 4475/8518/985
f 4474/8516/969 4458/8484/968 4457/8482/1033 4473/8514/1002
f 4442/8428/1004 4463/8494/1006 4464/8496/1026 4441/8426/1026
f 4444/8432/971 4461/8490/971 4462/8492/1040 4443/8430/1284
f 4472/8512/1015 4468/8504/1015 4467/8502/995 4471/8510/995
f 4470/8508/976 4466/8500/975 4465/8498/998 4469/8506/998
f 4448/8447/1043 4472/8512/1015 4471/8510/995 4449/8452/1030
f 4446/8440/979 4470/8508/976 4469/8506/998 4447/8442/997
f 4454/8471/1041 4476/8520/1007 4475/8518/985 4455/8476/984
f 4452/8464/989 4474/8516/969 4473/8514/1002 4453/8466/1001
f 4463/8494/1006 4480/8528/1018 4479/8526/1027 4464/8496/1026
f 4461/8490/971 4478/8524/1032 4477/8522/1012 4462/8492/1040
f 4447/8443/997 4487/8537/996 4486/8535/1014 4445/8435/1013
f 4453/8467/1001 4491/8545/1000 4490/8543/1036 4451/8459/1035
f 4496/8552/1039 4503/8559/1011 4504/8560/1019 4495/8551/1005
f 4491/8546/1000 4501/8557/1003 4502/8558/1008 4492/8548/1042
f 4487/8538/996 4499/8555/999 4500/8556/1016 4488/8540/1044
f 4499/8555/999 4497/8553/999 4498/8554/1017 4500/8556/1016
f 4484/8532/1039 4496/8552/1039 4495/8551/1005 4483/8531/1005
f 4501/8557/1003 4493/8549/1034 4494/8550/1009 4502/8558/1008
f 4493/8549/1034 4481/8529/1034 4482/8530/1009 4494/8550/1009
f 4497/8553/999 4490/8544/1036 4489/8542/1022 4498/8554/1017
f 4503/8559/1011 4486/8536/1014 4485/8534/1020 4504/8560/1019
f 4618/8866/693 4506/8566/1037 4505/8563/1229 4617/8864/920
f 4584/8794/1053 4511/8583/1148 4514/8593/1217 4583/8792/1103
f 4601/8830/1124 4509/8576/1221 4508/8573/1228 4600/8828/1227
f 4546/8696/647 4028/7418/902 4027/7416/642 4545/8694/642
f 4620/8870/659 4515/8597/1128 4518/8607/1047 4619/8868/709
f 4550/8704/637 4043/7464/637 4042/7462/898 4549/8702/898
f 4744/9179/1231 4510/8579/1230 4509/8577/1221 4742/9171/1222
f 4747/9190/1233 4507/8569/1232 4506/8567/1037 4745/9182/1038
f 4588/8802/1060 4530/8651/1059 4532/8659/1082 4587/8800/1084
f 4590/8806/1104 4524/8629/1218 4523/8625/1058 4589/8804/1061
f 4552/8708/643 4055/7502/644 4054/7500/669 4551/8706/669
f 4622/8874/711 4520/8615/1048 4519/8611/1045 4621/8872/797
f 4513/8589/1123 4525/8633/1122 4524/8630/1218 4514/8594/1217
f 4517/8603/1153 4521/8618/1152 4520/8616/1048 4518/8608/1047
f 4556/8716/670 4065/7532/670 4064/7530/682 4555/8714/683
f 4624/8878/799 4527/8640/1046 4529/8648/1062 4623/8876/650
f 4527/8641/1046 4519/8612/1045 4522/8621/1151 4528/8643/1150
f 4530/8652/1059 4523/8626/1058 4526/8637/1121 4531/8654/1120
f 4536/8668/1075 4653/8943/1074 4655/8951/1171 4535/8666/1156
f 4534/8664/1076 4538/8673/1172 4537/8670/1154 4533/8662/1072
f 4535/8666/1156 4541/8682/1155 4540/8679/1166 4536/8668/1075
f 4560/8724/696 4073/7548/697 4072/7546/679 4559/8722/681
f 4592/8810/1137 4542/8687/1079 4541/8683/1155 4591/8808/1135
f 4626/8882/728 4539/8676/1116 4538/8673/1172 4625/8880/793
f 4036/7444/640 4543/8690/640 4544/8692/921 4037/7446/921
f 4628/8886/647 4546/8696/647 4545/8694/642 4627/8884/642
f 4044/7466/658 4547/8698/659 4548/8700/709 4045/7468/709
f 4630/8890/801 4550/8704/637 4549/8702/898 4629/8888/898
f 4632/8894/644 4552/8708/643 4551/8706/669 4631/8892/669
f 4056/7504/711 4553/8710/710 4554/8712/797 4057/7506/797
f 4634/8898/670 4556/8716/670 4555/8714/683 4633/8896/707
f 4066/7534/799 4557/8718/798 4558/8720/730 4067/7536/733
f 4636/8902/687 4560/8724/696 4559/8722/681 4635/8900/695
f 4074/7550/661 4561/8726/662 4562/8728/794 4075/7552/1057
f 4674/8999/1158 4648/8929/1173 4650/8936/1131 4673/8997/1130
f 4597/8822/1084 4566/8745/1083 4568/8753/1099 4596/8820/1102
f 4570/8758/734 4111/7644/685 4110/7642/712 4569/8756/780
f 4638/8906/1064 4564/8736/1063 4563/8731/1090 4637/8904/1093
f 4575/8771/1091 4563/8732/1090 4565/8740/1146 4573/8764/1145
f 4578/8781/1100 4568/8754/1099 4567/8749/1109 4576/8773/1108
f 4580/8786/779 4115/7652/715 4114/7650/697 4579/8784/735
f 4599/8826/1101 4578/8782/1100 4577/8778/1080 4598/8824/1118
f 4640/8910/1092 4575/8771/1091 4574/8768/1117 4639/8908/1106
f 4642/8914/1094 4570/8758/734 4569/8756/780 4641/8912/1098
f 4122/7676/732 4571/8760/731 4572/8762/722 4123/7678/725
f 4644/8918/1097 4580/8786/779 4579/8784/735 4643/8916/1081
f 4124/7680/724 4581/8788/723 4582/8790/736 4125/7682/664
f 4603/8834/1053 4584/8794/1053 4583/8792/1103 4602/8832/1105
f 4507/8570/1232 4585/8796/1124 4586/8798/1227 4505/8564/1229
f 4605/8838/1060 4588/8802/1060 4587/8800/1084 4604/8836/1139
f 4607/8842/1104 4590/8806/1104 4589/8804/1061 4606/8840/1149
f 4609/8846/1119 4592/8810/1137 4591/8808/1135 4608/8844/1136
f 4612/8853/1169 4594/8815/1168 4593/8812/1112 4610/8848/1115
f 4614/8858/1138 4597/8822/1084 4596/8820/1102 4613/8856/1102
f 4616/8862/1144 4599/8826/1101 4598/8824/1118 4615/8860/1118
f 4647/8926/1132 4595/8818/1134 4594/8816/1168 4645/8920/1167
f 4595/8818/1134 4691/9048/844 4693/9056/1113 4593/8813/1112
f 4585/8796/1124 4601/8830/1124 4600/8828/1227 4586/8798/1227
f 4516/8600/1054 4603/8834/1053 4602/8832/1105 4517/8604/1153
f 4528/8644/1150 4605/8838/1060 4604/8836/1139 4529/8649/1062
f 4521/8619/1152 4607/8842/1104 4606/8840/1149 4522/8622/1151
f 4539/8677/1116 4609/8846/1119 4608/8844/1136 4537/8671/1154
f 4564/8737/1063 4614/8858/1138 4613/8856/1102 4565/8741/1146
f 4573/8765/1145 4616/8862/1144 4615/8860/1118 4574/8769/1117
f 4649/8933/1170 4612/8854/1169 4611/8851/1129 4650/8937/1131
f 4672/8994/1114 4693/9057/1113 4692/9052/806 4671/8991/809
f 4543/8690/640 4618/8866/693 4617/8864/920 4544/8692/921
f 4547/8698/659 4620/8870/659 4619/8868/709 4548/8700/709
f 4553/8710/710 4622/8874/711 4621/8872/797 4554/8712/797
f 4557/8718/798 4624/8878/799 4623/8876/650 4558/8720/730
f 4561/8726/662 4626/8882/728 4625/8880/793 4562/8728/794
f 4512/8586/1050 4628/8886/647 4627/8884/642 4513/8590/1123
f 4510/8580/1230 4630/8890/801 4629/8888/898 4508/8574/1228
f 4525/8634/1122 4632/8894/644 4631/8892/669 4526/8638/1121
f 4531/8655/1120 4634/8898/670 4633/8896/707 4532/8660/1082
f 4542/8688/1079 4636/8902/687 4635/8900/695 4540/8680/1166
f 4571/8760/731 4638/8906/1064 4637/8904/1093 4572/8762/722
f 4581/8788/723 4640/8910/1092 4639/8908/1106 4582/8790/736
f 4566/8746/1083 4642/8914/1094 4641/8912/1098 4567/8750/1109
f 4576/8774/1108 4644/8918/1097 4643/8916/1081 4577/8779/1080
f 4670/8987/1133 4647/8927/1132 4646/8924/1174 4669/8986/1161
f 4648/8930/1173 4646/8925/1174 4645/8921/1167 4649/8934/1170
f 4652/8941/1070 4655/8952/1171 4654/8948/1192 4651/8939/1141
f 4657/8956/1157 4207/7872/815 4206/7868/671 4656/8954/674
f 4659/8961/1078 4660/8963/1077 4662/8971/1065 4658/8959/1068
f 4664/8976/1073 4657/8956/1157 4656/8954/674 4663/8974/1163
f 4220/7906/818 4665/8978/817 4666/8980/1111 4218/7902/1185
f 4668/8984/1070 4652/8941/1070 4651/8939/1141 4667/8982/1143
f 4661/8966/1071 4668/8984/1070 4667/8982/1143 4662/8972/1065
f 4665/8978/817 4659/8961/1078 4658/8959/1068 4666/8980/1111
f 4653/8944/1074 4664/8976/1073 4663/8974/1163 4654/8949/1192
f 4669/8986/1161 4716/9100/1160 4718/9106/1175 4670/8987/1133
f 4610/8849/1115 4672/8995/1114 4671/8992/809 4611/8851/1129
f 4691/9049/844 4214/7894/700 4213/7892/807 4692/9053/806
f 4533/8662/1072 4661/8967/1071 4660/8964/1077 4534/8664/1076
f 4676/9003/1142 4678/9011/1193 4677/9006/1206 4675/9001/1209
f 4681/9020/673 4238/7949/672 4241/7958/834 4680/9018/837
f 4683/9025/1067 4685/9032/1066 4684/9027/1176 4682/9022/1179
f 4688/9041/1162 4681/9020/673 4680/9018/837 4687/9039/1187
f 4249/7982/1184 4689/9043/1110 4690/9045/882 4250/7985/885
f 4695/9061/1142 4676/9003/1142 4675/9001/1209 4694/9059/1209
f 4685/9033/1066 4695/9061/1142 4694/9059/1209 4686/9036/1215
f 4689/9043/1110 4683/9025/1067 4682/9022/1179 4690/9045/882
f 4678/9012/1193 4688/9041/1162 4687/9039/1187 4679/9015/1212
f 4679/9016/1212 4698/9066/1211 4700/9072/1207 4677/9007/1206
f 4721/9112/1159 4674/8999/1158 4673/8997/1130 4722/9115/1216
f 4697/9065/1208 4700/9073/1207 4699/9070/1180 4696/9064/1183
f 4702/9076/836 4267/8021/835 4270/8028/869 4701/9075/868
f 4704/9080/1178 4705/9081/1177 4707/9085/1203 4703/9079/1202
f 4709/9089/1186 4702/9076/836 4701/9075/868 4708/9088/1181
f 4282/8048/884 4710/9090/883 4711/9092/863 4283/8050/862
f 4715/9098/1213 4697/9065/1208 4696/9064/1183 4714/9097/1200
f 4717/9104/1182 4712/9094/871 4713/9095/845 4718/9106/1175
f 4712/9094/871 4276/8040/870 4278/8043/701 4713/9095/845
f 4706/9082/1214 4715/9098/1213 4714/9097/1200 4707/9086/1203
f 4722/9116/1216 4719/9108/1195 4720/9110/860 4723/9120/1201
f 4719/9108/1195 4295/8075/856 4294/8072/861 4720/9110/860
f 4710/9090/883 4704/9080/1178 4703/9079/1202 4711/9092/863
f 4698/9067/1211 4709/9089/1186 4708/9088/1181 4699/9071/1180
f 4723/9121/1201 4717/9105/1182 4716/9101/1160 4721/9113/1159
f 4705/9081/1177 4684/9028/1176 4686/9037/1215 4706/9083/1214
f 4515/8598/1128 4724/9123/1127 4726/9131/1051 4516/8601/1054
f 4511/8584/1148 4727/9135/1147 4729/9144/1049 4512/8587/1050
f 4733/9153/910 4740/9167/911 4741/9169/660 4732/9151/660
f 4728/9140/1254 4738/9163/903 4739/9165/648 4729/9145/1049
f 4725/9127/1196 4736/9159/1199 4737/9161/1052 4726/9132/1051
f 4736/9159/1199 4734/9155/1198 4735/9157/1140 4737/9161/1052
f 4307/8108/909 4733/9153/910 4732/9151/660 4308/8110/657
f 4738/9163/903 4730/9147/904 4731/9149/800 4739/9165/648
f 4730/9147/904 4306/8106/904 4305/8104/800 4731/9149/800
f 4734/9155/1198 4728/9141/1254 4727/9136/1147 4735/9157/1140
f 4740/9167/911 4725/9128/1196 4724/9124/1127 4741/9169/660
f 4759/9215/639 4744/9180/1231 4743/9176/1256 4758/9213/956
f 4753/9203/1125 4747/9191/1233 4746/9187/1226 4752/9201/1223
f 4749/9195/641 4346/8208/641 4345/8206/906 4748/9193/906
f 4757/9211/694 4749/9195/641 4748/9193/906 4756/9209/907
f 4347/8210/638 4750/9197/639 4751/9199/950 4348/8212/951
f 4755/9207/1126 4753/9203/1125 4752/9201/1223 4754/9205/1224
f 4742/9172/1222 4755/9207/1126 4754/9205/1224 4743/9177/1256
f 4745/9183/1038 4757/9211/694 4756/9209/907 4746/9188/1226
f 4750/9197/639 4759/9215/639 4758/9213/956 4751/9199/950
f 4761/9219/927 4762/9221/1236 4763/9223/912 4760/9217/910
f 4764/9225/1253 4767/9234/946 4768/9236/905 4765/9228/1255
f 4769/9238/1249 4772/9249/1242 4773/9251/1198 4770/9243/1197
f 4772/9249/1242 4774/9253/1240 4775/9255/1198 4773/9251/1198
f 4355/8226/927 4761/9219/927 4760/9217/910 4356/8228/910
f 4767/9234/946 4776/9257/946 4777/9259/904 4768/9236/905
f 4776/9257/946 4352/8220/1250 4351/8218/904 4777/9259/904
f 4774/9253/1240 4766/9231/1239 4765/9229/1255 4775/9255/1198
f 4762/9221/1236 4771/9246/1235 4770/9244/1197 4763/9223/912
f 4801/9326/1268 4779/9264/1267 4778/9261/1243 4799/9318/1246
f 4807/9346/1273 4782/9277/1272 4781/9273/1258 4805/9338/1259
f 4795/9307/957 4780/9269/1257 4779/9265/1267 4794/9305/944
f 4789/9295/1223 4783/9282/1225 4782/9278/1272 4788/9293/1271
f 4785/9287/906 4350/8216/906 4349/8214/972 4784/9285/965
f 4793/9303/908 4785/9287/906 4784/9285/965 4792/9301/965
f 4353/8222/950 4786/9289/950 4787/9291/944 4354/8224/942
f 4791/9299/1223 4789/9295/1223 4788/9293/1271 4790/9297/1244
f 4780/9270/1257 4791/9299/1223 4790/9297/1244 4778/9262/1243
f 4783/9283/1225 4793/9303/908 4792/9301/965 4781/9274/1258
f 4786/9289/950 4795/9307/957 4794/9305/944 4787/9291/944
f 4771/9247/1235 4797/9310/1234 4796/9308/1248 4769/9239/1249
f 4766/9232/1239 4803/9330/1238 4802/9328/1252 4764/9225/1253
f 4831/9389/943 4801/9327/1268 4800/9323/1295 4830/9387/1024
f 4829/9385/1031 4798/9315/1263 4797/9311/1234 4828/9383/926
f 4819/9368/1274 4807/9347/1273 4806/9343/1266 4818/9366/1276
f 4817/9364/1261 4804/9335/1270 4803/9331/1238 4816/9362/1237
f 4811/9354/964 4394/8326/973 4393/8324/980 4810/9352/980
f 4809/9350/967 4396/8329/967 4395/8327/1251 4808/9348/947
f 4827/9382/964 4811/9354/964 4810/9352/980 4826/9380/982
f 4825/9378/966 4809/9350/967 4808/9348/947 4824/9376/1251
f 4397/8331/943 4814/9359/943 4815/9361/1025 4398/8333/1025
f 4399/8335/970 4812/9356/970 4813/9357/926 4400/8336/1247
f 4823/9375/1245 4819/9368/1274 4818/9366/1276 4822/9373/1276
f 4821/9371/1261 4817/9364/1261 4816/9362/1237 4820/9369/1241
f 4799/9319/1246 4823/9375/1245 4822/9373/1276 4800/9324/1295
f 4798/9316/1263 4821/9371/1261 4820/9369/1241 4796/9309/1248
f 4805/9339/1259 4827/9382/964 4826/9380/982 4806/9344/1266
f 4804/9336/1270 4825/9378/966 4824/9376/1251 4802/9329/1252
f 4814/9359/943 4831/9389/943 4830/9387/1024 4815/9361/1025
f 4812/9356/970 4829/9385/1031 4828/9383/926 4813/9357/926
f 4868/9484/1288 4836/9407/1287 4835/9403/1302 4869/9486/1303
f 4872/9492/1290 4842/9429/1289 4841/9425/1300 4873/9494/1301
f 4867/9483/1027 4837/9412/1296 4836/9408/1287 4866/9481/1018
f 4865/9479/1293 4832/9391/1292 4834/9399/1264 4864/9477/1032
f 4855/9459/1275 4843/9434/1265 4842/9430/1289 4854/9457/1285
f 4853/9455/1279 4838/9415/1299 4840/9421/1269 4852/9453/1262
f 4847/9443/981 4438/8420/981 4437/8418/1028 4846/9441/1010
f 4845/9439/1033 4440/8424/1283 4439/8422/968 4844/9437/968
f 4863/9475/985 4847/9443/981 4846/9441/1010 4862/9473/1007
f 4861/9471/1002 4845/9439/1033 4844/9437/968 4860/9469/1260
f 4441/8426/1026 4850/9449/1026 4851/9451/1006 4442/8428/1004
f 4443/8430/1284 4848/9445/1040 4849/9447/971 4444/8432/971
f 4859/9467/1294 4855/9459/1275 4854/9457/1285 4858/9465/1285
f 4857/9463/1279 4853/9455/1279 4852/9453/1262 4856/9461/1262
f 4837/9413/1296 4859/9467/1294 4858/9465/1285 4835/9404/1302
f 4833/9394/1280 4857/9463/1279 4856/9461/1262 4834/9400/1264
f 4843/9435/1265 4863/9475/985 4862/9473/1007 4841/9426/1300
f 4839/9418/1282 4861/9471/1002 4860/9469/1260 4840/9422/1269
f 4850/9449/1026 4867/9483/1027 4866/9481/1018 4851/9451/1006
f 4848/9445/1040 4865/9479/1293 4864/9477/1032 4849/9447/971
f 4832/9392/1292 4871/9490/1291 4870/9488/1277 4833/9395/1280
f 4838/9416/1299 4875/9498/1298 4874/9496/1281 4839/9418/1282
f 4879/9503/1005 4886/9510/1019 4887/9511/1011 4878/9502/1039
f 4873/9495/1301 4884/9508/1008 4885/9509/1003 4874/9497/1281
f 4869/9487/1303 4882/9506/1286 4883/9507/1278 4870/9489/1277
f 4882/9506/1286 4880/9504/1286 4881/9505/1297 4883/9507/1278
f 4483/8531/1005 4879/9503/1005 4878/9502/1039 4484/8532/1039
f 4884/9508/1008 4876/9500/1009 4877/9501/1034 4885/9509/1003
f 4876/9500/1009 4482/8530/1009 4481/8529/1034 4877/9501/1034
f 4880/9504/1286 4872/9493/1290 4875/9499/1298 4881/9505/1297
f 4886/9510/1019 4868/9485/1288 4871/9491/1291 4887/9511/1011
f 4026/7414/1304 4330/8171/1305 4341/8198/694 4164/7768/693
o D02_Wall_Content_Herod_1_Low
v -236.586227 2.903957 160.000092
v -269.823822 2.657999 160.000092
v -269.823822 2.657999 205.578384
v -236.586227 14.512670 160.000092
v -269.823822 16.166134 160.000092
v -269.823822 4.495870 205.578384
v -236.586227 2.903957 181.957306
v -269.823822 2.657999 181.957306
v -236.586227 14.512670 181.957306
v -269.823822 16.166134 181.957306
v -249.495132 2.657999 160.000092
v -249.495132 2.657999 205.578384
v -249.495132 16.166134 160.000092
v -249.495132 4.495870 205.578384
v -249.495132 16.166134 181.957306
v -249.495132 2.657999 181.957306
v -236.586227 25.240995 181.957306
v -236.586227 25.240995 160.000092
v -223.254242 25.240995 181.957306
v -223.254242 25.240995 160.000092
v -223.254242 19.239174 160.000092
v -223.254242 19.239174 181.957306
v -225.158325 25.240995 181.957306
v -225.158325 25.240995 160.000092
v -223.254242 14.378393 160.000092
v -223.254242 14.378393 181.957306
v -226.733780 14.378393 181.957306
v -226.733780 14.378393 160.000092
v -236.586227 16.260683 181.957306
v -232.852310 20.334747 181.957306
v -236.586227 22.415508 181.957306
v -236.344025 17.093164 181.957306
v -236.010269 17.912998 181.957306
v -235.542419 18.700783 181.957306
v -234.862167 19.408192 181.957306
v -233.949265 19.973034 181.957306
v -232.852310 20.334747 160.000092
v -236.586227 16.260683 160.000092
v -236.586227 22.415508 160.000092
v -233.949265 19.973034 160.000092
v -234.862167 19.408192 160.000092
v -235.542419 18.700783 160.000092
v -236.010269 17.912998 160.000092
v -236.344025 17.093164 160.000092
v -230.467697 20.334747 181.957306
v -226.733780 16.260683 181.957306
v -225.448349 19.239174 181.957306
v -225.158325 22.415508 181.957306
v -229.370743 19.973034 181.957306
v -228.457840 19.408192 181.957306
v -227.777588 18.700783 181.957306
v -227.309738 17.912998 181.957306
v -226.975983 17.093164 181.957306
v -226.733780 16.260683 160.000092
v -230.467697 20.334747 160.000092
v -225.158325 22.415508 160.000092
v -225.448349 19.239174 160.000092
v -226.975983 17.093164 160.000092
v -227.309738 17.912998 160.000092
v -227.777588 18.700783 160.000092
v -228.457840 19.408192 160.000092
v -229.370743 19.973034 160.000092
v -231.660004 20.458357 181.957306
v -231.660004 20.458357 160.000092
v -239.931686 2.903957 181.957306
v -239.931686 2.903957 160.000092
v -238.077560 17.104961 181.957306
v -238.077560 17.104961 160.000092
v -245.055756 2.657999 160.000092
v -245.055756 2.657999 181.957306
v -259.659485 2.657999 160.000092
v -259.659485 16.166134 160.000092
v -259.659485 2.657999 205.578384
v -259.659485 2.657999 181.957306
v -267.282745 2.657999 160.000092
v -267.282745 16.166134 160.000092
v -267.282745 16.166134 181.957306
v -267.282745 2.657999 205.578384
v -267.282745 4.495870 205.578384
v -267.282745 2.657999 181.957306
v -252.036209 2.657999 205.578384
v -252.036209 4.495870 205.578384
v -252.036209 2.657999 181.957306
v -252.036209 2.657999 160.000092
v -252.036209 16.166134 160.000092
v -252.036209 16.166134 181.957306
v -243.225067 17.336634 160.000092
v -242.837997 21.007259 181.957306
v -252.036209 12.243484 179.212662
v -242.909073 21.004803 160.000092
v -269.823822 3.071636 179.212662
v -245.055756 3.071636 179.212662
v -269.823822 3.071636 162.744736
v -245.055756 3.071636 162.744736
v -252.036209 3.071636 160.000092
v -252.036209 3.071636 205.578384
v -267.282745 3.071636 205.578384
v -267.282745 3.071636 160.000092
v -259.659485 3.071636 205.578384
v -259.659485 3.071636 160.000092
v -245.055756 3.071636 181.957306
v -245.055756 3.071636 160.000092
v -249.495132 3.071636 160.000092
v -249.495132 3.071636 205.578384
v -269.823822 3.071636 181.957306
v -249.495132 3.071636 181.957306
v -269.823822 3.071636 205.578384
v -269.823822 3.071636 160.000092
v -236.586227 2.903957 162.744736
v -236.586227 14.512670 162.744736
v -249.495132 2.657999 162.744736
v -236.586227 25.240995 162.744736
v -223.254242 25.240995 162.744736
v -225.158325 25.240995 162.744736
v -259.659485 16.166134 162.744736
v -267.282745 16.166134 162.744736
v -252.036209 16.166134 162.744736
v -269.823822 2.657999 162.744736
v -223.254242 19.239174 162.744736
v -223.254242 14.378393 162.744736
v -249.495132 16.166134 162.744736
v -269.823822 16.166134 162.744736
v -239.931686 2.903957 162.744736
v -245.055756 2.657999 162.744736
v -259.659485 2.657999 162.744736
v -267.282745 2.657999 162.744736
v -252.036209 2.657999 162.744736
v -269.823822 2.657999 179.212662
v -269.823822 16.166134 179.212662
v -249.495132 16.166134 179.212662
v -223.254242 19.239174 179.212662
v -223.254242 14.378393 179.212662
v -239.931686 2.903957 179.212662
v -245.055756 2.657999 179.212662
v -259.659485 2.657999 179.212662
v -267.282745 2.657999 179.212662
v -252.036209 2.657999 179.212662
v -236.586227 14.512670 179.212662
v -236.586227 2.903957 179.212662
v -223.254242 25.240995 179.212662
v -236.586227 25.240995 179.212662
v -225.158325 25.240995 179.212662
v -249.495132 2.657999 179.212662
v -267.282745 16.166134 179.212662
v -252.036209 16.166134 179.212662
v -239.931686 12.316550 160.000092
v -242.493729 14.604498 160.000092
v -241.659821 16.916822 160.000092
v -237.643753 14.604498 160.000092
v -240.105881 13.192110 160.000092
v -240.601837 13.934374 160.000092
v -241.344101 14.430338 160.000092
v -242.493729 14.604498 181.957306
v -239.931686 12.316550 181.957306
v -237.643753 14.604498 181.957306
v -240.765503 17.449871 181.957306
v -241.344101 14.430338 181.957306
v -240.601837 13.934374 181.957306
v -240.105881 13.192110 181.957306
v -269.823822 2.657999 187.882721
v -245.055756 12.316550 160.000092
v -247.343704 14.604498 160.000092
v -243.643356 14.430338 160.000092
v -244.385620 13.934374 160.000092
v -244.881577 13.192110 160.000092
v -245.055756 12.316550 181.957306
v -249.495132 2.657999 187.882721
v -247.343704 14.604498 181.957306
v -244.881577 13.192110 181.957306
v -244.385620 13.934374 181.957306
v -243.643356 14.430338 181.957306
v -239.931686 12.316550 162.744736
v -242.493729 14.604498 162.744736
v -240.105881 13.192110 162.744736
v -240.601837 13.934374 162.744736
v -241.344101 14.430338 162.744736
v -269.823822 10.770657 187.882721
v -245.055756 12.316550 162.744736
v -243.643356 14.430338 162.744736
v -244.385620 13.934374 162.744736
v -244.881577 13.192110 162.744736
v -242.493729 14.604498 179.212662
v -239.931686 12.316550 179.212662
v -241.344101 14.430338 179.212662
v -240.601837 13.934374 179.212662
v -240.105881 13.192110 179.212662
v -245.055756 12.316550 179.212662
v -249.495132 10.770657 187.882721
v -244.881577 13.192110 179.212662
v -244.385620 13.934374 179.212662
v -243.643356 14.430338 179.212662
v -259.659485 2.657999 187.882721
v -267.282745 2.657999 187.882721
v -267.282745 10.770657 187.882721
v -252.036209 2.657999 187.882721
v -252.036209 10.770657 187.882721
v -249.495132 3.071636 187.882721
v -269.823822 3.071636 187.882721
v -269.823822 2.657999 191.496201
v -269.823822 10.770657 191.496201
v -249.495132 10.770657 191.496201
v -259.659485 2.657999 191.496201
v -267.282745 2.657999 191.496201
v -252.036209 2.657999 191.496201
v -249.495132 2.657999 191.496201
v -267.282745 10.770657 191.496201
v -252.036209 10.770657 191.496201
v -249.495132 3.071636 191.496201
v -269.823822 3.071636 191.496201
v -269.823822 2.657999 196.687698
v -269.823822 2.657999 200.618744
v -269.823822 8.777126 196.687698
v -269.823822 8.717861 200.279236
v -249.495132 8.777126 196.687698
v -249.495132 8.717861 200.279236
v -259.659485 2.657999 196.687698
v -259.659485 2.657999 200.618744
v -267.282745 2.657999 196.687698
v -267.282745 2.657999 200.618744
v -252.036209 2.657999 196.687698
v -252.036209 2.657999 200.618744
v -249.495132 2.657999 200.618744
v -249.495132 2.657999 196.687698
v -242.364197 15.574240 162.744736
v -242.364197 15.574240 179.212662
v -267.282745 8.717861 200.279236
v -267.282745 8.777126 196.687698
v -252.036209 8.717861 200.279236
v -252.036209 8.777126 196.687698
v -249.495132 3.071636 200.618744
v -249.495132 3.071636 196.687698
v -269.823822 3.071636 200.618744
v -269.823822 3.071636 196.687698
v -252.036209 3.071636 162.744736
v -267.282745 3.071636 162.744736
v -259.659485 3.071636 162.744736
v -252.036209 3.071636 179.212662
v -252.036209 3.071636 181.957306
v -267.282745 3.071636 181.957306
v -267.282745 3.071636 191.496201
v -267.282745 3.071636 187.882721
v -267.282745 3.071636 196.687698
v -267.282745 3.071636 179.212662
v -267.282745 3.071636 200.618744
v -259.659485 3.071636 200.618744
v -252.036209 3.071636 200.618744
v -259.659485 3.071636 196.687698
v -259.659485 3.071636 187.882721
v -259.659485 3.071636 191.496201
v -259.659485 3.071636 181.957306
v -259.659485 3.071636 179.212662
v -252.036209 3.071636 191.496201
v -252.036209 3.071636 187.882721
v -252.036209 3.071636 196.687698
v -241.723602 21.150465 181.957306
v -241.723602 21.150465 179.212662
v -241.724136 21.154797 160.000092
v -242.909073 21.004803 162.744736
v -241.724136 21.154797 162.744736
v -244.094025 20.854813 160.000092
v -242.837997 21.007259 179.212662
v -244.094025 20.854813 162.744736
v -243.952393 20.864054 181.957306
v -243.952393 20.864054 179.212662
v -245.087341 16.183937 160.000092
v -223.254242 22.415508 160.000092
v -223.254242 22.415508 181.957306
v -223.254242 21.277088 162.744736
v -223.254242 21.277088 179.212662
v -243.858231 16.041534 181.957291
v -247.781067 3.071636 162.744736
v -247.781067 3.071636 179.212662
v -224.999680 21.277088 179.212662
v -224.999680 21.277088 162.744736
v -236.408752 20.485821 179.212662
v -236.408752 20.485821 162.744736
v -240.174698 15.937269 179.212662
v -240.174698 15.937269 162.744736
v -244.190582 14.284665 179.212662
v -244.190582 14.284665 162.744736
v -246.695709 11.225890 179.212662
v -246.695709 11.225890 162.744736
v -246.727127 20.507486 181.957306
v -246.799072 20.512402 160.000092
v -244.014496 14.182356 160.000092
v -244.014496 14.182356 181.957306
v -244.014496 14.182356 179.212662
v -244.014496 14.182356 162.744736
v -245.968781 15.155529 181.957306
v -242.111176 17.381958 181.957306
v -246.799072 20.512402 162.744736
v -246.727127 20.507486 179.212662
v -246.215515 15.394217 160.000092
v -245.624710 12.627090 179.212662
v -245.624710 12.627090 162.744736
v -236.586227 16.260683 179.212662
v -236.344025 17.093164 179.212662
v -236.010269 17.912998 179.212662
v -235.542419 18.700783 179.212662
v -234.862167 19.408192 179.212662
v -233.949265 19.973034 179.212662
v -232.852310 20.334747 179.212662
v -231.660004 20.458357 179.212662
v -230.467697 20.334747 179.212662
v -229.370743 19.973034 179.212662
v -228.457840 19.408192 179.212662
v -227.777588 18.700783 179.212662
v -227.309738 17.912998 179.212662
v -226.975983 17.093164 179.212662
v -226.733780 16.260683 179.212662
v -226.733780 14.378393 179.212662
v -226.733780 14.378393 162.744736
v -226.733780 16.260683 162.744736
v -226.975983 17.093164 162.744736
v -227.309738 17.912998 162.744736
v -227.777588 18.700783 162.744736
v -228.457840 19.408192 162.744736
v -229.370743 19.973034 162.744736
v -230.467697 20.334747 162.744736
v -231.660004 20.458357 162.744736
v -232.852310 20.334747 162.744736
v -233.949265 19.973034 162.744736
v -234.862167 19.408192 162.744736
v -235.542419 18.700783 162.744736
v -236.010269 17.912998 162.744736
v -236.344025 17.093164 162.744736
v -236.586227 16.260683 162.744736
v -236.586227 12.316550 160.000092
v -236.586227 12.316550 181.957306
v -236.586227 12.316550 162.744736
v -236.586227 12.316550 179.212662
v -249.495132 4.053866 205.578384
v -252.036209 4.053866 205.578384
v -249.495132 12.102324 181.957306
v -249.495132 8.381306 187.882721
v -249.495132 8.381306 191.496201
v -249.495132 7.006457 196.687698
v -249.495132 6.965584 200.384613
v -252.036209 12.102324 181.957306
v -252.036209 8.381306 187.882721
v -252.036209 8.381306 191.496201
v -252.036209 7.006457 196.687698
v -252.036209 6.965584 200.384613
v -269.823822 12.316550 160.000092
v -269.823822 12.316550 181.957306
v -249.495132 12.316550 160.000092
v -269.823822 12.316550 162.744736
v -252.036209 12.316550 160.000092
v -267.282745 3.783753 205.578384
v -267.282745 12.316550 160.000092
v -259.659485 12.316550 160.000092
v -269.823822 3.783753 205.578384
v -269.823822 12.316550 179.212662
v -269.823853 8.560667 187.882751
v -269.823822 7.700507 191.496201
v -269.823822 5.404559 200.478470
v -269.823853 6.265717 196.687714
v -259.659485 12.316550 162.744736
v -252.036209 12.316550 162.744736
v -267.282745 12.316550 162.744736
v -267.282745 7.031770 200.496979
v -267.282745 6.420577 196.687714
v -267.282745 7.261074 191.496201
v -267.282745 7.261074 187.882721
v -267.282745 12.316550 181.957306
v -267.282745 12.316550 179.212662
v -223.254242 16.260683 181.957306
v -223.254242 16.260683 160.000092
v -223.254242 16.260683 162.744736
v -223.254242 16.260683 179.212662
v -231.748734 25.240995 160.000092
v -231.748734 25.240995 181.957306
v -231.748734 25.240995 162.744736
v -231.748734 25.240995 179.212662
v -231.748734 22.415508 181.957306
v -231.748734 22.415508 160.000092
v -231.660004 20.485821 179.212662
v -231.660004 20.485821 162.744736
v -228.270035 15.800136 181.957306
v -228.270035 14.838940 181.957306
v -228.270035 15.800136 160.000092
v -228.270035 14.838940 160.000092
v -228.270035 14.838940 179.212662
v -228.270035 15.800136 179.212662
v -228.270035 15.800136 162.744736
v -228.270035 14.838940 162.744736
vn -1.0000 -0.0000 -0.0000
vn -0.0000 -0.0000 1.0000
vn 1.0000 -0.0000 -0.0000
vn -0.0000 -1.0000 -0.0000
vn -0.0000 1.0000 -0.0000
vn -0.0000 -0.0000 -1.0000
vn -0.0000 0.7821 0.6231
vn -0.6229 0.7823 -0.0000
vn -0.6284 -0.7779 -0.0000
vn -0.4226 -0.9063 -0.0000
vn -0.2094 -0.9778 -0.0000
vn -0.9952 -0.0980 -0.0000
vn -0.2872 0.9579 -0.0000
vn -0.1451 -0.9894 -0.0000
vn 0.9952 -0.0980 -0.0000
vn -0.7956 -0.6059 -0.0000
vn -0.8955 -0.4451 -0.0000
vn -0.9445 -0.3286 -0.0000
vn -0.9602 -0.2794 -0.0000
vn 0.9445 -0.3286 -0.0000
vn 0.9900 -0.1411 -0.0000
vn 0.8955 -0.4451 -0.0000
vn 0.7956 -0.6059 -0.0000
vn 0.6284 -0.7779 -0.0000
vn 0.4226 -0.9063 -0.0000
vn 0.2094 -0.9778 -0.0000
vn 0.2093 -0.9778 -0.0000
vn -0.1636 0.9865 -0.0000
vn -0.3798 0.9251 -0.0000
vn -0.9239 -0.3827 -0.0000
vn -0.7071 -0.7071 -0.0000
vn -0.3613 -0.9324 -0.0000
vn 0.3613 -0.9324 -0.0000
vn 0.5556 -0.8315 -0.0000
vn 0.7071 -0.7071 -0.0000
vn 0.9239 -0.3827 -0.0000
vn -0.0000 0.7394 0.6733
vn -0.0000 0.9832 0.1823
vn -0.0000 0.9817 0.1904
vn -0.0000 0.9999 0.0165
vn -0.1275 0.9918 -0.0000
vn -0.6225 0.7827 -0.0000
vn -0.1256 0.9921 -0.0000
vn -0.0591 0.9983 -0.0000
vn -0.7703 0.6377 -0.0000
vn -0.6715 0.7410 -0.0000
vn -0.7757 0.6311 -0.0000
vn -0.9240 0.3825 -0.0000
vn -0.9913 0.1319 -0.0000
vn -0.8432 0.5376 -0.0000
vn -0.8498 0.5271 -0.0000
vn -0.2093 -0.9778 -0.0000
vn -0.2872 -0.9579 -0.0000
vt 0.957990 0.939760
vt 0.317629 0.756568
vt 0.418071 0.174703
vt 0.764463 0.609475
vt 0.339290 0.471883
vt 0.764166 0.422560
vt 0.764166 0.000977
vt 0.215377 0.475955
vt 0.342880 0.609475
vt 0.314486 0.146421
vt 0.850614 0.939759
vt 0.764463 0.484530
vt 0.218757 0.438973
vt 0.215377 0.000977
vt 0.215377 0.458955
vt 0.342880 0.592475
vt 0.317629 0.959665
vt 0.957990 0.736663
vt 0.188339 0.308615
vt 0.561366 0.609475
vt 0.764166 0.219463
vt 0.850614 0.736663
vt 0.091040 0.354032
vt 0.561366 0.484530
vt 0.215377 0.204073
vt 0.388816 0.290489
vt 0.576133 0.422560
vt 0.047483 0.001476
vt 0.576133 0.000977
vt 0.421451 0.298245
vt 0.268283 0.257579
vt 0.279637 0.516447
vt 0.421451 0.281245
vt 0.032079 0.008666
vt 0.421451 0.026363
vt 0.799437 0.612967
vt 0.026678 0.252304
vt 0.576133 0.219463
vt 0.139897 0.199456
vt 0.001121 0.396004
vt 0.799437 0.457940
vt 0.124293 0.516448
vt 0.218757 0.120284
vt 0.799437 0.334625
vt 0.434734 0.792794
vt 0.053279 0.507746
vt 0.251236 0.001323
vt 0.434734 0.995891
vt 0.000977 0.516448
vt 0.304791 0.015944
vt 0.490249 0.995891
vt 0.490249 0.792794
vt 0.103583 0.484266
vt 0.799437 0.352236
vt 0.045830 0.491787
vt 0.246598 0.018313
vt 0.018588 0.516448
vt 0.251466 0.959665
vt 0.535209 0.995891
vt 0.348164 0.027786
vt 0.144324 0.465249
vt 0.535209 0.792794
vt 0.251466 0.756568
vt 0.130711 0.436085
vt 0.283650 0.756569
vt 0.015186 0.435013
vt 0.145951 0.000977
vt 0.283650 0.959665
vt 0.339687 0.058834
vt 0.015186 0.246235
vt 0.145951 0.204073
vt 0.076389 0.360870
vt 0.834445 0.736663
vt 0.780072 0.736663
vt 0.056850 0.408105
vt 0.024802 0.384950
vt 0.826426 0.736663
vt 0.070359 0.366158
vt 0.818238 0.736663
vt 0.064794 0.372162
vt 0.809764 0.736663
vt 0.060021 0.379165
vt 0.800686 0.736663
vt 0.056753 0.387635
vt 0.790756 0.736663
vt 0.055591 0.397496
vt 0.780072 0.939759
vt 0.271632 0.098919
vt 0.298888 0.142162
vt 0.834445 0.939759
vt 0.243969 0.127168
vt 0.272187 0.109588
vt 0.790756 0.939759
vt 0.275003 0.119110
vt 0.800686 0.939759
vt 0.279658 0.126904
vt 0.809764 0.939759
vt 0.285548 0.132998
vt 0.818238 0.939759
vt 0.292050 0.137973
vt 0.826426 0.939759
vt 0.757897 0.736663
vt 0.066180 0.428092
vt 0.703524 0.736663
vt 0.015186 0.452423
vt 0.114935 0.443449
vt 0.178655 0.000977
vt 0.094999 0.465876
vt 0.069512 0.480733
vt 0.747214 0.736663
vt 0.073503 0.435871
vt 0.737284 0.736663
vt 0.081809 0.441313
vt 0.728206 0.736663
vt 0.090399 0.444247
vt 0.719731 0.736663
vt 0.098832 0.445086
vt 0.711544 0.736663
vt 0.107010 0.444676
vt 0.178655 0.204073
vt 0.703525 0.939760
vt 0.322891 0.054249
vt 0.015186 0.228825
vt 0.277441 0.077641
vt 0.757897 0.939759
vt 0.271809 0.025196
vt 0.299445 0.035522
vt 0.314873 0.054382
vt 0.711544 0.939760
vt 0.306744 0.055363
vt 0.719731 0.939759
vt 0.298575 0.057618
vt 0.728206 0.939760
vt 0.290606 0.061965
vt 0.737284 0.939760
vt 0.283341 0.068734
vt 0.747214 0.939759
vt 0.768985 0.736663
vt 0.060479 0.418582
vt 0.768985 0.939759
vt 0.273434 0.087979
vt 0.286684 0.959665
vt 0.175251 0.280575
vt 0.000977 0.795927
vt 0.000977 0.999023
vt 0.286684 0.756568
vt 0.409921 0.204554
vt 0.063478 0.351674
vt 0.287721 0.153413
vt 0.248432 0.999023
vt 0.399632 0.250876
vt 0.535070 0.422560
vt 0.157265 0.236664
vt 0.535070 0.219463
vt 0.248432 0.795927
vt 0.364053 0.381186
vt 0.670149 0.422560
vt 0.243520 0.348276
vt 0.373654 0.516448
vt 0.670149 0.000977
vt 0.016727 0.154757
vt 0.670149 0.219463
vt 0.345481 0.449209
vt 0.740662 0.422560
vt 0.224947 0.416299
vt 0.444167 0.516448
vt 0.191873 0.000977
vt 0.191873 0.204073
vt 0.618694 0.733629
vt 0.740662 0.000977
vt 0.191873 0.475955
vt 0.016728 0.084244
vt 0.191873 0.458955
vt 0.400207 0.625683
vt 0.740662 0.219463
vt 0.599637 0.000977
vt 0.016728 0.225269
vt 0.444955 0.298245
vt 0.444955 0.281245
vt 0.841033 0.334625
vt 0.599637 0.219463
vt 0.382626 0.313163
vt 0.599637 0.422560
vt 0.262092 0.280253
vt 0.303141 0.516448
vt 0.948978 0.553112
vt 0.444955 0.026363
vt 0.273114 0.198780
vt 0.012147 0.327041
vt 0.799437 0.529075
vt 0.912695 0.578499
vt 0.414461 0.736350
vt 0.196061 0.516448
vt 0.241152 0.187024
vt 0.586753 0.605649
vt 0.244606 0.821314
vt 0.739076 0.605649
vt 0.244606 0.973636
vt 0.378935 0.312155
vt 0.012902 0.225269
vt 0.397173 0.753535
vt 0.827860 0.334624
vt 0.444955 0.294419
vt 0.012902 0.084244
vt 0.397173 0.612509
vt 0.400207 0.612509
vt 0.191873 0.472129
vt 0.341790 0.448201
vt 0.012901 0.154757
vt 0.397173 0.683022
vt 0.360362 0.380178
vt 0.244606 0.795927
vt 0.153798 0.238283
vt 0.244606 0.999023
vt 0.395941 0.249868
vt 0.385125 0.289481
vt 0.044016 0.003094
vt 0.421451 0.294419
vt 0.561366 0.605649
vt 0.136430 0.201074
vt 0.342880 0.605649
vt 0.215377 0.472129
vt 0.335599 0.470875
vt 0.764463 0.605649
vt 0.957990 0.914372
vt 0.317629 0.781956
vt 0.850614 0.914372
vt 0.576133 0.397173
vt 0.546205 0.182629
vt 0.124293 0.541835
vt 0.434734 0.970504
vt 0.000977 0.541835
vt 0.511244 0.064372
vt 0.018589 0.541835
vt 0.516237 0.081261
vt 0.526214 0.411089
vt 0.373654 0.541835
vt 0.546205 0.478709
vt 0.444167 0.541835
vt 0.191873 0.026364
vt 0.796403 0.733629
vt 0.303141 0.541835
vt 0.506224 0.343469
vt 0.739076 0.609475
vt 0.764166 0.397173
vt 0.490249 0.970504
vt 0.535209 0.970504
vt 0.251466 0.934278
vt 0.279637 0.541835
vt 0.499560 0.320930
vt 0.739076 0.484530
vt 0.215377 0.026364
vt 0.000977 0.973636
vt 0.286684 0.781956
vt 0.535070 0.397173
vt 0.248432 0.973636
vt 0.670149 0.397173
vt 0.740662 0.397173
vt 0.599637 0.397173
vt 0.764166 0.244850
vt 0.586753 0.609475
vt 0.215377 0.178686
vt 0.586753 0.484530
vt 0.421451 0.000977
vt 0.824824 0.612967
vt 0.454960 0.721224
vt 0.490249 0.818181
vt 0.535209 0.818181
vt 0.251466 0.781955
vt 0.286684 0.934278
vt 0.000977 0.821314
vt 0.535070 0.244850
vt 0.248432 0.821314
vt 0.670149 0.244850
vt 0.740662 0.244850
vt 0.599637 0.244850
vt 0.850614 0.762050
vt 0.957990 0.762050
vt 0.317629 0.934278
vt 0.824824 0.334624
vt 0.434734 0.818181
vt 0.699885 0.798489
vt 0.600866 0.724990
vt 0.824824 0.457940
vt 0.824824 0.352236
vt 0.685744 0.787992
vt 0.576133 0.244850
vt 0.191873 0.178686
vt 0.644081 0.733629
vt 0.444955 0.000977
vt 0.948978 0.578499
vt 0.436087 0.707215
vt 0.088040 0.999023
vt 0.325932 0.181623
vt 0.123567 0.999023
vt 0.299274 0.198910
vt 0.280673 0.185836
vt 0.311090 0.155634
vt 0.096297 0.999023
vt 0.317695 0.181044
vt 0.104554 0.999023
vt 0.309863 0.183661
vt 0.112812 0.999023
vt 0.303629 0.189076
vt 0.123567 0.795927
vt 0.067159 0.304877
vt 0.088040 0.795927
vt 0.096359 0.317400
vt 0.086133 0.345528
vt 0.050072 0.330494
vt 0.112812 0.795927
vt 0.073116 0.313831
vt 0.104554 0.795927
vt 0.080177 0.318113
vt 0.096297 0.795927
vt 0.088339 0.319365
vt 0.506558 0.609475
vt 0.764166 0.164655
vt 0.159093 0.999023
vt 0.313448 0.227345
vt 0.287459 0.242187
vt 0.298028 0.209593
vt 0.134322 0.999023
vt 0.142579 0.999023
vt 0.300645 0.217424
vt 0.306060 0.223658
vt 0.150836 0.999023
vt 0.159093 0.795927
vt 0.076312 0.274452
vt 0.576133 0.164655
vt 0.116715 0.149792
vt 0.048184 0.264227
vt 0.069655 0.279338
vt 0.150836 0.795927
vt 0.065374 0.286398
vt 0.142579 0.795927
vt 0.134322 0.795927
vt 0.064121 0.294560
vt 0.088040 0.973636
vt 0.123567 0.973636
vt 0.096297 0.973636
vt 0.104554 0.973636
vt 0.112812 0.973636
vt 0.506558 0.534436
vt 0.215377 0.278198
vt 0.159093 0.973636
vt 0.134322 0.973636
vt 0.142579 0.973636
vt 0.150836 0.973636
vt 0.123567 0.821314
vt 0.088040 0.821314
vt 0.112812 0.821314
vt 0.104554 0.821314
vt 0.096297 0.821314
vt 0.159093 0.821314
vt 0.421451 0.100489
vt 0.048718 0.181531
vt 0.150836 0.821314
vt 0.142579 0.821314
vt 0.134322 0.821314
vt 0.670149 0.164655
vt 0.740662 0.164655
vt 0.191873 0.278198
vt 0.563886 0.683723
vt 0.599637 0.164655
vt 0.899072 0.498303
vt 0.444955 0.100489
vt 0.113247 0.151410
vt 0.506558 0.605649
vt 0.473135 0.609475
vt 0.764166 0.131232
vt 0.473135 0.534436
vt 0.215377 0.311622
vt 0.421451 0.133912
vt 0.034581 0.151245
vt 0.670149 0.131232
vt 0.740662 0.131232
vt 0.599637 0.131232
vt 0.576133 0.131232
vt 0.102577 0.119506
vt 0.191873 0.311622
vt 0.530462 0.683723
vt 0.899072 0.464880
vt 0.444955 0.133912
vt 0.099111 0.121124
vt 0.473135 0.605649
vt 0.425115 0.609475
vt 0.764166 0.083212
vt 0.388755 0.609475
vt 0.764166 0.046852
vt 0.425115 0.552875
vt 0.215377 0.363060
vt 0.391895 0.553424
vt 0.215377 0.396285
vt 0.421451 0.185350
vt 0.030979 0.099933
vt 0.421451 0.218575
vt 0.017424 0.069599
vt 0.670149 0.083212
vt 0.670149 0.046852
vt 0.740662 0.083212
vt 0.740662 0.046852
vt 0.599637 0.083212
vt 0.599637 0.046852
vt 0.576133 0.046852
vt 0.066887 0.043045
vt 0.576133 0.083212
vt 0.082266 0.075993
vt 0.767200 0.134333
vt 0.475610 0.259229
vt 0.919523 0.134333
vt 0.504659 0.764933
vt 0.191873 0.396285
vt 0.449222 0.664735
vt 0.191873 0.363060
vt 0.482443 0.665283
vt 0.880085 0.383640
vt 0.444955 0.218575
vt 0.880633 0.416861
vt 0.444955 0.185350
vt 0.063420 0.044663
vt 0.078800 0.077611
vt 0.388755 0.605649
vt 0.425115 0.605649
vt 0.000977 0.753534
vt 0.390073 0.377807
vt 0.796403 0.612509
vt 0.000977 0.612509
vt 0.430054 0.513046
vt 0.000977 0.683021
vt 0.410064 0.445427
vt 0.153299 0.753534
vt 0.827858 0.578498
vt 0.363897 0.804471
vt 0.178686 0.753534
vt 0.827858 0.553111
vt 0.178686 0.612509
vt 0.618694 0.612509
vt 0.530462 0.612509
vt 0.266918 0.612509
vt 0.233495 0.612509
vt 0.563886 0.612509
vt 0.482443 0.612509
vt 0.314937 0.612509
vt 0.644081 0.612509
vt 0.153299 0.612509
vt 0.351298 0.612509
vt 0.446082 0.612509
vt 0.351298 0.683022
vt 0.351298 0.753534
vt 0.827859 0.380499
vt 0.314937 0.683022
vt 0.233494 0.683022
vt 0.266918 0.683022
vt 0.178687 0.683022
vt 0.153299 0.683022
vt 0.266918 0.753534
vt 0.827859 0.464880
vt 0.233494 0.753534
vt 0.827859 0.498303
vt 0.314937 0.753534
vt 0.827859 0.416860
vt 0.799437 0.518682
vt 0.015306 0.336942
vt 0.824824 0.518682
vt 0.540159 0.727049
vt 0.185013 0.516448
vt 0.242701 0.176085
vt 0.525209 0.249822
vt 0.196061 0.541835
vt 0.185014 0.541835
vt 0.523432 0.238918
vt 0.207109 0.516448
vt 0.239604 0.197962
vt 0.531093 0.721969
vt 0.824824 0.529075
vt 0.526986 0.260726
vt 0.207109 0.541835
vt 0.008987 0.317140
vt 0.799437 0.539467
vt 0.522026 0.716889
vt 0.824824 0.539467
vt 0.278862 0.218205
vt 0.460869 0.995891
vt 0.276448 0.008206
vt 0.460869 0.792794
vt 0.076961 0.496692
vt 0.476084 0.074766
vt 0.471399 0.970504
vt 0.767200 0.331590
vt 0.678033 0.827929
vt 0.471399 0.818181
vt 0.919523 0.331590
vt 0.049776 0.299063
vt 0.378915 0.340063
vt 0.000977 0.792893
vt 0.767200 0.000977
vt 0.153299 0.792893
vt 0.919523 0.000977
vt 0.395501 0.827929
vt 0.919523 0.315446
vt 0.665069 0.818307
vt 0.480660 0.090249
vt 0.767200 0.315446
vt 0.575969 0.761286
vt 0.919523 0.209483
vt 0.767200 0.209483
vt 0.503560 0.193524
vt 0.919523 0.154862
vt 0.522923 0.774308
vt 0.767200 0.154861
vt 0.473089 0.238856
vt 0.483985 0.764442
vt 0.919523 0.113653
vt 0.468961 0.278812
vt 0.767200 0.113653
vt 0.919523 0.077066
vt 0.448516 0.773350
vt 0.767200 0.077066
vt 0.448399 0.309053
vt 0.799437 0.565343
vt 0.001121 0.292489
vt 0.232330 0.516448
vt 0.236069 0.222934
vt 0.299336 0.213509
vt 0.138450 0.999023
vt 0.138450 0.795927
vt 0.064747 0.290479
vt 0.138450 0.821314
vt 0.138450 0.973636
vt 0.048945 0.277907
vt 0.045376 0.318950
vt 0.531042 0.285618
vt 0.232330 0.541835
vt 0.499452 0.704240
vt 0.824824 0.565344
vt 0.283160 0.230196
vt 0.464195 0.768847
vt 0.919523 0.093379
vt 0.458019 0.295879
vt 0.767200 0.093379
vt 0.834445 0.762050
vt 0.826426 0.762050
vt 0.818238 0.762050
vt 0.809764 0.762050
vt 0.800686 0.762050
vt 0.790756 0.762050
vt 0.780072 0.762050
vt 0.768985 0.762050
vt 0.757897 0.762050
vt 0.747214 0.762050
vt 0.737284 0.762050
vt 0.728206 0.762050
vt 0.719731 0.762050
vt 0.711544 0.762050
vt 0.703525 0.762050
vt 0.178655 0.026364
vt 0.283650 0.781955
vt 0.145952 0.026363
vt 0.283650 0.934278
vt 0.145951 0.178686
vt 0.178655 0.178686
vt 0.703525 0.914372
vt 0.711544 0.914372
vt 0.719731 0.914372
vt 0.728206 0.914372
vt 0.737284 0.914372
vt 0.747214 0.914372
vt 0.757897 0.914372
vt 0.768985 0.914372
vt 0.780072 0.914372
vt 0.790756 0.914372
vt 0.800686 0.914372
vt 0.809764 0.914372
vt 0.818238 0.914372
vt 0.826426 0.914372
vt 0.834445 0.914372
vt 0.870927 0.939759
vt 0.334082 0.151771
vt 0.870927 0.736663
vt 0.109447 0.345440
vt 0.870927 0.914372
vt 0.870927 0.762050
vt 0.035784 0.006937
vt 0.421451 0.285333
vt 0.836945 0.334624
vt 0.444955 0.285333
vt 0.060739 0.236405
vt 0.068745 0.172183
vt 0.054607 0.141897
vt 0.045820 0.093006
vt 0.031699 0.061860
vt 0.911389 0.553111
vt 0.876971 0.498303
vt 0.876972 0.464880
vt 0.864255 0.416860
vt 0.863877 0.382665
vt 0.253107 0.448352
vt 0.764463 0.520137
vt 0.561366 0.520137
vt 0.302633 0.266958
vt 0.739076 0.520137
vt 0.296442 0.289632
vt 0.400207 0.619096
vt 0.191873 0.465542
vt 0.259297 0.425678
vt 0.277870 0.357655
vt 0.342880 0.599062
vt 0.215377 0.465542
vt 0.586753 0.520137
vt 0.506558 0.554878
vt 0.473135 0.562834
vt 0.390052 0.584071
vt 0.425115 0.576105
vt 0.492068 0.421184
vt 0.472077 0.353564
vt 0.796403 0.698021
vt 0.512058 0.488803
vt 0.447208 0.649139
vt 0.482443 0.643486
vt 0.530462 0.651260
vt 0.563886 0.651260
vt 0.618694 0.698022
vt 0.644081 0.698022
vt 0.517799 0.792794
vt 0.128547 0.472613
vt 0.517799 0.995891
vt 0.331368 0.023200
vt 0.517799 0.970504
vt 0.517799 0.818181
vt 0.079548 0.516448
vt 0.230542 0.077119
vt 0.020046 0.436550
vt 0.799437 0.413195
vt 0.533519 0.139719
vt 0.079548 0.541835
vt 0.636795 0.751659
vt 0.824824 0.413195
vt 0.043728 0.425496
vt 0.255754 0.084003
vt 0.919523 0.253407
vt 0.611239 0.787466
vt 0.767200 0.253407
vt 0.491107 0.151402
vt 0.000977 0.448164
vt 0.009867 0.000977
vt 0.163820 0.000977
vt 0.000977 0.439273
vt 0.000977 0.000977
vt 0.160786 0.000977
vt 0.163820 0.204073
vt 0.009867 0.204073
vt 0.000977 0.233085
vt 0.000977 0.204073
vt 0.000977 0.241975
vt 0.160786 0.204074
vt 0.000977 0.026364
vt 0.160786 0.026363
vt 0.009867 0.026364
vt 0.163820 0.026364
vt 0.163820 0.178686
vt 0.009867 0.178686
vt 0.000977 0.178686
vt 0.160786 0.178686
s 1
usemtl MT01_Wall_Content_Herod_1
f 5234/10113/1307 5009/9762/1307 4892/9523/1307 5231/10110/1307
f 5236/10116/1308 4966/9684/1308 4893/9526/1308 5239/10120/1308
f 5117/9932/1309 4991/9728/1309 4899/9539/1309 5109/9917/1309
f 5241/10122/1307 5064/9855/1307 4897/9535/1307 5232/10111/1307
f 5020/9781/1310 5026/9790/1310 4894/9528/1310 4952/9653/1310
f 5024/9787/1310 5030/9798/1310 4903/9549/1310 4970/9692/1310
f 5032/9801/1311 4973/9698/1311 4902/9546/1311 5017/9775/1311
f 5235/10114/1312 4972/9695/1312 4900/9542/1312 5233/10112/1312
f 5115/9929/1313 4969/9690/1313 4901/9544/1313 5102/9908/1313
f 5108/9915/1310 5109/9916/1310 4899/9540/1310 4968/9687/1310
f 5143/9976/1314 5142/9974/1314 4904/9552/1314 5028/9795/1314
f 5254/10137/1308 4933/9617/1308 4914/9575/1308 4913/9572/1308
f 5029/9796/1311 4910/9565/1311 4906/9555/1311 5027/9791/1311
f 5240/10121/1307 5016/9774/1307 5009/9762/1307 5234/10113/1307
f 5193/10063/1315 4937/9623/1315 4936/9621/1316 5192/10062/1316
f 5156/10003/1309 5027/9792/1309 4906/9556/1309 5154/9997/1309
f 5191/10061/1317 4932/9613/1317 4950/9649/1310 5190/10060/1310
f 5257/10141/1309 5254/10136/1309 4913/9573/1309 5019/9779/1309
f 4988/9724/1308 4993/9731/1308 4903/9550/1308 4957/9664/1308
f 5218/10094/1309 5216/10091/1309 4894/9529/1309 5026/9789/1309
f 5262/10150/1308 4950/9650/1308 4932/9614/1308 4935/9620/1308
f 5059/9850/1318 5033/9804/1318 4953/9656/1307 5010/9764/1307
f 5263/10151/1312 5258/10143/1312 4911/9567/1312 4943/9637/1312
f 5261/10149/1311 5259/10145/1311 4910/9565/1311 5029/9796/1311
f 5200/10073/1319 4941/9631/1319 5268/10162/1319 5272/10172/1319
f 4941/9633/1312 4944/9638/1312 4908/9561/1312 5255/10139/1312
f 4935/9620/1308 4934/9619/1308 4909/9564/1308 5154/9998/1308
f 4943/9637/1312 4911/9567/1312 4907/9558/1312 5153/9996/1312
f 4923/9597/1308 4917/9586/1308 4918/9587/1308
f 4931/9611/1312 4925/9600/1312 4955/9660/1312
f 4934/9619/1308 4939/9628/1308 4940/9630/1308
f 4949/9647/1312 4942/9635/1312 4943/9637/1312
f 5216/10092/1308 5041/9819/1308 4952/9654/1308 4894/9530/1308
f 5199/10071/1320 4915/9579/1320 4912/9569/1310 5007/9759/1310
f 5043/9821/1308 4954/9659/1308 4918/9587/1308
f 5086/9881/1307 5096/9897/1307 5085/9880/1307 5047/9828/1307
f 5233/10112/1312 4900/9542/1312 5049/9832/1312 5048/9831/1312
f 5171/10035/1312 5180/10048/1312 5049/9832/1312 4900/9542/1312
f 5033/9805/1312 5036/9809/1312 4891/9521/1312 5215/10090/1312
f 5065/9857/1321 4981/9709/1309 4989/9725/1309 5048/9830/1321
f 5030/9798/1310 5021/9783/1310 4957/9665/1310 4903/9549/1310
f 4981/9709/1309 5011/9767/1309 4956/9661/1309 4989/9725/1309
f 5106/9913/1310 5104/9911/1310 4960/9671/1310 4965/9681/1310
f 5030/9798/1310 5024/9787/1310 5014/9770/1310 4998/9739/1310
f 5237/10117/1312 4963/9676/1312 4959/9669/1312 5238/10118/1312
f 5043/9821/1308 5142/9975/1308 4975/9700/1308 5177/10043/1308
f 5104/9911/1310 5108/9915/1310 4968/9687/1310 4960/9671/1310
f 5261/10148/1312 5264/10153/1312 5162/10016/1312 5028/9794/1312
f 5074/9866/1321 4979/9707/1309 4981/9709/1309 5065/9857/1321
f 5059/9850/1318 5010/9764/1307 5020/9782/1307 5070/9862/1318
f 5009/9763/1311 5016/9773/1311 5031/9799/1311 5003/9751/1311
f 4976/9702/1307 5226/10104/1307 4973/9697/1307 5032/9802/1307
f 5098/9901/1310 5106/9913/1310 4965/9681/1310 4890/9518/1310
f 5100/9905/1313 4893/9526/1313 4966/9684/1313 5113/9924/1313
f 5231/10109/1312 4892/9524/1312 4963/9676/1312 5237/10117/1312
f 5016/9773/1311 4897/9536/1311 4964/9679/1311 5031/9799/1311
f 5015/9771/1310 5023/9786/1310 4967/9686/1310 4895/9532/1310
f 5219/10096/1308 4901/9544/1308 4969/9690/1308 5220/10098/1308
f 5028/9794/1312 5162/10016/1312 5164/10021/1312 5143/9977/1312
f 5238/10118/1312 4959/9669/1312 4972/9695/1312 5235/10114/1312
f 5111/9921/1308 5165/10023/1308 5146/9983/1308 5145/9980/1308
f 5022/9785/1310 5024/9787/1310 4970/9692/1310 4961/9673/1310
f 5013/9769/1310 5023/9786/1310 5015/9771/1310 5005/9756/1310
f 5023/9786/1310 5022/9785/1310 4961/9673/1310 4967/9686/1310
f 5014/9770/1310 5024/9787/1310 5022/9785/1310 5012/9768/1310
f 5256/10140/1309 5257/10141/1309 5019/9779/1309 5007/9758/1309
f 5218/10094/1309 5026/9789/1309 4996/9736/1309 5217/10093/1309
f 5250/10132/1309 5127/9950/1309 5128/9953/1309 5251/10133/1309
f 5245/10126/1308 5246/10127/1308 5004/9754/1308 5002/9747/1308
f 5227/10105/1307 5228/10106/1307 5094/9894/1307 5083/9877/1307
f 5010/9765/1310 4996/9737/1310 5026/9790/1310 5020/9781/1310
f 5156/10003/1309 5018/9778/1309 5006/9757/1309 5155/10000/1309
f 5015/9772/1307 4978/9706/1307 4980/9708/1307 5005/9755/1307
f 5248/10130/1309 5131/9959/1309 5129/9954/1309 5249/10131/1309
f 5247/10129/1308 5245/10126/1308 5002/9747/1308 5003/9749/1308
f 5226/10104/1307 5227/10105/1307 5083/9877/1307 4973/9697/1307
f 5012/9768/1310 5022/9785/1310 5023/9786/1310 5013/9769/1310
f 5005/9755/1307 4980/9708/1307 4995/9735/1307 4889/9515/1307
f 4965/9682/1308 4984/9718/1308 4994/9733/1308 4890/9519/1308
f 5225/10103/1309 5219/10095/1309 4991/9728/1309 5117/9932/1309
f 5047/9828/1307 5085/9880/1307 4992/9730/1307 4895/9531/1307
f 4971/9693/1312 4982/9710/1312 4990/9727/1312 4898/9537/1312
f 5053/9839/1321 4988/9723/1309 4979/9707/1309 5074/9866/1321
f 4898/9537/1312 4990/9727/1312 4989/9726/1312 4956/9662/1312
f 5053/9840/1308 5055/9843/1308 4902/9548/1308 5221/10099/1308
f 4960/9672/1308 4986/9720/1308 4984/9715/1308 4965/9683/1308
f 4962/9674/1312 4985/9719/1312 4987/9722/1312 4958/9667/1312
f 5011/9766/1310 5021/9783/1310 5030/9798/1310 4998/9739/1310
f 4889/9516/1312 4995/9734/1312 4985/9719/1312 4962/9674/1312
f 4968/9688/1308 4983/9711/1308 4986/9720/1308 4960/9672/1308
f 4899/9541/1308 4991/9729/1308 4983/9714/1308 4968/9689/1308
f 4958/9667/1312 4987/9722/1312 4982/9710/1312 4971/9693/1312
f 5221/10099/1309 5222/10100/1309 5084/9879/1309 4993/9731/1309
f 4895/9531/1307 4992/9730/1307 4978/9706/1307 5015/9772/1307
f 5192/10062/1316 4936/9621/1316 4932/9613/1317 5191/10061/1317
f 5194/10064/1322 4938/9625/1322 4937/9623/1315 5193/10063/1315
f 4898/9538/1310 4956/9663/1310 5011/9766/1310 4998/9739/1310
f 4963/9677/1311 5003/9750/1311 5002/9748/1311 4959/9670/1311
f 4892/9525/1311 5009/9763/1311 5003/9751/1311 4963/9678/1311
f 4889/9517/1310 4962/9675/1310 5013/9769/1310 5005/9756/1310
f 4959/9670/1311 5002/9748/1311 5004/9753/1311 4972/9696/1311
f 4958/9668/1310 4971/9694/1310 5014/9770/1310 5012/9768/1310
f 4962/9675/1310 4958/9668/1310 5012/9768/1310 5013/9769/1310
f 5195/10065/1323 4939/9627/1323 4938/9625/1322 5194/10064/1322
f 5196/10066/1324 4940/9629/1324 4939/9627/1323 5195/10065/1323
f 5197/10067/1325 4933/9615/1325 4940/9629/1324 5196/10066/1324
f 5184/10054/1326 4919/9588/1326 4916/9584/1327 5183/10053/1327
f 5185/10055/1328 4920/9590/1328 4919/9588/1326 5184/10054/1326
f 5186/10056/1329 4921/9592/1329 4920/9590/1328 5185/10055/1328
f 5187/10057/1330 4922/9594/1330 4921/9592/1329 5186/10056/1329
f 5188/10058/1331 4923/9596/1331 4922/9594/1330 5187/10057/1330
f 5189/10059/1332 4917/9585/1332 4923/9596/1331 5188/10058/1331
f 4997/9738/1309 4891/9522/1309 4925/9601/1327 5214/10088/1327
f 5258/10142/1311 5260/10147/1311 5001/9745/1311 4911/9568/1311
f 5215/10089/1309 5217/10093/1309 4996/9736/1309 4888/9512/1309
f 5255/10138/1309 5256/10140/1309 5007/9758/1309 4912/9570/1309
f 5153/9995/1309 4907/9559/1309 5000/9742/1309 5155/10000/1309
f 5208/10082/1333 4924/9598/1333 4951/9651/1310 5207/10081/1310
f 4911/9568/1311 5001/9745/1311 5000/9743/1311 4907/9560/1311
f 5259/10144/1308 5262/10150/1308 4935/9620/1308 4910/9566/1308
f 4972/9696/1311 5004/9753/1311 5008/9760/1311 4900/9543/1311
f 4971/9694/1310 4898/9538/1310 4998/9739/1310 5014/9770/1310
f 4953/9657/1310 4888/9513/1310 4996/9737/1310 5010/9765/1310
f 4979/9707/1309 5021/9784/1309 5011/9767/1309 4981/9709/1309
f 5042/9820/1308 4954/9659/1308 5043/9821/1308
f 5041/9818/1318 5070/9862/1318 5020/9782/1307 4952/9655/1307
f 4988/9723/1309 4957/9666/1309 5021/9784/1309 4979/9707/1309
f 5232/10111/1307 4897/9535/1307 5016/9774/1307 5240/10121/1307
f 5253/10135/1309 5130/9956/1309 5122/9938/1309 5247/10128/1309
f 5164/10020/1334 5165/10022/1334 5111/9920/1335 5112/9922/1335
f 5035/9808/1312 5039/9815/1312 5034/9807/1312
f 5042/9820/1308 5045/9825/1308 5046/9827/1308
f 5173/10039/1308 5176/10042/1308 5055/9843/1308 5057/9846/1308
f 5051/9836/1312 5052/9837/1312 5049/9832/1312
f 5052/9837/1312 5048/9831/1312 5049/9832/1312
f 5053/9840/1308 5056/9844/1308 5055/9843/1308
f 5056/9844/1308 5057/9846/1308 5055/9843/1308
f 5040/9817/1308 5043/9821/1308 5177/10043/1308 5157/10005/1308
f 5058/9849/1308 5040/9817/1308 5157/10005/1308
f 5070/9862/1318 5041/9818/1318 5046/9826/1336 5073/9865/1336
f 5073/9865/1336 5046/9826/1336 5045/9824/1337 5072/9864/1337
f 5072/9864/1337 5045/9824/1337 5044/9822/1338 5071/9863/1338
f 5071/9863/1338 5044/9822/1338 5040/9816/1310 5069/9861/1310
f 5069/9861/1310 5040/9816/1310 5058/9848/1339 5078/9871/1339
f 5174/10040/1340 5173/10038/1340 5057/9847/1341 5077/9870/1341
f 5077/9870/1341 5057/9847/1341 5056/9845/1342 5076/9869/1342
f 5076/9869/1342 5056/9845/1342 5053/9839/1321 5074/9866/1321
f 5033/9804/1318 5059/9850/1318 5061/9852/1336 5037/9810/1336
f 5037/9810/1336 5061/9852/1336 5062/9853/1337 5038/9812/1337
f 5038/9812/1337 5062/9853/1337 5063/9854/1338 5039/9814/1338
f 5039/9814/1338 5063/9854/1338 5060/9851/1310 5034/9806/1310
f 5034/9806/1310 5060/9851/1310 5066/9858/1339 5050/9834/1339
f 5172/10037/1340 5175/10041/1340 5067/9859/1341 5051/9835/1341
f 5051/9835/1341 5067/9859/1341 5068/9860/1342 5052/9838/1342
f 5052/9838/1342 5068/9860/1342 5065/9857/1321 5048/9830/1321
f 5059/9850/1318 5070/9862/1318 5073/9865/1336 5061/9852/1336
f 5061/9852/1336 5073/9865/1336 5072/9864/1337 5062/9853/1337
f 5062/9853/1337 5072/9864/1337 5071/9863/1338 5063/9854/1338
f 5063/9854/1338 5071/9863/1338 5069/9861/1310 5060/9851/1310
f 5060/9851/1310 5069/9861/1310 5078/9871/1339 5066/9858/1339
f 5175/10041/1340 5174/10040/1340 5077/9870/1341 5067/9859/1341
f 5067/9859/1341 5077/9870/1341 5076/9869/1342 5068/9860/1342
f 5068/9860/1342 5076/9869/1342 5074/9866/1321 5065/9857/1321
f 5036/9809/1312 5035/9808/1312 4955/9660/1312
f 5252/10134/1309 5126/9949/1309 5130/9956/1309 5253/10135/1309
f 4897/9536/1343 5064/9856/1343 5081/9874/1343 4964/9679/1343
f 4895/9532/1310 4967/9686/1310 5080/9873/1310 5047/9829/1310
f 5228/10106/1307 5229/10107/1307 5116/9930/1307 5094/9894/1307
f 4961/9673/1310 4970/9692/1310 5082/9876/1310 5079/9872/1310
f 4967/9686/1310 4961/9673/1310 5079/9872/1310 5080/9873/1310
f 4970/9692/1310 4903/9549/1310 5054/9841/1310 5082/9876/1310
f 4973/9698/1343 5083/9878/1343 5075/9867/1343 4902/9546/1343
f 5242/10123/1307 5087/9883/1307 5064/9855/1307 5241/10122/1307
f 4993/9731/1309 5084/9879/1309 5054/9842/1309 4903/9550/1309
f 5244/10125/1307 5099/9902/1307 5087/9883/1307 5242/10123/1307
f 5230/10108/1307 5220/10097/1307 4969/9691/1307 5115/9928/1307
f 5222/10100/1309 5223/10101/1309 5095/9896/1309 5084/9879/1309
f 5249/10131/1309 5129/9954/1309 5127/9950/1309 5250/10132/1309
f 5064/9856/1311 5087/9884/1344 5093/9892/1344 5081/9874/1311
f 5047/9829/1310 5080/9873/1310 5090/9888/1310 5086/9882/1310
f 5079/9872/1310 5082/9876/1310 5091/9889/1310 5089/9887/1310
f 5080/9873/1310 5079/9872/1310 5089/9887/1310 5090/9888/1310
f 5097/9898/1307 5120/9935/1307 5096/9897/1307 5086/9881/1307
f 5082/9876/1310 5054/9841/1310 5092/9890/1310 5091/9889/1310
f 5083/9878/1311 5094/9895/1344 5088/9885/1344 5075/9867/1311
f 5084/9879/1309 5095/9896/1309 5092/9891/1309 5054/9842/1309
f 4890/9520/1307 4994/9732/1307 5119/9934/1307 5098/9900/1307
f 5098/9900/1307 5119/9934/1307 5120/9935/1307 5097/9898/1307
f 5229/10107/1307 5230/10108/1307 5115/9928/1307 5116/9930/1307
f 5148/9986/1312 5112/9923/1312 5166/10024/1312 5151/9992/1312
f 5239/10119/1307 4893/9527/1307 5100/9904/1307 5243/10124/1307
f 5243/10124/1307 5100/9904/1307 5099/9902/1307 5244/10125/1307
f 5223/10101/1309 5224/10102/1309 5118/9933/1309 5095/9896/1309
f 5224/10102/1309 5225/10103/1309 5117/9932/1309 5118/9933/1309
f 5236/10115/1309 5248/10130/1309 5113/9925/1309 4966/9685/1309
f 5265/10155/1308 5161/10014/1308 5001/9746/1308 5260/10146/1308
f 5087/9884/1344 5099/9903/1345 5114/9926/1345 5093/9892/1344
f 5099/9903/1345 5100/9905/1346 5113/9924/1346 5114/9926/1345
f 5086/9882/1310 5090/9888/1310 5105/9912/1310 5097/9899/1310
f 5097/9899/1310 5105/9912/1310 5106/9913/1310 5098/9901/1310
f 5089/9887/1310 5091/9889/1310 5107/9914/1310 5103/9910/1310
f 5103/9910/1310 5107/9914/1310 5108/9915/1310 5104/9911/1310
f 5090/9888/1310 5089/9887/1310 5103/9910/1310 5105/9912/1310
f 5105/9912/1310 5103/9910/1310 5104/9911/1310 5106/9913/1310
f 5091/9889/1310 5092/9890/1310 5110/9918/1310 5107/9914/1310
f 5107/9914/1310 5110/9918/1310 5109/9916/1310 5108/9915/1310
f 5094/9895/1344 5116/9931/1345 5101/9906/1345 5088/9885/1344
f 5116/9931/1345 5115/9929/1346 5102/9908/1346 5101/9906/1345
f 5095/9896/1309 5118/9933/1309 5110/9919/1309 5092/9891/1309
f 5118/9933/1309 5117/9932/1309 5109/9917/1309 5110/9919/1309
f 5138/9967/1311 5124/9943/1311 5121/9936/1311 5123/9941/1311
f 5130/9957/1311 5138/9967/1311 5123/9941/1311 5122/9939/1311
f 5155/9999/1308 5000/9744/1308 5001/9746/1308 5161/10014/1308
f 4984/9716/1311 4986/9721/1311 5132/9960/1311 5131/9958/1311
f 4986/9721/1311 4983/9712/1311 5133/9961/1311 5132/9960/1311
f 5135/9964/1311 5140/9970/1311 5125/9946/1311 5137/9966/1311
f 5137/9966/1311 5125/9946/1311 5124/9943/1311 5138/9967/1311
f 5136/9965/1311 5139/9968/1311 5140/9970/1311 5135/9964/1311
f 5134/9963/1311 5141/9972/1311 5139/9968/1311 5136/9965/1311
f 5132/9960/1311 5133/9961/1311 5141/9972/1311 5134/9963/1311
f 5131/9958/1311 5132/9960/1311 5134/9963/1311 5129/9955/1311
f 5129/9955/1311 5134/9963/1311 5136/9965/1311 5127/9951/1311
f 5127/9951/1311 5136/9965/1311 5135/9964/1311 5128/9952/1311
f 5128/9952/1311 5135/9964/1311 5137/9966/1311 5126/9948/1311
f 5126/9948/1311 5137/9966/1311 5138/9967/1311 5130/9957/1311
f 4941/9633/1312 4945/9639/1312 4944/9638/1312
f 4945/9639/1312 4946/9641/1312 4944/9638/1312
f 4946/9641/1312 4947/9643/1312 4943/9637/1312 4944/9638/1312
f 4947/9643/1312 4948/9645/1312 4943/9637/1312
f 4948/9645/1312 4949/9647/1312 4943/9637/1312
f 4924/9599/1312 4927/9603/1312 4926/9602/1312
f 4927/9603/1312 4928/9605/1312 4926/9602/1312
f 4928/9605/1312 4929/9607/1312 4926/9602/1312
f 4929/9607/1312 4930/9609/1312 4955/9660/1312 4926/9602/1312
f 4930/9609/1312 4931/9611/1312 4955/9660/1312
f 4891/9521/1312 5036/9809/1312 4955/9660/1312 4925/9600/1312
f 4896/9534/1308 4916/9583/1308 4954/9659/1308 5042/9820/1308
f 5151/9992/1312 5166/10024/1312 5181/10049/1312 5179/10046/1312
f 5148/9987/1347 4975/9701/1347 5142/9974/1347 5143/9976/1347
f 5176/10042/1308 5170/10033/1308 4902/9548/1308 5055/9843/1308
f 5144/9978/1348 5146/9982/1348 4999/9741/1348 4905/9553/1348
f 4977/9704/1349 5145/9981/1349 5146/9982/1349 5144/9978/1349
f 4926/9602/1312 4955/9660/1312 5035/9808/1312
f 5036/9809/1312 5038/9813/1312 5039/9815/1312 5035/9808/1312
f 5037/9811/1312 5038/9813/1312 5036/9809/1312
f 5033/9805/1312 5037/9811/1312 5036/9809/1312
f 5171/10034/1349 5178/10045/1349 5149/9989/1349 5147/9984/1349
f 5149/9988/1308 5178/10044/1308 5182/10051/1308 5167/10026/1308
f 5179/10047/1347 5170/10032/1347 5150/9991/1347 5151/9993/1347
f 5017/9777/1312 5179/10046/1312 5181/10049/1312 5168/10029/1312
f 5035/9808/1312 5034/9807/1312 5152/9994/1312 4974/9699/1312
f 5034/9807/1312 5050/9833/1312 5152/9994/1312
f 4916/9583/1308 4919/9589/1308 4954/9659/1308
f 4919/9589/1308 4920/9591/1308 4954/9659/1308
f 4920/9591/1308 4921/9593/1308 4918/9587/1308 4954/9659/1308
f 4921/9593/1308 4922/9595/1308 4918/9587/1308
f 4922/9595/1308 4923/9597/1308 4918/9587/1308
f 4935/9620/1308 4937/9624/1308 4938/9626/1308
f 4936/9622/1308 4937/9624/1308 4935/9620/1308
f 4932/9614/1308 4936/9622/1308 4935/9620/1308
f 4935/9620/1308 4938/9626/1308 4939/9628/1308 4934/9619/1308
f 4933/9617/1308 4934/9619/1308 4940/9630/1308
f 4908/9562/1309 5153/9995/1309 5155/10000/1309 5006/9757/1309
f 5156/10002/1312 5160/10013/1312 5029/9797/1312 5027/9793/1312
f 5018/9778/1309 5156/10003/1309 5154/9997/1309 4909/9563/1309
f 4910/9566/1308 4935/9620/1308 5154/9998/1308 4906/9557/1308
f 4944/9638/1312 4943/9637/1312 5153/9996/1312 4908/9561/1312
f 4951/9652/1312 5263/10151/1312 4943/9637/1312 4942/9635/1312
f 5177/10043/1308 4975/9700/1308 5150/9990/1308 5157/10005/1308
f 5142/9975/1308 5043/9821/1308 4918/9587/1308 4904/9551/1308
f 4905/9554/1312 4926/9602/1312 5035/9808/1312 5144/9979/1312
f 5169/10031/1308 5246/10127/1308 5121/9937/1308 5158/10006/1308
f 4977/9705/1312 4974/9699/1312 5152/9994/1312 5147/9985/1312
f 5172/10036/1312 5051/9836/1312 5049/9832/1312 5180/10048/1312
f 5121/9936/1311 5124/9943/1311 5159/10009/1311 5158/10007/1311
f 5160/10012/1350 5156/10004/1311 5155/10001/1311 5161/10015/1350
f 5264/10152/1350 5265/10154/1350 5163/10018/1311 5162/10017/1311
f 5162/10017/1351 5163/10018/1351 5165/10022/1351 5164/10020/1351
f 5112/9922/1335 5111/9920/1335 5167/10027/1352 5166/10025/1352
f 5181/10050/1353 5182/10052/1353 5169/10030/1354 5168/10028/1354
f 5158/10008/1355 5159/10010/1355 5168/10028/1354 5169/10030/1354
f 5167/10026/1308 5111/9921/1308 5145/9980/1308 5149/9988/1308
f 5147/9984/1349 5149/9989/1349 5145/9981/1349 4977/9704/1349
f 5143/9977/1312 5164/10021/1312 5112/9923/1312 5148/9986/1312
f 5165/10023/1308 5163/10019/1308 4999/9740/1308 5146/9983/1308
f 5169/10031/1308 5182/10051/1308 5178/10044/1308 5008/9761/1308
f 5045/9825/1308 5042/9820/1308 5043/9821/1308
f 5041/9819/1308 5042/9820/1308 5046/9827/1308
f 5040/9817/1308 5044/9823/1308 5043/9821/1308
f 5044/9823/1308 5045/9825/1308 5043/9821/1308
f 5251/10133/1309 5128/9953/1309 5126/9949/1309 5252/10134/1309
f 5144/9979/1312 5035/9808/1312 4974/9699/1312 4977/9705/1312
f 5166/10025/1352 5167/10027/1352 5182/10052/1353 5181/10050/1353
f 5050/9833/1312 5172/10036/1312 5180/10048/1312 5152/9994/1312
f 5017/9776/1356 4902/9547/1356 5170/10032/1356 5179/10047/1356
f 4900/9543/1357 5008/9760/1357 5178/10045/1357 5171/10034/1357
f 5157/10005/1308 5150/9990/1308 5170/10033/1308 5176/10042/1308
f 5066/9858/1339 5078/9871/1339 5174/10040/1340 5175/10041/1340
f 5050/9834/1339 5066/9858/1339 5175/10041/1340 5172/10037/1340
f 5078/9871/1339 5058/9848/1339 5173/10038/1340 5174/10040/1340
f 5058/9849/1308 5157/10005/1308 5176/10042/1308 5173/10039/1308
f 5151/9993/1347 5150/9991/1347 4975/9701/1347 5148/9987/1347
f 5147/9985/1312 5152/9994/1312 5180/10048/1312 5171/10035/1312
f 5197/10068/1319 5200/10073/1319 5272/10172/1319 5271/10171/1319
f 5200/10074/1325 5197/10067/1325 5196/10066/1324 5201/10075/1324
f 5201/10075/1324 5196/10066/1324 5195/10065/1323 5202/10076/1323
f 5202/10076/1323 5195/10065/1323 5194/10064/1322 5203/10077/1322
f 5203/10077/1322 5194/10064/1322 5193/10063/1315 5204/10078/1315
f 5204/10078/1315 5193/10063/1315 5192/10062/1316 5205/10079/1316
f 5205/10079/1316 5192/10062/1316 5191/10061/1317 5206/10080/1358
f 5206/10080/1358 5191/10061/1317 5190/10060/1310 5207/10081/1310
f 4917/9585/1332 5189/10059/1332 5190/10060/1310 4950/9649/1310
f 5208/10082/1333 5189/10059/1332 5188/10058/1331 5209/10083/1331
f 5209/10083/1331 5188/10058/1331 5187/10057/1330 5210/10084/1330
f 5210/10084/1330 5187/10057/1330 5186/10056/1329 5211/10085/1329
f 5211/10085/1329 5186/10056/1329 5185/10055/1328 5212/10086/1328
f 5212/10086/1328 5185/10055/1328 5184/10054/1326 5213/10087/1326
f 5213/10087/1326 5184/10054/1326 5183/10053/1327 5214/10088/1327
f 4896/9533/1309 5025/9788/1309 5183/10053/1327 4916/9584/1327
f 4914/9576/1320 5198/10069/1320 5019/9780/1310 4913/9574/1310
f 4931/9612/1326 5213/10087/1326 5214/10088/1327 4925/9601/1327
f 4930/9610/1328 5212/10086/1328 5213/10087/1326 4931/9612/1326
f 4929/9608/1329 5211/10085/1329 5212/10086/1328 4930/9610/1328
f 4928/9606/1330 5210/10084/1330 5211/10085/1329 4929/9608/1329
f 4927/9604/1331 5209/10083/1331 5210/10084/1330 4928/9606/1330
f 4924/9598/1333 5208/10082/1333 5209/10083/1331 4927/9604/1331
f 5189/10059/1332 5208/10082/1333 5207/10081/1310 5190/10060/1310
f 4942/9636/1358 5206/10080/1358 5207/10081/1310 4951/9651/1310
f 4949/9648/1316 5205/10079/1316 5206/10080/1358 4942/9636/1358
f 4948/9646/1315 5204/10078/1315 5205/10079/1316 4949/9648/1316
f 4947/9644/1322 5203/10077/1322 5204/10078/1315 4948/9646/1315
f 4946/9642/1323 5202/10076/1323 5203/10077/1322 4947/9644/1322
f 4945/9640/1324 5201/10075/1324 5202/10076/1323 4946/9642/1323
f 4941/9632/1325 5200/10074/1325 5201/10075/1324 4945/9640/1324
f 4914/9577/1308 4933/9616/1308 5266/10156/1308 5267/10159/1308
f 5198/10069/1320 5199/10071/1320 5007/9759/1310 5019/9780/1310
f 5025/9788/1309 4997/9738/1309 5214/10088/1327 5183/10053/1327
f 4891/9522/1309 4997/9738/1309 5217/10093/1309 5215/10089/1309
f 5025/9788/1309 5218/10094/1309 5217/10093/1309 4997/9738/1309
f 5025/9788/1309 4896/9533/1309 5216/10091/1309 5218/10094/1309
f 4896/9534/1308 5042/9820/1308 5041/9819/1308 5216/10092/1308
f 5101/9907/1309 5102/9909/1309 5225/10103/1309 5224/10102/1309
f 5088/9886/1309 5101/9907/1309 5224/10102/1309 5223/10101/1309
f 5141/9973/1307 5133/9962/1307 5230/10108/1307 5229/10107/1307
f 5075/9868/1309 5088/9886/1309 5223/10101/1309 5222/10100/1309
f 5133/9962/1307 4983/9713/1307 5220/10097/1307 5230/10108/1307
f 5139/9969/1307 5141/9973/1307 5229/10107/1307 5228/10106/1307
f 4902/9548/1309 5075/9868/1309 5222/10100/1309 5221/10099/1309
f 5102/9909/1309 4901/9545/1309 5219/10095/1309 5225/10103/1309
f 5125/9947/1307 5140/9971/1307 5227/10105/1307 5226/10104/1307
f 5140/9971/1307 5139/9969/1307 5228/10106/1307 5227/10105/1307
f 4991/9729/1308 5219/10096/1308 5220/10098/1308 4983/9714/1308
f 4988/9724/1308 5053/9840/1308 5221/10099/1308 4993/9731/1308
f 5124/9944/1307 5125/9947/1307 5226/10104/1307 4976/9702/1307
f 5017/9777/1312 5168/10029/1312 4976/9703/1312 5032/9803/1312
f 5159/10011/1312 5124/9945/1312 4976/9703/1312 5168/10029/1312
f 4953/9658/1312 5033/9805/1312 5215/10090/1312 4888/9514/1312
f 5081/9875/1309 5251/10133/1309 5252/10134/1309 4964/9680/1309
f 4984/9717/1309 5131/9959/1309 5248/10130/1309 5236/10115/1309
f 5119/9934/1307 5243/10124/1307 5244/10125/1307 5120/9935/1307
f 4994/9732/1307 5239/10119/1307 5243/10124/1307 5119/9934/1307
f 5114/9927/1309 5249/10131/1309 5250/10132/1309 5093/9893/1309
f 5120/9935/1307 5244/10125/1307 5242/10123/1307 5096/9897/1307
f 5096/9897/1307 5242/10123/1307 5241/10122/1307 5085/9880/1307
f 4964/9680/1309 5252/10134/1309 5253/10135/1309 5031/9800/1309
f 5031/9800/1309 5253/10135/1309 5247/10128/1309 5003/9752/1309
f 4992/9730/1307 5232/10111/1307 5240/10121/1307 4978/9706/1307
f 5122/9940/1308 5123/9942/1308 5245/10126/1308 5247/10129/1308
f 5113/9925/1309 5248/10130/1309 5249/10131/1309 5114/9927/1309
f 5123/9942/1308 5121/9937/1308 5246/10127/1308 5245/10126/1308
f 5093/9893/1309 5250/10132/1309 5251/10133/1309 5081/9875/1309
f 4987/9722/1312 5238/10118/1312 5235/10114/1312 4982/9710/1312
f 4995/9734/1312 5231/10109/1312 5237/10117/1312 4985/9719/1312
f 4985/9719/1312 5237/10117/1312 5238/10118/1312 4987/9722/1312
f 4978/9706/1307 5240/10121/1307 5234/10113/1307 4980/9708/1307
f 4982/9710/1312 5235/10114/1312 5233/10112/1312 4990/9727/1312
f 5085/9880/1307 5241/10122/1307 5232/10111/1307 4992/9730/1307
f 4984/9718/1308 5236/10116/1308 5239/10120/1308 4994/9733/1308
f 4980/9708/1307 5234/10113/1307 5231/10110/1307 4995/9735/1307
f 4990/9727/1312 5233/10112/1312 5048/9831/1312 4989/9726/1312
f 5008/9761/1308 5004/9754/1308 5246/10127/1308 5169/10031/1308
f 4908/9562/1309 5006/9757/1309 5256/10140/1309 5255/10138/1309
f 5006/9757/1309 5018/9778/1309 5257/10141/1309 5256/10140/1309
f 5018/9778/1309 4909/9563/1309 5254/10136/1309 5257/10141/1309
f 4909/9564/1308 4934/9619/1308 4933/9617/1308 5254/10137/1308
f 4915/9580/1312 4941/9633/1312 5255/10139/1312 4912/9571/1312
f 5160/10012/1350 5161/10015/1350 5265/10154/1350 5264/10152/1350
f 5163/10019/1308 5265/10155/1308 5260/10146/1308 4999/9740/1308
f 4904/9551/1308 4918/9587/1308 5262/10150/1308 5259/10144/1308
f 4905/9553/1311 4999/9741/1311 5260/10147/1311 5258/10142/1311
f 5029/9797/1312 5160/10013/1312 5264/10153/1312 5261/10148/1312
f 5028/9795/1311 4904/9552/1311 5259/10145/1311 5261/10149/1311
f 4926/9602/1312 4905/9554/1312 5258/10143/1312 5263/10151/1312
f 4918/9587/1308 4917/9586/1308 4950/9650/1308 5262/10150/1308
f 4924/9599/1312 4926/9602/1312 5263/10151/1312 4951/9652/1312
f 5272/10173/1307 5268/10163/1307 5269/10165/1307 5273/10174/1307
f 5266/10157/1307 5271/10170/1307 5270/10168/1307 5267/10160/1307
f 5271/10170/1307 5272/10173/1307 5273/10174/1307 5270/10168/1307
f 4941/9634/1312 4915/9581/1312 5269/10166/1312 5268/10164/1312
f 4933/9618/1319 5197/10068/1319 5271/10171/1319 5266/10158/1319
f 5199/10072/1320 5198/10070/1320 5270/10169/1359 5273/10175/1359
f 5198/10070/1320 4914/9578/1320 5267/10161/1359 5270/10169/1359
f 4915/9582/1320 5199/10072/1320 5273/10175/1359 5269/10167/1359
o D02_Wall_Stairs_Herod_1_Low
v -249.477509 13.016006 179.212662
v -252.036209 13.094661 162.744736
v -267.282745 13.094661 162.744736
v -259.659485 13.094661 162.744736
v -223.140869 21.428877 162.744736
v -236.573975 21.428877 162.744736
v -252.036209 13.094661 179.212662
v -267.282745 13.094661 179.212662
v -259.659485 13.094661 179.212662
v -223.140869 21.428877 179.212662
v -236.573975 21.428877 179.212662
v -249.477509 13.016006 162.744736
v -267.282745 13.094661 181.957306
v -252.036209 13.094661 181.957306
v -259.659485 13.094661 181.957306
v -252.036209 3.047447 205.578384
v -267.282745 3.047447 205.578384
v -259.659485 3.047447 205.578384
v -252.036209 9.271045 187.725082
v -267.282745 9.271045 187.725082
v -259.659485 9.271045 187.725082
v -267.282745 9.271045 191.496201
v -252.036209 9.271045 191.496201
v -259.659485 9.271045 191.496201
v -267.282745 7.439361 196.137558
v -252.036209 7.449132 196.137558
v -259.659485 7.439361 196.137558
v -267.282745 7.439361 198.456726
v -252.036209 7.449132 198.456726
v -259.659485 7.439361 198.456726
v -259.659485 7.294497 198.680359
v -252.036209 7.338203 198.680359
v -267.282745 7.294497 198.680359
v -246.726700 16.108747 162.744736
v -246.726700 16.108747 179.212662
v -244.143967 16.151398 162.744736
v -244.143967 16.151398 179.212662
v -223.140869 21.091259 162.744736
v -223.140869 21.091259 179.212662
v -223.471390 21.091259 162.744736
v -223.471390 21.091259 179.212662
v -243.193161 16.129040 179.231750
v -243.193161 16.297464 179.231750
v -244.490494 16.129040 179.231750
v -244.490494 16.297464 179.231750
v -243.193161 16.129040 162.654999
v -243.193161 16.297464 162.654999
v -244.490494 16.129040 162.654999
v -244.490494 16.297464 162.654999
v -242.946655 16.304201 179.231750
v -242.946655 16.472626 179.231750
v -244.244003 16.304201 179.231750
v -244.244003 16.472626 179.231750
v -242.946655 16.304201 162.654999
v -242.946655 16.472626 162.654999
v -244.244003 16.304201 162.654999
v -244.244003 16.472626 162.654999
v -242.700180 16.479364 179.231750
v -242.700180 16.647789 179.231750
v -243.997513 16.479364 179.231750
v -243.997513 16.647789 179.231750
v -242.700180 16.479364 162.654999
v -242.700180 16.647789 162.654999
v -243.997513 16.479364 162.654999
v -243.997513 16.647789 162.654999
v -242.453690 16.654526 179.231750
v -242.453690 16.822952 179.231750
v -243.751007 16.654526 179.231750
v -243.751007 16.822952 179.231750
v -242.453690 16.654526 162.654999
v -242.453690 16.822952 162.654999
v -243.751007 16.654526 162.654999
v -243.751007 16.822952 162.654999
v -242.207199 16.829689 179.231750
v -242.207199 16.998114 179.231750
v -243.504532 16.829689 179.231750
v -243.504532 16.998114 179.231750
v -242.207199 16.829689 162.654999
v -242.207199 16.998114 162.654999
v -243.504532 16.829689 162.654999
v -243.504532 16.998114 162.654999
v -241.960709 17.004850 179.231750
v -241.960709 17.173277 179.231750
v -243.258026 17.004850 179.231750
v -243.258026 17.173277 179.231750
v -241.960709 17.004850 162.654999
v -241.960709 17.173277 162.654999
v -243.258026 17.004850 162.654999
v -243.258026 17.173277 162.654999
v -241.714203 17.180014 179.231750
v -241.714203 17.348438 179.231750
v -243.011536 17.180014 179.231750
v -243.011536 17.348438 179.231750
v -241.714203 17.180014 162.654999
v -241.714203 17.348438 162.654999
v -243.011536 17.180014 162.654999
v -243.011536 17.348438 162.654999
v -241.467728 17.355177 179.231750
v -241.467728 17.523602 179.231750
v -242.765045 17.355177 179.231750
v -242.765045 17.523602 179.231750
v -241.467728 17.355177 162.654999
v -241.467728 17.523602 162.654999
v -242.765045 17.355177 162.654999
v -242.765045 17.523602 162.654999
v -241.221222 17.530338 179.231750
v -241.221222 17.698765 179.231750
v -242.518555 17.530338 179.231750
v -242.518555 17.698765 179.231750
v -241.221222 17.530338 162.654999
v -241.221222 17.698765 162.654999
v -242.518555 17.530338 162.654999
v -242.518555 17.698765 162.654999
v -240.974731 17.705502 179.231750
v -240.974731 17.873928 179.231750
v -242.272049 17.705502 179.231750
v -242.272049 17.873928 179.231750
v -240.974731 17.705502 162.654999
v -240.974731 17.873928 162.654999
v -242.272049 17.705502 162.654999
v -242.272049 17.873928 162.654999
v -240.728241 17.880665 179.231750
v -240.728241 18.049089 179.231750
v -242.025574 17.880665 179.231750
v -242.025574 18.049089 179.231750
v -240.728241 17.880665 162.654999
v -240.728241 18.049089 162.654999
v -242.025574 17.880665 162.654999
v -242.025574 18.049089 162.654999
v -240.481750 18.055828 179.231750
v -240.481750 18.224253 179.231750
v -241.779068 18.055828 179.231750
v -241.779068 18.224253 179.231750
v -240.481750 18.055828 162.654999
v -240.481750 18.224253 162.654999
v -241.779068 18.055828 162.654999
v -241.779068 18.224253 162.654999
v -240.235275 18.230989 179.231750
v -240.235275 18.399414 179.231750
v -241.532593 18.230989 179.231750
v -241.532593 18.399414 179.231750
v -240.235275 18.230989 162.654999
v -240.235275 18.399414 162.654999
v -241.532593 18.230989 162.654999
v -241.532593 18.399414 162.654999
v -239.988770 18.406151 179.231750
v -239.988770 18.574577 179.231750
v -241.286102 18.406151 179.231750
v -241.286102 18.574577 179.231750
v -239.988770 18.406151 162.654999
v -239.988770 18.574577 162.654999
v -241.286102 18.406151 162.654999
v -241.286102 18.574577 162.654999
v -239.742279 18.581314 179.231750
v -239.742279 18.749741 179.231750
v -241.039597 18.581314 179.231750
v -241.039597 18.749741 179.231750
v -239.742279 18.581314 162.654999
v -239.742279 18.749741 162.654999
v -241.039597 18.581314 162.654999
v -241.039597 18.749741 162.654999
v -239.495789 18.756477 179.231750
v -239.495789 18.924902 179.231750
v -240.793121 18.756477 179.231750
v -240.793121 18.924902 179.231750
v -239.495789 18.756477 162.654999
v -239.495789 18.924902 162.654999
v -240.793121 18.756477 162.654999
v -240.793121 18.924902 162.654999
v -239.249298 18.931639 179.231750
v -239.249298 19.100063 179.231750
v -240.546616 18.931639 179.231750
v -240.546616 19.100063 179.231750
v -239.249298 18.931639 162.654999
v -239.249298 19.100063 162.654999
v -240.546616 18.931639 162.654999
v -240.546616 19.100063 162.654999
v -239.002792 19.106800 179.231750
v -239.002792 19.275227 179.231750
v -240.300125 19.106800 179.231750
v -240.300125 19.275227 179.231750
v -239.002792 19.106800 162.654999
v -239.002792 19.275227 162.654999
v -240.300125 19.106800 162.654999
v -240.300125 19.275227 162.654999
v -238.756317 19.281963 179.231750
v -238.756317 19.450390 179.231750
v -240.053635 19.281963 179.231750
v -240.053635 19.450390 179.231750
v -238.756317 19.281963 162.654999
v -238.756317 19.450390 162.654999
v -240.053635 19.281963 162.654999
v -240.053635 19.450390 162.654999
v -238.509811 19.457127 179.231750
v -238.509811 19.625553 179.231750
v -239.807144 19.457127 179.231750
v -239.807144 19.625553 179.231750
v -238.509811 19.457127 162.654999
v -238.509811 19.625553 162.654999
v -239.807144 19.457127 162.654999
v -239.807144 19.625553 162.654999
v -238.263336 19.632290 179.231750
v -238.263336 19.800714 179.231750
v -239.560638 19.632290 179.231750
v -239.560638 19.800714 179.231750
v -238.263336 19.632290 162.654999
v -238.263336 19.800714 162.654999
v -239.560638 19.632290 162.654999
v -239.560638 19.800714 162.654999
v -238.016830 19.807451 179.231750
v -238.016830 19.975876 179.231750
v -239.314163 19.807451 179.231750
v -239.314163 19.975876 179.231750
v -238.016830 19.807451 162.654999
v -238.016830 19.975876 162.654999
v -239.314163 19.807451 162.654999
v -239.314163 19.975876 162.654999
v -237.770340 19.982613 179.231750
v -237.770340 20.151039 179.231750
v -239.067657 19.982613 179.231750
v -239.067657 20.151039 179.231750
v -237.770340 19.982613 162.654999
v -237.770340 20.151039 162.654999
v -239.067657 19.982613 162.654999
v -239.067657 20.151039 162.654999
v -237.523865 20.157776 179.231750
v -237.523865 20.326202 179.231750
v -238.821182 20.157776 179.231750
v -238.821182 20.326202 179.231750
v -237.523865 20.157776 162.654999
v -237.523865 20.326202 162.654999
v -238.821182 20.157776 162.654999
v -238.821182 20.326202 162.654999
v -237.277359 20.332939 179.231750
v -237.277359 20.501364 179.231750
v -238.574692 20.332939 179.231750
v -238.574692 20.501364 179.231750
v -237.277359 20.332939 162.654999
v -237.277359 20.501364 162.654999
v -238.574692 20.332939 162.654999
v -238.574692 20.501364 162.654999
v -237.030884 20.508101 179.231750
v -237.030884 20.676525 179.231750
v -238.328186 20.508101 179.231750
v -238.328186 20.676525 179.231750
v -237.030884 20.508101 162.654999
v -237.030884 20.676525 162.654999
v -238.328186 20.508101 162.654999
v -238.328186 20.676525 162.654999
v -236.784378 20.683264 179.231750
v -236.784378 20.851688 179.231750
v -238.081711 20.683264 179.231750
v -238.081711 20.851688 179.231750
v -236.784378 20.683264 162.654999
v -236.784378 20.851688 162.654999
v -238.081711 20.683264 162.654999
v -238.081711 20.851688 162.654999
v -236.537888 20.858425 179.231750
v -236.537888 21.026852 179.231750
v -237.835205 20.858425 179.231750
v -237.835205 21.026852 179.231750
v -236.537888 20.858425 162.654999
v -236.537888 21.026852 162.654999
v -237.835205 20.858425 162.654999
v -237.835205 21.026852 162.654999
v -236.291382 21.033588 179.231750
v -236.291382 21.202015 179.231750
v -237.588730 21.033588 179.231750
v -237.588730 21.202015 179.231750
v -236.291382 21.033588 162.654999
v -236.291382 21.202015 162.654999
v -237.588730 21.033588 162.654999
v -237.588730 21.202015 162.654999
v -236.044907 21.208752 179.231750
v -236.044907 21.377176 179.231750
v -237.342224 21.208752 179.231750
v -237.342224 21.377176 179.231750
v -236.044907 21.208752 162.654999
v -236.044907 21.377176 162.654999
v -237.342224 21.208752 162.654999
v -237.342224 21.377176 162.654999
v -267.344177 3.107852 205.527405
v -267.344177 3.276278 205.527405
v -267.344177 3.107852 204.230072
v -267.344177 3.276278 204.230072
v -251.974808 3.107852 205.527405
v -251.974808 3.276278 205.527405
v -251.974808 3.107852 204.230072
v -251.974808 3.276278 204.230072
v -267.344177 3.240908 205.332809
v -267.344177 3.409333 205.332809
v -267.344177 3.240908 204.035492
v -267.344177 3.409333 204.035492
v -251.974808 3.240908 205.332809
v -251.974808 3.409333 205.332809
v -251.974808 3.240908 204.035492
v -251.974808 3.409333 204.035492
v -267.344177 3.373964 205.138214
v -267.344177 3.542389 205.138214
v -267.344177 3.373964 203.840881
v -267.344177 3.542389 203.840881
v -251.974808 3.373964 205.138214
v -251.974808 3.542389 205.138214
v -251.974808 3.373964 203.840881
v -251.974808 3.542389 203.840881
v -267.344177 3.507020 204.943619
v -267.344177 3.675444 204.943619
v -267.344177 3.507020 203.646286
v -267.344177 3.675444 203.646286
v -251.974808 3.507020 204.943619
v -251.974808 3.675444 204.943619
v -251.974808 3.507020 203.646286
v -251.974808 3.675444 203.646286
v -267.344177 3.640075 204.749008
v -267.344177 3.808500 204.749008
v -267.344177 3.640075 203.451691
v -267.344177 3.808500 203.451691
v -251.974808 3.640075 204.749008
v -251.974808 3.808500 204.749008
v -251.974808 3.640075 203.451691
v -251.974808 3.808500 203.451691
v -267.344177 3.773131 204.554398
v -267.344177 3.941556 204.554398
v -267.344177 3.773131 203.257095
v -267.344177 3.941556 203.257095
v -251.974808 3.773131 204.554398
v -251.974808 3.941556 204.554398
v -251.974808 3.773131 203.257095
v -251.974808 3.941556 203.257095
v -267.344177 3.906187 204.359818
v -267.344177 4.074611 204.359818
v -267.344177 3.906187 203.062485
v -267.344177 4.074611 203.062485
v -251.974808 3.906187 204.359818
v -251.974808 4.074611 204.359818
v -251.974808 3.906187 203.062485
v -251.974808 4.074611 203.062485
v -267.344177 4.039242 204.165207
v -267.344177 4.207667 204.165207
v -267.344177 4.039242 202.867889
v -267.344177 4.207667 202.867889
v -251.974808 4.039242 204.165207
v -251.974808 4.207667 204.165207
v -251.974808 4.039242 202.867889
v -251.974808 4.207667 202.867889
v -267.344177 4.172298 203.970627
v -267.344177 4.340723 203.970627
v -267.344177 4.172298 202.673294
v -267.344177 4.340723 202.673294
v -251.974808 4.172298 203.970627
v -251.974808 4.340723 203.970627
v -251.974808 4.172298 202.673294
v -251.974808 4.340723 202.673294
v -267.344177 4.305353 203.776016
v -267.344177 4.473779 203.776016
v -267.344177 4.305353 202.478683
v -267.344177 4.473779 202.478683
v -251.974808 4.305353 203.776016
v -251.974808 4.473779 203.776016
v -251.974808 4.305353 202.478683
v -251.974808 4.473779 202.478683
v -267.344177 4.438409 203.581421
v -267.344177 4.606834 203.581421
v -267.344177 4.438409 202.284103
v -267.344177 4.606834 202.284103
v -251.974808 4.438409 203.581421
v -251.974808 4.606834 203.581421
v -251.974808 4.438409 202.284103
v -251.974808 4.606834 202.284103
v -267.344177 4.571465 203.386810
v -267.344177 4.739890 203.386810
v -267.344177 4.571465 202.089493
v -267.344177 4.739890 202.089493
v -251.974808 4.571465 203.386810
v -251.974808 4.739890 203.386810
v -251.974808 4.571465 202.089493
v -251.974808 4.739890 202.089493
v -267.344177 4.704520 203.192230
v -267.344177 4.872945 203.192230
v -267.344177 4.704520 201.894897
v -267.344177 4.872945 201.894897
v -251.974808 4.704520 203.192230
v -251.974808 4.872945 203.192230
v -251.974808 4.704520 201.894897
v -251.974808 4.872945 201.894897
v -267.344177 4.837576 202.997620
v -267.344177 5.006001 202.997620
v -267.344177 4.837576 201.700302
v -267.344177 5.006001 201.700302
v -251.974808 4.837576 202.997620
v -251.974808 5.006001 202.997620
v -251.974808 4.837576 201.700302
v -251.974808 5.006001 201.700302
v -267.344177 4.970632 202.803040
v -267.344177 5.139056 202.803040
v -267.344177 4.970632 201.505707
v -267.344177 5.139056 201.505707
v -251.974808 4.970632 202.803040
v -251.974808 5.139056 202.803040
v -251.974808 4.970632 201.505707
v -251.974808 5.139056 201.505707
v -267.344177 5.103687 202.608429
v -267.344177 5.272112 202.608429
v -267.344177 5.103687 201.311096
v -267.344177 5.272112 201.311096
v -251.974808 5.103687 202.608429
v -251.974808 5.272112 202.608429
v -251.974808 5.103687 201.311096
v -251.974808 5.272112 201.311096
v -267.344177 5.236743 202.413818
v -267.344177 5.405168 202.413818
v -267.344177 5.236743 201.116516
v -267.344177 5.405168 201.116516
v -251.974808 5.236743 202.413818
v -251.974808 5.405168 202.413818
v -251.974808 5.236743 201.116516
v -251.974808 5.405168 201.116516
v -267.344177 5.369798 202.219223
v -267.344177 5.538223 202.219223
v -267.344177 5.369798 200.921906
v -267.344177 5.538223 200.921906
v -251.974808 5.369798 202.219223
v -251.974808 5.538223 202.219223
v -251.974808 5.369798 200.921906
v -251.974808 5.538223 200.921906
v -267.344177 5.502854 202.024628
v -267.344177 5.671279 202.024628
v -267.344177 5.502854 200.727295
v -267.344177 5.671279 200.727295
v -251.974808 5.502854 202.024628
v -251.974808 5.671279 202.024628
v -251.974808 5.502854 200.727295
v -251.974808 5.671279 200.727295
v -267.344177 5.635910 201.830032
v -267.344177 5.804335 201.830032
v -267.344177 5.635910 200.532715
v -267.344177 5.804335 200.532715
v -251.974808 5.635910 201.830032
v -251.974808 5.804335 201.830032
v -251.974808 5.635910 200.532715
v -251.974808 5.804335 200.532715
v -267.344177 5.768966 201.635422
v -267.344177 5.937390 201.635422
v -267.344177 5.768966 200.338104
v -267.344177 5.937390 200.338104
v -251.974808 5.768966 201.635422
v -251.974808 5.937390 201.635422
v -251.974808 5.768966 200.338104
v -251.974808 5.937390 200.338104
v -267.344177 5.902021 201.440842
v -267.344177 6.070446 201.440842
v -267.344177 5.902021 200.143509
v -267.344177 6.070446 200.143509
v -251.974808 5.902021 201.440842
v -251.974808 6.070446 201.440842
v -251.974808 5.902021 200.143509
v -251.974808 6.070446 200.143509
v -267.344177 6.035077 201.246231
v -267.344177 6.203502 201.246231
v -267.344177 6.035077 199.948898
v -267.344177 6.203502 199.948898
v -251.974808 6.035077 201.246231
v -251.974808 6.203502 201.246231
v -251.974808 6.035077 199.948898
v -251.974808 6.203502 199.948898
v -267.344177 6.168133 201.051636
v -267.344177 6.336557 201.051636
v -267.344177 6.168133 199.754318
v -267.344177 6.336557 199.754318
v -251.974808 6.168133 201.051636
v -251.974808 6.336557 201.051636
v -251.974808 6.168133 199.754318
v -251.974808 6.336557 199.754318
v -267.344177 6.301188 200.857040
v -267.344177 6.469613 200.857040
v -267.344177 6.301188 199.559708
v -267.344177 6.469613 199.559708
v -251.974808 6.301188 200.857040
v -251.974808 6.469613 200.857040
v -251.974808 6.301188 199.559708
v -251.974808 6.469613 199.559708
v -267.344177 6.434244 200.662445
v -267.344177 6.602669 200.662445
v -267.344177 6.434244 199.365128
v -267.344177 6.602669 199.365128
v -251.974808 6.434244 200.662445
v -251.974808 6.602669 200.662445
v -251.974808 6.434244 199.365128
v -251.974808 6.602669 199.365128
v -267.344177 6.567300 200.467834
v -267.344177 6.735725 200.467834
v -267.344177 6.567300 199.170517
v -267.344177 6.735725 199.170517
v -251.974808 6.567300 200.467834
v -251.974808 6.735725 200.467834
v -251.974808 6.567300 199.170517
v -251.974808 6.735725 199.170517
v -267.344177 6.700356 200.273224
v -267.344177 6.868781 200.273224
v -267.344177 6.700356 198.975906
v -267.344177 6.868781 198.975906
v -251.974808 6.700356 200.273224
v -251.974808 6.868781 200.273224
v -251.974808 6.700356 198.975906
v -251.974808 6.868781 198.975906
v -267.344177 6.833411 200.078644
v -267.344177 7.001837 200.078644
v -267.344177 6.833411 198.781311
v -267.344177 7.001837 198.781311
v -251.974808 6.833411 200.078644
v -251.974808 7.001837 200.078644
v -251.974808 6.833411 198.781311
v -251.974808 7.001837 198.781311
v -267.344177 6.966467 199.884033
v -267.344177 7.134892 199.884033
v -267.344177 6.966467 198.586716
v -267.344177 7.134892 198.586716
v -251.974808 6.966467 199.884033
v -251.974808 7.134892 199.884033
v -251.974808 6.966467 198.586716
v -251.974808 7.134892 198.586716
v -267.344177 7.099523 199.689453
v -267.344177 7.267948 199.689453
v -267.344177 7.099523 198.392120
v -267.344177 7.267948 198.392120
v -251.974808 7.099523 199.689453
v -251.974808 7.267948 199.689453
v -251.974808 7.099523 198.392120
v -251.974808 7.267948 198.392120
v -267.344177 7.232579 199.494843
v -267.344177 7.401004 199.494843
v -267.344177 7.232579 198.197510
v -267.344177 7.401004 198.197510
v -251.974808 7.232579 199.494843
v -251.974808 7.401004 199.494843
v -251.974808 7.232579 198.197510
v -251.974808 7.401004 198.197510
v -267.328094 7.423321 196.548111
v -267.328094 7.591745 196.548111
v -267.328094 7.423321 195.250793
v -267.328094 7.591745 195.250793
v -251.958710 7.423321 196.548111
v -251.958710 7.591745 196.548111
v -251.958710 7.423321 195.250793
v -251.958710 7.591745 195.250793
v -267.328094 7.502481 196.353500
v -267.328094 7.670905 196.353500
v -267.328094 7.502481 195.056183
v -267.328094 7.670905 195.056183
v -251.958710 7.502481 196.353500
v -251.958710 7.670905 196.353500
v -251.958710 7.502481 195.056183
v -251.958710 7.670905 195.056183
v -267.328094 7.581640 196.158920
v -267.328094 7.750065 196.158920
v -267.328094 7.581640 194.861588
v -267.328094 7.750065 194.861588
v -251.958710 7.581640 196.158920
v -251.958710 7.750065 196.158920
v -251.958710 7.581640 194.861588
v -251.958710 7.750065 194.861588
v -267.328094 7.660800 195.964310
v -267.328094 7.829225 195.964310
v -267.328094 7.660800 194.666977
v -267.328094 7.829225 194.666977
v -251.958710 7.660800 195.964310
v -251.958710 7.829225 195.964310
v -251.958710 7.660800 194.666977
v -251.958710 7.829225 194.666977
v -267.328094 7.739960 195.769714
v -267.328094 7.908384 195.769714
v -267.328094 7.739960 194.472397
v -267.328094 7.908384 194.472397
v -251.958710 7.739960 195.769714
v -251.958710 7.908384 195.769714
v -251.958710 7.739960 194.472397
v -251.958710 7.908384 194.472397
v -267.328094 7.819119 195.575119
v -267.328094 7.987544 195.575119
v -267.328094 7.819119 194.277786
v -267.328094 7.987544 194.277786
v -251.958710 7.819119 195.575119
v -251.958710 7.987544 195.575119
v -251.958710 7.819119 194.277786
v -251.958710 7.987544 194.277786
v -267.328094 7.898279 195.380508
v -267.328094 8.066704 195.380508
v -267.328094 7.898279 194.083206
v -267.328094 8.066704 194.083206
v -251.958710 7.898279 195.380508
v -251.958710 8.066704 195.380508
v -251.958710 7.898279 194.083206
v -251.958710 8.066704 194.083206
v -267.328094 7.977439 195.185913
v -267.328094 8.145864 195.185913
v -267.328094 7.977439 193.888596
v -267.328094 8.145864 193.888596
v -251.958710 7.977439 195.185913
v -251.958710 8.145864 195.185913
v -251.958710 7.977439 193.888596
v -251.958710 8.145864 193.888596
v -267.328094 8.056599 194.991302
v -267.328094 8.225023 194.991302
v -267.328094 8.056599 193.693985
v -267.328094 8.225023 193.693985
v -251.958710 8.056599 194.991302
v -251.958710 8.225023 194.991302
v -251.958710 8.056599 193.693985
v -251.958710 8.225023 193.693985
v -267.328094 8.135757 194.796722
v -267.328094 8.304183 194.796722
v -267.328094 8.135757 193.499390
v -267.328094 8.304183 193.499390
v -251.958710 8.135757 194.796722
v -251.958710 8.304183 194.796722
v -251.958710 8.135757 193.499390
v -251.958710 8.304183 193.499390
v -267.328094 8.214918 194.602112
v -267.328094 8.383343 194.602112
v -267.328094 8.214918 193.304794
v -267.328094 8.383343 193.304794
v -251.958710 8.214918 194.602112
v -251.958710 8.383343 194.602112
v -251.958710 8.214918 193.304794
v -251.958710 8.383343 193.304794
v -267.328094 8.294078 194.407532
v -267.328094 8.462502 194.407532
v -267.328094 8.294078 193.110199
v -267.328094 8.462502 193.110199
v -251.958710 8.294078 194.407532
v -251.958710 8.462502 194.407532
v -251.958710 8.294078 193.110199
v -251.958710 8.462502 193.110199
v -267.328094 8.373237 194.212921
v -267.328094 8.541662 194.212921
v -267.328094 8.373237 192.915588
v -267.328094 8.541662 192.915588
v -251.958710 8.373237 194.212921
v -251.958710 8.541662 194.212921
v -251.958710 8.373237 192.915588
v -251.958710 8.541662 192.915588
v -267.328094 8.452397 194.018326
v -267.328094 8.620822 194.018326
v -267.328094 8.452397 192.721008
v -267.328094 8.620822 192.721008
v -251.958710 8.452397 194.018326
v -251.958710 8.620822 194.018326
v -251.958710 8.452397 192.721008
v -251.958710 8.620822 192.721008
v -267.328094 8.531556 193.823715
v -267.328094 8.699982 193.823715
v -267.328094 8.531556 192.526398
v -267.328094 8.699982 192.526398
v -251.958710 8.531556 193.823715
v -251.958710 8.699982 193.823715
v -251.958710 8.531556 192.526398
v -251.958710 8.699982 192.526398
v -267.328094 8.610717 193.629135
v -267.328094 8.779140 193.629135
v -267.328094 8.610717 192.331802
v -267.328094 8.779140 192.331802
v -251.958710 8.610717 193.629135
v -251.958710 8.779140 193.629135
v -251.958710 8.610717 192.331802
v -251.958710 8.779140 192.331802
v -267.328094 8.689876 193.434525
v -267.328094 8.858301 193.434525
v -267.328094 8.689876 192.137207
v -267.328094 8.858301 192.137207
v -251.958710 8.689876 193.434525
v -251.958710 8.858301 193.434525
v -251.958710 8.689876 192.137207
v -251.958710 8.858301 192.137207
v -267.328094 8.769035 193.239914
v -267.328094 8.937461 193.239914
v -267.328094 8.769035 191.942612
v -267.328094 8.937461 191.942612
v -251.958710 8.769035 193.239914
v -251.958710 8.937461 193.239914
v -251.958710 8.769035 191.942612
v -251.958710 8.937461 191.942612
v -267.328094 8.848195 193.045334
v -267.328094 9.016621 193.045334
v -267.328094 8.848195 191.748001
v -267.328094 9.016621 191.748001
v -251.958710 8.848195 193.045334
v -251.958710 9.016621 193.045334
v -251.958710 8.848195 191.748001
v -251.958710 9.016621 191.748001
v -267.328094 8.927356 192.850723
v -267.328094 9.095779 192.850723
v -267.328094 8.927356 191.553391
v -267.328094 9.095779 191.553391
v -251.958710 8.927356 192.850723
v -251.958710 9.095779 192.850723
v -251.958710 8.927356 191.553391
v -251.958710 9.095779 191.553391
v -267.328094 9.006516 192.656128
v -267.328094 9.174940 192.656128
v -267.328094 9.006516 191.358810
v -267.328094 9.174940 191.358810
v -251.958710 9.006516 192.656128
v -251.958710 9.174940 192.656128
v -251.958710 9.006516 191.358810
v -251.958710 9.174940 191.358810
v -267.328094 9.085674 192.461533
v -267.328094 9.254100 192.461533
v -267.328094 9.085674 191.164200
v -267.328094 9.254100 191.164200
v -251.958710 9.085674 192.461533
v -251.958710 9.254100 192.461533
v -251.958710 9.085674 191.164200
v -251.958710 9.254100 191.164200
v -267.328094 9.199431 187.814041
v -267.328094 9.367857 187.814041
v -267.328094 9.199431 186.516724
v -267.328094 9.367857 186.516724
v -251.958710 9.199431 187.814041
v -251.958710 9.367857 187.814041
v -251.958710 9.199431 186.516724
v -251.958710 9.367857 186.516724
v -267.328094 9.287013 187.697281
v -267.328094 9.455438 187.697281
v -267.328094 9.287013 186.399963
v -267.328094 9.455438 186.399963
v -251.958710 9.287013 187.697281
v -251.958710 9.455438 187.697281
v -251.958710 9.287013 186.399963
v -251.958710 9.455438 186.399963
v -267.328094 9.374594 187.580521
v -267.328094 9.543018 187.580521
v -267.328094 9.374594 186.283188
v -267.328094 9.543018 186.283188
v -251.958710 9.374594 187.580521
v -251.958710 9.543018 187.580521
v -251.958710 9.374594 186.283188
v -251.958710 9.543018 186.283188
v -267.328094 9.462174 187.463760
v -267.328094 9.630600 187.463760
v -267.328094 9.462174 186.166428
v -267.328094 9.630600 186.166428
v -251.958710 9.462174 187.463760
v -251.958710 9.630600 187.463760
v -251.958710 9.462174 186.166428
v -251.958710 9.630600 186.166428
v -267.328094 9.549755 187.347000
v -267.328094 9.718181 187.347000
v -267.328094 9.549755 186.049667
v -267.328094 9.718181 186.049667
v -251.958710 9.549755 187.347000
v -251.958710 9.718181 187.347000
v -251.958710 9.549755 186.049667
v -251.958710 9.718181 186.049667
v -267.328094 9.637337 187.230240
v -267.328094 9.805761 187.230240
v -267.328094 9.637337 185.932907
v -267.328094 9.805761 185.932907
v -251.958710 9.637337 187.230240
v -251.958710 9.805761 187.230240
v -251.958710 9.637337 185.932907
v -251.958710 9.805761 185.932907
v -267.328094 9.724917 187.113480
v -267.328094 9.893342 187.113480
v -267.328094 9.724917 185.816147
v -267.328094 9.893342 185.816147
v -251.958710 9.724917 187.113480
v -251.958710 9.893342 187.113480
v -251.958710 9.724917 185.816147
v -251.958710 9.893342 185.816147
v -267.328094 9.812498 186.996719
v -267.328094 9.980924 186.996719
v -267.328094 9.812498 185.699387
v -267.328094 9.980924 185.699387
v -251.958710 9.812498 186.996719
v -251.958710 9.980924 186.996719
v -251.958710 9.812498 185.699387
v -251.958710 9.980924 185.699387
v -267.328094 9.900080 186.879959
v -267.328094 10.068504 186.879959
v -267.328094 9.900080 185.582626
v -267.328094 10.068504 185.582626
v -251.958710 9.900080 186.879959
v -251.958710 10.068504 186.879959
v -251.958710 9.900080 185.582626
v -251.958710 10.068504 185.582626
v -267.328094 9.987660 186.763199
v -267.328094 10.156085 186.763199
v -267.328094 9.987660 185.465866
v -267.328094 10.156085 185.465866
v -251.958710 9.987660 186.763199
v -251.958710 10.156085 186.763199
v -251.958710 9.987660 185.465866
v -251.958710 10.156085 185.465866
v -267.328094 10.075241 186.646439
v -267.328094 10.243667 186.646439
v -267.328094 10.075241 185.349106
v -267.328094 10.243667 185.349106
v -251.958710 10.075241 186.646439
v -251.958710 10.243667 186.646439
v -251.958710 10.075241 185.349106
v -251.958710 10.243667 185.349106
v -267.328094 10.162823 186.529678
v -267.328094 10.331247 186.529678
v -267.328094 10.162823 185.232346
v -267.328094 10.331247 185.232346
v -251.958710 10.162823 186.529678
v -251.958710 10.331247 186.529678
v -251.958710 10.162823 185.232346
v -251.958710 10.331247 185.232346
v -267.328094 10.250403 186.412918
v -267.328094 10.418828 186.412918
v -267.328094 10.250403 185.115585
v -267.328094 10.418828 185.115585
v -251.958710 10.250403 186.412918
v -251.958710 10.418828 186.412918
v -251.958710 10.250403 185.115585
v -251.958710 10.418828 185.115585
v -267.328094 10.337984 186.296173
v -267.328094 10.506410 186.296173
v -267.328094 10.337984 184.998840
v -267.328094 10.506410 184.998840
v -251.958710 10.337984 186.296173
v -251.958710 10.506410 186.296173
v -251.958710 10.337984 184.998840
v -251.958710 10.506410 184.998840
v -267.328094 10.425565 186.179413
v -267.328094 10.593990 186.179413
v -267.328094 10.425565 184.882080
v -267.328094 10.593990 184.882080
v -251.958710 10.425565 186.179413
v -251.958710 10.593990 186.179413
v -251.958710 10.425565 184.882080
v -251.958710 10.593990 184.882080
v -267.328094 10.513146 186.062653
v -267.328094 10.681571 186.062653
v -267.328094 10.513146 184.765320
v -267.328094 10.681571 184.765320
v -251.958710 10.513146 186.062653
v -251.958710 10.681571 186.062653
v -251.958710 10.513146 184.765320
v -251.958710 10.681571 184.765320
v -267.328094 10.600727 185.945892
v -267.328094 10.769152 185.945892
v -267.328094 10.600727 184.648560
v -267.328094 10.769152 184.648560
v -251.958710 10.600727 185.945892
v -251.958710 10.769152 185.945892
v -251.958710 10.600727 184.648560
v -251.958710 10.769152 184.648560
v -267.328094 10.688309 185.829132
v -267.328094 10.856733 185.829132
v -267.328094 10.688309 184.531799
v -267.328094 10.856733 184.531799
v -251.958710 10.688309 185.829132
v -251.958710 10.856733 185.829132
v -251.958710 10.688309 184.531799
v -251.958710 10.856733 184.531799
v -267.328094 10.775888 185.712372
v -267.328094 10.944314 185.712372
v -267.328094 10.775888 184.415039
v -267.328094 10.944314 184.415039
v -251.958710 10.775888 185.712372
v -251.958710 10.944314 185.712372
v -251.958710 10.775888 184.415039
v -251.958710 10.944314 184.415039
v -267.328094 10.863470 185.595612
v -267.328094 11.031895 185.595612
v -267.328094 10.863470 184.298279
v -267.328094 11.031895 184.298279
v -251.958710 10.863470 185.595612
v -251.958710 11.031895 185.595612
v -251.958710 10.863470 184.298279
v -251.958710 11.031895 184.298279
v -267.328094 10.951052 185.478851
v -267.328094 11.119475 185.478851
v -267.328094 10.951052 184.181519
v -267.328094 11.119475 184.181519
v -251.958710 10.951052 185.478851
v -251.958710 11.119475 185.478851
v -251.958710 10.951052 184.181519
v -251.958710 11.119475 184.181519
v -267.328094 11.038631 185.362091
v -267.328094 11.207057 185.362091
v -267.328094 11.038631 184.064758
v -267.328094 11.207057 184.064758
v -251.958710 11.038631 185.362091
v -251.958710 11.207057 185.362091
v -251.958710 11.038631 184.064758
v -251.958710 11.207057 184.064758
v -267.328094 11.126212 185.245331
v -267.328094 11.294638 185.245331
v -267.328094 11.126212 183.947998
v -267.328094 11.294638 183.947998
v -251.958710 11.126212 185.245331
v -251.958710 11.294638 185.245331
v -251.958710 11.126212 183.947998
v -251.958710 11.294638 183.947998
v -267.328094 11.213794 185.128571
v -267.328094 11.382218 185.128571
v -267.328094 11.213794 183.831238
v -267.328094 11.382218 183.831238
v -251.958710 11.213794 185.128571
v -251.958710 11.382218 185.128571
v -251.958710 11.213794 183.831238
v -251.958710 11.382218 183.831238
v -267.328094 11.301374 185.011810
v -267.328094 11.469799 185.011810
v -267.328094 11.301374 183.714478
v -267.328094 11.469799 183.714478
v -251.958710 11.301374 185.011810
v -251.958710 11.469799 185.011810
v -251.958710 11.301374 183.714478
v -251.958710 11.469799 183.714478
v -267.328094 11.388956 184.895050
v -267.328094 11.557381 184.895050
v -267.328094 11.388956 183.597717
v -267.328094 11.557381 183.597717
v -251.958710 11.388956 184.895050
v -251.958710 11.557381 184.895050
v -251.958710 11.388956 183.597717
v -251.958710 11.557381 183.597717
v -267.328094 11.476536 184.778290
v -267.328094 11.644961 184.778290
v -267.328094 11.476536 183.480957
v -267.328094 11.644961 183.480957
v -251.958710 11.476536 184.778290
v -251.958710 11.644961 184.778290
v -251.958710 11.476536 183.480957
v -251.958710 11.644961 183.480957
v -267.328094 11.564117 184.661530
v -267.328094 11.732542 184.661530
v -267.328094 11.564117 183.364197
v -267.328094 11.732542 183.364197
v -251.958710 11.564117 184.661530
v -251.958710 11.732542 184.661530
v -251.958710 11.564117 183.364197
v -251.958710 11.732542 183.364197
v -267.328094 11.651699 184.544785
v -267.328094 11.820123 184.544785
v -267.328094 11.651699 183.247452
v -267.328094 11.820123 183.247452
v -251.958710 11.651699 184.544785
v -251.958710 11.820123 184.544785
v -251.958710 11.651699 183.247452
v -251.958710 11.820123 183.247452
v -267.328094 11.739279 184.428024
v -267.328094 11.907704 184.428024
v -267.328094 11.739279 183.130692
v -267.328094 11.907704 183.130692
v -251.958710 11.739279 184.428024
v -251.958710 11.907704 184.428024
v -251.958710 11.739279 183.130692
v -251.958710 11.907704 183.130692
v -267.328094 11.826860 184.311264
v -267.328094 11.995285 184.311264
v -267.328094 11.826860 183.013931
v -267.328094 11.995285 183.013931
v -251.958710 11.826860 184.311264
v -251.958710 11.995285 184.311264
v -251.958710 11.826860 183.013931
v -251.958710 11.995285 183.013931
v -267.328094 11.914441 184.194504
v -267.328094 12.082866 184.194504
v -267.328094 11.914441 182.897171
v -267.328094 12.082866 182.897171
v -251.958710 11.914441 184.194504
v -251.958710 12.082866 184.194504
v -251.958710 11.914441 182.897171
v -251.958710 12.082866 182.897171
v -267.328094 12.002022 184.077744
v -267.328094 12.170446 184.077744
v -267.328094 12.002022 182.780411
v -267.328094 12.170446 182.780411
v -251.958710 12.002022 184.077744
v -251.958710 12.170446 184.077744
v -251.958710 12.002022 182.780411
v -251.958710 12.170446 182.780411
v -267.328094 12.089603 183.960983
v -267.328094 12.258028 183.960983
v -267.328094 12.089603 182.663651
v -267.328094 12.258028 182.663651
v -251.958710 12.089603 183.960983
v -251.958710 12.258028 183.960983
v -251.958710 12.089603 182.663651
v -251.958710 12.258028 182.663651
v -267.328094 12.177183 183.844223
v -267.328094 12.345609 183.844223
v -267.328094 12.177183 182.546890
v -267.328094 12.345609 182.546890
v -251.958710 12.177183 183.844223
v -251.958710 12.345609 183.844223
v -251.958710 12.177183 182.546890
v -251.958710 12.345609 182.546890
v -267.328094 12.264765 183.727463
v -267.328094 12.433189 183.727463
v -267.328094 12.264765 182.430130
v -267.328094 12.433189 182.430130
v -251.958710 12.264765 183.727463
v -251.958710 12.433189 183.727463
v -251.958710 12.264765 182.430130
v -251.958710 12.433189 182.430130
v -267.328094 12.352346 183.610703
v -267.328094 12.520770 183.610703
v -267.328094 12.352346 182.313370
v -267.328094 12.520770 182.313370
v -251.958710 12.352346 183.610703
v -251.958710 12.520770 183.610703
v -251.958710 12.352346 182.313370
v -251.958710 12.520770 182.313370
v -267.328094 12.439926 183.493942
v -267.328094 12.608352 183.493942
v -267.328094 12.439926 182.196609
v -267.328094 12.608352 182.196609
v -251.958710 12.439926 183.493942
v -251.958710 12.608352 183.493942
v -251.958710 12.439926 182.196609
v -251.958710 12.608352 182.196609
v -267.328094 12.527507 183.377182
v -267.328094 12.695932 183.377182
v -267.328094 12.527507 182.079849
v -267.328094 12.695932 182.079849
v -251.958710 12.527507 183.377182
v -251.958710 12.695932 183.377182
v -251.958710 12.527507 182.079849
v -251.958710 12.695932 182.079849
v -267.328094 12.615088 183.260422
v -267.328094 12.783513 183.260422
v -267.328094 12.615088 181.963089
v -267.328094 12.783513 181.963089
v -251.958710 12.615088 183.260422
v -251.958710 12.783513 183.260422
v -251.958710 12.615088 181.963089
v -251.958710 12.783513 181.963089
v -267.328094 12.702669 183.143661
v -267.328094 12.871094 183.143661
v -267.328094 12.702669 181.846329
v -267.328094 12.871094 181.846329
v -251.958710 12.702669 183.143661
v -251.958710 12.871094 183.143661
v -251.958710 12.702669 181.846329
v -251.958710 12.871094 181.846329
v -267.328094 12.790251 183.026901
v -267.328094 12.958675 183.026901
v -267.328094 12.790251 181.729568
v -267.328094 12.958675 181.729568
v -251.958710 12.790251 183.026901
v -251.958710 12.958675 183.026901
v -251.958710 12.790251 181.729568
v -251.958710 12.958675 181.729568
v -267.328094 12.877831 182.910126
v -267.328094 13.046256 182.910126
v -267.328094 12.877831 181.612808
v -267.328094 13.046256 181.612808
v -251.958710 12.877831 182.910126
v -251.958710 13.046256 182.910126
v -251.958710 12.877831 181.612808
v -251.958710 13.046256 181.612808
v -250.468063 13.065693 179.231750
v -250.468063 13.234118 179.231750
v -251.765396 13.065693 179.231750
v -251.765396 13.234118 179.231750
v -250.468063 13.065693 162.654999
v -250.468063 13.234118 162.654999
v -251.765396 13.065693 162.654999
v -251.765396 13.234118 162.654999
v -250.221573 13.240855 179.231750
v -250.221573 13.409281 179.231750
v -251.518890 13.240855 179.231750
v -251.518890 13.409281 179.231750
v -250.221573 13.240855 162.654999
v -250.221573 13.409281 162.654999
v -251.518890 13.240855 162.654999
v -251.518890 13.409281 162.654999
v -249.975082 13.416018 179.231750
v -249.975082 13.584444 179.231750
v -251.272415 13.416018 179.231750
v -251.272415 13.584444 179.231750
v -249.975082 13.416018 162.654999
v -249.975082 13.584444 162.654999
v -251.272415 13.416018 162.654999
v -251.272415 13.584444 162.654999
v -249.728592 13.591181 179.231750
v -249.728592 13.759605 179.231750
v -251.025909 13.591181 179.231750
v -251.025909 13.759605 179.231750
v -249.728592 13.591181 162.654999
v -249.728592 13.759605 162.654999
v -251.025909 13.591181 162.654999
v -251.025909 13.759605 162.654999
v -249.482086 13.766342 179.231750
v -249.482086 13.934769 179.231750
v -250.779419 13.766342 179.231750
v -250.779419 13.934769 179.231750
v -249.482086 13.766342 162.654999
v -249.482086 13.934769 162.654999
v -250.779419 13.766342 162.654999
v -250.779419 13.934769 162.654999
v -249.235611 13.941505 179.231750
v -249.235611 14.109930 179.231750
v -250.532944 13.941505 179.231750
v -250.532944 14.109930 179.231750
v -249.235611 13.941505 162.654999
v -249.235611 14.109930 162.654999
v -250.532944 13.941505 162.654999
v -250.532944 14.109930 162.654999
v -248.989105 14.116668 179.231750
v -248.989105 14.285093 179.231750
v -250.286438 14.116668 179.231750
v -250.286438 14.285093 179.231750
v -248.989105 14.116668 162.654999
v -248.989105 14.285093 162.654999
v -250.286438 14.116668 162.654999
v -250.286438 14.285093 162.654999
v -248.742630 14.291830 179.231750
v -248.742630 14.460256 179.231750
v -250.039932 14.291830 179.231750
v -250.039932 14.460256 179.231750
v -248.742630 14.291830 162.654999
v -248.742630 14.460256 162.654999
v -250.039963 14.291830 162.654999
v -250.039963 14.460256 162.654999
v -248.496140 14.466993 179.231750
v -248.496140 14.635420 179.231750
v -249.793457 14.466993 179.231750
v -249.793457 14.635420 179.231750
v -248.496140 14.466993 162.654999
v -248.496140 14.635420 162.654999
v -249.793457 14.466993 162.654999
v -249.793457 14.635420 162.654999
v -248.249634 14.642157 179.231750
v -248.249634 14.810581 179.231750
v -249.546967 14.642157 179.231750
v -249.546967 14.810581 179.231750
v -248.249634 14.642157 162.654999
v -248.249634 14.810581 162.654999
v -249.546967 14.642157 162.654999
v -249.546967 14.810581 162.654999
v -248.003159 14.817318 179.231750
v -248.003159 14.985744 179.231750
v -249.300476 14.817318 179.231750
v -249.300476 14.985744 179.231750
v -248.003159 14.817318 162.654999
v -248.003159 14.985744 162.654999
v -249.300476 14.817318 162.654999
v -249.300476 14.985744 162.654999
v -247.756653 14.992481 179.231750
v -247.756653 15.160906 179.231750
v -249.053986 14.992481 179.231750
v -249.053986 15.160906 179.231750
v -247.756653 14.992481 162.654999
v -247.756653 15.160906 162.654999
v -249.053986 14.992481 162.654999
v -249.053986 15.160906 162.654999
v -247.510162 15.167644 179.231750
v -247.510162 15.336069 179.231750
v -248.807480 15.167644 179.231750
v -248.807480 15.336069 179.231750
v -247.510162 15.167644 162.654999
v -247.510162 15.336069 162.654999
v -248.807480 15.167644 162.654999
v -248.807480 15.336069 162.654999
v -247.263672 15.342806 179.231750
v -247.263672 15.511231 179.231750
v -248.561005 15.342806 179.231750
v -248.561005 15.511231 179.231750
v -247.263672 15.342806 162.654999
v -247.263672 15.511231 162.654999
v -248.561005 15.342806 162.654999
v -248.561005 15.511231 162.654999
v -247.017181 15.517968 179.231750
v -247.017181 15.686394 179.231750
v -248.314499 15.517968 179.231750
v -248.314499 15.686394 179.231750
v -247.017181 15.517968 162.654999
v -247.017181 15.686394 162.654999
v -248.314499 15.517968 162.654999
v -248.314499 15.686394 162.654999
v -246.770676 15.693132 179.231750
v -246.770676 15.861557 179.231750
v -248.068008 15.693132 179.231750
v -248.068008 15.861557 179.231750
v -246.770676 15.693132 162.654999
v -246.770676 15.861557 162.654999
v -248.068008 15.693132 162.654999
v -248.068008 15.861557 162.654999
v -246.524200 15.868294 179.231750
v -246.524200 16.036720 179.231750
v -247.821518 15.868294 179.231750
v -247.821518 16.036720 179.231750
v -246.524200 15.868294 162.654999
v -246.524200 16.036720 162.654999
v -247.821518 15.868294 162.654999
v -247.821518 16.036720 162.654999
vn -0.0000 0.8335 0.5525
vn -0.0000 1.0000 -0.0000
vn 0.0307 0.9995 -0.0000
vn -0.0030 0.8681 0.4964
vn -0.0000 0.8515 0.5243
vn -0.0006 0.9305 0.3662
vn -0.0000 0.9302 0.3671
vn -0.0013 1.0000 -0.0000
vn -0.0024 0.8503 0.5262
vn -0.0000 0.8393 0.5437
vn -0.7472 0.6646 -0.0000
vn -0.0165 0.9999 -0.0000
vn -0.5719 0.8203 -0.0000
vn 1.0000 -0.0000 -0.0000
vn -0.0000 -1.0000 -0.0000
vn -0.0000 -0.0000 1.0000
vn -1.0000 -0.0000 -0.0000
vn -0.0000 -0.0000 -1.0000
vt 0.144704 0.156333
vt 0.001700 0.134102
vt 0.001700 0.001704
vt 0.001700 0.067903
vt 0.001700 0.411491
vt 0.629230 0.734101
vt 0.001700 0.294841
vt 0.144704 0.134103
vt 0.144704 0.001705
vt 0.144704 0.067904
vt 0.144704 0.411491
vt 0.629230 0.591096
vt 0.144704 0.294841
vt 0.001700 0.156332
vt 0.168538 0.001705
vt 0.168538 0.134103
vt 0.168538 0.067904
vt 0.397525 0.134099
vt 0.397507 0.001700
vt 0.397513 0.067899
vt 0.228630 0.134103
vt 0.228630 0.001705
vt 0.228630 0.067904
vt 0.261378 0.001705
vt 0.261377 0.134103
vt 0.261378 0.067904
vt 0.304708 0.001704
vt 0.304676 0.134103
vt 0.304708 0.067905
vt 0.324848 0.001704
vt 0.324813 0.134114
vt 0.324849 0.067909
vt 0.327163 0.067909
vt 0.326980 0.134114
vt 0.327162 0.001704
vt 0.001700 0.192275
vt 0.144704 0.192275
vt 0.001700 0.214706
vt 0.144704 0.214706
vt 0.632162 0.734101
vt 0.622961 0.734101
vt 0.632162 0.591096
vt 0.622961 0.591096
vt 0.625831 0.734101
vt 0.625831 0.591096
vt 0.948222 0.693749
vt 0.959408 0.001700
vt 0.280331 0.414890
vt 0.949685 0.693749
vt 0.957945 0.001700
vt 0.544173 0.296399
vt 0.948222 0.705015
vt 0.938499 0.443747
vt 0.291596 0.414890
vt 0.949685 0.705015
vt 0.939961 0.443747
vt 0.532908 0.296399
vt 0.959408 0.620425
vt 0.959408 0.145649
vt 0.280331 0.558840
vt 0.957945 0.620425
vt 0.957945 0.145649
vt 0.544173 0.440349
vt 0.938499 0.587697
vt 0.959408 0.631691
vt 0.291596 0.558840
vt 0.939961 0.587697
vt 0.957945 0.631691
vt 0.532908 0.440349
vt 0.651688 0.423562
vt 0.071544 0.835968
vt 0.444919 0.001700
vt 0.650225 0.423562
vt 0.070082 0.835968
vt 0.412190 0.001700
vt 0.651688 0.412296
vt 0.977391 0.149048
vt 0.456184 0.001700
vt 0.650225 0.412296
vt 0.978854 0.149048
vt 0.400923 0.001700
vt 0.656549 0.412296
vt 0.071544 0.979918
vt 0.444919 0.145650
vt 0.655087 0.412296
vt 0.070082 0.979918
vt 0.412190 0.145650
vt 0.977391 0.292998
vt 0.656549 0.423562
vt 0.456184 0.145650
vt 0.978854 0.292998
vt 0.655087 0.423562
vt 0.400924 0.145650
vt 0.747457 0.426961
vt 0.935100 0.001700
vt 0.251001 0.414890
vt 0.748920 0.426961
vt 0.933637 0.001700
vt 0.500179 0.149049
vt 0.747457 0.438226
vt 0.967588 0.717476
vt 0.262267 0.414890
vt 0.748920 0.438226
vt 0.969051 0.717476
vt 0.488913 0.149049
vt 0.685719 0.412296
vt 0.935100 0.145649
vt 0.251001 0.558840
vt 0.684256 0.412296
vt 0.933637 0.145649
vt 0.500179 0.293000
vt 0.967588 0.861426
vt 0.685719 0.423562
vt 0.262267 0.558840
vt 0.969051 0.861426
vt 0.684256 0.423562
vt 0.488913 0.293000
vt 0.948222 0.605761
vt 0.930238 0.001700
vt 0.148347 0.414890
vt 0.949685 0.605761
vt 0.928775 0.001700
vt 0.588168 0.149048
vt 0.948222 0.617026
vt 0.977391 0.296397
vt 0.159613 0.414890
vt 0.949685 0.617026
vt 0.978854 0.296397
vt 0.576902 0.149048
vt 0.959328 0.894154
vt 0.930238 0.145649
vt 0.148347 0.558840
vt 0.957865 0.894154
vt 0.928775 0.145649
vt 0.588168 0.292998
vt 0.977391 0.440347
vt 0.959328 0.905420
vt 0.159613 0.558840
vt 0.978854 0.440347
vt 0.957865 0.905420
vt 0.576902 0.292998
vt 0.907890 0.412296
vt 0.964269 0.443747
vt 0.016364 0.414890
vt 0.909352 0.412296
vt 0.962807 0.443747
vt 0.470849 0.296399
vt 0.907890 0.423562
vt 0.953084 0.443747
vt 0.027630 0.414890
vt 0.909352 0.423562
vt 0.954546 0.443747
vt 0.459584 0.296399
vt 0.739196 0.412296
vt 0.964269 0.587697
vt 0.016364 0.558840
vt 0.737734 0.412296
vt 0.962807 0.587697
vt 0.470849 0.440350
vt 0.953084 0.587697
vt 0.739196 0.423562
vt 0.027630 0.558840
vt 0.954546 0.587697
vt 0.737734 0.423562
vt 0.459584 0.440350
vt 0.864135 0.412296
vt 0.047156 0.835968
vt 0.075023 0.414890
vt 0.865598 0.412296
vt 0.045694 0.835968
vt 0.488913 0.145650
vt 0.864135 0.423562
vt 0.011423 0.835968
vt 0.086289 0.414890
vt 0.865598 0.423562
vt 0.012885 0.835968
vt 0.500179 0.145650
vt 0.690580 0.426961
vt 0.047156 0.979918
vt 0.075023 0.558840
vt 0.689118 0.426961
vt 0.045694 0.979918
vt 0.488913 0.001700
vt 0.011423 0.979918
vt 0.690580 0.438226
vt 0.086289 0.558840
vt 0.012885 0.979918
vt 0.689118 0.438226
vt 0.500179 0.001700
vt 0.713426 0.426961
vt 0.091151 0.835968
vt 0.163012 0.414890
vt 0.714888 0.426961
vt 0.089688 0.835968
vt 0.470849 0.149050
vt 0.713426 0.438226
vt 0.928775 0.296397
vt 0.174278 0.414890
vt 0.714888 0.438226
vt 0.930238 0.296397
vt 0.459584 0.149050
vt 0.944743 0.908819
vt 0.091151 0.979918
vt 0.163012 0.558840
vt 0.943281 0.908819
vt 0.089688 0.979918
vt 0.470849 0.293000
vt 0.928775 0.440347
vt 0.944743 0.920085
vt 0.174278 0.558840
vt 0.930238 0.440347
vt 0.943281 0.920085
vt 0.459584 0.293000
vt 0.957945 0.679085
vt 0.978854 0.443747
vt 0.236336 0.414890
vt 0.959408 0.679085
vt 0.977391 0.443747
vt 0.529509 0.296399
vt 0.957945 0.690350
vt 0.055417 0.835968
vt 0.247602 0.414890
vt 0.959408 0.690350
vt 0.056880 0.835968
vt 0.518243 0.296399
vt 0.959408 0.693749
vt 0.978854 0.587697
vt 0.236336 0.558840
vt 0.957945 0.693749
vt 0.977391 0.587697
vt 0.529509 0.440349
vt 0.055417 0.979918
vt 0.959408 0.705015
vt 0.247602 0.558840
vt 0.056880 0.979918
vt 0.957945 0.705015
vt 0.518243 0.440349
vt 0.898167 0.412296
vt 0.925297 0.717476
vt 0.324325 0.414890
vt 0.899629 0.412296
vt 0.923834 0.717476
vt 0.474248 0.145650
vt 0.898167 0.423562
vt 0.962807 0.296397
vt 0.335591 0.414890
vt 0.899629 0.423562
vt 0.964269 0.296397
vt 0.485514 0.145650
vt 0.675996 0.426961
vt 0.925297 0.861426
vt 0.324325 0.558840
vt 0.674533 0.426961
vt 0.923834 0.861426
vt 0.474248 0.001700
vt 0.962807 0.440347
vt 0.675996 0.438226
vt 0.335591 0.558840
vt 0.964269 0.440347
vt 0.674533 0.438226
vt 0.485514 0.001700
vt 0.815519 0.426961
vt 0.935100 0.296397
vt 0.562237 0.001700
vt 0.816982 0.426961
vt 0.933637 0.296397
vt 0.426855 0.149049
vt 0.815519 0.438226
vt 0.957945 0.443747
vt 0.573503 0.001700
vt 0.816982 0.438226
vt 0.959408 0.443747
vt 0.415589 0.149049
vt 0.685719 0.426961
vt 0.935100 0.440347
vt 0.562237 0.145650
vt 0.684256 0.426961
vt 0.933637 0.440347
vt 0.426855 0.293000
vt 0.957945 0.587697
vt 0.685719 0.438226
vt 0.573503 0.145650
vt 0.959408 0.587697
vt 0.684256 0.438226
vt 0.415589 0.293000
vt 0.914191 0.620425
vt 0.925377 0.443747
vt 0.400923 0.443747
vt 0.915653 0.620425
vt 0.923914 0.443747
vt 0.441520 0.296398
vt 0.914191 0.631691
vt 0.957945 0.149048
vt 0.412189 0.443747
vt 0.915653 0.631691
vt 0.959408 0.149048
vt 0.430254 0.296398
vt 0.959328 0.938149
vt 0.925376 0.587697
vt 0.400923 0.587698
vt 0.957865 0.938149
vt 0.923914 0.587697
vt 0.441520 0.440348
vt 0.957945 0.292998
vt 0.959328 0.949414
vt 0.412189 0.587698
vt 0.959408 0.292998
vt 0.957865 0.949414
vt 0.430254 0.440348
vt 0.805796 0.426961
vt 0.008024 0.835968
vt 0.382984 0.414890
vt 0.807259 0.426961
vt 0.006561 0.835968
vt 0.012965 0.414890
vt 0.805796 0.438226
vt 0.030949 0.835968
vt 0.394250 0.414890
vt 0.807259 0.438226
vt 0.032412 0.835968
vt 0.001700 0.414890
vt 0.748920 0.412296
vt 0.008024 0.979918
vt 0.382984 0.558840
vt 0.747457 0.412296
vt 0.006561 0.979918
vt 0.012965 0.558840
vt 0.030949 0.979918
vt 0.748920 0.423562
vt 0.394250 0.558840
vt 0.032412 0.979918
vt 0.747457 0.423562
vt 0.001700 0.558840
vt 0.883582 0.426961
vt 0.959328 0.717476
vt 0.368319 0.414890
vt 0.885044 0.426961
vt 0.957865 0.717476
vt 0.353655 0.558840
vt 0.883582 0.438226
vt 0.938499 0.149048
vt 0.379585 0.414890
vt 0.885044 0.438226
vt 0.939961 0.149048
vt 0.364920 0.558840
vt 0.705165 0.426961
vt 0.959328 0.861426
vt 0.368319 0.558840
vt 0.703703 0.426961
vt 0.957865 0.861426
vt 0.353655 0.414890
vt 0.938498 0.292998
vt 0.705165 0.438226
vt 0.379585 0.558840
vt 0.939961 0.292998
vt 0.703703 0.438226
vt 0.364920 0.414890
vt 0.957865 0.879490
vt 0.954546 0.001700
vt 0.309660 0.414890
vt 0.959328 0.879490
vt 0.953083 0.001700
vt 0.602832 0.149050
vt 0.957865 0.890755
vt 0.948222 0.443747
vt 0.320926 0.414890
vt 0.959328 0.890755
vt 0.949685 0.443747
vt 0.591567 0.149050
vt 0.826705 0.412296
vt 0.954546 0.145649
vt 0.309660 0.558840
vt 0.825243 0.412296
vt 0.953083 0.145649
vt 0.602832 0.293001
vt 0.948222 0.587697
vt 0.826705 0.423562
vt 0.320926 0.558840
vt 0.949685 0.587697
vt 0.825243 0.423562
vt 0.591567 0.293001
vt 0.834966 0.412296
vt 0.964269 0.001700
vt 0.294995 0.414890
vt 0.836428 0.412296
vt 0.962807 0.001700
vt 0.441520 0.001700
vt 0.834966 0.423562
vt 0.953004 0.717476
vt 0.306261 0.414890
vt 0.836428 0.423562
vt 0.954466 0.717476
vt 0.430254 0.001700
vt 0.880183 0.426961
vt 0.964269 0.145649
vt 0.294995 0.558840
vt 0.878720 0.426961
vt 0.962807 0.145649
vt 0.441520 0.145650
vt 0.953004 0.861426
vt 0.880183 0.438226
vt 0.306261 0.558840
vt 0.954466 0.861426
vt 0.878720 0.438226
vt 0.430254 0.145650
vt 0.723149 0.426961
vt 0.925376 0.296397
vt 0.265666 0.414890
vt 0.724612 0.426961
vt 0.923914 0.296397
vt 0.562237 0.587696
vt 0.723149 0.438226
vt 0.967668 0.149048
vt 0.276932 0.414890
vt 0.724612 0.438226
vt 0.969131 0.149048
vt 0.573503 0.587696
vt 0.831567 0.426961
vt 0.925376 0.440347
vt 0.265666 0.558840
vt 0.830104 0.426961
vt 0.923914 0.440347
vt 0.562237 0.443747
vt 0.967668 0.292998
vt 0.831567 0.438226
vt 0.276932 0.558840
vt 0.969131 0.292998
vt 0.830104 0.438226
vt 0.573503 0.443747
vt 0.698841 0.412296
vt 0.939961 0.001700
vt 0.620896 0.149049
vt 0.700304 0.412296
vt 0.938499 0.001700
vt 0.232937 0.414890
vt 0.698841 0.423562
vt 0.972450 0.717476
vt 0.632162 0.149049
vt 0.700304 0.423562
vt 0.973913 0.717476
vt 0.221671 0.414890
vt 0.870459 0.412296
vt 0.939961 0.145649
vt 0.620896 0.292999
vt 0.868997 0.412296
vt 0.938499 0.145649
vt 0.232937 0.558840
vt 0.972450 0.861426
vt 0.870459 0.423562
vt 0.632162 0.292999
vt 0.973913 0.861426
vt 0.868997 0.423562
vt 0.221671 0.558840
vt 0.933557 0.952813
vt 0.935100 0.149048
vt 0.207007 0.414890
vt 0.935020 0.952813
vt 0.933637 0.149048
vt 0.588168 0.443748
vt 0.933557 0.964079
vt 0.977312 0.717476
vt 0.218272 0.414890
vt 0.935020 0.964079
vt 0.978774 0.717476
vt 0.576902 0.443748
vt 0.729473 0.426961
vt 0.935100 0.292998
vt 0.207007 0.558840
vt 0.728011 0.426961
vt 0.933637 0.292998
vt 0.588168 0.587699
vt 0.977312 0.861426
vt 0.729473 0.438226
vt 0.218272 0.558840
vt 0.978774 0.861426
vt 0.728011 0.438226
vt 0.576902 0.587699
vt 0.659948 0.426961
vt 0.052018 0.835968
vt 0.192342 0.414890
vt 0.661411 0.426961
vt 0.050555 0.835968
vt 0.514844 0.149049
vt 0.659948 0.438226
vt 0.021226 0.835968
vt 0.203608 0.414890
vt 0.661411 0.438226
vt 0.022688 0.835968
vt 0.503578 0.149049
vt 0.821844 0.426961
vt 0.052018 0.979918
vt 0.192342 0.558840
vt 0.820381 0.426961
vt 0.050555 0.979918
vt 0.514844 0.293000
vt 0.021226 0.979918
vt 0.821844 0.438226
vt 0.203608 0.558840
vt 0.022688 0.979918
vt 0.820381 0.438226
vt 0.503578 0.293000
vt 0.957945 0.664420
vt 0.915653 0.296397
vt 0.606231 0.443750
vt 0.959408 0.664420
vt 0.914191 0.296397
vt 0.456184 0.149049
vt 0.957945 0.675685
vt 0.079885 0.835968
vt 0.617497 0.443750
vt 0.959408 0.675685
vt 0.081348 0.835968
vt 0.444919 0.149049
vt 0.664810 0.438226
vt 0.915653 0.440347
vt 0.606231 0.587700
vt 0.666273 0.438226
vt 0.914191 0.440347
vt 0.456184 0.292998
vt 0.079885 0.979918
vt 0.664810 0.426961
vt 0.617497 0.587700
vt 0.081348 0.979918
vt 0.666273 0.426961
vt 0.444919 0.292998
vt 0.957945 0.649755
vt 0.920515 0.001700
vt 0.620896 0.001700
vt 0.959408 0.649755
vt 0.919052 0.001700
vt 0.602832 0.443750
vt 0.957945 0.661021
vt 0.972530 0.443747
vt 0.632162 0.001700
vt 0.959408 0.661021
vt 0.973992 0.443747
vt 0.591567 0.443750
vt 0.969051 0.864825
vt 0.920515 0.145649
vt 0.620896 0.145650
vt 0.967589 0.864825
vt 0.919052 0.145649
vt 0.602832 0.587700
vt 0.972530 0.587697
vt 0.969051 0.876090
vt 0.632162 0.145650
vt 0.973992 0.587697
vt 0.967589 0.876090
vt 0.591567 0.587701
vt 0.742595 0.412296
vt 0.915653 0.443747
vt 0.133683 0.414890
vt 0.744058 0.412296
vt 0.914191 0.443747
vt 0.529509 0.001700
vt 0.742595 0.423562
vt 0.957945 0.296397
vt 0.144948 0.414890
vt 0.744058 0.423562
vt 0.959408 0.296397
vt 0.518243 0.001700
vt 0.737734 0.438226
vt 0.915653 0.587697
vt 0.133683 0.558840
vt 0.739196 0.438226
vt 0.914191 0.587697
vt 0.529509 0.145650
vt 0.957945 0.440347
vt 0.737734 0.426961
vt 0.144948 0.558840
vt 0.959407 0.440347
vt 0.739196 0.426961
vt 0.518243 0.145650
vt 0.693979 0.426961
vt 0.920515 0.296397
vt 0.620896 0.296398
vt 0.695442 0.426961
vt 0.919052 0.296397
vt 0.488913 0.440349
vt 0.693979 0.438226
vt 0.923914 0.149048
vt 0.632162 0.296398
vt 0.695442 0.438226
vt 0.925376 0.149048
vt 0.500179 0.440349
vt 0.689118 0.423562
vt 0.920515 0.440347
vt 0.620896 0.440348
vt 0.690581 0.423562
vt 0.919052 0.440347
vt 0.488913 0.296399
vt 0.923914 0.292998
vt 0.689118 0.412296
vt 0.632162 0.440348
vt 0.925376 0.292998
vt 0.690581 0.412296
vt 0.500179 0.296399
vt 0.679395 0.426961
vt 0.900989 0.717476
vt 0.060359 0.414890
vt 0.680857 0.426961
vt 0.899526 0.717476
vt 0.544173 0.149049
vt 0.679395 0.438226
vt 0.904388 0.717476
vt 0.071625 0.414890
vt 0.680857 0.438226
vt 0.905850 0.717476
vt 0.532908 0.149049
vt 0.659948 0.423561
vt 0.900989 0.861426
vt 0.060359 0.558840
vt 0.661411 0.423562
vt 0.899526 0.861426
vt 0.544173 0.292999
vt 0.904388 0.861426
vt 0.659948 0.412296
vt 0.071625 0.558840
vt 0.905850 0.861426
vt 0.661411 0.412296
vt 0.532908 0.292999
vt 0.698841 0.426961
vt 0.925376 0.001700
vt 0.031029 0.414890
vt 0.700304 0.426961
vt 0.923914 0.001700
vt 0.529509 0.149049
vt 0.698841 0.438226
vt 0.909249 0.717476
vt 0.042295 0.414890
vt 0.700304 0.438226
vt 0.910712 0.717476
vt 0.518243 0.149049
vt 0.708564 0.423562
vt 0.925376 0.145649
vt 0.031029 0.558840
vt 0.710027 0.423562
vt 0.923914 0.145649
vt 0.529509 0.293000
vt 0.909249 0.861426
vt 0.708564 0.412296
vt 0.042295 0.558840
vt 0.910712 0.861426
vt 0.710027 0.412296
vt 0.518243 0.293000
vt 0.967588 0.908819
vt 0.915653 0.149048
vt 0.635561 0.296398
vt 0.969051 0.908819
vt 0.914191 0.149048
vt 0.591567 0.145651
vt 0.967588 0.920084
vt 0.914191 0.001700
vt 0.646826 0.296398
vt 0.969051 0.920084
vt 0.915653 0.001700
vt 0.602832 0.145651
vt 0.969131 0.693749
vt 0.915653 0.292998
vt 0.635561 0.440348
vt 0.967668 0.693749
vt 0.914191 0.292998
vt 0.591567 0.001700
vt 0.914191 0.145649
vt 0.969131 0.705015
vt 0.646826 0.440348
vt 0.915653 0.145649
vt 0.967668 0.705015
vt 0.602832 0.001700
vt 0.742595 0.426961
vt 0.629285 0.737500
vt 0.045694 0.414890
vt 0.744058 0.426961
vt 0.627822 0.737500
vt 0.415589 0.440349
vt 0.742595 0.438226
vt 0.914111 0.717476
vt 0.056960 0.414890
vt 0.744058 0.438226
vt 0.915574 0.717476
vt 0.426855 0.440349
vt 0.664810 0.423562
vt 0.629285 0.881450
vt 0.045694 0.558840
vt 0.666273 0.423562
vt 0.627822 0.881450
vt 0.415589 0.296399
vt 0.914111 0.861426
vt 0.664810 0.412296
vt 0.056960 0.558840
vt 0.915574 0.861426
vt 0.666273 0.412296
vt 0.426854 0.296399
vt 0.723149 0.412296
vt 0.954546 0.149048
vt 0.089688 0.414890
vt 0.724612 0.412296
vt 0.953083 0.149048
vt 0.617497 0.001700
vt 0.723149 0.423562
vt 0.919052 0.149048
vt 0.100954 0.414890
vt 0.724612 0.423562
vt 0.920515 0.149048
vt 0.606231 0.001700
vt 0.957865 0.920084
vt 0.954546 0.292998
vt 0.089688 0.558840
vt 0.959328 0.920084
vt 0.953083 0.292998
vt 0.617497 0.145650
vt 0.919052 0.292998
vt 0.957865 0.908819
vt 0.100954 0.558840
vt 0.920515 0.292998
vt 0.959328 0.908819
vt 0.606231 0.145650
vt 0.655087 0.426961
vt 0.969131 0.443747
vt 0.104353 0.414890
vt 0.656549 0.426961
vt 0.967668 0.443747
vt 0.412190 0.149049
vt 0.655087 0.438227
vt 0.919052 0.443747
vt 0.115619 0.414890
vt 0.656549 0.438227
vt 0.920515 0.443747
vt 0.400923 0.149049
vt 0.650225 0.438227
vt 0.969131 0.587697
vt 0.104353 0.558840
vt 0.651688 0.438227
vt 0.967668 0.587697
vt 0.412190 0.292999
vt 0.919052 0.587697
vt 0.650225 0.426961
vt 0.115619 0.558840
vt 0.920515 0.587697
vt 0.651688 0.426961
vt 0.400924 0.292999
vt 0.695442 0.423562
vt 0.086209 0.835968
vt 0.177677 0.414890
vt 0.693979 0.423562
vt 0.084747 0.835968
vt 0.591567 0.440351
vt 0.695442 0.412296
vt 0.918973 0.717476
vt 0.188943 0.414890
vt 0.693979 0.412296
vt 0.920435 0.717476
vt 0.602832 0.440351
vt 0.729473 0.412296
vt 0.086209 0.979918
vt 0.177677 0.558840
vt 0.728011 0.412296
vt 0.084747 0.979918
vt 0.591567 0.296400
vt 0.918972 0.861426
vt 0.729473 0.423562
vt 0.188943 0.558840
vt 0.920435 0.861426
vt 0.728011 0.423562
vt 0.602832 0.296400
vt 0.944823 0.690350
vt 0.303598 0.969433
vt 0.576902 0.727962
vt 0.943360 0.690350
vt 0.305060 0.969433
vt 0.782209 0.714077
vt 0.944823 0.679085
vt 0.149490 0.969433
vt 0.588168 0.727963
vt 0.943360 0.679085
vt 0.148027 0.969433
vt 0.793474 0.714077
vt 0.844689 0.423562
vt 0.303598 0.835968
vt 0.576902 0.861428
vt 0.846152 0.423562
vt 0.305060 0.835968
vt 0.782209 0.580611
vt 0.149490 0.835968
vt 0.844689 0.412296
vt 0.588168 0.861428
vt 0.148027 0.835968
vt 0.846152 0.412296
vt 0.793474 0.580611
vt 0.846152 0.438226
vt 0.094550 0.969433
vt 0.796873 0.580611
vt 0.844689 0.438226
vt 0.096012 0.969433
vt 0.811538 0.135165
vt 0.846152 0.426961
vt 0.144628 0.969433
vt 0.808139 0.580611
vt 0.844689 0.426961
vt 0.143166 0.969433
vt 0.822804 0.135165
vt 0.718287 0.423562
vt 0.094550 0.835968
vt 0.796873 0.714077
vt 0.719750 0.423562
vt 0.096012 0.835968
vt 0.811538 0.001700
vt 0.144628 0.835968
vt 0.718287 0.412296
vt 0.808139 0.714077
vt 0.143166 0.835968
vt 0.719750 0.412296
vt 0.822804 0.001700
vt 0.944823 0.646356
vt 0.352213 0.969433
vt 0.822804 0.850941
vt 0.943360 0.646356
vt 0.353676 0.969433
vt 0.016364 0.832569
vt 0.944823 0.635090
vt 0.134905 0.969433
vt 0.811538 0.850941
vt 0.943360 0.635090
vt 0.133442 0.969433
vt 0.027630 0.832569
vt 0.953083 0.602362
vt 0.352213 0.835968
vt 0.822804 0.717476
vt 0.954546 0.602362
vt 0.353676 0.835968
vt 0.016364 0.699103
vt 0.134905 0.835968
vt 0.953083 0.591096
vt 0.811538 0.717476
vt 0.133442 0.835968
vt 0.954546 0.591096
vt 0.027630 0.699103
vt 0.629285 0.954774
vt 0.128581 0.969433
vt 0.676156 0.577213
vt 0.627822 0.954774
vt 0.130043 0.969433
vt 0.855532 0.135165
vt 0.629285 0.943508
vt 0.329368 0.969433
vt 0.664890 0.577213
vt 0.627822 0.943508
vt 0.327906 0.969433
vt 0.866798 0.135165
vt 0.938419 0.964079
vt 0.128581 0.835968
vt 0.676156 0.443747
vt 0.939882 0.964079
vt 0.130043 0.835968
vt 0.855532 0.001700
vt 0.329368 0.835968
vt 0.938419 0.952813
vt 0.664891 0.443747
vt 0.327906 0.835968
vt 0.939882 0.952813
vt 0.866798 0.001700
vt 0.959408 0.602362
vt 0.987115 0.577212
vt 0.852134 0.850941
vt 0.957945 0.602362
vt 0.988577 0.577212
vt 0.192342 0.832569
vt 0.959408 0.591096
vt 0.334230 0.969433
vt 0.840868 0.850941
vt 0.957945 0.591096
vt 0.332767 0.969433
vt 0.203608 0.832569
vt 0.943281 0.876091
vt 0.987115 0.443747
vt 0.852134 0.717476
vt 0.944743 0.876091
vt 0.988577 0.443747
vt 0.192342 0.699103
vt 0.334230 0.835968
vt 0.943281 0.864825
vt 0.840868 0.717476
vt 0.332767 0.835968
vt 0.944743 0.864825
vt 0.203608 0.699103
vt 0.944743 0.964079
vt 0.123719 0.969433
vt 0.910792 0.714077
vt 0.943281 0.964079
vt 0.125182 0.969433
vt 0.884861 0.135165
vt 0.944743 0.952813
vt 0.363399 0.969433
vt 0.899526 0.714077
vt 0.943281 0.952813
vt 0.361937 0.969433
vt 0.896127 0.135165
vt 0.962807 0.602362
vt 0.123719 0.835968
vt 0.910792 0.580611
vt 0.964269 0.602362
vt 0.125182 0.835968
vt 0.884861 0.001700
vt 0.363399 0.835968
vt 0.962807 0.591096
vt 0.899526 0.580611
vt 0.361937 0.835968
vt 0.964269 0.591096
vt 0.896127 0.001700
vt 0.944743 0.934750
vt 0.376521 0.969433
vt 0.430254 0.727960
vt 0.943281 0.934750
vt 0.377984 0.969433
vt 0.368319 0.832569
vt 0.944743 0.923484
vt 0.373122 0.969433
vt 0.441519 0.727960
vt 0.943281 0.923484
vt 0.371660 0.969433
vt 0.379585 0.832569
vt 0.953004 0.964079
vt 0.376521 0.835968
vt 0.430254 0.861427
vt 0.954466 0.964079
vt 0.377984 0.835968
vt 0.368319 0.699103
vt 0.373122 0.835968
vt 0.953004 0.952813
vt 0.441519 0.861426
vt 0.371660 0.835968
vt 0.954466 0.952813
vt 0.379585 0.699103
vt 0.930238 0.602362
vt 0.138304 0.969433
vt 0.896127 0.714077
vt 0.928776 0.602362
vt 0.139767 0.969433
vt 0.826203 0.272030
vt 0.930238 0.591096
vt 0.285614 0.969433
vt 0.884861 0.714077
vt 0.928776 0.591096
vt 0.284151 0.969433
vt 0.837468 0.272030
vt 0.627822 0.896115
vt 0.138304 0.835968
vt 0.896127 0.580611
vt 0.629285 0.896115
vt 0.139767 0.835968
vt 0.826203 0.138564
vt 0.285614 0.835968
vt 0.627822 0.884849
vt 0.884861 0.580611
vt 0.284151 0.835968
vt 0.629285 0.884849
vt 0.837468 0.138564
vt 0.930158 0.949414
vt 0.293875 0.969433
vt 0.394250 0.832569
vt 0.928696 0.949414
vt 0.295337 0.969433
vt 0.353655 0.832569
vt 0.930158 0.938149
vt 0.681018 0.987806
vt 0.382984 0.832569
vt 0.928696 0.938149
vt 0.679555 0.987806
vt 0.364920 0.832569
vt 0.928696 0.905420
vt 0.293875 0.835968
vt 0.394250 0.699103
vt 0.930158 0.905420
vt 0.295337 0.835968
vt 0.353655 0.699103
vt 0.681018 0.854340
vt 0.928696 0.894154
vt 0.382984 0.699103
vt 0.679555 0.854340
vt 0.930158 0.894154
vt 0.364920 0.699103
vt 0.787812 0.438226
vt 0.274428 0.969433
vt 0.532907 0.727961
vt 0.786350 0.438226
vt 0.275891 0.969433
vt 0.294995 0.832569
vt 0.787812 0.426961
vt 0.113996 0.835968
vt 0.544173 0.727961
vt 0.786350 0.426961
vt 0.115459 0.835968
vt 0.306261 0.832569
vt 0.914191 0.602362
vt 0.274428 0.835968
vt 0.532907 0.861427
vt 0.915653 0.602362
vt 0.275891 0.835968
vt 0.294995 0.699103
vt 0.113996 0.969433
vt 0.914191 0.591096
vt 0.544173 0.861427
vt 0.115459 0.969433
vt 0.915653 0.591096
vt 0.306261 0.699103
vt 0.915653 0.646356
vt 0.752559 0.987806
vt 0.474248 0.727962
vt 0.914191 0.646356
vt 0.754022 0.987806
vt 0.265666 0.832569
vt 0.915653 0.635090
vt 0.822084 0.987805
vt 0.485514 0.727962
vt 0.914191 0.635090
vt 0.820621 0.987805
vt 0.276932 0.832569
vt 0.948222 0.661021
vt 0.752559 0.854340
vt 0.474248 0.861428
vt 0.949684 0.661021
vt 0.754022 0.854340
vt 0.265666 0.699103
vt 0.822084 0.854340
vt 0.948222 0.649755
vt 0.485514 0.861428
vt 0.820621 0.854340
vt 0.949684 0.649755
vt 0.276932 0.699103
vt 0.915653 0.661021
vt 0.728251 0.987806
vt 0.251001 0.699103
vt 0.914191 0.661021
vt 0.729714 0.987806
vt 0.236336 0.832569
vt 0.915653 0.649755
vt 0.993439 0.408894
vt 0.262267 0.699103
vt 0.914191 0.649755
vt 0.991976 0.408894
vt 0.247602 0.832569
vt 0.928696 0.920085
vt 0.728251 0.854340
vt 0.251001 0.832569
vt 0.930158 0.920085
vt 0.729714 0.854340
vt 0.236336 0.699103
vt 0.993439 0.275428
vt 0.928696 0.908819
vt 0.262267 0.832569
vt 0.991976 0.275428
vt 0.930158 0.908819
vt 0.247602 0.699103
vt 0.904491 0.423562
vt 0.269567 0.969433
vt 0.159613 0.832569
vt 0.903028 0.423562
vt 0.271029 0.969433
vt 0.133683 0.832569
vt 0.904491 0.412296
vt 0.998300 0.408894
vt 0.148347 0.832569
vt 0.903028 0.412296
vt 0.996838 0.408894
vt 0.144948 0.832569
vt 0.948142 0.949414
vt 0.269567 0.835968
vt 0.159613 0.699103
vt 0.949605 0.949414
vt 0.271029 0.835968
vt 0.133683 0.699103
vt 0.998300 0.275428
vt 0.948142 0.938149
vt 0.148347 0.699103
vt 0.996838 0.275428
vt 0.949605 0.938149
vt 0.144948 0.699103
vt 0.894768 0.423562
vt 0.366798 0.969433
vt 0.130284 0.832569
vt 0.893305 0.423562
vt 0.368261 0.969433
vt 0.104353 0.832569
vt 0.894768 0.412296
vt 0.382845 0.969433
vt 0.119018 0.832569
vt 0.893305 0.412296
vt 0.381383 0.969433
vt 0.115619 0.832569
vt 0.854412 0.438226
vt 0.366798 0.835968
vt 0.130284 0.699103
vt 0.855875 0.438226
vt 0.368261 0.835968
vt 0.104353 0.699103
vt 0.382845 0.835968
vt 0.854412 0.426961
vt 0.119018 0.699103
vt 0.381383 0.835968
vt 0.855875 0.426961
vt 0.115619 0.699103
vt 0.624423 0.896116
vt 0.708805 0.987806
vt 0.071625 0.832569
vt 0.622961 0.896116
vt 0.710267 0.987806
vt 0.870197 0.135165
vt 0.624423 0.884850
vt 0.847192 0.987805
vt 0.060359 0.832569
vt 0.622961 0.884850
vt 0.845729 0.987805
vt 0.881463 0.135165
vt 0.948142 0.905420
vt 0.708805 0.854340
vt 0.071625 0.699103
vt 0.949605 0.905420
vt 0.710267 0.854340
vt 0.870197 0.001700
vt 0.847192 0.854340
vt 0.948142 0.894154
vt 0.060359 0.699103
vt 0.845729 0.854340
vt 0.949605 0.894154
vt 0.881463 0.001700
vt 0.841290 0.423562
vt 0.650225 0.987806
vt 0.045694 0.699103
vt 0.839827 0.423562
vt 0.651688 0.987806
vt 0.001700 0.832569
vt 0.841290 0.412296
vt 0.842330 0.987805
vt 0.056960 0.699103
vt 0.839827 0.412296
vt 0.840868 0.987805
vt 0.012965 0.832569
vt 0.928696 0.890755
vt 0.650225 0.854341
vt 0.045694 0.832569
vt 0.930158 0.890755
vt 0.651688 0.854341
vt 0.001700 0.699103
vt 0.842330 0.854340
vt 0.928696 0.879490
vt 0.056960 0.832569
vt 0.840868 0.854340
vt 0.930158 0.879490
vt 0.012965 0.699103
vt 0.969131 0.602362
vt 0.982253 0.714077
vt 0.896127 0.850941
vt 0.967668 0.602362
vt 0.983716 0.714077
vt 0.899526 0.135165
vt 0.969131 0.591096
vt 0.993439 0.577212
vt 0.884862 0.850941
vt 0.967668 0.591096
vt 0.991976 0.577212
vt 0.910792 0.135165
vt 0.967668 0.646355
vt 0.982253 0.580611
vt 0.896127 0.717476
vt 0.969131 0.646355
vt 0.983716 0.580611
vt 0.899526 0.001700
vt 0.993439 0.443747
vt 0.967668 0.635090
vt 0.884862 0.717476
vt 0.991976 0.443747
vt 0.969131 0.635090
vt 0.910792 0.001700
vt 0.773228 0.423562
vt 0.230674 0.969433
vt 0.426854 0.861428
vt 0.771765 0.423562
vt 0.232137 0.969433
vt 0.811538 0.272030
vt 0.773228 0.412296
vt 0.886324 0.987806
vt 0.415589 0.861428
vt 0.771765 0.412296
vt 0.884862 0.987806
vt 0.822804 0.272030
vt 0.781488 0.438226
vt 0.230674 0.835968
vt 0.426854 0.727961
vt 0.782951 0.438226
vt 0.232137 0.835968
vt 0.811538 0.138564
vt 0.886324 0.854340
vt 0.781488 0.426961
vt 0.415589 0.727961
vt 0.884862 0.854340
vt 0.782951 0.426961
vt 0.822804 0.138564
vt 0.792674 0.438226
vt 0.655087 0.987806
vt 0.808139 0.408894
vt 0.791211 0.438226
vt 0.656550 0.987806
vt 0.855532 0.714077
vt 0.792674 0.426961
vt 0.871659 0.987806
vt 0.796873 0.408894
vt 0.791211 0.426961
vt 0.870197 0.987806
vt 0.866798 0.714077
vt 0.923834 0.920085
vt 0.655087 0.854341
vt 0.808139 0.275429
vt 0.925297 0.920085
vt 0.656550 0.854341
vt 0.855532 0.580611
vt 0.871659 0.854340
vt 0.923834 0.908819
vt 0.796873 0.275429
vt 0.870197 0.854340
vt 0.925297 0.908819
vt 0.866798 0.580611
vt 0.792674 0.423562
vt 0.723390 0.987806
vt 0.573503 0.861425
vt 0.791211 0.423562
vt 0.724852 0.987806
vt 0.782208 0.408894
vt 0.792674 0.412296
vt 0.792914 0.987805
vt 0.562237 0.861425
vt 0.791211 0.412296
vt 0.791452 0.987805
vt 0.793474 0.408894
vt 0.933557 0.949414
vt 0.723390 0.854340
vt 0.573503 0.727960
vt 0.935020 0.949414
vt 0.724852 0.854340
vt 0.782208 0.275428
vt 0.792914 0.854340
vt 0.933557 0.938149
vt 0.562237 0.727960
vt 0.791452 0.854340
vt 0.935020 0.938149
vt 0.793474 0.275428
vt 0.787812 0.423562
vt 0.342490 0.969433
vt 0.782208 0.001700
vt 0.786350 0.423562
vt 0.343953 0.969433
vt 0.767544 0.714077
vt 0.787812 0.412296
vt 0.783191 0.987805
vt 0.793474 0.001700
vt 0.786350 0.412296
vt 0.781729 0.987805
vt 0.778810 0.714077
vt 0.923914 0.705015
vt 0.342490 0.835968
vt 0.782208 0.135165
vt 0.925377 0.705015
vt 0.343953 0.835968
vt 0.767544 0.580611
vt 0.783191 0.854340
vt 0.923914 0.693749
vt 0.793474 0.135165
vt 0.781729 0.854340
vt 0.925377 0.693749
vt 0.778810 0.580611
vt 0.778089 0.438226
vt 0.357075 0.969433
vt 0.459584 0.727962
vt 0.776627 0.438226
vt 0.358538 0.969433
vt 0.767544 0.272030
vt 0.778089 0.426961
vt 0.421913 0.998292
vt 0.470849 0.727963
vt 0.776627 0.426961
vt 0.420450 0.998292
vt 0.778809 0.272030
vt 0.943281 0.890755
vt 0.357075 0.835968
vt 0.459584 0.861429
vt 0.944743 0.890755
vt 0.358538 0.835968
vt 0.767544 0.138564
vt 0.421913 0.864827
vt 0.943281 0.879490
vt 0.470849 0.861429
vt 0.420450 0.864827
vt 0.944743 0.879490
vt 0.778809 0.138564
vt 0.768366 0.438226
vt 0.337629 0.969433
vt 0.778809 0.135165
vt 0.766903 0.438226
vt 0.339091 0.969433
vt 0.752879 0.714077
vt 0.768366 0.426961
vt 0.993359 0.987806
vt 0.767544 0.135165
vt 0.766903 0.426961
vt 0.991897 0.987806
vt 0.764145 0.714077
vt 0.928776 0.617026
vt 0.337629 0.835968
vt 0.778809 0.001700
vt 0.930238 0.617026
vt 0.339091 0.835968
vt 0.752879 0.580611
vt 0.993359 0.854340
vt 0.928776 0.605761
vt 0.767544 0.001700
vt 0.991897 0.854340
vt 0.930238 0.605761
vt 0.764145 0.580611
vt 0.964269 0.617026
vt 0.347352 0.969433
vt 0.749480 0.714077
vt 0.962807 0.617026
vt 0.348814 0.969433
vt 0.738214 0.577212
vt 0.964269 0.605760
vt 0.826946 0.987805
vt 0.738214 0.714077
vt 0.962807 0.605760
vt 0.825483 0.987805
vt 0.749480 0.577212
vt 0.943281 0.949414
vt 0.347352 0.835968
vt 0.749480 0.580611
vt 0.944743 0.949414
vt 0.348814 0.835968
vt 0.738214 0.443747
vt 0.826946 0.854340
vt 0.943281 0.938149
vt 0.738214 0.580611
vt 0.825483 0.854340
vt 0.944743 0.938149
vt 0.749480 0.443747
vt 0.964189 0.949414
vt 0.313321 0.969433
vt 0.749480 0.135165
vt 0.962727 0.949414
vt 0.314783 0.969433
vt 0.723550 0.714077
vt 0.964189 0.938149
vt 0.802638 0.987805
vt 0.738214 0.135165
vt 0.962727 0.938149
vt 0.801175 0.987805
vt 0.734815 0.714077
vt 0.948142 0.934750
vt 0.313321 0.835968
vt 0.749480 0.001700
vt 0.949605 0.934750
vt 0.314783 0.835968
vt 0.723550 0.580611
vt 0.802638 0.854340
vt 0.948142 0.923484
vt 0.738214 0.001700
vt 0.801175 0.854340
vt 0.949605 0.923484
vt 0.734815 0.580611
vt 0.920435 0.934750
vt 0.279290 0.969433
vt 0.606232 0.727964
vt 0.918973 0.934750
vt 0.280752 0.969433
vt 0.723549 0.272030
vt 0.920435 0.923484
vt 0.778330 0.987805
vt 0.617497 0.727964
vt 0.918973 0.923484
vt 0.776867 0.987805
vt 0.734815 0.272030
vt 0.928776 0.705015
vt 0.279290 0.835968
vt 0.606232 0.861430
vt 0.930238 0.705015
vt 0.280752 0.835968
vt 0.723549 0.138564
vt 0.778330 0.854340
vt 0.928776 0.693749
vt 0.617497 0.861430
vt 0.776867 0.854340
vt 0.930238 0.693749
vt 0.734815 0.138564
vt 0.930238 0.690350
vt 0.308459 0.969433
vt 0.679555 0.717476
vt 0.928775 0.690350
vt 0.309922 0.969433
vt 0.723549 0.135165
vt 0.930238 0.679085
vt 0.412109 0.998292
vt 0.690821 0.717476
vt 0.928775 0.679085
vt 0.410647 0.998292
vt 0.734815 0.135165
vt 0.948142 0.890755
vt 0.308459 0.835968
vt 0.679555 0.850941
vt 0.949605 0.890755
vt 0.309922 0.835968
vt 0.723549 0.001700
vt 0.412109 0.864826
vt 0.948142 0.879490
vt 0.690821 0.850941
vt 0.410647 0.864826
vt 0.949605 0.879490
vt 0.734815 0.001700
vt 0.915653 0.617026
vt 0.323044 0.969433
vt 0.617497 0.724565
vt 0.914191 0.617026
vt 0.324507 0.969433
vt 0.591567 0.724565
vt 0.915653 0.605761
vt 0.417051 0.998292
vt 0.606232 0.724565
vt 0.914191 0.605761
vt 0.415589 0.998292
vt 0.602833 0.724565
vt 0.948142 0.876091
vt 0.323044 0.835968
vt 0.617497 0.591100
vt 0.949605 0.876091
vt 0.324507 0.835968
vt 0.591567 0.591100
vt 0.417051 0.864827
vt 0.948142 0.864825
vt 0.606232 0.591100
vt 0.415589 0.864827
vt 0.949605 0.864825
vt 0.602833 0.591100
vt 0.964190 0.964079
vt 0.674613 0.987806
vt 0.500179 0.861428
vt 0.962727 0.964079
vt 0.676076 0.987806
vt 0.562237 0.724561
vt 0.964190 0.952813
vt 0.167473 0.835968
vt 0.488913 0.861428
vt 0.962727 0.952813
vt 0.168936 0.835968
vt 0.573503 0.724561
vt 0.948222 0.631691
vt 0.674613 0.854341
vt 0.500179 0.727962
vt 0.949685 0.631691
vt 0.676076 0.854341
vt 0.562237 0.591095
vt 0.167474 0.969433
vt 0.948222 0.620425
vt 0.488913 0.727962
vt 0.168936 0.969433
vt 0.949685 0.620425
vt 0.573503 0.591095
vt 0.904491 0.438226
vt 0.640422 0.987807
vt 0.470849 0.724563
vt 0.903028 0.438226
vt 0.641885 0.987807
vt 0.899526 0.408894
vt 0.904491 0.426961
vt 0.998300 0.135165
vt 0.459584 0.724563
vt 0.903028 0.426961
vt 0.996838 0.135165
vt 0.910792 0.408894
vt 0.948222 0.602362
vt 0.640422 0.854341
vt 0.470849 0.591098
vt 0.949685 0.602362
vt 0.641885 0.854341
vt 0.899526 0.275428
vt 0.998300 0.001700
vt 0.948222 0.591096
vt 0.459584 0.591098
vt 0.996838 0.001700
vt 0.949685 0.591096
vt 0.910792 0.275428
vt 0.899629 0.438226
vt 0.464445 0.998293
vt 0.752879 0.717476
vt 0.898166 0.438226
vt 0.465908 0.998293
vt 0.430254 0.724561
vt 0.899629 0.426961
vt 0.988497 0.987806
vt 0.764145 0.717476
vt 0.898166 0.426961
vt 0.987035 0.987806
vt 0.441519 0.724561
vt 0.918972 0.949414
vt 0.464445 0.864828
vt 0.752879 0.850941
vt 0.920435 0.949414
vt 0.465908 0.864828
vt 0.430254 0.591096
vt 0.988497 0.854340
vt 0.918972 0.938149
vt 0.764145 0.850941
vt 0.987035 0.854340
vt 0.920435 0.938149
vt 0.441519 0.591096
vt 0.944823 0.705015
vt 0.991897 0.850941
vt 0.708885 0.443747
vt 0.943360 0.705015
vt 0.993359 0.850941
vt 0.708885 0.408894
vt 0.944823 0.693749
vt 0.637023 0.987807
vt 0.720151 0.443747
vt 0.943360 0.693749
vt 0.635561 0.987807
vt 0.720150 0.408894
vt 0.919052 0.646356
vt 0.991897 0.717476
vt 0.708885 0.577212
vt 0.920515 0.646356
vt 0.993359 0.717476
vt 0.708885 0.275428
vt 0.637023 0.854341
vt 0.919052 0.635090
vt 0.720151 0.577212
vt 0.635561 0.854341
vt 0.920515 0.635090
vt 0.720150 0.275428
vt 0.944823 0.675686
vt 0.469307 0.998293
vt 0.690821 0.714077
vt 0.943360 0.675686
vt 0.470769 0.998293
vt 0.664890 0.714077
vt 0.944823 0.664420
vt 0.646746 0.987807
vt 0.679555 0.714077
vt 0.943360 0.664420
vt 0.645284 0.987807
vt 0.676156 0.714077
vt 0.962727 0.890755
vt 0.469307 0.864828
vt 0.690821 0.580611
vt 0.964190 0.890755
vt 0.470769 0.864828
vt 0.664890 0.580612
vt 0.646746 0.854341
vt 0.962727 0.879489
vt 0.679555 0.580611
vt 0.645284 0.854341
vt 0.964190 0.879489
vt 0.676156 0.580612
vt 0.944823 0.661021
vt 0.991976 0.135165
vt 0.837469 0.850941
vt 0.943360 0.661021
vt 0.993439 0.135165
vt 0.694220 0.577212
vt 0.944823 0.649755
vt 0.700544 0.987806
vt 0.826203 0.850941
vt 0.943360 0.649755
vt 0.699081 0.987806
vt 0.705486 0.577212
vt 0.873859 0.438226
vt 0.991976 0.001700
vt 0.837469 0.717476
vt 0.875321 0.438226
vt 0.993439 0.001700
vt 0.694220 0.443747
vt 0.700544 0.854340
vt 0.873859 0.426961
vt 0.826203 0.717476
vt 0.699081 0.854340
vt 0.875321 0.426961
vt 0.705486 0.443747
vt 0.944823 0.617026
vt 0.523104 0.998292
vt 0.661491 0.408897
vt 0.943360 0.617026
vt 0.524567 0.998292
vt 0.368319 0.695704
vt 0.944823 0.605761
vt 0.671214 0.987806
vt 0.650225 0.408897
vt 0.943360 0.605761
vt 0.669752 0.987806
vt 0.379585 0.695704
vt 0.864135 0.438226
vt 0.523104 0.864827
vt 0.661491 0.275431
vt 0.865598 0.438226
vt 0.524567 0.864827
vt 0.368319 0.562239
vt 0.671214 0.854341
vt 0.864135 0.426961
vt 0.650225 0.275431
vt 0.669752 0.854341
vt 0.865598 0.426961
vt 0.379585 0.562239
vt 0.935100 0.602362
vt 0.474248 0.998293
vt 0.840867 0.138564
vt 0.933637 0.602362
vt 0.475711 0.998293
vt 0.591567 0.861430
vt 0.935100 0.591096
vt 0.661411 0.987806
vt 0.852133 0.138564
vt 0.933637 0.591096
vt 0.659949 0.987806
vt 0.602832 0.861430
vt 0.859274 0.438226
vt 0.474248 0.864827
vt 0.840867 0.272029
vt 0.860736 0.438226
vt 0.475711 0.864827
vt 0.591567 0.727964
vt 0.661411 0.854341
vt 0.859274 0.426961
vt 0.852133 0.272029
vt 0.659949 0.854341
vt 0.860736 0.426961
vt 0.602832 0.727964
vt 0.944823 0.602362
vt 0.400923 0.998292
vt 0.324325 0.562239
vt 0.943360 0.602362
vt 0.402386 0.998292
vt 0.265666 0.695704
vt 0.944823 0.591096
vt 0.573423 0.998290
vt 0.335591 0.562239
vt 0.943360 0.591096
vt 0.571960 0.998290
vt 0.276932 0.695704
vt 0.957865 0.964079
vt 0.400923 0.864826
vt 0.324325 0.695704
vt 0.959328 0.964079
vt 0.402386 0.864826
vt 0.265666 0.562239
vt 0.573423 0.864824
vt 0.957865 0.952813
vt 0.335591 0.695704
vt 0.571960 0.864824
vt 0.959328 0.952813
vt 0.276932 0.562239
vt 0.939882 0.920085
vt 0.479110 0.998293
vt 0.720151 0.850941
vt 0.938419 0.920085
vt 0.480572 0.998293
vt 0.236336 0.695704
vt 0.939882 0.908819
vt 0.597891 0.998294
vt 0.708885 0.850941
vt 0.938419 0.908819
vt 0.596428 0.998294
vt 0.247602 0.695704
vt 0.834966 0.438226
vt 0.479110 0.864827
vt 0.720151 0.717476
vt 0.836428 0.438226
vt 0.480572 0.864827
vt 0.236336 0.562239
vt 0.597891 0.864829
vt 0.834966 0.426961
vt 0.708885 0.717476
vt 0.596428 0.864829
vt 0.836428 0.426961
vt 0.247602 0.562239
vt 0.969131 0.617026
vt 0.983716 0.275428
vt 0.881463 0.850941
vt 0.967668 0.617026
vt 0.982253 0.275428
vt 0.855532 0.577212
vt 0.969131 0.605760
vt 0.578365 0.998292
vt 0.870197 0.850941
vt 0.967668 0.605760
vt 0.576902 0.998292
vt 0.866798 0.577212
vt 0.962807 0.705015
vt 0.983716 0.408894
vt 0.881463 0.717476
vt 0.964269 0.705015
vt 0.982253 0.408894
vt 0.855532 0.443747
vt 0.578365 0.864827
vt 0.962807 0.693749
vt 0.870197 0.717476
vt 0.576902 0.864827
vt 0.964269 0.693749
vt 0.866798 0.443747
vt 0.915653 0.690350
vt 0.767144 0.987805
vt 0.749480 0.850941
vt 0.914191 0.690350
vt 0.768606 0.987805
vt 0.177677 0.695704
vt 0.915653 0.679085
vt 0.407248 0.998292
vt 0.738214 0.850941
vt 0.914191 0.679085
vt 0.405785 0.998292
vt 0.188943 0.695704
vt 0.800935 0.438226
vt 0.767144 0.854340
vt 0.749480 0.717476
vt 0.802397 0.438226
vt 0.768606 0.854340
vt 0.177677 0.562239
vt 0.407248 0.864826
vt 0.800935 0.426961
vt 0.738214 0.717476
vt 0.405785 0.864826
vt 0.802397 0.426961
vt 0.188943 0.562239
vt 0.939882 0.890755
vt 0.425312 0.998292
vt 0.855532 0.275429
vt 0.938419 0.890755
vt 0.426774 0.998292
vt 0.119018 0.695704
vt 0.939882 0.879490
vt 0.998221 0.850941
vt 0.866798 0.275428
vt 0.938419 0.879490
vt 0.996758 0.850941
vt 0.130284 0.695704
vt 0.923914 0.617026
vt 0.425312 0.864827
vt 0.855532 0.408894
vt 0.925376 0.617026
vt 0.426774 0.864827
vt 0.119018 0.562239
vt 0.998221 0.717476
vt 0.923914 0.605761
vt 0.866798 0.408894
vt 0.996758 0.717476
vt 0.925376 0.605761
vt 0.130284 0.562239
vt 0.939882 0.876091
vt 0.488913 0.998292
vt 0.664890 0.001700
vt 0.938419 0.876091
vt 0.490376 0.998292
vt 0.060359 0.695704
vt 0.939882 0.864825
vt 0.588088 0.998292
vt 0.676156 0.001700
vt 0.938419 0.864825
vt 0.586625 0.998292
vt 0.071625 0.695704
vt 0.923834 0.890755
vt 0.488913 0.864827
vt 0.664890 0.135166
vt 0.925297 0.890755
vt 0.490376 0.864827
vt 0.060359 0.562239
vt 0.588088 0.864827
vt 0.923834 0.879490
vt 0.676156 0.135165
vt 0.586625 0.864827
vt 0.925297 0.879490
vt 0.071625 0.562239
vt 0.939961 0.617026
vt 0.493775 0.998292
vt 0.690821 0.577212
vt 0.938499 0.617026
vt 0.495237 0.998292
vt 0.679555 0.408895
vt 0.939961 0.605761
vt 0.583226 0.998292
vt 0.679555 0.577212
vt 0.938499 0.605761
vt 0.581764 0.998292
vt 0.690821 0.408895
vt 0.919052 0.705015
vt 0.493775 0.864827
vt 0.690821 0.443747
vt 0.920515 0.705015
vt 0.495237 0.864827
vt 0.679555 0.275429
vt 0.583226 0.864827
vt 0.919052 0.693749
vt 0.679555 0.443747
vt 0.581764 0.864827
vt 0.920515 0.693749
vt 0.690821 0.275429
vt 0.939961 0.602362
vt 0.498636 0.998292
vt 0.852134 0.714076
vt 0.938499 0.602362
vt 0.500099 0.998292
vt 0.280331 0.695704
vt 0.939961 0.591096
vt 0.593029 0.998294
vt 0.840868 0.714076
vt 0.938499 0.591096
vt 0.591567 0.998294
vt 0.291596 0.695704
vt 0.962807 0.661021
vt 0.498636 0.864827
vt 0.852134 0.580611
vt 0.964269 0.661021
vt 0.500099 0.864827
vt 0.280331 0.562239
vt 0.593029 0.864829
vt 0.962807 0.649755
vt 0.840868 0.580611
vt 0.591567 0.864829
vt 0.964269 0.649755
vt 0.291596 0.562239
vt 0.935020 0.934750
vt 0.503578 0.998292
vt 0.056960 0.695704
vt 0.933557 0.934750
vt 0.505040 0.998292
vt 0.163012 0.695704
vt 0.935020 0.923484
vt 0.558758 0.998291
vt 0.045694 0.695704
vt 0.933557 0.923484
vt 0.557295 0.998291
vt 0.174278 0.695704
vt 0.923914 0.646356
vt 0.503578 0.864827
vt 0.056960 0.562239
vt 0.925377 0.646356
vt 0.505040 0.864827
vt 0.163012 0.562239
vt 0.558758 0.864826
vt 0.923914 0.635090
vt 0.045694 0.562239
vt 0.557296 0.864826
vt 0.925377 0.635090
vt 0.174278 0.562239
vt 0.935020 0.890755
vt 0.518243 0.998292
vt 0.650225 0.138565
vt 0.933557 0.890755
vt 0.519705 0.998292
vt 0.309660 0.695704
vt 0.935020 0.879490
vt 0.539232 0.998291
vt 0.661491 0.138565
vt 0.933557 0.879490
vt 0.537769 0.998291
vt 0.320926 0.695704
vt 0.919052 0.661021
vt 0.518243 0.864827
vt 0.650225 0.272032
vt 0.920515 0.661021
vt 0.519705 0.864827
vt 0.309660 0.562239
vt 0.539232 0.864826
vt 0.919052 0.649755
vt 0.661491 0.272031
vt 0.537769 0.864826
vt 0.920515 0.649755
vt 0.320926 0.562239
vt 0.935100 0.705015
vt 0.983716 0.443747
vt 0.694220 0.001700
vt 0.933637 0.705015
vt 0.982253 0.443747
vt 0.855532 0.850941
vt 0.935100 0.693749
vt 0.549035 0.998291
vt 0.705486 0.001700
vt 0.933637 0.693749
vt 0.547572 0.998291
vt 0.866798 0.850941
vt 0.914191 0.705015
vt 0.983716 0.577212
vt 0.694220 0.135165
vt 0.915653 0.705015
vt 0.982253 0.577212
vt 0.855532 0.717476
vt 0.549035 0.864826
vt 0.914191 0.693749
vt 0.705486 0.135165
vt 0.547572 0.864826
vt 0.915653 0.693749
vt 0.866798 0.717476
vt 0.954466 0.920085
vt 0.454642 0.998290
vt 0.679555 0.138565
vt 0.953004 0.920085
vt 0.456104 0.998290
vt 0.694220 0.714077
vt 0.954466 0.908819
vt 0.996838 0.443747
vt 0.690821 0.138565
vt 0.953004 0.908819
vt 0.998300 0.443747
vt 0.705486 0.714077
vt 0.953084 0.631691
vt 0.454642 0.864824
vt 0.679555 0.272030
vt 0.954546 0.631691
vt 0.456104 0.864824
vt 0.694220 0.580611
vt 0.996838 0.577212
vt 0.953084 0.620425
vt 0.690821 0.272030
vt 0.998300 0.577212
vt 0.954546 0.620425
vt 0.705486 0.580611
vt 0.939882 0.934750
vt 0.459584 0.998293
vt 0.485514 0.724563
vt 0.938419 0.934750
vt 0.461046 0.998293
vt 0.518243 0.724562
vt 0.939882 0.923484
vt 0.563700 0.998290
vt 0.474248 0.724563
vt 0.938419 0.923484
vt 0.562237 0.998290
vt 0.529509 0.724562
vt 0.919052 0.617026
vt 0.459584 0.864828
vt 0.485514 0.591097
vt 0.920515 0.617026
vt 0.461046 0.864828
vt 0.518243 0.591097
vt 0.563700 0.864824
vt 0.919052 0.605761
vt 0.474248 0.591097
vt 0.562237 0.864824
vt 0.920515 0.605761
vt 0.529509 0.591097
vt 0.930158 0.964079
vt 0.395967 0.969433
vt 0.910792 0.577212
vt 0.928696 0.964079
vt 0.397430 0.969433
vt 0.870197 0.714077
vt 0.930158 0.952813
vt 0.173798 0.969433
vt 0.899526 0.577212
vt 0.928696 0.952813
vt 0.172335 0.969433
vt 0.881463 0.714077
vt 0.918973 0.964079
vt 0.395968 0.835968
vt 0.910792 0.443747
vt 0.920435 0.964079
vt 0.397430 0.835968
vt 0.870197 0.580611
vt 0.173798 0.835968
vt 0.918973 0.952813
vt 0.899526 0.443747
vt 0.172335 0.835968
vt 0.920435 0.952813
vt 0.881463 0.580611
vt 0.624423 0.940110
vt 0.715129 0.854340
vt 0.723549 0.443747
vt 0.622961 0.940110
vt 0.713666 0.854340
vt 0.884861 0.408894
vt 0.624423 0.928844
vt 0.544093 0.998291
vt 0.734815 0.443747
vt 0.622961 0.928844
vt 0.542630 0.998291
vt 0.896127 0.408894
vt 0.962727 0.920085
vt 0.715129 0.987805
vt 0.723549 0.577212
vt 0.964189 0.920085
vt 0.713666 0.987805
vt 0.884861 0.275428
vt 0.544093 0.864826
vt 0.962727 0.908819
vt 0.734815 0.577212
vt 0.542630 0.864826
vt 0.964189 0.908819
vt 0.896127 0.275428
vt 0.954546 0.690350
vt 0.483971 0.998293
vt 0.738214 0.138564
vt 0.953084 0.690350
vt 0.485434 0.998293
vt 0.752879 0.408894
vt 0.954546 0.679085
vt 0.552434 0.864826
vt 0.749480 0.138564
vt 0.953084 0.679085
vt 0.553896 0.864826
vt 0.764145 0.408894
vt 0.953004 0.876091
vt 0.483971 0.864827
vt 0.738214 0.272030
vt 0.954466 0.876091
vt 0.485434 0.864827
vt 0.752879 0.275428
vt 0.552434 0.998291
vt 0.953004 0.864825
vt 0.749480 0.272029
vt 0.553896 0.998291
vt 0.954466 0.864825
vt 0.764145 0.275428
vt 0.939882 0.905420
vt 0.449780 0.998290
vt 0.664890 0.138565
vt 0.938419 0.905420
vt 0.451243 0.998290
vt 0.796873 0.135165
vt 0.939882 0.894154
vt 0.534370 0.998291
vt 0.676156 0.138565
vt 0.938419 0.894154
vt 0.532907 0.998291
vt 0.808139 0.135165
vt 0.918973 0.905420
vt 0.449780 0.864824
vt 0.664890 0.272031
vt 0.920435 0.905420
vt 0.451243 0.864824
vt 0.796873 0.001700
vt 0.534370 0.864826
vt 0.918973 0.894154
vt 0.676156 0.272030
vt 0.532907 0.864826
vt 0.920435 0.894154
vt 0.808139 0.001700
vt 0.763504 0.423562
vt 0.177197 0.969433
vt 0.837469 0.714077
vt 0.762042 0.423562
vt 0.178659 0.969433
vt 0.811538 0.577212
vt 0.763504 0.412296
vt 0.392568 0.969433
vt 0.826203 0.714077
vt 0.762042 0.412296
vt 0.391106 0.969433
vt 0.822804 0.577212
vt 0.907890 0.438226
vt 0.177197 0.835968
vt 0.837469 0.580611
vt 0.909352 0.438226
vt 0.178659 0.835968
vt 0.811538 0.443747
vt 0.392568 0.835968
vt 0.907890 0.426961
vt 0.826203 0.580611
vt 0.391106 0.835968
vt 0.909352 0.426961
vt 0.822804 0.443747
vt 0.964269 0.690350
vt 0.567099 0.998290
vt 0.782208 0.138564
vt 0.962807 0.690350
vt 0.568561 0.998290
vt 0.767544 0.577212
vt 0.964269 0.679084
vt 0.446381 0.998290
vt 0.793474 0.138564
vt 0.962807 0.679084
vt 0.444919 0.998290
vt 0.778810 0.577212
vt 0.938499 0.705015
vt 0.567099 0.864824
vt 0.782208 0.272030
vt 0.939961 0.705015
vt 0.568561 0.864824
vt 0.767544 0.443747
vt 0.446381 0.864824
vt 0.938499 0.693749
vt 0.793474 0.272029
vt 0.444919 0.864824
vt 0.939961 0.693749
vt 0.778810 0.443747
vt 0.920515 0.690350
vt 0.812361 0.854340
vt 0.808139 0.850941
vt 0.919052 0.690350
vt 0.810898 0.854340
vt 0.294995 0.695704
vt 0.920515 0.679085
vt 0.514763 0.998292
vt 0.796873 0.850941
vt 0.919052 0.679085
vt 0.513301 0.998292
vt 0.306261 0.695704
vt 0.938499 0.631691
vt 0.812361 0.987806
vt 0.808139 0.717476
vt 0.939961 0.631691
vt 0.810898 0.987806
vt 0.294995 0.562239
vt 0.514763 0.864827
vt 0.938499 0.620425
vt 0.796873 0.717476
vt 0.513301 0.864827
vt 0.939961 0.620425
vt 0.306261 0.562239
vt 0.920435 0.876091
vt 0.988577 0.001700
vt 0.852133 0.408894
vt 0.918972 0.876091
vt 0.987115 0.001700
vt 0.001700 0.695704
vt 0.920435 0.864825
vt 0.509902 0.998292
vt 0.840867 0.408894
vt 0.918972 0.864825
vt 0.508439 0.998292
vt 0.012965 0.695704
vt 0.938499 0.690350
vt 0.988577 0.135165
vt 0.852133 0.275428
vt 0.939961 0.690350
vt 0.987115 0.135165
vt 0.001700 0.562239
vt 0.509902 0.864827
vt 0.938499 0.679085
vt 0.840867 0.275428
vt 0.508439 0.864827
vt 0.939961 0.679085
vt 0.012965 0.562239
vt 0.962727 0.894154
vt 0.527966 0.998292
vt 0.884862 0.443747
vt 0.964189 0.894154
vt 0.529428 0.998292
vt 0.251001 0.695704
vt 0.962727 0.905420
vt 0.694220 0.854340
vt 0.896127 0.443747
vt 0.964189 0.905420
vt 0.695683 0.854340
vt 0.262267 0.695704
vt 0.627822 0.940109
vt 0.527966 0.864827
vt 0.884862 0.577212
vt 0.629285 0.940109
vt 0.529428 0.864827
vt 0.251001 0.562239
vt 0.694220 0.987805
vt 0.627822 0.928843
vt 0.896127 0.577212
vt 0.695682 0.987805
vt 0.629285 0.928843
vt 0.262267 0.562239
vt 0.919052 0.664420
vt 0.875059 0.987806
vt 0.503578 0.727962
vt 0.920515 0.664420
vt 0.876521 0.987806
vt 0.708885 0.272030
vt 0.919052 0.675686
vt 0.664890 0.854341
vt 0.514844 0.727962
vt 0.920515 0.675686
vt 0.666353 0.854341
vt 0.720150 0.272030
vt 0.938499 0.661021
vt 0.875058 0.854340
vt 0.503578 0.861428
vt 0.939961 0.661021
vt 0.876521 0.854340
vt 0.708885 0.138564
vt 0.664890 0.987806
vt 0.938499 0.649755
vt 0.514844 0.861428
vt 0.666353 0.987806
vt 0.939961 0.649755
vt 0.720150 0.138564
vt 0.919052 0.620425
vt 0.198106 0.835968
vt 0.488913 0.591097
vt 0.920515 0.620425
vt 0.196643 0.835968
vt 0.870197 0.408894
vt 0.919052 0.631691
vt 0.757421 0.854340
vt 0.500179 0.591097
vt 0.920515 0.631691
vt 0.758883 0.854340
vt 0.881463 0.408894
vt 0.935100 0.679085
vt 0.198106 0.969433
vt 0.488913 0.724563
vt 0.933637 0.679085
vt 0.196643 0.969433
vt 0.870197 0.275428
vt 0.757421 0.987805
vt 0.935100 0.690350
vt 0.500179 0.724563
vt 0.758883 0.987805
vt 0.933637 0.690350
vt 0.881463 0.275428
vt 0.962727 0.864825
vt 0.207829 0.835968
vt 0.808139 0.272030
vt 0.964189 0.864825
vt 0.206366 0.835968
vt 0.811538 0.714077
vt 0.962727 0.876090
vt 0.747697 0.854340
vt 0.796873 0.272030
vt 0.964189 0.876090
vt 0.749160 0.854340
vt 0.822804 0.714077
vt 0.938499 0.646356
vt 0.207829 0.969433
vt 0.808139 0.138564
vt 0.939961 0.646356
vt 0.206366 0.969433
vt 0.811538 0.580611
vt 0.747697 0.987805
vt 0.938499 0.635090
vt 0.796873 0.138564
vt 0.749160 0.987805
vt 0.939961 0.635090
vt 0.822804 0.580611
vt 0.925377 0.602362
vt 0.202967 0.835968
vt 0.309660 0.699103
vt 0.923914 0.602362
vt 0.201505 0.835968
vt 0.163012 0.832569
vt 0.925377 0.591096
vt 0.762282 0.854340
vt 0.320926 0.699103
vt 0.923914 0.591096
vt 0.763745 0.854340
vt 0.174278 0.832569
vt 0.967668 0.631691
vt 0.202967 0.969433
vt 0.309660 0.832569
vt 0.969131 0.631691
vt 0.201505 0.969433
vt 0.163012 0.699103
vt 0.762282 0.987805
vt 0.967668 0.620425
vt 0.320926 0.832569
vt 0.763745 0.987805
vt 0.969131 0.620425
vt 0.174278 0.699103
vt 0.925297 0.876091
vt 0.817222 0.854340
vt 0.793474 0.850941
vt 0.923834 0.876091
vt 0.815760 0.854340
vt 0.752879 0.272030
vt 0.925297 0.864825
vt 0.889723 0.854340
vt 0.782209 0.850941
vt 0.923834 0.864825
vt 0.891186 0.854340
vt 0.764145 0.272030
vt 0.948222 0.690350
vt 0.817222 0.987806
vt 0.793474 0.717476
vt 0.949684 0.690350
vt 0.815760 0.987806
vt 0.752879 0.138564
vt 0.889723 0.987806
vt 0.948222 0.679085
vt 0.782209 0.717476
vt 0.891186 0.987806
vt 0.949684 0.679085
vt 0.764145 0.138564
vt 0.923914 0.649755
vt 0.988577 0.138564
vt 0.708885 0.580611
vt 0.925377 0.649755
vt 0.987115 0.138564
vt 0.694220 0.272030
vt 0.923914 0.661021
vt 0.830345 0.854340
vt 0.720151 0.580611
vt 0.925377 0.661021
vt 0.831807 0.854340
vt 0.705486 0.272030
vt 0.933637 0.675686
vt 0.988577 0.272029
vt 0.708885 0.714077
vt 0.935100 0.675686
vt 0.987115 0.272029
vt 0.694220 0.138564
vt 0.830345 0.987805
vt 0.933637 0.664420
vt 0.720151 0.714077
vt 0.831807 0.987805
vt 0.935100 0.664420
vt 0.705486 0.138564
vt 0.964269 0.631691
vt 0.896047 0.854340
vt 0.100954 0.695704
vt 0.962807 0.631691
vt 0.894585 0.854340
vt 0.031029 0.695704
vt 0.964269 0.620425
vt 0.742836 0.854340
vt 0.089688 0.695704
vt 0.962807 0.620425
vt 0.744298 0.854340
vt 0.042295 0.695704
vt 0.928696 0.934750
vt 0.896047 0.987806
vt 0.100954 0.562239
vt 0.930158 0.934750
vt 0.894585 0.987806
vt 0.031029 0.562239
vt 0.742836 0.987806
vt 0.928696 0.923484
vt 0.089688 0.562239
vt 0.744298 0.987806
vt 0.930158 0.923484
vt 0.042295 0.562239
vt 0.953004 0.879489
vt 0.996838 0.714077
vt 0.400923 0.727961
vt 0.954466 0.879489
vt 0.998300 0.714077
vt 0.899526 0.272030
vt 0.953004 0.890755
vt 0.910712 0.998290
vt 0.412189 0.727961
vt 0.954466 0.890755
vt 0.909249 0.998290
vt 0.910792 0.272030
vt 0.969051 0.894154
vt 0.996838 0.580611
vt 0.400923 0.861428
vt 0.967588 0.894154
vt 0.998300 0.580611
vt 0.899526 0.138564
vt 0.910712 0.864825
vt 0.969051 0.905420
vt 0.412189 0.861427
vt 0.909249 0.864825
vt 0.967588 0.905420
vt 0.910792 0.138564
vt 0.920515 0.602362
vt 0.983636 0.854340
vt 0.837468 0.408894
vt 0.919052 0.602362
vt 0.982173 0.854340
vt 0.031029 0.832569
vt 0.920515 0.591096
vt 0.684417 0.854340
vt 0.826203 0.408894
vt 0.919052 0.591096
vt 0.685879 0.854340
vt 0.042295 0.832569
vt 0.933637 0.646356
vt 0.983636 0.987806
vt 0.837468 0.275429
vt 0.935100 0.646356
vt 0.982173 0.987806
vt 0.031029 0.699103
vt 0.684417 0.987806
vt 0.933637 0.635090
vt 0.826203 0.275429
vt 0.685879 0.987806
vt 0.935100 0.635090
vt 0.042295 0.699103
vt 0.925376 0.631691
vt 0.866718 0.854340
vt 0.635561 0.443747
vt 0.923914 0.631691
vt 0.865256 0.854340
vt 0.752879 0.577212
vt 0.925376 0.620425
vt 0.733113 0.854340
vt 0.646826 0.443747
vt 0.923914 0.620425
vt 0.734575 0.854340
vt 0.764145 0.577212
vt 0.933557 0.905420
vt 0.866718 0.987806
vt 0.635561 0.577213
vt 0.935020 0.905420
vt 0.865256 0.987806
vt 0.752879 0.443747
vt 0.733113 0.987806
vt 0.933557 0.894154
vt 0.646826 0.577213
vt 0.734575 0.987806
vt 0.935020 0.894154
vt 0.764145 0.443747
vt 0.915653 0.675686
vt 0.705406 0.854340
vt 0.676156 0.850942
vt 0.914191 0.675686
vt 0.703943 0.854340
vt 0.576902 0.724564
vt 0.915653 0.664420
vt 0.689278 0.854340
vt 0.664890 0.850942
vt 0.914191 0.664420
vt 0.690741 0.854340
vt 0.588168 0.724564
vt 0.939961 0.664420
vt 0.705406 0.987805
vt 0.676156 0.717476
vt 0.938499 0.664420
vt 0.703943 0.987805
vt 0.576902 0.591098
vt 0.689278 0.987806
vt 0.939961 0.675686
vt 0.664890 0.717476
vt 0.690741 0.987806
vt 0.938499 0.675686
vt 0.588168 0.591098
vt 0.964269 0.646356
vt 0.773468 0.854340
vt 0.547572 0.591097
vt 0.962807 0.646356
vt 0.772005 0.854340
vt 0.532908 0.724562
vt 0.964269 0.635090
vt 0.718528 0.854340
vt 0.558838 0.591097
vt 0.962807 0.635090
vt 0.719990 0.854340
vt 0.544173 0.724562
vt 0.925297 0.923484
vt 0.773468 0.987805
vt 0.547572 0.724562
vt 0.923834 0.923484
vt 0.772005 0.987805
vt 0.532908 0.591097
vt 0.718528 0.987806
vt 0.925297 0.934750
vt 0.558838 0.724562
vt 0.719990 0.987806
vt 0.923834 0.934750
vt 0.544173 0.591097
vt 0.953083 0.649755
vt 0.914111 0.998290
vt 0.778810 0.850941
vt 0.954546 0.649755
vt 0.915574 0.998290
vt 0.444919 0.724560
vt 0.953083 0.661021
vt 0.905850 0.998290
vt 0.767544 0.850941
vt 0.954546 0.661021
vt 0.904388 0.998290
vt 0.456184 0.724560
vt 0.953083 0.705015
vt 0.914111 0.864825
vt 0.778810 0.717476
vt 0.954546 0.705015
vt 0.915574 0.864825
vt 0.444919 0.591095
vt 0.905850 0.864825
vt 0.953083 0.693749
vt 0.767544 0.717476
vt 0.904388 0.864825
vt 0.954546 0.693749
vt 0.456184 0.591095
vt 0.854412 0.412296
vt 0.217552 0.835968
vt 0.635561 0.580612
vt 0.855875 0.412296
vt 0.216089 0.835968
vt 0.382984 0.695704
vt 0.854412 0.423562
vt 0.796313 0.854340
vt 0.646826 0.580612
vt 0.855875 0.423562
vt 0.797776 0.854340
vt 0.394250 0.695704
vt 0.935100 0.605761
vt 0.217552 0.969433
vt 0.635561 0.714078
vt 0.933637 0.605761
vt 0.216089 0.969433
vt 0.382984 0.562239
vt 0.796313 0.987806
vt 0.935100 0.617027
vt 0.646826 0.714078
vt 0.797776 0.987806
vt 0.933637 0.617027
vt 0.394250 0.562239
vt 0.768366 0.423562
vt 0.105736 0.835968
vt 0.690821 0.135165
vt 0.766903 0.423562
vt 0.104273 0.835968
vt 0.192342 0.695704
vt 0.768366 0.412296
vt 0.254982 0.835968
vt 0.679555 0.135165
vt 0.766903 0.412296
vt 0.256444 0.835968
vt 0.203608 0.695704
vt 0.839827 0.438226
vt 0.105736 0.969433
vt 0.690821 0.001700
vt 0.841290 0.438226
vt 0.104273 0.969433
vt 0.192342 0.562239
vt 0.254982 0.969433
vt 0.839827 0.426961
vt 0.679555 0.001700
vt 0.256444 0.969433
vt 0.841290 0.426961
vt 0.203608 0.562239
vt 0.825243 0.426961
vt 0.188382 0.835968
vt 0.207007 0.562239
vt 0.826705 0.426961
vt 0.186920 0.835968
vt 0.089688 0.832569
vt 0.825243 0.438226
vt 0.982253 0.138564
vt 0.218272 0.562239
vt 0.826705 0.438226
vt 0.983715 0.138564
vt 0.100954 0.832569
vt 0.935100 0.649755
vt 0.188382 0.969433
vt 0.207007 0.695704
vt 0.933637 0.649755
vt 0.186920 0.969433
vt 0.089688 0.699103
vt 0.982253 0.272029
vt 0.935100 0.661021
vt 0.218272 0.695704
vt 0.983715 0.272029
vt 0.933637 0.661021
vt 0.100954 0.699103
vt 0.954546 0.646356
vt 0.996758 0.987806
vt 0.661491 0.577213
vt 0.953084 0.646356
vt 0.998221 0.987806
vt 0.016364 0.695704
vt 0.954546 0.635090
vt 0.431716 0.998291
vt 0.650226 0.577213
vt 0.953084 0.635090
vt 0.430254 0.998291
vt 0.027630 0.695704
vt 0.953004 0.934750
vt 0.996758 0.854340
vt 0.661491 0.443747
vt 0.954466 0.934750
vt 0.998221 0.854340
vt 0.016364 0.562239
vt 0.431716 0.864826
vt 0.953004 0.923484
vt 0.650226 0.443747
vt 0.430254 0.864826
vt 0.954466 0.923484
vt 0.027630 0.562239
vt 0.923834 0.952813
vt 0.212690 0.835968
vt 0.075023 0.562239
vt 0.925297 0.952813
vt 0.211228 0.835968
vt 0.104353 0.695704
vt 0.923834 0.964079
vt 0.982173 0.717476
vt 0.086289 0.562239
vt 0.925297 0.964079
vt 0.983636 0.717476
vt 0.115619 0.695704
vt 0.925376 0.679085
vt 0.212690 0.969433
vt 0.075023 0.695704
vt 0.923914 0.679085
vt 0.211228 0.969433
vt 0.104353 0.562239
vt 0.982173 0.850941
vt 0.925376 0.690350
vt 0.086289 0.695704
vt 0.983636 0.850941
vt 0.923914 0.690350
vt 0.115619 0.562239
vt 0.763504 0.438226
vt 0.120320 0.835968
vt 0.144948 0.695704
vt 0.762042 0.438226
vt 0.118858 0.835968
vt 0.148347 0.695704
vt 0.763504 0.426961
vt 0.250120 0.835968
vt 0.133683 0.695704
vt 0.762042 0.426961
vt 0.251583 0.835968
vt 0.159613 0.695704
vt 0.849551 0.423562
vt 0.120320 0.969433
vt 0.144948 0.562239
vt 0.851013 0.423562
vt 0.118858 0.969433
vt 0.148347 0.562239
vt 0.250120 0.969433
vt 0.849551 0.412296
vt 0.133683 0.562239
vt 0.251583 0.969433
vt 0.851013 0.412296
vt 0.159613 0.562239
vt 0.918973 0.908819
vt 0.227275 0.835968
vt 0.650226 0.580612
vt 0.920435 0.908819
vt 0.225812 0.835968
vt 0.221671 0.695704
vt 0.918973 0.920085
vt 0.786590 0.854340
vt 0.661491 0.580612
vt 0.920435 0.920085
vt 0.788053 0.854340
vt 0.232937 0.695704
vt 0.935020 0.864825
vt 0.227275 0.969433
vt 0.650226 0.714078
vt 0.933557 0.864825
vt 0.225812 0.969433
vt 0.221671 0.562239
vt 0.786590 0.987806
vt 0.935020 0.876091
vt 0.661491 0.714077
vt 0.788053 0.987806
vt 0.933557 0.876091
vt 0.232937 0.562239
vt 0.969131 0.661020
vt 0.899526 0.998290
vt 0.646826 0.850942
vt 0.967668 0.661020
vt 0.900989 0.998290
vt 0.547572 0.861427
vt 0.969131 0.649755
vt 0.441439 0.998291
vt 0.635561 0.850942
vt 0.967668 0.649755
vt 0.439977 0.998291
vt 0.558838 0.861427
vt 0.967668 0.675685
vt 0.899526 0.864825
vt 0.646826 0.717477
vt 0.969131 0.675685
vt 0.900989 0.864825
vt 0.547572 0.727961
vt 0.441439 0.864826
vt 0.967668 0.664420
vt 0.635561 0.717477
vt 0.439977 0.864826
vt 0.969131 0.664420
vt 0.558838 0.727961
vt 0.918972 0.879489
vt 0.193244 0.835968
vt 0.338990 0.562239
vt 0.920435 0.879489
vt 0.191781 0.835968
vt 0.353655 0.695704
vt 0.918972 0.890755
vt 0.855532 0.854340
vt 0.350255 0.562239
vt 0.920435 0.890755
vt 0.856995 0.854340
vt 0.364920 0.695704
vt 0.935100 0.620425
vt 0.193244 0.969433
vt 0.338990 0.695704
vt 0.933637 0.620425
vt 0.191781 0.969433
vt 0.353655 0.562239
vt 0.855532 0.987806
vt 0.935100 0.631691
vt 0.350255 0.695704
vt 0.856995 0.987806
vt 0.933637 0.631691
vt 0.364920 0.562239
vt 0.758643 0.438226
vt 0.110597 0.835968
vt 0.855532 0.138564
vt 0.757180 0.438226
vt 0.109135 0.835968
vt 0.694220 0.408895
vt 0.758643 0.426961
vt 0.162612 0.835968
vt 0.866798 0.138564
vt 0.757180 0.426961
vt 0.164075 0.835968
vt 0.705486 0.408895
vt 0.859274 0.423562
vt 0.110597 0.969433
vt 0.855532 0.272030
vt 0.860736 0.423562
vt 0.109135 0.969433
vt 0.694220 0.275429
vt 0.162612 0.969433
vt 0.859274 0.412296
vt 0.866798 0.272029
vt 0.164075 0.969433
vt 0.860736 0.412296
vt 0.705486 0.275429
vt 0.962807 0.664420
vt 0.222413 0.835968
vt 0.661491 0.135166
vt 0.964269 0.664420
vt 0.220951 0.835968
vt 0.708885 0.135165
vt 0.962807 0.675685
vt 0.806037 0.854340
vt 0.650225 0.135166
vt 0.964269 0.675685
vt 0.807499 0.854340
vt 0.720150 0.135165
vt 0.935020 0.908819
vt 0.222413 0.969433
vt 0.661491 0.001700
vt 0.933557 0.908819
vt 0.220951 0.969433
vt 0.708885 0.001700
vt 0.806037 0.987806
vt 0.935020 0.920085
vt 0.650225 0.001700
vt 0.807499 0.987806
vt 0.933557 0.920085
vt 0.720150 0.001700
vt 0.943280 0.894154
vt 0.615955 0.998294
vt 0.400923 0.591097
vt 0.944743 0.894154
vt 0.617417 0.998294
vt 0.415589 0.724562
vt 0.943280 0.905420
vt 0.436578 0.998291
vt 0.412189 0.591097
vt 0.944743 0.905420
vt 0.435115 0.998291
vt 0.426854 0.724562
vt 0.622961 0.954775
vt 0.615955 0.864829
vt 0.400923 0.724562
vt 0.624423 0.954775
vt 0.617417 0.864829
vt 0.415589 0.591097
vt 0.436578 0.864826
vt 0.622961 0.943509
vt 0.412189 0.724562
vt 0.435115 0.864826
vt 0.624423 0.943509
vt 0.426854 0.591097
vt 0.800935 0.412296
vt 0.982253 0.135165
vt 0.664890 0.275430
vt 0.802397 0.412296
vt 0.983715 0.135165
vt 0.503578 0.724563
vt 0.800935 0.423562
vt 0.879920 0.854340
vt 0.676156 0.275429
vt 0.802397 0.423562
vt 0.881383 0.854340
vt 0.514844 0.724563
vt 0.938419 0.949414
vt 0.982253 0.001700
vt 0.664890 0.408895
vt 0.939881 0.949414
vt 0.983715 0.001700
vt 0.503578 0.591097
vt 0.879920 0.987806
vt 0.938419 0.938149
vt 0.676156 0.408895
vt 0.881383 0.987806
vt 0.939881 0.938149
vt 0.514844 0.591097
vt 0.797535 0.438226
vt 0.152889 0.969433
vt 0.734815 0.850941
vt 0.796073 0.438226
vt 0.154351 0.969433
vt 0.870197 0.272030
vt 0.797535 0.426961
vt 0.245259 0.835968
vt 0.723550 0.850941
vt 0.796073 0.426961
vt 0.246721 0.835968
vt 0.881462 0.272030
vt 0.622961 0.910781
vt 0.152889 0.835968
vt 0.734815 0.717476
vt 0.624423 0.910781
vt 0.154351 0.835968
vt 0.870197 0.138564
vt 0.245259 0.969433
vt 0.622961 0.899515
vt 0.723550 0.717476
vt 0.246721 0.969433
vt 0.624423 0.899515
vt 0.881462 0.138564
vt 0.622961 0.914180
vt 0.298736 0.969433
vt 0.661491 0.850942
vt 0.624423 0.914180
vt 0.300199 0.969433
vt 0.723549 0.408894
vt 0.622961 0.925445
vt 0.835206 0.854340
vt 0.650226 0.850942
vt 0.624423 0.925445
vt 0.836669 0.854340
vt 0.734815 0.408894
vt 0.928775 0.675686
vt 0.298736 0.835968
vt 0.661491 0.717477
vt 0.930238 0.675686
vt 0.300199 0.835968
vt 0.723549 0.275428
vt 0.835206 0.987806
vt 0.928775 0.664420
vt 0.650226 0.717477
vt 0.836669 0.987806
vt 0.930238 0.664420
vt 0.734815 0.275428
vt 0.954546 0.617026
vt 0.601290 0.998294
vt 0.738214 0.275429
vt 0.953084 0.617026
vt 0.602752 0.998294
vt 0.752879 0.135165
vt 0.954546 0.605761
vt 0.988577 0.714077
vt 0.749480 0.275428
vt 0.953084 0.605761
vt 0.987115 0.714077
vt 0.764145 0.135165
vt 0.957945 0.617026
vt 0.601290 0.864829
vt 0.738214 0.408894
vt 0.959408 0.617026
vt 0.602752 0.864829
vt 0.752879 0.001700
vt 0.988577 0.580611
vt 0.957945 0.605761
vt 0.749480 0.408894
vt 0.987115 0.580611
vt 0.959408 0.605761
vt 0.764145 0.001700
vt 0.930158 0.876091
vt 0.737974 0.987806
vt 0.826203 0.443747
vt 0.928696 0.876091
vt 0.739437 0.987806
vt 0.767544 0.408894
vt 0.930158 0.864825
vt 0.996838 0.138564
vt 0.837469 0.443747
vt 0.928696 0.864825
vt 0.998300 0.138564
vt 0.778809 0.408894
vt 0.928776 0.631691
vt 0.737974 0.854340
vt 0.826203 0.577212
vt 0.930238 0.631691
vt 0.739437 0.854340
vt 0.767544 0.275428
vt 0.996838 0.272029
vt 0.928776 0.620425
vt 0.837469 0.577212
vt 0.998300 0.272029
vt 0.930238 0.620425
vt 0.778809 0.275428
vt 0.957945 0.635090
vt 0.157750 0.969433
vt 0.444919 0.727959
vt 0.959408 0.635090
vt 0.159213 0.969433
vt 0.782209 0.577212
vt 0.957945 0.646356
vt 0.240397 0.835968
vt 0.456184 0.727959
vt 0.959408 0.646356
vt 0.241860 0.835968
vt 0.793474 0.577212
vt 0.888443 0.423562
vt 0.157750 0.835968
vt 0.444919 0.861425
vt 0.889906 0.423562
vt 0.159213 0.835968
vt 0.782209 0.443747
vt 0.240397 0.969433
vt 0.888443 0.412296
vt 0.456184 0.861425
vt 0.241860 0.969433
vt 0.889906 0.412296
vt 0.793474 0.443747
vt 0.925297 0.905420
vt 0.318182 0.969433
vt 0.808139 0.577212
vt 0.923834 0.905420
vt 0.319645 0.969433
vt 0.811538 0.408894
vt 0.925297 0.894154
vt 0.991976 0.580611
vt 0.796873 0.577212
vt 0.923834 0.894154
vt 0.993439 0.580611
vt 0.822804 0.408894
vt 0.948222 0.646356
vt 0.318182 0.835968
vt 0.808139 0.443747
vt 0.949685 0.646356
vt 0.319645 0.835968
vt 0.811538 0.275428
vt 0.991976 0.714077
vt 0.948222 0.635090
vt 0.796873 0.443747
vt 0.993439 0.714077
vt 0.949685 0.635090
vt 0.822804 0.275428
vt 0.969051 0.890755
vt 0.606231 0.998294
vt 0.518243 0.727961
vt 0.967589 0.890755
vt 0.607694 0.998294
vt 0.884861 0.272030
vt 0.969051 0.879489
vt 0.988577 0.408894
vt 0.529508 0.727961
vt 0.967589 0.879489
vt 0.987115 0.408894
vt 0.896127 0.272030
vt 0.953004 0.949414
vt 0.606231 0.864829
vt 0.518243 0.861428
vt 0.954466 0.949414
vt 0.607694 0.864829
vt 0.884861 0.138564
vt 0.988577 0.275428
vt 0.953004 0.938149
vt 0.529508 0.861427
vt 0.987115 0.275428
vt 0.954466 0.938149
vt 0.896127 0.138564
vt 0.930238 0.646356
vt 0.289013 0.969433
vt 0.852134 0.577212
vt 0.928776 0.646356
vt 0.290476 0.969433
vt 0.075023 0.832569
vt 0.930238 0.635090
vt 0.850591 0.854340
vt 0.840868 0.577212
vt 0.928776 0.635090
vt 0.852053 0.854340
vt 0.086289 0.832569
vt 0.923834 0.949414
vt 0.289013 0.835968
vt 0.852134 0.443747
vt 0.925297 0.949414
vt 0.290476 0.835968
vt 0.075023 0.699103
vt 0.850591 0.987805
vt 0.923834 0.938149
vt 0.840868 0.443747
vt 0.852053 0.987805
vt 0.925297 0.938149
vt 0.086289 0.699103
vt 0.669672 0.412296
vt 0.100874 0.835968
vt 0.177677 0.699103
vt 0.671134 0.412296
vt 0.099411 0.835968
vt 0.221671 0.832569
vt 0.669672 0.423562
vt 0.264705 0.835968
vt 0.188943 0.699103
vt 0.671134 0.423562
vt 0.266168 0.835968
vt 0.232937 0.832569
vt 0.710027 0.426961
vt 0.100874 0.969433
vt 0.177677 0.832569
vt 0.708564 0.426961
vt 0.099411 0.969433
vt 0.221671 0.699103
vt 0.264705 0.969433
vt 0.710027 0.438226
vt 0.188943 0.832569
vt 0.266168 0.969433
vt 0.708564 0.438226
vt 0.232937 0.699103
vt 0.629285 0.910779
vt 0.236998 0.835968
vt 0.852133 0.135165
vt 0.627822 0.910779
vt 0.235536 0.835968
vt 0.280331 0.832569
vt 0.629285 0.899514
vt 0.991976 0.138564
vt 0.840867 0.135165
vt 0.627822 0.899514
vt 0.993439 0.138564
vt 0.291596 0.832569
vt 0.948222 0.675686
vt 0.236998 0.969433
vt 0.852133 0.001700
vt 0.949684 0.675686
vt 0.235536 0.969433
vt 0.280331 0.699103
vt 0.991976 0.272029
vt 0.948222 0.664420
vt 0.840867 0.001700
vt 0.993439 0.272029
vt 0.949684 0.664420
vt 0.291596 0.699103
vt 0.954546 0.675686
vt 0.611093 0.998294
vt 0.338990 0.699103
vt 0.953084 0.675686
vt 0.612556 0.998294
vt 0.826203 0.135165
vt 0.954546 0.664420
vt 0.988497 0.850941
vt 0.350255 0.699103
vt 0.953084 0.664420
vt 0.987035 0.850941
vt 0.837468 0.135165
vt 0.953004 0.905420
vt 0.611093 0.864829
vt 0.338990 0.832569
vt 0.954466 0.905420
vt 0.612556 0.864829
vt 0.826203 0.001700
vt 0.988497 0.717476
vt 0.953004 0.894154
vt 0.350255 0.832569
vt 0.987035 0.717476
vt 0.954466 0.894154
vt 0.837468 0.001700
vt 0.964189 0.934749
vt 0.183521 0.835968
vt 0.705486 0.850941
vt 0.962727 0.934749
vt 0.182058 0.835968
vt 0.324325 0.832569
vt 0.964189 0.923483
vt 0.860394 0.854340
vt 0.694220 0.850941
vt 0.962727 0.923483
vt 0.861856 0.854340
vt 0.335591 0.832569
vt 0.928775 0.661021
vt 0.183521 0.969433
vt 0.705486 0.717476
vt 0.930238 0.661021
vt 0.182058 0.969433
vt 0.324325 0.699103
vt 0.860394 0.987806
vt 0.928775 0.649755
vt 0.694220 0.717476
vt 0.861856 0.987806
vt 0.930238 0.649755
vt 0.335591 0.699103
vt 0.679395 0.412296
vt 0.387707 0.835968
vt 0.207007 0.699103
vt 0.680857 0.412296
vt 0.386244 0.835968
vt 0.870197 0.577212
vt 0.679395 0.423562
vt 0.259843 0.835968
vt 0.218272 0.699103
vt 0.680857 0.423562
vt 0.261306 0.835968
vt 0.881463 0.577212
vt 0.782951 0.412296
vt 0.387707 0.969433
vt 0.207007 0.832569
vt 0.781488 0.412296
vt 0.386244 0.969433
vt 0.870197 0.443747
vt 0.259843 0.969433
vt 0.782951 0.423562
vt 0.218272 0.832569
vt 0.261306 0.969433
vt 0.781488 0.423562
vt 0.881463 0.443747
vt 0.703703 0.412296
vt 0.949684 0.001700
vt 0.430254 0.443747
vt 0.705165 0.412296
vt 0.948222 0.001700
vt 0.606231 0.440348
vt 0.703703 0.423562
vt 0.948222 0.149048
vt 0.441519 0.443747
vt 0.705165 0.423562
vt 0.949684 0.149048
vt 0.617497 0.440348
vt 0.870460 0.426961
vt 0.949684 0.145649
vt 0.430254 0.587696
vt 0.868997 0.426961
vt 0.948222 0.145649
vt 0.606231 0.296398
vt 0.948222 0.292998
vt 0.870460 0.438226
vt 0.441519 0.587696
vt 0.949684 0.292998
vt 0.868997 0.438226
vt 0.617497 0.296398
vt 0.713426 0.412296
vt 0.944823 0.443747
vt 0.459584 0.443749
vt 0.714888 0.412296
vt 0.943360 0.443747
vt 0.588168 0.296398
vt 0.713426 0.423562
vt 0.972530 0.001700
vt 0.470849 0.443749
vt 0.714888 0.423562
vt 0.973992 0.001700
vt 0.576902 0.296398
vt 0.629285 0.914178
vt 0.944823 0.587697
vt 0.459584 0.587699
vt 0.627822 0.914178
vt 0.943360 0.587697
vt 0.588168 0.440349
vt 0.972530 0.145649
vt 0.629285 0.925444
vt 0.470849 0.587699
vt 0.973992 0.145649
vt 0.627822 0.925444
vt 0.576902 0.440349
vt 0.771765 0.426961
vt 0.944823 0.296397
vt 0.532908 0.443748
vt 0.773228 0.426961
vt 0.943360 0.296397
vt 0.514844 0.001700
vt 0.771765 0.438226
vt 0.943360 0.001700
vt 0.544173 0.443748
vt 0.773228 0.438226
vt 0.944823 0.001700
vt 0.503578 0.001700
vt 0.816982 0.412296
vt 0.944823 0.440347
vt 0.532908 0.587698
vt 0.815519 0.412296
vt 0.943360 0.440347
vt 0.514844 0.145650
vt 0.943360 0.145649
vt 0.816982 0.423562
vt 0.544173 0.587698
vt 0.944823 0.145649
vt 0.815519 0.423562
vt 0.503578 0.145650
vt 0.674533 0.412296
vt 0.944823 0.149048
vt 0.547572 0.443748
vt 0.675996 0.412296
vt 0.943360 0.149048
vt 0.444919 0.440347
vt 0.674533 0.423562
vt 0.938419 0.717476
vt 0.558838 0.443748
vt 0.675996 0.423562
vt 0.939882 0.717476
vt 0.456184 0.440347
vt 0.812120 0.426961
vt 0.944823 0.292998
vt 0.547572 0.587698
vt 0.810658 0.426961
vt 0.943360 0.292998
vt 0.444919 0.296397
vt 0.938419 0.861426
vt 0.812120 0.438226
vt 0.558838 0.587698
vt 0.939882 0.861426
vt 0.810658 0.438226
vt 0.456184 0.296397
vt 0.757180 0.412296
vt 0.944743 0.717476
vt 0.444919 0.443746
vt 0.758643 0.412296
vt 0.943281 0.717476
vt 0.617497 0.149049
vt 0.757180 0.423562
vt 0.953083 0.296397
vt 0.456184 0.443746
vt 0.758643 0.423562
vt 0.954546 0.296397
vt 0.606231 0.149049
vt 0.925377 0.664420
vt 0.944743 0.861426
vt 0.444919 0.587695
vt 0.923914 0.664420
vt 0.943281 0.861426
vt 0.617497 0.292999
vt 0.953083 0.440347
vt 0.925377 0.675686
vt 0.456184 0.587695
vt 0.954546 0.440347
vt 0.923914 0.675686
vt 0.606231 0.292999
vt 0.796073 0.412296
vt 0.978854 0.001700
vt 0.518243 0.443748
vt 0.797536 0.412296
vt 0.977391 0.001700
vt 0.412189 0.296398
vt 0.796073 0.423562
vt 0.948222 0.296397
vt 0.529509 0.443748
vt 0.797536 0.423562
vt 0.949684 0.296397
vt 0.400923 0.296398
vt 0.778089 0.412296
vt 0.978854 0.145649
vt 0.518243 0.587698
vt 0.776627 0.412296
vt 0.977391 0.145649
vt 0.412189 0.440349
vt 0.948222 0.440347
vt 0.778089 0.423562
vt 0.529509 0.587698
vt 0.949684 0.440347
vt 0.776627 0.423562
vt 0.400924 0.440349
vt 0.957865 0.923484
vt 0.042135 0.835968
vt 0.415589 0.443748
vt 0.959328 0.923484
vt 0.040672 0.835968
vt 0.485514 0.149049
vt 0.957865 0.934749
vt 0.035811 0.835968
vt 0.426854 0.443748
vt 0.959328 0.934749
vt 0.037273 0.835968
vt 0.474248 0.149049
vt 0.885044 0.412296
vt 0.042135 0.979918
vt 0.415589 0.587698
vt 0.883582 0.412296
vt 0.040672 0.979918
vt 0.485514 0.293000
vt 0.035811 0.979918
vt 0.885044 0.423562
vt 0.426854 0.587698
vt 0.037273 0.979918
vt 0.883582 0.423562
vt 0.474249 0.293000
vt 0.969131 0.690350
vt 0.076486 0.835968
vt 0.350255 0.558840
vt 0.967668 0.690350
vt 0.075023 0.835968
vt 0.576902 0.145649
vt 0.969131 0.679084
vt 0.624423 0.881451
vt 0.338990 0.558840
vt 0.967668 0.679084
vt 0.622961 0.881451
vt 0.588168 0.145649
vt 0.889906 0.426961
vt 0.076486 0.979918
vt 0.350255 0.414890
vt 0.888443 0.426961
vt 0.075023 0.979918
vt 0.576902 0.001700
vt 0.624423 0.737500
vt 0.889906 0.438226
vt 0.338990 0.414890
vt 0.622961 0.737500
vt 0.888443 0.438226
vt 0.588168 0.001700
vt 0.718287 0.426961
vt 0.003162 0.835968
vt 0.635561 0.149049
vt 0.719750 0.426961
vt 0.001700 0.835968
vt 0.415589 0.145650
vt 0.718287 0.438226
vt 0.928775 0.149048
vt 0.646826 0.149049
vt 0.719750 0.438226
vt 0.930238 0.149048
vt 0.426855 0.145650
vt 0.821844 0.412296
vt 0.003162 0.979918
vt 0.635561 0.292998
vt 0.820381 0.412296
vt 0.001699 0.979918
vt 0.415589 0.001700
vt 0.928775 0.292998
vt 0.821844 0.423562
vt 0.646826 0.292998
vt 0.930238 0.292998
vt 0.820381 0.423562
vt 0.426855 0.001700
vt 0.948142 0.952813
vt 0.061821 0.835968
vt 0.488913 0.443748
vt 0.949605 0.952813
vt 0.060359 0.835968
vt 0.485514 0.296399
vt 0.948142 0.964079
vt 0.967668 0.001700
vt 0.500179 0.443748
vt 0.949605 0.964079
vt 0.969131 0.001700
vt 0.474248 0.296399
vt 0.812120 0.412296
vt 0.061821 0.979918
vt 0.488913 0.587698
vt 0.810658 0.412296
vt 0.060359 0.979918
vt 0.485514 0.440349
vt 0.967668 0.145649
vt 0.812120 0.423562
vt 0.500179 0.587698
vt 0.969131 0.145649
vt 0.810658 0.423562
vt 0.474249 0.440349
vt 0.732872 0.412296
vt 0.930158 0.717476
vt 0.474248 0.443748
vt 0.734335 0.412296
vt 0.928696 0.717476
vt 0.562237 0.440348
vt 0.732872 0.423562
vt 0.065220 0.835968
vt 0.485514 0.443748
vt 0.734335 0.423562
vt 0.066683 0.835968
vt 0.573503 0.440348
vt 0.807259 0.412296
vt 0.930158 0.861426
vt 0.474248 0.587698
vt 0.805796 0.412296
vt 0.928696 0.861426
vt 0.562237 0.296398
vt 0.065220 0.979918
vt 0.807259 0.423562
vt 0.485514 0.587698
vt 0.066683 0.979918
vt 0.805796 0.423562
vt 0.573503 0.296398
vt 0.752319 0.412296
vt 0.935020 0.717476
vt 0.635561 0.001700
vt 0.753781 0.412296
vt 0.933557 0.717476
vt 0.558838 0.001700
vt 0.752319 0.423562
vt 0.016364 0.835968
vt 0.646826 0.001700
vt 0.753781 0.423562
vt 0.017827 0.835968
vt 0.547572 0.001700
vt 0.851013 0.426961
vt 0.935020 0.861426
vt 0.635561 0.145649
vt 0.849551 0.426961
vt 0.933557 0.861426
vt 0.558838 0.145650
vt 0.016364 0.979918
vt 0.851013 0.438226
vt 0.646826 0.145649
vt 0.017827 0.979918
vt 0.849551 0.438226
vt 0.547572 0.145650
vt 0.878720 0.412296
vt 0.939961 0.296397
vt 0.503578 0.443748
vt 0.880183 0.412296
vt 0.938498 0.296397
vt 0.514844 0.296399
vt 0.878720 0.423562
vt 0.972530 0.149048
vt 0.514844 0.443748
vt 0.880183 0.423562
vt 0.973992 0.149048
vt 0.503578 0.296399
vt 0.894768 0.426961
vt 0.939961 0.440347
vt 0.503578 0.587698
vt 0.893305 0.426961
vt 0.938498 0.440347
vt 0.514844 0.440349
vt 0.972530 0.292998
vt 0.894768 0.438226
vt 0.514844 0.587698
vt 0.973992 0.292998
vt 0.893305 0.438226
vt 0.503578 0.440349
vt 0.752319 0.426961
vt 0.964269 0.149048
vt 0.119018 0.414890
vt 0.753781 0.426961
vt 0.962807 0.149048
vt 0.470849 0.001700
vt 0.752319 0.438226
vt 0.933637 0.443747
vt 0.130284 0.414890
vt 0.753781 0.438226
vt 0.935100 0.443747
vt 0.459584 0.001700
vt 0.949605 0.908819
vt 0.964269 0.292998
vt 0.119018 0.558840
vt 0.948142 0.908819
vt 0.962807 0.292998
vt 0.470849 0.145651
vt 0.933637 0.587697
vt 0.949605 0.920085
vt 0.130284 0.558840
vt 0.935100 0.587697
vt 0.948142 0.920085
vt 0.459584 0.145651
vt 0.732872 0.426961
vt 0.949605 0.717476
vt 0.620896 0.443747
vt 0.734335 0.426961
vt 0.948142 0.717476
vt 0.430254 0.292999
vt 0.732872 0.438226
vt 0.928775 0.443747
vt 0.632162 0.443747
vt 0.734335 0.438226
vt 0.930238 0.443747
vt 0.441520 0.292999
vt 0.831567 0.412296
vt 0.949605 0.861426
vt 0.620896 0.587697
vt 0.830104 0.412296
vt 0.948142 0.861426
vt 0.430254 0.149049
vt 0.928775 0.587697
vt 0.831567 0.423562
vt 0.632162 0.587697
vt 0.930238 0.587697
vt 0.830104 0.423562
vt 0.441519 0.149049
vt 0.669672 0.426961
vt 0.973992 0.296397
vt 0.547572 0.296399
vt 0.671134 0.426961
vt 0.972530 0.296397
vt 0.544173 0.001700
vt 0.669672 0.438226
vt 0.967668 0.296397
vt 0.558838 0.296399
vt 0.671134 0.438226
vt 0.969131 0.296397
vt 0.532908 0.001700
vt 0.875321 0.412296
vt 0.973992 0.440347
vt 0.547572 0.440349
vt 0.873859 0.412296
vt 0.972530 0.440347
vt 0.544173 0.145650
vt 0.967668 0.440347
vt 0.875321 0.423562
vt 0.558838 0.440349
vt 0.969131 0.440347
vt 0.873859 0.423562
vt 0.532908 0.145650
vt 0.957865 0.864825
vt 0.964190 0.717476
vt 0.562237 0.149049
vt 0.959328 0.864825
vt 0.962727 0.717476
vt 0.558838 0.149049
vt 0.957865 0.876090
vt 0.026087 0.835968
vt 0.573503 0.149049
vt 0.959328 0.876090
vt 0.027550 0.835968
vt 0.547572 0.149049
vt 0.944823 0.620425
vt 0.964190 0.861426
vt 0.562237 0.292999
vt 0.943360 0.620425
vt 0.962727 0.861426
vt 0.558838 0.292999
vt 0.026087 0.979918
vt 0.944823 0.631691
vt 0.573503 0.292999
vt 0.027550 0.979918
vt 0.943360 0.631691
vt 0.547572 0.292999
s 0
usemtl MT02_Wall_Stairs_Herod_1
f 5288/10192/1360 5294/10198/1360 5292/10196/1360 5287/10191/1360
f 5281/10184/1361 5286/10190/1361 5288/10192/1361 5282/10185/1361
f 5275/10177/1362 5280/10183/1362 5274/10176/1362 5285/10189/1362
f 5303/10207/1363 5304/10208/1363 5305/10209/1363 5302/10206/1363
f 5279/10182/1361 5284/10188/1361 5283/10186/1361 5278/10180/1361
f 5281/10184/1361 5282/10185/1361 5277/10179/1361 5276/10178/1361
f 5282/10185/1361 5288/10192/1361 5287/10191/1361 5280/10183/1361
f 5306/10210/1364 5290/10194/1364 5291/10195/1364 5304/10208/1364
f 5277/10179/1361 5282/10185/1361 5280/10183/1361 5275/10177/1361
f 5286/10190/1360 5293/10197/1360 5294/10198/1360 5288/10192/1360
f 5294/10198/1361 5297/10201/1361 5296/10200/1361 5292/10196/1361
f 5293/10197/1361 5295/10199/1361 5297/10201/1361 5294/10198/1361
f 5297/10201/1365 5300/10204/1365 5299/10203/1365 5296/10200/1365
f 5295/10199/1366 5298/10202/1366 5300/10204/1366 5297/10201/1366
f 5298/10202/1361 5301/10205/1361 5303/10207/1361 5300/10204/1361
f 5300/10204/1367 5303/10207/1367 5302/10206/1367 5299/10203/1367
f 5304/10208/1368 5291/10195/1368 5289/10193/1368 5305/10209/1368
f 5301/10205/1369 5306/10210/1369 5304/10208/1369 5303/10207/1369
f 5274/10176/1370 5308/10212/1370 5307/10211/1370 5285/10189/1370
f 5308/10212/1371 5310/10214/1371 5309/10213/1371 5307/10211/1371
f 5310/10214/1372 5284/10188/1372 5279/10182/1372 5309/10213/1372
f 5278/10181/1373 5283/10187/1373 5312/10217/1373 5311/10215/1373
f 5311/10216/1374 5312/10218/1374 5314/10220/1374 5313/10219/1374
f 5315/10221/1375 5316/10224/1375 5318/10230/1375 5317/10227/1375
f 5317/10228/1376 5318/10231/1376 5322/10242/1376 5321/10239/1376
f 5321/10240/1377 5322/10243/1377 5320/10236/1377 5319/10233/1377
f 5319/10234/1373 5320/10237/1373 5316/10225/1373 5315/10222/1373
f 5317/10229/1374 5321/10241/1374 5319/10235/1374 5315/10223/1374
f 5322/10244/1361 5318/10232/1361 5316/10226/1361 5320/10238/1361
f 5323/10245/1375 5324/10248/1375 5326/10254/1375 5325/10251/1375
f 5325/10252/1376 5326/10255/1376 5330/10266/1376 5329/10263/1376
f 5329/10264/1377 5330/10267/1377 5328/10260/1377 5327/10257/1377
f 5327/10258/1373 5328/10261/1373 5324/10249/1373 5323/10246/1373
f 5325/10253/1374 5329/10265/1374 5327/10259/1374 5323/10247/1374
f 5330/10268/1361 5326/10256/1361 5324/10250/1361 5328/10262/1361
f 5331/10269/1375 5332/10272/1375 5334/10278/1375 5333/10275/1375
f 5333/10276/1376 5334/10279/1376 5338/10290/1376 5337/10287/1376
f 5337/10288/1377 5338/10291/1377 5336/10284/1377 5335/10281/1377
f 5335/10282/1373 5336/10285/1373 5332/10273/1373 5331/10270/1373
f 5333/10277/1374 5337/10289/1374 5335/10283/1374 5331/10271/1374
f 5338/10292/1361 5334/10280/1361 5332/10274/1361 5336/10286/1361
f 5339/10293/1375 5340/10296/1375 5342/10302/1375 5341/10299/1375
f 5341/10300/1376 5342/10303/1376 5346/10314/1376 5345/10311/1376
f 5345/10312/1377 5346/10315/1377 5344/10308/1377 5343/10305/1377
f 5343/10306/1373 5344/10309/1373 5340/10297/1373 5339/10294/1373
f 5341/10301/1374 5345/10313/1374 5343/10307/1374 5339/10295/1374
f 5346/10316/1361 5342/10304/1361 5340/10298/1361 5344/10310/1361
f 5347/10317/1375 5348/10320/1375 5350/10326/1375 5349/10323/1375
f 5349/10324/1376 5350/10327/1376 5354/10338/1376 5353/10335/1376
f 5353/10336/1377 5354/10339/1377 5352/10332/1377 5351/10329/1377
f 5351/10330/1373 5352/10333/1373 5348/10321/1373 5347/10318/1373
f 5349/10325/1374 5353/10337/1374 5351/10331/1374 5347/10319/1374
f 5354/10340/1361 5350/10328/1361 5348/10322/1361 5352/10334/1361
f 5355/10341/1375 5356/10344/1375 5358/10350/1375 5357/10347/1375
f 5357/10348/1376 5358/10351/1376 5362/10362/1376 5361/10359/1376
f 5361/10360/1377 5362/10363/1377 5360/10356/1377 5359/10353/1377
f 5359/10354/1373 5360/10357/1373 5356/10345/1373 5355/10342/1373
f 5357/10349/1374 5361/10361/1374 5359/10355/1374 5355/10343/1374
f 5362/10364/1361 5358/10352/1361 5356/10346/1361 5360/10358/1361
f 5363/10365/1375 5364/10368/1375 5366/10374/1375 5365/10371/1375
f 5365/10372/1376 5366/10375/1376 5370/10386/1376 5369/10383/1376
f 5369/10384/1377 5370/10387/1377 5368/10380/1377 5367/10377/1377
f 5367/10378/1373 5368/10381/1373 5364/10369/1373 5363/10366/1373
f 5365/10373/1374 5369/10385/1374 5367/10379/1374 5363/10367/1374
f 5370/10388/1361 5366/10376/1361 5364/10370/1361 5368/10382/1361
f 5371/10389/1375 5372/10392/1375 5374/10398/1375 5373/10395/1375
f 5373/10396/1376 5374/10399/1376 5378/10410/1376 5377/10407/1376
f 5377/10408/1377 5378/10411/1377 5376/10404/1377 5375/10401/1377
f 5375/10402/1373 5376/10405/1373 5372/10393/1373 5371/10390/1373
f 5373/10397/1374 5377/10409/1374 5375/10403/1374 5371/10391/1374
f 5378/10412/1361 5374/10400/1361 5372/10394/1361 5376/10406/1361
f 5379/10413/1375 5380/10416/1375 5382/10422/1375 5381/10419/1375
f 5381/10420/1376 5382/10423/1376 5386/10434/1376 5385/10431/1376
f 5385/10432/1377 5386/10435/1377 5384/10428/1377 5383/10425/1377
f 5383/10426/1373 5384/10429/1373 5380/10417/1373 5379/10414/1373
f 5381/10421/1374 5385/10433/1374 5383/10427/1374 5379/10415/1374
f 5386/10436/1361 5382/10424/1361 5380/10418/1361 5384/10430/1361
f 5387/10437/1375 5388/10440/1375 5390/10446/1375 5389/10443/1375
f 5389/10444/1376 5390/10447/1376 5394/10458/1376 5393/10455/1376
f 5393/10456/1377 5394/10459/1377 5392/10452/1377 5391/10449/1377
f 5391/10450/1373 5392/10453/1373 5388/10441/1373 5387/10438/1373
f 5389/10445/1374 5393/10457/1374 5391/10451/1374 5387/10439/1374
f 5394/10460/1361 5390/10448/1361 5388/10442/1361 5392/10454/1361
f 5395/10461/1375 5396/10464/1375 5398/10470/1375 5397/10467/1375
f 5397/10468/1376 5398/10471/1376 5402/10482/1376 5401/10479/1376
f 5401/10480/1377 5402/10483/1377 5400/10476/1377 5399/10473/1377
f 5399/10474/1373 5400/10477/1373 5396/10465/1373 5395/10462/1373
f 5397/10469/1374 5401/10481/1374 5399/10475/1374 5395/10463/1374
f 5402/10484/1361 5398/10472/1361 5396/10466/1361 5400/10478/1361
f 5403/10485/1375 5404/10488/1375 5406/10494/1375 5405/10491/1375
f 5405/10492/1376 5406/10495/1376 5410/10506/1376 5409/10503/1376
f 5409/10504/1377 5410/10507/1377 5408/10500/1377 5407/10497/1377
f 5407/10498/1373 5408/10501/1373 5404/10489/1373 5403/10486/1373
f 5405/10493/1374 5409/10505/1374 5407/10499/1374 5403/10487/1374
f 5410/10508/1361 5406/10496/1361 5404/10490/1361 5408/10502/1361
f 5411/10509/1375 5412/10512/1375 5414/10518/1375 5413/10515/1375
f 5413/10516/1376 5414/10519/1376 5418/10530/1376 5417/10527/1376
f 5417/10528/1377 5418/10531/1377 5416/10524/1377 5415/10521/1377
f 5415/10522/1373 5416/10525/1373 5412/10513/1373 5411/10510/1373
f 5413/10517/1374 5417/10529/1374 5415/10523/1374 5411/10511/1374
f 5418/10532/1361 5414/10520/1361 5412/10514/1361 5416/10526/1361
f 5419/10533/1375 5420/10536/1375 5422/10542/1375 5421/10539/1375
f 5421/10540/1376 5422/10543/1376 5426/10554/1376 5425/10551/1376
f 5425/10552/1377 5426/10555/1377 5424/10548/1377 5423/10545/1377
f 5423/10546/1373 5424/10549/1373 5420/10537/1373 5419/10534/1373
f 5421/10541/1374 5425/10553/1374 5423/10547/1374 5419/10535/1374
f 5426/10556/1361 5422/10544/1361 5420/10538/1361 5424/10550/1361
f 5427/10557/1375 5428/10560/1375 5430/10566/1375 5429/10563/1375
f 5429/10564/1376 5430/10567/1376 5434/10578/1376 5433/10575/1376
f 5433/10576/1377 5434/10579/1377 5432/10572/1377 5431/10569/1377
f 5431/10570/1373 5432/10573/1373 5428/10561/1373 5427/10558/1373
f 5429/10565/1374 5433/10577/1374 5431/10571/1374 5427/10559/1374
f 5434/10580/1361 5430/10568/1361 5428/10562/1361 5432/10574/1361
f 5435/10581/1375 5436/10584/1375 5438/10590/1375 5437/10587/1375
f 5437/10588/1376 5438/10591/1376 5442/10602/1376 5441/10599/1376
f 5441/10600/1377 5442/10603/1377 5440/10596/1377 5439/10593/1377
f 5439/10594/1373 5440/10597/1373 5436/10585/1373 5435/10582/1373
f 5437/10589/1374 5441/10601/1374 5439/10595/1374 5435/10583/1374
f 5442/10604/1361 5438/10592/1361 5436/10586/1361 5440/10598/1361
f 5443/10605/1375 5444/10608/1375 5446/10614/1375 5445/10611/1375
f 5445/10612/1376 5446/10615/1376 5450/10626/1376 5449/10623/1376
f 5449/10624/1377 5450/10627/1377 5448/10620/1377 5447/10617/1377
f 5447/10618/1373 5448/10621/1373 5444/10609/1373 5443/10606/1373
f 5445/10613/1374 5449/10625/1374 5447/10619/1374 5443/10607/1374
f 5450/10628/1361 5446/10616/1361 5444/10610/1361 5448/10622/1361
f 5451/10629/1375 5452/10632/1375 5454/10638/1375 5453/10635/1375
f 5453/10636/1376 5454/10639/1376 5458/10650/1376 5457/10647/1376
f 5457/10648/1377 5458/10651/1377 5456/10644/1377 5455/10641/1377
f 5455/10642/1373 5456/10645/1373 5452/10633/1373 5451/10630/1373
f 5453/10637/1374 5457/10649/1374 5455/10643/1374 5451/10631/1374
f 5458/10652/1361 5454/10640/1361 5452/10634/1361 5456/10646/1361
f 5459/10653/1375 5460/10656/1375 5462/10662/1375 5461/10659/1375
f 5461/10660/1376 5462/10663/1376 5466/10674/1376 5465/10671/1376
f 5465/10672/1377 5466/10675/1377 5464/10668/1377 5463/10665/1377
f 5463/10666/1373 5464/10669/1373 5460/10657/1373 5459/10654/1373
f 5461/10661/1374 5465/10673/1374 5463/10667/1374 5459/10655/1374
f 5466/10676/1361 5462/10664/1361 5460/10658/1361 5464/10670/1361
f 5467/10677/1375 5468/10680/1375 5470/10686/1375 5469/10683/1375
f 5469/10684/1376 5470/10687/1376 5474/10698/1376 5473/10695/1376
f 5473/10696/1377 5474/10699/1377 5472/10692/1377 5471/10689/1377
f 5471/10690/1373 5472/10693/1373 5468/10681/1373 5467/10678/1373
f 5469/10685/1374 5473/10697/1374 5471/10691/1374 5467/10679/1374
f 5474/10700/1361 5470/10688/1361 5468/10682/1361 5472/10694/1361
f 5475/10701/1375 5476/10704/1375 5478/10710/1375 5477/10707/1375
f 5477/10708/1376 5478/10711/1376 5482/10722/1376 5481/10719/1376
f 5481/10720/1377 5482/10723/1377 5480/10716/1377 5479/10713/1377
f 5479/10714/1373 5480/10717/1373 5476/10705/1373 5475/10702/1373
f 5477/10709/1374 5481/10721/1374 5479/10715/1374 5475/10703/1374
f 5482/10724/1361 5478/10712/1361 5476/10706/1361 5480/10718/1361
f 5483/10725/1375 5484/10728/1375 5486/10734/1375 5485/10731/1375
f 5485/10732/1376 5486/10735/1376 5490/10746/1376 5489/10743/1376
f 5489/10744/1377 5490/10747/1377 5488/10740/1377 5487/10737/1377
f 5487/10738/1373 5488/10741/1373 5484/10729/1373 5483/10726/1373
f 5485/10733/1374 5489/10745/1374 5487/10739/1374 5483/10727/1374
f 5490/10748/1361 5486/10736/1361 5484/10730/1361 5488/10742/1361
f 5491/10749/1375 5492/10752/1375 5494/10758/1375 5493/10755/1375
f 5493/10756/1376 5494/10759/1376 5498/10770/1376 5497/10767/1376
f 5497/10768/1377 5498/10771/1377 5496/10764/1377 5495/10761/1377
f 5495/10762/1373 5496/10765/1373 5492/10753/1373 5491/10750/1373
f 5493/10757/1374 5497/10769/1374 5495/10763/1374 5491/10751/1374
f 5498/10772/1361 5494/10760/1361 5492/10754/1361 5496/10766/1361
f 5499/10773/1375 5500/10776/1375 5502/10782/1375 5501/10779/1375
f 5501/10780/1376 5502/10783/1376 5506/10794/1376 5505/10791/1376
f 5505/10792/1377 5506/10795/1377 5504/10788/1377 5503/10785/1377
f 5503/10786/1373 5504/10789/1373 5500/10777/1373 5499/10774/1373
f 5501/10781/1374 5505/10793/1374 5503/10787/1374 5499/10775/1374
f 5506/10796/1361 5502/10784/1361 5500/10778/1361 5504/10790/1361
f 5507/10797/1375 5508/10800/1375 5510/10806/1375 5509/10803/1375
f 5509/10804/1376 5510/10807/1376 5514/10818/1376 5513/10815/1376
f 5513/10816/1377 5514/10819/1377 5512/10812/1377 5511/10809/1377
f 5511/10810/1373 5512/10813/1373 5508/10801/1373 5507/10798/1373
f 5509/10805/1374 5513/10817/1374 5511/10811/1374 5507/10799/1374
f 5514/10820/1361 5510/10808/1361 5508/10802/1361 5512/10814/1361
f 5515/10821/1375 5516/10824/1375 5518/10830/1375 5517/10827/1375
f 5517/10828/1376 5518/10831/1376 5522/10842/1376 5521/10839/1376
f 5521/10840/1377 5522/10843/1377 5520/10836/1377 5519/10833/1377
f 5519/10834/1373 5520/10837/1373 5516/10825/1373 5515/10822/1373
f 5517/10829/1374 5521/10841/1374 5519/10835/1374 5515/10823/1374
f 5522/10844/1361 5518/10832/1361 5516/10826/1361 5520/10838/1361
f 5523/10845/1375 5524/10848/1375 5526/10854/1375 5525/10851/1375
f 5525/10852/1376 5526/10855/1376 5530/10866/1376 5529/10863/1376
f 5529/10864/1377 5530/10867/1377 5528/10860/1377 5527/10857/1377
f 5527/10858/1373 5528/10861/1373 5524/10849/1373 5523/10846/1373
f 5525/10853/1374 5529/10865/1374 5527/10859/1374 5523/10847/1374
f 5530/10868/1361 5526/10856/1361 5524/10850/1361 5528/10862/1361
f 5531/10869/1375 5532/10872/1375 5534/10878/1375 5533/10875/1375
f 5533/10876/1376 5534/10879/1376 5538/10890/1376 5537/10887/1376
f 5537/10888/1377 5538/10891/1377 5536/10884/1377 5535/10881/1377
f 5535/10882/1373 5536/10885/1373 5532/10873/1373 5531/10870/1373
f 5533/10877/1374 5537/10889/1374 5535/10883/1374 5531/10871/1374
f 5538/10892/1361 5534/10880/1361 5532/10874/1361 5536/10886/1361
f 5539/10893/1375 5540/10896/1375 5542/10902/1375 5541/10899/1375
f 5541/10900/1376 5542/10903/1376 5546/10914/1376 5545/10911/1376
f 5545/10912/1377 5546/10915/1377 5544/10908/1377 5543/10905/1377
f 5543/10906/1373 5544/10909/1373 5540/10897/1373 5539/10894/1373
f 5541/10901/1374 5545/10913/1374 5543/10907/1374 5539/10895/1374
f 5546/10916/1361 5542/10904/1361 5540/10898/1361 5544/10910/1361
f 5547/10917/1375 5548/10920/1375 5550/10926/1375 5549/10923/1375
f 5549/10924/1376 5550/10927/1376 5554/10938/1376 5553/10935/1376
f 5553/10936/1377 5554/10939/1377 5552/10932/1377 5551/10929/1377
f 5551/10930/1373 5552/10933/1373 5548/10921/1373 5547/10918/1373
f 5549/10925/1374 5553/10937/1374 5551/10931/1374 5547/10919/1374
f 5554/10940/1361 5550/10928/1361 5548/10922/1361 5552/10934/1361
f 5555/10941/1376 5556/10944/1376 5558/10950/1376 5557/10947/1376
f 5557/10948/1377 5558/10951/1377 5562/10962/1377 5561/10959/1377
f 5561/10960/1373 5562/10963/1373 5560/10956/1373 5559/10953/1373
f 5559/10954/1375 5560/10957/1375 5556/10945/1375 5555/10942/1375
f 5557/10949/1374 5561/10961/1374 5559/10955/1374 5555/10943/1374
f 5562/10964/1361 5558/10952/1361 5556/10946/1361 5560/10958/1361
f 5563/10965/1376 5564/10968/1376 5566/10974/1376 5565/10971/1376
f 5565/10972/1377 5566/10975/1377 5570/10986/1377 5569/10983/1377
f 5569/10984/1373 5570/10987/1373 5568/10980/1373 5567/10977/1373
f 5567/10978/1375 5568/10981/1375 5564/10969/1375 5563/10966/1375
f 5565/10973/1374 5569/10985/1374 5567/10979/1374 5563/10967/1374
f 5570/10988/1361 5566/10976/1361 5564/10970/1361 5568/10982/1361
f 5571/10989/1376 5572/10992/1376 5574/10998/1376 5573/10995/1376
f 5573/10996/1377 5574/10999/1377 5578/11010/1377 5577/11007/1377
f 5577/11008/1373 5578/11011/1373 5576/11004/1373 5575/11001/1373
f 5575/11002/1375 5576/11005/1375 5572/10993/1375 5571/10990/1375
f 5573/10997/1374 5577/11009/1374 5575/11003/1374 5571/10991/1374
f 5578/11012/1361 5574/11000/1361 5572/10994/1361 5576/11006/1361
f 5579/11013/1376 5580/11016/1376 5582/11022/1376 5581/11019/1376
f 5581/11020/1377 5582/11023/1377 5586/11034/1377 5585/11031/1377
f 5585/11032/1373 5586/11035/1373 5584/11028/1373 5583/11025/1373
f 5583/11026/1375 5584/11029/1375 5580/11017/1375 5579/11014/1375
f 5581/11021/1374 5585/11033/1374 5583/11027/1374 5579/11015/1374
f 5586/11036/1361 5582/11024/1361 5580/11018/1361 5584/11030/1361
f 5587/11037/1376 5588/11040/1376 5590/11046/1376 5589/11043/1376
f 5589/11044/1377 5590/11047/1377 5594/11058/1377 5593/11055/1377
f 5593/11056/1373 5594/11059/1373 5592/11052/1373 5591/11049/1373
f 5591/11050/1375 5592/11053/1375 5588/11041/1375 5587/11038/1375
f 5589/11045/1374 5593/11057/1374 5591/11051/1374 5587/11039/1374
f 5594/11060/1361 5590/11048/1361 5588/11042/1361 5592/11054/1361
f 5595/11061/1376 5596/11064/1376 5598/11070/1376 5597/11067/1376
f 5597/11068/1377 5598/11071/1377 5602/11082/1377 5601/11079/1377
f 5601/11080/1373 5602/11083/1373 5600/11076/1373 5599/11073/1373
f 5599/11074/1375 5600/11077/1375 5596/11065/1375 5595/11062/1375
f 5597/11069/1374 5601/11081/1374 5599/11075/1374 5595/11063/1374
f 5602/11084/1361 5598/11072/1361 5596/11066/1361 5600/11078/1361
f 5603/11085/1376 5604/11088/1376 5606/11094/1376 5605/11091/1376
f 5605/11092/1377 5606/11095/1377 5610/11106/1377 5609/11103/1377
f 5609/11104/1373 5610/11107/1373 5608/11100/1373 5607/11097/1373
f 5607/11098/1375 5608/11101/1375 5604/11089/1375 5603/11086/1375
f 5605/11093/1374 5609/11105/1374 5607/11099/1374 5603/11087/1374
f 5610/11108/1361 5606/11096/1361 5604/11090/1361 5608/11102/1361
f 5611/11109/1376 5612/11112/1376 5614/11118/1376 5613/11115/1376
f 5613/11116/1377 5614/11119/1377 5618/11130/1377 5617/11127/1377
f 5617/11128/1373 5618/11131/1373 5616/11124/1373 5615/11121/1373
f 5615/11122/1375 5616/11125/1375 5612/11113/1375 5611/11110/1375
f 5613/11117/1374 5617/11129/1374 5615/11123/1374 5611/11111/1374
f 5618/11132/1361 5614/11120/1361 5612/11114/1361 5616/11126/1361
f 5619/11133/1376 5620/11136/1376 5622/11142/1376 5621/11139/1376
f 5621/11140/1377 5622/11143/1377 5626/11154/1377 5625/11151/1377
f 5625/11152/1373 5626/11155/1373 5624/11148/1373 5623/11145/1373
f 5623/11146/1375 5624/11149/1375 5620/11137/1375 5619/11134/1375
f 5621/11141/1374 5625/11153/1374 5623/11147/1374 5619/11135/1374
f 5626/11156/1361 5622/11144/1361 5620/11138/1361 5624/11150/1361
f 5627/11157/1376 5628/11160/1376 5630/11166/1376 5629/11163/1376
f 5629/11164/1377 5630/11167/1377 5634/11178/1377 5633/11175/1377
f 5633/11176/1373 5634/11179/1373 5632/11172/1373 5631/11169/1373
f 5631/11170/1375 5632/11173/1375 5628/11161/1375 5627/11158/1375
f 5629/11165/1374 5633/11177/1374 5631/11171/1374 5627/11159/1374
f 5634/11180/1361 5630/11168/1361 5628/11162/1361 5632/11174/1361
f 5635/11181/1376 5636/11184/1376 5638/11190/1376 5637/11187/1376
f 5637/11188/1377 5638/11191/1377 5642/11202/1377 5641/11199/1377
f 5641/11200/1373 5642/11203/1373 5640/11196/1373 5639/11193/1373
f 5639/11194/1375 5640/11197/1375 5636/11185/1375 5635/11182/1375
f 5637/11189/1374 5641/11201/1374 5639/11195/1374 5635/11183/1374
f 5642/11204/1361 5638/11192/1361 5636/11186/1361 5640/11198/1361
f 5643/11205/1376 5644/11208/1376 5646/11214/1376 5645/11211/1376
f 5645/11212/1377 5646/11215/1377 5650/11226/1377 5649/11223/1377
f 5649/11224/1373 5650/11227/1373 5648/11220/1373 5647/11217/1373
f 5647/11218/1375 5648/11221/1375 5644/11209/1375 5643/11206/1375
f 5645/11213/1374 5649/11225/1374 5647/11219/1374 5643/11207/1374
f 5650/11228/1361 5646/11216/1361 5644/11210/1361 5648/11222/1361
f 5651/11229/1376 5652/11232/1376 5654/11238/1376 5653/11235/1376
f 5653/11236/1377 5654/11239/1377 5658/11250/1377 5657/11247/1377
f 5657/11248/1373 5658/11251/1373 5656/11244/1373 5655/11241/1373
f 5655/11242/1375 5656/11245/1375 5652/11233/1375 5651/11230/1375
f 5653/11237/1374 5657/11249/1374 5655/11243/1374 5651/11231/1374
f 5658/11252/1361 5654/11240/1361 5652/11234/1361 5656/11246/1361
f 5659/11253/1376 5660/11256/1376 5662/11262/1376 5661/11259/1376
f 5661/11260/1377 5662/11263/1377 5666/11274/1377 5665/11271/1377
f 5665/11272/1373 5666/11275/1373 5664/11268/1373 5663/11265/1373
f 5663/11266/1375 5664/11269/1375 5660/11257/1375 5659/11254/1375
f 5661/11261/1374 5665/11273/1374 5663/11267/1374 5659/11255/1374
f 5666/11276/1361 5662/11264/1361 5660/11258/1361 5664/11270/1361
f 5667/11277/1376 5668/11280/1376 5670/11286/1376 5669/11283/1376
f 5669/11284/1377 5670/11287/1377 5674/11298/1377 5673/11295/1377
f 5673/11296/1373 5674/11299/1373 5672/11292/1373 5671/11289/1373
f 5671/11290/1375 5672/11293/1375 5668/11281/1375 5667/11278/1375
f 5669/11285/1374 5673/11297/1374 5671/11291/1374 5667/11279/1374
f 5674/11300/1361 5670/11288/1361 5668/11282/1361 5672/11294/1361
f 5675/11301/1376 5676/11304/1376 5678/11310/1376 5677/11307/1376
f 5677/11308/1377 5678/11311/1377 5682/11322/1377 5681/11319/1377
f 5681/11320/1373 5682/11323/1373 5680/11316/1373 5679/11313/1373
f 5679/11314/1375 5680/11317/1375 5676/11305/1375 5675/11302/1375
f 5677/11309/1374 5681/11321/1374 5679/11315/1374 5675/11303/1374
f 5682/11324/1361 5678/11312/1361 5676/11306/1361 5680/11318/1361
f 5683/11325/1376 5684/11328/1376 5686/11334/1376 5685/11331/1376
f 5685/11332/1377 5686/11335/1377 5690/11346/1377 5689/11343/1377
f 5689/11344/1373 5690/11347/1373 5688/11340/1373 5687/11337/1373
f 5687/11338/1375 5688/11341/1375 5684/11329/1375 5683/11326/1375
f 5685/11333/1374 5689/11345/1374 5687/11339/1374 5683/11327/1374
f 5690/11348/1361 5686/11336/1361 5684/11330/1361 5688/11342/1361
f 5691/11349/1376 5692/11352/1376 5694/11358/1376 5693/11355/1376
f 5693/11356/1377 5694/11359/1377 5698/11370/1377 5697/11367/1377
f 5697/11368/1373 5698/11371/1373 5696/11364/1373 5695/11361/1373
f 5695/11362/1375 5696/11365/1375 5692/11353/1375 5691/11350/1375
f 5693/11357/1374 5697/11369/1374 5695/11363/1374 5691/11351/1374
f 5698/11372/1361 5694/11360/1361 5692/11354/1361 5696/11366/1361
f 5699/11373/1376 5700/11376/1376 5702/11382/1376 5701/11379/1376
f 5701/11380/1377 5702/11383/1377 5706/11394/1377 5705/11391/1377
f 5705/11392/1373 5706/11395/1373 5704/11388/1373 5703/11385/1373
f 5703/11386/1375 5704/11389/1375 5700/11377/1375 5699/11374/1375
f 5701/11381/1374 5705/11393/1374 5703/11387/1374 5699/11375/1374
f 5706/11396/1361 5702/11384/1361 5700/11378/1361 5704/11390/1361
f 5707/11397/1376 5708/11400/1376 5710/11406/1376 5709/11403/1376
f 5709/11404/1377 5710/11407/1377 5714/11418/1377 5713/11415/1377
f 5713/11416/1373 5714/11419/1373 5712/11412/1373 5711/11409/1373
f 5711/11410/1375 5712/11413/1375 5708/11401/1375 5707/11398/1375
f 5709/11405/1374 5713/11417/1374 5711/11411/1374 5707/11399/1374
f 5714/11420/1361 5710/11408/1361 5708/11402/1361 5712/11414/1361
f 5715/11421/1376 5716/11424/1376 5718/11430/1376 5717/11427/1376
f 5717/11428/1377 5718/11431/1377 5722/11442/1377 5721/11439/1377
f 5721/11440/1373 5722/11443/1373 5720/11436/1373 5719/11433/1373
f 5719/11434/1375 5720/11437/1375 5716/11425/1375 5715/11422/1375
f 5717/11429/1374 5721/11441/1374 5719/11435/1374 5715/11423/1374
f 5722/11444/1361 5718/11432/1361 5716/11426/1361 5720/11438/1361
f 5723/11445/1376 5724/11448/1376 5726/11454/1376 5725/11451/1376
f 5725/11452/1377 5726/11455/1377 5730/11466/1377 5729/11463/1377
f 5729/11464/1373 5730/11467/1373 5728/11460/1373 5727/11457/1373
f 5727/11458/1375 5728/11461/1375 5724/11449/1375 5723/11446/1375
f 5725/11453/1374 5729/11465/1374 5727/11459/1374 5723/11447/1374
f 5730/11468/1361 5726/11456/1361 5724/11450/1361 5728/11462/1361
f 5731/11469/1376 5732/11472/1376 5734/11478/1376 5733/11475/1376
f 5733/11476/1377 5734/11479/1377 5738/11490/1377 5737/11487/1377
f 5737/11488/1373 5738/11491/1373 5736/11484/1373 5735/11481/1373
f 5735/11482/1375 5736/11485/1375 5732/11473/1375 5731/11470/1375
f 5733/11477/1374 5737/11489/1374 5735/11483/1374 5731/11471/1374
f 5738/11492/1361 5734/11480/1361 5732/11474/1361 5736/11486/1361
f 5739/11493/1376 5740/11496/1376 5742/11502/1376 5741/11499/1376
f 5741/11500/1377 5742/11503/1377 5746/11514/1377 5745/11511/1377
f 5745/11512/1373 5746/11515/1373 5744/11508/1373 5743/11505/1373
f 5743/11506/1375 5744/11509/1375 5740/11497/1375 5739/11494/1375
f 5741/11501/1374 5745/11513/1374 5743/11507/1374 5739/11495/1374
f 5746/11516/1361 5742/11504/1361 5740/11498/1361 5744/11510/1361
f 5747/11517/1376 5748/11520/1376 5750/11526/1376 5749/11523/1376
f 5749/11524/1377 5750/11527/1377 5754/11538/1377 5753/11535/1377
f 5753/11536/1373 5754/11539/1373 5752/11532/1373 5751/11529/1373
f 5751/11530/1375 5752/11533/1375 5748/11521/1375 5747/11518/1375
f 5749/11525/1374 5753/11537/1374 5751/11531/1374 5747/11519/1374
f 5754/11540/1361 5750/11528/1361 5748/11522/1361 5752/11534/1361
f 5755/11541/1376 5756/11544/1376 5758/11550/1376 5757/11547/1376
f 5757/11548/1377 5758/11551/1377 5762/11562/1377 5761/11559/1377
f 5761/11560/1373 5762/11563/1373 5760/11556/1373 5759/11553/1373
f 5759/11554/1375 5760/11557/1375 5756/11545/1375 5755/11542/1375
f 5757/11549/1374 5761/11561/1374 5759/11555/1374 5755/11543/1374
f 5762/11564/1361 5758/11552/1361 5756/11546/1361 5760/11558/1361
f 5763/11565/1376 5764/11568/1376 5766/11574/1376 5765/11571/1376
f 5765/11572/1377 5766/11575/1377 5770/11586/1377 5769/11583/1377
f 5769/11584/1373 5770/11587/1373 5768/11580/1373 5767/11577/1373
f 5767/11578/1375 5768/11581/1375 5764/11569/1375 5763/11566/1375
f 5765/11573/1374 5769/11585/1374 5767/11579/1374 5763/11567/1374
f 5770/11588/1361 5766/11576/1361 5764/11570/1361 5768/11582/1361
f 5771/11589/1376 5772/11592/1376 5774/11598/1376 5773/11595/1376
f 5773/11596/1377 5774/11599/1377 5778/11610/1377 5777/11607/1377
f 5777/11608/1373 5778/11611/1373 5776/11604/1373 5775/11601/1373
f 5775/11602/1375 5776/11605/1375 5772/11593/1375 5771/11590/1375
f 5773/11597/1374 5777/11609/1374 5775/11603/1374 5771/11591/1374
f 5778/11612/1361 5774/11600/1361 5772/11594/1361 5776/11606/1361
f 5779/11613/1376 5780/11616/1376 5782/11622/1376 5781/11619/1376
f 5781/11620/1377 5782/11623/1377 5786/11634/1377 5785/11631/1377
f 5785/11632/1373 5786/11635/1373 5784/11628/1373 5783/11625/1373
f 5783/11626/1375 5784/11629/1375 5780/11617/1375 5779/11614/1375
f 5781/11621/1374 5785/11633/1374 5783/11627/1374 5779/11615/1374
f 5786/11636/1361 5782/11624/1361 5780/11618/1361 5784/11630/1361
f 5787/11637/1376 5788/11640/1376 5790/11646/1376 5789/11643/1376
f 5789/11644/1377 5790/11647/1377 5794/11658/1377 5793/11655/1377
f 5793/11656/1373 5794/11659/1373 5792/11652/1373 5791/11649/1373
f 5791/11650/1375 5792/11653/1375 5788/11641/1375 5787/11638/1375
f 5789/11645/1374 5793/11657/1374 5791/11651/1374 5787/11639/1374
f 5794/11660/1361 5790/11648/1361 5788/11642/1361 5792/11654/1361
f 5795/11661/1376 5796/11664/1376 5798/11670/1376 5797/11667/1376
f 5797/11668/1377 5798/11671/1377 5802/11682/1377 5801/11679/1377
f 5801/11680/1373 5802/11683/1373 5800/11676/1373 5799/11673/1373
f 5799/11674/1375 5800/11677/1375 5796/11665/1375 5795/11662/1375
f 5797/11669/1374 5801/11681/1374 5799/11675/1374 5795/11663/1374
f 5802/11684/1361 5798/11672/1361 5796/11666/1361 5800/11678/1361
f 5803/11685/1376 5804/11688/1376 5806/11694/1376 5805/11691/1376
f 5805/11692/1377 5806/11695/1377 5810/11706/1377 5809/11703/1377
f 5809/11704/1373 5810/11707/1373 5808/11700/1373 5807/11697/1373
f 5807/11698/1375 5808/11701/1375 5804/11689/1375 5803/11686/1375
f 5805/11693/1374 5809/11705/1374 5807/11699/1374 5803/11687/1374
f 5810/11708/1361 5806/11696/1361 5804/11690/1361 5808/11702/1361
f 5811/11709/1376 5812/11712/1376 5814/11718/1376 5813/11715/1376
f 5813/11716/1377 5814/11719/1377 5818/11730/1377 5817/11727/1377
f 5817/11728/1373 5818/11731/1373 5816/11724/1373 5815/11721/1373
f 5815/11722/1375 5816/11725/1375 5812/11713/1375 5811/11710/1375
f 5813/11717/1374 5817/11729/1374 5815/11723/1374 5811/11711/1374
f 5818/11732/1361 5814/11720/1361 5812/11714/1361 5816/11726/1361
f 5819/11733/1376 5820/11736/1376 5822/11742/1376 5821/11739/1376
f 5821/11740/1377 5822/11743/1377 5826/11754/1377 5825/11751/1377
f 5825/11752/1373 5826/11755/1373 5824/11748/1373 5823/11745/1373
f 5823/11746/1375 5824/11749/1375 5820/11737/1375 5819/11734/1375
f 5821/11741/1374 5825/11753/1374 5823/11747/1374 5819/11735/1374
f 5826/11756/1361 5822/11744/1361 5820/11738/1361 5824/11750/1361
f 5827/11757/1376 5828/11760/1376 5830/11766/1376 5829/11763/1376
f 5829/11764/1377 5830/11767/1377 5834/11778/1377 5833/11775/1377
f 5833/11776/1373 5834/11779/1373 5832/11772/1373 5831/11769/1373
f 5831/11770/1375 5832/11773/1375 5828/11761/1375 5827/11758/1375
f 5829/11765/1374 5833/11777/1374 5831/11771/1374 5827/11759/1374
f 5834/11780/1361 5830/11768/1361 5828/11762/1361 5832/11774/1361
f 5835/11781/1376 5836/11784/1376 5838/11790/1376 5837/11787/1376
f 5837/11788/1377 5838/11791/1377 5842/11802/1377 5841/11799/1377
f 5841/11800/1373 5842/11803/1373 5840/11796/1373 5839/11793/1373
f 5839/11794/1375 5840/11797/1375 5836/11785/1375 5835/11782/1375
f 5837/11789/1374 5841/11801/1374 5839/11795/1374 5835/11783/1374
f 5842/11804/1361 5838/11792/1361 5836/11786/1361 5840/11798/1361
f 5843/11805/1376 5844/11808/1376 5846/11814/1376 5845/11811/1376
f 5845/11812/1377 5846/11815/1377 5850/11826/1377 5849/11823/1377
f 5849/11824/1373 5850/11827/1373 5848/11820/1373 5847/11817/1373
f 5847/11818/1375 5848/11821/1375 5844/11809/1375 5843/11806/1375
f 5845/11813/1374 5849/11825/1374 5847/11819/1374 5843/11807/1374
f 5850/11828/1361 5846/11816/1361 5844/11810/1361 5848/11822/1361
f 5851/11829/1376 5852/11832/1376 5854/11838/1376 5853/11835/1376
f 5853/11836/1377 5854/11839/1377 5858/11850/1377 5857/11847/1377
f 5857/11848/1373 5858/11851/1373 5856/11844/1373 5855/11841/1373
f 5855/11842/1375 5856/11845/1375 5852/11833/1375 5851/11830/1375
f 5853/11837/1374 5857/11849/1374 5855/11843/1374 5851/11831/1374
f 5858/11852/1361 5854/11840/1361 5852/11834/1361 5856/11846/1361
f 5859/11853/1376 5860/11856/1376 5862/11862/1376 5861/11859/1376
f 5861/11860/1377 5862/11863/1377 5866/11874/1377 5865/11871/1377
f 5865/11872/1373 5866/11875/1373 5864/11868/1373 5863/11865/1373
f 5863/11866/1375 5864/11869/1375 5860/11857/1375 5859/11854/1375
f 5861/11861/1374 5865/11873/1374 5863/11867/1374 5859/11855/1374
f 5866/11876/1361 5862/11864/1361 5860/11858/1361 5864/11870/1361
f 5867/11877/1376 5868/11880/1376 5870/11886/1376 5869/11883/1376
f 5869/11884/1377 5870/11887/1377 5874/11898/1377 5873/11895/1377
f 5873/11896/1373 5874/11899/1373 5872/11892/1373 5871/11889/1373
f 5871/11890/1375 5872/11893/1375 5868/11881/1375 5867/11878/1375
f 5869/11885/1374 5873/11897/1374 5871/11891/1374 5867/11879/1374
f 5874/11900/1361 5870/11888/1361 5868/11882/1361 5872/11894/1361
f 5875/11901/1376 5876/11904/1376 5878/11910/1376 5877/11907/1376
f 5877/11908/1377 5878/11911/1377 5882/11922/1377 5881/11919/1377
f 5881/11920/1373 5882/11923/1373 5880/11916/1373 5879/11913/1373
f 5879/11914/1375 5880/11917/1375 5876/11905/1375 5875/11902/1375
f 5877/11909/1374 5881/11921/1374 5879/11915/1374 5875/11903/1374
f 5882/11924/1361 5878/11912/1361 5876/11906/1361 5880/11918/1361
f 5883/11925/1376 5884/11928/1376 5886/11934/1376 5885/11931/1376
f 5885/11932/1377 5886/11935/1377 5890/11946/1377 5889/11943/1377
f 5889/11944/1373 5890/11947/1373 5888/11940/1373 5887/11937/1373
f 5887/11938/1375 5888/11941/1375 5884/11929/1375 5883/11926/1375
f 5885/11933/1374 5889/11945/1374 5887/11939/1374 5883/11927/1374
f 5890/11948/1361 5886/11936/1361 5884/11930/1361 5888/11942/1361
f 5891/11949/1376 5892/11952/1376 5894/11958/1376 5893/11955/1376
f 5893/11956/1377 5894/11959/1377 5898/11970/1377 5897/11967/1377
f 5897/11968/1373 5898/11971/1373 5896/11964/1373 5895/11961/1373
f 5895/11962/1375 5896/11965/1375 5892/11953/1375 5891/11950/1375
f 5893/11957/1374 5897/11969/1374 5895/11963/1374 5891/11951/1374
f 5898/11972/1361 5894/11960/1361 5892/11954/1361 5896/11966/1361
f 5899/11973/1376 5900/11976/1376 5902/11982/1376 5901/11979/1376
f 5901/11980/1377 5902/11983/1377 5906/11994/1377 5905/11991/1377
f 5905/11992/1373 5906/11995/1373 5904/11988/1373 5903/11985/1373
f 5903/11986/1375 5904/11989/1375 5900/11977/1375 5899/11974/1375
f 5901/11981/1374 5905/11993/1374 5903/11987/1374 5899/11975/1374
f 5906/11996/1361 5902/11984/1361 5900/11978/1361 5904/11990/1361
f 5907/11997/1376 5908/12000/1376 5910/12006/1376 5909/12003/1376
f 5909/12004/1377 5910/12007/1377 5914/12018/1377 5913/12015/1377
f 5913/12016/1373 5914/12019/1373 5912/12012/1373 5911/12009/1373
f 5911/12010/1375 5912/12013/1375 5908/12001/1375 5907/11998/1375
f 5909/12005/1374 5913/12017/1374 5911/12011/1374 5907/11999/1374
f 5914/12020/1361 5910/12008/1361 5908/12002/1361 5912/12014/1361
f 5915/12021/1376 5916/12024/1376 5918/12030/1376 5917/12027/1376
f 5917/12028/1377 5918/12031/1377 5922/12042/1377 5921/12039/1377
f 5921/12040/1373 5922/12043/1373 5920/12036/1373 5919/12033/1373
f 5919/12034/1375 5920/12037/1375 5916/12025/1375 5915/12022/1375
f 5917/12029/1374 5921/12041/1374 5919/12035/1374 5915/12023/1374
f 5922/12044/1361 5918/12032/1361 5916/12026/1361 5920/12038/1361
f 5923/12045/1376 5924/12048/1376 5926/12054/1376 5925/12051/1376
f 5925/12052/1377 5926/12055/1377 5930/12066/1377 5929/12063/1377
f 5929/12064/1373 5930/12067/1373 5928/12060/1373 5927/12057/1373
f 5927/12058/1375 5928/12061/1375 5924/12049/1375 5923/12046/1375
f 5925/12053/1374 5929/12065/1374 5927/12059/1374 5923/12047/1374
f 5930/12068/1361 5926/12056/1361 5924/12050/1361 5928/12062/1361
f 5931/12069/1376 5932/12072/1376 5934/12078/1376 5933/12075/1376
f 5933/12076/1377 5934/12079/1377 5938/12090/1377 5937/12087/1377
f 5937/12088/1373 5938/12091/1373 5936/12084/1373 5935/12081/1373
f 5935/12082/1375 5936/12085/1375 5932/12073/1375 5931/12070/1375
f 5933/12077/1374 5937/12089/1374 5935/12083/1374 5931/12071/1374
f 5938/12092/1361 5934/12080/1361 5932/12074/1361 5936/12086/1361
f 5939/12093/1376 5940/12096/1376 5942/12102/1376 5941/12099/1376
f 5941/12100/1377 5942/12103/1377 5946/12114/1377 5945/12111/1377
f 5945/12112/1373 5946/12115/1373 5944/12108/1373 5943/12105/1373
f 5943/12106/1375 5944/12109/1375 5940/12097/1375 5939/12094/1375
f 5941/12101/1374 5945/12113/1374 5943/12107/1374 5939/12095/1374
f 5946/12116/1361 5942/12104/1361 5940/12098/1361 5944/12110/1361
f 5947/12117/1376 5948/12120/1376 5950/12126/1376 5949/12123/1376
f 5949/12124/1377 5950/12127/1377 5954/12138/1377 5953/12135/1377
f 5953/12136/1373 5954/12139/1373 5952/12132/1373 5951/12129/1373
f 5951/12130/1375 5952/12133/1375 5948/12121/1375 5947/12118/1375
f 5949/12125/1374 5953/12137/1374 5951/12131/1374 5947/12119/1374
f 5954/12140/1361 5950/12128/1361 5948/12122/1361 5952/12134/1361
f 5955/12141/1376 5956/12144/1376 5958/12150/1376 5957/12147/1376
f 5957/12148/1377 5958/12151/1377 5962/12162/1377 5961/12159/1377
f 5961/12160/1373 5962/12163/1373 5960/12156/1373 5959/12153/1373
f 5959/12154/1375 5960/12157/1375 5956/12145/1375 5955/12142/1375
f 5957/12149/1374 5961/12161/1374 5959/12155/1374 5955/12143/1374
f 5962/12164/1361 5958/12152/1361 5956/12146/1361 5960/12158/1361
f 5963/12165/1376 5964/12168/1376 5966/12174/1376 5965/12171/1376
f 5965/12172/1377 5966/12175/1377 5970/12186/1377 5969/12183/1377
f 5969/12184/1373 5970/12187/1373 5968/12180/1373 5967/12177/1373
f 5967/12178/1375 5968/12181/1375 5964/12169/1375 5963/12166/1375
f 5965/12173/1374 5969/12185/1374 5967/12179/1374 5963/12167/1374
f 5970/12188/1361 5966/12176/1361 5964/12170/1361 5968/12182/1361
f 5971/12189/1376 5972/12192/1376 5974/12198/1376 5973/12195/1376
f 5973/12196/1377 5974/12199/1377 5978/12210/1377 5977/12207/1377
f 5977/12208/1373 5978/12211/1373 5976/12204/1373 5975/12201/1373
f 5975/12202/1375 5976/12205/1375 5972/12193/1375 5971/12190/1375
f 5973/12197/1374 5977/12209/1374 5975/12203/1374 5971/12191/1374
f 5978/12212/1361 5974/12200/1361 5972/12194/1361 5976/12206/1361
f 5979/12213/1376 5980/12216/1376 5982/12222/1376 5981/12219/1376
f 5981/12220/1377 5982/12223/1377 5986/12234/1377 5985/12231/1377
f 5985/12232/1373 5986/12235/1373 5984/12228/1373 5983/12225/1373
f 5983/12226/1375 5984/12229/1375 5980/12217/1375 5979/12214/1375
f 5981/12221/1374 5985/12233/1374 5983/12227/1374 5979/12215/1374
f 5986/12236/1361 5982/12224/1361 5980/12218/1361 5984/12230/1361
f 5987/12237/1376 5988/12240/1376 5990/12246/1376 5989/12243/1376
f 5989/12244/1377 5990/12247/1377 5994/12258/1377 5993/12255/1377
f 5993/12256/1373 5994/12259/1373 5992/12252/1373 5991/12249/1373
f 5991/12250/1375 5992/12253/1375 5988/12241/1375 5987/12238/1375
f 5989/12245/1374 5993/12257/1374 5991/12251/1374 5987/12239/1374
f 5994/12260/1361 5990/12248/1361 5988/12242/1361 5992/12254/1361
f 5995/12261/1376 5996/12264/1376 5998/12270/1376 5997/12267/1376
f 5997/12268/1377 5998/12271/1377 6002/12282/1377 6001/12279/1377
f 6001/12280/1373 6002/12283/1373 6000/12276/1373 5999/12273/1373
f 5999/12274/1375 6000/12277/1375 5996/12265/1375 5995/12262/1375
f 5997/12269/1374 6001/12281/1374 5999/12275/1374 5995/12263/1374
f 6002/12284/1361 5998/12272/1361 5996/12266/1361 6000/12278/1361
f 6003/12285/1376 6004/12288/1376 6006/12294/1376 6005/12291/1376
f 6005/12292/1377 6006/12295/1377 6010/12306/1377 6009/12303/1377
f 6009/12304/1373 6010/12307/1373 6008/12300/1373 6007/12297/1373
f 6007/12298/1375 6008/12301/1375 6004/12289/1375 6003/12286/1375
f 6005/12293/1374 6009/12305/1374 6007/12299/1374 6003/12287/1374
f 6010/12308/1361 6006/12296/1361 6004/12290/1361 6008/12302/1361
f 6011/12309/1376 6012/12312/1376 6014/12318/1376 6013/12315/1376
f 6013/12316/1377 6014/12319/1377 6018/12330/1377 6017/12327/1377
f 6017/12328/1373 6018/12331/1373 6016/12324/1373 6015/12321/1373
f 6015/12322/1375 6016/12325/1375 6012/12313/1375 6011/12310/1375
f 6013/12317/1374 6017/12329/1374 6015/12323/1374 6011/12311/1374
f 6018/12332/1361 6014/12320/1361 6012/12314/1361 6016/12326/1361
f 6019/12333/1376 6020/12336/1376 6022/12342/1376 6021/12339/1376
f 6021/12340/1377 6022/12343/1377 6026/12354/1377 6025/12351/1377
f 6025/12352/1373 6026/12355/1373 6024/12348/1373 6023/12345/1373
f 6023/12346/1375 6024/12349/1375 6020/12337/1375 6019/12334/1375
f 6021/12341/1374 6025/12353/1374 6023/12347/1374 6019/12335/1374
f 6026/12356/1361 6022/12344/1361 6020/12338/1361 6024/12350/1361
f 6027/12357/1376 6028/12360/1376 6030/12366/1376 6029/12363/1376
f 6029/12364/1377 6030/12367/1377 6034/12378/1377 6033/12375/1377
f 6033/12376/1373 6034/12379/1373 6032/12372/1373 6031/12369/1373
f 6031/12370/1375 6032/12373/1375 6028/12361/1375 6027/12358/1375
f 6029/12365/1374 6033/12377/1374 6031/12371/1374 6027/12359/1374
f 6034/12380/1361 6030/12368/1361 6028/12362/1361 6032/12374/1361
f 6035/12381/1376 6036/12384/1376 6038/12390/1376 6037/12387/1376
f 6037/12388/1377 6038/12391/1377 6042/12402/1377 6041/12399/1377
f 6041/12400/1373 6042/12403/1373 6040/12396/1373 6039/12393/1373
f 6039/12394/1375 6040/12397/1375 6036/12385/1375 6035/12382/1375
f 6037/12389/1374 6041/12401/1374 6039/12395/1374 6035/12383/1374
f 6042/12404/1361 6038/12392/1361 6036/12386/1361 6040/12398/1361
f 6043/12405/1376 6044/12408/1376 6046/12414/1376 6045/12411/1376
f 6045/12412/1377 6046/12415/1377 6050/12426/1377 6049/12423/1377
f 6049/12424/1373 6050/12427/1373 6048/12420/1373 6047/12417/1373
f 6047/12418/1375 6048/12421/1375 6044/12409/1375 6043/12406/1375
f 6045/12413/1374 6049/12425/1374 6047/12419/1374 6043/12407/1374
f 6050/12428/1361 6046/12416/1361 6044/12410/1361 6048/12422/1361
f 6051/12429/1376 6052/12432/1376 6054/12438/1376 6053/12435/1376
f 6053/12436/1377 6054/12439/1377 6058/12450/1377 6057/12447/1377
f 6057/12448/1373 6058/12451/1373 6056/12444/1373 6055/12441/1373
f 6055/12442/1375 6056/12445/1375 6052/12433/1375 6051/12430/1375
f 6053/12437/1374 6057/12449/1374 6055/12443/1374 6051/12431/1374
f 6058/12452/1361 6054/12440/1361 6052/12434/1361 6056/12446/1361
f 6059/12453/1376 6060/12456/1376 6062/12462/1376 6061/12459/1376
f 6061/12460/1377 6062/12463/1377 6066/12474/1377 6065/12471/1377
f 6065/12472/1373 6066/12475/1373 6064/12468/1373 6063/12465/1373
f 6063/12466/1375 6064/12469/1375 6060/12457/1375 6059/12454/1375
f 6061/12461/1374 6065/12473/1374 6063/12467/1374 6059/12455/1374
f 6066/12476/1361 6062/12464/1361 6060/12458/1361 6064/12470/1361
f 6067/12477/1376 6068/12480/1376 6070/12486/1376 6069/12483/1376
f 6069/12484/1377 6070/12487/1377 6074/12498/1377 6073/12495/1377
f 6073/12496/1373 6074/12499/1373 6072/12492/1373 6071/12489/1373
f 6071/12490/1375 6072/12493/1375 6068/12481/1375 6067/12478/1375
f 6069/12485/1374 6073/12497/1374 6071/12491/1374 6067/12479/1374
f 6074/12500/1361 6070/12488/1361 6068/12482/1361 6072/12494/1361
f 6075/12501/1376 6076/12504/1376 6078/12510/1376 6077/12507/1376
f 6077/12508/1377 6078/12511/1377 6082/12522/1377 6081/12519/1377
f 6081/12520/1373 6082/12523/1373 6080/12516/1373 6079/12513/1373
f 6079/12514/1375 6080/12517/1375 6076/12505/1375 6075/12502/1375
f 6077/12509/1374 6081/12521/1374 6079/12515/1374 6075/12503/1374
f 6082/12524/1361 6078/12512/1361 6076/12506/1361 6080/12518/1361
f 6083/12525/1376 6084/12528/1376 6086/12534/1376 6085/12531/1376
f 6085/12532/1377 6086/12535/1377 6090/12546/1377 6089/12543/1377
f 6089/12544/1373 6090/12547/1373 6088/12540/1373 6087/12537/1373
f 6087/12538/1375 6088/12541/1375 6084/12529/1375 6083/12526/1375
f 6085/12533/1374 6089/12545/1374 6087/12539/1374 6083/12527/1374
f 6090/12548/1361 6086/12536/1361 6084/12530/1361 6088/12542/1361
f 6091/12549/1376 6092/12552/1376 6094/12558/1376 6093/12555/1376
f 6093/12556/1377 6094/12559/1377 6098/12570/1377 6097/12567/1377
f 6097/12568/1373 6098/12571/1373 6096/12564/1373 6095/12561/1373
f 6095/12562/1375 6096/12565/1375 6092/12553/1375 6091/12550/1375
f 6093/12557/1374 6097/12569/1374 6095/12563/1374 6091/12551/1374
f 6098/12572/1361 6094/12560/1361 6092/12554/1361 6096/12566/1361
f 6099/12573/1376 6100/12576/1376 6102/12582/1376 6101/12579/1376
f 6101/12580/1377 6102/12583/1377 6106/12594/1377 6105/12591/1377
f 6105/12592/1373 6106/12595/1373 6104/12588/1373 6103/12585/1373
f 6103/12586/1375 6104/12589/1375 6100/12577/1375 6099/12574/1375
f 6101/12581/1374 6105/12593/1374 6103/12587/1374 6099/12575/1374
f 6106/12596/1361 6102/12584/1361 6100/12578/1361 6104/12590/1361
f 6107/12597/1376 6108/12600/1376 6110/12606/1376 6109/12603/1376
f 6109/12604/1377 6110/12607/1377 6114/12618/1377 6113/12615/1377
f 6113/12616/1373 6114/12619/1373 6112/12612/1373 6111/12609/1373
f 6111/12610/1375 6112/12613/1375 6108/12601/1375 6107/12598/1375
f 6109/12605/1374 6113/12617/1374 6111/12611/1374 6107/12599/1374
f 6114/12620/1361 6110/12608/1361 6108/12602/1361 6112/12614/1361
f 6115/12621/1376 6116/12624/1376 6118/12630/1376 6117/12627/1376
f 6117/12628/1377 6118/12631/1377 6122/12642/1377 6121/12639/1377
f 6121/12640/1373 6122/12643/1373 6120/12636/1373 6119/12633/1373
f 6119/12634/1375 6120/12637/1375 6116/12625/1375 6115/12622/1375
f 6117/12629/1374 6121/12641/1374 6119/12635/1374 6115/12623/1374
f 6122/12644/1361 6118/12632/1361 6116/12626/1361 6120/12638/1361
f 6123/12645/1376 6124/12648/1376 6126/12654/1376 6125/12651/1376
f 6125/12652/1377 6126/12655/1377 6130/12666/1377 6129/12663/1377
f 6129/12664/1373 6130/12667/1373 6128/12660/1373 6127/12657/1373
f 6127/12658/1375 6128/12661/1375 6124/12649/1375 6123/12646/1375
f 6125/12653/1374 6129/12665/1374 6127/12659/1374 6123/12647/1374
f 6130/12668/1361 6126/12656/1361 6124/12650/1361 6128/12662/1361
f 6131/12669/1376 6132/12672/1376 6134/12678/1376 6133/12675/1376
f 6133/12676/1377 6134/12679/1377 6138/12690/1377 6137/12687/1377
f 6137/12688/1373 6138/12691/1373 6136/12684/1373 6135/12681/1373
f 6135/12682/1375 6136/12685/1375 6132/12673/1375 6131/12670/1375
f 6133/12677/1374 6137/12689/1374 6135/12683/1374 6131/12671/1374
f 6138/12692/1361 6134/12680/1361 6132/12674/1361 6136/12686/1361
f 6139/12693/1376 6140/12696/1376 6142/12702/1376 6141/12699/1376
f 6141/12700/1377 6142/12703/1377 6146/12714/1377 6145/12711/1377
f 6145/12712/1373 6146/12715/1373 6144/12708/1373 6143/12705/1373
f 6143/12706/1375 6144/12709/1375 6140/12697/1375 6139/12694/1375
f 6141/12701/1374 6145/12713/1374 6143/12707/1374 6139/12695/1374
f 6146/12716/1361 6142/12704/1361 6140/12698/1361 6144/12710/1361
f 6147/12717/1376 6148/12720/1376 6150/12726/1376 6149/12723/1376
f 6149/12724/1377 6150/12727/1377 6154/12738/1377 6153/12735/1377
f 6153/12736/1373 6154/12739/1373 6152/12732/1373 6151/12729/1373
f 6151/12730/1375 6152/12733/1375 6148/12721/1375 6147/12718/1375
f 6149/12725/1374 6153/12737/1374 6151/12731/1374 6147/12719/1374
f 6154/12740/1361 6150/12728/1361 6148/12722/1361 6152/12734/1361
f 6155/12741/1376 6156/12744/1376 6158/12750/1376 6157/12747/1376
f 6157/12748/1377 6158/12751/1377 6162/12762/1377 6161/12759/1377
f 6161/12760/1373 6162/12763/1373 6160/12756/1373 6159/12753/1373
f 6159/12754/1375 6160/12757/1375 6156/12745/1375 6155/12742/1375
f 6157/12749/1374 6161/12761/1374 6159/12755/1374 6155/12743/1374
f 6162/12764/1361 6158/12752/1361 6156/12746/1361 6160/12758/1361
f 6163/12765/1376 6164/12768/1376 6166/12774/1376 6165/12771/1376
f 6165/12772/1377 6166/12775/1377 6170/12786/1377 6169/12783/1377
f 6169/12784/1373 6170/12787/1373 6168/12780/1373 6167/12777/1373
f 6167/12778/1375 6168/12781/1375 6164/12769/1375 6163/12766/1375
f 6165/12773/1374 6169/12785/1374 6167/12779/1374 6163/12767/1374
f 6170/12788/1361 6166/12776/1361 6164/12770/1361 6168/12782/1361
f 6171/12789/1376 6172/12792/1376 6174/12798/1376 6173/12795/1376
f 6173/12796/1377 6174/12799/1377 6178/12810/1377 6177/12807/1377
f 6177/12808/1373 6178/12811/1373 6176/12804/1373 6175/12801/1373
f 6175/12802/1375 6176/12805/1375 6172/12793/1375 6171/12790/1375
f 6173/12797/1374 6177/12809/1374 6175/12803/1374 6171/12791/1374
f 6178/12812/1361 6174/12800/1361 6172/12794/1361 6176/12806/1361
f 6179/12813/1376 6180/12816/1376 6182/12822/1376 6181/12819/1376
f 6181/12820/1377 6182/12823/1377 6186/12834/1377 6185/12831/1377
f 6185/12832/1373 6186/12835/1373 6184/12828/1373 6183/12825/1373
f 6183/12826/1375 6184/12829/1375 6180/12817/1375 6179/12814/1375
f 6181/12821/1374 6185/12833/1374 6183/12827/1374 6179/12815/1374
f 6186/12836/1361 6182/12824/1361 6180/12818/1361 6184/12830/1361
f 6187/12837/1376 6188/12840/1376 6190/12846/1376 6189/12843/1376
f 6189/12844/1377 6190/12847/1377 6194/12858/1377 6193/12855/1377
f 6193/12856/1373 6194/12859/1373 6192/12852/1373 6191/12849/1373
f 6191/12850/1375 6192/12853/1375 6188/12841/1375 6187/12838/1375
f 6189/12845/1374 6193/12857/1374 6191/12851/1374 6187/12839/1374
f 6194/12860/1361 6190/12848/1361 6188/12842/1361 6192/12854/1361
f 6195/12861/1376 6196/12864/1376 6198/12870/1376 6197/12867/1376
f 6197/12868/1377 6198/12871/1377 6202/12882/1377 6201/12879/1377
f 6201/12880/1373 6202/12883/1373 6200/12876/1373 6199/12873/1373
f 6199/12874/1375 6200/12877/1375 6196/12865/1375 6195/12862/1375
f 6197/12869/1374 6201/12881/1374 6199/12875/1374 6195/12863/1374
f 6202/12884/1361 6198/12872/1361 6196/12866/1361 6200/12878/1361
f 6203/12885/1376 6204/12888/1376 6206/12894/1376 6205/12891/1376
f 6205/12892/1377 6206/12895/1377 6210/12906/1377 6209/12903/1377
f 6209/12904/1373 6210/12907/1373 6208/12900/1373 6207/12897/1373
f 6207/12898/1375 6208/12901/1375 6204/12889/1375 6203/12886/1375
f 6205/12893/1374 6209/12905/1374 6207/12899/1374 6203/12887/1374
f 6210/12908/1361 6206/12896/1361 6204/12890/1361 6208/12902/1361
f 6211/12909/1376 6212/12912/1376 6214/12918/1376 6213/12915/1376
f 6213/12916/1377 6214/12919/1377 6218/12930/1377 6217/12927/1377
f 6217/12928/1373 6218/12931/1373 6216/12924/1373 6215/12921/1373
f 6215/12922/1375 6216/12925/1375 6212/12913/1375 6211/12910/1375
f 6213/12917/1374 6217/12929/1374 6215/12923/1374 6211/12911/1374
f 6218/12932/1361 6214/12920/1361 6212/12914/1361 6216/12926/1361
f 6219/12933/1376 6220/12936/1376 6222/12942/1376 6221/12939/1376
f 6221/12940/1377 6222/12943/1377 6226/12954/1377 6225/12951/1377
f 6225/12952/1373 6226/12955/1373 6224/12948/1373 6223/12945/1373
f 6223/12946/1375 6224/12949/1375 6220/12937/1375 6219/12934/1375
f 6221/12941/1374 6225/12953/1374 6223/12947/1374 6219/12935/1374
f 6226/12956/1361 6222/12944/1361 6220/12938/1361 6224/12950/1361
f 6227/12957/1376 6228/12960/1376 6230/12966/1376 6229/12963/1376
f 6229/12964/1377 6230/12967/1377 6234/12978/1377 6233/12975/1377
f 6233/12976/1373 6234/12979/1373 6232/12972/1373 6231/12969/1373
f 6231/12970/1375 6232/12973/1375 6228/12961/1375 6227/12958/1375
f 6229/12965/1374 6233/12977/1374 6231/12971/1374 6227/12959/1374
f 6234/12980/1361 6230/12968/1361 6228/12962/1361 6232/12974/1361
f 6235/12981/1376 6236/12984/1376 6238/12990/1376 6237/12987/1376
f 6237/12988/1377 6238/12991/1377 6242/13002/1377 6241/12999/1377
f 6241/13000/1373 6242/13003/1373 6240/12996/1373 6239/12993/1373
f 6239/12994/1375 6240/12997/1375 6236/12985/1375 6235/12982/1375
f 6237/12989/1374 6241/13001/1374 6239/12995/1374 6235/12983/1374
f 6242/13004/1361 6238/12992/1361 6236/12986/1361 6240/12998/1361
f 6243/13005/1376 6244/13008/1376 6246/13014/1376 6245/13011/1376
f 6245/13012/1377 6246/13015/1377 6250/13026/1377 6249/13023/1377
f 6249/13024/1373 6250/13027/1373 6248/13020/1373 6247/13017/1373
f 6247/13018/1375 6248/13021/1375 6244/13009/1375 6243/13006/1375
f 6245/13013/1374 6249/13025/1374 6247/13019/1374 6243/13007/1374
f 6250/13028/1361 6246/13016/1361 6244/13010/1361 6248/13022/1361
f 6251/13029/1376 6252/13032/1376 6254/13038/1376 6253/13035/1376
f 6253/13036/1377 6254/13039/1377 6258/13050/1377 6257/13047/1377
f 6257/13048/1373 6258/13051/1373 6256/13044/1373 6255/13041/1373
f 6255/13042/1375 6256/13045/1375 6252/13033/1375 6251/13030/1375
f 6253/13037/1374 6257/13049/1374 6255/13043/1374 6251/13031/1374
f 6258/13052/1361 6254/13040/1361 6252/13034/1361 6256/13046/1361
f 6259/13053/1376 6260/13056/1376 6262/13062/1376 6261/13059/1376
f 6261/13060/1377 6262/13063/1377 6266/13074/1377 6265/13071/1377
f 6265/13072/1373 6266/13075/1373 6264/13068/1373 6263/13065/1373
f 6263/13066/1375 6264/13069/1375 6260/13057/1375 6259/13054/1375
f 6261/13061/1374 6265/13073/1374 6263/13067/1374 6259/13055/1374
f 6266/13076/1361 6262/13064/1361 6260/13058/1361 6264/13070/1361
f 6267/13077/1376 6268/13080/1376 6270/13086/1376 6269/13083/1376
f 6269/13084/1377 6270/13087/1377 6274/13098/1377 6273/13095/1377
f 6273/13096/1373 6274/13099/1373 6272/13092/1373 6271/13089/1373
f 6271/13090/1375 6272/13093/1375 6268/13081/1375 6267/13078/1375
f 6269/13085/1374 6273/13097/1374 6271/13091/1374 6267/13079/1374
f 6274/13100/1361 6270/13088/1361 6268/13082/1361 6272/13094/1361
f 6275/13101/1376 6276/13104/1376 6278/13110/1376 6277/13107/1376
f 6277/13108/1377 6278/13111/1377 6282/13122/1377 6281/13119/1377
f 6281/13120/1373 6282/13123/1373 6280/13116/1373 6279/13113/1373
f 6279/13114/1375 6280/13117/1375 6276/13105/1375 6275/13102/1375
f 6277/13109/1374 6281/13121/1374 6279/13115/1374 6275/13103/1374
f 6282/13124/1361 6278/13112/1361 6276/13106/1361 6280/13118/1361
f 6283/13125/1376 6284/13128/1376 6286/13134/1376 6285/13131/1376
f 6285/13132/1377 6286/13135/1377 6290/13146/1377 6289/13143/1377
f 6289/13144/1373 6290/13147/1373 6288/13140/1373 6287/13137/1373
f 6287/13138/1375 6288/13141/1375 6284/13129/1375 6283/13126/1375
f 6285/13133/1374 6289/13145/1374 6287/13139/1374 6283/13127/1374
f 6290/13148/1361 6286/13136/1361 6284/13130/1361 6288/13142/1361
f 6291/13149/1376 6292/13152/1376 6294/13158/1376 6293/13155/1376
f 6293/13156/1377 6294/13159/1377 6298/13170/1377 6297/13167/1377
f 6297/13168/1373 6298/13171/1373 6296/13164/1373 6295/13161/1373
f 6295/13162/1375 6296/13165/1375 6292/13153/1375 6291/13150/1375
f 6293/13157/1374 6297/13169/1374 6295/13163/1374 6291/13151/1374
f 6298/13172/1361 6294/13160/1361 6292/13154/1361 6296/13166/1361
f 6299/13173/1376 6300/13176/1376 6302/13182/1376 6301/13179/1376
f 6301/13180/1377 6302/13183/1377 6306/13194/1377 6305/13191/1377
f 6305/13192/1373 6306/13195/1373 6304/13188/1373 6303/13185/1373
f 6303/13186/1375 6304/13189/1375 6300/13177/1375 6299/13174/1375
f 6301/13181/1374 6305/13193/1374 6303/13187/1374 6299/13175/1374
f 6306/13196/1361 6302/13184/1361 6300/13178/1361 6304/13190/1361
f 6307/13197/1376 6308/13200/1376 6310/13206/1376 6309/13203/1376
f 6309/13204/1377 6310/13207/1377 6314/13218/1377 6313/13215/1377
f 6313/13216/1373 6314/13219/1373 6312/13212/1373 6311/13209/1373
f 6311/13210/1375 6312/13213/1375 6308/13201/1375 6307/13198/1375
f 6309/13205/1374 6313/13217/1374 6311/13211/1374 6307/13199/1374
f 6314/13220/1361 6310/13208/1361 6308/13202/1361 6312/13214/1361
f 6315/13221/1376 6316/13224/1376 6318/13230/1376 6317/13227/1376
f 6317/13228/1377 6318/13231/1377 6322/13242/1377 6321/13239/1377
f 6321/13240/1373 6322/13243/1373 6320/13236/1373 6319/13233/1373
f 6319/13234/1375 6320/13237/1375 6316/13225/1375 6315/13222/1375
f 6317/13229/1374 6321/13241/1374 6319/13235/1374 6315/13223/1374
f 6322/13244/1361 6318/13232/1361 6316/13226/1361 6320/13238/1361
f 6323/13245/1376 6324/13248/1376 6326/13254/1376 6325/13251/1376
f 6325/13252/1377 6326/13255/1377 6330/13266/1377 6329/13263/1377
f 6329/13264/1373 6330/13267/1373 6328/13260/1373 6327/13257/1373
f 6327/13258/1375 6328/13261/1375 6324/13249/1375 6323/13246/1375
f 6325/13253/1374 6329/13265/1374 6327/13259/1374 6323/13247/1374
f 6330/13268/1361 6326/13256/1361 6324/13250/1361 6328/13262/1361
f 6331/13269/1375 6332/13272/1375 6334/13278/1375 6333/13275/1375
f 6333/13276/1376 6334/13279/1376 6338/13290/1376 6337/13287/1376
f 6337/13288/1377 6338/13291/1377 6336/13284/1377 6335/13281/1377
f 6335/13282/1373 6336/13285/1373 6332/13273/1373 6331/13270/1373
f 6333/13277/1374 6337/13289/1374 6335/13283/1374 6331/13271/1374
f 6338/13292/1361 6334/13280/1361 6332/13274/1361 6336/13286/1361
f 6339/13293/1375 6340/13296/1375 6342/13302/1375 6341/13299/1375
f 6341/13300/1376 6342/13303/1376 6346/13314/1376 6345/13311/1376
f 6345/13312/1377 6346/13315/1377 6344/13308/1377 6343/13305/1377
f 6343/13306/1373 6344/13309/1373 6340/13297/1373 6339/13294/1373
f 6341/13301/1374 6345/13313/1374 6343/13307/1374 6339/13295/1374
f 6346/13316/1361 6342/13304/1361 6340/13298/1361 6344/13310/1361
f 6347/13317/1375 6348/13320/1375 6350/13326/1375 6349/13323/1375
f 6349/13324/1376 6350/13327/1376 6354/13338/1376 6353/13335/1376
f 6353/13336/1377 6354/13339/1377 6352/13332/1377 6351/13329/1377
f 6351/13330/1373 6352/13333/1373 6348/13321/1373 6347/13318/1373
f 6349/13325/1374 6353/13337/1374 6351/13331/1374 6347/13319/1374
f 6354/13340/1361 6350/13328/1361 6348/13322/1361 6352/13334/1361
f 6355/13341/1375 6356/13344/1375 6358/13350/1375 6357/13347/1375
f 6357/13348/1376 6358/13351/1376 6362/13362/1376 6361/13359/1376
f 6361/13360/1377 6362/13363/1377 6360/13356/1377 6359/13353/1377
f 6359/13354/1373 6360/13357/1373 6356/13345/1373 6355/13342/1373
f 6357/13349/1374 6361/13361/1374 6359/13355/1374 6355/13343/1374
f 6362/13364/1361 6358/13352/1361 6356/13346/1361 6360/13358/1361
f 6363/13365/1375 6364/13368/1375 6366/13374/1375 6365/13371/1375
f 6365/13372/1376 6366/13375/1376 6370/13386/1376 6369/13383/1376
f 6369/13384/1377 6370/13387/1377 6368/13380/1377 6367/13377/1377
f 6367/13378/1373 6368/13381/1373 6364/13369/1373 6363/13366/1373
f 6365/13373/1374 6369/13385/1374 6367/13379/1374 6363/13367/1374
f 6370/13388/1361 6366/13376/1361 6364/13370/1361 6368/13382/1361
f 6371/13389/1375 6372/13392/1375 6374/13398/1375 6373/13395/1375
f 6373/13396/1376 6374/13399/1376 6378/13410/1376 6377/13407/1376
f 6377/13408/1377 6378/13411/1377 6376/13404/1377 6375/13401/1377
f 6375/13402/1373 6376/13405/1373 6372/13393/1373 6371/13390/1373
f 6373/13397/1374 6377/13409/1374 6375/13403/1374 6371/13391/1374
f 6378/13412/1361 6374/13400/1361 6372/13394/1361 6376/13406/1361
f 6379/13413/1375 6380/13416/1375 6382/13422/1375 6381/13419/1375
f 6381/13420/1376 6382/13423/1376 6386/13434/1376 6385/13431/1376
f 6385/13432/1377 6386/13435/1377 6384/13428/1377 6383/13425/1377
f 6383/13426/1373 6384/13429/1373 6380/13417/1373 6379/13414/1373
f 6381/13421/1374 6385/13433/1374 6383/13427/1374 6379/13415/1374
f 6386/13436/1361 6382/13424/1361 6380/13418/1361 6384/13430/1361
f 6387/13437/1375 6388/13440/1375 6390/13446/1375 6389/13443/1375
f 6389/13444/1376 6390/13447/1376 6394/13458/1376 6393/13455/1376
f 6393/13456/1377 6394/13459/1377 6392/13452/1377 6391/13449/1377
f 6391/13450/1373 6392/13453/1373 6388/13441/1373 6387/13438/1373
f 6389/13445/1374 6393/13457/1374 6391/13451/1374 6387/13439/1374
f 6394/13460/1361 6390/13448/1361 6388/13442/1361 6392/13454/1361
f 6395/13461/1375 6396/13464/1375 6398/13470/1375 6397/13467/1375
f 6397/13468/1376 6398/13471/1376 6402/13482/1376 6401/13479/1376
f 6401/13480/1377 6402/13483/1377 6400/13476/1377 6399/13473/1377
f 6399/13474/1373 6400/13477/1373 6396/13465/1373 6395/13462/1373
f 6397/13469/1374 6401/13481/1374 6399/13475/1374 6395/13463/1374
f 6402/13484/1361 6398/13472/1361 6396/13466/1361 6400/13478/1361
f 6403/13485/1375 6404/13488/1375 6406/13494/1375 6405/13491/1375
f 6405/13492/1376 6406/13495/1376 6410/13506/1376 6409/13503/1376
f 6409/13504/1377 6410/13507/1377 6408/13500/1377 6407/13497/1377
f 6407/13498/1373 6408/13501/1373 6404/13489/1373 6403/13486/1373
f 6405/13493/1374 6409/13505/1374 6407/13499/1374 6403/13487/1374
f 6410/13508/1361 6406/13496/1361 6404/13490/1361 6408/13502/1361
f 6411/13509/1375 6412/13512/1375 6414/13518/1375 6413/13515/1375
f 6413/13516/1376 6414/13519/1376 6418/13530/1376 6417/13527/1376
f 6417/13528/1377 6418/13531/1377 6416/13524/1377 6415/13521/1377
f 6415/13522/1373 6416/13525/1373 6412/13513/1373 6411/13510/1373
f 6413/13517/1374 6417/13529/1374 6415/13523/1374 6411/13511/1374
f 6418/13532/1361 6414/13520/1361 6412/13514/1361 6416/13526/1361
f 6419/13533/1375 6420/13536/1375 6422/13542/1375 6421/13539/1375
f 6421/13540/1376 6422/13543/1376 6426/13554/1376 6425/13551/1376
f 6425/13552/1377 6426/13555/1377 6424/13548/1377 6423/13545/1377
f 6423/13546/1373 6424/13549/1373 6420/13537/1373 6419/13534/1373
f 6421/13541/1374 6425/13553/1374 6423/13547/1374 6419/13535/1374
f 6426/13556/1361 6422/13544/1361 6420/13538/1361 6424/13550/1361
f 6427/13557/1375 6428/13560/1375 6430/13566/1375 6429/13563/1375
f 6429/13564/1376 6430/13567/1376 6434/13578/1376 6433/13575/1376
f 6433/13576/1377 6434/13579/1377 6432/13572/1377 6431/13569/1377
f 6431/13570/1373 6432/13573/1373 6428/13561/1373 6427/13558/1373
f 6429/13565/1374 6433/13577/1374 6431/13571/1374 6427/13559/1374
f 6434/13580/1361 6430/13568/1361 6428/13562/1361 6432/13574/1361
f 6435/13581/1375 6436/13584/1375 6438/13590/1375 6437/13587/1375
f 6437/13588/1376 6438/13591/1376 6442/13602/1376 6441/13599/1376
f 6441/13600/1377 6442/13603/1377 6440/13596/1377 6439/13593/1377
f 6439/13594/1373 6440/13597/1373 6436/13585/1373 6435/13582/1373
f 6437/13589/1374 6441/13601/1374 6439/13595/1374 6435/13583/1374
f 6442/13604/1361 6438/13592/1361 6436/13586/1361 6440/13598/1361
f 6443/13605/1375 6444/13608/1375 6446/13614/1375 6445/13611/1375
f 6445/13612/1376 6446/13615/1376 6450/13626/1376 6449/13623/1376
f 6449/13624/1377 6450/13627/1377 6448/13620/1377 6447/13617/1377
f 6447/13618/1373 6448/13621/1373 6444/13609/1373 6443/13606/1373
f 6445/13613/1374 6449/13625/1374 6447/13619/1374 6443/13607/1374
f 6450/13628/1361 6446/13616/1361 6444/13610/1361 6448/13622/1361
f 6451/13629/1375 6452/13632/1375 6454/13638/1375 6453/13635/1375
f 6453/13636/1376 6454/13639/1376 6458/13650/1376 6457/13647/1376
f 6457/13648/1377 6458/13651/1377 6456/13644/1377 6455/13641/1377
f 6455/13642/1373 6456/13645/1373 6452/13633/1373 6451/13630/1373
f 6453/13637/1374 6457/13649/1374 6455/13643/1374 6451/13631/1374
f 6458/13652/1361 6454/13640/1361 6452/13634/1361 6456/13646/1361
f 6459/13653/1375 6460/13656/1375 6462/13662/1375 6461/13659/1375
f 6461/13660/1376 6462/13663/1376 6466/13674/1376 6465/13671/1376
f 6465/13672/1377 6466/13675/1377 6464/13668/1377 6463/13665/1377
f 6463/13666/1373 6464/13669/1373 6460/13657/1373 6459/13654/1373
f 6461/13661/1374 6465/13673/1374 6463/13667/1374 6459/13655/1374
f 6466/13676/1361 6462/13664/1361 6460/13658/1361 6464/13670/1361
o D03_Wall_Ramp_Hero
v -236.968033 22.648428 24.551746
v -225.830170 19.472092 24.551746
v -225.540131 22.648428 24.551746
v -238.459381 17.337879 24.551746
v -223.636063 19.472092 21.807444
v -257.362030 2.890917 21.807444
v -267.664581 2.890917 21.807444
v -236.968033 14.745587 21.807444
v -252.775024 2.890917 21.807444
v -238.025558 14.837416 24.551746
v -241.147308 17.682789 24.551746
v -249.439713 15.499274 24.551746
v -240.750931 13.266640 21.807446
v -240.313507 12.549468 21.807444
v -267.664581 7.170616 24.551746
v -257.362030 7.170616 24.551746
v -244.240036 17.614799 24.551746
v -245.370880 17.140078 24.551746
v -236.968033 16.493601 21.807444
v -236.725830 17.326082 21.807444
v -236.392075 18.145914 21.807444
v -235.924225 18.933701 21.807444
v -235.243973 19.641108 21.807444
v -234.331070 20.205952 21.807444
v -233.234116 20.567665 21.807444
v -232.041824 20.691275 21.807444
v -230.849518 20.567665 21.807444
v -229.752563 20.205952 21.807444
v -228.839661 19.641108 21.807444
v -228.159409 18.933701 21.807444
v -227.691559 18.145914 21.807444
v -227.357803 17.326082 21.807444
v -227.115601 16.493601 21.807444
v -236.968033 12.549468 21.807444
v -252.775024 12.335241 24.551746
v -223.636063 16.493601 21.807444
v -232.130539 22.648428 24.551746
v -236.968033 14.745587 13.573481
v -252.775024 2.890917 13.573481
v -223.636063 19.472092 13.573481
v -257.362030 2.890917 13.573481
v -267.664581 2.890917 13.573481
v -240.313507 12.549468 13.573481
v -241.386673 13.913610 21.807446
v -242.228607 14.427049 21.807446
v -248.276978 12.549468 13.573481
v -257.400360 12.915391 13.573481
v -252.686676 14.505285 13.573481
v -225.540131 21.428875 13.573481
v -236.760132 21.428875 13.573481
v -242.387329 18.952850 13.573481
v -233.234116 20.567665 13.573481
v -232.041824 20.691275 13.573481
v -227.115601 16.493601 13.573481
v -227.357803 17.326082 13.573481
v -227.691559 18.145914 13.573481
v -228.159409 18.933701 13.573481
v -228.839661 19.641108 13.573481
v -229.752563 20.205952 13.573481
v -230.849518 20.567665 13.573481
v -234.331070 20.205952 13.573481
v -235.243973 19.641108 13.573481
v -235.924225 18.933701 13.573481
v -236.392075 18.145914 13.573481
v -236.725830 17.326082 13.573481
v -236.968033 16.493601 13.573481
v -236.968033 12.549468 13.573481
v -223.636063 16.493601 13.573481
v -232.041824 21.428875 13.573481
v -267.652496 9.457401 13.573481
v -243.194336 14.756697 21.807446
v -240.681702 13.266640 13.573481
v -241.318253 13.913610 13.573481
v -242.160828 14.427049 13.573481
v -243.126968 14.756697 13.573481
v -244.618057 14.870285 13.573481
v -248.281998 12.593950 21.807446
v -245.605789 14.756697 13.573481
v -246.550629 14.427049 13.573481
v -247.360092 13.913610 13.573481
v -247.954956 13.266640 13.573481
v -247.959747 13.297377 21.807446
v -247.364685 13.931947 21.807446
v -246.555054 14.435544 21.807446
v -245.610107 14.758873 21.807446
v -244.622345 14.870285 21.807446
v -223.636063 14.865691 21.807444
v -223.636063 14.865691 13.573481
v -223.636063 16.070982 21.807444
v -223.636063 16.070982 13.573481
v -236.968033 22.648428 2.595216
v -225.830170 19.472092 2.595216
v -225.540131 22.648428 2.595216
v -238.459381 17.337879 2.595216
v -223.636063 19.472092 5.339518
v -257.362030 2.890917 5.339518
v -267.664581 2.890917 5.339518
v -236.968033 14.745587 5.339518
v -252.775024 2.890917 5.339518
v -238.025558 14.837416 2.595216
v -241.147308 17.682789 2.595216
v -249.439713 15.499274 2.595216
v -240.750931 13.266640 5.339516
v -240.313507 12.549468 5.339518
v -267.664581 7.170616 2.595216
v -257.362030 7.170616 2.595216
v -244.240036 17.614799 2.595216
v -245.370880 17.140078 2.595216
v -236.968033 16.493601 5.339518
v -236.725830 17.326082 5.339518
v -236.392075 18.145914 5.339518
v -235.924225 18.933701 5.339518
v -235.243973 19.641108 5.339518
v -234.331070 20.205952 5.339518
v -233.234116 20.567665 5.339518
v -232.041824 20.691275 5.339518
v -230.849518 20.567665 5.339518
v -229.752563 20.205952 5.339518
v -228.839661 19.641108 5.339518
v -228.159409 18.933701 5.339518
v -227.691559 18.145914 5.339518
v -227.357803 17.326082 5.339518
v -227.115601 16.493601 5.339518
v -236.968033 12.549468 5.339518
v -252.775024 12.335241 2.595216
v -223.636063 16.493601 5.339518
v -232.130539 22.648428 2.595216
v -241.386673 13.913610 5.339516
v -242.228607 14.427049 5.339516
v -243.194336 14.756697 5.339516
v -248.281998 12.593950 5.339516
v -247.959747 13.297377 5.339516
v -247.364685 13.931947 5.339516
v -246.555054 14.435544 5.339516
v -245.610107 14.758873 5.339516
v -244.622345 14.870285 5.339516
v -223.636063 14.865691 5.339518
v -223.636063 16.070982 5.339518
v -236.998398 2.922185 24.551746
v -236.999298 2.890917 24.520477
v -236.968033 2.922185 24.520477
v -284.809418 2.890917 24.520477
v -284.809418 2.922185 24.551746
v -284.840668 2.922185 24.520477
v -236.968033 14.745587 24.520477
v -236.998245 14.748211 24.551746
v -284.811249 6.199788 24.520477
v -284.840668 6.157988 24.520477
v -284.809418 6.167744 24.551746
v -252.806274 16.399052 24.520477
v -252.766479 16.366503 24.551746
v -252.750778 16.418808 24.520477
v -252.775024 2.922185 24.551746
v -252.775024 2.890917 24.520477
v -236.936768 25.473913 24.520477
v -236.991653 25.453426 24.520477
v -236.968033 25.439301 24.551746
v -223.667328 25.440220 24.551746
v -223.636063 25.442646 24.520477
v -223.667328 25.473913 24.520477
v -223.667328 19.472092 24.551746
v -223.636063 19.472092 24.520477
v -225.540131 25.473913 24.520477
v -225.540131 25.440123 24.551746
v -223.636063 14.642579 24.520477
v -223.667328 14.642579 24.551746
v -223.667328 14.611310 24.520477
v -227.084335 14.611310 24.520477
v -227.084335 14.642579 24.551746
v -227.115601 14.642579 24.520477
v -236.998047 16.510592 24.551746
v -236.968033 16.493601 24.520477
v -233.234116 20.567665 24.520477
v -233.270294 20.587822 24.551746
v -236.725830 17.326082 24.520477
v -236.760590 17.326319 24.551746
v -236.392075 18.145914 24.520477
v -236.433517 18.129719 24.551746
v -235.924225 18.933701 24.520477
v -235.934418 18.969919 24.551746
v -235.243973 19.641108 24.520477
v -235.260696 19.670265 24.551746
v -234.331070 20.205952 24.520477
v -234.356598 20.229599 24.551746
v -230.804306 20.585384 24.551746
v -230.849518 20.567665 24.520477
v -227.115601 16.493601 24.520477
v -227.084335 16.494150 24.551746
v -229.752563 20.205952 24.520477
v -229.717804 20.226107 24.551746
v -228.839661 19.641108 24.520477
v -228.812958 19.665443 24.551746
v -228.159409 18.933701 24.520477
v -228.138397 18.963482 24.551746
v -227.691559 18.145914 24.520477
v -227.664444 18.165234 24.551746
v -227.357803 17.326082 24.520477
v -227.335526 17.357378 24.551746
v -232.041824 20.691275 24.520477
v -232.042877 20.714752 24.551746
v -240.282684 2.922185 24.551746
v -240.313950 2.922183 24.520466
v -240.282227 2.890917 24.520477
v -248.308273 2.922185 24.551746
v -248.308243 2.890917 24.520477
v -248.277008 2.922185 24.520479
v -257.362030 2.890917 24.520477
v -257.362030 2.922185 24.551746
v -267.664581 12.301398 24.551746
v -267.664581 12.334078 24.520477
v -267.664581 2.922185 24.551746
v -267.664581 2.890917 24.520477
v -284.809418 3.348958 21.807444
v -284.811249 3.315092 21.776176
v -284.840668 3.273285 21.838713
v -284.809418 3.304553 24.551746
v -284.840668 3.304553 24.520477
v -284.840668 2.922185 21.807444
v -284.809418 2.890917 21.807444
v -284.811249 6.199788 21.838713
v -284.809418 6.167076 21.807444
v -284.840668 6.157988 21.838713
v -252.806274 16.399052 21.838713
v -252.750778 16.418808 21.838713
v -252.773438 16.365438 21.807444
v -223.667328 14.611310 21.807444
v -223.636063 14.642579 21.807444
v -240.313507 2.922185 21.807444
v -240.282227 2.890917 21.807444
v -248.308243 2.890917 21.807444
v -248.276993 2.922185 21.807444
v -236.999298 2.890917 21.807444
v -236.968033 2.922185 21.807444
v -223.636063 25.442646 21.838713
v -223.667328 25.443224 21.807444
v -223.667328 25.473913 21.838713
v -236.936768 25.473913 21.838713
v -236.966476 25.443443 21.807444
v -236.991653 25.453426 21.838713
v -225.540131 25.473913 21.838713
v -225.540131 25.443245 21.807444
v -267.664581 12.334078 21.838713
v -267.664429 12.300756 21.807444
v -248.286957 12.637926 24.520479
v -248.318298 12.652943 24.551746
v -257.399994 12.948517 21.807444
v -257.400360 12.915391 21.776176
v -242.078842 21.041304 24.520479
v -242.133743 21.020817 24.520479
v -242.094330 20.992378 24.551746
v -242.107315 20.985401 21.807446
v -242.133713 21.020817 21.838537
v -242.078827 21.041304 21.838715
v -244.944489 21.020817 24.520473
v -244.938538 20.992031 24.551743
v -244.944977 20.985765 21.791491
v -244.944458 21.020817 21.822605
v -223.636063 22.634533 24.520477
v -223.667328 22.648428 24.551746
v -223.667328 21.428875 21.776176
v -223.667328 21.461082 21.807444
v -223.636063 21.397606 21.838713
v -252.688202 14.537778 21.807444
v -252.686676 14.505285 21.776176
v -225.540131 21.428875 21.776176
v -225.540131 21.461121 21.807444
v -236.761810 21.461439 21.807444
v -236.760132 21.428875 21.776176
v -242.387329 18.952850 21.776176
v -242.382416 18.988581 21.807444
v -245.030014 17.361488 21.776176
v -244.998291 17.393051 21.807297
v -244.972092 17.376181 21.776176
v -247.092133 20.991882 24.551748
v -247.073792 21.020817 24.520481
v -247.129303 21.001060 24.520481
v -247.073776 21.020817 21.838482
v -247.105072 20.985826 21.807446
v -247.129272 21.001060 21.838715
v -247.077713 17.465815 21.776176
v -247.136566 17.452740 21.776176
v -247.108917 17.500637 21.807444
v -227.115601 14.642579 21.807444
v -227.084335 14.611310 21.807444
v -236.998352 12.549468 24.551746
v -236.968033 12.549468 24.520477
v -284.840668 4.823805 24.520477
v -284.809418 4.828342 24.551746
v -284.840668 4.800982 21.838713
v -284.809418 4.800716 21.807446
v -267.652496 9.457401 21.776176
v -267.662323 9.485445 21.817196
v -223.667328 16.493601 24.551746
v -223.636063 16.493601 24.520477
v -232.130539 25.473913 24.520477
v -232.130539 25.439823 24.551746
v -232.129868 25.443317 21.807444
v -232.130539 25.473913 21.838713
v -232.041824 21.428875 21.776176
v -232.042526 21.461237 21.807444
v -257.362030 16.399052 21.838713
v -257.362396 16.365524 21.807444
v -257.362030 16.399052 24.520477
v -257.362030 16.366451 24.551746
v -284.811249 3.315092 13.573481
v -284.840668 3.273285 13.573481
v -236.999298 2.890917 13.573481
v -236.968033 2.922185 13.573481
v -284.840668 2.922185 13.573481
v -284.809418 2.890917 13.573481
v -223.667328 14.611310 13.573481
v -223.636063 14.642579 13.573481
v -240.313507 2.922185 13.573481
v -240.282227 2.890917 13.573481
v -248.308243 2.890917 13.573481
v -248.276978 2.922185 13.573481
v -223.636063 21.397606 13.573481
v -223.667328 21.428875 13.573481
v -244.972092 17.376181 13.573481
v -245.030014 17.361488 13.573481
v -247.077713 17.465815 13.573481
v -247.136566 17.452740 13.573481
v -227.115601 14.642579 13.573481
v -227.084335 14.611310 13.573481
v -240.452164 12.549468 24.520508
v -240.422592 12.557206 24.551746
v -243.260941 14.756697 24.520481
v -243.269897 14.780608 24.551746
v -242.289215 14.447403 24.551746
v -242.295624 14.427049 24.520481
v -241.454315 13.913610 24.520481
v -241.425873 13.921484 24.551746
v -240.787354 13.271129 24.551746
v -240.819382 13.266640 24.520483
v -244.626587 14.870285 24.520479
v -244.633759 14.892006 24.551746
v -247.964493 13.327763 24.520479
v -247.987183 13.361425 24.551746
v -247.369232 13.950074 24.520479
v -247.401489 13.974384 24.551746
v -246.559433 14.443943 24.520479
v -246.605743 14.460989 24.551746
v -245.614380 14.761025 24.520479
v -245.679596 14.773624 24.551746
v -223.636063 14.865691 24.520477
v -223.667328 14.865691 24.551746
v -227.084335 14.896959 24.551746
v -227.146866 14.865691 24.520477
v -227.115601 14.834423 24.520477
v -227.115601 14.834423 21.807444
v -227.146866 14.865691 21.807444
v -227.146866 14.865691 13.573481
v -227.115601 14.834423 13.573481
v -223.636063 16.070982 24.520477
v -223.667328 16.070982 24.551746
v -227.115601 16.102249 24.520477
v -227.146866 16.070982 24.520477
v -227.084335 16.039713 24.551746
v -227.115601 16.102249 21.807444
v -227.146866 16.070982 21.807444
v -227.115601 16.102249 13.573481
v -227.146866 16.070982 13.573481
v -228.051636 16.039713 24.551746
v -228.051636 16.070982 24.520477
v -228.082901 16.039713 24.520477
v -228.051636 14.896959 24.551746
v -228.082901 14.896959 24.520477
v -228.051636 14.865691 24.520477
v -228.051636 16.070982 21.807444
v -228.082901 16.039713 21.807444
v -228.051636 14.865691 21.807444
v -228.082901 14.896959 21.807444
v -228.051636 16.070982 13.573481
v -228.082901 16.039713 13.573481
v -228.082901 14.896959 13.573481
v -228.051636 14.865691 13.573481
v -236.998398 2.922185 2.595216
v -236.968033 2.922185 2.626483
v -236.999298 2.890917 2.626483
v -284.809418 2.890917 2.626483
v -284.840668 2.922185 2.626483
v -284.809418 2.922185 2.595216
v -236.998245 14.748211 2.595216
v -236.968033 14.745587 2.626483
v -284.811249 6.199788 2.626483
v -284.809418 6.167744 2.595216
v -284.840668 6.157988 2.626483
v -252.806274 16.399052 2.626483
v -252.750778 16.418808 2.626483
v -252.766479 16.366503 2.595216
v -252.775024 2.890917 2.626483
v -252.775024 2.922185 2.595216
v -236.936768 25.473913 2.626483
v -236.968033 25.439301 2.595216
v -236.991653 25.453426 2.626483
v -223.667328 25.440220 2.595216
v -223.667328 25.473913 2.626483
v -223.636063 25.442646 2.626483
v -223.636063 19.472092 2.626483
v -223.667328 19.472092 2.595216
v -225.540131 25.440123 2.595216
v -225.540131 25.473913 2.626483
v -223.636063 14.642579 2.626483
v -223.667328 14.611310 2.626483
v -223.667328 14.642579 2.595216
v -227.084335 14.611310 2.626483
v -227.115601 14.642579 2.626483
v -227.084335 14.642579 2.595216
v -236.968033 16.493601 2.626483
v -236.998047 16.510592 2.595216
v -233.270294 20.587822 2.595216
v -233.234116 20.567665 2.626483
v -236.760590 17.326319 2.595216
v -236.725830 17.326082 2.626483
v -236.433517 18.129719 2.595216
v -236.392075 18.145914 2.626483
v -235.934418 18.969919 2.595216
v -235.924225 18.933701 2.626483
v -235.260696 19.670265 2.595216
v -235.243973 19.641108 2.626483
v -234.356598 20.229599 2.595216
v -234.331070 20.205952 2.626483
v -230.849518 20.567665 2.626483
v -230.804306 20.585384 2.595216
v -227.084335 16.494150 2.595216
v -227.115601 16.493601 2.626483
v -229.717804 20.226107 2.595216
v -229.752563 20.205952 2.626483
v -228.812958 19.665443 2.595216
v -228.839661 19.641108 2.626483
v -228.138397 18.963482 2.595216
v -228.159409 18.933701 2.626483
v -227.664444 18.165234 2.595216
v -227.691559 18.145914 2.626483
v -227.335526 17.357378 2.595216
v -227.357803 17.326082 2.626483
v -232.042877 20.714752 2.595216
v -232.041824 20.691275 2.626483
v -240.282684 2.922185 2.595216
v -240.282227 2.890917 2.626483
v -240.313950 2.922183 2.626494
v -248.308273 2.922185 2.595216
v -248.277008 2.922185 2.626482
v -248.308243 2.890917 2.626483
v -257.362030 2.922185 2.595216
v -257.362030 2.890917 2.626483
v -267.664581 12.334078 2.626483
v -267.664581 12.301398 2.595216
v -267.664581 2.890917 2.626483
v -267.664581 2.922185 2.595216
v -284.809418 3.348958 5.339518
v -284.840668 3.273285 5.308249
v -284.811249 3.315092 5.370786
v -284.809418 3.304553 2.595216
v -284.840668 3.304553 2.626483
v -284.809418 2.890917 5.339518
v -284.840668 2.922185 5.339518
v -284.811249 6.199788 5.308249
v -284.840668 6.157988 5.308249
v -284.809418 6.167076 5.339518
v -252.806274 16.399052 5.308249
v -252.773438 16.365438 5.339518
v -252.750778 16.418808 5.308249
v -223.636063 14.642579 5.339518
v -223.667328 14.611310 5.339518
v -240.282227 2.890917 5.339518
v -240.313507 2.922185 5.339518
v -248.276993 2.922185 5.339518
v -248.308243 2.890917 5.339518
v -236.968033 2.922185 5.339518
v -236.999298 2.890917 5.339518
v -223.636063 25.442646 5.308249
v -223.667328 25.473913 5.308249
v -223.667328 25.443224 5.339518
v -236.936768 25.473913 5.308249
v -236.991653 25.453426 5.308249
v -236.966476 25.443443 5.339518
v -225.540131 25.443245 5.339518
v -225.540131 25.473913 5.308249
v -267.664429 12.300756 5.339518
v -267.664581 12.334078 5.308249
v -248.318298 12.652943 2.595216
v -248.286957 12.637926 2.626482
v -257.400360 12.915391 5.370786
v -257.399994 12.948517 5.339518
v -242.094330 20.992378 2.595214
v -242.133743 21.020817 2.626482
v -242.078842 21.041304 2.626482
v -242.078827 21.041304 5.308247
v -242.133713 21.020817 5.308424
v -242.107315 20.985401 5.339516
v -244.938538 20.992031 2.595219
v -244.944489 21.020817 2.626487
v -244.944458 21.020817 5.324356
v -244.944977 20.985765 5.355471
v -223.667328 22.648428 2.595216
v -223.636063 22.634533 2.626483
v -223.667328 21.428875 5.370786
v -223.636063 21.397606 5.308249
v -223.667328 21.461082 5.339518
v -252.686676 14.505285 5.370786
v -252.688202 14.537778 5.339518
v -225.540131 21.461121 5.339518
v -225.540131 21.428875 5.370786
v -236.760132 21.428875 5.370786
v -236.761810 21.461439 5.339518
v -242.382416 18.988581 5.339518
v -242.387329 18.952850 5.370786
v -245.030014 17.361488 5.370786
v -244.972092 17.376181 5.370786
v -244.998291 17.393051 5.339664
v -247.129303 21.001060 2.626481
v -247.073792 21.020817 2.626481
v -247.092133 20.991882 2.595213
v -247.073776 21.020817 5.308479
v -247.129272 21.001060 5.308247
v -247.105072 20.985826 5.339515
v -247.108917 17.500637 5.339518
v -247.136566 17.452740 5.370786
v -247.077713 17.465815 5.370786
v -227.084335 14.611310 5.339518
v -227.115601 14.642579 5.339518
v -236.968033 12.549468 2.626483
v -236.998352 12.549468 2.595216
v -284.809418 4.828342 2.595216
v -284.840668 4.823805 2.626483
v -284.809418 4.800716 5.339517
v -284.840668 4.800982 5.308249
v -267.662323 9.485445 5.329765
v -267.652496 9.457401 5.370786
v -223.636063 16.493601 2.626483
v -223.667328 16.493601 2.595216
v -232.130539 25.439823 2.595216
v -232.130539 25.473913 2.626483
v -232.130539 25.473913 5.308249
v -232.129868 25.443317 5.339518
v -232.042526 21.461237 5.339518
v -232.041824 21.428875 5.370786
v -257.362396 16.365524 5.339518
v -257.362030 16.399052 5.308249
v -257.362030 16.366451 2.595216
v -257.362030 16.399052 2.626483
v -240.422592 12.557206 2.595216
v -240.452164 12.549468 2.626453
v -243.269897 14.780608 2.595216
v -243.260941 14.756697 2.626481
v -242.295624 14.427049 2.626481
v -242.289215 14.447403 2.595216
v -241.425873 13.921484 2.595216
v -241.454315 13.913610 2.626480
v -240.787354 13.271129 2.595216
v -240.819382 13.266640 2.626478
v -244.633759 14.892006 2.595216
v -244.626587 14.870285 2.626482
v -247.987183 13.361425 2.595216
v -247.964493 13.327763 2.626482
v -247.401489 13.974384 2.595216
v -247.369232 13.950074 2.626482
v -246.605743 14.460989 2.595216
v -246.559433 14.443943 2.626482
v -245.679596 14.773624 2.595216
v -245.614380 14.761025 2.626482
v -223.667328 14.865691 2.595216
v -223.636063 14.865691 2.626483
v -227.115601 14.834423 2.626483
v -227.146866 14.865691 2.626483
v -227.084335 14.896959 2.595216
v -227.146866 14.865691 5.339518
v -227.115601 14.834423 5.339518
v -223.667328 16.070982 2.595216
v -223.636063 16.070982 2.626483
v -227.115601 16.102249 2.626483
v -227.084335 16.039713 2.595216
v -227.146866 16.070982 2.626483
v -227.146866 16.070982 5.339518
v -227.115601 16.102249 5.339518
v -228.051636 16.039713 2.595216
v -228.082901 16.039713 2.626483
v -228.051636 16.070982 2.626483
v -228.051636 14.896959 2.595216
v -228.051636 14.865691 2.626483
v -228.082901 14.896959 2.626483
v -228.082901 16.039713 5.339518
v -228.051636 16.070982 5.339518
v -228.082901 14.896959 5.339518
v -228.051636 14.865691 5.339518
vn 1.0000 -0.0000 -0.0000
vn 0.9999 -0.0000 0.0111
vn 0.9999 -0.0032 0.0110
vn 1.0000 -0.0032 -0.0000
vn -0.0000 -1.0000 -0.0000
vn -0.0000 -0.0000 1.0000
vn -0.0056 0.0094 0.9999
vn -0.0023 0.0051 1.0000
vn -0.0052 0.0094 0.9999
vn -0.0046 0.0103 0.9999
vn 0.9999 -0.0000 0.0114
vn 0.9925 -0.1214 0.0106
vn 0.9925 -0.1220 -0.0000
vn 1.0000 0.0080 -0.0039
vn 0.9999 0.0090 -0.0134
vn 0.9999 0.0090 0.0094
vn 0.9999 -0.0000 0.0115
vn -0.0088 -0.0110 0.9999
vn -0.0068 -0.0052 1.0000
vn 0.9999 -0.0000 0.0127
vn -0.4187 -0.9081 -0.0000
vn -0.4187 -0.9081 0.0120
vn -0.2074 -0.9782 0.0098
vn -0.2074 -0.9783 -0.0000
vn -0.9904 -0.1379 0.0136
vn -0.9903 -0.1388 -0.0000
vn -0.9904 -0.1379 0.0121
vn -0.9969 -0.0783 0.0114
vn -0.9999 -0.0047 0.0116
vn -0.9996 0.0290 -0.0056
vn -0.9967 -0.0807 -0.0000
vn -0.0037 -0.0007 1.0000
vn -0.0269 -0.0094 0.9996
vn -0.0090 -0.9999 0.0114
vn -0.0091 -1.0000 -0.0000
vn 0.0091 -1.0000 -0.0000
vn 0.0090 -0.9999 0.0114
vn -0.0000 0.0111 0.9999
vn 0.0019 -0.0090 1.0000
vn -0.0000 -0.0053 1.0000
vn -0.9988 -0.0456 -0.0150
vn -0.9992 -0.0406 -0.0068
vn -1.0000 -0.0050 -0.0063
vn -0.9998 -0.0104 -0.0142
vn -0.0094 -1.0000 -0.0000
vn 0.0094 -1.0000 -0.0000
vn 0.0094 -0.9999 0.0114
vn -0.0094 -0.9999 0.0113
vn 0.0426 0.9991 -0.0040
vn 0.0425 0.9991 -0.0000
vn 0.0433 0.9991 -0.0000
vn 0.0433 0.9991 -0.0040
vn -0.0000 0.0079 -1.0000
vn -0.0000 0.0078 -1.0000
vn -0.0000 0.0077 -1.0000
vn 0.0069 -1.0000 -0.0000
vn -0.9999 -0.0034 0.0115
vn -0.9999 -0.0000 -0.0115
vn -0.6297 0.7768 -0.0100
vn -0.6297 0.7768 0.0113
vn -0.6297 0.7767 0.0113
vn -0.0022 0.0092 -1.0000
vn -0.0040 0.0088 -1.0000
vn -0.9972 0.0746 -0.0000
vn -0.9967 -0.0814 -0.0000
vn -0.0485 -0.0000 0.9988
vn -0.0000 -0.0088 1.0000
vn -0.0000 -0.0062 1.0000
vn 0.0071 -0.0032 1.0000
vn 0.0057 -0.0002 1.0000
vn -0.0000 -0.0038 1.0000
vn -0.9992 -0.0389 -0.0000
vn -1.0000 -0.0032 -0.0000
vn 0.0160 -0.0000 0.9999
vn -0.0080 -0.0004 1.0000
vn 0.0098 -0.0000 1.0000
vn -0.3305 0.9438 -0.0000
vn -0.3386 0.9409 -0.0000
vn -0.3386 0.9409 -0.0037
vn -0.3305 0.9438 -0.0037
vn -0.0000 -0.9999 0.0114
vn -0.2639 0.9645 0.0116
vn -0.0043 0.9999 0.0120
vn -0.0043 0.9999 -0.0124
vn -0.2639 0.9645 -0.0119
vn 0.9995 -0.0307 0.0007
vn 1.0000 -0.0028 0.0005
vn 1.0000 -0.0030 -0.0000
vn 0.9995 -0.0308 -0.0000
vn -0.0009 -0.0000 1.0000
vn -0.0011 -0.0000 1.0000
vn -0.0002 -0.0101 0.9999
vn -0.0015 -0.0071 1.0000
vn -0.0089 -0.0044 1.0000
vn -0.9443 -0.3290 -0.0000
vn -0.9442 -0.3292 0.0115
vn -0.8965 -0.4429 0.0120
vn -0.8949 -0.4462 -0.0000
vn -0.0066 -0.0142 0.9999
vn 0.2074 -0.9783 -0.0000
vn 0.2074 -0.9782 0.0099
vn 0.4186 -0.9081 0.0117
vn 0.4187 -0.9081 -0.0000
vn 0.0074 -0.0037 1.0000
vn 0.0061 -0.0046 1.0000
vn 0.0113 -0.0142 0.9998
vn 0.0079 -0.0170 0.9998
vn -0.0000 0.9999 -0.0113
vn -0.0000 0.9999 0.0126
vn -0.0000 0.9999 0.0125
vn 0.9999 -0.0024 0.0123
vn 0.9995 -0.0303 0.0130
vn -0.0864 0.0065 0.9962
vn -0.0042 0.0095 0.9999
vn 0.0092 -0.0037 1.0000
vn -0.0020 0.0044 1.0000
vn -0.0012 -0.0050 1.0000
vn 0.0091 -0.0000 1.0000
vn -0.1809 -0.9835 -0.0020
vn -0.0007 -1.0000 -0.0002
vn -0.0004 -1.0000 -0.0000
vn -0.1798 -0.9837 -0.0000
vn -0.0000 -0.0082 1.0000
vn -0.0015 -0.0076 1.0000
vn -0.4192 -0.9079 -0.0026
vn -0.4227 -0.9063 -0.0052
vn -0.6175 -0.7865 -0.0077
vn -0.6178 -0.7863 -0.0066
vn -0.3383 0.9410 -0.0116
vn -0.3384 0.9410 0.0113
vn -0.4605 0.8876 0.0106
vn -0.4605 0.8876 -0.0110
vn -0.0046 0.0095 -0.9999
vn -0.0041 0.0099 -0.9999
vn -0.0030 0.0071 -1.0000
vn -0.0000 0.0076 -1.0000
vn 0.0206 -0.0143 0.9997
vn -0.0012 0.0044 1.0000
vn 0.9999 -0.0000 0.0110
vn 0.9956 -0.0935 -0.0000
vn 0.9956 -0.0934 0.0115
vn -0.0000 1.0000 -0.0039
vn 0.0165 0.9999 -0.0039
vn 0.0165 0.9999 -0.0000
vn -0.0000 1.0000 -0.0000
vn -0.0091 0.9999 -0.0127
vn -0.0090 0.9999 0.0105
vn -0.0000 0.9999 0.0106
vn -0.0000 0.9999 -0.0130
vn -0.0000 0.0095 1.0000
vn 0.9443 -0.3292 -0.0000
vn 0.9442 -0.3291 0.0119
vn 0.8949 -0.4462 -0.0000
vn 0.8949 -0.4462 0.0110
vn 0.7931 -0.6090 -0.0000
vn 0.7931 -0.6090 0.0111
vn 0.6240 -0.7814 -0.0000
vn 0.6239 -0.7814 0.0121
vn -0.7931 -0.6090 -0.0000
vn -0.7931 -0.6090 0.0127
vn -0.6254 -0.7802 0.0130
vn -0.6240 -0.7814 -0.0000
vn -0.0012 -1.0000 0.0086
vn -0.9809 -0.1941 0.0116
vn -0.9810 -0.1942 -0.0000
vn -0.9973 0.0738 -0.0000
vn -0.9972 0.0734 0.0126
vn 0.0129 -0.0000 0.9999
vn 0.0107 -0.0000 0.9999
vn 0.0163 0.9998 0.0123
vn 0.0163 0.9998 -0.0112
vn -0.0042 0.9999 -0.0112
vn -0.0042 0.9999 0.0126
vn -0.0051 0.0116 -0.9999
vn -0.0052 0.0116 -0.9999
vn -0.0076 0.0099 -0.9999
vn -0.0052 0.0097 -0.9999
vn 0.0242 -0.0022 0.9997
vn 0.0356 -0.0124 0.9993
vn -0.9442 -0.3293 -0.0000
vn 0.8949 -0.4463 -0.0000
vn 0.9442 -0.3293 -0.0000
vn -0.9997 0.0210 0.0112
vn -0.9997 0.0211 -0.0114
vn -0.0080 -0.1146 0.9934
vn 0.0079 -0.1146 0.9934
vn -0.1375 0.0104 -0.9904
vn -0.0046 0.0110 -0.9999
vn -0.0010 -0.0018 -1.0000
vn -0.0039 0.0092 -0.9999
vn -0.1371 0.0088 -0.9905
vn -0.0018 -1.0000 -0.0000
vn -0.0018 -0.9999 0.0114
vn 0.0157 -0.0000 0.9999
vn -0.6529 0.7574 -0.0088
vn -0.6529 0.7574 0.0098
vn -0.6529 0.7574 0.0097
vn -0.0038 0.0105 -0.9999
vn -0.0028 0.0093 -1.0000
vn 0.0164 0.0109 0.9998
vn -0.0485 0.0001 0.9988
vn 0.0069 -0.9999 0.0114
vn -0.0071 0.9999 0.0105
vn -0.0070 0.9999 -0.0129
vn -0.4605 0.8876 0.0107
vn -0.2328 0.9725 -0.0039
vn -0.2327 0.9725 -0.0000
vn -0.4426 0.8967 -0.0000
vn -0.4426 0.8967 -0.0036
vn -0.0001 1.0000 -0.0040
vn -0.5159 0.8567 -0.0000
vn -0.5159 0.8567 -0.0034
vn 0.9999 0.0159 -0.0000
vn -0.3196 0.9476 -0.0038
vn -0.4043 0.9146 -0.0037
vn -0.4043 0.9146 -0.0000
vn -0.3196 0.9476 -0.0000
vn -0.4668 0.8844 -0.0035
vn -0.4668 0.8844 -0.0000
vn 0.0166 0.0077 -0.9998
vn 0.0165 0.0077 -0.9998
vn 0.8261 -0.5635 0.0037
vn 0.8220 -0.5691 0.0212
vn 0.6314 -0.7754 0.0031
vn 0.6256 -0.7799 0.0203
vn 0.4281 -0.9037 0.0018
vn 0.4229 -0.9060 0.0163
vn 0.2204 -0.9754 0.0007
vn 0.2174 -0.9760 0.0112
vn -0.4226 -0.9063 -0.0000
vn -0.6174 -0.7866 -0.0000
vn -0.7955 -0.6059 -0.0000
vn -0.7956 -0.6058 -0.0100
vn 0.8274 -0.5616 -0.0000
vn 0.6333 -0.7739 -0.0000
vn 0.4298 -0.9029 -0.0000
vn 0.2212 -0.9752 -0.0000
vn 0.0120 -0.0259 0.9996
vn 0.0020 -0.0090 1.0000
vn 0.0154 -0.0194 0.9997
vn -0.0034 -0.0044 1.0000
vn -0.0157 -0.0115 0.9998
vn -0.0019 -0.0040 1.0000
vn -0.1844 -0.9828 0.0039
vn -0.7959 -0.6052 -0.0150
vn -0.0014 -1.0000 0.0075
vn -0.0334 -0.9994 -0.0000
vn -0.0334 0.9994 0.0001
vn -0.0334 0.9994 -0.0000
vn -0.0309 0.0254 0.9992
vn -0.0309 -0.0254 0.9992
vn -0.9996 0.0290 0.0056
vn -0.9996 0.0266 -0.0000
vn -0.9996 -0.0266 -0.0000
vn -0.0331 -0.9994 0.0120
vn -0.0332 -0.9994 0.0116
vn 0.9999 -0.0032 -0.0111
vn 0.9999 -0.0000 -0.0111
vn 0.0071 -0.0032 -1.0000
vn -0.0000 -0.0038 -1.0000
vn -0.0000 -0.0000 -1.0000
vn 0.0057 -0.0002 -1.0000
vn -0.0000 0.0111 -0.9999
vn 0.0163 0.0110 -0.9998
vn 0.0157 -0.0000 -0.9999
vn 0.9926 -0.1214 -0.0106
vn 0.9999 -0.0000 -0.0114
vn 1.0000 0.0080 0.0039
vn 0.9999 -0.0000 -0.0115
vn 0.9999 0.0090 -0.0094
vn 0.9999 0.0090 0.0134
vn -0.0068 -0.0052 -1.0000
vn -0.0088 -0.0110 -0.9999
vn 0.9999 -0.0000 -0.0127
vn -0.0037 -0.0007 -1.0000
vn -0.0269 -0.0094 -0.9996
vn -0.9904 -0.1379 -0.0136
vn -0.9904 -0.1379 -0.0121
vn -0.0000 1.0000 0.0039
vn 0.0165 0.9999 0.0039
vn -0.9969 -0.0783 -0.0114
vn -0.9999 -0.0000 -0.0116
vn -0.0000 -1.0000 -0.0086
vn -0.2074 -0.9782 -0.0098
vn -0.0090 -0.9999 -0.0114
vn 0.0090 -0.9999 -0.0114
vn 0.0129 -0.0000 -0.9999
vn 0.0107 0.0001 -0.9999
vn -0.0000 -0.0053 -1.0000
vn 0.0019 -0.0090 -1.0000
vn -0.9988 -0.0456 0.0150
vn -0.9998 -0.0105 0.0142
vn -1.0000 -0.0050 0.0075
vn -0.9992 -0.0406 0.0068
vn -0.0094 -0.9999 -0.0113
vn 0.0094 -0.9999 -0.0114
vn -0.0000 -0.0062 -1.0000
vn -0.4668 0.8844 0.0036
vn -0.4043 0.9146 0.0037
vn -0.0000 0.0079 1.0000
vn -0.0000 0.0078 1.0000
vn -0.0000 0.0077 1.0000
vn -0.9999 0.0034 0.0115
vn -0.6297 0.7768 0.0100
vn -0.6297 0.7768 -0.0113
vn -0.0039 0.0089 1.0000
vn -0.0022 0.0092 1.0000
vn -0.0000 -0.0088 -1.0000
vn -0.0485 -0.0000 -0.9988
vn -0.0023 0.0051 -1.0000
vn 0.0160 -0.0000 -0.9999
vn 0.0098 0.0009 -1.0000
vn -0.0080 -0.0004 -1.0000
vn -0.0051 0.0116 0.9999
vn -0.0052 0.0097 0.9999
vn -0.0076 0.0099 0.9999
vn -0.0052 0.0116 0.9999
vn -0.0000 -0.9999 -0.0114
vn -0.0012 0.0044 -1.0000
vn 0.9995 -0.0307 -0.0007
vn 1.0000 -0.0028 -0.0004
vn -0.0003 -0.0100 -0.9999
vn -0.0011 -0.0000 -1.0000
vn -0.0009 -0.0000 -1.0000
vn -0.0015 -0.0071 -1.0000
vn -0.0089 -0.0045 -1.0000
vn -0.9443 -0.3292 -0.0000
vn -0.8949 -0.4462 -0.0120
vn -0.9442 -0.3291 -0.0115
vn 0.0092 -0.0037 -1.0000
vn -0.0020 0.0045 -1.0000
vn 0.4186 -0.9081 -0.0117
vn 0.2074 -0.9782 -0.0099
vn 0.0074 -0.0037 -1.0000
vn 0.0061 -0.0046 -1.0000
vn 0.0113 -0.0142 -0.9998
vn 0.0078 -0.0170 -0.9998
vn -0.0066 -0.0142 -0.9999
vn -0.0000 0.9999 0.0113
vn -0.0000 0.9999 -0.0125
vn -0.0000 0.9999 -0.0126
vn 0.9999 -0.0024 -0.0123
vn 0.9995 -0.0303 -0.0130
vn -0.0042 0.0096 -0.9999
vn -0.0864 0.0065 -0.9962
vn 0.0092 0.0037 -1.0000
vn -0.0013 -0.0050 -1.0000
vn -0.1809 -0.9835 0.0020
vn -0.0007 -1.0000 0.0002
vn -0.0015 -0.0076 -1.0000
vn -0.0000 -0.0082 -1.0000
vn -0.1844 -0.9828 -0.0039
vn -0.0013 -1.0000 -0.0075
vn -0.3383 0.9410 0.0116
vn -0.4605 0.8876 0.0110
vn -0.4605 0.8876 -0.0106
vn -0.3383 0.9410 -0.0113
vn -0.0046 0.0095 0.9999
vn -0.0000 0.0076 1.0000
vn -0.0030 0.0071 1.0000
vn -0.0041 0.0098 0.9999
vn 0.0206 -0.0144 -0.9997
vn -0.9997 0.0211 0.0114
vn -0.9997 0.0211 -0.0112
vn -0.0001 1.0000 0.0040
vn -0.0090 0.9999 0.0128
vn -0.0004 0.9999 0.0130
vn -0.0000 0.9999 -0.0106
vn -0.0090 0.9999 -0.0105
vn -0.2638 0.9645 -0.0116
vn -0.2639 0.9645 0.0119
vn -0.0042 0.9999 0.0124
vn -0.0043 0.9999 -0.0120
vn -0.0056 0.0094 -0.9999
vn -0.0000 0.0095 -1.0000
vn 0.0069 -0.9999 -0.0114
vn 0.9956 -0.0934 -0.0115
vn 0.9432 -0.3319 -0.0119
vn 0.8948 -0.4462 -0.0110
vn 0.7931 -0.6090 -0.0111
vn 0.6240 -0.7813 -0.0121
vn -0.6240 -0.7813 -0.0130
vn -0.7931 -0.6090 -0.0127
vn -0.4186 -0.9081 -0.0120
vn -0.9809 -0.1941 -0.0116
vn 0.0163 0.9998 0.0112
vn 0.0163 0.9998 -0.0123
vn -0.0042 0.9999 0.0112
vn -0.0042 0.9999 -0.0126
vn 0.0242 -0.0023 -0.9997
vn 0.0356 -0.0124 -0.9993
vn 0.9999 -0.0000 -0.0110
vn 0.0080 -0.1146 -0.9934
vn -0.0079 -0.1146 -0.9934
vn -0.1375 0.0104 0.9904
vn -0.1371 0.0088 0.9905
vn -0.0039 0.0093 0.9999
vn -0.0010 -0.0017 1.0000
vn -0.0046 0.0109 0.9999
vn -0.0018 -0.9999 -0.0114
vn -0.0052 0.0094 -0.9999
vn -0.0045 0.0103 -0.9999
vn -0.0038 0.0105 0.9999
vn -0.0027 0.0093 1.0000
vn -0.6529 0.7574 0.0088
vn -0.6529 0.7574 -0.0097
vn -0.6529 0.7574 -0.0098
vn 0.0166 0.0077 0.9998
vn 0.0165 0.0077 0.9998
vn -0.0485 0.0001 -0.9988
vn -0.0070 0.9999 0.0129
vn -0.0071 0.9999 -0.0105
vn -0.4605 0.8876 -0.0107
vn -0.2328 0.9725 0.0039
vn -0.4425 0.8967 0.0036
vn -0.5159 0.8567 0.0034
vn -0.3196 0.9475 0.0038
vn -0.3305 0.9438 0.0037
vn -0.3386 0.9409 0.0037
vn 0.0425 0.9991 0.0040
vn 0.0433 0.9991 0.0040
vn 0.8219 -0.5692 -0.0212
vn 0.8261 -0.5635 -0.0037
vn 0.6227 -0.7822 -0.0203
vn 0.6314 -0.7754 -0.0031
vn 0.4228 -0.9061 -0.0163
vn 0.4280 -0.9038 -0.0018
vn 0.2174 -0.9760 -0.0112
vn 0.2204 -0.9754 -0.0007
vn -0.4227 -0.9063 0.0052
vn -0.6175 -0.7865 0.0077
vn -0.7956 -0.6058 0.0100
vn 0.0120 -0.0259 -0.9996
vn 0.0020 -0.0090 -1.0000
vn 0.0154 -0.0194 -0.9997
vn -0.0157 -0.0115 -0.9998
vn -0.0034 -0.0044 -1.0000
vn -0.0019 -0.0040 -1.0000
vn -0.4192 -0.9079 0.0026
vn -0.6178 -0.7863 0.0066
vn -0.7959 -0.6052 0.0150
vn -0.0332 0.9994 0.0119
vn -0.0332 0.9994 0.0116
vn -0.0309 -0.0254 -0.9992
vn -0.0309 0.0254 -0.9992
vn -0.9972 0.0733 -0.0126
vn -0.9996 0.0265 0.0112
vn -0.9996 -0.0265 0.0112
vn 0.0092 -0.0031 -1.0000
vn -0.0092 -0.0033 -1.0000
vn -0.9996 0.0265 -0.0112
vn -0.9996 -0.0265 -0.0112
vn -0.0331 0.9994 -0.0120
vn -0.0332 0.9994 -0.0116
vn -0.0332 -0.9994 -0.0116
vn -0.0332 -0.9994 -0.0119
vn 0.0092 -0.0031 1.0000
vn -0.0092 -0.0033 1.0000
vt 0.399394 0.138782
vt 0.326428 0.044910
vt 0.355560 0.029965
vt 0.354547 0.173352
vt 0.866409 0.560132
vt 0.794641 0.870243
vt 0.688880 0.870243
vt 0.971173 0.238889
vt 0.841729 0.870243
vt 0.329074 0.178812
vt 0.368142 0.197623
vt 0.379157 0.284959
vt 0.109222 0.793102
vt 0.100630 0.793076
vt 0.369756 0.490443
vt 0.079686 0.492693
vt 0.330239 0.392342
vt 0.379357 0.227333
vt 0.379174 0.239922
vt 0.971173 0.220944
vt 0.971173 0.212044
vt 0.971173 0.202957
vt 0.971173 0.193552
vt 0.971173 0.183477
vt 0.971173 0.172457
vt 0.971173 0.160599
vt 0.971173 0.148294
vt 0.971173 0.135989
vt 0.971173 0.124132
vt 0.971173 0.113112
vt 0.971173 0.103037
vt 0.971173 0.093631
vt 0.971173 0.084544
vt 0.971173 0.075644
vt 0.971173 0.261433
vt 0.361822 0.328854
vt 0.835833 0.560132
vt 0.380839 0.092719
vt 0.886646 0.238889
vt 0.841729 0.785717
vt 0.866409 0.475606
vt 0.794641 0.785717
vt 0.688880 0.785717
vt 0.100183 0.877273
vt 0.118501 0.793114
vt 0.128594 0.793109
vt 0.200957 0.877626
vt 0.513240 0.299136
vt 0.513240 0.350202
vt 0.513240 0.646365
vt 0.513240 0.531186
vt 0.513240 0.468074
vt 0.886646 0.160599
vt 0.886646 0.148294
vt 0.886646 0.075644
vt 0.886646 0.084544
vt 0.886646 0.093631
vt 0.886646 0.103037
vt 0.886646 0.113112
vt 0.886646 0.124132
vt 0.886646 0.135989
vt 0.886646 0.172457
vt 0.886646 0.183477
vt 0.886646 0.193552
vt 0.886646 0.202957
vt 0.886646 0.212044
vt 0.886646 0.220944
vt 0.886646 0.261433
vt 0.835833 0.475606
vt 0.513240 0.579622
vt 0.513240 0.188066
vt 0.139045 0.793097
vt 0.108458 0.877302
vt 0.117741 0.877335
vt 0.127835 0.877370
vt 0.138283 0.877406
vt 0.153596 0.877460
vt 0.200824 0.793113
vt 0.163785 0.877496
vt 0.174045 0.877531
vt 0.183875 0.877566
vt 0.192891 0.877597
vt 0.192882 0.793087
vt 0.183952 0.793073
vt 0.174166 0.793068
vt 0.163919 0.793070
vt 0.153725 0.793076
vt 0.819122 0.560132
vt 0.819122 0.475606
vt 0.831495 0.560132
vt 0.831495 0.475606
vt 0.189141 0.532634
vt 0.116174 0.626506
vt 0.145307 0.641451
vt 0.144294 0.498064
vt 0.866409 0.391079
vt 0.794641 0.701190
vt 0.688880 0.701190
vt 0.802120 0.238889
vt 0.841729 0.701190
vt 0.118820 0.492604
vt 0.157888 0.473792
vt 0.168904 0.386456
vt 0.108633 0.961506
vt 0.100041 0.961471
vt 0.159503 0.180973
vt 0.070785 0.436455
vt 0.119985 0.279074
vt 0.169104 0.444082
vt 0.168921 0.431494
vt 0.802120 0.220944
vt 0.802120 0.212044
vt 0.802120 0.202957
vt 0.802120 0.193552
vt 0.802120 0.183477
vt 0.802120 0.172457
vt 0.802120 0.160600
vt 0.802120 0.148294
vt 0.802120 0.135989
vt 0.802120 0.124132
vt 0.802120 0.113112
vt 0.802120 0.103037
vt 0.802120 0.093631
vt 0.802120 0.084544
vt 0.802120 0.075644
vt 0.802120 0.261433
vt 0.151569 0.342561
vt 0.835833 0.391079
vt 0.170586 0.578697
vt 0.117912 0.961559
vt 0.128005 0.961634
vt 0.138456 0.961720
vt 0.200233 0.962136
vt 0.192291 0.962106
vt 0.183361 0.962058
vt 0.173576 0.961994
vt 0.163329 0.961920
vt 0.153135 0.961842
vt 0.819122 0.391079
vt 0.831495 0.391079
vt 0.028815 0.002438
vt 0.017119 0.405660
vt 0.103080 0.159511
vt 0.211677 0.214734
vt 0.890550 0.590949
vt 0.017573 0.405650
vt 0.029048 0.002827
vt 0.999023 0.360262
vt 0.028594 0.002827
vt 0.103466 0.159737
vt 0.512879 0.898094
vt 0.015908 0.416396
vt 0.053019 0.000977
vt 0.013699 0.375672
vt 0.395065 0.669992
vt 0.016301 0.416169
vt 0.011691 0.703901
vt 0.014153 0.375672
vt 0.444779 0.764529
vt 0.016301 0.416623
vt 0.053473 0.000977
vt 0.011237 0.703901
vt 0.999023 0.238889
vt 0.041988 0.264389
vt 0.324284 0.169372
vt 0.041590 0.264186
vt 0.927217 0.967805
vt 0.011439 0.737602
vt 0.017119 0.358818
vt 0.034602 0.477047
vt 0.477997 0.764529
vt 0.017644 0.358818
vt 0.011237 0.737117
vt 0.425969 0.657543
vt 0.011691 0.737218
vt 0.035053 0.476954
vt 0.633060 0.387059
vt 0.722731 0.344838
vt 0.400175 0.313310
vt 0.723302 0.345073
vt 0.633060 0.386454
vt 0.722771 0.345441
vt 0.272191 0.364960
vt 0.014153 0.046830
vt 0.841729 0.898094
vt 0.013699 0.046830
vt 0.633060 0.190356
vt 0.700311 0.535809
vt 0.633060 0.190957
vt 0.700355 0.535209
vt 0.425969 0.128077
vt 0.700730 0.535413
vt 0.374961 0.001423
vt 0.723302 0.670070
vt 0.048276 0.592925
vt 0.927700 0.587983
vt 0.015111 0.703901
vt 0.048730 0.592950
vt 0.633060 0.054138
vt 0.048499 0.593341
vt 0.722837 0.670148
vt 0.014657 0.703901
vt 0.318132 0.024315
vt 0.048276 0.531661
vt 0.866409 0.587983
vt 0.048730 0.531661
vt 0.633060 0.073363
vt 0.719657 0.651188
vt 0.382143 0.019257
vt 0.720124 0.651110
vt 0.816832 0.587983
vt 0.283812 0.419732
vt 0.048730 0.482084
vt 0.272145 0.042840
vt 0.013079 0.413715
vt 0.048276 0.482084
vt 0.778788 0.363229
vt 0.048503 0.481691
vt 0.284266 0.419732
vt 0.013533 0.413715
vt 0.813865 0.363229
vt 0.016301 0.759161
vt 0.013533 0.378639
vt 0.043212 0.227601
vt 0.285252 0.075376
vt 0.016301 0.759615
vt 0.013079 0.378639
vt 0.007616 0.379024
vt 0.220751 0.646865
vt 0.015908 0.759388
vt 0.007162 0.379024
vt 0.042758 0.227601
vt 0.341065 0.162610
vt 0.032427 0.279786
vt 0.999023 0.220944
vt 0.032899 0.279861
vt 0.999023 0.160599
vt 0.032676 0.338374
vt 0.365590 0.111475
vt 0.032155 0.338262
vt 0.999023 0.212044
vt 0.030026 0.288285
vt 0.347921 0.157220
vt 0.029612 0.288041
vt 0.999023 0.202957
vt 0.027745 0.297081
vt 0.354317 0.151024
vt 0.027377 0.296661
vt 0.999023 0.193552
vt 0.026333 0.306380
vt 0.360403 0.143049
vt 0.025872 0.306579
vt 0.999023 0.183477
vt 0.026417 0.316454
vt 0.364487 0.133947
vt 0.025956 0.316555
vt 0.999023 0.172457
vt 0.028505 0.327275
vt 0.366346 0.123193
vt 0.028024 0.327270
vt 0.356108 0.088003
vt 0.045714 0.359742
vt 0.999023 0.135989
vt 0.045775 0.359152
vt 0.999023 0.075644
vt 0.098784 0.383578
vt 0.302882 0.068274
vt 0.098826 0.384030
vt 0.999023 0.124132
vt 0.053977 0.367715
vt 0.348519 0.079036
vt 0.053845 0.368221
vt 0.999023 0.113111
vt 0.062840 0.374263
vt 0.339710 0.072570
vt 0.062637 0.374710
vt 0.999023 0.103037
vt 0.071921 0.378626
vt 0.330438 0.068840
vt 0.071646 0.379035
vt 0.999023 0.093631
vt 0.080968 0.381199
vt 0.321020 0.067389
vt 0.080813 0.381641
vt 0.999023 0.084544
vt 0.089925 0.382727
vt 0.312065 0.067355
vt 0.089639 0.383147
vt 0.999023 0.148294
vt 0.038581 0.349169
vt 0.362090 0.099301
vt 0.038236 0.349374
vt 0.009163 0.744428
vt 0.017119 0.371946
vt 0.991878 0.552287
vt 0.224274 0.246007
vt 0.002230 0.763641
vt 0.009555 0.744199
vt 0.239849 0.442429
vt 0.992105 0.551894
vt 0.924251 0.590949
vt 0.009555 0.744656
vt 0.017573 0.371950
vt 0.239391 0.442429
vt 0.255058 0.322427
vt 0.007701 0.741386
vt 0.014153 0.000978
vt 0.991894 0.363749
vt 0.887583 0.898094
vt 0.008094 0.741613
vt 0.013699 0.000978
vt 0.242815 0.667174
vt 0.300179 0.765724
vt 0.007701 0.741840
vt 0.243269 0.667174
vt 0.992105 0.364150
vt 0.794641 0.898094
vt 0.013699 0.093917
vt 0.289785 0.408637
vt 0.014153 0.093917
vt 0.418612 0.470763
vt 0.079868 0.545363
vt 0.035053 0.663879
vt 0.700824 0.186987
vt 0.927217 0.780860
vt 0.079548 0.545699
vt 0.633060 0.547522
vt 0.034602 0.663992
vt 0.700385 0.187138
vt 0.329303 0.506739
vt 0.014153 0.199676
vt 0.688880 0.898094
vt 0.013699 0.199676
vt 0.028215 0.657673
vt 0.017119 0.250604
vt 0.007312 0.002027
vt 0.597445 0.000977
vt 0.006859 0.001887
vt 0.032539 0.001884
vt 0.448384 0.792059
vt 0.007206 0.001134
vt 0.017573 0.249828
vt 0.032014 0.001242
vt 0.398706 0.668526
vt 0.011691 0.707826
vt 0.448705 0.764529
vt 0.011237 0.707826
vt 0.444779 0.792380
vt 0.053473 0.028828
vt 0.512879 0.870243
vt 0.053019 0.028828
vt 0.954747 0.967805
vt 0.017371 0.279925
vt 0.017119 0.331289
vt 0.031636 0.473630
vt 0.000977 0.647925
vt 0.017119 0.279534
vt 0.031181 0.473534
vt 0.477997 0.792059
vt 0.017644 0.331289
vt 0.017573 0.279440
vt 0.660589 0.387059
vt 0.680732 0.201103
vt 0.660589 0.386454
vt 0.680695 0.201707
vt 0.747695 0.355830
vt 0.680178 0.201271
vt 0.778788 0.391079
vt 0.284266 0.447582
vt 0.816832 0.560132
vt 0.283812 0.447582
vt 0.001799 0.791668
vt 0.239845 0.470280
vt 0.924251 0.618800
vt 0.239391 0.470280
vt 0.887583 0.870243
vt 0.242815 0.639323
vt 0.300054 0.793545
vt 0.243269 0.639323
vt 0.890550 0.618800
vt 0.029048 0.030677
vt 0.971173 0.360262
vt 0.028594 0.030677
vt 0.927700 0.560453
vt 0.010364 0.418206
vt 0.015111 0.731430
vt 0.001431 0.703884
vt 0.736258 0.043053
vt 0.010364 0.417752
vt 0.683175 0.526939
vt 0.000977 0.703878
vt 0.660589 0.054138
vt 0.010754 0.417974
vt 0.014657 0.731430
vt 0.683621 0.526999
vt 0.660589 0.190356
vt 0.701872 0.392008
vt 0.700396 0.174782
vt 0.701469 0.391645
vt 0.660589 0.190957
vt 0.701821 0.391408
vt 0.660589 0.073363
vt 0.686197 0.507947
vt 0.731208 0.061604
vt 0.685751 0.507887
vt 0.954747 0.780860
vt 0.052019 0.545795
vt 0.660589 0.547522
vt 0.031636 0.660570
vt 0.701872 0.043270
vt 0.000996 0.460998
vt 0.747809 0.514287
vt 0.051696 0.545454
vt 0.031181 0.660456
vt 0.701427 0.043122
vt 0.200534 0.765268
vt 0.903866 0.410640
vt 0.347753 0.285199
vt 0.903517 0.410310
vt 0.769067 0.410869
vt 0.002589 0.300125
vt 0.597445 0.299136
vt 0.002137 0.300003
vt 0.720119 0.468968
vt 0.633060 0.260085
vt 0.633060 0.260687
vt 0.720136 0.468367
vt 0.403288 0.193946
vt 0.720652 0.468659
vt 0.730691 0.237723
vt 0.681791 0.324621
vt 0.660591 0.260686
vt 0.682327 0.324480
vt 0.682345 0.325081
vt 0.660589 0.260085
vt 0.633060 0.289541
vt 0.713380 0.440316
vt 0.414194 0.221030
vt 0.713819 0.440273
vt 0.723036 0.265830
vt 0.688959 0.296387
vt 0.660755 0.289540
vt 0.689424 0.296512
vt 0.898873 0.587983
vt 0.048730 0.564124
vt 0.348377 0.012132
vt 0.048276 0.564267
vt 0.597445 0.665590
vt 0.014311 0.751649
vt 0.039607 0.175290
vt 0.041890 0.650797
vt 0.775701 0.053791
vt 0.013873 0.751791
vt 0.039150 0.175228
vt 0.000977 0.744756
vt 0.886176 0.560453
vt 0.013873 0.750997
vt 0.001431 0.745408
vt 0.041436 0.651439
vt 0.766028 0.359913
vt 0.001430 0.351159
vt 0.597445 0.350202
vt 0.000978 0.351057
vt 0.597445 0.646365
vt 0.037035 0.194342
vt 0.770651 0.072341
vt 0.036578 0.194281
vt 0.740390 0.183492
vt 0.021166 0.308442
vt 0.597445 0.531186
vt 0.021627 0.308487
vt 0.597445 0.468074
vt 0.031817 0.370770
vt 0.749728 0.245832
vt 0.031341 0.370651
vt 0.009060 0.385048
vt 0.021593 0.403442
vt 0.597445 0.436380
vt 0.758479 0.276045
vt 0.008664 0.384653
vt 0.021128 0.403130
vt 0.039226 0.401101
vt 0.009060 0.384435
vt 0.039607 0.400858
vt 0.597445 0.436994
vt 0.422453 0.241538
vt 0.708644 0.418780
vt 0.708263 0.419065
vt 0.633060 0.311399
vt 0.708249 0.418461
vt 0.633060 0.312004
vt 0.694985 0.275373
vt 0.660592 0.311399
vt 0.717211 0.287227
vt 0.694600 0.274942
vt 0.694999 0.274768
vt 0.660589 0.312004
vt 0.021470 0.424489
vt 0.597445 0.415332
vt 0.021593 0.425096
vt 0.006830 0.415302
vt 0.597445 0.414713
vt 0.751722 0.296661
vt 0.021000 0.424825
vt 0.007312 0.415741
vt 0.220751 0.619014
vt 0.042758 0.199751
vt 0.813865 0.391079
vt 0.043212 0.199751
vt 0.053022 0.244724
vt 0.303348 0.177807
vt 0.999023 0.261433
vt 0.053407 0.244951
vt 0.464301 0.764529
vt 0.011237 0.723422
vt 0.413215 0.662681
vt 0.011691 0.723468
vt 0.464066 0.792059
vt 0.017573 0.265510
vt 0.014183 0.652651
vt 0.017119 0.265507
vt 0.597445 0.188066
vt 0.004652 0.188962
vt 0.028215 0.470716
vt 0.775701 0.521856
vt 0.051696 0.516553
vt 0.005172 0.188971
vt 0.289771 0.035740
vt 0.048276 0.501085
vt 0.835833 0.587983
vt 0.048730 0.501085
vt 0.633060 0.141017
vt 0.708470 0.584467
vt 0.407419 0.082012
vt 0.708938 0.584388
vt 0.713438 0.126875
vt 0.694815 0.440848
vt 0.660589 0.141017
vt 0.695261 0.440902
vt 0.597445 0.579622
vt 0.028107 0.260486
vt 0.753117 0.136748
vt 0.027649 0.260431
vt 0.660589 0.433826
vt 0.695700 0.156797
vt 0.735322 0.401284
vt 0.695255 0.156642
vt 0.633060 0.433826
vt 0.707533 0.300609
vt 0.417802 0.357069
vt 0.707971 0.300458
vt 0.513240 0.000977
vt 0.032539 0.086089
vt 0.448384 0.876906
vt 0.032014 0.086089
vt 0.890550 0.703326
vt 0.029048 0.115201
vt 0.886647 0.360262
vt 0.028594 0.115201
vt 0.444779 0.876906
vt 0.053473 0.113358
vt 0.512879 0.785717
vt 0.053019 0.113358
vt 0.778788 0.475606
vt 0.284266 0.532106
vt 0.816832 0.475606
vt 0.283812 0.532106
vt 0.000977 0.876927
vt 0.239845 0.554805
vt 0.924251 0.703326
vt 0.239391 0.554805
vt 0.887583 0.785717
vt 0.242815 0.554798
vt 0.299730 0.877971
vt 0.243269 0.554798
vt 0.886176 0.475606
vt 0.041435 0.566594
vt 0.513240 0.665590
vt 0.041889 0.566594
vt 0.513240 0.436994
vt 0.513240 0.436380
vt 0.513240 0.415332
vt 0.513240 0.414713
vt 0.220751 0.534488
vt 0.042758 0.115227
vt 0.813865 0.475606
vt 0.043212 0.115227
vt 0.101412 0.765232
vt 0.907060 0.501531
vt 0.906770 0.501874
vt 0.316556 0.210383
vt 0.139643 0.765261
vt 0.890963 0.467561
vt 0.348649 0.228967
vt 0.890555 0.467490
vt 0.341714 0.220907
vt 0.893084 0.477818
vt 0.129159 0.765279
vt 0.893463 0.477730
vt 0.119024 0.765288
vt 0.897060 0.487187
vt 0.333395 0.214703
vt 0.896770 0.487519
vt 0.324753 0.211118
vt 0.901359 0.495672
vt 0.109700 0.765277
vt 0.901626 0.495295
vt 0.153723 0.765239
vt 0.889537 0.453566
vt 0.354941 0.241526
vt 0.889143 0.453514
vt 0.192723 0.765239
vt 0.898451 0.416278
vt 0.353229 0.279328
vt 0.897956 0.416100
vt 0.183889 0.765225
vt 0.894098 0.423972
vt 0.356819 0.271400
vt 0.893667 0.423673
vt 0.174157 0.765224
vt 0.891109 0.433239
vt 0.358400 0.261957
vt 0.890720 0.432783
vt 0.163926 0.765230
vt 0.889627 0.443365
vt 0.357825 0.251938
vt 0.889254 0.442710
vt 0.819122 0.587983
vt 0.048730 0.484374
vt 0.274270 0.041984
vt 0.048276 0.484374
vt 0.287674 0.074401
vt 0.010906 0.748632
vt 0.014425 0.756432
vt 0.007616 0.381635
vt 0.021149 0.018845
vt 0.223717 0.434568
vt 0.014425 0.755646
vt 0.046633 0.000977
vt 0.021603 0.018203
vt 0.218781 0.646865
vt 0.014860 0.755777
vt 0.007162 0.380993
vt 0.046179 0.000977
vt 0.218781 0.619014
vt 0.046179 0.028829
vt 0.223717 0.462419
vt 0.046633 0.028829
vt 0.223717 0.546946
vt 0.046633 0.113359
vt 0.218781 0.534488
vt 0.046179 0.113359
vt 0.831495 0.587983
vt 0.048730 0.496747
vt 0.285746 0.037361
vt 0.048276 0.496747
vt 0.999023 0.071627
vt 0.001710 0.436397
vt 0.102780 0.383163
vt 0.050053 0.000977
vt 0.327137 0.764836
vt 0.049599 0.000977
vt 0.001431 0.436755
vt 0.010906 0.760363
vt 0.298555 0.070017
vt 0.103466 0.383548
vt 0.000977 0.436113
vt 0.971173 0.071627
vt 0.050053 0.028827
vt 0.327137 0.792686
vt 0.049599 0.028827
vt 0.886646 0.071627
vt 0.050053 0.113353
vt 0.327137 0.877212
vt 0.049599 0.113353
vt 0.000977 0.760363
vt 0.019879 0.361580
vt 0.013873 0.656490
vt 0.000977 0.446043
vt 0.317849 0.764836
vt 0.020272 0.361807
vt 0.235971 0.655730
vt 0.001431 0.446043
vt 0.314883 0.759538
vt 0.019879 0.362034
vt 0.014327 0.656490
vt 0.236425 0.655730
vt 0.000977 0.748632
vt 0.017686 0.658659
vt 0.013873 0.668220
vt 0.021149 0.008915
vt 0.303152 0.759538
vt 0.017293 0.658886
vt 0.014327 0.668220
vt 0.025305 0.231602
vt 0.233005 0.434568
vt 0.017293 0.658432
vt 0.025759 0.231586
vt 0.021603 0.008915
vt 0.317849 0.792686
vt 0.235971 0.627879
vt 0.314883 0.787389
vt 0.236425 0.627879
vt 0.233005 0.462419
vt 0.024746 0.203754
vt 0.303152 0.787389
vt 0.024292 0.203770
vt 0.317849 0.877212
vt 0.235971 0.543354
vt 0.314883 0.871915
vt 0.236425 0.543354
vt 0.303152 0.871915
vt 0.021219 0.119302
vt 0.233005 0.546946
vt 0.021673 0.119285
vt 0.001423 0.456681
vt 0.028815 0.227964
vt 0.021603 0.246630
vt 0.279913 0.497464
vt 0.774270 0.360262
vt 0.028594 0.227574
vt 0.280299 0.497238
vt 0.890550 0.815703
vt 0.021149 0.246621
vt 0.029048 0.227574
vt 0.512879 0.673340
vt 0.053019 0.225739
vt 0.010733 0.375684
vt 0.444779 0.989283
vt 0.010506 0.376077
vt 0.053473 0.225739
vt 0.008271 0.703901
vt 0.184811 0.001423
vt 0.007817 0.703901
vt 0.010279 0.375684
vt 0.114031 0.502044
vt 0.218423 0.392790
vt 0.774270 0.238889
vt 0.218822 0.392588
vt 0.927217 0.590949
vt 0.008070 0.737602
vt 0.021065 0.278646
vt 0.038469 0.476340
vt 0.215716 0.013872
vt 0.007817 0.737218
vt 0.038019 0.476247
vt 0.477997 0.989283
vt 0.020540 0.278646
vt 0.008271 0.737117
vt 0.164677 0.700935
vt 0.687650 0.198671
vt 0.165282 0.700935
vt 0.687610 0.199274
vt 0.189922 0.358105
vt 0.687079 0.198907
vt 0.841729 0.673340
vt 0.010732 0.046832
vt 0.061937 0.306456
vt 0.010278 0.046832
vt 0.361380 0.700935
vt 0.710069 0.389643
vt 0.215716 0.543339
vt 0.709650 0.389247
vt 0.360779 0.700935
vt 0.710026 0.389043
vt 0.164707 0.669992
vt 0.687079 0.523906
vt 0.045310 0.594062
vt 0.497598 0.700935
vt 0.045087 0.594478
vt 0.687544 0.523985
vt 0.021065 0.330856
vt 0.927700 0.363229
vt 0.020611 0.330856
vt 0.044856 0.594087
vt 0.866409 0.363229
vt 0.044856 0.532798
vt 0.107878 0.647100
vt 0.045310 0.532798
vt 0.171890 0.652159
vt 0.690257 0.504946
vt 0.478373 0.700935
vt 0.690723 0.505024
vt 0.816832 0.363229
vt 0.283812 0.644479
vt 0.044856 0.483222
vt 0.778788 0.587983
vt 0.045083 0.482829
vt 0.284266 0.644479
vt 0.004397 0.738979
vt 0.061892 0.628576
vt 0.004851 0.738979
vt 0.045310 0.483222
vt 0.813865 0.587983
vt 0.004397 0.703901
vt 0.043212 0.002853
vt 0.220751 0.422110
vt 0.000977 0.194278
vt 0.042758 0.002853
vt 0.074998 0.596039
vt 0.042985 0.002460
vt 0.004851 0.703901
vt 0.001430 0.194278
vt 0.774270 0.220944
vt 0.209733 0.377115
vt 0.130811 0.508805
vt 0.209261 0.377190
vt 0.155336 0.559940
vt 0.208989 0.318715
vt 0.774270 0.160600
vt 0.209509 0.318603
vt 0.137668 0.514195
vt 0.206446 0.368936
vt 0.774270 0.212044
vt 0.206860 0.368692
vt 0.144063 0.520391
vt 0.204211 0.360316
vt 0.774270 0.202957
vt 0.204579 0.359896
vt 0.150149 0.528367
vt 0.202706 0.350398
vt 0.774270 0.193552
vt 0.203167 0.350597
vt 0.154234 0.537468
vt 0.202790 0.340422
vt 0.774270 0.183477
vt 0.203250 0.340523
vt 0.156092 0.548222
vt 0.204858 0.329707
vt 0.774270 0.172457
vt 0.205339 0.329702
vt 0.774269 0.135989
vt 0.222609 0.297825
vt 0.145854 0.583412
vt 0.222548 0.297235
vt 0.092629 0.603141
vt 0.275659 0.272947
vt 0.774270 0.075644
vt 0.275618 0.273399
vt 0.138266 0.592380
vt 0.230679 0.288757
vt 0.774270 0.124132
vt 0.230811 0.289262
vt 0.129456 0.598845
vt 0.239470 0.282267
vt 0.774269 0.113112
vt 0.239674 0.282714
vt 0.120185 0.602576
vt 0.248479 0.277942
vt 0.774269 0.103037
vt 0.248755 0.278351
vt 0.110766 0.604027
vt 0.257646 0.275336
vt 0.774269 0.093631
vt 0.257801 0.275778
vt 0.101812 0.604060
vt 0.266472 0.273830
vt 0.774270 0.084544
vt 0.266758 0.274250
vt 0.151837 0.572115
vt 0.215069 0.307603
vt 0.774269 0.148294
vt 0.215415 0.307808
vt 0.014021 0.425408
vt 0.001369 0.651445
vt 0.021603 0.212916
vt 0.433201 0.767689
vt 0.924251 0.815703
vt 0.000977 0.651673
vt 0.021149 0.212921
vt 0.239391 0.667181
vt 0.001438 0.990218
vt 0.000977 0.651216
vt 0.239849 0.667181
vt 0.433429 0.768082
vt 0.044804 0.348988
vt 0.000977 0.669995
vt 0.010279 0.000978
vt 0.433217 0.956230
vt 0.299394 0.990218
vt 0.001370 0.670222
vt 0.243269 0.442423
vt 0.433429 0.955828
vt 0.887583 0.673340
vt 0.000977 0.670449
vt 0.010733 0.000978
vt 0.242815 0.442423
vt 0.079532 0.262778
vt 0.010278 0.093920
vt 0.794641 0.673340
vt 0.010732 0.093920
vt 0.927217 0.777894
vt 0.070648 0.383448
vt 0.004214 0.700935
vt 0.038469 0.663285
vt 0.710001 0.040972
vt 0.208358 0.200653
vt 0.070968 0.383785
vt 0.038019 0.663172
vt 0.709562 0.040821
vt 0.688880 0.673340
vt 0.010733 0.199682
vt 0.119049 0.164677
vt 0.010279 0.199682
vt 0.245959 0.001599
vt 0.020994 0.370884
vt 0.632666 0.001951
vt 0.448384 0.961753
vt 0.632835 0.001067
vt 0.020540 0.370107
vt 0.032014 0.170936
vt 0.429035 0.000977
vt 0.633127 0.001843
vt 0.032539 0.170294
vt 0.188452 0.002890
vt 0.007817 0.707826
vt 0.448705 0.989283
vt 0.008271 0.707826
vt 0.512879 0.701190
vt 0.053019 0.197887
vt 0.444779 0.961433
vt 0.053473 0.197888
vt 0.954747 0.590949
vt 0.021065 0.251116
vt 0.000977 0.001416
vt 0.477997 0.961753
vt 0.020540 0.251116
vt 0.020540 0.399719
vt 0.218722 0.011347
vt 0.020801 0.250733
vt 0.020994 0.399813
vt 0.001432 0.001320
vt 0.164677 0.673405
vt 0.684705 0.159503
vt 0.196799 0.732028
vt 0.685260 0.159672
vt 0.165282 0.673405
vt 0.684742 0.160107
vt 0.816832 0.391079
vt 0.283812 0.616629
vt 0.778788 0.560132
vt 0.284266 0.616629
vt 0.924251 0.787852
vt 0.239391 0.639331
vt 0.001203 0.962188
vt 0.239845 0.639331
vt 0.299464 0.962397
vt 0.243269 0.470274
vt 0.887583 0.701190
vt 0.242815 0.470274
vt 0.802120 0.360262
vt 0.028594 0.199724
vt 0.890550 0.787852
vt 0.029048 0.199724
vt 0.927700 0.390758
vt 0.020611 0.358385
vt 0.001431 0.431271
vt 0.497598 0.673405
vt 0.001205 0.431664
vt 0.021065 0.358385
vt 0.681816 0.485399
vt 0.509575 0.743465
vt 0.682262 0.485339
vt 0.000977 0.431277
vt 0.361380 0.673405
vt 0.663564 0.350411
vt 0.360779 0.673405
vt 0.663615 0.349812
vt 0.377846 0.779327
vt 0.663967 0.350049
vt 0.491025 0.748515
vt 0.679686 0.466287
vt 0.478373 0.673405
vt 0.679240 0.466348
vt 0.218741 0.198274
vt 0.038342 0.731914
vt 0.042796 0.383694
vt 0.001432 0.188249
vt 0.664009 0.001516
vt 0.954747 0.777894
vt 0.043118 0.383353
vt 0.004214 0.673405
vt 0.000977 0.188363
vt 0.663564 0.001665
vt 0.137499 0.386217
vt 0.344842 0.909666
vt 0.199748 0.989978
vt 0.345190 0.909336
vt 0.429035 0.299136
vt 0.616545 0.299541
vt 0.141759 0.710656
vt 0.616086 0.299630
vt 0.193035 0.477469
vt 0.689728 0.322492
vt 0.291050 0.700935
vt 0.690244 0.322200
vt 0.690261 0.322802
vt 0.291651 0.700935
vt 0.683092 0.283484
vt 0.291651 0.673405
vt 0.291050 0.673403
vt 0.683109 0.282883
vt 0.314905 0.749032
vt 0.683645 0.283025
vt 0.203941 0.450385
vt 0.696561 0.294106
vt 0.262196 0.700935
vt 0.696999 0.294149
vt 0.262196 0.673240
vt 0.676012 0.254915
vt 0.286798 0.756687
vt 0.676477 0.254790
vt 0.138123 0.659284
vt 0.045310 0.565404
vt 0.898873 0.363229
vt 0.044856 0.565261
vt 0.429035 0.665590
vt 0.014864 0.420582
vt 0.633127 0.660119
vt 0.041890 0.482391
vt 0.886176 0.390758
vt 0.014425 0.421235
vt 0.001431 0.389747
vt 0.041436 0.481749
vt 0.498838 0.704022
vt 0.014425 0.420441
vt 0.632680 0.660230
vt 0.000977 0.390399
vt 0.429035 0.350202
vt 0.614055 0.350548
vt 0.192715 0.713695
vt 0.613597 0.350617
vt 0.480287 0.709072
vt 0.628066 0.641566
vt 0.429035 0.646365
vt 0.628514 0.641455
vt 0.429035 0.531186
vt 0.600875 0.529638
vt 0.369136 0.739333
vt 0.600421 0.529733
vt 0.306796 0.729995
vt 0.603824 0.466788
vt 0.429035 0.468074
vt 0.604284 0.466618
vt 0.608754 0.435251
vt 0.429035 0.436380
vt 0.608782 0.435864
vt 0.429035 0.436994
vt 0.276583 0.721244
vt 0.608376 0.435664
vt 0.702130 0.272293
vt 0.239732 0.700935
vt 0.702117 0.272898
vt 0.240337 0.700935
vt 0.212200 0.429878
vt 0.701736 0.272613
vt 0.670451 0.233775
vt 0.240337 0.673403
vt 0.670437 0.233171
vt 0.239732 0.673405
vt 0.265402 0.762512
vt 0.670836 0.233344
vt 0.255967 0.728001
vt 0.603117 0.414616
vt 0.603629 0.414212
vt 0.429035 0.414713
vt 0.603653 0.414830
vt 0.429035 0.415332
vt 0.813865 0.560132
vt 0.043212 0.030703
vt 0.220751 0.449961
vt 0.042758 0.030703
vt 0.774270 0.261433
vt 0.230241 0.412026
vt 0.093094 0.493609
vt 0.229855 0.412252
vt 0.202962 0.008735
vt 0.007817 0.723468
vt 0.464301 0.989283
vt 0.008271 0.723422
vt 0.231928 0.006621
vt 0.020994 0.385787
vt 0.464066 0.961753
vt 0.020540 0.385789
vt 0.245959 0.188556
vt 0.030772 0.704022
vt 0.042796 0.412595
vt 0.621447 0.188573
vt 0.429035 0.188066
vt 0.621967 0.188602
vt 0.835833 0.363229
vt 0.044856 0.502223
vt 0.079517 0.635676
vt 0.045310 0.502223
vt 0.197165 0.589404
vt 0.701442 0.438223
vt 0.410719 0.700935
vt 0.701910 0.438302
vt 0.410719 0.673405
vt 0.670175 0.399304
vt 0.425753 0.766285
vt 0.670621 0.399251
vt 0.415881 0.726606
vt 0.612047 0.576764
vt 0.429035 0.579622
vt 0.612498 0.576660
vt 0.151344 0.744401
vt 0.670182 0.115041
vt 0.117910 0.673405
vt 0.669737 0.115195
vt 0.207548 0.314346
vt 0.702410 0.154292
vt 0.117910 0.700935
vt 0.702848 0.154443
vt 0.106302 0.461033
vt 0.348094 0.818104
vt 0.100628 0.989320
vt 0.348384 0.818446
vt 0.138395 0.442449
vt 0.331880 0.852487
vt 0.138859 0.989559
vt 0.332288 0.852416
vt 0.128375 0.989468
vt 0.334787 0.842247
vt 0.131461 0.450509
vt 0.334409 0.842160
vt 0.123141 0.456713
vt 0.338094 0.832459
vt 0.118241 0.989388
vt 0.338384 0.832791
vt 0.114500 0.460298
vt 0.342684 0.824306
vt 0.108917 0.989333
vt 0.342951 0.824683
vt 0.144687 0.429890
vt 0.330467 0.866463
vt 0.152938 0.989679
vt 0.330862 0.866411
vt 0.142976 0.392087
vt 0.339280 0.903877
vt 0.191938 0.989952
vt 0.339775 0.903699
vt 0.146566 0.400015
vt 0.334992 0.896304
vt 0.183104 0.989904
vt 0.335422 0.896005
vt 0.148147 0.409459
vt 0.332045 0.887194
vt 0.173372 0.989837
vt 0.332434 0.886738
vt 0.147571 0.419477
vt 0.330579 0.877267
vt 0.163141 0.989760
vt 0.330952 0.876613
vt 0.064016 0.629432
vt 0.045310 0.485512
vt 0.819122 0.363229
vt 0.044856 0.485512
vt 0.218781 0.422110
vt 0.000977 0.192309
vt 0.046179 0.225741
vt 0.223717 0.659323
vt 0.046633 0.225741
vt 0.025456 0.002052
vt 0.077420 0.597015
vt 0.010906 0.666799
vt 0.046406 0.226493
vt 0.001430 0.191667
vt 0.025759 0.001326
vt 0.223717 0.631472
vt 0.046633 0.197889
vt 0.218781 0.449961
vt 0.046179 0.197889
vt 0.075493 0.634055
vt 0.045310 0.497885
vt 0.831495 0.363229
vt 0.044856 0.497885
vt 0.774270 0.071627
vt 0.279614 0.273814
vt 0.050053 0.225730
vt 0.088302 0.601398
vt 0.010906 0.655068
vt 0.049826 0.226482
vt 0.280299 0.273429
vt 0.014879 0.737844
vt 0.327137 0.989589
vt 0.049599 0.225730
vt 0.014425 0.738486
vt 0.327137 0.961739
vt 0.049599 0.197879
vt 0.802120 0.071627
vt 0.050053 0.197879
vt 0.000977 0.655068
vt 0.021149 0.365180
vt 0.004851 0.419004
vt 0.014879 0.747774
vt 0.314883 0.984292
vt 0.021149 0.364726
vt 0.004397 0.419004
vt 0.236425 0.430977
vt 0.317849 0.989589
vt 0.021543 0.364953
vt 0.235971 0.430977
vt 0.014425 0.747774
vt 0.000977 0.666799
vt 0.004851 0.430735
vt 0.017345 0.006601
vt 0.233005 0.659323
vt 0.017587 0.006985
vt 0.303152 0.984292
vt 0.004397 0.430735
vt 0.017133 0.007002
vt 0.314883 0.956442
vt 0.236425 0.458828
vt 0.317849 0.961739
vt 0.235971 0.458828
vt 0.303152 0.956442
vt 0.018146 0.034833
vt 0.233005 0.631472
vt 0.018599 0.034817
s 1
usemtl MT03_Wall_Ramp_Hero
f 6500/13711/1378 6752/14188/1379 6607/13824/1380 6699/14058/1381
f 6475/13685/1382 6472/13682/1382 6507/13718/1382 6505/13716/1382
f 6484/13695/1383 6740/14162/1384 6617/13855/1385 6478/13688/1383
f 6716/14104/1386 6477/13687/1383 6467/13677/1383 6623/13867/1387
f 6553/13764/1378 6811/14304/1388 6631/13887/1389 6693/14046/1390
f 6728/14132/1391 6700/14060/1392 6625/13872/1393 6724/14120/1394
f 6469/13679/1383 6658/13951/1395 6660/13955/1396
f 6471/13681/1378 6728/14132/1391 6724/14120/1394 6628/13881/1397
f 6494/13705/1398 6655/13945/1399 6652/13939/1400 6493/13704/1401
f 6815/14317/1402 6816/14321/1403 6749/14182/1403 6636/13905/1404
f 6500/13711/1378 6699/14058/1381 6774/14234/1381 6533/13744/1378
f 6610/13835/1405 6683/14022/1406 6681/14016/1407 6684/14024/1408
f 6654/13943/1409 6468/13678/1383 6664/13963/1410
f 6634/13897/1411 6750/14184/1412 6692/14044/1413 6633/13893/1414
f 6762/14210/1415 6503/13714/1383 6469/13679/1383 6630/13885/1415
f 6467/13677/1383 6640/13915/1416 6666/13967/1417 6503/13714/1383
f 6791/14264/1418 6480/13690/1419 6694/14048/1420 6668/13973/1421
f 6695/14050/1422 6698/14056/1423 6606/13821/1424 6669/13977/1425
f 6477/13687/1383 6470/13680/1383 6467/13677/1383
f 6623/13867/1387 6467/13677/1383 6503/13714/1383 6762/14210/1415
f 6737/14154/1426 6786/14257/1427 6787/14258/1428 6746/14175/1429
f 6707/14080/1430 6732/14142/1431 6766/14218/1432 6763/14212/1431
f 6781/14248/1433 6696/14052/1433 6475/13685/1382 6505/13716/1382
f 6683/14022/1406 6753/14190/1434 6755/14194/1435 6681/14016/1407
f 6690/14040/1436 6618/13857/1437 6742/14167/1438 6745/14173/1436
f 6763/14212/1431 6766/14218/1432 6733/14144/1439 6704/14074/1440
f 6684/14024/1408 6681/14016/1407 6772/14230/1441 6775/14236/1442
f 6482/13693/1383 6481/13691/1443 6677/14006/1444 6674/13995/1445
f 6670/13981/1446 6711/14094/1447 6501/13712/1383 6619/13859/1448
f 6780/14246/1422 6773/14232/1423 6698/14056/1423 6695/14050/1422
f 6509/13720/1449 6779/14244/1450 6694/14048/1420 6480/13690/1419
f 6612/13841/1451 6476/13686/1383 6792/14267/1452 6751/14187/1453
f 6507/13718/1382 6472/13682/1382 6473/13683/1382 6508/13719/1382
f 6536/13747/1454 6771/14228/1455 6680/14013/1456 6757/14198/1457
f 6472/13682/1382 6475/13685/1382 6620/13861/1458 6673/13993/1458
f 6769/14224/1459 6616/13853/1460 6689/14038/1461 6767/14220/1462
f 6543/13754/1463 6697/14054/1464 6782/14250/1465 6512/13723/1466
f 6677/14006/1444 6481/13691/1443 6754/14192/1467 6682/14020/1468 6609/13831/1469
f 6503/13714/1383 6666/13967/1417 6651/13937/1470 6469/13679/1383
f 6469/13679/1383 6660/13955/1396 6662/13959/1471 6468/13678/1383
f 6498/13709/1472 6663/13961/1473 6661/13957/1474 6497/13708/1475
f 6468/13678/1383 6662/13959/1471 6664/13963/1410
f 6656/13947/1476 6658/13951/1395 6469/13679/1383
f 6491/13702/1477 6639/13913/1478 6649/13933/1479 6490/13701/1480
f 6644/13923/1481 6646/13927/1482 6467/13677/1383 6470/13680/1383
f 6646/13927/1482 6648/13931/1483 6467/13677/1383
f 6648/13931/1483 6650/13935/1484 6467/13677/1383
f 6651/13937/1470 6656/13947/1476 6469/13679/1383
f 6650/13935/1484 6640/13915/1416 6467/13677/1383
f 6764/14214/1485 6761/14208/1486 6629/13883/1487 6706/14078/1485
f 6476/13686/1383 6470/13680/1383 6477/13687/1383
f 6672/13989/1488 6697/14054/1464 6543/13754/1463 6710/14092/1489
f 6481/13691/1443 6675/13997/1490 6615/13850/1491 6754/14192/1467
f 6821/14331/1492 6824/14341/1493 6813/14308/1494 6812/14306/1495
f 6537/13748/1496 6552/13763/1497 6542/13753/1498 6541/13752/1499
f 6483/13694/1383 6484/13695/1383 6802/14286/1500 6794/14270/1501
f 6796/14274/1502 6511/13722/1503 6510/13721/1504 6797/14276/1505
f 6686/14028/1506 6613/13843/1507 6676/14001/1508 6708/14082/1509
f 6717/14106/1510 6736/14150/1511 6738/14155/1512 6722/14116/1513
f 6711/14094/1447 6804/14290/1514 6478/13688/1383
f 6481/13691/1443 6482/13693/1383 6770/14226/1515 6675/13997/1490
f 6611/13839/1516 6474/13684/1378 6485/13696/1517 6638/13911/1518
f 6731/14140/1519 6726/14124/1520 6784/14254/1521 6515/13726/1522
f 6743/14169/1523 6741/14165/1524 6720/14112/1525 6723/14118/1526
f 6711/14094/1447 6478/13688/1383 6617/13855/1385 6501/13712/1383
f 6483/13694/1383 6721/14114/1527 6740/14162/1384 6484/13695/1383
f 6501/13712/1383 6482/13693/1383 6674/13995/1445 6619/13859/1448
f 6486/13697/1528 6641/13917/1529 6638/13911/1518 6485/13696/1517
f 6487/13698/1530 6643/13921/1531 6641/13917/1529 6486/13697/1528
f 6488/13699/1532 6645/13925/1533 6643/13921/1531 6487/13698/1530
f 6489/13700/1534 6647/13929/1535 6645/13925/1533 6488/13699/1532
f 6490/13701/1480 6649/13933/1479 6647/13929/1535 6489/13700/1534
f 6496/13707/1536 6659/13953/1537 6657/13949/1538 6495/13706/1539
f 6495/13706/1539 6657/13949/1538 6655/13945/1399 6494/13705/1398
f 6493/13704/1401 6652/13939/1400 6665/13965/1540 6492/13703/1382
f 6497/13708/1475 6661/13957/1474 6659/13953/1537 6496/13707/1536
f 6653/13941/1541 6499/13710/1542 6825/14344/1543 6822/14333/1544
f 6704/14074/1440 6733/14144/1439 6736/14150/1511 6717/14106/1510
f 6627/13879/1545 6468/13678/1383 6654/13943/1409 6759/14204/1546
f 6706/14078/1485 6629/13883/1487 6626/13875/1547 6702/14068/1548
f 6703/14072/1549 6621/13863/1550 6761/14208/1486 6764/14214/1485
f 6729/14136/1551 6691/14042/1552 6744/14170/1553 6748/14179/1554
f 6482/13693/1383 6501/13712/1383 6617/13855/1385 6770/14226/1515
f 6722/14116/1513 6738/14155/1512 6748/14179/1554 6744/14170/1553
f 6637/13909/1555 6642/13919/1556 6470/13680/1383
f 6520/13731/1542 6499/13710/1542 6498/13709/1472 6521/13732/1557
f 6521/13732/1557 6498/13709/1472 6497/13708/1475 6522/13733/1475
f 6522/13733/1475 6497/13708/1475 6496/13707/1536 6523/13734/1536
f 6523/13734/1536 6496/13707/1536 6495/13706/1539 6524/13735/1539
f 6524/13735/1539 6495/13706/1539 6494/13705/1398 6525/13736/1398
f 6525/13736/1398 6494/13705/1398 6493/13704/1401 6526/13737/1401
f 6526/13737/1401 6493/13704/1401 6492/13703/1382 6519/13730/1382
f 6642/13919/1556 6644/13923/1481 6470/13680/1383
f 6518/13729/1477 6491/13702/1477 6490/13701/1480 6527/13738/1480
f 6527/13738/1480 6490/13701/1480 6489/13700/1534 6528/13739/1534
f 6528/13739/1534 6489/13700/1534 6488/13699/1532 6529/13740/1532
f 6529/13740/1532 6488/13699/1532 6487/13698/1530 6530/13741/1558
f 6530/13741/1558 6487/13698/1530 6486/13697/1528 6531/13742/1559
f 6531/13742/1559 6486/13697/1528 6485/13696/1517 6532/13743/1517
f 6753/14190/1434 6614/13847/1560 6688/14035/1561 6755/14194/1435
f 6812/14306/1495 6813/14308/1494 6635/13901/1562 6632/13890/1563
f 6612/13841/1451 6637/13909/1555 6470/13680/1383 6476/13686/1383
f 6474/13684/1378 6611/13839/1516 6752/14188/1379 6500/13711/1378
f 6758/14200/1564 6679/14010/1565 6756/14196/1566 6687/14032/1567 6709/14087/1568
f 6685/14026/1569 6473/13683/1382 6678/14008/1458 6608/13827/1570
f 6506/13717/1378 6471/13681/1378 6502/13713/1378 6534/13745/1378
f 6469/13679/1383 6468/13678/1383 6627/13879/1545 6725/14122/1571
f 6471/13681/1378 6628/13881/1397 6760/14206/1388 6502/13713/1378
f 6719/14111/1572 6714/14101/1573 6622/13865/1574 6705/14076/1572
f 6712/14096/1575 6758/14201/1564 6709/14088/1568 6768/14222/1576
f 6630/13885/1415 6469/13679/1383 6725/14122/1571 6624/13869/1577
f 6639/13913/1478 6491/13702/1477 6492/13703/1382 6665/13965/1540
f 6750/14184/1412 6790/14262/1412 6777/14240/1413 6692/14044/1413
f 6758/14202/1564 6481/13692/1578 6675/13998/1490 6676/14002/1508 6708/14083/1509 6709/14089/1568
f 6475/13685/1382 6696/14052/1433 6671/13985/1579 6620/13861/1458
f 6723/14118/1526 6720/14112/1525 6715/14102/1580 6718/14108/1581
f 6676/14003/1582 6769/14224/1459 6767/14220/1462 6708/14084/1509
f 6734/14146/1583 6516/13727/1584 6517/13728/1585 6735/14148/1586
f 6474/13684/1378 6500/13711/1378 6533/13744/1378 6504/13715/1378
f 6474/13684/1378 6504/13715/1378 6532/13743/1517 6485/13696/1517
f 6554/13765/1378 6553/13764/1378 6693/14046/1390 6778/14242/1390
f 6502/13713/1378 6760/14206/1388 6820/14329/1388 6555/13766/1378
f 6491/13702/1477 6518/13729/1477 6519/13730/1382 6492/13703/1382
f 6816/14321/1403 6819/14327/1403 6789/14260/1403 6749/14182/1403
f 6765/14216/1587 6535/13746/1522 6516/13727/1584 6734/14146/1583
f 6735/14148/1586 6517/13728/1585 6785/14256/1588 6739/14161/1589
f 6728/14132/1391 6471/13681/1378 6506/13717/1378 6783/14252/1590
f 6713/14098/1591 6730/14138/1592 6514/13725/1593 6513/13724/1594
f 6716/14104/1386 6721/14114/1527 6483/13694/1383 6477/13687/1383
f 6508/13719/1382 6473/13683/1382 6685/14026/1569 6776/14238/1569
f 6747/14178/1595 6788/14259/1596 6514/13725/1593 6730/14138/1592
f 6727/14128/1597 6732/14142/1431 6707/14080/1430 6701/14064/1598
f 6473/13683/1382 6472/13682/1382 6673/13993/1458 6678/14008/1458
f 6729/14136/1551 6712/14096/1575 6768/14222/1576 6691/14042/1552
f 6731/14140/1519 6515/13726/1522 6535/13746/1522 6765/14216/1587
f 6710/14092/1489 6543/13754/1463 6548/13759/1599 6803/14288/1600
f 6803/14288/1600 6548/13759/1599 6549/13760/1601 6805/14292/1602
f 6805/14292/1602 6549/13760/1601 6550/13761/1603 6807/14296/1604
f 6807/14296/1604 6550/13761/1603 6551/13762/1605 6809/14300/1606
f 6537/13748/1496 6541/13752/1499 6540/13751/1607 6511/13722/1503
f 6511/13722/1503 6540/13751/1607 6539/13750/1608 6510/13721/1504
f 6510/13721/1504 6539/13750/1608 6538/13749/1609 6479/13689/1610
f 6479/13689/1610 6538/13749/1609 6509/13720/1449 6480/13690/1419
f 6543/13754/1463 6512/13723/1466 6547/13758/1611 6548/13759/1599
f 6548/13759/1599 6547/13758/1611 6546/13757/1612 6549/13760/1601
f 6549/13760/1601 6546/13757/1612 6545/13756/1613 6550/13761/1603
f 6550/13761/1603 6545/13756/1613 6544/13755/1614 6551/13762/1605
f 6551/13762/1605 6544/13755/1614 6542/13753/1498 6552/13763/1497
f 6808/14298/1615 6810/14302/1616 6478/13688/1383
f 6806/14294/1617 6808/14298/1615 6478/13688/1383
f 6757/14198/1457 6713/14098/1591 6513/13724/1594 6536/13747/1454
f 6476/13686/1383 6798/14278/1618 6799/14280/1619 6792/14267/1452
f 6484/13695/1383 6478/13688/1383 6810/14302/1616 6802/14286/1500
f 6477/13687/1383 6795/14272/1620 6798/14278/1618 6476/13686/1383
f 6537/13748/1496 6511/13722/1503 6796/14274/1502 6793/14268/1621
f 6797/14276/1505 6510/13721/1504 6479/13689/1610 6800/14282/1622
f 6793/14268/1621 6801/14284/1623 6552/13763/1497 6537/13748/1496
f 6804/14290/1514 6806/14294/1617 6478/13688/1383
f 6477/13687/1383 6483/13694/1383 6794/14270/1501 6795/14272/1620
f 6801/14284/1623 6809/14300/1606 6551/13762/1605 6552/13763/1497
f 6818/14325/1624 6842/14390/1624 7052/14895/1624 7034/14846/1624
f 7041/14865/1625 7050/14891/1626 6839/14384/1626 6828/14350/1626
f 6556/13767/1378 6555/13766/1378 6553/13764/1378 6554/13765/1378
f 6813/14309/1494 6824/14340/1493 6829/14352/1627 6832/14364/1628
f 6555/13766/1378 6820/14329/1388 6811/14304/1388 6553/13764/1378
f 6499/13710/1542 6653/13941/1541 6663/13961/1473 6498/13709/1472
f 6923/14597/1408 6775/14236/1442 6772/14230/1441 6918/14584/1629
f 6534/13745/1378 6502/13713/1378 6555/13766/1378 6556/13767/1378
f 6759/14204/1546 6654/13943/1409 6824/14341/1493 6821/14331/1492
f 6826/14346/1626 6828/14350/1626 6839/14384/1626 6835/14376/1626
f 7049/14889/1630 7051/14893/1631 6841/14388/1631 6840/14386/1630
f 6836/14378/1630 6840/14386/1630 6841/14388/1631 6838/14382/1631
f 6499/13710/1542 6520/13731/1542 6827/14348/1543 6825/14344/1543
f 6818/14325/1624 6817/14323/1624 6837/14380/1624 6842/14390/1624
f 6817/14323/1624 6814/14313/1632 6834/14372/1633 6837/14380/1624
f 6590/13802/1378 6936/14627/1381 6844/14396/1634 6989/14749/1635
f 6565/13776/1382 6505/13716/1382 6507/13718/1382 6562/13773/1382
f 6908/14552/1636 6858/14434/1637 6591/13803/1638 6948/14661/1639
f 6867/14456/1640 6862/14442/1641 6962/14689/1642 6559/13770/1638
f 6603/13815/1378 6930/14615/1390 6869/14460/1643 7030/14833/1644
f 6965/14697/1645 6963/14691/1646 6864/14449/1647 6938/14631/1648
f 6559/13770/1638 6897/14524/1649 6895/14520/1650
f 6561/13772/1378 6865/14452/1651 6963/14691/1646 6965/14697/1645
f 6891/14512/1652 6901/14532/1653 6558/13769/1638
f 7031/14835/1654 6873/14473/1655 6988/14747/1403 7035/14848/1403
f 6970/14711/1656 6515/13726/1522 6784/14254/1521 6964/14693/1657
f 6847/14405/1658 6923/14597/1408 6918/14584/1629 6921/14593/1659
f 6583/13795/1401 6582/13794/1382 6904/14538/1660 6889/14508/1661
f 6872/14470/1662 6870/14463/1663 6931/14617/1413 6987/14745/1412
f 6866/14454/1664 6998/14769/1665 6891/14512/1652 6558/13769/1638
f 6557/13768/1638 6593/13805/1638 6903/14536/1666 6877/14484/1667
f 7010/14793/1668 6907/14548/1669 6933/14621/1670 6570/13781/1671
f 6932/14619/1422 6906/14544/1672 6845/14399/1673 6937/14629/1423
f 6567/13778/1638 6557/13768/1638 6560/13771/1638
f 6591/13803/1638 6858/14434/1637 6911/14564/1674 6572/13784/1638
f 6985/14742/1675 6967/14705/1676 6514/13725/1593 6788/14259/1596
f 6944/14647/1677 7002/14777/1678 7003/14779/1679 6969/14709/1678
f 6781/14248/1433 6505/13716/1382 6565/13776/1382 6935/14625/1433
f 6921/14593/1659 6918/14584/1629 6994/14759/1680 6992/14755/1435
f 6929/14613/1681 6982/14736/1681 6978/14728/1682 6855/14428/1682
f 7002/14777/1678 6943/14645/1683 6972/14715/1684 7003/14779/1679
f 6780/14246/1422 6932/14619/1422 6937/14629/1423 6773/14232/1423
f 6572/13784/1638 6911/14564/1674 6916/14579/1685 6571/13782/1686
f 6948/14661/1639 6591/13803/1638 6856/14430/1687 6568/13779/1638
f 6509/13720/1449 6570/13781/1671 6933/14621/1670 6779/14244/1450
f 6590/13802/1378 6533/13744/1378 6774/14234/1381 6936/14627/1381
f 6849/14412/1688 6990/14751/1689 7009/14791/1690 6566/13777/1638
f 6507/13718/1382 6508/13719/1382 6563/13774/1382 6562/13773/1382
f 6968/14707/1691 6984/14739/1692 6983/14737/1693 6928/14611/1694
f 6562/13773/1382 6912/14566/1695 6857/14432/1695 6565/13776/1382
f 6572/13784/1638 7007/14787/1696 6856/14430/1687 6591/13803/1638
f 6597/13809/1697 6512/13723/1466 6782/14250/1465 6934/14623/1698
f 6916/14579/1685 6848/14409/1699 6920/14591/1700 6991/14753/1701 6571/13782/1686
f 6593/13805/1638 6559/13770/1638 6890/14510/1702 6903/14536/1666
f 6559/13770/1638 6558/13769/1638 6899/14528/1703 6897/14524/1649
f 6588/13800/1704 6587/13799/1475 6900/14530/1705 6902/14534/1706
f 6558/13769/1638 6901/14532/1653 6899/14528/1703
f 6998/14769/1665 7036/14850/1707 7039/14857/1708 6891/14512/1652
f 6581/13793/1477 6580/13792/1480 6888/14506/1709 6878/14486/1710
f 6881/14492/1711 6560/13771/1638 6557/13768/1638 6883/14496/1712
f 6883/14496/1712 6557/13768/1638 6885/14500/1713
f 6885/14500/1713 6557/13768/1638 6887/14504/1714
f 6890/14510/1702 6559/13770/1638 6893/14516/1715
f 6887/14504/1714 6557/13768/1638 6877/14484/1667
f 7001/14775/1716 6945/14649/1716 6868/14458/1717 7000/14773/1718
f 6566/13777/1638 6567/13778/1638 6560/13771/1638
f 6909/14556/1719 6949/14663/1720 6597/13809/1697 6934/14623/1698
f 6571/13782/1686 6991/14753/1701 6852/14420/1721 6914/14573/1722
f 7036/14850/1707 7029/14831/1723 7033/14841/1724 7039/14857/1708
f 6596/13808/1725 6541/13752/1499 6542/13753/1498 6602/13814/1726
f 6573/13785/1638 7011/14795/1727 7019/14811/1728 6574/13786/1638
f 7012/14797/1729 6596/13808/1725 6602/13814/1726 7020/14813/1730
f 6924/14599/1731 6947/14656/1732 6913/14568/1733 6851/14416/1734
f 6957/14679/1735 6961/14687/1736 6977/14725/1737 6973/14717/1738
f 6948/14661/1639 6568/13779/1638 7021/14815/1739
f 6571/13782/1686 6914/14573/1722 7007/14787/1696 6572/13784/1638
f 6992/14755/1435 6994/14759/1680 6925/14602/1740 6853/14423/1741
f 6970/14711/1656 7004/14781/1742 6535/13746/1522 6515/13726/1522
f 6981/14734/1743 6960/14685/1744 6959/14683/1745 6979/14730/1746
f 7008/14789/1747 7006/14785/1748 6927/14609/1749 6854/14426/1750
f 6573/13785/1638 6574/13786/1638 6980/14731/1751 6958/14681/1752
f 6565/13776/1382 6857/14432/1695 6910/14560/1753 6935/14625/1433
f 6576/13788/1559 6575/13787/1517 6875/14480/1754 6880/14490/1755
f 6577/13789/1530 6576/13788/1559 6880/14490/1755 6882/14494/1756
f 6578/13790/1532 6577/13789/1530 6882/14494/1756 6884/14498/1757
f 6579/13791/1534 6578/13790/1532 6884/14498/1757 6886/14502/1758
f 6580/13792/1480 6579/13791/1534 6886/14502/1758 6888/14506/1709
f 6586/13798/1536 6585/13797/1539 6896/14522/1759 6898/14526/1760
f 6585/13797/1539 6584/13796/1398 6894/14518/1761 6896/14522/1759
f 6584/13796/1398 6583/13795/1401 6889/14508/1661 6894/14518/1761
f 6587/13799/1475 6586/13798/1536 6898/14526/1760 6900/14530/1705
f 6589/13801/1542 6588/13800/1704 6902/14534/1706 6892/14514/1762
f 6943/14645/1683 6957/14679/1735 6973/14717/1738 6972/14715/1684
f 6561/13772/1378 6592/13804/1378 6997/14767/1644 6865/14452/1651
f 6945/14649/1716 6939/14634/1763 6863/14445/1764 6868/14458/1717
f 6941/14641/1765 7001/14775/1716 7000/14773/1718 6859/14436/1766
f 6987/14745/1412 6931/14617/1413 6777/14240/1413 6790/14262/1412
f 6574/13786/1638 6568/13779/1638 6856/14430/1687 6980/14731/1751
f 6961/14687/1736 6983/14737/1693 6984/14739/1692 6977/14725/1737
f 6876/14482/1767 6560/13771/1638 6879/14488/1768
f 6520/13731/1542 6521/13732/1557 6588/13800/1704 6589/13801/1542
f 6521/13732/1557 6522/13733/1475 6587/13799/1475 6588/13800/1704
f 6522/13733/1475 6523/13734/1536 6586/13798/1536 6587/13799/1475
f 6523/13734/1536 6524/13735/1539 6585/13797/1539 6586/13798/1536
f 6524/13735/1539 6525/13736/1398 6584/13796/1398 6585/13797/1539
f 6525/13736/1398 6526/13737/1401 6583/13795/1401 6584/13796/1398
f 6526/13737/1401 6519/13730/1382 6582/13794/1382 6583/13795/1401
f 6879/14488/1768 6560/13771/1638 6881/14492/1711
f 6518/13729/1477 6527/13738/1480 6580/13792/1480 6581/13793/1477
f 6527/13738/1480 6528/13739/1534 6579/13791/1534 6580/13792/1480
f 6528/13739/1534 6529/13740/1532 6578/13790/1532 6579/13791/1534
f 6529/13740/1532 6530/13741/1558 6577/13789/1530 6578/13790/1532
f 6530/13741/1558 6531/13742/1559 6576/13788/1559 6577/13789/1530
f 6531/13742/1559 6532/13743/1517 6575/13787/1517 6576/13788/1559
f 6564/13775/1378 6590/13802/1378 6989/14749/1635 6850/14414/1769
f 7029/14831/1723 6871/14467/1770 6874/14476/1771 7033/14841/1724
f 6849/14412/1688 6566/13777/1638 6560/13771/1638 6876/14482/1767
f 6850/14414/1769 6875/14480/1754 6575/13787/1517 6564/13775/1378
f 6995/14761/1772 6946/14651/1773 6926/14605/1774 6993/14757/1775 6917/14581/1776
f 6922/14595/1569 6846/14402/1777 6915/14577/1695 6563/13774/1382
f 6506/13717/1378 6534/13745/1378 6592/13804/1378 6561/13772/1378
f 6559/13770/1638 6962/14689/1642 6866/14454/1664 6558/13769/1638
f 6999/14771/1640 6867/14456/1640 6559/13770/1638 6593/13805/1638
f 6952/14669/1778 6860/14438/1779 6557/13768/1638 6567/13778/1638
f 6951/14667/1780 7005/14783/1781 6946/14652/1773 6995/14762/1772
f 6955/14676/1782 6942/14643/1782 6861/14440/1783 6954/14674/1784
f 6878/14486/1710 6904/14538/1660 6582/13794/1382 6581/13793/1477
f 6966/14701/1785 6940/14638/1786 6944/14647/1677 6969/14709/1678
f 6995/14763/1772 6946/14653/1773 6947/14657/1732 6913/14569/1733 6914/14574/1722 6571/13783/1787
f 6860/14438/1779 6999/14771/1640 6593/13805/1638 6557/13768/1638
f 6960/14685/1744 6956/14677/1788 6953/14671/1789 6959/14683/1745
f 6913/14570/1790 6947/14658/1732 7006/14785/1748 7008/14789/1747
f 6971/14713/1791 6974/14719/1792 6517/13728/1585 6516/13727/1584
f 6564/13775/1378 6504/13715/1378 6533/13744/1378 6590/13802/1378
f 6564/13775/1378 6575/13787/1517 6532/13743/1517 6504/13715/1378
f 6554/13765/1378 6778/14242/1390 6930/14615/1390 6603/13815/1378
f 6800/14282/1622 6479/13689/1610 6480/13690/1419 6791/14264/1418
f 6581/13793/1477 6582/13794/1382 6519/13730/1382 6518/13729/1477
f 6974/14719/1792 6976/14724/1793 6785/14256/1588 6517/13728/1585
f 7004/14781/1742 6971/14713/1791 6516/13727/1584 6535/13746/1522
f 6592/13804/1378 6604/13816/1378 7037/14852/1644 6997/14767/1644
f 6965/14697/1645 6783/14252/1590 6506/13717/1378 6561/13772/1378
f 6950/14665/1794 6513/13724/1594 6514/13725/1593 6967/14705/1676
f 6952/14669/1778 6567/13778/1638 6573/13785/1638 6958/14681/1752
f 6536/13747/1454 6996/14765/1795 6919/14588/1796 6771/14228/1455
f 6975/14722/1797 6986/14744/1798 6787/14258/1428 6786/14257/1427
f 6508/13719/1382 6776/14238/1569 6922/14595/1569 6563/13774/1382
f 6563/13774/1382 6915/14577/1695 6912/14566/1695 6562/13773/1382
f 6968/14707/1691 6928/14611/1694 7005/14783/1781 6951/14667/1780
f 7035/14848/1403 6988/14747/1403 6789/14260/1403 6819/14327/1403
f 6949/14663/1720 7022/14817/1799 6598/13810/1800 6597/13809/1697
f 7022/14817/1799 7024/14821/1801 6599/13811/1802 6598/13810/1800
f 7024/14821/1801 7026/14825/1803 6600/13812/1804 6599/13811/1802
f 7026/14825/1803 7028/14829/1805 6601/13813/1806 6600/13812/1804
f 6596/13808/1725 6595/13807/1807 6540/13751/1607 6541/13752/1499
f 6595/13807/1807 6594/13806/1808 6539/13750/1608 6540/13751/1607
f 6594/13806/1808 6569/13780/1809 6538/13749/1609 6539/13750/1608
f 6569/13780/1809 6570/13781/1671 6509/13720/1449 6538/13749/1609
f 6597/13809/1697 6598/13810/1800 6547/13758/1611 6512/13723/1466
f 6598/13810/1800 6599/13811/1802 6546/13757/1612 6547/13758/1611
f 6599/13811/1802 6600/13812/1804 6545/13756/1613 6546/13757/1612
f 6600/13812/1804 6601/13813/1806 6544/13755/1614 6545/13756/1613
f 6601/13813/1806 6602/13814/1726 6542/13753/1498 6544/13755/1614
f 7025/14823/1810 6568/13779/1638 7027/14827/1811
f 7023/14819/1812 6568/13779/1638 7025/14823/1810
f 6996/14765/1795 6536/13747/1454 6513/13724/1594 6950/14665/1794
f 6566/13777/1638 7009/14791/1690 7017/14807/1813 7015/14803/1814
f 6574/13786/1638 7019/14811/1728 7027/14827/1811 6568/13779/1638
f 6567/13778/1638 6566/13777/1638 7015/14803/1814 7014/14801/1815
f 6596/13808/1725 7012/14797/1729 7013/14799/1816 6595/13807/1807
f 7016/14805/1817 7018/14809/1818 6569/13780/1809 6594/13806/1808
f 6567/13778/1638 7014/14801/1815 7011/14795/1727 6573/13785/1638
f 7021/14815/1739 6568/13779/1638 7023/14819/1812
f 7013/14799/1816 7016/14805/1817 6594/13806/1808 6595/13807/1807
f 7020/14813/1730 6602/13814/1726 6601/13813/1806 7028/14829/1805
f 6823/14337/1819 6826/14346/1626 6835/14376/1626 6830/14356/1820
f 6589/13801/1542 7042/14867/1543 6827/14348/1543 6520/13731/1542
f 6556/13767/1378 6554/13765/1378 6603/13815/1378 6604/13816/1378
f 7033/14842/1724 7046/14881/1821 7043/14869/1822 7039/14858/1708
f 6604/13816/1378 6603/13815/1378 7030/14833/1644 7037/14852/1644
f 6892/14514/1762 7038/14854/1823 7042/14867/1543 6589/13801/1542
f 7018/14809/1818 7010/14793/1668 6570/13781/1671 6569/13780/1809
f 6534/13745/1378 6556/13767/1378 6604/13816/1378 6592/13804/1378
f 6893/14516/1715 6559/13770/1638 6895/14520/1650
f 6831/14360/1824 6836/14378/1630 6838/14382/1631 6833/14368/1825
f 6990/14751/1689 6843/14392/1826 6905/14540/1827 7009/14791/1690
f 7044/14873/1828 7048/14886/1829 7051/14893/1631 7049/14889/1630
f 7040/14862/1830 7045/14877/1831 7050/14891/1626 7041/14865/1625
f 7034/14846/1624 7052/14895/1624 7047/14884/1832 7032/14838/1833
f 6605/13817/1834 6606/13823/1424 6607/13825/1380
f 6608/13828/1570 6609/13832/1469 6610/13836/1405
f 6613/13844/1507 6614/13849/1560 6615/13851/1491
f 6616/13854/1460 6617/13856/1385 6618/13858/1437
f 6621/13864/1550 6622/13866/1574 6623/13868/1387
f 6624/13871/1577 6625/13874/1393 6626/13876/1547
f 6631/13889/1389 6632/13892/1563 6633/13894/1414
f 6634/13898/1411 6635/13902/1562 6636/13906/1404
f 6667/13969/1835 6668/13974/1421 6669/13978/1425
f 6670/13982/1446 6671/13986/1579 6672/13990/1488
f 6679/14012/1565 6680/14014/1456 6681/14017/1407
f 6686/14029/1506 6687/14033/1567 6688/14037/1561
f 6689/14039/1461 6690/14041/1436 6691/14043/1552
f 6700/14061/1392 6701/14065/1598 6702/14069/1548
f 6703/14073/1549 6704/14075/1440 6705/14077/1572
f 6714/14100/1573 6715/14103/1580 6716/14105/1386
f 6717/14107/1510 6718/14109/1581 6719/14110/1572
f 6726/14125/1520 6727/14129/1597 6728/14133/1391
f 6737/14152/1426 6738/14156/1512 6739/14159/1589
f 6740/14163/1384 6741/14164/1524 6742/14166/1438
f 6743/14168/1523 6744/14171/1553 6745/14172/1436
f 6746/14174/1429 6747/14176/1595 6748/14180/1554
f 6813/14310/1494 6814/14314/1632 6815/14318/1402
f 6822/14334/1544 6823/14339/1819 6824/14343/1493
f 6829/14353/1627 6830/14357/1820 6831/14361/1824
f 6832/14365/1628 6833/14369/1825 6834/14373/1633
f 6843/14393/1826 6844/14397/1634 6845/14401/1673
f 6846/14404/1777 6847/14406/1658 6848/14411/1699
f 6851/14417/1734 6852/14421/1721 6853/14425/1741
f 6854/14427/1750 6855/14429/1682 6856/14431/1687
f 6859/14437/1766 6860/14439/1779 6861/14441/1783
f 6862/14444/1641 6863/14446/1764 6864/14451/1647
f 6869/14462/1643 6870/14464/1663 6871/14469/1770
f 6872/14472/1662 6873/14475/1655 6874/14477/1771
f 6905/14541/1827 6906/14545/1672 6907/14549/1669
f 6908/14553/1636 6909/14557/1719 6910/14561/1753
f 6917/14583/1776 6918/14585/1629 6919/14589/1796
f 6924/14600/1731 6925/14603/1740 6926/14606/1774
f 6927/14610/1749 6928/14612/1694 6929/14614/1681
f 6938/14633/1648 6939/14635/1763 6940/14640/1786
f 6941/14642/1765 6942/14644/1782 6943/14646/1683
f 6952/14670/1778 6953/14672/1789 6954/14673/1784
f 6955/14675/1782 6956/14678/1788 6957/14680/1735
f 6964/14694/1657 6965/14698/1645 6966/14702/1785
f 6975/14721/1797 6976/14723/1793 6977/14726/1737
f 6978/14727/1682 6979/14729/1746 6980/14732/1751
f 6981/14733/1743 6982/14735/1681 6983/14738/1693
f 6984/14740/1692 6985/14741/1675 6986/14743/1798
f 7031/14837/1654 7032/14839/1833 7033/14843/1724
f 7038/14856/1823 7039/14859/1708 7040/14863/1830
f 7043/14870/1822 7044/14874/1828 7045/14878/1831
f 7046/14883/1821 7047/14885/1832 7048/14888/1829
f 6685/14027/1569 6608/13829/1570 6610/13837/1405 6684/14025/1408
f 6752/14189/1379 6611/13840/1516 6612/13842/1451 6751/14186/1453
f 6688/14036/1561 6614/13848/1560 6613/13845/1507 6686/14030/1506
f 6754/14193/1467 6615/13851/1491 6614/13849/1560 6753/14191/1434
f 6669/13979/1425 6606/13822/1424 6605/13818/1834 6667/13970/1835
f 6689/14038/1461 6616/13853/1460 6618/13857/1437 6690/14040/1436
f 6742/14166/1438 6618/13858/1437 6617/13856/1385 6740/14163/1384
f 6725/14123/1571 6627/13880/1545 6628/13882/1397 6724/14121/1394
f 6630/13886/1415 6624/13870/1577 6626/13877/1547 6629/13884/1487
f 6762/14211/1415 6630/13886/1415 6629/13884/1487 6761/14209/1486
f 6693/14047/1390 6631/13888/1389 6633/13895/1414 6692/14045/1413
f 6634/13899/1411 6633/13896/1414 6632/13891/1563 6635/13903/1562
f 6812/14307/1495 6632/13892/1563 6631/13889/1389 6811/14305/1388
f 6638/13912/1518 6641/13918/1529 6642/13920/1556 6637/13910/1555
f 6641/13918/1529 6643/13922/1531 6644/13924/1481 6642/13920/1556
f 6643/13922/1531 6645/13926/1533 6646/13928/1482 6644/13924/1481
f 6645/13926/1533 6647/13930/1535 6648/13932/1483 6646/13928/1482
f 6647/13930/1535 6649/13934/1479 6650/13936/1484 6648/13932/1483
f 6649/13934/1479 6639/13914/1478 6640/13916/1416 6650/13936/1484
f 6652/13940/1400 6655/13946/1399 6656/13948/1476 6651/13938/1470
f 6655/13946/1399 6657/13950/1538 6658/13952/1395 6656/13948/1476
f 6657/13950/1538 6659/13954/1537 6660/13956/1396 6658/13952/1395
f 6659/13954/1537 6661/13958/1474 6662/13960/1471 6660/13956/1396
f 6661/13958/1474 6663/13962/1473 6664/13964/1410 6662/13960/1471
f 6663/13962/1473 6653/13942/1541 6654/13944/1409 6664/13964/1410
f 6611/13840/1516 6638/13912/1518 6637/13910/1555 6612/13842/1451
f 6666/13968/1417 6640/13916/1416 6639/13914/1478 6665/13966/1540
f 6815/14319/1402 6636/13907/1404 6635/13904/1562 6813/14311/1494
f 6651/13938/1470 6666/13968/1417 6665/13966/1540 6652/13940/1400
f 6695/14051/1422 6669/13980/1425 6668/13975/1421 6694/14049/1420
f 6620/13862/1458 6671/13987/1579 6670/13983/1446 6619/13860/1448
f 6697/14055/1464 6672/13991/1488 6671/13988/1579 6696/14053/1433
f 6678/14009/1458 6673/13994/1458 6674/13996/1445 6677/14007/1444
f 6673/13994/1458 6620/13862/1458 6619/13860/1448 6674/13996/1445
f 6616/13854/1460 6769/14225/1459 6770/14227/1515 6617/13856/1385
f 6609/13833/1469 6682/14021/1468 6683/14023/1406 6610/13838/1405
f 6726/14126/1520 6731/14141/1519 6732/14143/1431 6727/14130/1597
f 6756/14197/1566 6679/14011/1565 6681/14018/1407 6755/14195/1435
f 6776/14239/1569 6685/14027/1569 6684/14025/1408 6775/14237/1442
f 6713/14099/1591 6757/14199/1457 6758/14203/1564 6712/14097/1575
f 6778/14243/1390 6693/14047/1390 6692/14045/1413 6777/14241/1413
f 6750/14185/1412 6634/13900/1411 6636/13908/1404 6749/14183/1403
f 6780/14247/1422 6695/14051/1422 6694/14049/1420 6779/14245/1450
f 6782/14251/1465 6697/14055/1464 6696/14053/1433 6781/14249/1433
f 6606/13823/1424 6698/14057/1423 6699/14059/1381 6607/13825/1380
f 6625/13873/1393 6700/14062/1392 6702/14070/1548 6626/13878/1547
f 6621/13863/1550 6703/14072/1549 6705/14076/1572 6622/13865/1574
f 6764/14215/1485 6706/14079/1485 6707/14081/1430 6763/14213/1431
f 6706/14079/1485 6702/14071/1548 6701/14066/1598 6707/14081/1430
f 6719/14110/1572 6705/14077/1572 6704/14075/1440 6717/14107/1510
f 6672/13992/1488 6710/14093/1489 6711/14095/1447 6670/13984/1446
f 6608/13830/1570 6678/14009/1458 6677/14007/1444 6609/13834/1469
f 6676/14004/1508 6613/13846/1507 6615/13852/1491 6675/13999/1490
f 6622/13866/1574 6714/14100/1573 6716/14105/1386 6623/13868/1387
f 6714/14101/1573 6719/14111/1572 6718/14108/1581 6715/14102/1580
f 6723/14119/1526 6718/14109/1581 6717/14107/1510 6722/14117/1513
f 6715/14103/1580 6720/14113/1525 6721/14115/1527 6716/14105/1386
f 6743/14168/1523 6723/14119/1526 6722/14117/1513 6744/14171/1553
f 6624/13871/1577 6725/14123/1571 6724/14121/1394 6625/13874/1393
f 6700/14063/1392 6728/14134/1391 6727/14131/1597 6701/14067/1598
f 6712/14097/1575 6729/14137/1551 6730/14139/1592 6713/14099/1591
f 6766/14219/1432 6732/14143/1431 6731/14141/1519 6765/14217/1587
f 6736/14151/1511 6733/14145/1439 6734/14147/1583 6735/14149/1586
f 6748/14180/1554 6738/14157/1512 6737/14153/1426 6746/14174/1429
f 6720/14113/1525 6741/14164/1524 6740/14163/1384 6721/14115/1527
f 6738/14158/1512 6736/14151/1511 6735/14149/1586 6739/14160/1589
f 6690/14041/1436 6745/14172/1436 6744/14171/1553 6691/14043/1552
f 6729/14137/1551 6748/14181/1554 6747/14177/1595 6730/14139/1592
f 6788/14259/1596 6747/14178/1595 6746/14175/1429 6787/14258/1428
f 6741/14165/1524 6743/14169/1523 6745/14173/1436 6742/14167/1438
f 6790/14263/1412 6750/14185/1412 6749/14183/1403 6789/14261/1403
f 6607/13826/1380 6752/14189/1379 6751/14186/1453 6605/13819/1834
f 6682/14021/1468 6754/14193/1467 6753/14191/1434 6683/14023/1406
f 6687/14033/1567 6756/14197/1566 6755/14195/1435 6688/14037/1561
f 6686/14031/1506 6708/14085/1509 6709/14090/1568 6687/14034/1567
f 6627/13880/1545 6759/14205/1546 6760/14207/1388 6628/13882/1397
f 6623/13868/1387 6762/14211/1415 6761/14209/1486 6621/13864/1550
f 6703/14073/1549 6764/14215/1485 6763/14213/1431 6704/14075/1440
f 6733/14145/1439 6766/14219/1432 6765/14217/1587 6734/14147/1583
f 6769/14225/1459 6676/14005/1582 6675/14000/1490 6770/14227/1515
f 6768/14223/1576 6709/14091/1568 6708/14086/1509 6767/14221/1462
f 6691/14043/1552 6768/14223/1576 6767/14221/1462 6689/14039/1461
f 6679/14012/1565 6758/14203/1564 6757/14199/1457 6680/14014/1456
f 6680/14015/1456 6771/14229/1455 6772/14231/1441 6681/14019/1407
f 6698/14057/1423 6773/14233/1423 6774/14235/1381 6699/14059/1381
f 6728/14135/1391 6783/14253/1590 6784/14255/1521 6726/14127/1520
f 6739/14161/1589 6785/14256/1588 6786/14257/1427 6737/14154/1426
f 6710/14093/1489 6803/14289/1600 6804/14291/1514 6711/14095/1447
f 6803/14289/1600 6805/14293/1602 6806/14295/1617 6804/14291/1514
f 6805/14293/1602 6807/14297/1604 6808/14299/1615 6806/14295/1617
f 6807/14297/1604 6809/14301/1606 6810/14303/1616 6808/14299/1615
f 6809/14301/1606 6801/14285/1623 6802/14287/1500 6810/14303/1616
f 6798/14279/1618 6795/14273/1620 6796/14275/1502 6797/14277/1505
f 6799/14281/1619 6798/14279/1618 6797/14277/1505 6800/14283/1622
f 6792/14266/1452 6799/14281/1619 6800/14283/1622 6791/14265/1418
f 6794/14271/1501 6802/14287/1500 6801/14285/1623 6793/14269/1621
f 6795/14273/1620 6794/14271/1501 6793/14269/1621 6796/14275/1502
f 6667/13971/1835 6792/14266/1452 6791/14265/1418 6668/13976/1421
f 6821/14332/1492 6812/14307/1495 6811/14305/1388 6820/14330/1388
f 6819/14328/1403 6816/14322/1403 6817/14324/1624 6818/14326/1624
f 6816/14322/1403 6815/14320/1402 6814/14315/1632 6817/14324/1624
f 6759/14205/1546 6821/14332/1492 6820/14330/1388 6760/14207/1388
f 6653/13942/1541 6822/14335/1544 6824/14342/1493 6654/13944/1409
f 6826/14347/1626 6823/14338/1819 6822/14336/1544 6825/14345/1543
f 6828/14351/1626 6826/14347/1626 6825/14345/1543 6827/14349/1543
f 6831/14362/1824 6833/14370/1825 6832/14366/1628 6829/14354/1627
f 6842/14391/1624 6837/14381/1624 6838/14383/1631 6841/14389/1631
f 6837/14381/1624 6834/14374/1633 6833/14371/1825 6838/14383/1631
f 6836/14379/1630 6831/14363/1824 6830/14358/1820 6835/14377/1626
f 6840/14387/1630 6836/14379/1630 6835/14377/1626 6839/14385/1626
f 6829/14355/1627 6824/14343/1493 6823/14339/1819 6830/14359/1820
f 6813/14312/1494 6832/14367/1628 6834/14375/1633 6814/14316/1632
f 6923/14598/1408 6847/14407/1658 6846/14403/1777 6922/14596/1569
f 6990/14752/1689 6849/14413/1688 6850/14415/1769 6989/14750/1635
f 6924/14600/1731 6851/14418/1734 6853/14424/1741 6925/14603/1740
f 6992/14756/1435 6853/14425/1741 6852/14421/1721 6991/14754/1701
f 6905/14542/1827 6843/14394/1826 6845/14400/1673 6906/14546/1672
f 6929/14613/1681 6855/14428/1682 6854/14426/1750 6927/14609/1749
f 6980/14732/1751 6856/14431/1687 6855/14429/1682 6978/14727/1682
f 6963/14692/1646 6865/14453/1651 6866/14455/1664 6962/14690/1642
f 6868/14459/1717 6863/14447/1764 6862/14443/1641 6867/14457/1640
f 7000/14774/1718 6868/14459/1717 6867/14457/1640 6999/14772/1640
f 6931/14618/1413 6870/14465/1663 6869/14461/1643 6930/14616/1390
f 6874/14478/1771 6871/14468/1770 6870/14466/1663 6872/14471/1662
f 7030/14834/1644 6869/14462/1643 6871/14469/1770 7029/14832/1723
f 6876/14483/1767 6879/14489/1768 6880/14491/1755 6875/14481/1754
f 6879/14489/1768 6881/14493/1711 6882/14495/1756 6880/14491/1755
f 6881/14493/1711 6883/14497/1712 6884/14499/1757 6882/14495/1756
f 6883/14497/1712 6885/14501/1713 6886/14503/1758 6884/14499/1757
f 6885/14501/1713 6887/14505/1714 6888/14507/1709 6886/14503/1758
f 6887/14505/1714 6877/14485/1667 6878/14487/1710 6888/14507/1709
f 6890/14511/1702 6893/14517/1715 6894/14519/1761 6889/14509/1661
f 6893/14517/1715 6895/14521/1650 6896/14523/1759 6894/14519/1761
f 6895/14521/1650 6897/14525/1649 6898/14527/1760 6896/14523/1759
f 6897/14525/1649 6899/14529/1703 6900/14531/1705 6898/14527/1760
f 6899/14529/1703 6901/14533/1653 6902/14535/1706 6900/14531/1705
f 6901/14533/1653 6891/14513/1652 6892/14515/1762 6902/14535/1706
f 6849/14413/1688 6876/14483/1767 6875/14481/1754 6850/14415/1769
f 6904/14539/1660 6878/14487/1710 6877/14485/1667 6903/14537/1666
f 7033/14844/1724 6874/14479/1771 6873/14474/1655 7031/14836/1654
f 6889/14509/1661 6904/14539/1660 6903/14537/1666 6890/14511/1702
f 6933/14622/1670 6907/14550/1669 6906/14547/1672 6932/14620/1422
f 6858/14435/1637 6908/14554/1636 6910/14562/1753 6857/14433/1695
f 6935/14626/1433 6910/14563/1753 6909/14558/1719 6934/14624/1698
f 6916/14580/1685 6911/14565/1674 6912/14567/1695 6915/14578/1695
f 6911/14565/1674 6858/14435/1637 6857/14433/1695 6912/14567/1695
f 6856/14431/1687 7007/14788/1696 7008/14790/1747 6854/14427/1750
f 6847/14408/1658 6921/14594/1659 6920/14592/1700 6848/14410/1699
f 6966/14703/1785 6969/14710/1678 6970/14712/1656 6964/14695/1657
f 6994/14760/1680 6918/14586/1629 6917/14582/1776 6993/14758/1775
f 6775/14237/1442 6923/14598/1408 6922/14596/1569 6776/14239/1569
f 6951/14668/1780 6995/14764/1772 6996/14766/1795 6950/14666/1794
f 6777/14241/1413 6931/14618/1413 6930/14616/1390 6778/14243/1390
f 6988/14748/1403 6873/14475/1655 6872/14472/1662 6987/14746/1412
f 6779/14245/1450 6933/14622/1670 6932/14620/1422 6780/14247/1422
f 6781/14249/1433 6935/14626/1433 6934/14624/1698 6782/14251/1465
f 6844/14397/1634 6936/14628/1381 6937/14630/1423 6845/14401/1673
f 6863/14448/1764 6939/14636/1763 6938/14632/1648 6864/14450/1647
f 6861/14440/1783 6942/14643/1782 6941/14641/1765 6859/14436/1766
f 7002/14778/1678 6944/14648/1677 6945/14650/1716 7001/14776/1716
f 6944/14648/1677 6940/14639/1786 6939/14637/1763 6945/14650/1716
f 6957/14680/1735 6943/14646/1683 6942/14644/1782 6955/14675/1782
f 6908/14555/1636 6948/14662/1639 6949/14664/1720 6909/14559/1719
f 6848/14411/1699 6916/14580/1685 6915/14578/1695 6846/14404/1777
f 6914/14575/1722 6852/14422/1721 6851/14419/1734 6913/14571/1733
f 6860/14439/1779 6952/14670/1778 6954/14673/1784 6861/14441/1783
f 6953/14671/1789 6956/14677/1788 6955/14676/1782 6954/14674/1784
f 6961/14688/1736 6957/14680/1735 6956/14678/1788 6960/14686/1744
f 6952/14670/1778 6958/14682/1752 6959/14684/1745 6953/14672/1789
f 6983/14738/1693 6961/14688/1736 6960/14686/1744 6981/14733/1743
f 6864/14451/1647 6963/14692/1646 6962/14690/1642 6862/14444/1641
f 6940/14640/1786 6966/14704/1785 6965/14699/1645 6938/14633/1648
f 6950/14666/1794 6967/14706/1676 6968/14708/1691 6951/14668/1780
f 7004/14782/1742 6970/14712/1656 6969/14710/1678 7003/14780/1679
f 6974/14720/1792 6971/14714/1791 6972/14716/1684 6973/14718/1738
f 6986/14743/1798 6975/14721/1797 6977/14726/1737 6984/14740/1692
f 6958/14682/1752 6980/14732/1751 6979/14729/1746 6959/14684/1745
f 6976/14723/1793 6974/14720/1792 6973/14718/1738 6977/14726/1737
f 6928/14612/1694 6983/14738/1693 6982/14735/1681 6929/14614/1681
f 6967/14706/1676 6985/14741/1675 6984/14740/1692 6968/14708/1691
f 6787/14258/1428 6986/14744/1798 6985/14742/1675 6788/14259/1596
f 6978/14728/1682 6982/14736/1681 6981/14734/1743 6979/14730/1746
f 6789/14261/1403 6988/14748/1403 6987/14746/1412 6790/14263/1412
f 6843/14395/1826 6990/14752/1689 6989/14750/1635 6844/14398/1634
f 6921/14594/1659 6992/14756/1435 6991/14754/1701 6920/14592/1700
f 6925/14604/1740 6994/14760/1680 6993/14758/1775 6926/14607/1774
f 6926/14608/1774 6946/14654/1773 6947/14659/1732 6924/14601/1731
f 6865/14453/1651 6997/14768/1644 6998/14770/1665 6866/14455/1664
f 6859/14437/1766 7000/14774/1718 6999/14772/1640 6860/14439/1779
f 6943/14646/1683 7002/14778/1678 7001/14776/1716 6941/14642/1765
f 6971/14714/1791 7004/14782/1742 7003/14780/1679 6972/14716/1684
f 7007/14788/1696 6914/14576/1722 6913/14572/1790 7008/14790/1747
f 7006/14786/1748 6947/14660/1732 6946/14655/1773 7005/14784/1781
f 6927/14610/1749 7006/14786/1748 7005/14784/1781 6928/14612/1694
f 6919/14589/1796 6996/14766/1795 6995/14764/1772 6917/14583/1776
f 6918/14587/1629 6772/14231/1441 6771/14229/1455 6919/14590/1796
f 6936/14628/1381 6774/14235/1381 6773/14233/1423 6937/14630/1423
f 6964/14696/1657 6784/14255/1521 6783/14253/1590 6965/14700/1645
f 6975/14722/1797 6786/14257/1427 6785/14256/1588 6976/14724/1793
f 6948/14662/1639 7021/14816/1739 7022/14818/1799 6949/14664/1720
f 7021/14816/1739 7023/14820/1812 7024/14822/1801 7022/14818/1799
f 7023/14820/1812 7025/14824/1810 7026/14826/1803 7024/14822/1801
f 7025/14824/1810 7027/14828/1811 7028/14830/1805 7026/14826/1803
f 7027/14828/1811 7019/14812/1728 7020/14814/1730 7028/14830/1805
f 7016/14806/1817 7013/14800/1816 7014/14802/1815 7015/14804/1814
f 7018/14810/1818 7016/14806/1817 7015/14804/1814 7017/14808/1813
f 7010/14794/1668 7018/14810/1818 7017/14808/1813 7009/14792/1690
f 7012/14798/1729 7020/14814/1730 7019/14812/1728 7011/14796/1727
f 7013/14800/1816 7012/14798/1729 7011/14796/1727 7014/14802/1815
f 6907/14551/1669 7010/14794/1668 7009/14792/1690 6905/14543/1827
f 7037/14853/1644 7030/14834/1644 7029/14832/1723 7036/14851/1707
f 6818/14326/1624 7034/14847/1624 7035/14849/1403 6819/14328/1403
f 7034/14847/1624 7032/14839/1833 7031/14837/1654 7035/14849/1403
f 6997/14768/1644 7037/14853/1644 7036/14851/1707 6998/14770/1665
f 6891/14513/1652 7039/14860/1708 7038/14855/1823 6892/14515/1762
f 7042/14868/1543 7038/14856/1823 7040/14863/1830 7041/14866/1625
f 6827/14349/1543 7042/14868/1543 7041/14866/1625 6828/14351/1626
f 7043/14871/1822 7046/14882/1821 7048/14887/1829 7044/14875/1828
f 6841/14389/1631 7051/14894/1631 7052/14896/1624 6842/14391/1624
f 7051/14894/1631 7048/14888/1829 7047/14885/1832 7052/14896/1624
f 7050/14892/1626 7045/14879/1831 7044/14876/1828 7049/14890/1630
f 6839/14385/1626 7050/14892/1626 7049/14890/1630 6840/14387/1630
f 7045/14880/1831 7040/14864/1830 7039/14861/1708 7043/14872/1822
f 7032/14840/1833 7047/14885/1832 7046/14883/1821 7033/14845/1724
f 6751/14187/1453 6792/14267/1452 6667/13972/1835 6605/13820/1834
